GT,Result
113009 114561 363678 22259 245727 7443 258306 756783 474570 520735 ,113009 22259 245727 258306 474570 340622 474655 161584 143548 688063 
947172 392609 670847 340292 498972 500695 114797 393158 941114 360457 ,947172 392609 340292 498972 114797 915425 969757 601758 187699 524547 
35647 619930 9556 533051 766066 48142 695329 567941 9570 461003 ,9556 9570 357045 490637 395715 9787 597843 761545 499177 380217 
447472 446270 446623 787948 767846 445887 800814 445241 446194 445454 ,445887 446077 446147 447289 445841 445976 446143 447033 445783 445242 
901897 705937 586365 535585 605445 463537 489672 11327 918216 461941 ,586365 489672 164383 563169 555730 386503 436640 419573 973732 780220 
667651 667701 559418 645029 559285 558965 559294 644086 559289 448253 ,559294 559289 43440 448128 448261 667449 814725 559139 906707 667646 
960275 634816 633116 388638 122999 901005 558987 388957 39246 38289 ,633116 388638 918925 5928 38212 660155 989198 898390 39439 658913 
71535 63688 46901 46951 72068 755026 285888 805098 34444 152611 ,71535 63688 46951 755026 285888 152611 755011 517763 26267 299496 
670579 668767 668514 461239 978713 978936 460253 733052 795766 867396 ,670579 461239 460253 733052 795766 595641 796127 377108 17877 124345 
924211 545400 926525 957553 918921 223943 142280 99172 940907 102317 ,781542 36346 36546 986563 582052 645381 594030 947274 911657 297955 
6321 6413 5989 7094 439221 694080 590708 682414 989396 512491 ,682414 989396 512491 151890 518559 574046 889767 276987 140118 437995 
103864 103793 602677 436863 746541 103801 435988 437464 562110 602785 ,103793 602677 436863 746541 435988 437464 562110 602785 565310 562202 
942737 948841 948977 151143 948529 455590 469592 469523 724036 79992 ,948977 948529 469592 79992 470716 634513 78133 295159 322102 105200 
948381 948062 942713 941274 761543 710333 214013 661085 760791 416402 ,948062 554780 213254 361427 779975 342930 76683 683740 347180 630963 
117755 116763 52491 53642 53667 244712 922721 52573 878156 159369 ,116763 52491 53667 244712 52573 878156 922703 267544 878811 342386 
448667 57922 699496 906834 204614 268892 277568 483587 226993 753746 ,483587 226993 753746 272308 193492 753861 711790 192727 271543 476181 
521864 509399 91507 511338 348283 917854 151818 815670 921034 877032 ,521864 509399 91507 151818 58 995807 79 921888 366797 94260 
116889 927058 948483 275624 627444 927727 668960 354888 208789 61199 ,116889 927058 627444 869024 117413 928292 915657 75131 393055 282125 
932085 934876 561813 708177 706771 435345 701258 455537 36538 562594 ,435345 843384 480497 701919 4009 102903 732473 569837 374617 398306 
704829 704303 139738 878306 778549 550019 440439 664678 209645 647388 ,878306 440439 209645 884633 778952 62594 972440 212817 550523 463879 
87939 628989 998080 969854 113295 288675 44626 44143 234810 681975 ,87939 628989 969854 288675 234810 681975 201410 265688 138537 464233 
626065 626266 257317 124467 422840 734831 152570 180242 668799 156823 ,626266 257317 422840 152570 180242 917435 92946 969550 134028 474687 
934684 934934 780344 695532 483884 962 736632 733216 130609 419499 ,962 854329 854607 468347 968584 282206 496056 630190 100823 239647 
664388 534029 199679 278495 372680 485838 625258 116187 666592 453673 ,534029 199679 485838 453673 820342 141385 19849 333487 753336 324027 
829618 980639 830297 829147 839363 990073 830083 831787 980025 941101 ,941101 974413 857602 103820 851662 509039 839547 948354 541424 909422 
72191 555829 126852 633558 85027 93503 20408 10309 88370 454850 ,72191 555829 633558 20408 10309 88370 454850 571337 839119 391291 
973602 973651 480449 540575 808480 550816 606296 973533 880240 808617 ,973602 973651 480449 540575 808480 606296 973533 880240 808617 670995 
491198 859954 355136 549350 725693 711757 294268 197131 275947 711921 ,859954 355136 275947 91642 6508 525664 366715 464921 384957 528527 
751314 963263 667686 952959 28076 946786 838619 946572 404900 622739 ,751314 838619 946572 404900 622739 963168 469406 158521 990412 136485 
452817 467317 424561 534279 531166 181800 459631 182025 458586 532861 ,424561 534279 181800 459631 305154 554852 528881 490340 419930 397491 
25930 86276 825742 784962 86628 726530 68806 486268 825538 502460 ,825742 784962 86628 535015 88034 615283 663179 247260 95613 516950 
546787 546966 546715 89631 261625 782116 686149 883723 684612 292924 ,546966 546715 89631 261625 686149 684612 809749 589642 673543 673828 
971613 971447 438753 439026 514471 91672 833654 594303 662310 430219 ,971613 971447 438753 439026 662310 225875 198509 594320 77755 694703 
963152 971235 6618 865282 601853 55363 914249 117930 801526 504083 ,963152 601853 801526 533926 472519 686740 476753 252798 536632 790089 
96855 97309 146305 147155 109094 107795 138189 619287 125531 130229 ,146305 147155 107795 130229 116022 128539 576643 224692 265479 127966 
997611 165451 788569 1712 572272 489902 219560 979990 906459 612314 ,906459 251335 570502 605254 906212 361958 981707 774432 645625 661600 
970139 396965 151511 363576 215648 94907 71622 363755 517282 558349 ,94907 517282 903066 499793 524970 187906 51053 215683 430600 525036 
933158 932249 932930 934855 207031 122776 684581 246327 485097 13427 ,933158 932249 934855 684581 684586 242004 71913 503999 522113 809093 
878202 627145 626551 438931 877899 194582 273398 226837 961460 541896 ,338924 227023 772838 271858 405649 13590 868178 367731 282285 474984 
758815 757954 970357 758382 758567 757931 757826 758452 596097 969477 ,970357 758382 758567 596097 969477 758012 757876 757462 374239 759452 
139479 363105 987286 58641 994046 305960 111709 412969 79707 909469 ,987286 58641 305960 574905 421607 281612 623598 488778 364817 422337 
231836 351946 234341 340471 292402 54763 79841 353614 363440 151822 ,231836 340471 79841 363440 151822 281564 262094 252066 434462 261523 
397368 60946 663212 542496 748474 663050 778461 441003 397726 168601 ,397368 60946 663212 663050 397726 683274 521559 16122 401344 685188 
955507 105503 638421 657177 850619 638332 207697 909187 105645 909661 ,839476 674420 559725 100941 656821 560292 789281 831910 675803 831356 
960577 920399 28001 629072 538283 117745 885540 781983 595008 416516 ,538283 647725 371807 306792 756087 141929 604425 979054 954675 824343 
332504 179531 179959 630548 121773 180399 121714 313174 450074 648318 ,179959 648318 998207 588537 377698 679402 847172 345824 739264 349884 
536861 571555 611811 604589 124279 37927 721965 93814 304614 747378 ,536861 571555 604589 721965 304614 747378 188728 304067 403649 403303 
468032 854890 239426 154875 436451 415512 783947 863253 301700 459273 ,468032 415512 783947 459273 412178 755013 899247 770115 912281 800430 
762869 736108 762675 20976 108754 374041 291395 21038 374331 843769 ,20976 142292 296062 489625 133303 263885 498511 661226 848491 169388 
455075 728269 463063 728811 932561 259960 916085 503407 224205 101495 ,455075 728269 463063 728811 932561 259960 916085 224205 473471 324347 
913165 284271 283526 517600 385488 702150 244368 218238 171012 408703 ,913165 284271 283526 385488 244368 171012 288311 385749 517557 54970 
753969 753819 754732 968555 419474 754490 399312 754356 286660 205412 ,753969 753819 754490 754356 288064 419517 253010 287657 498331 76824 
774434 612316 794982 373991 620828 672711 997322 535742 759854 593870 ,612316 593870 24442 144918 132184 658083 828410 145478 875981 158991 
960278 836166 618659 224880 2430 670056 200945 265223 267745 823419 ,224880 823419 390842 511411 480731 928724 678189 123147 206284 72750 
755978 982628 982596 359227 828077 26946 470346 570133 218677 667214 ,359227 470346 255326 667278 756038 299193 705197 966649 843149 26362 
226717 989217 989078 225298 977771 42270 783112 460285 186610 622826 ,226717 989078 225298 460285 210135 225611 963962 418936 897908 766414 
755922 991850 756558 755980 974938 993207 975097 992324 755312 756098 ,992324 974679 810226 830105 795007 940856 850102 373727 993456 855305 
704367 618455 484513 258860 787584 565797 618110 823939 703423 993498 ,618455 258860 618110 69715 762012 160124 664980 922602 877886 565689 
956988 495002 332600 165955 670460 204006 163687 578894 504269 86076 ,332600 670460 204006 163687 578894 504269 580964 204503 583125 606468 
714313 378019 991868 83342 979214 378428 593165 555368 500672 107679 ,714313 378019 991868 83342 979214 593165 500672 107679 82715 82806 
542613 629831 224187 62267 937680 343264 223844 936067 347518 8498 ,542613 343264 223844 8498 93395 731001 9195 484353 839929 543149 
758919 759649 831938 374265 830519 831638 374557 667703 830499 760665 ,758919 759649 831938 374265 830519 831638 374557 667703 830499 760665 
26866 638855 639290 25946 25884 610877 855907 149688 610854 375421 ,26866 855907 149688 375421 612280 638923 576998 611042 414393 660855 
244395 782218 822328 30916 798223 994453 983967 798006 80061 485051 ,244395 822328 80061 656479 481311 688278 430699 441566 782485 200168 
501296 164454 289110 701801 434311 666652 174693 336158 195543 383754 ,164454 701801 714295 433201 467508 459466 231836 356409 214158 464922 
757577 553902 554347 554575 388624 833825 957239 157268 218666 758714 ,553902 554575 957239 834958 388204 107031 829208 946708 374236 556925 
103334 235388 208303 854206 144002 567417 145012 114804 845442 795431 ,235388 854206 567417 145012 795431 758872 685087 64252 913970 880940 
410168 37695 444831 445521 826705 880927 895472 640816 782444 985761 ,895336 807423 889899 807567 43950 754435 58259 920635 807458 894366 
699339 113801 593939 339137 662750 337880 634574 454276 81561 45771 ,59730 163160 850314 42195 55494 560965 68421 437455 834781 549388 
375033 374730 375481 978928 617434 978799 909497 756323 493651 269584 ,375033 375481 978799 909497 756323 869709 150601 67507 375434 297230 
350607 336990 336769 633611 336732 430726 322042 9457 337409 740359 ,350607 336769 336732 430726 9457 740359 599795 635855 429999 833758 
820800 484636 51198 637927 643835 261026 779896 90475 808328 250639 ,820800 51198 779896 90475 808328 906932 68287 222811 476383 584614 
387925 11492 89158 138628 883705 617188 978089 554233 554297 346531 ,978089 313835 13378 847855 320555 688181 702786 910039 259479 97734 
85076 86080 862782 740553 943355 7863 60940 862871 735632 955645 ,85076 86080 740553 943355 870948 19022 833406 841931 486698 955611 
819280 946458 888636 765713 783043 765997 911387 616682 808946 995322 ,946458 888636 765713 765997 911387 616682 995322 758062 675549 675748 
233306 497156 254184 908166 458336 497752 606955 503179 794729 151836 ,254184 908166 458336 794729 151836 227322 152126 447891 132218 574280 
677965 67848 890711 225860 662460 251695 599893 645241 226480 253009 ,677965 890711 662460 251695 599893 253009 585510 893289 239098 932981 
517771 687796 236144 532566 219325 930444 850526 897387 688934 835891 ,517771 687796 930444 308011 85876 491820 732406 797835 833673 12681 
690989 195806 274622 691324 68590 351523 54324 65983 464162 997861 ,690989 274622 195806 68590 54324 65983 997861 394670 228592 54222 
827603 817307 911291 95620 445922 296363 487535 223730 453883 446219 ,827603 911291 445922 603009 588851 496756 535556 911865 423155 983597 
151250 487833 814664 982472 815437 426597 818477 29939 100182 526064 ,426597 151445 815329 815286 108248 815506 815404 815262 708753 478922 
121528 24178 163781 582764 527562 693858 990431 773133 833079 739964 ,121528 693858 739964 248887 528251 526841 105682 249508 458920 453898 
622356 437351 359175 886734 748362 13206 425717 425721 816864 664101 ,142092 247001 386808 259005 516063 838624 142467 907868 903940 65352 
373765 447484 445774 447210 447877 446963 445120 447776 445459 447699 ,446347 768284 824683 447615 666792 443084 666739 685321 541395 448175 
731277 994748 992785 869854 369702 67696 925586 665176 367460 412302 ,994748 869854 369702 67696 925586 665176 367460 412302 683307 271488 
164350 355587 812491 567418 908929 854636 377915 783217 846766 398898 ,377915 109072 60349 206221 270499 374887 854337 159057 919155 749435 
732897 935329 510654 437504 859519 160173 64326 138645 380021 942737 ,732897 437504 859519 138645 380021 625684 139311 605537 809526 98813 
445968 5930 445456 5358 496494 893742 620247 389751 882789 187751 ,5358 882789 187751 445174 941031 53702 773848 881953 188163 447281 
657632 569886 569974 7539 756450 638704 667057 666981 877699 756167 ,569886 756167 569728 900332 638687 977455 900533 450623 896717 673130 
568550 369290 656436 92394 657099 215329 682180 504002 140786 337477 ,115611 526292 91375 761174 234343 77012 87584 69917 722914 964815 
446807 446615 446101 446733 445614 446254 446699 446275 447025 447222 ,446615 446295 447793 446869 447496 445849 831883 446597 373825 594219 
834118 204334 36125 480293 889725 929304 841312 406675 997335 487130 ,929304 100329 761208 645381 202078 183362 37555 868539 51639 16108 
771484 101689 45569 429679 429251 9006 401335 912208 80259 572338 ,771484 80259 771785 813160 420458 429523 44574 657329 26531 732919 
471966 412113 645127 734805 862428 637603 453128 474425 763461 970033 ,645127 637603 916593 172397 41107 779016 678142 16714 279047 674105 
526618 79638 824857 719508 406515 743837 169094 615739 615553 305207 ,79638 824857 719508 743837 615739 151549 168545 151377 521962 76792 
575777 833269 798845 199230 278046 593674 833433 860127 320478 496512 ,833269 199230 278046 320478 861031 252324 834699 349378 347661 492774 
168518 615003 323197 58912 23590 158206 990796 716527 388472 82854 ,108247 29994 723495 859341 126645 380729 294141 567738 667897 614894 
49340 288840 639005 759097 702490 637353 121828 428773 756320 637027 ,702490 428773 48357 49039 759711 592012 523532 41895 767352 765403 
351204 614890 973788 336862 337368 336783 80622 337996 685057 337457 ,614890 336862 337368 337457 505392 21447 502320 686649 181137 233080 
777043 777011 727370 777253 785444 713640 713092 95616 906351 522634 ,777011 713092 906351 522634 81831 271368 96277 989548 785495 525404 
360869 852309 118650 476123 250591 371467 626461 144762 23203 449025 ,852309 118650 476123 250591 144762 683865 693456 160409 117013 479280 
941312 948034 508221 801009 550774 293748 659085 797590 801053 763563 ,948034 508221 312095 828464 722192 954082 165618 821225 679400 399003 
439233 437158 856925 819726 577299 144483 278134 159686 855478 449513 ,819726 577299 144483 278134 159686 855478 961754 126732 818489 93737 
666384 666138 214321 676511 176547 175644 677202 369307 638960 639005 ,48957 468453 208378 883967 217524 428773 450838 33056 756290 617720 
472788 927772 890591 918420 138236 964223 473590 198906 996873 642090 ,964223 452027 889682 669393 898045 48160 669031 166535 864046 802941 
344514 314054 317832 327292 357769 157267 316738 356193 939612 402034 ,848092 193303 403172 154224 843214 328125 751309 927119 377796 375487 
301144 497312 128632 891802 24655 545458 24207 255973 190591 321665 ,301144 497312 128632 545458 255973 190591 364179 196818 631123 491024 
311340 731289 988363 302030 987290 947809 542676 246940 730900 791224 ,302030 949702 793491 891813 25208 927823 646485 485702 157925 398365 
778382 814306 638111 869294 897569 641648 536123 536160 54229 536095 ,869762 814359 906099 655000 906481 23693 826528 680431 56604 819010 
765111 615106 151256 560359 130935 636698 142341 614885 160830 780119 ,765111 615106 151256 560359 130935 636698 142341 614885 160830 780119 
778131 574538 574088 248587 431007 566057 565970 647160 526281 959788 ,574538 179778 382878 412027 294061 556312 684056 742141 810524 574275 
96918 982843 983155 306382 982664 984646 773736 61588 115650 94375 ,96918 61588 59479 68570 690771 91973 784881 94325 186290 806086 
695429 823300 812881 54926 696478 887930 190124 500254 872311 467665 ,695429 823300 696478 500254 467665 410526 824089 641935 558847 807712 
349088 236189 929551 169916 346943 573850 724723 724726 761501 508996 ,236189 169916 574614 392225 724880 80507 725479 466945 235341 457024 
571738 57002 606279 804486 6361 207215 467381 414415 221631 887285 ,804486 545022 554588 741690 935862 638971 571503 804417 410261 476590 
422718 122712 33404 122766 542505 422838 210958 766303 422846 542722 ,422718 122712 608057 763719 423138 648153 816604 366400 912365 994519 
445816 219796 677733 948516 445042 299731 998770 333614 802150 736248 ,445816 333614 774586 949929 833844 132487 859912 774683 872881 407604 
756172 674486 989894 794028 992248 672153 991675 673098 993322 672146 ,756172 674486 989894 992248 991675 673098 993322 954660 993227 976050 
349977 346305 363074 838954 348310 594400 356771 659970 838811 660153 ,349977 346305 363074 838954 348310 594400 356771 659970 838811 660153 
303919 122877 71153 362989 920939 870573 921438 686234 57395 247815 ,303919 122877 870573 921438 686234 320838 8322 862516 901594 45411 
893780 932613 406764 853088 811149 406805 10106 401967 193560 272376 ,406805 10106 812859 606687 546593 791274 193541 854180 359621 453363 
630580 319589 138603 154743 154784 628965 149728 155943 720207 229681 ,138603 154743 628965 149728 229681 167281 629473 679841 679443 354441 
227431 237547 227781 315195 607607 237133 503179 608178 96282 227900 ,756515 497752 497803 218367 57258 308905 601224 303080 279777 981025 
349731 84211 85642 469972 51009 362729 6471 55077 51015 755084 ,349731 85642 362729 6471 51015 755084 501046 896832 46024 499057 
786973 840196 449109 186572 793915 764540 722406 715685 718752 559386 ,786973 840196 186572 718752 559386 999446 840423 764931 834044 220356 
833314 441237 198826 277642 522144 227130 3269 441222 3512 561074 ,441237 3269 879723 236537 671025 512073 668602 553107 920308 668287 
511243 907620 872108 511185 419543 524793 524945 511702 660396 224865 ,511243 511185 511702 660396 429745 68992 906246 174758 911751 199839 
950161 326705 951149 355670 310780 799754 696390 329814 800085 893060 ,950161 326705 951149 355670 310780 799754 893060 356909 872083 714992 
675265 77741 526582 674419 514902 105642 114564 306290 291908 630878 ,77741 526582 514902 105642 114564 306290 291908 630878 79038 291973 
192042 74392 211796 687214 785170 404887 74758 247155 66982 247070 ,74392 785253 319838 171968 535056 765471 259388 212148 167218 75983 
233734 465409 322758 610537 890859 166203 280605 589060 570036 863218 ,322758 166203 280605 589060 570036 567247 588212 863260 293104 160899 
151467 151383 905946 826746 893405 826726 151400 151345 49254 716345 ,151383 667489 766887 736498 913313 814174 814215 49103 715357 546739 
580671 423021 266341 422951 608925 200371 264649 969682 749577 337653 ,749577 609444 182313 992803 5850 662921 350427 22917 61253 422864 
69853 178700 62792 553120 664505 713926 70692 711571 424066 811222 ,67539 505878 795377 911091 711484 822089 631453 159133 218190 494065 
797820 495498 59633 571575 60903 560238 969491 667722 863393 861126 ,797820 59633 571575 60903 969491 667722 861126 689981 187457 571593 
422869 351309 445886 445598 44495 278869 105385 353549 771930 40188 ,776996 662747 337313 516632 100333 306395 279184 716697 663404 664432 
218435 698138 878551 347388 942850 776443 344222 244894 241357 304048 ,347388 942850 304048 727624 280256 737953 583695 135140 201384 265662 
818602 823552 363372 889057 426620 487394 566261 566259 63657 637197 ,363372 889057 487394 566259 104851 60260 496657 636849 187771 636834 
60601 61122 812870 875033 538879 63771 538789 703694 566650 153818 ,812870 875033 538879 63771 703694 153818 376692 529949 531185 277507 
451774 604685 435541 951622 508723 498511 810962 481453 310650 622387 ,604685 951622 498511 810962 481453 622387 527262 823828 958305 731904 
399613 864233 400132 190815 667214 766392 343544 610536 863389 399911 ,343544 610536 863389 611529 143050 217151 579385 610529 944537 618218 
432083 512911 922999 521870 521990 895271 921717 512145 732452 554284 ,732452 156485 921821 187556 324581 269832 678077 230067 841932 851193 
531217 995087 662650 658144 662610 85663 255165 481149 110554 152426 ,995087 662650 658144 85663 255165 481149 110554 152426 658134 336713 
667799 545137 726899 671794 669517 608822 317353 915526 899088 954194 ,545137 888597 916538 915592 308504 876918 846178 864098 569097 68959 
359241 936757 514987 515724 694635 66189 678893 695057 62400 250475 ,66189 15549 870265 508764 782616 752480 535338 95564 782224 863316 
97565 97886 261268 323934 538704 76763 941950 574799 2711 977700 ,261268 76763 941950 311926 77576 79940 976754 96707 433779 893664 
418130 247236 222355 222473 768499 417817 907305 539630 145798 9203 ,418130 247236 222473 417817 539630 145798 161745 826819 357357 912487 
766779 890629 766667 974424 892149 765370 821855 890214 767328 639852 ,766779 766667 974424 892149 765370 821855 890214 767328 639852 765312 
845737 995194 232666 377249 524613 121915 994743 915491 681740 390130 ,232666 994743 681740 660691 397841 928512 730549 473250 684236 263101 
135245 975605 869094 741289 134878 480812 93751 174463 686704 883450 ,869094 480812 174463 738774 136910 798391 471607 93226 738120 125005 
577429 799046 462483 455503 273822 142890 337989 181248 181639 71893 ,577429 462483 273822 142890 131627 669607 977190 353949 132146 585463 
641148 648912 126185 880306 682783 327360 215458 945038 682749 616979 ,126185 880306 327360 945038 616979 344120 979972 477798 389174 868190 
214548 887292 887235 781444 706173 460844 116618 460659 506434 764349 ,781444 706173 460659 395893 171061 69079 752412 612895 519746 764628 
207783 446007 572491 444836 858604 668814 736821 733796 847028 922629 ,207783 446007 572491 444836 858604 847028 922629 886645 742971 682198 
367544 368092 226424 371013 370006 306126 20814 490842 258816 91636 ,258816 524791 549433 140995 538672 531499 679417 258138 830422 186176 
131595 929537 957018 842037 420744 227799 386862 929676 390207 890768 ,572804 937955 363187 882959 78235 540545 319886 472276 874253 637657 
737734 770673 742872 791041 770884 187632 837625 807457 891811 737133 ,737734 742872 807457 742910 650885 807421 506748 564801 188461 670989 
225211 320994 286372 226984 3512 856642 393193 3269 618273 618056 ,225211 3269 618273 393882 999624 522144 957569 843523 374414 253367 
115721 133139 790655 133235 639757 394720 165155 849218 43486 847801 ,847801 622658 412919 676197 133756 168122 119351 970851 609583 336217 
368515 367863 595354 474637 637763 202482 266760 519867 398080 708684 ,595354 708684 664841 421465 744573 499330 289529 693477 503119 553548 
839699 855015 544717 646113 584264 762065 839770 503210 892567 762088 ,544717 762088 994460 674855 994655 994671 763713 785364 457243 265373 
761544 554216 555603 401498 823781 326278 398069 489665 555203 532004 ,157124 466344 798750 797038 255092 296464 798447 680791 416614 784958 
94022 92907 310514 311094 431001 157679 948639 194388 273204 839707 ,94022 92907 948639 273204 140473 488284 243449 246805 62118 916731 
860013 746867 802957 795785 450022 675165 867159 746039 958827 840072 ,860013 746867 746039 958827 667746 762841 668219 511148 617884 880068 
233049 666132 665484 661715 662453 661124 902839 233528 607012 233010 ,665484 902839 233528 607012 233010 902286 426870 280077 566767 294061 
427212 419942 415958 350845 520152 719326 730055 590497 221991 483752 ,415958 221991 483752 427121 411117 410915 228561 528951 261999 409864 
66910 67361 224880 125811 645199 487015 574069 500573 527051 514514 ,66910 224880 500573 527051 709121 659362 133575 766714 852146 965215 
114957 70144 524441 69389 481387 74103 671412 75057 529649 477710 ,114957 70144 69389 74103 75057 668728 861166 474883 49788 707618 
726641 728443 690640 67150 474117 726852 75280 869696 861585 551515 ,869696 861585 861610 240006 128982 394526 129298 869600 240221 594245 
846644 857280 851955 851523 846026 846328 101871 857758 102408 886005 ,846644 851523 846328 857758 852055 856586 102307 852120 103867 846595 
660779 990460 142231 665185 985707 535558 535844 494617 618310 95967 ,990460 142231 535558 477452 868722 302776 57134 233815 541835 531534 
418450 770215 458062 6974 452195 418142 295124 872594 808095 28400 ,418450 6974 452195 418142 551456 608187 248734 112961 983227 762798 
190953 758093 758407 190928 851354 952347 190973 785818 851016 190618 ,190973 785818 190618 760361 851223 833455 760046 762625 755509 834746 
474657 376598 402031 800510 378172 720772 398133 475588 475466 42158 ,402031 681211 403187 403191 106886 783973 928727 471028 801727 381543 
138404 148571 350115 40880 349967 734538 362939 580925 534605 146589 ,350115 40880 362939 534605 146589 525830 284692 834720 701850 931499 
703747 551277 491252 635668 629106 719164 522793 678476 263780 550574 ,551277 635668 550574 635793 323130 390237 621631 543468 706684 535823 
890243 889778 349234 889631 605729 365131 782 878852 440748 986328 ,438921 335614 131924 226873 582777 886641 597593 992064 488757 86216 
424713 767796 580622 810028 619863 767761 834986 31774 212968 250689 ,424713 767796 810028 767761 31774 881455 834454 885934 628897 424806 
426610 5909 531611 796230 6353 787259 364064 610061 145811 428781 ,426610 531611 6353 145811 428781 429891 337272 159960 616717 175236 
914347 561168 753375 842469 326834 909629 662266 631975 818837 703414 ,842469 326834 662266 818837 931966 208692 832223 507235 450165 233156 
545061 619212 563148 36296 746162 224584 842401 561976 867739 36191 ,545061 563148 746162 842401 561976 36191 842647 706587 939378 540520 
706162 410242 754576 200817 265095 706561 519001 285114 735719 628201 ,706162 410242 628201 735258 367065 297015 747473 328289 612151 239483 
500263 964909 499069 396908 529684 529861 589348 175434 911299 432375 ,964909 529684 529861 589348 77305 368025 811898 615106 336715 826275 
187985 317605 385095 189312 381496 674288 700925 406652 850355 521075 ,187985 674288 850355 539165 996322 541926 210303 442689 756496 559480 
9981 290524 9785 878064 61887 864229 886996 989232 877765 813220 ,9785 187852 258751 14162 406249 407138 538327 916040 425630 793787 
342276 154795 635982 136689 190362 82332 463144 230156 507943 87028 ,136689 463144 507943 363020 351719 77692 686405 195946 339639 230803 
511539 632299 78854 632155 851765 507668 569566 511327 278042 696123 ,511539 78854 507668 569566 511327 826223 371194 433390 417992 826243 
305419 696177 616088 851850 615757 806875 549501 191966 135704 340848 ,851850 549501 696141 221357 546370 510734 267174 172353 335498 565008 
883519 766246 603814 608192 603737 858882 608708 390646 663975 867835 ,766246 603814 603737 858882 663975 867835 733419 603822 878543 405045 
853614 883183 795713 849557 682311 836965 929756 769858 181490 141352 ,853614 836965 929756 769858 227379 931151 931568 776602 543439 929378 
605612 71433 71755 717391 235664 415953 233049 343012 279505 357531 ,71433 343012 357531 279447 279932 365913 292917 306910 188056 659887 
865243 369747 706520 111114 260974 244133 224508 369433 557948 304573 ,865243 706520 933682 205240 962413 688781 403544 836829 881372 690195 
513308 685936 512785 61276 226093 532818 695650 157769 76231 987544 ,513308 685936 226093 695650 157769 182310 171988 707741 523556 66671 
101444 941196 943658 794035 994690 667239 667205 878036 651879 667184 ,101444 994690 667239 878036 651879 667184 279369 994932 641481 706784 
45203 45753 694318 730761 24382 60223 788179 530264 529728 33598 ,60223 160284 753231 953669 604564 591708 385404 351179 201977 155476 
205420 269698 589387 780794 739013 845189 226196 226162 224331 196169 ,870757 863238 277891 72609 277164 862981 573105 266756 836537 277451 
921432 460761 434635 91858 87480 973963 954646 524554 490673 974384 ,921432 460761 434635 91858 973963 87045 546372 695826 287271 16793 
698922 609255 609192 256374 369261 324723 57835 654710 636968 24356 ,698922 256374 369261 57835 654710 636968 24356 655760 525630 323508 
518248 722967 603235 832007 517708 473178 91652 95887 603350 473031 ,603235 95887 473031 280333 735207 520516 270635 107055 315732 431868 
730772 500117 931622 495451 607345 974242 465430 366580 181589 720356 ,500117 931622 607345 974242 465430 181589 720356 521926 465207 522320 
835363 836248 835509 836424 835158 835985 834255 836104 836330 835045 ,835509 835985 836330 835045 836433 835680 835533 836264 835174 835973 
831430 834176 834619 834329 834255 834023 836264 836496 832159 134809 ,834176 834619 834023 836264 832159 134809 834116 836732 834806 567281 
261688 293809 120859 172202 364606 184047 18018 613484 596566 917317 ,293809 120859 364606 596566 636630 7477 511360 927880 928680 917568 
30046 30174 569506 662844 720199 430429 30020 396899 663149 830709 ,30046 569506 662844 430429 663149 830709 546665 352032 321789 603117 
141565 978375 334090 177465 760476 287568 403912 344547 312627 163639 ,141565 334090 760476 287568 312627 145978 568759 903213 608901 419281 
407746 817579 837491 340042 544297 585100 544419 838432 648622 161442 ,407746 837491 544297 648622 837380 546818 980804 258311 103429 113687 
52390 55632 56307 592648 53459 899874 291378 469802 323773 142412 ,52390 55632 56307 899874 291378 323773 142412 56289 459121 901476 
551329 386560 96787 15922 406656 390784 511434 390565 598937 741238 ,15922 406656 390565 598937 772982 981019 263772 623277 514905 748885 
725380 953570 256095 990252 256112 618238 725282 140741 953624 141315 ,256112 953624 432896 145403 142808 612973 618338 836293 372342 238344 
313328 356906 359179 755431 554107 167423 96297 957231 916453 238719 ,676172 572444 676000 676748 820263 755652 70591 337707 984857 776004 
629487 158881 599413 599595 654119 791705 640933 650745 599436 69652 ,654119 791705 384391 384453 911371 718721 640974 437170 826729 855468 
721286 977668 504645 960207 855738 593774 23357 111112 871130 792424 ,721286 504645 960207 58591 222390 425938 15323 140675 561186 19865 
711396 509808 204995 269273 477064 433940 883882 371785 633693 477091 ,204995 371785 387614 309186 205198 310214 278449 378243 412606 268631 
70296 826031 72452 919805 658939 104476 957805 103218 985658 958075 ,72452 919805 658939 957805 103218 985658 958075 226257 69480 818885 
786330 513637 455453 935260 108204 450497 449641 2525 387794 386220 ,513637 455453 935260 449641 387794 428906 178273 916988 30493 665873 
461921 201951 266229 188768 658143 416755 188771 149570 681742 106667 ,188768 416755 523664 842522 7839 456195 462996 455692 930719 857268 
650228 25525 837162 953304 650238 836794 650366 905908 25183 773072 ,650228 25525 650238 836794 905908 25183 773072 814482 774970 770811 
894959 894729 996110 996275 443228 301973 303724 538198 443199 810578 ,41812 996180 997675 45571 883569 584346 661676 717998 717042 99393 
311228 809444 351921 400338 763627 21283 233397 404221 247885 195072 ,30569 763290 438855 430755 698770 360682 903803 713622 684599 707560 
474924 421801 479124 881571 437773 979620 374204 770132 222166 809970 ,474924 421801 479124 979620 222166 411705 310393 193138 810417 766199 
673994 445171 674610 674007 673621 616454 423442 674136 673745 994951 ,673994 445171 674610 674007 673621 616454 423442 674136 673745 994951 
588549 586284 637945 5129 732221 219695 231382 5768 947767 3087 ,805144 390724 982369 574614 417590 973184 822356 704903 220806 21914 
761104 317441 28230 26989 787991 374763 235017 315508 872683 647481 ,761104 317441 28230 787991 374763 235017 315508 872683 647481 857354 
20061 21628 34288 487464 650533 514562 517456 517062 467337 665117 ,517456 467337 372395 586221 160235 169503 935229 912440 937821 251917 
542518 542466 848065 824020 846825 807952 443163 854627 667854 885888 ,848065 854627 667854 885888 886322 850923 545460 851241 560943 855590 
393067 485409 222437 935433 868575 978617 834368 980817 702629 830772 ,376613 865832 518150 160163 753842 594472 920361 112138 937722 359140 
66953 564852 253802 112377 954104 531716 540221 203365 267643 953916 ,564852 253802 112377 540221 564812 225994 337623 224862 69298 15350 
412022 685463 258767 396105 178654 608318 688433 175022 668593 457581 ,412022 178654 175022 411820 174815 937204 335814 964961 593903 369686 
991286 129043 612000 96524 577016 990801 250556 923447 258598 327105 ,96524 577016 990801 250556 923447 258598 327105 980732 819614 479734 
990461 235277 235026 245053 990880 235825 699156 960520 123667 309812 ,699156 228274 342056 432837 48378 27578 409078 345218 599954 700765 
70753 428406 19716 70082 93849 510763 751148 430699 702625 469320 ,70753 19716 70082 510763 59732 859960 485729 280899 785972 522590 
589713 227908 299051 171273 938274 228554 723871 678871 195459 274275 ,227908 171273 678871 274275 205386 453413 747630 717544 227886 745331 
421186 152047 261545 945386 718879 929334 723041 806348 680201 22487 ,421186 261545 718879 723041 806348 522258 903663 733256 738728 442261 
108507 628339 737080 96181 628153 741664 357372 231287 46509 628180 ,108507 737080 96181 628153 741664 231287 46509 745440 230520 737817 
399733 556684 562234 809135 561623 557129 564634 841578 917599 355532 ,556684 562234 557129 941010 518994 843408 562832 590914 766815 646899 
652248 779837 880425 779652 473510 892567 778157 427094 605527 113865 ,222810 740798 439692 239304 749233 211719 994655 544717 994671 976116 
530998 812051 606310 758236 82799 529563 461424 549091 152355 990887 ,606310 529563 152355 110606 678435 548384 230424 365283 180734 110608 
572021 382781 383898 475814 93603 991870 207394 774000 520212 572224 ,572021 382781 475814 93603 207394 520212 745247 508555 914621 913680 
123043 561733 18516 225830 58881 106336 879731 748375 407972 15223 ,225830 239350 879790 212120 391052 268263 399483 893347 12841 201023 
736042 248813 930518 280573 697157 930846 700869 592382 807028 671973 ,736042 930518 280573 736979 500785 511633 699223 860000 280692 243214 
532583 895957 45596 248014 319786 769979 316010 866993 934600 261694 ,532583 319786 866993 248569 531414 838642 324540 803404 640021 530020 
518131 490136 513157 766611 513223 997520 15622 619396 766495 932789 ,907883 493684 3040 921858 543341 240925 954905 962626 305941 772563 
877047 226121 936527 668583 853082 935780 571399 191403 540584 505561 ,877047 668583 853082 540584 505561 222908 919360 195043 273859 905982 
693102 921472 718214 718216 692876 916158 551662 971490 522948 916376 ,693102 921472 718214 718216 916158 971490 916376 220257 441197 269743 
381880 104292 233301 112994 860767 860428 94624 572777 350680 94756 ,112994 860767 860428 572777 761043 810970 533291 955297 532179 531339 
546059 980381 461598 812482 806577 815171 868867 663892 105496 508299 ,546059 868867 663892 508299 762962 734929 692737 993465 507286 224086 
841350 632578 841286 253313 635079 635225 832118 782460 832092 497545 ,426241 940617 843487 892126 842903 736065 841064 893101 253563 919219 
700427 656119 652278 769398 657018 656936 789512 908869 654561 718615 ,908869 218854 789321 655283 761892 765690 788106 786397 425379 104345 
977772 565073 81230 509292 256586 177312 328483 490029 36906 564593 ,977772 81230 509292 177312 490029 36906 960803 960678 506665 305858 
622142 567248 579385 331935 544829 894916 313182 400132 399613 579431 ,313182 189903 61843 238351 919588 229067 851317 399328 789731 138184 
628231 366970 597094 922717 574359 836169 332204 597150 260240 162244 ,366970 597094 574359 332204 597150 260240 747595 575565 747232 73926 
424597 553448 477378 998229 553136 45598 425736 912333 39001 546792 ,424597 553136 45598 425736 546792 50790 424591 442783 39466 53625 
262852 805550 307973 483869 579002 772234 430986 632481 329091 431454 ,262852 483869 579002 329091 306020 328485 307620 821262 227967 467538 
538861 538857 539041 538930 538893 718510 488465 842360 835815 492419 ,554981 719154 594308 719282 871406 486077 224255 842083 430036 554879 
535927 94339 112147 108787 109619 799344 122522 703566 482242 86092 ,109619 122522 535925 51283 68753 738660 174621 84857 995693 995922 
141167 861538 567055 116411 373769 145020 567146 404866 36483 360015 ,141167 861538 567055 116411 360015 117232 566917 257599 328794 191815 
517452 519722 650500 527165 519581 246423 539387 890244 484727 300131 ,539387 890244 484727 137192 100631 680770 90584 396923 888616 705702 
461487 243670 134450 990653 803846 24963 340748 302190 461033 271241 ,990653 803846 24963 340748 339446 545330 309463 369106 449459 399366 
562093 833870 833086 248426 777842 931619 564645 833818 519940 748718 ,318657 208241 390465 771437 264219 724116 775835 527378 853616 886672 
700700 293039 493444 514328 152063 327535 684707 352726 669791 302433 ,293039 514328 669791 227629 262456 331964 152776 33112 237484 127294 
210364 831065 681875 939021 541611 226930 646898 878470 145454 222280 ,541611 226930 578699 539975 147759 920560 288288 886088 216621 666181 
674684 513017 863052 499923 374512 166433 184829 201590 839658 775819 ,374512 775819 400990 374577 117345 431173 480818 109410 171995 747529 
943437 331051 951049 944426 920011 261029 230195 920466 52807 723503 ,331051 944426 922109 882782 919688 500893 609001 122960 207114 920767 
319039 697867 203169 267447 582450 204529 268807 78610 202119 697303 ,203169 268807 78610 697303 647127 478194 648341 97916 522696 379840 
322286 308336 813929 657333 656980 329999 210777 573637 526730 306512 ,813929 930520 180396 173272 798626 571766 187077 932838 972739 888765 
30531 30800 30429 144353 961439 125084 108635 664326 961154 291221 ,30800 144353 291221 18211 466612 489292 127646 884355 635314 263405 
446048 445298 445911 446678 446509 447118 446136 445502 446923 445267 ,446048 447118 447224 446341 445720 445696 446079 446899 446316 446815 
89427 611772 533407 474902 92561 734851 968397 202278 266556 531915 ,89427 202278 279717 101487 90069 828542 982026 404031 516407 404307 
650615 766400 426639 656395 703044 652679 651054 498699 186239 703076 ,650615 656395 498699 899380 714134 919177 743228 757262 278716 755921 
463000 439758 857055 312346 814895 708186 45182 153801 691766 726508 ,312346 708186 153801 726508 153064 320574 892352 341430 106097 28207 
494221 127913 447360 212741 500947 97969 999411 56651 417953 474558 ,80346 62337 51977 127470 370432 71581 609433 872330 346833 502527 
844731 984518 904596 87245 531430 466528 813642 40930 904074 966081 ,984518 814118 142452 750233 750390 454776 831411 896772 946850 281666 
448055 767743 957896 448298 995055 969962 722763 492972 802532 877616 ,969962 756659 854617 885769 790692 494890 491614 614028 445709 446535 
157603 908349 962274 58484 913130 613376 381201 911712 58422 157130 ,157603 908349 613376 911712 58422 157130 859316 614210 26712 658724 
31127 30905 553953 232384 632820 491786 635619 633123 232536 815053 ,635619 307290 635876 661595 489680 81814 255157 655555 574224 250660 
558235 53229 279939 856561 618394 691412 998846 682040 197495 276311 ,856561 618394 682040 669814 52192 56956 957318 412531 449166 296430 
424248 447883 447156 424073 445999 994080 447428 447184 446593 994352 ,424248 447883 447156 424073 445999 994080 447428 447184 446593 445945 
725197 465106 68815 306930 93759 523364 337019 628412 724840 514472 ,725197 68815 523364 337019 628412 724840 514472 903481 200564 232611 
900580 694380 482908 832498 684844 553482 995410 542108 776261 370781 ,694380 684844 553482 995410 370781 995458 614438 603060 142699 726810 
943304 842007 840260 184263 385666 930916 130137 905421 633360 844211 ,385666 633360 872493 474106 872143 838051 909090 845802 190897 845851 
912625 344590 343484 182285 631895 912538 342383 425622 11950 228983 ,344590 631895 992263 17831 656 515465 13246 709694 210418 785134 
730502 68503 339098 87369 905309 388125 175388 534460 215485 431536 ,68503 215485 431536 569043 84037 483144 343850 151606 94326 59795 
32753 803501 496847 840922 23578 383341 480179 224130 404082 288183 ,496847 288183 382999 392141 612662 832996 710274 116194 580706 706510 
693991 629299 205371 269649 712016 693958 72514 802827 385092 266721 ,712016 802827 21934 289875 322012 187179 493076 385071 820919 592482 
743362 745216 755711 733990 535455 171967 535461 228301 734089 737505 ,755522 115373 657457 755565 535005 900021 971224 950300 627964 54870 
490582 328125 125981 147325 372485 32976 584434 399772 620014 565534 ,490582 328125 125981 601194 148876 397471 619029 300307 455985 727628 
548638 616927 806556 903008 806751 428738 420270 725769 98748 653249 ,616927 98748 130945 426465 690821 475110 559615 430600 683917 422062 
88155 665706 530531 88336 700216 829491 540622 699915 89483 540620 ,88155 665706 540622 540620 485211 364575 155395 554704 157984 662665 
435674 95706 808074 585098 813374 19390 451428 518938 854422 158561 ,435674 95706 585098 321262 505690 470800 105785 370775 432178 151818 
666687 666983 666685 444635 666910 895534 611610 716873 854942 444411 ,666687 666910 646011 809410 641819 824972 444158 995858 869788 716948 
677547 78918 677089 757953 761320 784034 971839 836787 991979 849831 ,761246 848841 677634 145436 961512 614222 675780 626051 236068 674532 
521509 982591 288576 62505 813643 108228 480951 813350 77063 982672 ,521509 108228 126725 26142 252072 272832 984656 984222 419939 272309 
489143 46123 908419 919651 522552 911658 904536 906984 911482 859316 ,886000 768227 845948 851879 854355 415391 207129 768804 842090 954443 
725064 97551 449693 591532 192523 108010 345749 110429 323507 984068 ,725064 449693 591532 192523 345749 110429 984068 504780 211305 257820 
353532 322352 356304 775871 323227 177959 775492 363794 158735 471996 ,323227 993441 575185 508840 279439 313305 220213 754255 553480 809631 
475506 475666 479737 507904 535342 939408 477903 479686 441516 480019 ,475506 475666 479737 535342 939408 477903 441516 877865 341779 305 
178976 85987 712330 87038 371610 835788 679148 735344 791852 792391 ,178976 735344 972773 726416 378350 367331 875747 809549 66299 888183 
265757 428434 440917 779661 199535 278351 634208 634373 984183 398534 ,265757 428434 278351 398534 428373 188992 972645 928607 270532 62414 
644771 282877 642970 646819 283852 891757 646155 222626 21243 702564 ,644771 642970 283852 891757 222626 21243 702564 640094 640381 641264 
770270 770195 411794 421300 409651 421151 509844 474914 378751 536284 ,770195 411794 421300 509844 536284 221491 795105 478696 575757 559775 
515225 515937 511085 589691 511294 352351 355140 497357 217346 297150 ,515225 515937 511085 589691 511294 217346 299302 220974 337248 370278 
636978 322418 322184 920071 637509 306303 254156 607184 337085 292823 ,292823 246544 920159 450812 248889 640047 246695 423806 368735 254459 
340526 623339 661822 791234 357889 22080 467282 354796 30341 662742 ,340526 623339 357889 30341 659999 788655 6800 82057 426332 23970 
126164 492194 423983 681632 108500 424224 73046 967675 136576 188136 ,126164 73046 136576 188136 538389 415877 470752 404778 587702 777423 
136487 73757 584515 734664 80257 371577 76980 487461 956297 481934 ,956297 77276 681271 949780 942532 169423 800068 540835 65519 301440 
532126 532433 191431 191603 529188 668052 44666 45068 569489 576531 ,44666 576531 528639 188829 372057 223748 636405 519017 396808 279767 
637662 606965 653472 305859 606889 426565 426508 305431 451826 514125 ,606965 606889 305431 451826 523954 415431 527936 413805 158486 518996 
491784 489515 489879 494685 503685 514998 50675 793166 102144 141216 ,491784 489879 494685 503685 514998 305592 864720 490428 525460 154984 
843140 597110 207331 595328 829764 842686 226206 377759 520380 225581 ,225581 210111 931321 114963 331009 927025 482565 191430 3645 549769 
43940 44098 44149 279974 448584 600919 570325 43936 535473 742619 ,600919 535473 416699 535617 125967 250308 340167 354185 368975 50978 
205371 269649 368719 693996 480341 631662 491726 82254 548836 127076 ,205371 269649 480341 631662 587161 548603 628648 989507 268953 282206 
254047 493189 327259 384957 493233 241124 853916 528132 364480 460670 ,384957 853916 550709 125066 473603 307185 592966 125934 210431 980367 
89930 736596 248351 440452 311927 353563 6557 348427 736690 822475 ,736596 311927 348427 822475 245310 312027 518629 205559 296082 444127 
54929 975401 251685 720379 55027 239453 230130 555499 768994 356366 ,54929 975401 251685 230130 555499 768994 356366 414699 414988 80686 
480926 481386 698800 199620 838256 391697 416726 363035 466148 528911 ,698800 199620 838256 363035 362505 335528 528588 932600 698781 956846 
970005 914930 236513 910803 141981 962898 376666 971186 963925 553106 ,962898 258654 947094 187632 51834 839381 83285 653325 360426 882757 
961676 697138 971209 292 224342 375693 780830 781417 4096 298265 ,628584 628248 807142 971398 969367 868610 69341 186070 868528 521918 
441282 662420 411647 441438 867882 867829 659651 661003 225189 869187 ,411681 150738 847482 986588 201671 13456 266393 887198 118615 778906 
780694 855373 575264 20866 711187 495452 832086 418009 323482 966681 ,780694 20866 832086 418009 966681 170969 716252 621573 619676 461624 
202719 266997 680979 934278 12603 154462 726654 75839 437377 93056 ,202719 680979 12603 75839 93056 869970 716383 794288 521330 12372 
550832 622625 399366 557743 558255 295610 718289 791810 293840 824463 ,399366 273472 586790 809032 243332 557495 700470 737140 539814 175042 
631246 630766 917189 857307 917466 210308 854534 518174 917515 632087 ,632087 842449 854398 15432 828626 60866 99755 698366 864481 441071 
36994 114314 237675 810260 79878 461220 529455 262709 390153 721183 ,179595 381403 716669 548616 780288 105601 380774 800434 360171 159960 
2594 689884 51276 175673 9628 736863 736691 742639 176191 371769 ,2594 689884 51276 14653 133981 149804 737192 499615 363977 725206 
568268 568296 568889 673820 27808 568991 567978 759416 758986 567317 ,568268 567978 758986 567345 544831 832520 830195 824405 636944 839001 
994053 567186 130351 186546 567080 700758 474074 222127 567082 428692 ,567186 130351 473152 142923 683451 185915 410341 898731 370720 779551 
859193 976193 773053 610158 532122 857875 774534 973736 191980 858023 ,773053 973736 858023 847659 974677 542372 993309 103368 264459 645952 
37134 233033 541617 881797 37364 254450 543844 881197 542170 541866 ,233033 37364 254450 543844 543589 708140 541600 254452 539804 261213 
401890 402483 749597 739011 543692 391654 948173 134613 781612 941688 ,401890 749597 739011 391654 134613 224573 722052 883378 688872 705558 
561348 476435 859691 601450 461691 141514 142198 476243 743465 567525 ,141514 142198 476243 743465 141998 460904 738008 859792 598462 76125 
399119 711759 185837 515339 384067 8900 391220 598164 366435 336731 ,711759 336731 128795 170595 460385 498618 753924 689345 903077 106580 
631032 650136 673375 302219 299194 178356 894208 591088 406443 570036 ,673375 302219 178356 406443 544676 813778 610530 589460 38412 177663 
236591 982949 617861 580971 757652 760118 87584 514461 670944 158166 ,760118 514461 89600 703152 125088 180 106257 689930 286729 622052 
514814 525741 636611 678366 525408 322375 187204 62863 585385 79811 ,678366 312603 499097 186974 307139 435383 146325 912113 684145 128311 
522049 522258 522071 101714 442183 189066 141203 271808 715520 145866 ,522049 522258 522071 101714 442183 271808 715520 391848 177012 174097 
665711 666231 143392 768918 473253 834290 215541 473202 768714 143322 ,666231 163344 706015 769842 474056 474332 156638 596778 720702 684603 
281762 281458 891552 814181 462927 898705 902014 421454 414513 517347 ,281762 281458 814181 898705 57019 898938 264006 307667 303243 82017 
557858 321139 888329 99835 825001 639423 150672 59888 150746 342375 ,557858 321139 99835 150672 59888 527717 894753 917800 811742 405448 
801129 232222 946258 628010 93431 997312 336178 291467 529204 81868 ,801129 232222 628010 997312 529204 315147 895072 816839 169790 952543 
492952 409019 855564 851703 387647 540913 340428 902772 428938 683348 ,340428 428938 683348 450207 489776 978255 356100 106973 85518 804811 
186458 968214 895771 151050 5410 451270 981547 578241 980936 927197 ,5410 792435 644198 805986 660179 663355 108110 219873 440620 369432 
790102 444289 444878 770966 635115 994215 614030 612629 632649 993853 ,444878 612309 612243 445691 827956 828520 611077 818465 999325 766659 
226635 17823 928176 460385 684365 293435 459225 295385 501736 836445 ,17823 724812 517125 501977 281604 671641 670937 954341 380778 390480 
558684 823483 420858 698052 602295 91975 878189 558106 47237 373179 ,823483 420858 698052 91975 878189 558106 811208 92592 904599 83134 
403819 403564 404585 399954 459709 924383 924222 452645 452825 227563 ,924222 391358 42095 849979 43379 83272 543085 791656 680706 568021 
649667 649659 654633 650269 650791 646458 653095 615638 653400 609708 ,649667 649659 654633 650269 650791 646458 653095 615638 653400 609708 
183641 452030 132422 468648 628660 433589 628261 628155 24168 433209 ,433209 287515 807141 283706 418969 204740 132466 419356 754395 208710 
519292 744236 635187 683384 519763 740456 971724 736450 743228 931498 ,519292 519763 736450 365803 299658 534867 186483 549299 365169 132656 
377378 350814 775961 775878 297115 2470 937931 520543 676349 876182 ,937931 176399 798023 884895 797371 776363 667833 245444 343017 676600 
12731 234931 14536 179100 323382 625783 12660 725074 841501 225570 ,234931 323382 285420 670008 275695 632848 622966 748730 290377 958955 
611744 629237 98165 629038 266558 496915 806197 292408 15659 229915 ,611744 98165 629038 496915 15659 281454 700471 524015 280754 688249 
518461 712016 95269 518412 181860 95514 516591 250008 511436 516617 ,712016 95269 518412 516591 384980 516710 95167 827251 742040 7839 
391061 391252 504609 635651 543209 207587 846015 61758 862086 207612 ,686237 391053 911175 885853 899252 539535 601552 911590 865272 831851 
427354 650398 601746 615525 715392 102522 446976 602078 791867 656827 ,650398 715392 446976 656827 417180 761917 910482 102880 446864 38312 
807399 342118 365848 802166 355560 166219 818888 498581 609360 862520 ,807399 342118 802166 355560 166219 818888 862520 599752 807409 332854 
245178 191475 562944 259413 749261 689589 852305 750055 948218 851900 ,259413 191541 201301 16900 963920 343042 402002 658843 156625 843882 
49126 49007 955816 505917 49577 894142 893358 152536 415793 691753 ,49126 49007 955816 893358 956152 918619 861866 856252 685976 198710 
600519 978797 387648 211858 219291 41539 41521 978885 839309 978987 ,600519 978797 387648 211858 41539 978885 792918 886273 755888 770518 
894471 813648 747475 574938 576889 250089 998002 998841 251663 813673 ,813648 574938 576889 251663 813673 257572 131011 151840 919063 264458 
372321 341697 356463 355108 315413 465624 286653 289533 313320 463035 ,341697 315413 286653 289533 348486 877552 297365 340410 927309 772726 
813310 918864 732842 157427 617985 42482 200225 264503 916475 951338 ,200225 916475 618022 70860 205247 910040 97167 918883 862957 849358 
521929 834700 772145 658258 391740 335264 547306 349665 255800 518641 ,772145 391740 335264 349665 255800 603419 349464 601259 347597 161097 
177759 31395 127248 806288 522375 679265 210676 196602 275418 724893 ,31395 127248 275418 196602 724893 67450 467074 905245 274357 168414 
719228 719189 719183 982473 923126 761474 815459 815392 818651 68313 ,719189 719183 982473 761474 815459 818651 818255 526066 487434 814665 
199956 264234 670167 200229 264507 76598 703710 233297 749601 250374 ,264507 932042 391666 596412 884464 785596 525797 629493 805160 932431 
100611 850222 803242 965752 292352 153291 721550 94711 280432 331295 ,850222 94711 331295 306090 892933 306929 788759 248076 322204 351047 
791365 791548 355400 104084 351980 771463 810309 815217 402752 974292 ,810309 197012 275828 294973 437806 13716 664746 276176 452092 464623 
766133 765038 765272 994412 829586 764688 764953 374102 829025 755810 ,766133 765038 765272 994412 829586 829025 854817 765007 809154 759840 
924526 522290 453253 522377 459452 522438 337128 923487 458425 503722 ,459452 337128 459294 636491 189 799371 193477 272293 224359 337009 
468419 307829 518988 431304 510530 234120 312604 519582 808710 262846 ,307829 510530 312604 718994 126261 81070 799419 807893 666645 430248 
997011 671922 899045 267283 368264 61188 795264 379980 932682 194257 ,267283 368264 795264 273073 194257 744033 615951 634516 966027 268126 
707736 835034 259350 937091 888757 827889 751909 837073 890145 726485 ,827889 833587 825363 588689 771746 896261 235418 496600 805327 838028 
42013 258104 606411 415904 384849 615305 509952 807726 542745 425599 ,42013 606411 615305 509952 807726 425599 442557 51590 844524 449528 
832849 329623 110840 660161 660033 325858 85400 31818 844631 550474 ,844631 327382 136681 398639 16750 124410 548265 769690 552346 76774 
36199 863047 868198 802047 198200 277016 246014 677942 615219 706218 ,36199 223833 932908 933568 872955 223530 723733 803432 730768 982801 
734249 629717 85807 541231 554985 760899 417383 833575 647072 663771 ,734249 629717 85807 760899 647072 466165 221526 323507 337581 288009 
911892 857941 876540 955174 850890 946985 855504 789456 787611 849221 ,911892 946985 787611 443392 858718 940636 854731 856825 378539 907378 
667209 667319 667367 244433 903283 597422 386911 601173 256352 238594 ,667209 244433 601173 108924 769506 1328 616402 505917 769178 294611 
469554 8424 58251 238493 874105 674806 413164 280061 558452 792506 ,674806 862698 988454 546924 891303 306227 469578 50816 786337 518678 
526646 95890 528107 143808 59785 549441 498352 870589 406560 253955 ,526646 95890 228453 124179 70350 963442 497072 523250 67093 799445 
192446 271262 60656 70446 463926 505656 519789 811334 271562 128923 ,192446 60656 70446 519789 811334 271562 382014 300714 381630 208467 
999601 574355 224711 431415 690047 957146 539916 70657 224880 539874 ,431415 957146 724183 66874 758160 540445 601680 431109 698781 202982 
295360 778473 491336 927935 555952 385819 484000 490545 499293 517932 ,927935 239591 492982 494536 329583 823663 99228 896751 84573 237234 
676397 676971 676419 676565 675427 675711 674849 675833 676483 675134 ,676397 676971 676419 676565 675427 675711 674849 675833 676483 675134 
650758 303460 649047 867679 760219 562458 542037 867659 373931 440345 ,4772 820077 828140 673758 374076 534436 984587 135882 809469 54409 
976400 351131 32704 30447 126861 852384 525492 202566 266844 453469 ,30447 525492 551431 783720 317418 302442 610199 341366 668443 783062 
908231 92024 688459 769241 56191 535584 764344 52634 909067 783648 ,92024 688459 909067 783648 909533 754861 800652 84644 476984 792829 
234737 403060 881236 710779 775427 239605 732692 238552 977986 295567 ,732692 977986 878213 404964 140525 758735 404036 117686 560306 398472 
117510 713886 339929 324584 926059 863455 947925 580127 687020 713750 ,117510 926059 947925 580127 687020 713750 708349 734125 734067 183703 
41775 42233 41004 542037 571526 191363 880149 40781 39534 425232 ,42233 673758 674727 769874 673679 37937 773469 39459 374059 38530 
236016 513932 372056 291129 731634 291593 372936 874905 409800 464493 ,513932 372056 291129 372936 874905 409800 86404 276789 82058 410997 
116239 119677 610220 115089 273676 846577 870096 640273 965426 850116 ,115089 850116 516367 883026 852036 545267 348825 11182 856679 997417 
21572 21606 21836 252624 905414 206525 270803 997220 202252 266530 ,905414 206525 36146 204320 268598 912526 842779 960335 917936 59592 
356535 343473 343668 357178 217784 715496 374409 90849 55401 357118 ,217784 90849 898212 99243 490040 374130 191869 207793 460085 412161 
688874 748670 797153 433642 819850 682184 925025 429985 485883 424587 ,925025 429985 368951 695205 511377 723920 739951 429418 360703 501862 
244527 690939 243570 808912 200076 264354 785975 690990 68712 602045 ,243570 62838 68548 756937 799336 808963 848895 97342 397586 432774 
924298 320253 616545 106582 186683 429526 430257 255407 710543 750394 ,924298 106582 291925 836467 608082 711092 517743 70400 698561 480685 
770581 633703 771123 785028 453148 459243 636151 258520 840395 74331 ,771123 636151 990334 674978 424416 991985 333651 20183 331887 895543 
927955 266132 845158 735552 119430 747381 553486 577294 737772 829335 ,577294 737772 829335 214151 53260 697998 689519 671342 669100 303594 
114029 209425 620671 984652 884996 871374 697130 902292 456551 754427 ,328470 6385 480124 456366 245263 208303 87708 63626 10725 438576 
569311 430257 351083 432223 262752 731324 509433 384658 169945 634223 ,262752 635597 688232 636193 141856 355218 168883 708721 363852 352507 
36761 36767 36694 126960 788849 109206 108070 928340 71381 773124 ,36767 126960 190492 110699 776069 609209 174371 577051 693831 128288 
990521 70795 870867 907100 601063 521103 477655 600974 744587 409262 ,990521 70795 870867 601063 744587 409262 872652 846351 786062 44315 
851560 72621 185676 157882 73291 71709 74056 135488 922784 156282 ,851560 73291 71709 74056 135488 589499 361976 381550 604092 884097 
920718 454789 875798 316026 377355 915259 315922 288113 625303 752921 ,315922 288113 370872 863904 923749 858664 455196 892597 910597 8845 
18963 405115 438951 458589 530187 246636 141775 746001 192795 271611 ,530187 246650 61386 429434 829509 152939 294911 152317 294410 433880 
423317 423379 665020 923744 108459 256897 95018 121242 192828 559719 ,423379 923744 108459 256897 95018 192828 407469 989710 170356 850133 
97270 568782 493403 896532 507896 505688 569060 569005 316764 495058 ,97270 568782 896532 507896 569060 569005 495058 491309 231398 204340 
303279 50608 3026 578350 487000 619468 812373 505724 188278 926984 ,303279 50608 578350 487000 505724 901666 928004 217656 750143 531311 
224538 224364 981232 809623 226936 966697 40831 561327 867186 99650 ,13597 201678 957840 867180 266945 136467 750369 620602 655958 542544 
708360 58206 58077 58056 58113 947890 866567 71278 874610 36265 ,58077 681481 69071 883051 12981 480498 60420 736551 955313 179630 
633659 539915 764717 918634 778805 30922 606746 653832 633766 823096 ,606746 633766 30931 95296 788684 517106 940256 943587 227884 287173 
569009 946783 598428 153013 598535 784504 520615 941881 681814 831838 ,595459 631159 308085 943781 260594 802050 404880 108131 685562 215301 
515940 257033 143595 343459 439656 516300 664572 437691 434457 355288 ,515940 143595 343459 439656 664572 518549 341228 247059 844891 67403 
943142 941794 948255 320823 204438 268716 755288 205041 269319 491459 ,941794 948255 320823 204438 268716 755288 269319 491459 801222 316073 
757829 566866 219492 567023 152572 244347 135171 119698 886559 887296 ,757829 566866 219492 753553 886163 242808 229623 999259 560559 817101 
795188 305394 516508 804032 429861 535159 230484 816720 141065 168672 ,795188 305394 804032 535159 230484 816720 141065 168672 123754 249832 
941393 842830 72989 73205 225330 842600 72673 915761 225730 780996 ,225730 199775 525704 987147 525467 228076 198476 630078 267966 515290 
939751 346052 583775 598524 759703 431163 98784 726466 811476 25815 ,598524 431163 726466 482885 269974 17696 844785 109423 305764 151996 
45423 122007 118976 452652 200111 883388 737235 518547 273918 57721 ,81796 809804 506369 307604 673142 507061 753466 392380 459044 109712 
199232 278048 401698 700100 680801 370684 301675 168877 79855 197952 ,751789 161886 508648 498906 62199 241042 697152 257981 204988 424430 
600656 465100 355309 465309 485954 970240 970521 484663 928215 339490 ,600656 465100 485954 970521 339490 62281 927745 408338 811144 160855 
351797 77356 825965 322365 794573 410019 233324 9920 583938 428722 ,351797 825965 233324 9920 428722 350736 458233 87830 321787 84336 
226209 115883 262850 233462 497692 827606 528346 291790 520258 904051 ,115883 262850 827606 117313 290575 178036 299179 828161 30533 17724 
930217 282075 159865 281945 118668 258141 990370 265342 64087 569875 ,990370 205061 959358 579636 163829 193302 970704 296247 225713 681449 
207980 655317 427767 693506 37776 158416 207722 476539 912724 667397 ,207980 158416 429004 558663 816354 129122 905695 536383 987365 446552 
868486 530561 549453 548689 923745 528626 533395 923418 242320 449722 ,549453 548689 242320 697799 437113 530535 695053 448471 917920 708170 
421782 856779 536332 536280 536560 761919 777839 537325 105597 829100 ,856779 536280 536560 537325 502366 340338 571780 409251 820796 856566 
283853 668729 725678 824959 854956 244255 716607 140568 74532 826329 ,668729 725678 824959 244255 670989 824877 595670 180260 452715 254338 
522912 524322 522511 522589 888398 974050 974494 183462 789053 183995 ,888398 183995 574397 917004 941848 434685 732408 917571 454526 843040 
180001 376395 530598 404240 77231 170480 935656 706821 202146 266424 ,530598 576507 75583 932702 615302 634533 23418 921949 181548 170525 
322647 432635 193690 272506 174657 484497 10021 861216 181613 809559 ,322647 174657 484497 9899 196875 275691 10487 123504 266819 632812 
338504 321598 352169 238477 494771 321972 996975 488616 497694 503199 ,238477 96841 709947 492617 488053 493192 503179 604680 307633 321545 
527609 600756 213817 955412 605248 30540 323594 732492 431589 355238 ,527609 600756 323594 539408 637325 430186 645469 663574 281994 674481 
115258 26633 612264 838066 606160 534351 837712 115096 320116 799483 ,612264 837712 856032 838646 653518 571441 332938 978084 917128 136286 
669070 907636 692406 934064 902471 194157 272973 719389 671301 526097 ,669070 272973 194157 526097 450023 71709 895660 703029 74056 896926 
101209 934664 178212 280081 178523 867752 183230 295938 486189 594357 ,934664 178212 280081 178523 183230 295938 486189 734392 295639 198940 
634180 474493 635891 633709 53668 602062 256276 552265 189730 410049 ,474493 53668 256276 552265 126941 337064 43098 593896 247510 64707 
879962 879954 71913 861351 70965 879712 99138 872648 719153 837461 ,879712 872648 879764 719281 863300 719293 443357 882929 871335 58628 
753520 754119 543272 990885 142086 142403 477873 541937 989859 753599 ,543272 990885 142086 541937 989859 989684 467416 678052 560474 672716 
620221 296045 572925 213136 573012 390118 232841 106628 906427 498571 ,106628 906427 953057 660764 987501 232288 528315 912802 283778 805863 
493343 496611 501553 456290 500310 689052 686610 683348 617403 570108 ,500310 949178 664922 860541 922154 260194 302484 450159 155816 736477 
154715 153003 186461 82006 152655 145380 595699 136905 97087 90318 ,154715 153003 152655 145380 136905 97087 90318 98109 144236 134252 
128619 701766 380693 148154 84666 418473 918320 428919 296187 176358 ,380927 74613 729628 41922 138287 210365 728890 84644 834437 43723 
663815 531487 663863 1191 532090 532298 209255 764229 879906 532567 ,531487 663863 532090 532298 532567 261337 531635 28220 215305 614373 
669801 104868 983261 122783 460319 983096 669805 799980 777062 459355 ,669801 104868 983261 122783 460319 983096 669805 777062 459355 528888 
967211 420990 452326 397194 397100 833160 913115 716647 558409 468938 ,452326 397100 468938 400734 414657 994558 718564 47016 200059 521394 
393377 346806 660468 978435 998007 659746 7244 662299 724183 984258 ,998007 507638 880657 664187 832358 222783 254665 361662 947630 15238 
665384 996059 288792 587121 361600 259580 181621 93045 311219 501994 ,665384 288792 361600 181621 311219 830972 244923 74738 959638 833680 
674188 168958 871918 338556 178010 799421 587000 113659 547872 220827 ,674188 168958 338556 799421 184611 386626 528272 411368 505975 36708 
732084 732839 329382 351837 731927 286165 706440 302386 352181 459197 ,329382 706440 302386 261200 333487 458955 669966 576304 805386 94851 
664543 138249 88704 129006 141385 664775 490068 486594 792055 53371 ,88704 141385 664775 490068 53371 613672 604541 427972 282055 461976 
843321 482408 956310 609409 517961 58316 723575 195792 274608 514529 ,843321 482408 609409 195792 514529 639127 858245 227075 212126 899453 
182812 182549 779998 597499 341550 669669 490786 779800 335220 342685 ,779998 597499 341550 779800 747646 812825 386331 72671 977574 92703 
111843 398792 589796 402941 698983 171696 318694 872233 225363 871150 ,872233 871150 947346 266718 399522 466244 12966 329438 372255 489355 
852277 852220 852470 857280 992039 826285 857758 992001 890014 886045 ,852277 857280 857758 826451 886005 103754 991951 850953 831565 824123 
5843 5654 856502 847895 568949 475121 628945 477061 558505 685726 ,5843 856502 568949 475121 477061 685726 496984 569182 56202 701700 
664563 91710 92748 815441 83410 157951 815337 84814 17351 703065 ,336778 156500 291910 68598 450611 105066 87692 953229 526374 68393 
734391 133862 8999 161126 47531 994371 676056 767346 47366 317576 ,734391 133862 8999 161126 47531 676056 47366 317576 815188 928207 
235236 233931 216962 248759 248298 53787 768351 541345 212847 765680 ,248759 248298 768351 212847 673319 601208 190636 28210 259889 766953 
640883 641555 641701 824995 851267 890663 641114 885724 796452 852159 ,641555 641701 824995 851267 885724 852159 444689 679687 764462 473941 
177029 227153 924966 2071 678764 178791 421861 293202 263739 472889 ,177029 227153 2071 178791 263739 237036 804991 473902 1525 123845 
849719 954230 125712 953839 766405 879638 430560 879401 28110 27583 ,849719 954230 953839 766405 879638 879401 28110 9944 54696 611256 
612374 611299 740802 713054 154789 324723 854131 204855 269133 479662 ,611299 22252 849606 364805 605102 504970 266285 605999 608647 671685 
48333 568491 48309 695473 177592 48377 384192 726917 507267 666560 ,48333 568491 48309 695473 48377 726917 666560 744637 853054 637026 
335125 194242 273058 195916 274732 196950 68501 198316 510744 142701 ,335125 142701 263365 97077 190207 321015 307331 58645 208429 870318 
519659 519939 961931 44943 45501 482722 482683 492631 834130 62163 ,519939 482722 482683 556209 645935 884012 241229 75043 830077 936648 
330154 399247 331125 376471 686418 432983 246377 230825 618790 251420 ,376471 377080 660524 817629 58847 932591 107218 491163 416452 45519 
712281 712481 436871 527895 168829 168945 853099 438349 242490 490198 ,436871 168829 339653 840695 712408 125109 352013 527076 451150 852723 
837701 837776 765313 756769 834025 765786 675842 837679 772311 833648 ,834025 675842 837679 159190 443309 833833 772259 603912 373975 735279 
670455 749407 329955 245626 749305 828778 773808 310713 848721 137398 ,245626 310713 785659 238657 386000 566995 19079 672466 346837 250372 
419333 518080 997395 403270 519810 997517 809717 519933 510313 193962 ,519810 997517 193962 397122 40882 96537 471369 95097 78854 634572 
213706 679015 439402 712319 590254 585764 664406 591121 617373 863995 ,679015 712319 590254 585764 664406 591121 617373 863995 184610 711728 
588521 99133 945090 99687 70167 293687 337062 5976 547052 923135 ,945090 99687 923135 742184 614885 560359 293375 547099 278643 295013 
16573 16504 541558 466664 293542 293880 922857 365573 441885 441742 ,16504 293880 235039 740030 314021 462955 94260 379277 283763 42148 
600669 30495 24297 422629 834330 569671 216030 600732 607705 534507 ,600669 24297 422629 216030 607705 534507 30058 516661 534443 97512 
626551 236392 256595 630937 25709 838872 543395 627145 210684 40776 ,630937 453270 620628 4411 961460 916646 809834 247168 40922 703254 
205729 270007 404414 937663 941028 695147 386783 867553 142967 497711 ,528128 77453 283200 462999 402020 523194 170869 416669 240843 404223 
169457 169067 169034 561776 727288 411191 160388 960103 287995 550766 ,169457 169067 169034 561776 727288 160388 287995 550766 969722 915405 
300296 147986 329828 400314 334553 10601 71238 308461 767634 308842 ,329828 71238 483041 877368 844879 729261 16341 513985 862782 272088 
225452 674402 294789 676094 675587 367983 924023 374827 375164 226108 ,675587 650139 920023 756635 876829 900480 882636 256313 955097 854806 
104346 724196 36427 886795 425883 94554 735226 911625 735715 723791 ,724196 911625 969617 598260 805997 544361 906215 863977 912090 745789 
4198 769447 184614 565210 404827 510827 393645 182005 268559 803420 ,404827 510827 803420 510467 573490 565906 247438 820653 935569 133142 
192195 191796 151226 151167 151194 214348 349826 808592 32953 803513 ,191796 151167 214348 349826 808592 408810 908164 360289 803809 295369 
23782 790937 262448 206576 270854 888481 575326 888755 320001 859487 ,206576 270854 888481 575326 320001 859477 835841 862884 282971 617976 
275485 842945 91744 126183 885997 852791 864730 200972 265250 14286 ,126183 864730 93357 541817 92386 159929 941587 781761 58947 10882 
340458 357159 341878 355306 626835 415571 84087 469141 359929 86484 ,340458 341878 355306 626835 415571 84087 469141 359929 86484 161611 
443772 24903 443656 30401 444006 443946 444269 824546 443710 443679 ,443772 443656 444006 443946 444269 824546 443710 443679 444343 443616 
998166 620984 240400 618917 105632 45824 958147 612314 150508 231813 ,998166 240400 624088 241530 331117 691622 756542 368805 17224 774866 
734815 734821 542478 578771 242916 542459 12537 633613 783894 256063 ,734815 542459 804581 541912 677883 542498 359514 812483 820971 579125 
843394 833438 168733 81767 184545 5120 470373 436049 71111 694334 ,843394 436049 71111 691277 322118 95697 704019 172825 541648 389566 
75303 77022 60327 336429 61472 922776 134835 71816 122324 805492 ,75303 77022 78346 848893 651185 398207 506780 280215 561024 903528 
658941 261173 661004 42369 526185 658725 339795 666611 42219 332034 ,42369 929821 430045 52500 722117 737922 193433 269566 912548 248939 
641452 443745 643155 641820 444136 443592 881574 644317 444202 856306 ,641452 443745 643155 641820 444136 443592 644317 856306 443495 640110 
628151 432888 86021 466211 308121 493957 921861 899637 80493 884026 ,432888 308121 493957 921861 80493 406481 685303 683216 658265 62020 
528096 766259 486816 326615 527928 90644 800214 379258 754481 51184 ,486816 326615 90644 800214 379258 51184 891879 459415 327752 532416 
848216 879694 584854 879740 918791 359640 828653 824294 807665 325330 ,828653 325330 632578 827745 827315 541622 17419 957805 899263 911892 
762257 762139 133337 482279 889596 295314 134859 762157 208033 211041 ,762257 482279 889596 211041 539469 277297 198481 801903 561310 986058 
890063 348510 293789 889767 422819 422994 536951 312028 890855 940151 ,890063 889767 312028 890855 840936 516785 288318 346628 355975 514371 
799296 997005 294500 518657 297309 690935 470875 614904 263061 16534 ,799296 997005 263061 293280 297012 6335 79472 785003 469742 113696 
13991 730690 150126 14111 15994 195145 19400 19708 622126 753307 ,13991 730690 622126 406377 95789 522588 430644 459225 201018 594360 
328428 699974 569443 603583 144796 605583 714462 923814 167318 723948 ,605583 740392 97512 698877 351667 566730 62626 365483 30103 391257 
863067 547163 863499 306307 306541 812625 897060 909141 308713 322767 ,306307 322767 94452 305378 239095 440419 996989 923813 247502 255682 
845397 130 505587 42177 584481 239553 565564 406157 509573 520574 ,845397 130 239553 520574 224039 503927 170 886760 577177 638089 
737964 48001 891592 387949 767154 55029 560286 820333 765906 50307 ,48001 55029 820333 50307 853357 320364 881994 383995 776407 51154 
645516 645333 645263 517197 121978 262544 637304 663926 732231 431355 ,121978 663926 236112 601058 365033 110371 241746 128438 57 307453 
833682 830505 792059 833433 786133 785911 830469 196109 274925 48286 ,833682 833433 917411 916750 471600 180566 792566 174349 891112 984804 
867658 197445 276261 102774 102180 867662 932378 238652 198772 277588 ,867658 102774 102180 198772 764202 905698 921560 644748 448277 808480 
329809 441914 868342 327854 527967 532665 327155 531111 678327 678082 ,441914 531111 678082 343254 255907 529661 843475 702898 531428 405551 
647778 373719 648730 830127 836701 756678 837763 836423 756426 373732 ,756678 756426 856745 610125 673996 716879 374320 610384 835847 759493 
933716 685021 693152 738586 484038 414455 80497 678661 713788 515768 ,484038 414455 515768 174762 242819 192533 17537 934410 376247 392081 
560583 374203 386858 979621 419621 397358 50020 641475 684060 51723 ,560583 374203 419621 397358 615654 546684 848658 412615 891070 193139 
185021 435659 184739 73181 179235 72207 94944 13778 149010 128024 ,435659 73181 72207 94944 216516 112186 63011 324469 328726 744698 
85425 83591 84640 189134 318878 527709 452411 364036 239022 217676 ,85425 527709 869955 350836 201020 83586 458260 458568 86502 518988 
482674 228413 228094 318128 228983 915525 483405 343484 593809 251989 ,228094 228983 834355 316905 351718 952398 481396 996263 929453 82522 
423756 359904 424989 201336 487515 189002 726294 510706 189066 428855 ,189002 726294 174979 253474 174758 379552 697951 166922 62891 719895 
466650 20768 439242 427850 747428 580542 570244 992381 164055 806095 ,466650 20768 806467 469111 323057 466642 633552 560375 807235 4484 
754974 337056 548867 569971 471899 472893 633119 735035 635559 58625 ,569971 471899 635559 630655 735010 635333 429785 299869 498206 768753 
614531 228792 678697 822268 679366 822248 719990 119134 182354 690898 ,678697 460819 505228 467385 220751 126880 178581 176227 339320 767142 
647825 240027 856344 601091 777954 431552 431725 619795 544425 783230 ,647825 240027 856344 777954 431725 619795 544425 783230 424847 783333 
817186 817435 830416 409911 610604 183496 857565 590265 863623 135782 ,817435 830416 409911 183496 863623 135782 114848 322758 674002 263435 
878062 919792 857244 854358 677105 882636 641056 809155 967287 852530 ,905236 639887 885886 877107 808928 603936 569859 472486 765207 640570 
113236 485630 9528 123476 338024 351689 301209 436900 354202 588576 ,351689 436900 795401 351656 534963 166392 243916 308202 686834 933753 
532743 533108 713554 624877 528840 658218 658192 622247 901932 150819 ,533108 713554 624877 658218 150819 716512 126637 286531 429831 850328 
747216 778371 96963 880358 739884 597536 919541 543563 747063 705502 ,747216 880358 739884 926932 204452 597972 744718 106430 205907 270185 
337121 337583 882941 308634 322714 211538 615721 210947 87527 615839 ,350909 942281 324488 400624 172408 483314 267070 36826 830405 672258 
390260 390456 892758 389824 450988 686470 352687 599081 792053 806104 ,390456 686470 788743 98848 151380 423796 662730 363758 502310 526229 
774356 680389 253931 253722 845029 499732 136301 437530 485769 303720 ,136301 503062 174703 242345 695766 799945 441864 393981 288145 935330 
631541 630936 800325 180618 970621 799926 970358 961694 823289 958223 ,914561 249123 799944 688494 517488 971341 483459 880082 696726 314689 
498427 352478 750256 749367 499477 261802 497450 283279 22917 846247 ,352478 749367 499477 497450 283279 22917 848534 347447 498638 506312 
156972 203019 267297 705862 656724 854804 705941 783526 947704 899209 ,705862 899209 525538 968575 512198 872696 499765 860899 630889 764149 
184750 934486 844731 210058 697145 844613 936159 209827 224024 21321 ,184750 210058 224024 1519 584037 518953 572130 328213 619462 572510 
704656 23523 861377 363444 337756 704129 365738 337027 363476 321805 ,704129 363442 305538 674774 29576 832950 364064 675265 59699 495802 
351327 352608 352417 337864 337157 337237 306919 307008 605227 322808 ,351327 352417 337864 337157 306919 605227 322808 584226 351467 662406 
176480 531425 658332 330382 490742 125631 356455 700793 64810 547661 ,700793 547661 535102 279963 363526 331430 514911 429647 317540 428950 
752663 316717 438141 394124 843167 298264 135244 310632 888032 579820 ,310632 205107 269385 2741 915685 102143 107564 681070 336192 425333 
149043 882584 348947 928066 721510 95285 527499 106842 815086 344963 ,149043 928066 95285 527499 106842 674265 12012 164708 569254 299173 
668465 597980 562179 919727 384783 694118 695247 935837 805114 845277 ,668465 597980 562179 694118 805114 845277 968921 635508 651399 695702 
240137 738539 239572 386394 239853 515857 744215 178124 70235 926705 ,738539 239572 515857 744215 926705 179626 925982 440857 732351 543811 
476575 786952 117042 421777 566437 568802 852473 954494 331543 457096 ,476575 421777 852473 331543 29137 165330 177775 373145 749132 582171 
788046 787980 346600 709765 802011 892444 223737 587309 578918 311182 ,788046 787980 346600 802011 892444 587309 578918 802914 709773 493952 
183957 550371 382717 550863 179302 715102 783237 646102 187154 645979 ,550371 382717 550863 646102 347561 645667 355986 212741 336347 345314 
536366 473930 472381 470881 422129 472467 474028 55821 472396 471397 ,536366 55821 408924 729981 690992 560068 475351 427111 389384 182169 
34059 390247 476055 827967 396749 804337 479535 199332 387198 790614 ,199332 387198 790614 19908 76689 812748 522593 789540 97961 973582 
505185 251087 559220 770613 407651 769161 302862 76131 476798 39380 ,770613 769161 477466 477454 39358 56282 769069 877309 57279 109115 
600558 843299 20536 842359 470543 619082 843868 387543 404768 635283 ,470543 663659 273748 849759 940673 470614 1294 748576 299361 226489 
844731 897992 984518 904074 531430 750233 813642 758740 904596 633498 ,897992 984518 750233 633498 896772 142452 750390 40930 814118 454776 
953246 41073 654730 41234 39047 816725 446552 655248 656541 655570 ,816725 655482 655133 805178 889803 519033 814191 907278 655732 445667 
233728 234054 354403 556684 613333 609668 403368 112069 757842 557129 ,233728 354403 556684 112069 390123 562234 612675 399733 219192 953720 
297239 855825 22179 436068 210067 977187 408822 854964 298307 22320 ,855825 210067 977187 298307 755865 18029 533853 681448 289370 291302 
839133 586308 546102 256170 769783 242916 80501 956283 344484 132469 ,839133 546102 242916 80501 956283 344484 493995 395288 178952 670834 
354729 315965 342309 363339 320145 314363 341046 353297 346808 314925 ,354729 315965 314363 353297 314925 350353 353135 379105 923778 496343 
439665 528657 525911 526645 921786 920599 247981 569887 151423 547062 ,439665 528657 525911 526645 151426 249829 80826 81660 347741 151156 
952697 468369 810257 468681 708942 97999 946451 867609 922544 98450 ,952697 468369 708942 867609 98450 811206 686614 249271 227020 946796 
647903 250718 30209 650477 889167 914753 653451 906397 241771 646452 ,647903 30209 889167 653451 906397 648648 653274 672357 653096 653152 
622385 206699 407176 902819 68174 685563 111088 630368 406932 631141 ,347005 891595 432850 129654 660182 590296 183834 221781 705354 91258 
633021 16875 16627 385112 525649 214485 724002 397023 16535 400674 ,16627 806212 204689 268116 559075 809246 525360 659391 730691 281371 
776978 776999 776998 777076 351238 289703 777082 307162 286542 287283 ,777076 289703 366004 534392 22620 749354 788906 896269 808117 494209 
499332 328528 87259 906919 529232 194058 272874 633029 736393 498343 ,529232 272874 733100 972161 717891 632441 140267 669904 775866 83684 
291152 288464 248353 340563 674368 10105 989255 969010 216635 773723 ,288464 248353 340563 773723 989445 565428 11084 202277 266555 286155 
649673 650781 830143 24570 61522 373812 534282 139438 715308 785897 ,373816 666672 373932 308956 878092 913899 992476 917765 867680 116455 
37062 209201 268116 151430 965309 204689 268967 209889 708582 223298 ,37062 268116 268967 204689 708582 808865 71297 214868 401520 146282 
720 854563 854835 25619 765992 845789 765800 374123 856146 757252 ,765992 374123 281498 857892 765483 187083 758075 339398 237332 767070 
52331 235748 511624 379448 504381 167398 874913 164454 901179 696700 ,379448 901179 163710 174333 53302 432552 11863 975926 421557 309314 
814145 311028 768513 491254 468464 140262 897641 467959 714439 493446 ,814145 311028 768513 468464 140262 897641 467959 714439 478860 44152 
351372 297458 19911 529683 293821 318242 78465 529860 106416 341137 ,297458 293821 318242 341137 5959 295400 152776 857214 68495 472384 
611257 765520 611091 766842 759111 672377 997087 758230 757356 767655 ,611257 997087 758230 757356 767655 404700 672506 756582 612902 672958 
502127 496679 542250 496661 542392 522078 502138 547403 542638 545320 ,502127 542250 596084 36118 857411 880731 930087 855526 516496 671895 
675379 673278 814507 838346 443256 673894 833084 446967 447458 830160 ,673278 838329 998122 615857 672724 839952 655227 445963 835170 541357 
369841 368256 517013 847961 618917 197201 276017 635988 812229 593562 ,369841 368256 517013 618917 635988 525798 19835 275392 194202 749062 
8307 8409 4773 474697 4867 854607 352902 736313 5163 979414 ,21556 455692 104983 979270 553985 181963 467365 122463 634745 468347 
32520 525867 98831 927250 514728 62486 83345 16449 463210 683136 ,98831 514728 83345 683136 630185 913341 634986 552347 408403 382409 
253835 257212 596407 82451 200859 265137 230332 997823 691941 928684 ,82451 691941 327162 804400 252332 670017 789198 786507 786735 485076 
397131 772317 522318 853275 772503 635225 15801 632781 929968 924630 ,397131 522318 616917 198963 67197 815147 247523 762154 15270 970310 
256621 770955 770931 770946 771313 277949 128183 983269 574878 185706 ,256621 770955 770931 771313 277949 983269 574878 185706 405875 857122 
911623 756511 912276 113028 911262 708942 188868 278632 578517 912292 ,756511 912276 113028 188868 278632 578517 912292 756045 367719 255047 
542377 486028 542331 597720 823032 251915 769546 297231 824767 837186 ,542377 542331 597720 823032 251915 769546 297231 824767 837186 609946 
886322 444704 542518 885888 807952 542466 847914 854216 190540 686730 ,886322 444704 542518 885888 542466 847914 854216 544181 919148 912148 
612926 649845 245152 966849 747661 202517 266795 233697 711730 586020 ,649845 966849 747661 266795 202517 110340 583665 598104 61447 747318 
296883 463494 293036 462764 714697 123734 228798 229628 107886 231948 ,296883 463494 293036 462764 714697 228798 229628 107886 231948 105870 
64745 203838 268116 204689 268967 544536 329764 965994 88925 698998 ,268116 268967 204689 544536 329764 698998 795275 725636 283709 941371 
900818 809584 517930 669455 524032 232464 674349 897800 214425 553604 ,897800 214425 298364 208501 406316 686735 830848 571853 389195 389111 
793650 297917 345723 737585 805689 675182 829011 181013 422131 192052 ,793650 297917 737585 422131 192052 4614 879619 978732 980489 873720 
294202 321737 328197 112712 81575 198304 277120 237146 519787 176224 ,294202 328197 112712 81575 198304 237146 340773 966472 341704 255842 
959833 992068 827381 582563 160685 763175 148888 401655 623366 827218 ,959833 827381 144759 190888 43275 160597 405810 191106 786816 405808 
9611 740187 740190 669823 740180 242429 605761 327837 742002 42572 ,9611 740187 740190 740180 327837 738422 652171 430677 4480 769643 
343309 341200 341244 549661 353955 495038 495591 68937 242068 340636 ,341244 242068 68789 354373 573189 252193 306744 353679 397437 335161 
330623 871806 597500 611792 611683 588967 161059 941294 328297 659277 ,330623 597500 941294 328297 659277 299132 521383 280573 113713 592913 
954676 524297 89942 706638 771910 493515 989186 630542 836825 836436 ,954676 706638 989186 630542 836825 16020 665253 527019 749261 651442 
859440 486731 516242 859408 905083 798953 335811 223842 226217 373654 ,486731 516242 859408 905083 335811 223842 226217 373654 373632 476804 
441642 676344 674260 673392 673881 61928 246992 675353 82787 888205 ,441642 676344 674260 673881 246992 675823 374762 37885 536683 835495 
634280 390243 538521 767327 632595 874795 479379 442747 52375 635268 ,538521 767327 545608 996041 130621 298213 866924 882580 136189 55917 
701190 687323 687574 173002 856372 88691 409160 53267 874938 51863 ,687323 687574 173002 856372 53267 51863 479748 165144 995472 903231 
377302 358905 932412 542543 19471 19443 835229 326868 224634 334042 ,377302 932412 224634 10265 542529 904204 931894 867752 595157 619855 
82304 517476 300464 844312 35326 339968 616925 570738 297732 221871 ,82304 517476 844312 616925 221871 90346 91120 414413 499453 353137 
547149 995203 186296 40051 643061 794403 143296 624218 722800 143090 ,547149 995203 186296 40051 643061 143296 624218 143090 578746 576521 
688415 413963 710835 97142 110426 572716 24049 686169 685986 189131 ,686169 713149 248587 363856 686605 541209 268288 730092 140353 80801 
235193 235117 124933 845160 707293 748476 225048 723049 182138 164034 ,124933 845160 225048 182138 164034 425496 162355 261821 192166 177386 
409041 564867 766972 400237 399207 2926 178581 635816 492405 408926 ,399207 61219 635953 89527 220006 822415 428199 126043 864358 564508 
835345 834426 836418 601180 848500 847736 853265 186919 242407 486851 ,834426 601180 848500 847736 486851 853324 831891 312288 430 832516 
989082 394940 926793 151296 910816 582707 953218 910858 527890 964860 ,394940 151296 582707 965638 192231 384966 873971 405300 180705 927075 
828434 828000 835109 883901 876880 586464 618731 584830 470852 29291 ,828434 828000 835109 470852 29291 927576 885469 28634 19782 625238 
609720 10916 321075 433082 685402 963682 316887 485174 96717 847828 ,609720 10916 433082 685402 963682 485174 96717 97079 676112 839946 
808584 836950 400804 516214 924368 749738 530987 629832 809386 238533 ,808584 836950 400804 629832 635083 531695 695824 515627 698602 358505 
935289 45329 597139 784748 627285 805959 405855 713045 111651 769796 ,935289 45329 597139 784748 805959 405855 713045 769796 387246 505280 
474884 337646 306601 281013 178170 560487 667896 470737 607421 113891 ,667896 607421 971688 366961 441870 234481 91006 82971 723408 719296 
364983 840762 270511 976926 979871 921842 279208 248829 249846 133348 ,364983 270511 976926 979871 921842 249846 133348 407961 31427 31799 
991449 973214 763201 763469 991003 991199 800120 991392 991266 990250 ,973214 763469 991003 991199 991392 991266 990250 990968 991534 826242 
51379 610140 56971 351553 627478 337324 246555 337045 760954 351144 ,51379 351553 337324 246555 351144 230082 575788 51365 326422 891267 
368755 516705 535243 222191 468287 526627 430232 725608 30073 964815 ,516705 42039 923328 833345 459153 689854 14424 700262 940916 501020 
476714 56579 893433 282744 217221 546792 939206 55879 693127 808196 ,476714 282744 546792 808196 424591 52673 698434 424597 902441 424460 
453596 717497 509430 46403 506472 121317 317614 91577 532924 106502 ,453596 717497 509430 121317 317614 91577 106502 52504 906856 581693 
58647 58679 413690 58670 337722 351326 93934 603544 12180 251704 ,58647 93934 12180 384233 104758 430355 732434 311148 296307 94290 
798175 798756 799153 513645 411472 719846 664180 516438 86795 982227 ,798756 664180 982227 565868 197758 745494 449062 182308 276012 510872 
642463 881373 640630 963799 881697 923392 757295 103902 963308 841512 ,881373 963799 757295 963308 923281 316723 496995 575705 112562 877632 
85443 511553 88740 60131 88738 815436 824110 815346 69889 809811 ,88740 810207 85441 815332 511357 30387 821919 815067 815322 94347 
355693 344494 358392 341062 615392 904819 251784 448926 797056 815258 ,344494 341062 615392 904819 269334 288902 230921 904191 653718 326084 
697800 310614 470341 435189 510941 305336 583731 539847 786018 686597 ,305336 583731 697927 709956 250686 732478 701912 192924 385333 658220 
675480 780467 684624 365657 329783 352532 936260 105317 398062 27757 ,780467 684624 329783 105317 228951 237925 364845 50444 534834 746127 
291883 151153 363365 279866 291890 157081 255560 151292 523758 157333 ,291883 363365 279866 157081 255560 523758 157333 528610 79977 306552 
533698 125306 519202 933645 889706 156797 217207 56317 826524 43950 ,125306 889706 156797 56317 732052 974314 874701 837576 357906 828103 
658044 919705 920086 667406 178009 667517 326022 509463 318237 616729 ,919705 667406 667517 318237 616729 455617 209977 769687 874804 866930 
905318 29543 709735 509551 568550 440588 650974 210829 997969 231896 ,29543 509551 440588 210990 177943 737156 694167 231612 355492 975229 
439257 440677 72271 152166 90799 410016 679988 435104 280640 68471 ,440677 632981 261838 314958 386673 63470 382727 532333 82956 296989 
112759 827038 898891 478044 898847 190738 476980 897841 709631 478075 ,898847 709631 476991 881478 477341 674426 890695 25323 603750 54657 
805275 522883 230826 291558 930052 52067 652625 392488 762471 619390 ,230826 52067 762471 522403 51998 251305 342332 930499 151071 355754 
681978 10180 608836 294259 659418 610785 47122 293561 610516 474521 ,681978 10180 294259 659418 610785 293561 858504 809363 207611 359476 
588520 9861 585910 585785 948981 910524 162907 510769 359844 454735 ,585785 948981 910524 510769 524319 317428 584799 942298 344790 964542 
534418 102134 534421 636740 534412 102241 987379 102415 534423 428593 ,636740 102241 667681 638096 791767 721249 654504 791426 191055 824690 
373637 586301 490989 842874 734269 932653 130229 391654 925061 471985 ,586301 734269 130229 391654 391081 474076 74926 842891 128539 203348 
347160 356067 344055 331896 444014 88717 86697 343798 55033 343173 ,347160 344055 238693 391896 101112 18369 577143 739239 83717 364625 
437385 365118 202643 266921 310798 337620 147102 233254 467281 742142 ,437385 147102 742142 237390 246982 540775 452348 843224 237861 451321 
647071 422865 123010 809573 867689 759220 653076 600778 423162 426724 ,647071 422865 123010 867689 653076 654059 536064 600950 905283 339310 
133610 620663 871068 158956 142908 722919 136165 871570 1986 480926 ,722919 433781 738778 885506 548022 376917 895024 14921 479602 59766 
724507 521252 127733 513714 92727 738946 59833 95205 255336 156119 ,724507 521252 95205 156119 889879 105129 68703 89524 79787 91981 
919436 658223 302137 544494 919394 89386 754177 662965 365896 430832 ,658223 544494 89386 82999 140315 488692 295125 429454 389910 322484 
618034 239575 176803 238871 229790 777457 229495 573031 777490 185466 ,618034 239575 238871 229790 777457 573031 777490 176287 705912 645149 
102989 102833 986534 906335 775865 288026 610792 884226 765971 995880 ,102833 986534 995880 923021 371343 992891 638896 604812 774470 758202 
452686 459297 452651 452876 458780 453785 459020 458707 452565 459235 ,452686 452651 452876 458780 453785 458707 452565 459235 977927 865014 
631797 959569 111797 156639 549281 529061 3292 886907 90352 2002 ,631797 959569 111797 2002 927231 16652 586603 279743 697767 303734 
115641 115377 673835 707150 385282 574529 673618 882300 53426 702205 ,115641 707150 574529 882300 53426 865180 476279 702092 693811 259454 
799525 515209 105818 799352 670665 799406 151455 69518 390047 105286 ,799352 806096 160628 830968 467943 965311 422882 567772 830731 792774 
760111 395514 877836 928803 90521 201686 265964 100840 201829 266107 ,395514 928803 265964 201686 100840 363180 224211 454223 394953 921276 
982766 316199 664362 826289 786347 249617 960819 975869 936865 659191 ,659191 951652 421895 983667 805281 576321 746721 357381 937952 790090 
483597 482149 400579 965379 694227 403427 582790 964990 150695 399711 ,483597 150695 399711 909006 661243 93675 913173 435328 269380 482379 
453185 510484 618163 729971 687198 637013 153555 754757 210458 618258 ,50515 52377 90285 294993 40398 227179 687484 607183 216527 637201 
375700 159059 783656 756381 103335 24219 567418 404825 25850 608582 ,375700 159059 783656 756381 103335 567418 404825 25850 916155 159057 
840724 696621 968646 841352 183872 841970 679829 869856 414269 437073 ,414269 221248 204544 223987 679104 565701 20952 93390 486672 4532 
173036 83454 432012 153314 933104 311476 935648 554394 935229 882662 ,173036 432012 153314 935229 457024 875557 535473 661464 679949 535156 
836993 834827 888158 933980 472771 834762 645300 390510 282442 890545 ,888158 472771 834762 390510 899767 655818 835682 896096 547944 899515 
366033 953380 847096 211396 877493 364196 555547 426613 241990 772039 ,211396 426613 684137 877582 877773 953540 108859 426607 684168 238802 
917271 226459 930329 904325 579783 116313 931193 903938 948610 610942 ,930329 10218 963312 244617 131817 84158 13101 834878 772110 430118 
770753 959929 103 960558 526046 484137 668737 833186 530960 68916 ,103 526046 530960 68916 422868 108591 672512 204 430995 85003 
134738 591819 748559 587975 516319 625844 918982 836941 690739 241602 ,269422 543196 766506 268465 175605 111878 278133 201704 295240 827198 
748570 395343 192735 271551 128338 127876 541591 919346 18508 562950 ,748570 395343 18508 512195 88483 202508 300545 804601 748495 190511 
854047 668454 561160 311750 566471 843563 957477 104289 846595 854990 ,668454 566471 846595 246269 847589 200562 864655 264422 911452 594378 
858120 857004 257076 716369 16763 730821 586944 684925 211577 965104 ,858120 211577 17361 256169 353671 562439 469583 482865 832868 726013 
524555 979388 658277 281660 91738 281371 140745 488692 85197 658223 ,524555 488692 85197 658223 86224 868557 868359 16878 85526 363805 
872946 674913 860121 260445 516723 420310 859979 107685 697087 107643 ,860121 420310 859979 697087 395643 214931 679453 727342 393839 17632 
22088 175479 631676 635393 392502 286220 16121 513487 169639 187260 ,392502 16121 513487 988359 685018 809804 174081 398098 135634 925025 
524261 813949 780464 193257 494414 59148 350759 59094 305852 139211 ,193257 305852 139211 58625 272703 486697 273968 262759 517176 931701 
896482 865600 62926 460689 462671 67315 737079 61545 454350 959125 ,865600 737079 737816 739478 461172 125903 877872 162303 148719 747448 
586094 587270 47501 157408 637340 65444 78391 711585 388689 384616 ,637340 78391 384616 174068 436203 177160 117983 76102 549542 106908 
956919 82001 86022 84718 459916 836946 973286 88992 414422 973519 ,459916 797947 453396 87320 584708 829855 407696 874005 488209 89383 
509153 505530 988575 90027 815718 645983 252173 815674 815705 707060 ,509153 505530 740583 59223 102599 384545 541196 504957 224946 303560 
644179 643278 642688 643291 642869 642930 643523 642811 643816 643695 ,643291 643523 642325 643037 643228 640691 642844 643643 641916 644350 
849432 849063 766350 877204 766080 919838 765371 758390 857698 833440 ,849432 766350 877204 765371 758390 833440 765786 554824 964365 767088 
477805 416485 764180 477350 209516 994356 51934 209551 765905 468395 ,477805 416485 764180 477350 209516 51934 209551 765905 468395 642040 
694822 848402 338885 340206 849077 376788 325266 923043 587924 675299 ,694822 848402 338885 340206 376788 587924 675299 954424 354805 922773 
529128 404992 514751 568463 723673 108395 366432 367440 356782 554124 ,529128 514751 568463 723673 108395 367440 356782 748874 351995 90583 
534635 785018 569578 678458 336826 831599 368354 336675 708746 214612 ,534635 569578 336826 831599 336675 708746 536101 527687 831321 439154 
521674 934177 180254 818232 200363 264641 688082 333387 136722 312165 ,934177 180254 944070 151028 579290 848139 35020 594557 354870 507055 
176973 176574 619171 182063 175456 881751 181868 94558 342751 801622 ,176973 619171 175456 181868 94558 801622 619579 107304 365798 60820 
98876 98739 923652 325470 886165 772202 114810 245034 766639 329215 ,574799 669381 521245 114760 431 618885 447248 31663 805628 337492 
772493 773194 133911 772326 434269 623286 811258 482825 382542 27468 ,772326 482825 381876 146675 483833 316275 145264 2362 402833 765949 
517828 498272 453210 658161 202 680897 531433 532219 498380 452412 ,658161 532219 452412 770423 452281 498052 685399 915503 698533 364606 
45011 420031 419570 51770 87708 723429 526356 442273 793507 925182 ,45011 420031 419570 723429 793507 381961 531036 192971 271787 4291 
868463 23414 95831 431389 868670 422432 843479 779754 245048 438807 ,23414 779754 506456 18320 520643 919822 957847 740354 380162 456836 
455821 461292 454275 391896 920900 469838 518100 987125 330049 338020 ,455821 518100 338020 518721 156483 126942 93970 30158 566482 122504 
656547 329564 328067 887927 464844 329256 656557 817838 402617 320870 ,464844 817838 563888 170951 936120 114760 548768 379643 941507 941140 
780048 780042 787077 573886 574395 539287 657993 230077 538904 575691 ,780048 780042 574395 539287 230077 538904 40041 854684 653040 936524 
757781 649227 525480 683649 472107 220888 955089 186793 298108 721376 ,220888 504633 650874 491575 740637 246905 223420 763429 801034 779835 
840605 374845 362094 840732 375650 258147 397666 825783 340403 59974 ,916293 730816 417048 582051 731103 833641 401309 660400 350616 518385 
963433 554047 963809 190803 467937 413357 442996 761326 740592 935899 ,963433 554047 963809 190803 467937 413357 442996 761326 740592 935899 
170797 31323 808995 671246 105373 805961 434148 163934 178856 403451 ,170797 808995 805961 434148 403451 251837 108459 12462 514446 350566 
20764 509286 261491 20779 652171 616620 427167 823754 823923 517377 ,261491 616620 427167 517377 400623 233480 79543 173402 684221 517321 
679771 678763 678373 371199 515359 855611 515454 205101 269379 840484 ,371199 855611 205101 924736 205921 205267 269545 921493 500730 217347 
936341 706508 141830 573574 491279 685704 614740 459957 64246 842834 ,141830 459957 64246 631187 19775 883990 524159 574208 398970 200346 
1994 524480 81380 96036 296010 80827 1145 80479 509489 471027 ,1994 81380 934732 471569 785142 240956 335510 810748 731768 12167 
835518 28364 294659 310653 841300 964944 941266 458391 195335 274151 ,835518 28364 294659 964944 941266 458391 274151 272857 194041 242879 
102648 246571 28375 28945 205050 269328 498248 227550 305279 246693 ,102648 269328 965569 975024 94289 498201 92873 295228 461084 232416 
429056 566405 742614 566414 657753 53412 426886 637347 657459 123765 ,566405 742614 566414 657753 426886 566454 821657 423447 667546 214182 
436621 396535 403567 682071 107793 109092 402996 539707 12965 244266 ,682071 109092 70658 780693 932694 111050 711304 573910 157794 987360 
89802 347982 118815 675998 402300 89389 163639 634749 161062 412684 ,347982 163639 634768 110136 250316 13389 613186 406526 289207 669896 
515280 40211 255966 322167 303819 322230 426467 546537 302220 233575 ,322230 558669 305971 155286 279692 210850 355539 351308 553478 109401 
113050 111952 389477 845218 958784 844394 881062 681686 130738 480955 ,111952 958784 881062 702972 20360 111332 129119 608098 943037 461201 
940441 406826 680135 72084 680239 40979 45698 716113 386658 70009 ,72084 70009 847719 615597 785325 380143 787125 715516 807724 615484 
756342 695152 869114 224403 102131 885964 756090 932441 155158 88331 ,224403 932441 544161 679318 99966 885688 842003 663357 863848 870335 
988053 564021 842115 983778 210887 49781 987815 884070 546122 993773 ,564021 983778 884070 957715 970217 564160 906382 566365 984219 947603 
468860 768049 5646 7766 43120 768239 428568 790074 43020 38735 ,468860 7766 38033 38919 789958 558521 207062 37892 632499 449929 
575575 132235 534603 45569 427080 429286 612703 668886 905203 911342 ,575575 534603 45569 427080 429286 905203 911342 452959 453185 104700 
555116 554885 879690 554742 996788 554782 555292 830953 677941 543365 ,555116 554885 879690 554742 555292 677941 869196 738778 241505 207018 
392076 727678 791650 389610 512823 389756 727088 156638 401044 881943 ,389610 401044 165443 224534 686 809512 530991 565580 726901 886501 
493311 413296 953527 861009 386682 418232 184133 418718 134885 491326 ,861009 386682 691754 383410 298868 383958 977598 731728 16593 80176 
400935 528911 601458 205288 269566 14648 111672 200449 264727 526173 ,269566 205288 526173 512441 543379 363035 480484 527377 119508 897920 
645509 305488 742820 708795 780594 800307 420273 364356 410320 323587 ,800307 420273 323587 221080 141009 853098 315082 170916 431165 795000 
334735 922889 257722 123594 239327 560262 560411 901370 298358 384938 ,922889 257722 560262 560411 901370 298358 384938 402018 307029 559189 
631815 631938 787573 629653 440418 470186 125284 661908 432911 366249 ,787573 470186 125284 648380 469781 856298 247619 326483 295441 109180 
933269 481987 369947 528888 660352 933856 973972 844298 527898 282083 ,528888 660352 973972 751361 82855 973241 67932 905380 964523 932896 
852756 142676 140597 602907 501871 140919 770543 521931 889472 918785 ,140597 501871 140919 770543 791864 997976 294863 237673 317500 521937 
500624 52218 809753 754073 389357 683298 407946 53260 855945 733849 ,53260 733714 901005 246914 900607 553486 5928 474458 814459 468987 
193816 272632 823275 947753 712213 126525 224050 948810 513699 844131 ,844131 377861 123542 528746 203665 543377 226275 942501 139855 940810 
398477 401736 401823 403810 398369 422800 185209 466109 107376 10576 ,398477 466109 10576 822335 928243 902056 716818 793897 840240 437167 
487932 488237 326392 711729 497438 828256 710945 597392 330068 828254 ,488237 326392 711729 710945 348369 321057 581612 347054 957143 155790 
517561 876696 519858 629012 164873 512650 164493 433756 80838 601753 ,12510 482886 517493 890204 351284 328882 342459 223910 795226 168451 
369184 280603 688380 371783 439871 339119 337605 94589 285417 236155 ,369184 339119 285417 236155 527561 528250 583128 147958 352034 365301 
8920 700633 314506 159454 160539 318056 251824 858740 81440 8522 ,8920 314506 159454 251824 8522 264596 169555 789583 714305 69703 
766952 957356 768350 666979 574042 755094 53755 511566 477040 823785 ,477040 569252 39202 768434 541507 477070 672513 666827 103195 54953 
797969 971178 135990 779665 370984 26937 152598 399460 631397 962814 ,435819 796187 630873 758466 388091 996462 319428 386121 801663 724967 
238753 238115 227874 979391 365569 958220 506313 915040 859780 202789 ,958220 915040 859780 267067 877180 844992 506144 374389 585141 694358 
675507 860543 14363 628305 393882 800530 868280 561025 393193 898645 ,675507 860543 628305 561025 393193 898645 199763 340766 800196 40663 
392004 392495 393900 91178 731045 440368 717797 93489 355946 717576 ,392495 91178 440368 717797 93489 717372 573219 448786 573946 393718 
690183 120632 748811 964247 349195 714263 370312 292831 805152 805762 ,120632 139211 679916 931394 119536 238380 226370 887793 738834 719443 
16818 300470 535987 150666 550114 318718 320152 676059 536172 136210 ,150666 550114 318718 297178 932602 577488 319937 578149 686064 578111 
303650 437621 162568 702350 181873 301470 20 95240 23137 304478 ,437621 702350 301470 20 304478 160634 353674 396225 636012 396340 
758659 340019 434252 724581 22705 423536 435152 600894 362353 724552 ,758659 22705 435152 724552 695068 724894 432579 91104 106457 972978 
478651 753932 509004 498134 537925 258105 882710 828683 755032 807624 ,478651 498134 882710 828683 807624 498619 776274 468074 146315 386753 
180541 371666 370614 193539 272355 367703 52596 234702 390059 69014 ,367703 52596 69661 492919 759055 237227 126794 991190 302435 719991 
593965 180024 61579 288113 179443 390740 391400 783636 565772 98095 ,565772 98095 268017 44483 506601 387658 784712 726014 44735 266275 
814261 112800 575057 575789 112761 814271 735024 982743 910844 746556 ,575789 910844 292452 215802 496826 694153 53669 604071 188819 983127 
969813 961447 969870 961556 970076 755364 889175 648272 889178 771152 ,889178 654798 648550 653554 833318 982315 853653 242972 626561 615330 
552343 912859 561946 645832 940144 645484 893975 913091 891514 356725 ,552343 912859 561946 645832 940144 645484 356725 984545 564721 940321 
684894 842384 92476 406016 618017 736066 514254 98627 514166 515870 ,842384 406016 618017 514254 514166 515870 618375 126013 561320 472276 
227915 689709 309643 310418 286137 825002 861006 696922 237767 533985 ,227915 689709 309643 310418 286137 825002 696083 811811 284948 327141 
149354 147365 167014 165262 195190 274006 46053 47006 99407 144164 ,149354 147365 167014 165262 99407 93539 102174 361925 74871 494564 
436102 364604 176004 635128 368707 176056 815133 740264 721194 367778 ,364604 635128 815133 740264 296095 723221 5555 479305 670947 763739 
834411 884545 416379 931462 534919 726733 633316 833303 830576 297824 ,884545 709376 930509 312763 110971 5258 455630 506437 598489 408358 
733568 737056 986712 730256 896089 809050 896415 809257 730088 742874 ,733568 737056 986712 730256 730088 742874 730150 187735 986650 187700 
960837 854359 851158 445082 846677 846088 927953 445071 885916 854859 ,927953 980889 444548 104081 996478 825712 445405 827902 979560 103013 
26243 607982 445402 571625 30251 444268 607524 446614 599232 445477 ,26243 445402 571625 30251 607524 446614 815258 446841 443979 446763 
703106 823693 193556 272372 273181 659413 987479 65168 63392 574128 ,272372 273181 478682 537122 405384 585371 795391 296542 824754 720522 
920777 906981 911529 912688 564025 502128 502190 922487 690445 679318 ,703408 681939 903896 544161 544153 100570 191086 208248 911257 722075 
689965 866146 826335 20523 866670 966584 727926 664172 525182 113891 ,689965 113891 199906 918026 694258 230836 474884 406278 615493 727093 
346090 244558 244518 507070 796241 194405 273221 280847 245011 194975 ,796241 531060 749577 955596 440049 948744 263984 481279 249214 258886 
594039 817204 700523 21589 307658 797677 414798 816613 992377 212234 ,992377 979147 654016 96177 722370 725322 585141 947541 264315 120847 
15298 840102 434711 843322 543543 97657 201976 266254 519813 633976 ,840102 434711 843322 519813 15183 432749 351960 140578 732879 957222 
612017 612612 375698 787016 552793 792717 676978 552806 375493 251381 ,612017 375698 787016 552793 676978 552806 375493 251381 443174 766358 
659356 659013 278781 363646 352517 274071 903626 772276 140555 485032 ,659356 274071 772276 859933 156120 268421 89946 432488 946953 482214 
538519 538537 697968 477491 617569 301255 808327 43687 903812 918443 ,538519 697968 477491 301255 808327 903812 918443 55154 559003 554456 
638447 711008 710700 604447 604793 710279 638425 638475 604424 604910 ,711008 604910 529775 644961 123155 123535 710399 252582 710025 580342 
216953 675508 807245 165416 471153 935725 440333 641714 778156 778722 ,216953 807245 165416 471153 641714 778156 178318 474058 185722 456338 
425152 425160 423522 423949 423655 890831 906416 424276 986044 890618 ,425152 425160 423655 424276 986044 890618 472951 369825 38134 585151 
518745 353928 232968 172314 344630 340205 385408 62785 72003 338917 ,340205 385408 72003 338917 934596 307867 341420 98403 310383 4044 
367616 125903 206121 270399 34834 173598 301360 46077 66519 162303 ,125903 301360 46077 162303 369065 270411 515099 45686 501847 972754 
469650 863365 900225 863160 469539 398669 211702 884821 483209 474230 ,469650 863365 900225 863160 469539 211702 483209 474230 718380 46912 
559734 559670 559611 559697 559639 559661 559768 240926 559679 474447 ,559734 559670 559679 410868 570794 989766 985857 468763 218031 888780 
461494 459988 636946 924629 585833 576398 455886 281721 467741 636754 ,585833 467741 932784 459420 25193 105383 89728 384854 294493 662077 
37101 429606 719832 403452 484325 351284 22009 547105 814881 36633 ,351284 420414 526522 826497 237339 105102 99185 12677 363541 60013 
723564 461746 634210 163804 200777 265055 162132 254280 555577 512467 ,723564 461746 634210 163804 200777 162132 555577 512467 461433 599684 
885882 354966 954329 954539 854390 986955 885805 503870 950753 880091 ,954329 880091 570283 13045 191297 223217 546487 955775 918807 854208 
568861 924999 184673 686479 767363 117898 574331 144794 280473 219719 ,574331 574725 170737 96760 156677 143268 493581 606155 515493 434198 
77387 279448 163574 279278 215894 259965 658675 628514 257143 378445 ,279448 163574 279278 215894 628514 787670 527066 331197 482708 999489 
234692 776316 727482 349872 218181 3726 347824 739372 78325 230167 ,776316 727482 218181 78325 173387 517070 718877 64359 435485 925454 
43994 232971 158162 158246 254227 193194 272010 472746 131212 94389 ,43994 158246 254227 193194 472746 131212 94389 9800 246537 458556 
852081 632806 939036 86420 425724 252997 595930 199549 679451 86953 ,852081 632806 596247 852457 632578 845065 842580 705881 541622 225510 
866490 688193 173875 641483 65461 174101 388037 44602 526679 979853 ,44602 469456 590663 630184 291525 908541 643161 871572 220034 519696 
916411 256876 614327 570517 79126 184014 567715 328474 571041 539808 ,570517 79126 304669 405206 622929 241156 853043 790356 513282 993915 
339979 352420 340017 352642 352288 201113 265391 877951 339687 763132 ,352642 201113 265391 877951 339687 140893 636822 509112 321996 867921 
111710 955812 340371 953199 110427 528315 864425 865697 5736 871094 ,111710 340371 110427 865697 304342 615377 387679 787810 826945 255038 
341762 231994 311944 343785 783051 971211 621609 196818 241953 862883 ,231994 311944 783051 971211 621609 196818 241953 300905 198477 273821 
230025 685591 132430 877085 238439 310402 484487 13739 895140 416488 ,685591 238439 310402 484487 895140 42922 877062 298221 886398 130958 
396187 803420 146089 783693 81333 783845 841023 707168 918459 840397 ,803420 783693 783845 841023 707168 918459 19153 115473 704256 309128 
480814 416997 480210 157871 823444 516209 69260 416238 748834 68682 ,823444 748834 68682 416843 508467 415889 296542 14206 4087 746334 
973816 629002 973788 33096 580801 22921 923215 70326 478756 417111 ,629002 973788 417111 526363 928438 969311 57899 751775 478681 143007 
372245 366416 952273 353138 181651 153651 619990 134751 526362 353289 ,366416 353138 181651 153651 619990 134751 353289 692576 510620 508593 
656253 819489 564365 408403 887322 220116 794055 589125 976377 894851 ,408403 220116 976377 894851 193574 123879 57718 865771 538629 192743 
757178 824129 824147 758589 824114 990288 374815 824196 772585 446844 ,824147 824114 990288 772769 772368 772190 375051 856317 773728 772281 
909298 860978 927822 713414 203289 267567 626549 141802 202426 266704 ,860978 267567 203289 141802 266704 768370 488894 863850 768455 707499 
779551 282585 292410 982648 279659 249317 982587 459170 336074 778639 ,779551 292410 279659 249317 336074 578028 831766 850309 292704 687981 
232229 232314 236906 232238 236866 227211 227236 232573 237177 237389 ,232238 227236 263918 221145 177873 258074 464793 108383 798801 449470 
912767 908014 517546 907808 842369 14053 843905 795655 858607 707492 ,907808 842369 78235 861491 690882 76697 869332 746201 677832 372208 
127740 342967 877793 310522 941398 911569 421182 366597 670817 218374 ,877793 310522 911569 366597 670817 275676 196860 703124 809258 260383 
126109 912991 56081 247400 697393 472283 507567 329570 80212 476097 ,912991 247400 697393 507567 8960 537455 442220 362023 512534 935260 
845491 435004 353301 728625 523498 137699 98166 351533 687332 635209 ,845491 435004 353301 728625 523498 137699 5666 686723 928585 130139 
213240 503828 10104 452326 503348 44088 122825 322148 111641 133695 ,10104 452326 503348 133695 517937 628454 414657 694033 666503 246544 
496725 250241 79840 247489 262537 232578 94385 232640 502692 232529 ,250241 247489 232578 94385 232640 502692 247471 525117 1478 248784 
119565 121104 127583 701032 892027 501847 84898 45378 307865 898846 ,127583 701032 892027 501847 84898 898846 83845 84330 669332 894561 
653238 653960 647267 650798 649360 648792 653684 653730 443848 647353 ,653238 653960 814907 648460 443633 719584 994926 443706 814801 878237 
378386 207352 839816 41719 356285 249771 378347 249290 904992 334241 ,839816 41719 356285 249771 904992 535551 345574 904939 711857 955908 
324717 432253 627206 366350 260873 354660 817372 340710 539137 688680 ,366350 354660 817372 431438 615391 668435 973167 259956 462174 900152 
479533 105193 123494 23000 583909 726974 153267 152033 548287 151995 ,105193 583909 726974 153267 152033 151995 928348 151713 634585 150975 
58967 126853 108707 101062 718500 109277 290366 763877 832343 397784 ,58967 290366 763877 96023 251554 108586 193000 903240 429453 151748 
107304 346743 124677 613931 613753 739511 108162 735605 836727 370040 ,346743 124677 613931 613753 836727 713028 349922 219991 304400 190281 
213811 145498 571211 248149 243669 180628 324478 571387 436616 324688 ,180628 2594 722197 357408 457724 334453 459446 632610 369107 688345 
811981 813200 120405 635744 94636 430035 806788 463124 228144 515156 ,813200 120405 635744 463124 515156 15845 726537 518713 566577 156133 
522524 322061 801939 689007 278749 294547 3503 458007 629228 808374 ,112707 254775 321961 790812 5167 891645 630000 101606 459979 326945 
162172 119687 403617 575586 229026 513368 299916 616737 70659 163017 ,575586 229026 513368 575133 21943 159108 735639 859630 307493 400130 
804111 716575 209036 716561 716610 152148 179218 174929 141728 159191 ,716561 716659 859530 519965 588521 804038 821968 132035 223391 832179 
461187 889819 387191 532621 14407 327974 555998 531552 885443 64438 ,384490 127826 680725 822842 400097 89802 696218 976175 822850 749901 
876367 206863 271141 180003 435781 86131 85153 96189 146340 86698 ,86698 773756 930240 488894 30940 581489 798018 199093 812536 520447 
519228 704754 690319 791932 241255 831039 861097 723645 13013 169658 ,788253 431989 284070 632605 179787 497250 43930 949907 791386 753499 
404319 400384 345933 767712 334531 287766 78147 360674 936857 697970 ,767712 334531 697372 636862 353839 284219 579280 517932 285222 152139 
614953 427556 640065 797563 832930 20917 400796 55898 305264 428530 ,427556 640065 797563 832930 20917 350066 68320 637569 140310 76529 
950374 949765 338781 498747 827376 378952 75170 691903 62419 492915 ,949765 925589 43594 106537 778726 488814 8708 704860 505100 597084 
284566 533694 346426 256348 310050 489622 123855 488908 901685 289770 ,346426 310050 683683 16605 678309 864657 16842 930966 233153 11333 
719335 29956 567955 321491 738530 321508 321534 635111 730687 560016 ,719335 567955 635111 489075 77232 833451 121966 187599 363412 760730 
628310 628184 287555 563231 628429 752960 903992 903791 934457 620605 ,563231 346706 2152 532275 518982 131809 97726 251911 184675 492768 
30055 686853 773738 30102 601267 69686 943289 59804 684073 815059 ,30055 773738 601267 943289 59804 684073 65660 784833 60212 664069 
757750 758733 757912 757827 720787 673905 649372 211507 675652 759869 ,758733 757827 673905 675652 759869 674834 675513 757278 404714 673945 
548721 252120 881560 734719 738291 681901 292774 246818 293943 31216 ,252120 738291 681901 292774 365440 952827 123787 682059 921645 275523 
594233 592352 294754 481806 383057 83342 483344 998540 438324 680405 ,592352 481806 483344 998540 680405 299320 476198 904107 503922 837037 
680005 235594 105726 957612 415387 732718 452515 554242 957685 324877 ,732718 324877 554310 252267 452605 176726 280457 928037 848671 291332 
21053 20873 448467 471995 617405 414745 158520 141041 853737 420415 ,141041 476016 472936 244746 402082 143174 910343 308068 530445 129288 
178079 350943 737553 975716 98859 68377 690036 32374 179133 7548 ,98859 698755 433915 722928 96433 143152 570256 364646 470579 448779 
47656 48679 669545 179058 528070 613972 184119 185948 178416 331477 ,47656 48679 179058 184119 178416 473794 669524 176154 267237 617107 
750767 256275 393463 717730 393056 988881 595157 15606 751604 752574 ,750767 595157 751604 86719 597830 108203 598107 196383 587743 594247 
84674 952476 500234 134871 128196 135535 68792 145613 437134 494514 ,952476 134871 128196 135535 68792 145613 93868 591895 515557 460102 
214957 90317 195453 274269 19165 679243 702131 464681 703689 659119 ,90317 274269 19165 659119 264904 287446 288478 277507 924686 801887 
761604 885820 78495 761241 396403 536253 544186 885773 604670 988194 ,988194 653299 383902 899625 225638 619052 844917 695384 59845 197536 
916660 830770 831354 129974 251591 990044 627065 783955 898338 877616 ,830770 831354 129974 990044 317437 980254 145127 317367 990373 374952 
224909 525357 153667 611265 169609 226226 77799 309014 525108 72213 ,525357 611265 72213 281660 434886 297560 70354 430527 555710 547401 
634117 68470 636417 530110 79492 230421 338186 68567 66742 60537 ,636417 68567 666122 663928 108189 368061 663487 334920 323121 19384 
201256 265534 462061 244654 778847 463676 243923 460991 592462 60049 ,244654 243923 285038 121754 204226 498847 539459 630378 500324 635644 
707765 706865 707486 706705 686545 706182 332280 175185 19725 332111 ,686545 232802 472295 75453 72032 220553 2181 20395 71792 788885 
65094 67305 991918 285980 835596 157830 288907 630367 16596 986627 ,65094 67305 991918 835596 630367 355819 267854 938070 495576 263004 
82594 135231 512905 968663 984577 575032 732756 481038 937597 848453 ,82594 575032 937597 660429 524029 577269 251157 739557 597171 741908 
834766 147562 983838 846882 981895 42818 383702 604133 604044 737176 ,983838 981895 42818 383702 604044 878489 779184 734124 995086 588055 
811316 633805 542558 810186 804756 634168 675031 866630 179616 973666 ,811316 633805 542558 810186 634168 675031 179616 811040 773364 677542 
73216 488605 503833 491313 94631 94381 284882 488358 488252 526043 ,491313 284882 488252 337966 354795 7858 75715 188875 964121 493481 
959086 774598 324586 353941 782200 340474 232021 630855 589689 97670 ,324586 353941 782200 232021 630855 589689 97670 311552 167168 577123 
337164 373569 350887 413864 337479 718563 294062 38254 452509 572856 ,718563 38254 718283 987391 373232 373462 892959 373567 44007 413855 
503215 324445 658339 368855 291945 658164 367030 280698 546710 341473 ,324445 367030 546710 341473 370627 724576 291221 292055 65190 280789 
545011 544826 544892 655950 655016 194845 273661 801583 655685 792357 ,545011 544826 544892 655950 655016 194845 273661 801583 573168 459913 
850738 953695 822790 431581 481347 886081 130872 223520 571979 542319 ,953695 481347 842040 9901 870335 342930 681819 273522 194706 378578 
419985 853022 410440 422266 189379 419953 807781 807627 478449 543676 ,853022 419953 807781 807627 441932 735599 635413 503277 874820 87994 
807990 807769 552844 56579 383473 52673 808196 829494 38854 824281 ,807990 383473 52673 808196 829494 824221 37811 52548 39001 9079 
225377 840487 880004 387207 639472 780606 116674 778191 621432 777115 ,840487 780606 777115 225486 98992 915344 858880 662942 96755 656995 
641393 642784 643725 645056 605709 645014 644633 444828 644258 640534 ,605709 644837 645042 644719 643817 643301 644850 644609 645076 62280 
929065 709520 410710 906977 931034 187025 534938 709929 930362 673219 ,709520 906977 534938 930362 345577 822709 353748 626404 985490 934747 
620829 919994 349083 587997 972076 960363 649664 454695 186030 18731 ,972076 649664 343530 359893 865537 207715 343886 988119 923626 333313 
982465 573796 906246 584627 381983 863434 465186 328943 152100 91616 ,381983 465186 328943 105517 982357 711005 306067 122755 10785 257869 
116778 202987 267265 451017 698919 680319 142057 63878 194162 272978 ,267265 451017 698919 967506 64865 66913 963580 972685 265913 201635 
845222 864180 853608 591435 977392 866638 343277 759443 893148 774890 ,864180 853608 977392 343277 759443 893148 774890 278531 851061 535169 
910554 412266 375166 702232 4379 413067 667534 903810 42386 541460 ,412266 4379 667534 38518 908452 469204 119907 667508 702436 753943 
872151 407553 361001 359793 873936 864238 872856 849632 565153 118796 ,357732 639622 921607 568163 348891 2219 604198 160182 3225 27093 
846851 299605 766702 355627 345290 46990 257067 617502 485804 149291 ,846851 299605 355627 345290 46990 257067 617502 47207 576558 297777 
280419 608991 848079 787599 762400 327982 952217 256555 838401 780457 ,608991 952217 838401 846459 224039 648296 650885 762348 606072 285595 
763256 59196 35824 93016 78216 769495 762953 763092 907166 597731 ,172346 888772 132196 524492 256967 4026 127070 166522 413878 35133 
601786 261482 237477 180999 294276 80363 848006 353114 848093 376692 ,261482 80363 846885 351225 232780 524988 377582 690457 519373 798671 
840530 969433 360335 135297 748845 130886 844168 749580 254635 899541 ,749580 774879 177395 140675 131658 529314 574253 131206 588665 141733 
51307 428577 406944 567829 223472 292938 911101 529911 157687 161692 ,51307 977747 210785 905283 305602 351089 321738 412026 352308 518364 
883560 883358 527290 883388 678697 526835 408192 679366 243166 499381 ,408192 527980 713185 184572 177428 770790 547889 575410 429330 526291 
436421 457166 541838 91234 800834 260800 996852 996603 981899 494494 ,91234 260800 981899 494494 727788 473966 810137 808045 996761 994250 
180406 379386 27727 2950 70145 794658 401064 34169 55198 589740 ,379386 2950 70145 794658 34169 568692 33372 488567 966471 176897 
938607 856971 920546 915468 920081 919871 663690 887780 79069 509976 ,463504 18709 71906 462315 46182 10977 193192 103057 736083 685766 
447397 424844 765199 899601 920206 449088 449313 847599 680395 424879 ,447397 424844 765199 920206 449313 424879 720178 821295 194767 720230 
249216 294178 108365 295777 295314 868016 659394 501088 665574 726061 ,295777 868016 501088 665574 863472 901633 739533 665866 294439 827141 
426846 458018 989828 974889 811500 914668 790838 941454 433722 629213 ,790838 426676 458159 194096 517597 426730 678643 101242 534623 960919 
957693 969848 402881 748844 375125 546101 749602 373805 373777 660008 ,957693 969848 546101 562835 839224 663887 573749 227380 344010 853849 
539037 58764 128642 411690 542248 896342 629311 958205 562285 997846 ,58764 128642 411690 594378 561065 872364 182760 183844 510223 781622 
95135 68437 83341 429257 336671 285958 558368 94352 698410 350433 ,336671 285958 429779 99157 86972 151791 88789 551823 527862 903825 
376328 325865 323160 376277 323464 724549 695175 803977 181435 724587 ,376328 100898 483442 279800 525135 263889 123484 719738 519420 389108 
540110 44589 673025 539661 996570 448185 996515 541493 735237 190635 ,446848 113269 824784 448306 838149 98 768185 447994 541507 447925 
812536 110186 206552 270830 127895 832622 15081 806577 236566 14350 ,812536 206552 270830 15081 876294 228937 470816 462076 120498 552840 
361069 774249 521616 31766 56341 461682 940246 475935 416105 383771 ,361069 31766 940246 494186 31038 348093 70512 43677 313754 453624 
248889 55552 603485 248948 151544 920218 215619 919740 603508 47270 ,248889 603485 248948 151544 920218 215619 919740 47270 144596 95949 
835915 638351 908683 835696 831530 980893 835511 27733 904551 26069 ,27733 904551 26069 375438 580749 638486 639389 831637 638907 613041 
942751 948600 585745 942627 585432 200401 200221 264499 272448 235271 ,942751 200401 264499 235271 408306 607830 125312 252833 397406 251600 
887544 918854 867771 206989 398493 888132 867723 394501 397958 833849 ,887544 931876 11344 892800 964887 843538 884288 957895 207038 560764 
98728 98739 285254 179167 321628 284726 804072 503171 278974 292369 ,98728 98739 285254 179167 284726 283572 98721 527575 292133 279272 
60498 681962 681933 227374 61128 239153 287934 682011 223109 304493 ,60498 227374 919000 246236 44733 830687 646778 641140 50313 381353 
744693 102071 742768 437272 739031 22883 726726 23009 102298 175800 ,742768 22883 510421 282872 36734 262312 585408 357306 586417 328992 
563391 955517 794359 192487 271303 959145 732492 759702 220548 567481 ,563391 955517 794359 271303 192487 220548 732465 711997 85902 572108 
1891 785093 2482 79265 186274 799368 650634 762648 212181 431473 ,1891 785093 2482 79265 3817 431038 17006 473862 142848 812991 
359484 631150 434472 79576 551362 845026 117787 35562 171964 442253 ,551362 844757 888925 206772 598182 997369 967350 439788 488642 534216 
621552 127042 619317 856017 250441 878405 39765 449880 83003 152244 ,250441 39765 821158 476335 938454 537911 637646 454709 375209 557834 
685954 905709 828460 678586 295170 17836 295320 175246 686191 905365 ,905709 295320 175246 905365 911287 669802 778662 85513 823147 823005 
414168 437464 414021 436863 12155 92221 435988 879129 555044 601277 ,414168 437464 414021 436863 12155 92221 435988 879129 555044 602392 
136384 729846 129649 418995 736757 6227 398110 137223 320787 960431 ,136384 736757 137223 20850 744384 839271 871737 586605 839128 72934 
640129 640969 640464 640982 640621 640769 640921 640927 640317 641019 ,640621 640317 640636 641328 211331 640430 994795 640821 641185 640906 
175304 551846 552219 678941 245616 175642 423084 188895 777443 175395 ,175304 188895 606864 180705 337017 953294 81190 140586 465741 524998 
420975 643633 644027 640845 40185 120566 40152 768867 771138 768986 ,420975 643633 640845 40185 132127 116232 980054 423962 53274 155960 
59263 993884 993829 993907 193541 272357 376861 678566 842918 503119 ,59263 193541 503119 272376 224237 406344 326470 267773 526910 406402 
85597 258309 430598 72008 69620 528893 520179 745818 256936 666636 ,258309 72008 69620 528893 921918 350758 735034 529036 83054 724825 
388420 857971 859166 874183 767197 128960 251183 155865 874851 548596 ,874183 767197 251183 185381 109084 600306 209948 740114 674244 124906 
743683 57555 759293 732405 887169 122236 561901 678112 224879 676828 ,122236 678112 451462 187496 878862 580316 711872 741197 415818 187532 
806386 153229 514443 149570 509290 404908 404970 551877 62177 350608 ,823537 588521 487875 548419 188771 492230 296038 515539 840791 371299 
690468 554751 331293 240791 848362 359390 427259 343694 454837 240806 ,331293 848362 359390 343694 454837 240806 100292 639375 230523 370291 
695752 773181 243586 772851 772780 160304 208262 695177 694852 822214 ,773181 772780 160304 822214 204393 232503 822285 365750 488902 281288 
577189 200637 264915 201563 265841 552049 233779 200900 265178 230736 ,200637 264915 201563 265841 233779 200900 265178 230736 888995 936108 
453815 921576 455606 84330 256877 83845 458764 901923 502850 497564 ,453815 921576 84330 256877 83845 458764 901923 502850 84083 988437 
39438 798741 477996 853761 867075 736073 735929 477975 443253 47908 ,39438 798741 477996 736073 735929 477975 47908 667569 617267 823498 
841559 179706 179716 592760 3247 929882 76884 703269 76787 169634 ,841559 179716 3247 76884 169634 578073 626859 741799 294031 930238 
888268 86013 209813 548512 346010 206076 270354 548913 548667 159430 ,206076 159430 225740 801928 635171 599185 309575 598430 111047 492276 
476383 7736 398321 399615 546942 88533 88256 54103 188680 793813 ,476383 7736 88533 793813 762892 912616 325973 410894 391584 479366 
415215 608469 156062 249204 392594 261219 325031 263347 123568 2176 ,608469 261219 263347 394304 194398 62699 624443 989074 834355 32750 
511693 511087 510888 510932 401101 510895 462600 422583 30346 502247 ,511087 510895 422583 30346 285226 151266 397232 528664 714735 422881 
470490 470701 470491 470856 59010 762025 157431 549770 292100 500114 ,157431 110988 438275 168461 168471 736280 521714 803153 224333 499539 
345794 358642 361648 67312 425223 304437 343372 808291 349340 589082 ,808291 808519 724258 391870 67704 201293 948907 300150 390724 603100 
136368 134415 79017 675418 683152 215031 466658 404992 405267 425102 ,136368 683152 404992 405267 393318 928532 472614 404987 512806 195079 
104846 122240 166676 919939 529242 234129 151594 725716 528566 105138 ,104846 105138 553158 182230 68009 547506 525662 547448 458177 158673 
492288 915414 742204 599070 493241 464826 742184 449973 252296 491999 ,492288 742204 493241 742184 449973 491999 363434 380468 239114 960683 
420619 703851 678360 483256 420484 147085 62162 482030 14895 482923 ,483256 103628 637161 970366 136452 207663 219365 15129 987713 402371 
804985 243499 22487 83314 16745 583503 175097 762536 175551 21624 ,243499 22487 175097 844230 731305 460849 695115 239837 33708 633745 
348931 361599 695310 859775 778193 193901 272717 230309 882145 271222 ,348931 361599 859775 778193 193901 882145 957137 919620 333533 896511 
174498 346104 786922 146692 119679 777741 131861 778589 777311 47367 ,174498 346104 777741 47367 389023 838583 284480 164228 363354 120437 
211260 262874 592519 579028 262841 22610 593087 870792 573610 838549 ,211260 262874 579028 22610 593087 870792 573610 838549 999889 5347 
342829 208192 620077 377069 733787 377203 999603 631326 154821 925361 ,377069 377203 999603 631326 154821 925361 327676 735261 440817 432014 
509214 853109 5383 852191 474242 879915 852363 880489 858014 895588 ,853109 5383 852191 474242 852363 880489 895588 457839 822999 744118 
778638 779228 283244 10242 88731 112830 725265 907830 895612 280988 ,778638 779228 283244 112830 280988 292939 685052 227348 112904 282586 
454853 22926 30609 758515 784946 23411 784985 487707 377089 623486 ,784985 33985 874528 961495 614085 440632 961619 729182 298813 452523 
688542 558026 39072 799865 755141 38879 799882 770185 558445 38966 ,688542 558026 39072 799865 38879 799882 558445 38966 556943 814344 
901037 896880 389132 80577 897464 144344 389215 493539 161729 897081 ,896880 389215 897081 228604 247456 900783 560661 793256 543276 80342 
709898 332492 754965 775757 709553 251103 774105 334945 931256 710778 ,709553 251103 774105 990081 888381 894238 990311 259345 537749 473124 
158809 528512 924694 261011 158478 260519 528394 708795 530572 211807 ,158809 261011 260519 528394 736348 389448 367147 831381 30305 497028 
557644 327990 203686 267964 326480 297451 398121 687897 150664 231308 ,557644 326480 398121 919409 95669 250758 584315 272087 869656 613219 
350544 231272 352548 61880 263543 229626 585435 436365 319491 449314 ,231272 352548 436365 355872 83717 229113 115237 232164 354825 336794 
73516 76023 73051 822850 749901 576109 390959 533591 874403 64021 ,76023 533591 874403 64021 67289 889819 935444 338898 502974 598924 
613549 409477 64314 959538 448769 683567 59747 133830 227010 493310 ,683567 552940 407710 210073 318082 133711 399390 863540 158373 60194 
486075 340866 968722 570841 710021 31380 485753 415108 918482 672107 ,340866 710021 672107 828106 672078 794989 106920 34802 696125 175607 
65671 516288 126489 596781 743123 681981 831413 604020 692468 198440 ,831413 692468 277256 225618 947290 310525 438017 789440 519232 830369 
675134 676149 675711 676419 674900 675833 676975 674825 675110 675321 ,675134 676149 675711 676419 675833 676975 674825 675110 675028 714950 
594096 922169 480333 239990 960109 956917 528203 859441 868865 892577 ,868865 73968 671530 203311 239329 223891 815176 311750 935024 922587 
59856 405210 59286 874494 71631 518404 524976 79479 178079 873027 ,59856 59286 524976 516473 474203 780281 534324 94374 168402 323724 
963822 702833 524259 462101 193427 272243 461977 968143 461261 618718 ,963822 702833 462101 272243 461977 968143 887971 66607 498857 274315 
992610 716153 922940 909572 245391 25237 817427 24893 80339 959463 ,992610 716153 922940 909572 25237 395751 676511 101089 833776 990353 
631506 706563 705216 519725 170791 548805 572959 426163 387666 564 ,706563 124689 867484 472311 681608 171757 573397 313171 253915 186408 
992176 992478 749294 381267 957678 125862 750169 957838 720271 261694 ,749294 957838 833963 368256 553079 197201 957552 851282 485604 369841 
77084 67598 73282 64451 71158 61845 162381 143406 62623 924863 ,77084 67598 73282 71158 62623 924863 438646 989670 400157 71245 
463881 182377 390647 483202 91742 622914 843539 677881 518812 867881 ,463881 390647 622914 677881 518812 867881 60082 851337 122832 90985 
946231 711192 778920 145645 918733 380170 543432 927613 145317 110451 ,543432 110451 887870 927710 374363 126840 128467 909374 909231 631718 
630601 631435 631052 569262 569217 229474 913106 900817 784570 770273 ,631052 569262 913106 784570 770273 495964 857852 656524 656786 44972 
471570 499156 999495 531227 280797 529750 512391 227781 292185 95339 ,499156 999495 280797 498384 940348 55032 410123 294355 913372 423550 
236910 483752 527064 261781 262848 389851 505371 522119 237675 426331 ,236910 483752 527064 227336 292632 529009 233419 528557 787575 813254 
191290 874318 902145 403918 976423 146845 571528 283303 946687 901541 ,902145 283303 996871 541289 238945 388245 828654 875111 966831 890797 
826071 825766 560070 471928 471894 768472 691522 113695 473368 135406 ,826071 825766 560070 471928 471894 113695 375866 63538 55221 559613 
399219 402922 403524 76084 474542 474481 570915 388128 85514 500435 ,402922 76084 474542 570915 82352 682134 405775 788329 634771 366637 
688576 77167 474905 371818 128005 270271 949488 397452 136475 475424 ,77167 128005 270271 949488 136475 531036 89395 651190 118440 25794 
253718 253170 683284 590149 241389 231782 252454 893820 231883 531238 ,253170 683284 231883 208704 828366 241852 264425 501050 874701 881030 
756030 519424 409864 646730 22145 237424 227156 240296 601111 389082 ,519424 240296 389082 903196 238476 336629 993273 391842 497235 821687 
173875 329381 284196 438098 65461 971662 736003 526751 971490 571427 ,173875 65461 971662 736003 971490 130295 376095 174101 76176 735765 
223521 896163 899867 398806 915609 778055 250844 572691 400788 251606 ,223521 778055 250844 400788 396988 846079 989210 15642 595994 421990 
679398 515584 515738 680094 989370 989506 515867 596974 917462 921717 ,679398 515584 680094 989370 989506 596974 211450 594308 747826 480814 
666333 185225 60781 433359 790508 121887 461877 88205 210635 20613 ,433359 461877 62142 515480 62549 135692 434301 625983 370233 793619 
437436 242078 242024 242029 695539 803255 298739 12594 678574 528211 ,242078 242029 298739 678574 723296 415398 297710 242564 609688 242878 
105137 793293 633119 792761 106319 111280 633910 84107 99362 635559 ,793293 633119 792761 106319 279216 84862 636405 815139 153036 520741 
685802 419444 558423 50392 994109 378893 474410 637901 685134 411704 ,685802 419444 558423 50392 994109 474410 637901 411704 735041 540471 
401672 753679 390945 437377 515559 292783 386387 89456 215367 86754 ,401672 753679 292783 386387 89456 215367 217216 339217 794672 167917 
11945 990362 204722 269000 350028 187372 548706 360086 760082 847988 ,269000 204722 350028 548706 969053 488805 632826 964087 117406 283357 
151171 341828 730207 151190 25782 615679 480691 188639 724942 157736 ,480691 724942 188590 824940 30574 389384 105421 451322 729981 426704 
384499 64925 943186 93301 168169 205851 597600 66035 339946 120548 ,64925 278096 275898 196048 803875 256236 555396 464383 225741 520626 
234076 844315 871835 191687 884013 562518 830575 863428 235153 481172 ,884013 863428 481172 706859 226004 921021 921023 921807 819224 600408 
297209 373298 714017 926037 458199 859485 877665 295067 420947 452203 ,297209 458199 420947 877598 473313 700706 37579 978657 859427 471567 
505239 246286 509643 904752 961711 769452 44360 626539 553298 697103 ,246286 961711 769452 44360 626539 553298 905912 288954 696861 354246 
153106 106689 690445 832341 881321 932518 14606 202385 395322 701825 ,832341 14606 663467 873130 864902 932692 560823 857543 703892 392482 
590911 34804 926848 362600 393287 76999 801107 495915 465572 75326 ,590911 34804 408232 592237 750524 586985 490545 989020 127901 988532 
409401 324907 96316 808174 835536 419309 693139 416643 783411 500044 ,409401 324907 808174 835536 416643 116447 814756 406668 421673 65107 
165096 960954 164996 183717 333749 585729 148896 624551 398319 783216 ,164996 333749 585729 783216 508944 629508 369381 136173 774079 996471 
523721 69658 122032 566342 566318 302713 44327 151152 44718 151291 ,523721 69658 566342 302713 44327 151152 44718 45445 499547 157085 
640665 640066 373959 943659 854780 642042 848699 443829 610165 766309 ,640665 640066 373959 943659 854780 642042 848699 443829 640391 444137 
510920 797058 137396 40673 576038 229090 352936 40676 340316 234183 ,510920 797058 229090 352936 234183 513125 232513 342941 388720 158464 
202983 65354 670312 934065 922894 249698 641489 311030 862488 181267 ,202983 65354 670312 934065 922894 641489 862488 181267 573706 675167 
807699 847345 684527 534923 55314 619025 124488 558452 54608 44529 ,684527 534923 124488 54608 753931 786337 54541 477412 600953 754622 
471051 472644 471140 699388 472556 429596 958222 603805 234275 502192 ,471051 699388 234275 502192 704425 342890 237670 234233 476286 815996 
507773 299496 868372 554338 303848 965494 414151 707446 16257 506109 ,868372 554338 798468 991615 148728 185194 411912 126898 914732 35883 
37476 298221 376957 196385 275201 37556 37449 731564 634692 569933 ,298221 196385 275201 37556 37449 731564 634692 77522 320280 22847 
826976 769165 826475 768156 762415 751474 805976 826910 814576 847738 ,762415 751474 814576 215985 101866 447001 796107 769170 448025 613257 
665432 910042 231432 984928 170843 326906 23238 326780 14192 992443 ,910042 231432 984928 326780 992443 992475 992110 9627 358426 325122 
463367 454686 682918 179793 431848 177250 685631 454868 208471 699239 ,454686 682918 431848 177250 208471 806760 463567 433559 685405 465770 
508244 528457 529273 528951 531212 528778 529514 430598 528980 530014 ,528457 529273 528951 529514 528980 530014 430407 529083 528663 608342 
809624 941377 809566 300858 940984 763726 102890 765879 942771 826280 ,809624 941377 809566 300858 940984 826280 787751 653667 143419 145007 
51194 51119 37366 36754 570723 36558 650195 378063 580937 609561 ,51194 37366 36754 570723 36558 650195 580937 609561 915302 876239 
572864 15411 618740 385900 565610 599919 122815 158852 682649 711365 ,530662 146 605988 872820 403286 393120 211970 69635 915764 937208 
17184 17809 233097 342950 137766 668831 224235 303918 593569 708563 ,233097 137766 668831 303918 846952 858869 801371 177565 412393 208788 
919372 926959 926015 751066 959587 88759 938160 873934 960275 921194 ,919372 926015 959587 681773 404584 875862 84835 865983 15637 739884 
317729 749882 963913 513336 304372 736857 128497 979153 736954 971578 ,736857 739020 64547 277344 147219 65516 166433 265966 382545 680821 
541314 100386 609509 61912 724714 313433 309051 88479 428043 718731 ,100386 61912 313433 309051 88479 428043 64331 17037 51626 570519 
753915 191051 954067 414361 963711 299419 255508 867450 157301 476177 ,753915 191051 963711 299419 157301 476177 26761 954417 298404 866972 
953795 657415 557577 821015 605742 657908 769425 601527 427599 906315 ,953795 657415 557577 821015 605742 769425 906315 656682 8676 769365 
895910 839798 169314 949820 58254 943790 570936 72270 952677 865391 ,570936 842264 813488 835610 571415 877078 921921 226909 631785 958946 
805178 816725 519438 717362 427944 667399 446883 129122 39003 643141 ,446883 112580 476662 151722 293284 131700 953246 442806 427805 655482 
123056 122585 858503 661951 427035 662208 322362 169937 858653 93815 ,123056 122585 661951 662208 322362 32667 40400 481009 772990 757386 
921219 702716 83891 980053 601272 83127 638764 869584 458758 536523 ,638764 629147 122694 400762 571370 42934 850624 122927 105519 904276 
943763 945993 942656 949077 952265 949970 949569 918694 847778 822154 ,943763 945993 942656 949077 952265 949970 949569 847778 822154 944413 
18639 18874 405479 35927 43298 379104 106194 379332 613611 865702 ,34308 405899 754830 43122 163702 109714 185998 409352 382657 722394 
516556 79431 214992 401564 128438 955239 150346 22250 717126 430660 ,484682 223954 942682 467414 669833 156095 94348 72150 70079 601975 
161220 408843 90913 579608 844870 767461 403596 835530 298639 767324 ,403596 835530 733619 854955 836510 860072 980460 860154 737249 506017 
429807 26954 33078 33000 30828 525136 519317 30349 122208 805069 ,26954 33078 33000 30828 525136 519317 30349 122208 33457 308993 
599902 282419 285498 62925 329108 17145 160680 976247 62998 679869 ,17145 160680 679869 873088 981578 942025 390229 951577 839435 708022 
196993 275809 74020 291307 166419 587986 152822 329733 127353 358834 ,196993 275809 74020 291307 166419 329733 358834 179329 171458 99381 
504877 458047 458233 505576 509525 44461 237525 503893 503480 242367 ,458047 44461 237525 503480 44202 238003 572639 572766 873847 130783 
483520 44303 231189 264890 285509 96105 935944 231710 106835 781308 ,106835 403306 620830 32739 407585 239049 364739 133689 124523 184727 
672074 31337 710977 854203 992161 992902 308200 747187 467063 768951 ,854203 308200 747187 467063 689902 306878 324977 741312 70117 141292 
128386 859581 897217 2098 412988 481510 326400 17522 734029 318638 ,859581 2098 988467 60223 322070 802300 719672 584770 505313 554093 
732767 883891 619425 357586 618560 872270 3135 36741 819043 400271 ,732767 619425 36741 597081 72983 431366 36127 411714 381780 565813 
617534 201529 265807 709344 751478 449218 449827 630845 45835 219191 ,449218 45835 505534 365267 143197 515896 430270 116072 438122 803997 
677022 676752 677621 407875 614444 950743 776274 77583 485135 398534 ,677621 485135 484016 132812 537114 874719 767613 776821 257479 347177 
760046 676047 667181 762959 676857 777590 606715 611148 777564 611377 ,760046 676047 667181 762959 676857 611377 675917 906305 373860 757022 
474521 474470 306558 216168 452474 523432 470117 548100 424258 122450 ,306558 216168 523432 470117 176916 299646 270756 206478 523356 85097 
898968 685130 102091 798423 538794 813595 74007 677999 93808 813721 ,798423 74007 677999 813721 75307 798578 526460 438931 762923 941091 
770180 479754 800551 770133 683948 640632 641744 641971 478432 642229 ,770180 800551 770133 683948 640632 641744 641971 478432 642229 557819 
245336 170614 104929 527817 803965 719347 284906 515328 815650 100281 ,284906 100281 517737 240918 803955 614869 337643 363412 730558 684188 
547035 279706 495801 738445 523758 86326 786216 602756 790721 156491 ,523758 86326 786216 494945 416960 40559 362415 297327 780095 291890 
31235 31443 771825 484079 736921 529854 852352 840695 586745 138755 ,736921 529854 852352 840695 893913 430663 490174 690721 219324 179653 
56003 504611 785129 505851 243968 44115 579441 816034 497066 301443 ,56003 504611 243968 579441 816034 497066 229113 524364 514694 511770 
355815 93879 728453 922294 682987 116760 896471 704599 346556 634220 ,728453 682987 346556 747602 76002 394184 136651 881089 580555 895083 
615159 130949 353105 514846 363397 816782 261528 305045 29951 614921 ,615159 130949 514846 261528 501866 699272 304988 823932 429543 610084 
647230 646550 647599 647406 650656 648115 653264 653374 647463 649243 ,648115 653264 653374 649243 649869 650226 647550 647215 649249 422769 
558679 538676 538681 539544 558765 667775 539758 558954 614891 858289 ,538681 614891 489956 374911 910823 844137 253532 582487 614860 858756 
28579 655655 876855 993276 399903 960740 620086 403641 894957 616580 ,28579 655655 876855 399903 960740 620086 403641 894957 757848 775187 
74539 61381 73988 63470 76319 71433 72431 790741 63125 209072 ,71433 63125 209072 685250 83592 292150 350987 340864 84292 279932 
823780 394124 971539 347280 811031 394171 508740 721512 64158 682766 ,394124 347280 811031 359117 349032 878243 240758 408371 108916 344920 
432176 140678 229759 821728 523142 463515 551187 750482 226306 300720 ,432176 229759 821728 523142 463515 551187 226306 13550 847513 942205 
564151 821164 874761 775729 219790 875251 836865 62699 876143 999754 ,821164 836865 779317 162720 710839 788080 303392 111111 915525 481315 
111433 81375 353613 385529 340470 434512 862693 81332 174695 330844 ,385529 81332 427861 410014 247671 872317 891132 509207 279883 902494 
36068 619617 850994 921905 850895 235072 921440 234178 850909 757382 ,835173 665605 833863 834310 569472 46645 739498 610008 834039 580039 
384696 398098 401623 467150 280245 389912 718995 59335 233427 299870 ,398098 59335 15280 300242 180651 510554 214886 805153 618028 293047 
492931 512185 805485 141203 711661 469691 690579 365830 979568 322896 ,492931 365830 979568 665732 714540 665566 309976 141709 340189 610497 
497246 363760 248785 236851 458035 601626 246498 601036 82227 363698 ,227151 691349 280015 236552 482383 248391 305890 112832 305752 354229 
216108 418807 768620 921351 642308 722740 832725 799574 39254 99581 ,799574 39254 898056 45669 767922 422299 39079 767241 695642 39478 
243458 404661 833281 15800 46730 562828 248735 880039 109492 716273 ,46730 562828 248735 880039 109492 973650 565674 871406 880034 584084 
651505 650180 669371 671399 814748 645382 432392 289144 343870 670916 ,669371 432392 289144 889864 777424 712251 534660 785418 683972 726409 
358428 730101 304126 970007 910802 373655 405990 116872 947096 10368 ,730101 304126 910802 10368 187735 379745 669518 917369 571139 807458 
162930 755012 583371 812117 188125 501562 594857 298540 898964 115561 ,755012 298540 115561 291705 177040 262320 16379 73385 660507 315974 
818477 23463 560359 528434 560795 683991 82951 337180 151250 818019 ,560359 528434 560795 151250 487433 70878 4604 29939 304986 790844 
516392 367466 367076 125329 155965 602353 534453 940934 154035 538617 ,125329 534453 293221 293466 112108 277896 599666 501221 840703 126537 
279691 737399 987654 425622 3180 598007 978718 154552 836979 617678 ,279691 737399 3180 978718 531049 919020 617833 660440 659872 89011 
862003 869987 617961 563005 513576 861567 512140 969349 535311 617883 ,563005 513576 512140 51336 892330 535244 225413 861378 331479 212513 
93644 74919 43815 975862 43858 90585 974839 942893 344651 223086 ,93644 74919 90585 942893 223086 987019 572131 634295 931117 75463 
826390 698086 697972 826581 468023 910455 354929 57248 700581 910217 ,826390 698086 826581 910455 994217 113194 762327 411009 467288 995942 
762677 957963 199360 278176 973383 16305 403721 762870 577178 843766 ,762677 957963 16305 403721 762870 577178 843766 977260 140579 114154 
656969 769734 803374 951275 448178 969059 656570 471807 951541 776956 ,951275 656570 449623 656841 907756 898630 652290 413641 656406 720703 
59289 620739 722121 965625 670651 965428 526898 852297 58089 526447 ,620739 965625 965428 58089 625307 93318 543830 866018 14098 14374 
489174 25794 318373 526038 385534 385758 617415 383017 498298 111003 ,489174 25794 318373 526038 385534 385758 617415 383017 111003 613270 
182483 107308 724694 131233 379690 106022 154534 384829 967367 471555 ,724694 468261 867392 430822 699097 151682 170927 724765 698322 547702 
197170 275986 18945 121033 932095 810606 11312 196009 274825 868425 ,121033 11312 274825 953806 603334 931617 516563 931763 505793 661413 
788625 897150 569182 952021 952402 897572 770594 448630 896894 448877 ,788625 897150 952021 952402 897572 770594 448630 207762 948467 970716 
681583 680430 678657 142504 691182 729530 488233 487840 449939 487871 ,691182 970017 678204 223216 339840 487563 159716 970024 917049 13728 
82779 88065 570953 548100 425842 930257 679236 441674 88382 92538 ,88065 425842 930257 88382 92538 89528 95245 206458 270736 834928 
88629 180821 695057 862675 180808 862391 870831 180895 730202 425174 ,695057 862675 862391 870831 730202 730196 696196 205054 302733 730428 
690123 505267 689940 689876 151541 151169 736959 101787 316817 151624 ,689940 151169 316817 315858 994275 322118 510245 264105 199827 663389 
638909 638696 26274 255751 353356 160434 57682 109986 247418 332277 ,207501 135314 40649 230748 240648 234081 410493 332678 369181 236292 
216809 865960 866091 469093 433740 811621 385630 484943 11107 798513 ,811621 484943 691809 596485 485955 373206 430056 865109 802855 770862 
18536 787265 629677 48019 579379 436667 14458 259999 629371 844662 ,48019 579379 2529 793704 47968 130227 507112 76070 437212 14263 
713080 205288 269566 855036 755152 565032 237368 730409 853521 932195 ,205288 565032 237368 60813 227397 617973 614210 855258 502381 636737 
177847 197019 720206 623983 748627 749506 623480 158303 647832 395466 ,177847 197019 720206 623983 748627 749506 623480 647832 395466 622255 
114037 346011 527284 999891 168447 4316 113052 694247 400246 141586 ,527284 400246 141586 810887 908722 59080 127664 944152 517619 740991 
6632 552995 715810 603603 386107 552683 962824 41296 413939 103385 ,962824 413939 103385 909887 34128 112374 908816 479330 599379 768073 
722398 974476 573739 717820 895433 717633 323873 323372 356067 458425 ,974476 444283 609971 973029 426736 653141 647368 965705 364578 772038 
188840 237186 237031 228962 958958 423001 929788 237307 694156 189131 ,188840 237186 237031 958958 423001 929788 237307 188864 893461 216608 
469945 470267 469708 469660 566407 127294 257088 785935 110631 470532 ,470267 785935 413803 273533 194717 996941 755333 239960 263995 732754 
883013 539887 883078 577598 248913 578938 726919 205311 164431 12793 ,883013 539887 248913 205311 386991 292295 270366 206088 719815 91397 
933631 932701 45339 216124 863840 594417 985276 974220 866612 629471 ,932701 974220 908856 52143 253966 552519 400880 403478 986702 716613 
5826 5885 754927 795689 795787 399103 217444 496198 807562 494416 ,5826 5885 754927 795689 795787 399103 496198 807562 494416 700418 
298882 296654 295896 295047 441663 497365 586818 421979 708006 588253 ,298882 295896 421979 708006 109104 301336 299455 160775 501798 196211 
677120 110128 237472 913402 799179 852328 227350 731642 284573 913463 ,237472 799179 852328 227350 913463 980914 677137 249949 985666 557598 
82165 219750 857891 627695 152376 560941 484353 949890 106038 238168 ,857891 627695 484353 949890 106038 238168 703599 962342 142731 962719 
732547 731555 732562 732641 732626 731567 731955 777180 777215 605000 ,732547 732626 778607 612788 611425 742804 613574 906227 351071 626092 
679608 918935 679327 525673 879924 130252 525781 831765 68732 426246 ,525781 831765 68732 275776 502549 917831 140406 155697 384711 116364 
855817 55771 378997 178375 52654 862897 468590 51836 57079 352365 ,855817 55771 378997 178375 862897 468590 51836 57079 352365 87331 
958865 958009 919004 895730 847914 896273 855058 130206 374700 906470 ,958865 958009 919004 847914 855058 130206 374700 847768 619910 958634 
245878 549535 146601 566069 511607 246287 13357 820969 65794 566007 ,566069 246287 820969 544916 966068 390436 505118 334298 498425 888346 
757444 62435 433120 151152 46908 921034 921888 83954 72544 151299 ,151152 280946 86235 685516 342292 151603 430256 523479 61143 505424 
959493 528154 926334 467079 517189 959360 926971 554661 801641 527379 ,528154 406325 336996 610493 103290 100160 554695 905365 450637 446905 
111238 458358 321829 142483 337756 321955 285958 500760 458263 532700 ,458358 337756 321955 500760 318907 465319 675699 99041 499388 291973 
127787 127884 234739 460460 77527 515043 355800 509511 392892 980906 ,460460 980906 515674 464381 981439 168299 669836 109269 669806 325073 
373973 893083 658758 618786 892979 788688 760028 664939 892992 894956 ,658758 760028 137303 158339 114016 480989 610086 78060 618868 403588 
497392 337082 308249 486879 808139 531693 523698 422191 696849 684133 ,497392 308249 422191 730776 280103 218540 484526 635083 977513 575907 
806918 806653 723121 978419 806685 432124 466897 731030 517135 735990 ,723121 517135 498513 392224 965179 238848 308376 669974 629904 106719 
833112 443575 443608 851311 837292 444889 837395 950202 851522 443777 ,443575 851311 950202 854414 765435 853807 770165 401151 911347 940822 
585053 619533 354505 248947 352770 531063 823996 358581 532594 775667 ,585053 354505 531063 358581 532594 160125 341626 848055 653748 240649 
110043 434351 993923 138796 3142 15041 767043 563347 232464 71655 ,434351 3142 15041 72264 170719 532585 267153 745952 31254 203450 
481195 33514 481828 343502 796048 483485 853064 33178 482118 372144 ,481195 33514 481828 796048 853064 33178 482118 372144 235064 797026 
757244 832501 788323 792604 831909 608266 767894 826073 763281 826115 ,832501 792604 608266 767894 826073 763281 216411 648105 994922 24400 
938753 512930 149722 114787 539945 60054 161741 115739 327363 936859 ,512930 149722 114787 60054 193779 458047 235350 923712 850201 453362 
806174 421080 806340 806229 520154 36486 71567 361222 806223 163847 ,806174 421080 806340 806229 520154 806223 806822 411399 411445 392109 
233365 840762 36555 523760 78245 36725 84382 433121 239433 360838 ,233365 36555 36725 67539 942266 522500 407961 873039 261753 82151 
505924 681936 378271 888559 349884 660126 377646 482756 483819 836410 ,681936 888559 349884 836410 868827 958020 921077 227085 505497 387266 
614823 549429 82183 122870 550337 688462 422868 846098 397059 321583 ,397059 30221 704173 365878 504003 499852 708462 807242 614953 430830 
156843 73673 552152 728172 752951 34070 808451 432173 362116 60861 ,752951 34070 808451 432173 362116 783378 296771 304581 101970 139658 
678085 947354 523593 522840 752152 729206 941149 948243 393678 393036 ,948243 281757 705768 702446 392419 866190 947477 529907 785797 842138 
730788 702227 813383 860560 812852 501937 375591 21429 707662 807090 ,730788 860560 501937 707662 917690 701445 326913 538494 714264 74136 
82274 61134 107831 83290 69131 339064 487044 84040 81722 247272 ,82274 61134 83290 339064 487044 81722 61203 923942 254670 257959 
995796 894084 826889 661465 821468 755729 883260 397592 996101 656513 ,996101 824990 893067 893019 893539 776737 893279 757622 879781 140568 
472151 733821 10671 729727 881901 455247 71186 467909 514964 737444 ,733821 10671 729727 881901 71186 467909 514964 86215 174445 167718 
641459 891677 445437 102663 957764 447145 905800 642920 446581 641549 ,905800 446581 885769 851988 846357 445625 837720 642637 570355 643181 
999973 650342 695159 289120 702134 737626 985862 187133 43200 42281 ,650342 695159 985862 909282 918042 411437 196952 100167 23314 463797 
481559 363397 426705 138472 535717 738554 558372 68542 614921 738536 ,481559 426705 138472 535717 738554 68542 105064 30007 78132 744753 
920405 405922 9937 863086 739834 633360 543232 863231 543209 905421 ,405922 863086 739834 956401 223483 871470 527645 126524 526361 930916 
618843 694748 747119 328370 619026 151627 743247 5869 809848 678527 ,618843 747119 328370 5869 653777 862075 247928 750372 870398 694771 
855173 851350 952232 657727 850903 389137 389200 475673 855552 376071 ,657727 389137 475673 707244 962056 707729 876346 863440 39395 707197 
698878 94578 698819 246592 616003 251459 255453 686149 375954 79401 ,251459 686149 518990 122159 702914 684612 719123 246803 719131 219979 
749728 401373 394628 425355 434316 612104 260505 887479 284817 612400 ,433204 432420 195187 274003 276168 398201 238152 685211 214525 811549 
985324 885755 948348 667798 985443 983840 207038 207593 969832 843385 ,948348 946961 955282 983581 58084 60420 515323 885507 58008 879963 
551931 836204 836041 396504 680317 762689 457538 204011 268289 480741 ,551931 836041 680317 762689 268289 466230 255678 491702 129545 164970 
376787 726268 630265 727010 789086 376760 167872 306918 437419 66472 ,630265 437419 83287 127712 258970 923740 933648 439615 111058 739369 
373504 24777 993271 645781 380349 983678 380658 417502 896935 656086 ,993271 645781 983678 380658 384838 775816 838674 427977 802412 654581 
515342 714344 715161 787243 492712 794024 787331 988958 834613 790335 ,515342 787331 988958 586753 989280 940130 76630 834586 251097 835825 
219872 576006 926729 834047 623258 307429 829978 87288 136403 661502 ,576006 834047 87288 852318 906763 913694 282552 324625 197911 276727 
64776 62629 622450 324864 341546 944021 235564 509917 937490 923744 ,64776 622450 944021 648623 950562 131795 832468 481636 484862 479246 
479909 493456 855364 909933 814227 774584 820592 911974 379103 674153 ,493456 909933 814227 774584 820592 379103 674153 995778 218033 630270 
754277 753708 38014 464968 38939 37841 37743 753652 814344 899432 ,753708 38014 38939 37841 814344 768932 781192 795206 768845 520831 
232658 232997 474315 939901 326122 185557 304174 474248 595228 254960 ,331695 311462 420269 397413 388283 500176 28862 392148 452669 172892 
125318 989641 292026 527246 367685 114362 588521 524618 107241 534677 ,989641 527246 114362 524618 160630 508376 699625 795170 808147 452863 
987427 385900 385626 211985 142664 369967 211970 916809 916065 20506 ,197263 141593 166499 729472 377342 805423 697956 313438 158797 269735 
336689 350487 350463 336945 502362 501269 278771 502542 278997 350767 ,336689 350487 350463 336945 501269 278771 502542 278997 278682 278991 
254167 233307 321937 230563 339276 566965 254185 246544 254231 140904 ,230563 566965 351735 566227 306076 567187 363468 246537 216378 353720 
187775 754776 753864 753757 754023 448210 44557 445138 994107 448164 ,754776 448210 774848 890288 889259 670174 448221 447444 895408 895829 
411213 276794 561297 844887 84769 956770 844807 341657 869047 646199 ,276794 844887 84769 956770 341657 194905 17842 223908 484759 853769 
880736 881135 320589 296267 795887 319765 705742 98419 203084 267362 ,880736 296267 795887 478283 414060 413880 733714 479491 813154 329553 
730257 732219 18650 730455 901931 746411 530110 524677 435351 522457 ,18650 522457 500314 109888 305833 815502 425075 240870 241246 434221 
543635 681113 158030 632957 723574 257652 61887 666595 390190 582685 ,543635 632957 723574 747549 842469 257326 977232 480839 496859 502668 
699714 819054 613892 699722 598573 681717 280372 774762 940511 692595 ,819054 613892 774762 976051 887497 149180 556227 743114 187831 682979 
115032 467868 119944 456199 629952 682908 698488 218531 280006 629014 ,115032 682908 698488 526625 709288 769692 744710 923918 945943 154407 
732660 589895 531078 781647 783196 70469 195399 274215 119113 576545 ,589895 531078 781647 277653 701394 395836 844962 248849 343227 184563 
260374 522649 693571 509388 823427 522879 162283 454226 72162 33794 ,823427 454226 809017 891911 508670 107269 217988 588783 500972 941223 
833735 863076 673445 833209 191004 568828 568991 836323 566961 761867 ,833735 863076 673445 191004 568828 568991 836323 566961 761867 830326 
735552 740918 795259 913764 409757 909037 863144 596071 745640 537474 ,416637 67083 520989 410724 883324 596451 670907 50900 739007 775469 
339425 495668 862062 123794 329763 972833 790077 870305 541027 107654 ,339425 862062 639217 552234 45427 44088 643580 697526 331862 56760 
688879 946669 925070 632308 557933 263279 780661 481802 194106 272922 ,688879 946669 634593 969974 631937 540735 414319 528623 912826 929786 
512740 915025 418950 38480 732833 134512 39457 29559 798038 334660 ,418950 38480 347613 375516 588569 902256 650857 733669 375573 375166 
404706 611714 576872 939592 612197 992239 992694 612440 574593 856673 ,757195 894156 992915 732692 822991 830817 480801 375447 830529 521096 
801301 839958 909043 839930 646353 525256 849508 586270 856758 856618 ,801301 839958 525256 856618 858390 801911 841195 982960 645952 888511 
459053 495857 525104 633020 232849 551703 233300 469782 169097 168898 ,525104 633020 169097 168898 499540 205764 270042 79404 498828 534714 
872943 874963 269677 863021 206100 270378 544484 142484 142107 864183 ,874963 863021 270378 142484 978642 362687 704500 268911 72660 711899 
682090 559083 363285 163091 289003 735706 559145 502639 412169 559195 ,798919 266315 853190 509306 735870 85057 50212 853022 50048 549570 
22797 23030 310332 481264 634745 764249 385108 632199 77126 804074 ,23030 310332 481264 634745 804074 965462 68483 872566 616469 341449 
680658 680049 500924 432529 580461 305970 288699 499290 928603 688383 ,432529 580461 499290 365388 864976 571553 792331 912204 457943 529494 
753618 753587 754351 754222 754229 753695 330403 753702 608786 197088 ,753618 754222 753702 608786 275904 609248 213649 700773 534025 261066 
867958 736937 727022 903795 991136 325589 187851 245094 895480 738752 ,867958 736937 727022 903795 991136 895480 738752 100343 747530 205991 
175936 94254 1067 437889 667712 398747 667769 502926 549 369815 ,1067 369815 49191 176380 518914 448428 763553 424817 503881 542935 
674383 444680 375639 642291 673863 674608 715751 643241 642140 459134 ,674383 444680 642291 673863 641244 675954 673495 717810 673845 995038 
31254 332448 616124 31848 940354 616247 21315 583038 621950 35059 ,332448 616124 616247 21315 583038 621950 35059 538316 510672 765817 
586504 870134 713024 861757 97447 402542 116616 928584 574715 320389 ,586504 870134 713024 97447 402542 928584 320389 862611 175435 574336 
63546 515609 515453 564816 804825 62603 402724 196303 396802 166140 ,515609 515453 564816 804825 396802 999070 276029 278177 542015 514849 
237072 233011 233142 237230 233539 234035 296399 778586 297142 664724 ,237072 234035 664724 231672 989709 560480 239974 502567 228584 72930 
232683 233373 237822 677901 678127 842082 842095 113139 374225 238136 ,232683 233373 237822 677901 678127 842082 113139 774085 858265 686015 
845754 845586 845608 235846 606739 314699 297294 746316 913294 210675 ,845586 746316 435275 281215 547807 600072 9512 779362 42224 765448 
992288 358834 721949 334307 522825 265078 309528 156627 481676 371576 ,265078 309528 156627 586401 727235 276478 554537 268044 910524 698056 
282967 288876 599261 565397 561984 599387 310226 242963 562524 129943 ,288876 565397 599387 310226 223407 873026 420962 633333 945563 46356 
845774 763424 15402 854662 990219 982604 990203 13228 989855 763116 ,845774 13228 990162 990316 417012 990328 989835 854335 989838 632507 
711514 782796 891704 754397 922022 290130 296482 807649 473074 55910 ,782796 922022 296482 700277 996749 903697 898754 807804 476188 483816 
902597 346276 226969 467774 118307 222170 504384 725838 432862 748491 ,467774 118307 222170 504384 432862 480644 124724 908174 318337 171032 
232261 232233 232363 96741 849669 140500 834420 231643 888107 485434 ,485434 96605 645816 906803 14968 861497 618510 912283 204769 269047 
717916 942915 942272 994440 429638 717370 668691 49199 994436 791860 ,717916 942272 717370 49199 791860 443507 738579 604182 713945 362921 
189871 427502 534408 5354 560635 823406 590893 139411 697875 31211 ,343156 528270 658376 497122 123384 720007 245450 358364 120790 337463 
697630 451807 710379 926329 698309 58132 697322 710230 225491 273902 ,451807 58132 710230 63919 330347 531110 519558 173393 376106 853171 
67688 729394 436533 110486 195054 273870 682285 544333 62636 137217 ,729394 110486 273870 474906 670487 853495 64127 60314 687142 919927 
732900 151478 552361 160556 122321 685169 685328 368949 780333 903090 ,173719 769628 412378 413473 95624 473038 466800 702066 749330 780618 
409785 289458 94920 409951 320737 523065 886538 94608 319250 800298 ,523065 335081 539173 141611 517351 725221 358689 13151 664694 539055 
798279 14060 84503 489969 329463 42296 49281 102701 681866 957137 ,798279 84503 489969 42296 49281 957137 115774 258459 937113 492093 
17125 327067 259266 111580 111237 589401 257960 193330 272146 88711 ,17125 327067 259266 111580 257960 785202 269784 205506 455320 523923 
986640 782622 178042 178057 81712 339453 434265 74297 903079 482027 ,339453 74297 315063 433719 4915 438925 105529 308271 293634 438218 
716095 238717 351537 625741 737152 355861 365751 284995 887407 138493 ,238717 737152 355861 365751 284995 455091 138687 596052 365995 230903 
704884 389817 683816 500774 94411 501569 617638 214786 5526 389812 ,389817 94411 5526 46437 76810 601169 130949 520726 321535 176059 
144714 652197 978153 966126 966211 593688 37232 311180 313539 250651 ,978153 966126 250651 231310 666630 610348 349793 965794 614159 498187 
418889 718735 719011 882562 957124 450334 799883 557770 882408 648361 ,882562 957124 882408 805693 642617 155627 617497 882436 470238 891460 
599733 772571 744549 103519 673193 443291 742645 743054 250458 599856 ,568611 423067 249337 572639 281543 111207 227808 871819 237533 558511 
243537 501512 402773 605433 730471 421848 605849 107223 880840 408024 ,243537 605849 242945 254530 401780 512887 36850 906049 10556 602390 
843602 297145 876808 253799 251683 9642 277301 876823 669518 911505 ,251683 669518 481858 103168 249779 987290 832886 943172 344765 576994 
865202 678437 68764 670849 881293 11256 781479 678377 596314 888483 ,596314 842066 962201 563586 946199 931416 842226 931587 882926 596279 
773894 560484 773293 995779 255350 700259 411836 700539 822566 540820 ,773894 773293 700539 822566 540820 770436 161477 996096 161077 389196 
827725 700309 771309 701190 502781 760869 856372 753984 855599 763668 ,827725 700309 701190 760869 856372 753984 763668 907430 687574 792367 
753231 684278 803989 516994 795598 519328 1061 376590 376674 658150 ,376674 297414 724670 435521 397045 86738 842323 834386 16653 842893 
9521 418272 297096 190040 353984 489130 474578 739369 828263 377839 ,9521 353984 739369 690439 467170 791410 312892 9555 725398 4779 
677319 190749 677160 677478 866841 677627 756991 756488 805012 676574 ,677319 677478 866841 677627 756991 756488 676574 673969 677284 673810 
353962 617868 279661 621816 515328 5632 942068 432959 24864 734234 ,734234 307888 687895 541454 713829 529127 178661 91943 95479 162637 
358462 62762 284163 797953 979401 61130 360380 593568 236297 63136 ,360380 309921 592769 464383 209173 12760 565924 549468 67735 700973 
491204 452937 459831 459710 51701 459341 898017 665001 486515 221266 ,491204 452937 459710 459341 960230 451580 51703 489941 342166 855070 
687634 311765 295030 48120 831886 839539 668457 67807 244756 699586 ,687634 295030 48120 67807 244756 699586 259977 645711 685888 293741 
237061 284906 723457 87643 662821 500849 826609 219498 559235 748073 ,284906 723457 662821 219498 748073 724521 163746 518874 547121 78132 
797671 687143 398808 84392 84587 800427 537504 84051 50103 807991 ,84392 84587 800427 537504 340446 800411 290619 352479 909032 998371 
802942 895222 472748 39863 47680 107997 734182 449853 861157 145993 ,802942 895222 449853 861157 145993 49045 40257 897771 417422 48086 
847457 207401 855579 315947 635069 327184 634831 174375 855501 196468 ,855579 327184 196468 275284 309721 253620 495495 670309 867387 224374 
805403 253495 805551 451497 705543 340825 112547 941538 660621 229870 ,351831 559907 728662 706926 177338 368641 669770 180937 112688 305391 
792254 618754 295123 750896 992760 142309 27676 749837 776689 756868 ,618754 295123 749837 792255 149237 27403 757066 565262 139015 166934 
755614 768041 373825 373734 373715 446597 446790 447925 447452 446848 ,446790 446615 541481 831883 190635 611834 952642 446031 446332 831820 
413369 422006 412514 116566 421670 757687 50234 743702 734470 720847 ,413369 743702 734470 720847 116178 737686 951497 213635 138382 651577 
297003 441804 297966 575710 983396 454065 453575 289718 873682 281925 ,297003 297966 575710 983396 454065 453575 873682 281925 658872 367385 
716329 809351 800718 716420 617759 715414 716487 916753 33416 716431 ,716329 800718 716420 715414 434331 790374 284129 29877 32844 789645 
683187 357930 234962 114991 371218 235398 968917 114637 370530 683207 ,370530 109570 311969 660362 936900 746246 517691 459582 411956 412126 
929892 835638 930569 598365 413404 224490 976993 958573 834796 682196 ,930569 413404 224490 834796 723855 390134 270956 72378 299284 718197 
478556 199508 278324 617058 71850 494837 74427 775627 762708 240121 ,478556 199508 71850 775627 89453 154655 412581 613923 463277 119388 
362051 266160 714340 772242 361099 920384 36445 438559 449545 33273 ,362051 438559 449545 550764 219418 420859 770943 420399 965005 174184 
721508 261945 930531 965997 380621 209615 683583 749553 195020 273836 ,930531 683384 13776 261619 392591 436325 397497 636426 965556 493155 
614428 657268 849850 156658 919668 649469 403070 382482 403490 281678 ,614428 657268 919668 403070 403490 968125 997564 799138 758345 50416 
739335 289684 744870 346543 829858 510496 990169 870968 510466 289779 ,739335 744870 346543 510466 548397 997994 417818 547663 225950 891632 
795475 795457 467425 448903 800083 327222 419447 793270 476525 807782 ,795475 795457 467425 448903 419447 793270 807782 479401 991938 380664 
523228 797422 202348 171826 227866 202945 267223 553229 327367 972812 ,202348 227866 553229 327367 552175 799029 700322 831668 701398 237847 
617590 162691 464676 99907 781622 554476 941977 226571 628320 598689 ,617590 99907 781622 554476 226571 628320 538944 381109 758247 204483 
443340 979105 856620 997597 539803 442832 761785 125538 912645 514801 ,539803 761785 541644 858391 929154 885659 879798 855336 833768 952648 
834399 291649 871996 221617 830054 630948 260702 332785 839618 290148 ,710578 743921 825385 236637 370543 950472 825458 896717 29479 833085 
902479 902143 902120 475278 416900 117015 118464 714762 912102 221694 ,902143 902120 475278 416900 117015 714762 912102 440572 198621 218373 
833439 141009 174718 680401 233227 323161 411021 174687 279956 949854 ,174718 323161 406539 452413 685401 152094 524830 234366 232926 507460 
997023 857280 855915 852055 846530 101871 102307 102049 912359 104551 ,852055 846530 102307 102049 912359 103754 852120 857758 826285 846595 
142451 555503 957820 246632 525362 255007 615286 100506 910860 99899 ,99899 615716 758889 30172 526025 4944 18905 263253 567870 818368 
595343 919014 596261 669907 923961 880216 934242 249916 670325 934716 ,919014 669907 923961 45415 923449 541955 885696 640332 641590 997169 
426973 654262 816758 791559 816804 217389 445908 423950 667575 423135 ,791559 445908 667575 445680 655482 654739 102857 667610 887164 655570 
91954 795091 458313 14736 815702 459136 67873 591761 923223 795165 ,91954 815702 67873 795165 259605 67490 337449 183891 250420 30686 
815662 862607 815575 174279 816006 481499 978617 481291 815658 3828 ,815662 481499 978617 488465 815619 920903 920578 58079 815609 420586 
832909 832915 832920 518295 69764 79995 832930 69511 79979 80026 ,832909 832920 79995 832930 79979 80026 80008 509286 99287 30091 
137132 89021 244984 136314 935177 662129 561592 862675 935293 62708 ,89021 244984 136314 662129 862675 62708 149970 302733 243139 647692 
317309 319219 428084 225641 258610 428402 267447 516426 202119 266397 ,317309 319219 428084 428402 267447 202119 266397 723744 275659 198139 
398554 199043 277859 846952 623972 751555 838659 965407 775929 177565 ,177565 26232 401021 119679 346104 133870 131850 291583 802132 961549 
498010 498834 60180 598508 823740 424220 16784 291243 615027 419077 ,598508 16784 291243 615027 419077 972407 169654 59384 184212 217105 
789962 790554 572413 929839 423381 421307 831203 820566 213339 925424 ,421307 831203 213339 876558 793189 207773 763211 610293 569038 793598 
728910 729533 982501 303622 351728 788038 787975 709338 261621 203560 ,729533 982501 303622 788038 267838 106308 249097 748519 211824 341164 
672979 758433 757519 672902 674110 829526 756804 645969 593226 645745 ,674110 645969 593226 567601 716673 673813 757923 632651 951622 626031 
302350 997167 3268 245080 954777 243904 942123 799347 970355 3511 ,997167 3268 942123 655540 343073 896758 484096 921358 372884 824565 
411456 425040 360625 424192 860649 189798 942024 320730 244434 899568 ,424192 79821 531910 28416 943387 804332 490943 870432 863175 735953 
692115 278638 305755 830502 691710 278712 719497 264815 506750 685084 ,305755 719497 264815 685084 638086 153688 659070 501202 336980 517571 
952933 21734 691906 723030 723255 282305 550498 434846 951855 259898 ,952933 174097 824906 942333 859824 719503 550615 948408 554677 321184 
790927 305698 879859 232141 420916 305082 78956 784149 241879 338019 ,232141 241879 428572 7297 314051 524738 325260 724576 689896 81550 
697440 578102 551516 614438 696189 499922 144835 576242 980926 866841 ,551516 614438 144835 576242 866841 737767 957765 892640 797687 73210 
24360 634585 842618 515179 509432 841110 168386 396382 454580 84501 ,634585 168386 396382 454580 84501 179052 347533 583704 89406 337147 
242177 242141 360856 504386 237849 283684 358665 238361 440419 281776 ,242141 237849 227552 101249 503488 101261 622088 503521 427110 363896 
752244 671027 225328 60771 843425 595543 404101 999020 64402 596379 ,671027 62390 400242 226454 680423 278579 199763 988390 141208 468611 
454074 773463 453672 607182 715006 607170 286885 250034 532692 240895 ,773463 607170 123853 534309 998723 651962 729173 187735 61657 971156 
305140 964868 162192 160856 161706 547385 554675 722648 600855 636404 ,547385 600855 661982 524776 726212 367030 530902 493372 30182 105225 
493096 249550 253106 146362 870035 943199 892411 380567 920904 199601 ,253106 146362 892411 251192 862591 572452 612101 807119 10289 871839 
215351 305661 742588 327487 345528 738317 364965 603454 516129 699338 ,215351 305661 742588 327487 738317 603454 516129 173237 739269 157179 
734218 60357 133145 867642 917398 248944 967669 154450 502843 482130 ,154450 633363 722225 73261 710470 503047 606697 490814 522598 966229 
544297 757717 544419 219981 446151 258311 837614 757576 255268 817579 ,544419 612461 220055 610007 103481 980804 720463 838910 546818 401693 
610838 610267 610113 610307 992490 610119 612028 228336 613000 991871 ,610838 610267 610113 610307 992490 612028 228336 577119 581782 604750 
856667 393363 680460 716121 751753 715521 289344 511901 393960 20991 ,856667 393363 680460 751753 289344 393960 20991 569734 389731 402544 
778484 779792 778125 487299 42810 21312 822618 21432 118458 95983 ,42810 118458 95983 299064 978628 95869 97087 96251 98109 749452 
727113 348043 467293 673949 648041 826483 723292 145074 617050 315004 ,723292 617050 951793 826106 128822 131701 927101 974444 829826 962442 
345620 357229 255460 183615 18272 690133 236054 355099 15215 245803 ,357229 183615 236054 245803 375226 1484 877815 255975 323547 789409 
901537 150067 738633 491164 583288 737408 900790 490580 655512 646028 ,901537 491164 655512 456784 805853 80344 296474 448089 93447 734564 
348474 8582 8774 687164 678986 390196 223053 719275 932187 615205 ,8582 8774 687164 223053 615205 809509 483478 124163 415234 937808 
415661 127115 719457 719675 193657 272473 242115 916159 366413 480673 ,193657 242115 366413 480673 485841 719834 518425 368009 497450 366193 
620038 482870 531129 372646 361846 843840 313802 485828 198263 277079 ,620038 830013 232464 210302 205783 163117 240755 552419 541526 71655 
404848 405541 142552 974753 106953 439653 563049 981643 565694 143188 ,405541 563049 612359 669387 858860 846541 584965 130692 624697 290628 
812756 565861 611310 295185 669498 71071 20598 830689 127990 69698 ,812756 830689 127990 295530 359621 9801 724749 401415 273199 918535 
744401 733292 879514 304635 392186 392026 545306 658059 645529 668107 ,645529 605024 345778 638843 570162 716855 718429 230295 811472 532749 
840045 634351 573328 857546 573917 806835 882225 310879 881735 376299 ,840045 573328 857546 573917 806835 310879 376299 219610 402194 520076 
788238 904402 904772 970178 723503 723266 280701 970691 425274 12075 ,723503 723266 280701 970691 904597 229072 425754 963311 961087 971418 
833662 463833 833918 729574 727795 392692 383868 920661 588340 999594 ,833662 727795 383868 935090 94270 465732 108782 350969 833273 385271 
495283 353361 402528 927055 398907 725087 232707 245081 342153 776718 ,232707 776718 243905 813638 898665 214799 533207 233130 139417 150503 
131869 611465 614720 447550 446268 649895 922879 673568 611623 759093 ,131869 614720 446268 649895 673568 759093 650785 649859 23195 649238 
874745 448103 56589 853049 301369 769581 442168 852715 513671 707381 ,874745 448103 853049 707381 583483 447732 51709 521621 856254 455341 
690079 711521 256688 600617 686927 307686 781087 977610 481389 544666 ,711521 256688 600617 307686 781087 977610 883672 664890 32341 936261 
611903 830204 830280 24595 612280 652158 638976 611805 610530 732237 ,611903 612280 660242 478586 374537 24532 556557 382344 916971 758427 
960303 141037 160535 593979 556900 177663 825014 446595 824858 653581 ,960303 593979 446595 178356 357725 889793 995304 873268 734172 757635 
864746 873372 779070 913606 396494 528719 118341 919704 316663 26279 ,396494 638605 128874 793606 38295 345416 346938 346136 537506 262180 
341120 354390 340652 312327 317087 83040 491358 240641 503668 121364 ,671975 457731 431191 743326 107688 94229 580401 277238 627558 928836 
82698 83533 156837 83338 713580 83509 93496 778972 658218 293857 ,83533 156837 713580 93496 778972 658218 293857 713568 227336 732277 
720799 560010 169906 721710 501564 662406 169930 4547 467283 635390 ,169906 169930 534515 280778 530165 205383 269661 240805 667941 16557 
778266 577342 87160 2098 679507 156969 539887 306917 90742 451234 ,2098 539887 306917 505313 454433 307287 270366 206088 451344 439646 
171774 803533 865588 863653 176943 665710 360983 173087 932959 868094 ,171774 665710 173087 577473 525916 844426 941609 542381 983879 489977 
991437 305278 236993 234606 227302 44478 261055 609750 780129 991263 ,236993 780129 235015 307262 235664 322230 699604 575789 56970 249912 
995349 710182 709647 255278 995599 757532 983637 983004 758308 180260 ,709647 995599 757532 180260 90653 772909 224777 103110 911503 845749 
170149 231273 261699 106282 735157 12439 265129 366857 367097 684608 ,231273 261699 106282 735157 366857 806121 718996 208925 485445 392887 
809726 526197 511471 322130 467313 752694 418741 351858 243141 600527 ,526197 511471 467313 752694 600527 322626 262583 752034 777440 741611 
355067 353636 19634 18843 712343 507591 604996 67416 17913 468384 ,355067 18843 712343 507591 751927 1249 2110 390475 463810 263401 
351727 323739 260781 322875 353088 982500 709501 709339 424185 867611 ,351727 260781 982500 709501 709339 424185 941266 367711 916409 370309 
298199 875007 846344 737720 686199 737913 186862 621947 257724 866858 ,875007 846344 621947 275686 247287 977637 412393 910061 970245 586267 
319619 866751 822146 286649 338577 498990 679029 454356 378956 597937 ,319619 286649 498990 679029 210893 525027 124944 160689 547215 526624 
758737 760246 725604 480431 255007 293683 31390 60412 467271 725965 ,758737 725604 467271 725965 464309 62797 87316 994860 467281 350423 
211291 694033 280886 49254 694831 779766 707712 111641 891731 695340 ,280886 617821 49103 694364 188160 407352 306303 695216 603532 763757 
396958 850761 543531 850756 880093 927754 214646 726638 119012 214630 ,927754 726638 119012 118440 60978 854471 543127 209258 136475 694770 
759176 760944 758684 756863 833863 835847 835257 834039 756878 835173 ,759176 835173 835508 837620 836731 772658 836701 757904 756426 374727 
936828 938694 466460 239553 3268 238640 3511 902450 360801 799347 ,936828 845397 812859 82966 632839 239092 280215 961071 904960 635591 
90117 729977 59588 729950 11610 59579 738696 61324 788484 824885 ,59588 729950 59579 61324 788484 824885 696575 964198 740530 742329 
557829 950372 57704 57718 950701 779777 57783 794383 912683 557251 ,745552 424171 794624 916720 195659 964254 273780 572019 76474 53560 
353710 299999 575682 216712 148048 574925 178647 239346 48457 346820 ,299999 216712 574925 239346 20534 175634 266306 107631 456880 335428 
47734 624839 284383 16343 499484 948853 191907 286528 527261 18958 ,18958 364186 172949 364683 174293 541527 345818 243424 174373 14127 
450504 857387 449772 783633 800763 86550 701021 848496 633767 84359 ,450504 449772 86550 84359 48230 119522 91146 285370 921283 196825 
7040 7166 935452 793816 53197 792856 874464 400572 936035 792449 ,7040 7166 935452 793816 53197 792856 400572 936035 373446 607352 
62068 785643 579874 433661 180280 344400 801411 90126 215422 261193 ,458827 428114 472323 563269 399949 169069 573179 144792 518189 534274 
126073 307116 923786 692086 368023 939709 400735 895495 525437 147490 ,400735 78303 416910 308882 430863 119190 120545 247491 403389 96279 
704596 363859 293402 149398 439479 440234 86888 683254 497324 367293 ,704596 363859 293402 149398 439479 86888 683254 367293 603884 164123 
998027 997577 884171 999177 119436 954149 48478 192830 271646 658142 ,998027 997577 884171 999177 119436 48478 658142 353199 997439 144210 
69817 181452 59187 68860 11063 68946 100853 681771 594213 431680 ,181452 431680 594616 739533 827141 886969 904225 405970 888720 224177 
754805 279137 64139 405077 973368 524921 279058 251450 720352 850330 ,850330 636979 638040 59965 400678 850475 544174 170025 210570 389812 
146774 416500 939077 937592 168926 806465 512176 102780 940120 144401 ,937592 138190 470782 313469 58819 335637 470814 805654 713559 434464 
141452 370433 141706 747779 160077 661367 367847 437097 24912 870490 ,141452 161299 710690 665412 17127 870947 984452 301974 908634 17377 
577877 422307 481978 56340 71543 332920 740104 371482 240391 482236 ,577877 230244 786452 80652 916272 661827 859869 17196 500550 230248 
361629 232564 719530 485769 233313 736520 282465 955156 989064 761861 ,361629 232564 719530 233313 736520 847951 206208 316601 356217 771971 
75553 864704 856930 958245 533797 862464 549606 698014 549737 958014 ,75553 405922 248184 956828 842041 68861 226599 594708 376758 278239 
221366 512354 495409 806716 806626 512311 181824 894319 395973 806601 ,221366 512354 495409 512311 181824 894193 588269 13535 896468 480892 
850369 490483 449543 684050 481185 769037 535262 20938 449651 448658 ,490483 684050 481185 490336 480714 850787 262429 927184 499479 925160 
697958 365682 419409 337220 298482 919137 554825 208797 342756 697401 ,298482 208797 260941 288261 323363 743008 253414 291294 741172 159571 
311629 934598 415702 476431 321931 578152 310866 221450 608559 306708 ,578152 310866 577236 348069 893007 306062 355485 510426 927238 212202 
149165 993375 410457 999151 59755 794234 897902 424372 937614 855278 ,149165 993375 410457 999151 897902 424372 937614 855278 538638 545842 
208242 791548 876671 561756 940674 706587 584853 90776 876644 58422 ,208242 876671 561756 940674 58422 854244 55037 613376 876779 911326 
300286 851300 67083 807446 382043 335609 164748 381899 769978 400964 ,851300 164748 697725 476361 162247 297625 409757 405479 289657 684578 
604980 855366 954733 996902 854965 857513 885716 443312 867687 443374 ,954733 854965 443374 768226 545923 996925 846164 845860 983488 996896 
234838 233451 232910 232900 232994 290913 231230 265264 194975 273791 ,232900 468258 603486 960990 355851 194382 238151 634590 83890 405162 
658317 422834 445360 422713 910993 104714 305056 658934 215510 423018 ,658317 422834 104714 281410 785149 429283 746047 429297 278652 417128 
842018 664297 535797 831273 832706 681753 797773 83761 196049 274865 ,664297 831273 681753 197083 668576 681777 248939 481018 65513 681755 
284324 860396 215474 972549 80842 408766 408218 31990 967625 96010 ,416755 95144 525277 971465 632496 329117 93347 525161 536694 600833 
658268 658317 422713 429283 892753 658934 279917 363455 278652 471358 ,422713 429283 892753 658934 278652 471358 910993 281410 429297 48963 
74674 77237 63044 506806 258474 170647 942973 100820 776783 198986 ,506806 258474 942973 198986 277802 493648 964994 950476 489999 33497 
857760 857279 848381 856989 846025 846327 102410 853807 102309 826454 ,857279 848381 101872 856507 104024 856585 769102 826287 846597 849630 
757019 756977 732410 85192 68644 503321 426570 54183 96451 818877 ,732410 503321 818877 523795 449282 758021 431412 731699 757311 355217 
363958 886963 297533 936260 343712 854832 772570 664061 363953 418312 ,363958 297533 343712 772570 418312 103518 774491 920450 985490 241273 
485322 324346 459428 118135 439706 261900 77370 975623 987426 932987 ,459428 932987 380156 626126 565019 147544 575010 934298 706023 75298 
308201 177920 516132 403196 780370 144417 578709 575147 63100 932941 ,780370 144417 575147 975343 375717 753330 781721 397893 790899 937919 
950792 685451 611227 854157 977835 571552 165440 354182 591697 969971 ,950792 685451 854157 977835 571552 591697 969971 951278 81236 232719 
232984 428518 428242 428310 723085 424084 424312 679678 522778 291883 ,428310 291883 554666 321615 730383 747427 554737 254470 609417 80033 
255601 833954 256364 255315 801567 113180 112969 802188 29859 942982 ,255315 802188 468829 961196 247799 832364 468798 801454 468816 944426 
51072 51824 410881 51881 55805 862791 56435 52946 506825 892464 ,51072 469300 303505 639919 258625 632354 410941 508167 632132 921752 
811884 792607 924784 464048 915793 950465 729380 988768 186432 792726 ,924784 464048 915793 729380 186432 779497 937046 915902 839331 842281 
117264 119112 859118 116602 169572 701948 456895 310687 626057 430547 ,119112 859118 116602 456895 626057 430547 926522 369212 309615 118819 
568338 621966 552100 844334 40270 616054 568671 575225 900777 900487 ,165903 596944 234417 843279 96196 866308 740750 778256 593433 224725 
495056 494580 450633 415534 429808 464979 450793 595945 500303 4776 ,495056 494580 450633 415534 429808 464979 450793 500303 4776 81026 
852617 575325 781951 310475 656635 307615 785567 937126 711142 47155 ,781951 310475 307615 785567 402106 238801 789905 418312 607410 401804 
461878 150210 297049 95692 442986 297005 628726 152766 121198 907671 ,461878 150210 442986 152766 907671 526212 721618 265856 90965 827847 
706422 174185 709566 329141 175833 193096 271912 706195 226545 392028 ,709566 175833 226545 460651 696041 712629 572139 102781 702245 793219 
599249 417727 770403 960375 763642 770209 721084 814313 905955 937254 ,599249 770209 721084 655285 417338 654214 654612 965292 442741 762778 
719464 833745 256574 935640 248291 680053 630400 524292 488573 304548 ,719464 935640 488573 18390 169142 392837 887793 396450 679029 660450 
906179 885778 670026 504608 207759 224178 207094 58141 554806 667854 ,906179 554806 270874 56360 907027 541788 868397 64715 732419 905653 
296977 941940 516656 82571 111754 221036 232276 281558 516799 296880 ,281558 296880 158044 82428 234391 281142 279724 541557 266803 76271 
450055 119068 657903 141454 604942 9403 775122 119301 32955 26591 ,119068 657903 141454 661366 326720 469391 33792 311221 155857 920086 
906856 136292 335890 86242 245566 612783 124952 702195 708438 553043 ,906856 136292 245566 612783 124952 708438 258937 210130 245362 708713 
513333 137295 323087 586272 778180 902860 774336 587451 631747 813745 ,137295 774336 813745 246362 735051 999733 112952 373192 173275 628750 
263339 398348 616562 314980 148962 187831 187799 505339 784700 819054 ,314980 187831 784700 715135 552229 493651 819025 608416 714492 264237 
452067 95165 152966 926910 29960 426446 363399 994018 42714 604877 ,95165 152966 926910 29960 426446 42714 546375 218669 108064 829505 
400574 750734 403450 752664 93908 854774 543491 591469 594291 703512 ,915763 400275 262875 399524 393218 276017 632073 171387 169615 16986 
466949 404328 513469 381624 528268 484172 93443 581528 683622 841588 ,381624 484172 581528 683622 841588 925701 175052 597258 222481 460065 
765234 544873 646807 830141 140631 544942 835492 765178 135132 545204 ,765234 544873 140631 135132 999254 757480 835045 856141 650155 995331 
696905 746958 987075 132501 315149 211994 494469 880849 842769 880172 ,439922 779615 668754 705387 158576 975037 102546 158359 1460 425684 
941482 999008 2167 958724 748963 637779 213711 838664 391976 941057 ,838664 885307 838510 998739 902157 968087 629983 947557 748635 361621 
546379 499274 926664 348341 186266 186326 140272 527709 68391 450792 ,926664 186326 140272 719193 815437 450632 526376 815397 350596 68315 
337653 498638 972223 505220 278707 529090 964901 36456 422951 278714 ,337653 498638 972223 278707 278635 976769 232316 180681 406251 305441 
252517 190449 23985 215568 51448 102202 23865 792296 647733 967002 ,51448 102202 23865 967002 785063 617830 911817 929625 850679 423286 
234242 449330 235585 803854 24338 223079 602746 236563 599330 801413 ,801413 880708 994773 26462 808920 638594 606545 599537 879916 958460 
406880 515743 678385 886135 12980 542075 376354 224165 955392 241950 ,955392 241950 885754 879793 102131 101069 879324 542028 705843 484288 
351668 686444 351970 491325 351554 339533 233934 690469 462374 66527 ,351970 351554 339533 233934 690469 462374 62505 730290 292106 254251 
963253 824804 912017 909493 207214 699616 770010 777314 412106 695567 ,824804 207214 777314 412106 695567 789849 860893 638972 946149 996783 
988710 18082 404458 402255 436046 798018 144774 552514 404336 537160 ,552514 188267 195739 669428 988180 500162 632964 275572 185971 960124 
525790 369218 570059 929210 775987 34918 569784 408492 232565 337740 ,775987 408492 232565 391914 834211 342349 366407 169004 274780 308452 
237232 353386 279349 122423 852453 969590 598181 449050 614986 233541 ,449050 614986 122700 145135 730652 662894 798671 285273 390455 363757 
911004 833440 833285 584180 911030 911523 583736 535397 772503 911246 ,911030 772317 881588 823021 565523 236965 256711 959415 61479 932431 
870115 844845 848900 845143 862379 870150 600500 848122 601678 599044 ,572804 557943 596313 15303 217811 108831 13296 696196 732419 678511 
612423 439312 611520 187184 518236 815500 500693 214695 285495 677976 ,285495 485535 110634 729926 120864 566421 804990 266818 95709 496522 
554500 553763 553216 204197 268475 384609 67726 46747 47145 232130 ,554500 67726 984011 873138 823425 798772 304647 67695 156635 385320 
347082 181772 168596 181218 343265 16475 723657 174990 286220 861022 ,181218 174990 174764 509502 365661 832640 13925 125008 804356 456738 
869772 83292 219974 788535 524730 466768 102616 524714 285140 541227 ,869772 219974 524730 466768 524714 491678 413586 873287 262059 338111 
335241 976776 473189 432366 227954 912750 729781 41372 739268 672047 ,749261 276664 909006 47693 170530 802373 196681 116851 702505 137602 
888125 372334 286136 391078 89607 57034 284455 93558 396966 397020 ,372334 391078 57034 93558 67726 832794 508293 103219 67604 537756 
557365 744890 897168 629627 929680 557932 182624 533148 739189 674636 ,557365 744890 897168 629627 929680 557932 182624 674636 151539 789200 
292173 658415 246571 675698 391017 476679 658457 554789 864894 518761 ,246571 675698 391017 476679 554789 518761 555043 476703 426568 525924 
315026 285300 351692 369403 296272 295830 337717 143712 141575 246064 ,315026 285300 351692 295830 246064 142163 234040 77725 455872 440591 
347777 119066 819200 347038 771354 817709 290587 360072 361251 207291 ,347777 819200 347038 817709 360072 361251 207291 259653 362634 395244 
830744 899969 572877 605513 604450 841350 899419 883108 677840 443359 ,605513 604450 443359 937039 489622 841286 140377 481829 223666 883024 
778592 283049 855178 480142 539561 468969 668217 467417 346716 39243 ,468969 467417 346716 54575 537654 700790 467870 477440 7525 361161 
866053 686203 632728 635651 745805 635122 873477 430045 420711 998002 ,762367 824268 517949 223666 908112 203212 522104 859624 762500 889579 
110818 232666 941848 943211 80970 61645 351036 845737 423327 311846 ,110818 232666 80970 389819 389426 156360 430012 151735 526482 632741 
611956 516939 239701 893005 25257 796883 988966 387357 172904 713007 ,516939 25257 172904 713007 143370 466972 316067 279833 987787 118406 
454599 455283 87249 462045 494439 390646 564502 757940 564215 588417 ,87249 757940 934177 284264 462037 490720 979117 609375 154877 507370 
569112 368175 368202 150112 789922 915065 898123 259425 966804 821207 ,569112 789922 259425 605677 696605 388501 627585 544056 956487 977871 
999412 372239 372758 48563 944075 998302 488728 491269 160385 48899 ,944075 488728 539318 114673 115087 274879 196063 828712 508546 914618 
981900 828740 777553 757816 101741 757574 757164 975660 431135 101804 ,828740 431135 101804 778277 887794 676518 167343 778680 953935 995127 
78753 405080 98663 296891 261442 363624 600679 469891 68029 429958 ,261442 363624 469891 261427 232781 186787 662670 68912 363575 369636 
873473 574487 864932 871947 498149 863774 560787 427767 655983 849882 ,873473 863774 497207 667170 569612 862525 604869 447904 870905 667126 
405320 405316 540921 70075 999327 709401 468021 494837 501648 540876 ,540921 709401 762542 62810 910498 724307 854630 415721 51746 631040 
905264 905568 446607 446092 970289 446030 191357 916366 13902 911183 ,905264 905568 446607 446092 446030 13902 911183 952185 547025 994430 
207684 207744 521869 207834 435637 207713 867887 521890 519570 886222 ,207684 435637 90390 747897 986563 880333 868280 71647 667747 239990 
525672 525780 440448 173509 507773 196697 275513 502688 947659 495719 ,525672 173509 275513 502688 494673 87467 16257 184396 871489 398678 
483160 683503 103651 839705 873525 485406 921620 871570 620876 683683 ,594517 863796 60551 874290 500657 59587 274104 880233 881483 560849 
674369 924580 284279 324584 741517 731904 98101 297181 184079 734067 ,324584 741517 184079 734067 307720 97923 741743 357976 926059 826947 
944178 941131 942285 949279 947146 947401 605260 407513 911150 911374 ,941131 942285 949279 947401 605260 407513 911150 911374 604778 9357 
192727 271543 271634 439332 83754 259934 294381 258000 698967 403103 ,192727 271543 271634 439332 83754 698967 403103 308884 83203 98697 
949918 949557 943255 506331 416477 950956 944632 943887 383441 721056 ,949918 506331 950956 944632 943887 721056 256760 317516 385422 837900 
675145 673701 878486 26179 566692 829154 606710 733292 762897 761300 ,675145 26179 829154 606710 733292 761300 113779 869525 743087 486217 
944994 945605 951412 712314 712232 946205 19722 544938 19501 237436 ,944994 945605 951412 712232 19722 544938 371793 282291 150475 16369 
968159 714518 706478 380636 571112 11037 84043 890962 959357 30940 ,714518 410107 156915 126166 83581 107317 188320 296768 415500 204258 
778525 408791 259418 87629 498750 904935 181258 891242 680499 669804 ,498750 669804 608715 986451 82652 887197 555048 554995 421757 983320 
99310 112433 603954 754647 99462 192383 112870 192390 190939 39787 ,603954 754647 192383 190939 99263 112709 99216 920767 798065 447147 
264860 17830 539812 957268 90985 129133 874137 86830 224541 198542 ,90985 129133 513539 113495 46843 679127 264652 682106 970786 227090 
766242 979939 503382 711387 980701 356311 980632 709707 828348 806433 ,766242 979939 503382 711387 980701 980632 709707 828348 806433 695796 
151232 29969 124681 629603 30031 521178 29984 815766 29998 123295 ,124681 815766 29998 123295 566181 516840 350405 305321 425059 58685 
109002 369854 631191 975842 702000 930276 823109 950889 701188 137532 ,109002 369854 975842 823109 950889 701188 822982 406434 192219 378484 
680451 914117 60364 199368 278184 877075 918543 941432 665269 903759 ,60364 199368 903759 376342 473503 941675 395042 441956 950999 274060 
854998 608117 427264 671882 57215 56352 649510 426941 770530 409528 ,56352 46634 544098 540495 808109 739301 533397 320424 518034 592239 
181614 251450 4503 724331 631357 548488 371499 724104 64139 806516 ,181614 251450 724331 724104 64139 108591 181429 704546 128506 62540 
894966 840248 840160 557186 631270 630554 885347 442922 839032 898067 ,840160 631270 839032 651581 885305 443176 442977 840752 572202 876323 
481352 242544 378546 592642 1247 228247 421592 638588 283572 826619 ,1247 720880 421421 179066 693048 745900 235739 279453 1207 579546 
484226 787304 152051 483344 586117 957233 521910 518144 285699 309790 ,484226 787304 152051 586117 309790 488792 82027 314080 324210 859967 
656118 656407 676651 677103 877137 403640 900262 879117 879380 541683 ,656118 676651 403640 879117 654390 877094 333927 573828 46941 657264 
697901 151282 430656 86530 903417 81950 68429 262711 637958 82273 ,697901 151282 430656 903417 637958 816386 821940 525236 859361 90379 
931038 982773 958569 930677 696709 701004 965214 941949 23413 252242 ,958569 701004 990694 375225 731387 936736 721501 991296 958759 15893 
74730 71983 753211 215255 194301 273117 208986 198431 277247 565052 ,194301 208986 198431 698014 463948 273137 869034 679683 210119 806322 
992783 557679 557340 760553 557708 760983 132622 619703 676374 892328 ,992783 557679 760553 132622 676374 892328 997345 614298 825732 709920 
943144 970383 576075 202674 120135 287137 865918 486680 121787 659441 ,943144 970383 120135 287137 865918 486680 121787 229029 123044 485529 
293380 527937 806652 470014 785753 668837 227494 4820 527992 754365 ,527937 470014 599092 430677 30027 415432 175936 451229 422516 451827 
224977 224115 348133 659511 932655 87614 658644 741025 394512 281773 ,659511 932655 276614 347886 681376 202235 704350 466465 396174 12425 
168907 88621 470385 470808 822146 515146 519969 154558 58892 16543 ,16543 91507 679029 489653 454700 491319 811801 510375 908210 296562 
375582 814292 852772 115374 637733 762378 754750 112433 686933 762365 ,375582 852772 115374 762365 113234 849383 827268 190723 764684 901298 
673823 675286 991461 675888 675607 763860 991041 822813 847799 672977 ,847799 672977 822887 673872 685132 675024 672766 853672 672613 825257 
918611 927973 279554 140780 166513 146896 456123 639589 125791 3169 ,140780 456123 455478 251363 573912 268524 166111 627582 428999 11536 
421389 995480 635891 659645 631462 211811 890275 686293 427687 848858 ,995480 631462 536302 55768 107109 5777 749620 152926 152725 152969 
570862 81697 863039 192509 875929 303937 454984 985597 587595 192600 ,192509 875929 303937 985597 644641 346995 374308 986217 573582 112334 
630644 631073 215062 372285 252168 767679 253488 571290 664834 214752 ,215062 271129 139527 277997 728650 572728 797768 387553 697276 702103 
351887 527676 255016 338564 802427 360674 983970 342364 493603 410281 ,983970 410281 284414 294100 308405 396810 249320 45229 890380 592697 
533883 95567 150232 988577 196490 96015 957471 149583 95552 957221 ,95567 196490 149583 95552 303023 819637 304880 269491 555251 4173 
478996 478982 160965 994953 107277 497146 209261 299265 89015 839023 ,478982 497146 299265 839023 930201 189731 999393 260124 445846 886690 
995347 90651 108099 995597 922284 834038 483538 244775 869789 251892 ,995347 90651 995597 922284 244775 869789 251892 883736 861927 266029 
834921 749184 152786 34888 162730 527473 527441 228104 775725 226849 ,834921 152786 34888 228104 775725 548397 243484 775311 417699 380242 
711414 711106 622322 718210 598861 576143 55462 701307 485426 503454 ,711414 711106 622322 576143 55462 485426 57474 213914 128576 619116 
285653 392164 464141 281722 704963 704292 249719 291414 343938 472200 ,281722 434644 392244 404014 531007 462585 310048 221729 392213 985290 
969202 899108 69537 779658 979482 653796 646866 672446 166588 58848 ,969202 653796 58848 969176 43464 395141 622345 881727 976251 23954 
960856 686034 984108 520851 26000 808041 814754 442918 549895 889530 ,960856 686034 26000 808041 814754 442918 549895 889530 526029 9249 
961381 970105 970419 537334 810590 617111 961113 629581 419440 617118 ,961381 810590 961113 475596 363194 631457 398148 716466 204204 476394 
844305 125578 493302 804278 311901 235434 202586 266864 314931 664528 ,125578 493302 804278 877572 327270 646012 923935 309819 146970 139937 
249032 250081 405561 251241 275348 970511 985017 655919 655975 827764 ,251241 970511 655919 991631 334700 667672 413364 213170 1346 905229 
667674 730246 793649 996462 758232 67537 963117 761052 757897 773665 ,730246 996462 963117 761052 757897 773665 450271 970404 970084 730391 
203401 267679 596094 673218 44024 405824 665112 438560 943087 606449 ,665112 438560 943087 605446 950513 785195 973631 672865 164203 911232 
676288 88744 575286 112116 395011 866052 138708 389019 5641 129673 ,112116 395011 389019 5641 129673 124883 17798 125623 925045 388928 
970848 961745 569425 890653 969951 962907 103497 96976 388137 674913 ,970848 961745 569425 890653 969951 962907 103497 674913 569468 624981 
281373 112775 993601 993595 444376 887903 443526 748952 723045 614926 ,112775 993601 993595 444376 887903 427104 886716 796808 314973 823718 
443083 190783 373764 443080 539680 541479 541510 447483 768119 768014 ,814372 768460 191067 603712 667082 541532 672977 541444 773042 666827 
95665 95370 95367 278700 68720 698796 535624 698622 698692 292172 ,535624 698692 292172 321963 3235 305785 658759 351761 601669 496898 
647374 115811 676386 450496 741944 664633 619988 358632 35610 177616 ,741944 331817 847679 98183 806292 128195 63783 751203 805505 160420 
237418 230197 584226 351327 428619 448381 427123 745981 584161 306919 ,237418 745981 262029 232473 662406 433970 314339 110549 519644 690843 
676603 673661 573718 235843 233997 234613 995875 537266 679381 347685 ,995715 400610 373456 755687 876400 786327 342027 403054 577903 197774 
720061 692574 124155 719898 163978 704123 215200 752839 507362 967376 ,720061 719898 215200 75772 670860 967019 98011 466523 178826 178488 
505498 629711 2288 948325 780764 838368 147164 143491 148116 803093 ,148116 819176 326648 300879 297600 238181 82452 781053 938986 293162 
452544 458260 175861 506686 422931 452411 569585 688633 616392 87397 ,452544 458260 175861 422931 569585 688633 616392 420891 524827 560016 
889123 889360 989579 515062 372677 43006 729007 681923 452834 250419 ,889123 452834 250419 749400 289875 86373 977713 802548 782162 465600 
130783 84563 152382 253541 523422 94436 522114 153295 86846 246727 ,349970 109616 397019 91906 527684 825962 83101 524628 518102 547118 
120004 25325 137523 694629 925626 705541 96993 397728 571326 485569 ,120004 137523 694629 925626 96993 924374 431239 71565 524569 755005 
538580 516094 474400 474344 736405 836164 431594 58225 432626 408094 ,534387 980992 481159 428437 228227 764733 571683 549501 29021 731460 
213763 213546 938851 223958 394304 564186 739551 561229 881141 564403 ,739551 564403 452871 543701 542851 947541 543427 415400 61699 481481 
466634 772350 189217 571281 359670 390336 748523 548492 317282 724669 ,466634 359670 724669 107456 331390 366175 974244 694580 873555 827708 
886302 895652 886511 821339 995662 972048 830671 657673 752790 217350 ,886302 895652 886511 821339 995662 830671 657673 752790 717815 896064 
180152 343483 73354 690121 502320 80622 790570 335970 700016 28890 ,180152 343483 73354 502320 790570 335970 28890 73501 28604 180311 
6123 6192 571827 863669 774030 86102 898134 770374 402541 84314 ,6123 86102 402541 164410 945527 636082 397824 957081 55566 744599 
428951 984745 497743 293100 411978 984268 898723 142427 181137 293428 ,497743 534945 366526 351583 292066 748674 350980 74494 337604 280668 
512401 724866 18792 724777 234721 458802 341449 30625 340257 528151 ,18792 458802 341449 340257 175508 343293 659541 919436 149449 290212 
931682 931980 868424 990805 39954 825920 886016 921952 826250 869305 ,990805 39954 886016 885981 851947 868003 895261 474601 271297 350037 
413286 563365 884037 367921 658083 883505 777910 917169 819834 575869 ,883505 575869 315851 372816 238585 883725 560122 328347 909569 777802 
12996 181481 226879 394295 336469 316253 532641 938938 707494 787266 ,787266 957425 577435 844721 786902 465936 793705 163665 317990 505369 
848265 677945 95796 263334 210528 96846 431746 943898 678069 853622 ,848265 263334 139503 485313 663013 137099 486233 74098 302511 209885 
173207 168798 693312 284988 482998 153833 854154 571328 836763 385858 ,482998 571328 385858 386294 721582 947170 13325 692262 752853 15120 
947087 473333 572871 911589 842597 441438 564530 441282 943208 711033 ,911589 943208 711033 126528 207108 711716 191000 857302 911230 564329 
168693 173160 358751 85775 994416 663746 421206 618950 703478 348905 ,618543 527320 923727 533175 309489 113015 406145 586313 840976 397442 
931540 895045 835227 34778 837281 837635 838332 631438 949289 915424 ,895045 34778 837281 838332 949289 206392 969469 963848 233840 204620 
873860 2792 389586 937007 67273 931900 402282 491124 504377 313852 ,937007 67273 313852 577176 111179 155942 154741 461229 895767 998732 
859704 422224 175351 22249 172088 521411 526434 743275 946903 7153 ,859704 422224 172088 521411 526434 156114 173130 168612 367267 410795 
758518 674335 946269 558024 136997 651646 581809 881793 801942 567237 ,674335 946269 651646 881793 567237 544542 638389 651927 675043 672530 
854953 761786 877148 876483 858344 807830 807528 756111 768635 946985 ,946985 443392 251818 46124 911072 905550 969181 190644 957534 849221 
523052 834252 425033 523395 152560 555586 199268 278084 845746 842217 ,199268 842217 977287 725209 922805 635272 270746 197429 957608 905401 
654897 656837 447182 447167 446992 282685 446788 446635 446551 446711 ,216367 804531 656107 445618 654780 817537 605444 424096 655041 445713 
421995 421722 409771 414943 378968 891896 724372 892355 556149 399872 ,414943 724372 725823 521465 378851 805773 103240 896349 538352 52192 
584434 782423 584320 783193 367486 619138 924691 172468 594606 185223 ,584320 783193 282818 645751 228198 227858 374036 885068 402873 970495 
83191 523537 307872 825498 142544 32170 504600 306171 106767 30069 ,307872 142544 68368 698222 68576 525338 743097 400588 614986 723219 
877016 989079 246467 793280 326078 877208 393439 864133 212448 877669 ,326078 212448 212867 69866 13665 86393 196413 176681 257091 770733 
175284 790855 965966 177758 30204 799399 88561 321835 467435 429015 ,175284 790855 321835 429015 610670 159007 496884 95861 632658 597812 
860871 987909 330741 805392 485914 682701 142006 735975 841846 880728 ,860871 841846 880728 699533 752821 584004 699054 535586 431390 853468 
233429 234084 576695 433969 432051 154203 806453 465343 170421 803938 ,233429 234084 271331 20109 43933 182025 983239 403888 931701 165504 
415468 279286 158463 428124 896205 29631 125621 713673 788657 510250 ,247076 427690 128425 788531 908913 959478 955593 536022 899928 604000 
77569 75597 321744 123295 60137 305063 79995 814600 68415 350726 ,123295 68440 321555 995621 637422 109122 321493 151234 814715 964709 
299174 257883 302461 491702 749644 433507 59619 631939 247065 245107 ,59619 865148 94707 863907 548069 926846 483273 244116 591340 875470 
91113 482443 482810 308373 802504 387817 30552 307474 40677 221740 ,91113 482443 482810 308373 802504 40677 529699 68866 203844 501020 
170015 386092 661165 387519 381771 386150 85989 385632 474988 475535 ,170015 386092 387519 381771 386150 385632 475535 225893 905513 328506 
518572 354259 968482 138361 175522 516530 31884 610342 721334 138837 ,518572 354259 516530 31884 610342 138837 728237 230174 403907 816789 
883937 474026 69955 307944 480464 793599 965323 160833 562593 236336 ,480464 267068 806772 110168 695379 563986 59309 514096 237280 135753 
402252 526553 377639 879975 954866 493487 968241 70619 401882 646207 ,526553 493487 70619 401882 312690 506695 555235 528035 977259 375418 
313550 65460 123142 185024 124517 256108 352134 282089 662747 120684 ,185024 124517 282089 662747 120684 94883 658166 669978 554543 262079 
399757 397300 909010 107342 983465 533177 17714 752546 438695 619804 ,399757 397300 983465 17714 438695 394413 74624 817206 483657 397853 
482881 224373 224392 876671 482092 1980 876644 540475 464322 575872 ,482881 482092 876644 464322 575872 506284 509853 334025 564316 508711 
169534 169778 524043 116693 904688 115156 813019 985733 479181 543079 ,169534 169778 116693 904688 115156 813019 479181 543079 704629 904797 
807161 479746 901854 415018 299215 625867 499894 812672 173385 492745 ,415018 299215 492745 926540 625464 518033 467670 626228 678236 165500 
602647 121793 164291 118988 514527 567647 517049 165745 390654 404783 ,517049 659752 491754 524910 534710 533770 165081 282471 164970 564031 
425222 640235 888657 222217 973888 322825 807463 718301 424319 44730 ,425222 640235 888657 322825 718301 44730 216196 222459 899299 11730 
115707 114879 121054 220252 962560 296687 27447 875727 107818 298085 ,115707 220252 298085 961941 972075 232078 498053 789321 792810 541056 
559814 442609 958912 183512 613937 944692 553207 225186 469010 849713 ,442609 930295 895705 944373 964603 454326 851103 776382 945365 922402 
117115 115496 114290 352335 280188 339708 914525 282378 97865 339165 ,117115 115496 339708 339165 39187 354417 398828 218957 788914 705731 
909799 908912 914357 644784 213954 424595 213643 828779 644691 910429 ,909799 424595 644691 983852 787383 667493 899927 45804 89703 985556 
937769 935695 935975 937646 875639 741914 718495 715081 70307 873571 ,935975 875639 70307 873571 874159 211617 183465 308231 739541 155516 
628563 628108 290638 287617 286622 628079 394476 308770 627903 354206 ,628079 308770 627903 549685 770838 834047 771091 731753 119624 353886 
179188 686545 170876 226846 468610 90154 70205 70563 391935 89826 ,170876 212787 307242 179523 537062 441644 70288 127644 932227 886079 
118630 120585 429337 663826 480242 688330 477484 477154 145395 477458 ,120585 429337 477484 24494 412161 710750 711087 477092 683604 459822 
825547 609965 507005 536227 30250 536062 536060 443978 609778 997274 ,825547 609965 30250 422818 23586 143845 614941 159416 609702 684624 
229060 919384 920142 385153 696132 683772 694682 161624 969742 762714 ,385153 161624 155867 748922 261197 50319 672700 202005 302249 408163 
661638 915957 757266 858346 776350 635065 687909 85164 590909 758887 ,915957 858346 758887 607126 505071 515892 646522 89021 302160 457134 
903578 903539 581928 288173 903505 721122 901700 710672 41131 704512 ,903539 288173 903505 721122 710672 704512 906458 289046 792834 657846 
82517 461523 82942 734998 61134 79609 107831 298301 462123 180946 ,82517 461523 61134 298301 180946 256451 282821 530909 503184 638839 
254264 589420 65786 965180 68055 94771 90636 104794 175168 300786 ,94771 104794 197023 547067 324824 83350 140365 325274 82989 350622 
822260 400677 799472 594327 146557 295838 149860 698157 67104 943203 ,698157 67104 354285 926262 941852 328424 937410 14072 304651 979368 
751042 752667 935956 391385 710319 587885 460028 841067 76575 12142 ,751042 710319 841067 12142 770102 946038 67126 557882 969454 264109 
422605 422724 768739 653519 337283 7850 905032 776982 337179 886062 ,422724 768739 337283 7850 905032 776986 20904 886127 443701 51449 
38857 446447 38752 38664 640545 559342 38339 37676 37982 216482 ,446447 640545 38339 216482 216754 207103 768132 767829 907875 913498 
275485 699731 881857 369535 378577 470402 843276 593198 514673 105926 ,699731 470402 843276 593198 514673 938228 462906 873253 708000 603783 
879726 641454 898041 879841 824591 571210 570355 639952 854195 641485 ,879726 879841 639952 854195 47351 641702 102663 849355 641591 542948 
818703 325049 996113 518110 423330 798686 85669 89299 86699 360639 ,818703 325049 518110 423330 798686 89299 85472 96814 293895 664484 
208242 105606 851470 724005 208249 851597 572870 914948 123154 845742 ,208242 851470 208249 851597 914948 123154 151680 909423 275965 197149 
923848 35896 751988 935373 948876 404285 160111 244079 173619 589631 ,923848 948876 160111 244079 173619 678549 378205 378260 225677 931580 
606857 606760 422519 443654 443531 784934 443781 905075 30217 427309 ,606857 606760 422519 443531 784934 443781 30217 427309 409993 559550 
823692 823656 296548 282200 476712 686934 480115 641893 537091 814390 ,823692 823656 814390 419125 641658 640733 477491 540148 560449 559124 
895869 856368 681111 647505 648060 812196 542824 221818 972030 607733 ,895869 856368 681111 648060 221818 607733 896132 607889 2845 572691 
208859 600735 151923 292077 306845 82406 776381 525344 750889 174932 ,292077 525344 232239 511184 307256 689821 842976 273472 689825 704655 
853243 82647 722332 872296 909138 467039 995959 981361 379035 621041 ,853243 722332 909138 981361 726124 187467 908877 859843 875184 216976 
935286 519307 352372 355714 34231 727055 394440 117504 347086 39465 ,935286 519307 355714 34231 347086 39465 371188 754274 790599 911615 
679967 679282 413494 177881 245288 296717 242597 853930 294141 596462 ,679967 413494 245288 242597 353052 429912 412802 808638 514255 152880 
503683 659688 659447 423443 682907 2504 377758 69299 813912 833616 ,423443 682907 833616 61049 449588 844067 682921 171568 15617 458622 
559254 126307 796766 734550 358818 355100 735549 543285 625297 696910 ,796766 734550 358818 735549 696910 125867 541133 314189 319421 811942 
424245 424449 423858 423756 727626 806678 424989 726497 127203 110458 ,423858 727626 806678 424989 127203 373668 128686 119229 822106 278896 
43401 448210 448336 44990 44557 448164 187775 880137 754776 922257 ,43401 448164 754776 187982 448342 37827 774848 640865 895829 447712 
569634 81930 50291 294831 156166 638183 251550 664048 83026 240237 ,569634 50291 294831 156166 251550 664048 240237 945825 153835 299312 
647884 647532 648074 646894 646831 647611 647384 648738 648367 649136 ,647884 648074 646831 647611 647384 648738 648367 649136 647840 647438 
33126 92660 320409 803863 32411 906194 470679 687821 35608 493782 ,461341 343342 784382 899506 390757 462109 663121 210213 775820 110055 
906810 769993 447696 907972 769892 43402 996758 447556 754777 735022 ,906810 754777 447677 994106 905952 837842 446860 640864 448308 886385 
212416 465972 680849 651190 29069 212640 51067 517763 763167 832156 ,212416 465972 651190 212640 517763 51186 689416 66277 409561 465864 
561145 15351 13449 225311 549950 481684 822949 412973 742656 318468 ,561145 15351 225311 726056 210178 13357 931899 13578 855971 846700 
305378 793461 531738 607779 591075 105271 683243 864594 228860 903354 ,793461 864594 903354 719843 79858 80057 305757 412517 316066 574238 
643955 643462 448189 643379 645066 112948 645035 464376 644662 448238 ,643379 645035 643115 645057 429397 458126 717485 429335 644219 644683 
946996 842132 684 627811 833768 867701 946935 748721 947087 219145 ,842132 867701 946935 940880 988482 947004 224483 406155 724236 725320 
643452 870679 870878 40254 643183 862417 642627 643191 10689 227412 ,643452 870878 643183 862417 642627 643191 227412 642387 101973 644486 
571981 582321 572752 805367 313949 754495 377954 351267 354869 92520 ,805367 377954 351267 92520 574608 764528 934368 935264 322978 320271 
640732 641620 640225 640442 641486 640502 641224 639953 640326 919689 ,641620 640502 641224 969467 641941 641643 838074 640119 837972 443740 
637114 637390 637234 637820 637241 562829 259375 186391 186514 637171 ,637234 637241 416487 686016 833675 894425 808554 540458 441538 606296 
239785 980544 230894 239360 312960 980883 636148 965413 229711 920159 ,239785 980544 230894 312960 980883 636148 965413 229711 920159 461523 
643932 6453 879155 881422 976705 644011 882176 643185 418821 643911 ,976705 882176 6269 603339 643193 789776 760630 794585 970267 655937 
466213 465274 806229 61806 515405 166311 62764 539200 860427 490871 ,128328 76693 560555 525375 228533 208791 82785 157431 860058 549770 
730933 928577 196000 274816 646449 975288 975495 720639 823260 479631 ,928577 646449 975288 975495 823260 776382 471953 301115 853241 268008 
980547 975462 981601 975630 864347 985042 986464 246809 757250 957684 ,975462 981601 975630 985042 246809 985700 621535 605449 870497 985573 
557991 652173 909509 650034 779432 986421 986397 909246 794671 548767 ,557991 652173 909509 650034 986397 909246 794671 909854 981734 957311 
371412 493562 495895 575716 143367 99641 949973 721689 371908 715789 ,371412 99641 949973 114536 731649 579751 199592 347048 650719 277644 
655296 150161 822924 109002 149302 718941 995248 939152 937914 938027 ,655296 150161 109002 149302 939152 164909 781548 773028 40664 35965 
387021 695471 936854 382339 695619 913754 382669 212350 570688 142204 ,387021 936854 382339 913754 570688 987195 933875 381367 46912 386605 
412503 476608 479747 302439 49292 412416 398174 617682 18408 699819 ,476608 302439 49292 412416 398174 617682 300788 687257 55891 442765 
296975 353293 524417 990557 92001 69175 239130 101193 948713 546591 ,353293 524417 990557 69175 239130 101193 948713 546591 660965 503721 
401266 397469 476262 692440 809662 223308 934733 870726 407847 809586 ,401266 476262 934733 870726 809586 635662 381701 702301 691971 386370 
236372 468387 346533 9159 810384 249085 321352 749073 304364 521010 ,236372 9159 810384 304364 744871 121119 164013 634086 420113 891633 
6430 6124 417477 889676 912615 972158 862144 981353 996257 878481 ,6124 417477 912615 862144 755856 58320 885180 768100 373867 716260 
791685 885774 792990 641428 641143 997491 837979 640913 640613 641567 ,641143 997491 641567 821806 987335 880408 639884 640282 545635 374120 
411255 59456 700185 409614 538225 90780 184228 987373 233197 409624 ,233197 6352 593727 82200 124713 875245 322437 522583 200111 55395 
451835 738991 209170 968470 452033 406419 421831 739749 740827 689936 ,968470 740827 520371 366413 433393 719727 263519 148547 59 685731 
130136 130406 388815 78655 604596 109919 720212 388469 315682 327729 ,130136 130406 388815 604596 109919 720212 388469 327729 498586 605385 
414247 638072 860936 511129 84008 81913 972634 30113 704913 637953 ,414247 511129 84008 81913 972634 30113 382300 867090 30530 821985 
974481 757209 974985 404630 993558 404590 993478 619140 190987 993555 ,974481 404598 544583 980641 895212 974760 989899 829444 974467 647176 
352514 352557 298125 616076 246681 431877 462241 570325 80176 537948 ,352514 352557 616076 431877 462241 80176 537948 537950 125967 455912 
352969 496288 663264 322043 86672 88617 87888 83361 158182 332612 ,352969 663264 332612 356868 83596 91189 94322 337025 87894 524866 
152623 80466 972415 16507 274777 767235 370121 391250 524059 370557 ,152623 370121 370557 514919 126391 182747 935503 249832 573759 371204 
843302 19407 543480 19372 905416 932418 911176 910069 905272 18843 ,910069 273932 497163 677785 842979 416414 415890 879719 482030 224284 
74452 875937 875081 175394 74657 768598 422195 125791 192137 138860 ,74452 175394 74657 768598 266101 201823 201479 414094 598679 683268 
48770 935718 395168 395455 861733 829106 798357 756524 798057 570313 ,935718 395455 798357 452064 829193 557341 272309 999987 104188 104895 
616986 683308 575753 922496 419665 164242 521082 921457 682644 921657 ,56436 494375 641816 412141 206372 720480 442889 73724 318400 407268 
470839 61250 350781 129593 282366 901003 306509 423092 422759 422816 ,470839 350781 306509 422816 241995 476840 719637 249001 131589 144100 
470393 577682 579998 257197 241758 256270 521435 109033 521507 611669 ,470393 579998 257197 521435 109033 611669 120999 853970 931403 278356 
493416 322286 676387 573637 152736 462146 495468 572973 933367 558589 ,493416 152736 495468 704387 462109 648186 515894 461558 505091 416663 
177646 181997 181605 821938 807785 716433 866737 153488 279356 581962 ,279356 581962 292077 660288 495449 514258 261319 514230 748193 535022 
373751 101358 20562 133842 326438 373779 630855 115118 138897 340959 ,101358 630855 115118 138897 293355 618288 957615 316641 974335 990205 
979455 260593 980654 413920 574817 368003 766686 476467 900626 535890 ,979455 260593 980654 413920 766686 476467 900626 191282 472762 841335 
716327 963780 78797 253422 972036 963739 838104 972405 838080 555437 ,716327 78797 972405 630364 81672 103919 784283 58410 848259 631901 
597409 889739 995615 256049 376862 227593 863958 480301 996035 543385 ,995615 996035 543385 81795 543683 809848 903109 480262 485135 594399 
685238 60342 702300 788544 788387 111760 94473 60560 81457 748480 ,788387 72724 723739 685945 615789 965275 151912 239302 743322 379539 
860292 108195 106674 476159 101128 228070 145554 456277 141514 55657 ,108195 101128 145554 456277 141514 637057 484373 196753 495045 141998 
753717 753844 511192 874481 35172 725983 239134 687999 371557 127207 ,239134 371557 127207 867400 244883 712821 631282 723410 732168 957219 
612878 944036 612097 30543 613160 450700 656034 892248 892103 777886 ,944036 892248 892103 974204 802072 794249 797378 887595 794185 716138 
294394 16582 364922 315679 415379 306579 848925 907793 953835 180078 ,315679 13393 538983 153893 288931 932359 365366 233612 630032 341801 
713000 976447 69920 905798 722398 958751 700642 53187 70769 356455 ,713000 722398 958751 458239 140337 645176 906402 607343 790875 791140 
643821 643617 643339 643758 644147 644126 643743 644134 643174 467329 ,643758 643743 643174 467329 738513 640579 461355 98255 217956 187697 
85442 92849 88741 88233 464307 61113 130948 60133 379638 42883 ,85442 92849 88741 61113 130948 60133 521862 121941 740641 534791 
516497 466860 466759 42304 886174 516654 931693 920778 922415 564142 ,42304 931693 58981 184212 522281 886252 254395 627887 125537 207082 
95270 485329 338475 845986 116007 30508 364110 279159 511737 845945 ,845986 116007 977360 736656 514719 16428 696568 95168 833386 458645 
714215 785533 566808 781115 998060 924861 994723 119304 558494 444206 ,785533 924861 558494 444464 445495 347106 762397 799459 445636 905551 
409722 969865 918194 332655 106809 806446 502068 234721 93482 93141 ,409722 502068 93482 113673 806593 515306 823579 465105 682423 57604 
497243 497121 23767 843148 713761 217694 67556 759287 15212 680436 ,497243 23767 217694 67556 759287 15212 680436 301764 217453 497351 
177458 877852 724571 321440 650126 843257 783337 400829 442568 925624 ,442568 925624 970129 24593 401154 674763 688760 442627 713596 534722 
479578 515462 886286 862031 256216 870468 729551 479493 59875 479476 ,479578 515462 886286 256216 479493 59875 479476 669809 479602 515324 
240875 230512 50931 322643 51022 343242 775643 723580 994914 810158 ,230512 50931 51022 30812 94521 257938 947785 307193 795303 941741 
188836 40595 188881 640398 189268 642712 640241 640185 891982 896784 ,189268 254804 640573 443304 640961 604135 604131 541384 743841 447085 
292822 473251 365301 60573 400841 529792 364193 242043 93787 618766 ,329355 491715 494583 687446 37286 720701 248694 621468 427401 780774 
641028 998899 103476 817896 969048 603607 6288 814239 119803 40863 ,103476 770360 446605 837308 446250 445930 424747 442759 417338 769986 
78418 77872 853958 14263 14130 62671 752550 153989 746599 543849 ,14263 954492 898969 712662 717590 504301 210441 138708 595553 671215 
18492 702965 871545 929872 585673 929647 135862 136495 369453 621358 ,929872 585673 929647 136495 369453 369677 392639 873666 930466 919431 
734111 248160 743408 979812 737858 900886 770354 91223 563863 258976 ,248160 900886 91223 258976 806256 396414 295138 770973 770516 806225 
996371 987074 406020 996476 544678 519313 19573 526381 886744 123544 ,996371 538680 17970 542892 515744 518930 723732 502126 191299 441733 
278727 279440 194013 272829 23132 38604 671252 513299 230524 947303 ,278727 194013 38604 740005 632537 333019 288810 265302 201024 96774 
978570 978059 978173 974215 973503 978495 561153 565168 81763 113739 ,974215 973503 731249 113108 514346 823221 210109 705591 17775 209777 
161333 407587 142870 146783 126727 935916 382309 408289 805100 956094 ,161333 142870 408289 805100 338499 350985 468310 206677 452593 158792 
572068 718897 651447 95870 499089 502646 786351 970143 434330 708828 ,572068 95870 499089 786753 994631 723968 96042 850673 695808 547429 
385449 851236 172079 750047 167174 535425 17879 84573 374744 127584 ,172079 750047 535425 84573 374744 127584 418735 747119 555952 41819 
469488 730655 744571 496993 72742 497874 678951 469490 681130 263525 ,469488 678951 469509 322727 263840 719374 720126 434359 431655 322478 
974152 955551 836130 582898 473789 540566 886522 879632 993780 571456 ,582898 571456 898973 806270 656435 905662 351272 974187 242483 560577 
546921 294738 300849 466347 439506 713267 571838 44738 472112 748609 ,546921 466347 439506 748609 425512 308607 708537 79505 153452 42323 
292531 481020 278899 293058 672916 292371 365788 926022 407092 522733 ,292531 481020 278899 293058 672916 292371 365788 130971 617880 299959 
67210 441584 208236 633772 726481 726455 579949 879872 208211 12147 ,67210 726455 579949 660229 543257 899000 670875 882645 67517 543361 
880147 618546 618355 22985 857647 858903 192388 503103 98871 880341 ,880147 618546 22985 98871 859023 542055 504860 539804 839645 839443 
926830 93188 198790 277606 925927 702000 107663 567 72133 97112 ,925927 702000 107663 567 72133 97112 663 312209 729253 1071 
784222 239758 455872 978604 825398 407413 112662 992122 239161 993301 ,993301 268999 616911 873930 669760 329226 208629 609354 991023 517078 
522805 523783 126452 108917 833076 660248 853107 127361 851834 95809 ,126452 17676 64335 138788 988904 156146 981206 500043 523290 994056 
754687 618600 386429 811857 616409 807592 811755 696449 248866 87266 ,386429 616409 807592 811755 696449 248866 87266 641210 188671 264919 
106508 42714 107271 121924 54109 295271 494857 153083 55538 42712 ,107271 121924 54109 494857 42712 566295 816386 157080 130678 567954 
972358 964091 352844 82621 82748 315195 984802 791030 408448 941709 ,972358 964091 352844 82621 82748 941709 972288 78655 189850 979538 
972485 971672 512702 513687 754395 753613 754499 753635 970436 513047 ,971672 512702 513687 753613 754499 753635 970436 513047 754270 754052 
279441 312344 280744 684403 106646 176619 112971 325817 485446 723289 ,279441 312344 684403 106646 176619 325817 723289 485882 730157 322192 
970610 970395 971125 961878 962241 142179 142729 872398 446009 952895 ,961878 446009 685667 673095 759277 446559 446930 190744 607515 446330 
414953 832964 833158 586974 24552 26243 735295 48562 735800 817429 ,817429 658719 571625 905360 977248 252065 789114 131432 187630 283505 
963669 791240 37479 590306 318228 879052 535280 760559 29022 631827 ,318228 841701 534985 724192 534952 893782 999955 790495 752296 436174 
447264 824071 666713 958076 666684 603741 445339 446709 603779 445820 ,824071 958076 666684 445339 603779 445820 639851 808778 607390 29584 
890238 602446 337844 279666 378444 88732 657120 660493 339899 507740 ,890238 378444 956519 468884 305168 296711 541293 953909 31459 434562 
862672 375392 564425 992771 870798 612440 711056 995670 399093 871873 ,404706 756584 557003 24024 24157 813104 840292 784667 895394 722254 
48339 995543 68669 518293 430455 546384 526906 48345 96431 524011 ,501915 321577 363376 248293 825958 338981 509974 363807 525035 83936 
972229 971488 971270 132013 131920 647708 681043 962553 774797 483843 ,971270 132013 973125 673181 129266 961328 963037 597873 304292 837716 
265969 486219 201437 486753 839994 524524 255488 489070 489924 837470 ,255488 837470 978472 483779 967335 22957 439187 839677 871462 924832 
972777 829082 949145 656595 614570 949171 941781 950958 942600 941584 ,949145 950958 941584 380748 298607 300927 970476 477447 809118 854110 
556075 557102 556929 556277 555583 556053 557249 555910 556156 74928 ,556075 557102 556277 555583 556053 555910 556156 74928 557207 553504 
790986 790977 322860 88479 117910 364041 86110 17037 96782 520941 ,790986 88479 364041 96782 520941 337422 319100 336416 679857 61912 
212448 212867 570402 985278 595644 179190 764328 345730 687749 27029 ,212448 595644 345730 687749 27029 155261 78082 492333 213897 41195 
5142 98748 169103 98711 16221 630175 560322 744309 14242 429546 ,560322 390045 973539 485398 248098 59542 472440 442028 951426 722926 
721978 996319 771749 806857 3505 530099 521051 471287 330824 809046 ,996319 771749 806857 3505 471287 923848 62594 241340 2293 341691 
21038 62386 539482 705240 592969 62052 593475 915727 64100 509870 ,539482 437556 736108 866767 573680 887708 224860 15731 225974 984117 
988877 988079 869352 987921 207633 861350 861353 207600 988157 555339 ,988877 987921 207760 220382 478355 868263 381026 868103 869227 158264 
5559 4995 4962 4870 703702 401938 749867 603396 953995 101992 ,5559 4995 703702 401938 603396 256827 633839 376657 475037 151167 
798190 85189 139482 126422 129003 324186 987799 902445 477817 250441 ,752039 620937 592895 89795 462321 745871 784347 535537 450284 744806 
560556 996770 888196 665990 348423 900696 57134 811950 347429 596233 ,996770 665990 347429 304693 656824 475819 486153 56182 541749 385282 
650455 650635 963264 650630 25790 828981 963169 759334 638389 567393 ,650635 25790 828981 638389 114600 29676 132664 751315 714032 638360 
455913 462590 455731 462242 456692 463630 462351 383886 39972 972558 ,455913 462590 462242 456692 462351 383886 505197 448585 406392 383445 
630797 630387 519614 628797 503302 680266 837185 170929 519277 873531 ,630387 519614 503302 711757 887511 939160 95543 82906 552693 491882 
646411 645453 646409 672218 646050 646052 672616 672220 646504 645159 ,646411 645453 646409 672218 646050 672616 672220 646504 614951 191030 
741707 566094 542973 592096 252896 542816 380750 928794 69529 303235 ,252896 326917 253532 486731 273385 757842 240663 926810 585597 8027 
559163 426025 559492 38549 39498 512543 38518 39300 38349 38420 ,559163 38518 39571 38567 425431 38461 38510 38381 39415 39459 
429169 600173 642493 642124 667120 642757 667009 642574 589295 656453 ,429169 642124 642757 642574 656453 642521 448128 428407 207604 42200 
796369 450001 600996 601011 600893 797492 601727 710606 601193 638225 ,796369 600996 601011 600893 797492 601727 601193 638225 601132 764542 
158914 913102 472347 120017 467562 811087 629459 562457 77069 329678 ,811087 392288 71536 711907 448474 512341 380119 278832 765385 94181 
477022 773154 428032 645369 477259 188178 772700 516765 214603 538569 ,477259 538569 683841 827224 571763 91145 273335 723298 484814 716242 
654190 649942 649125 655099 986584 651262 714967 894767 652419 651349 ,649942 649125 655099 652419 651349 653637 676401 794295 995395 534819 
888828 226909 202637 266915 659283 595962 223531 185893 597253 736551 ,266915 595962 736551 207140 207944 597909 742162 875492 154235 66736 
428086 500110 566231 293503 221328 498978 283766 284452 321992 425413 ,428086 500110 221328 498978 321992 425413 501135 239462 502435 323106 
976263 975766 698175 133725 738557 133670 414835 134164 376735 159743 ,976263 975766 133725 738557 133670 414835 134164 376735 159743 475590 
447399 447008 521718 447805 875589 448009 521698 447576 763026 757534 ,447655 824384 410431 446895 446547 641557 215984 207951 833085 908128 
716607 824976 969359 855984 949183 552521 455484 824959 55862 632455 ,824976 969359 552521 824959 994401 791041 457195 742910 562355 670216 
647804 94546 94506 94474 94838 214323 647171 566510 566480 698627 ,94546 94506 214323 647171 566510 698627 361894 567771 192914 519952 
5841 5866 6707 76102 791495 641127 393434 15970 15259 240849 ,641127 15970 942386 87794 868079 506093 920180 527049 58830 22387 
803005 627435 648125 751093 857430 945566 750251 395742 341171 301233 ,627435 648125 751093 857430 68025 712687 143903 1622 614641 321085 
681413 975829 67780 792654 974549 93797 295496 794169 484790 803943 ,67780 295496 803943 61898 362171 327260 791901 221735 688216 689255 
977648 595677 629009 184329 880699 73928 65136 710505 75823 721208 ,629009 184329 73928 65136 676934 26060 504358 747834 77271 564951 
194566 273382 88058 912265 374153 101588 912264 398837 396348 766004 ,101588 460817 612717 914426 623207 459941 179154 529384 531185 588433 
586439 874424 372866 873196 368168 439176 932139 1021 500823 289277 ,372866 368168 289277 830579 888517 304249 370219 826500 297216 520103 
657895 250979 657226 250326 503256 304060 304644 91518 68697 967648 ,657895 250979 503256 304060 487439 60798 487615 93548 636491 68590 
393222 460396 432201 724352 877510 393454 502690 981693 123301 877893 ,393222 460396 393454 877893 933767 432818 936285 620874 594763 211288 
842615 105704 143224 297018 828944 473592 694759 557347 548781 92779 ,473592 548781 611640 417441 368797 909035 612483 793912 212727 890800 
142000 773706 617736 677412 774080 754751 326874 774167 32463 675133 ,773706 617736 677412 774080 754751 825742 429961 825538 617665 534313 
987573 732271 725448 100853 16236 870831 996558 723890 732286 204185 ,732271 268463 933720 888425 564321 224177 225731 526553 61716 628803 
776370 401668 132424 133239 876960 215895 134977 573630 837338 812123 ,401668 132424 133239 876960 573630 812123 866819 877130 523154 573521 
746905 262804 138360 735842 535011 174687 189735 535224 121992 535205 ,535011 391998 427107 842667 56067 735679 369740 20761 24684 426019 
99322 289278 455872 309641 844669 118905 286136 844953 116598 285300 ,491920 119121 540150 351346 963584 540181 202050 508293 508689 502399 
90830 513228 363785 596998 364726 408167 407580 519296 75408 572868 ,408167 449051 44226 732940 157305 177873 493436 94493 146393 754934 
472003 851961 471979 853226 302667 437562 898090 309462 534538 905963 ,472003 851961 471979 853226 302667 898090 309462 534538 905963 368182 
554878 955774 932398 554809 814254 806899 932745 209887 554898 956008 ,932398 209887 554898 923129 166335 399204 618424 685122 478463 899737 
2698 586350 515477 522924 435196 513613 525348 798796 139648 515192 ,522924 524868 769286 791286 139210 603547 139967 1247 60027 870382 
881091 148093 494731 139144 245891 685691 8639 161334 213938 676042 ,881510 747949 9393 565461 768905 375684 739113 100426 740918 450961 
334524 766750 25321 290244 341145 128986 951379 36754 859203 37366 ,290244 341145 951379 36754 37366 333275 498862 36558 624962 537992 
19218 693447 594413 377211 485695 771349 123282 113701 879103 433691 ,879103 728280 347037 752988 562965 368347 89800 440752 405819 728236 
438559 3817 773071 590745 173682 917919 228952 994682 310253 217759 ,3817 917919 228952 310253 785197 857028 356856 974201 54145 732295 
63906 834280 576569 591431 823094 875659 888107 63112 137100 139367 ,823094 170948 701515 86953 325897 551453 120756 16926 335889 692251 
748296 821934 904313 771823 80302 168473 416683 524697 478920 406377 ,821934 524697 889945 479305 638041 151282 4463 406574 633086 740641 
195673 274489 971758 143729 915496 987574 963403 916875 900313 909006 ,971758 915496 909006 196312 917069 129645 670951 124061 404355 962473 
984185 169343 169618 631620 312250 22798 984108 890257 784697 132889 ,984185 169343 169618 312250 22798 984108 890257 215180 691571 598733 
152867 153821 787709 732590 21284 772221 174186 142139 421864 73362 ,421864 787804 730473 684510 436944 703420 771977 467415 910889 724437 
834058 727948 430681 105194 101098 152277 617868 18355 528547 548763 ,834058 101098 389653 433826 695815 548560 621816 431103 721481 971263 
38557 38096 448296 39516 39064 861712 410943 448137 996851 891493 ,38557 410943 941032 38404 6158 410595 890203 880228 946948 540231 
392254 71173 456535 59894 129518 462652 495900 524606 714246 749900 ,155816 393753 851692 15789 195477 509857 214794 215071 273159 224330 
968342 401199 666226 803065 397032 881290 195411 274227 397036 397572 ,195411 397036 189632 823870 400966 895435 475402 478755 338616 401842 
483758 732268 732277 175070 230234 515654 534095 730338 229652 99449 ,732268 732277 903711 512455 230935 312136 430170 23565 622850 484753 
499630 467203 461261 285869 523253 498747 632423 465413 856734 862456 ,467203 461261 523253 498747 856734 862456 462101 97178 893332 467065 
263770 965053 402960 543677 400033 76396 750699 97626 966593 951004 ,951004 386100 322539 461389 399451 522683 681931 593475 400541 958295 
497552 812014 706739 909373 677629 962439 647616 655036 425620 790292 ,706739 647616 655036 425620 790292 649619 184838 937088 904565 794186 
278954 279513 279130 514125 426905 262030 503895 520154 804032 230415 ,278954 279513 279130 426905 262030 503895 520154 804032 292134 101250 
469626 445359 910995 305442 452961 469666 221962 453047 691349 247012 ,445359 305865 246654 292066 261514 215509 106811 469672 54612 44585 
223733 635121 207084 9759 45733 223790 207146 910019 14512 80310 ,223733 207084 45733 207146 80310 560914 857951 702998 855642 857420 
636649 960429 660229 145702 909820 43530 964122 564340 545597 374998 ,660229 145702 964122 561224 775133 817585 372683 777741 186749 139693 
225761 866687 570364 194133 272949 996475 193438 272254 828326 569835 ,272254 193438 511167 885819 678204 385233 10150 201369 265647 47396 
615583 55306 754880 53242 987733 409674 190924 523600 640837 106573 ,615583 754880 53242 409674 190924 523600 640837 106573 683864 410261 
917344 970556 539180 538931 323403 4362 583157 307557 745578 183226 ,970556 539180 538931 183226 299966 65801 14480 308448 310153 21103 
870214 882158 399013 410676 687098 38389 552111 994031 479865 415574 ,870214 882158 399013 410676 687098 552111 994031 770269 768698 381453 
464668 979781 187775 889259 877437 807414 807458 895336 446983 37827 ,889259 877437 37827 895408 890288 889415 922257 640865 895829 889292 
153537 190876 896223 72696 75485 706632 97694 124840 109884 957276 ,72696 97275 169431 681002 225045 158091 169820 98376 150770 457250 
682038 678504 678979 702656 976193 473927 923113 60778 656152 849950 ,857718 842092 709554 804754 804905 542949 47382 557727 47460 804637 
282640 96834 350470 354762 431808 491784 504247 502615 122470 324366 ,354762 502615 122470 293652 609053 280939 814915 298633 365546 191860 
399614 399912 403621 944897 755979 470032 233621 403366 705111 353530 ,399614 399912 944897 318313 343545 470078 300843 792294 354613 560561 
111177 383633 398288 401983 832555 510411 722807 72241 817734 442020 ,383633 722807 527722 264891 455067 66101 277723 198907 192583 964100 
764312 689987 575110 662520 689927 157785 51533 130472 605129 607115 ,689987 575110 689927 157785 306322 164307 158102 51707 576895 576002 
210509 978278 261243 705338 791418 982096 993673 993627 333802 993659 ,978278 993673 333802 504036 170157 512814 804381 81645 299825 59378 
480358 203174 267452 839019 751773 562945 143505 764626 212868 621394 ,480358 839019 751773 562945 623846 69073 900262 242723 880649 880169 
729504 429787 429864 333296 597830 542985 630092 309117 90698 895684 ,729504 429787 429864 597830 542985 630092 309117 749721 67152 200073 
43021 207134 43121 428569 101577 655381 655942 655064 378670 559342 ,905634 477005 667395 24171 823505 191345 770940 721109 421316 667383 
750653 153617 62066 208904 215420 896280 61132 61775 209603 14793 ,750653 61132 61775 209603 604975 354918 208712 518828 277544 198728 
373180 811271 456497 511624 688865 814404 468053 130059 811454 127401 ,814404 47274 754431 812105 572512 513980 56224 780576 104514 215026 
198631 277447 122926 199734 278550 196638 275454 122342 225073 195408 ,570081 570423 86924 863659 431255 15929 15917 13584 588273 989172 
253762 619314 571548 146094 144515 253591 827231 331888 924013 179722 ,571548 253591 673442 253633 607498 753191 113106 788168 182304 481017 
207099 904987 668814 541794 886645 668155 723733 547027 128642 885788 ,904987 886645 668155 547027 885788 444893 841423 919263 920348 444952 
788959 307349 788955 328720 717692 815109 241657 253817 338801 356689 ,788959 307349 788955 717692 815109 241657 253817 356689 684055 306341 
862971 366811 114653 199806 11833 14951 597402 34712 690001 220849 ,862971 500282 96327 13106 396063 385130 130194 366053 260407 138832 
540319 540321 123689 226521 753288 220393 868465 226187 704316 61870 ,123689 220393 226187 61870 64930 152376 152305 542182 704088 888601 
832996 688345 424043 435163 433160 509862 397083 72398 279170 188237 ,688345 72398 188237 59994 117032 889112 175041 719771 280349 271865 
450895 280351 281256 573044 364776 389460 498937 497899 551729 832997 ,450895 389460 142701 450541 33357 310884 404456 170421 64255 660028 
182740 182924 913838 242790 563665 610460 171539 263193 263411 914307 ,748290 842291 106889 576834 393022 834915 989100 584033 892600 522864 
33293 748211 407583 35330 785780 110559 720837 946108 242207 252825 ,153578 484077 724101 577064 385013 903597 31622 308817 183904 616322 
87764 89301 781131 380975 31906 731585 996365 829412 427260 705374 ,87764 781131 31906 996365 829412 915918 113329 872835 20520 442424 
834728 867893 535682 535397 789371 731045 324093 863511 323064 965795 ,324093 86541 836118 911030 768713 842083 583753 1294 158919 398068 
774162 773924 790037 962745 774132 120103 884695 909355 908814 762561 ,773924 962745 774132 120103 884695 762561 790046 41037 119657 559991 
202371 266649 204567 268845 561204 703525 564545 681757 929132 480100 ,202371 268845 681757 480100 844141 730583 224710 413448 480731 929890 
392418 392350 249160 804266 966169 433983 40606 948867 169556 64453 ,40606 948867 169556 64453 753169 966607 290893 821207 572792 575637 
13753 497162 842649 503384 496770 99153 195989 563994 885778 198292 ,13753 503384 99153 56400 56209 933722 895103 56220 832415 842780 
909712 199578 763805 773101 834497 596631 669328 868563 18026 106889 ,199578 395398 520022 618680 473005 935852 533662 874717 773409 214513 
303995 302193 890776 288619 643796 421821 288021 897282 945664 945731 ,303995 302193 890776 288619 643796 288021 897282 945664 945731 808265 
391696 520217 23305 530440 487426 504000 181259 485330 367739 503720 ,520217 181259 367739 503720 561024 223408 269482 401565 452612 622763 
669848 667767 849759 659883 895228 919764 660553 732288 719281 719153 ,669848 667767 659883 895228 919764 660553 732288 719153 496858 719588 
634883 527111 516434 533905 356985 812871 599712 70274 617941 279138 ,516434 279138 51861 366814 52040 177198 844386 170024 107859 806386 
858547 595850 595340 970867 868780 749647 595333 749040 185422 791960 ,749647 185422 546296 490609 185929 193295 2923 344558 727845 465788 
347094 68827 535624 347445 736131 430984 282394 413533 322033 341859 ,535624 736131 281739 80182 524339 881046 301440 860344 305890 253051 
542782 856896 646289 542591 646010 912213 618914 639818 964229 962401 ,646289 542591 646010 639878 884575 913241 971169 972320 958915 244776 
72028 71459 683536 859689 926291 545130 925876 17700 684682 47089 ,859689 47089 485925 419546 312198 324144 62934 154180 335183 737961 
209477 519596 684207 788219 431743 112537 310466 858224 821926 530476 ,788219 821926 337258 279181 309191 250205 221946 364642 249109 423114 
774845 859890 653364 924385 419812 83797 711061 85716 795427 94921 ,774845 653364 419812 711061 94921 82540 653146 510834 859827 795628 
203344 267622 102093 916624 325431 348924 986130 828699 635288 176288 ,267622 102093 916624 828699 176288 827114 219271 827579 632700 773302 
510678 495264 495544 235662 359199 615815 150529 302392 949032 371041 ,495264 495544 235662 359199 615815 302392 949032 371041 766994 414077 
877668 550724 443154 442731 877550 877670 955500 421338 98764 187092 ,877668 443154 442731 877550 877670 955500 98764 187092 701639 629379 
544307 465363 501043 172356 619664 441660 381092 363823 166049 557674 ,544307 501043 441660 381092 363823 166049 557674 323020 679476 396225 
604257 973650 22847 22805 661212 998946 941377 561720 503397 259423 ,604257 661212 941377 561720 259423 404661 662987 973601 223663 562171 
32926 36631 278962 634147 70474 292126 108211 726272 37062 624960 ,32926 634147 70474 37062 861244 634216 624213 88383 548881 60038 
121901 939145 870099 911020 909575 886687 465374 919109 122069 886000 ,861623 868396 870928 960336 123292 432870 183151 161833 886541 705863 
698332 459770 596947 18648 397958 184488 599293 18768 881867 201150 ,698332 459770 18648 397958 184488 881867 324971 71000 48775 125135 
915689 104988 589518 122253 290225 121976 691371 396591 328495 329525 ,104988 122253 121976 55966 7385 946938 339240 130745 467988 20831 
90148 90086 832416 212453 119197 231027 94259 79112 30266 823745 ,832416 94259 684013 894094 186769 261999 634518 91254 279812 235036 
893314 992773 750707 163856 321276 664737 35850 603144 992924 749822 ,893314 750707 163856 321276 664737 35850 603144 811693 83775 72161 
645360 997266 101675 641015 640829 640273 772607 776765 889082 846417 ,986281 39909 876947 102317 640723 828561 660176 962816 277301 660310 
536393 200106 498674 101087 421766 629199 403108 500181 190143 32034 ,200106 498674 421766 629199 403108 32034 504623 407162 498117 421550 
986577 981427 334891 342087 534281 304835 29612 493513 531635 929 ,986577 981427 334891 342087 304835 29612 493513 531635 929 909164 
899591 577804 835231 109528 389499 661281 764549 274209 554071 141414 ,577804 835231 108127 838764 416674 328347 891145 141922 291026 15802 
216977 145976 901120 216702 737836 147346 829844 887475 902607 872009 ,901120 216702 737836 147346 829844 887475 902607 872009 335205 309279 
226065 241518 185409 64532 749020 681566 909581 705126 598487 402866 ,241518 909581 705126 230052 256663 230119 230814 943267 370380 491338 
907253 71902 959736 836393 60400 906741 679618 302177 831841 694292 ,71902 959736 836393 60400 679618 585673 816791 689078 835070 340559 
685425 149089 752403 163608 984059 437550 19221 986018 542167 647718 ,685425 163608 984059 647718 225203 594405 881329 532257 431112 609554 
899678 257036 832166 900184 832080 832514 595126 905661 297263 758559 ,257036 832514 758559 596498 141275 834319 984842 890096 500924 181436 
289404 241704 608253 241582 324584 736384 323538 505895 742289 736483 ,289404 241704 241582 324584 323538 505895 736483 145364 483072 1974 
233156 233542 953806 756628 230396 922366 875817 230726 802634 103718 ,233156 953806 802634 564178 922439 274363 233269 592446 560096 361332 
997941 103669 876644 679190 876671 594781 929182 448566 880098 180721 ,103669 876644 876671 929182 448566 880098 482881 613568 334025 522648 
188995 189140 188936 188955 236994 26088 237192 237117 227307 757326 ,188995 189140 188936 188955 236994 237192 237117 227307 757326 189017 
764571 679025 622520 597564 30525 977048 31036 695277 678780 679291 ,764571 679025 597564 31036 678780 439376 328304 168963 31689 455107 
636784 636755 131699 112773 423250 131417 131557 572884 423197 373462 ,131699 112773 131557 373462 814190 373483 569454 373477 655013 607480 
537100 618136 523601 878165 303400 524018 189126 594360 14323 537607 ,537100 303400 524018 594360 14323 537607 83037 704913 86 917854 
703844 474575 670445 668145 670238 474592 179104 704550 953113 690565 ,703844 670445 179104 953113 690565 340335 176004 5877 474571 993920 
395964 868958 541987 209790 377657 930184 869878 842733 398447 883120 ,377657 398447 515847 144607 32310 488221 12737 874471 667903 933390 
302145 384170 994099 712608 994137 590853 26771 586610 976145 560748 ,712608 590853 586610 974130 629040 228057 601016 227844 899982 775744 
680650 120339 34306 34307 690145 648967 300130 937314 680648 111979 ,120339 680648 630885 92667 918273 858162 943745 121470 529563 62581 
407150 333257 731001 987587 717250 345301 663883 335835 394693 562829 ,407150 345301 23333 193088 271904 255820 150703 827459 506460 259760 
362226 58117 19372 198200 277016 730825 587804 885506 883589 130227 ,730825 885506 130227 589564 258418 879719 800956 592054 869754 905992 
745345 722112 489624 108753 822943 646744 646932 169387 107429 762870 ,489624 646744 646932 762870 265141 566921 945418 96177 27157 944747 
114115 773629 115557 894583 894506 603892 906921 509991 503463 114097 ,114115 773629 115557 603892 906921 509991 503463 603696 524516 444963 
985830 949276 34906 368467 504763 503632 727719 139792 485883 180135 ,985830 368467 504763 503632 727719 143872 829599 631533 114139 360977 
569406 195131 569489 730944 196255 275071 618544 195289 274105 569385 ,690694 569375 706952 296071 289132 134504 62334 488659 950927 730983 
725836 352255 885534 416938 71709 74056 186146 543574 841185 511547 ,71709 74056 543574 271869 193053 619245 431558 229979 132390 58043 
894417 900678 736591 287770 303201 39259 917613 6004 511073 742486 ,894417 917613 6004 511073 742486 903854 918265 891968 939622 534360 
448400 665953 666124 448509 448607 448445 259942 852985 605470 470179 ,448400 665953 448607 448445 259942 605470 470179 791808 665882 944990 
368144 164009 497693 481875 178989 17442 522930 708767 366239 282127 ,17442 192357 406355 234544 662138 372057 90930 513772 253499 17460 
596851 596782 74120 533494 997165 18688 750954 293622 18002 296222 ,596851 596782 533494 18688 750954 997129 32689 369233 36658 112458 
916431 734362 737774 734395 743338 734575 737542 743465 745494 916324 ,734362 737774 734395 743338 734575 737542 743465 745494 916324 738008 
917701 244521 699368 707103 419097 120596 156807 174372 259971 50651 ,641311 244190 293813 328309 836908 342524 822760 414263 485298 628308 
684540 577131 696500 86018 697537 684814 14188 344170 100572 480600 ,684540 577131 696500 303744 523547 149619 68768 71907 275048 684576 
961069 917702 917995 837363 796996 990631 544789 997453 918051 990890 ,917702 134091 980674 126172 535430 672393 810861 974412 275230 133095 
589752 557879 586047 589593 512574 887205 217417 150513 118177 580144 ,586047 589593 580144 887155 887688 766548 603212 298734 544451 36013 
71142 70482 76158 135598 925834 998237 997881 903051 788246 997396 ,998237 997881 997396 517612 952944 815195 517467 365485 494071 23474 
704321 705927 400676 533517 763041 397025 397115 463131 366632 763531 ,533517 397025 763531 384233 997642 782072 293174 420795 965996 261818 
382531 687789 381318 633267 931170 206233 270511 4076 503027 284047 ,687789 459046 2829 158433 686307 453118 614273 113015 957982 686262 
547106 547123 547312 39992 547775 797097 881437 940372 796145 345216 ,547106 547123 547312 39992 547775 796145 345216 548472 471174 882165 
206042 270320 397751 189023 845029 703332 395411 721688 398382 204073 ,845029 398382 268351 435484 132675 32739 950659 949852 230234 351425 
481388 662155 661759 457195 986514 946991 457780 187673 790889 791041 ,457195 986514 946991 457780 791041 456845 947094 920317 671291 483220 
481720 530166 533751 803974 106441 88402 514506 335579 469825 670044 ,481720 530166 106441 894184 724479 87712 466619 383562 407629 522076 
923432 564068 45305 585950 122530 45787 43447 900702 495442 141351 ,104441 493314 386863 164408 100652 985749 14013 987626 628157 231962 
861744 762205 862148 131294 735516 131641 663788 622899 863923 140549 ,862148 131641 663788 140549 984281 652338 983847 606026 554150 244406 
571737 636958 516731 935863 999031 887284 248124 895675 998720 248780 ,571737 636958 999031 895675 998720 57001 36330 946149 705785 516736 
201308 265586 369237 790924 20598 249746 841756 201679 265957 250714 ,201308 369237 790924 20598 841756 201679 265957 250714 913361 270823 
860008 549183 929086 392244 392008 574946 678919 699366 884833 628049 ,392244 628049 879822 392294 225087 505563 874187 250774 560871 542204 
282871 296190 568398 282096 543638 709401 499353 295454 940958 766933 ,282871 296190 282096 709401 295454 940958 766933 627042 422144 97047 
229120 182676 37883 715632 285859 222800 229251 244991 933625 543531 ,307045 864136 199281 584812 938009 107539 99050 872034 98371 226112 
449180 738865 312182 739092 234582 457894 366453 390255 733020 509772 ,449180 738865 312182 739092 968850 123592 307222 63198 104362 741161 
732241 310130 713054 359177 267477 204824 269102 204855 269133 424308 ,732241 359177 204855 424308 140924 366532 832307 715259 257711 860050 
554807 863847 670080 839493 449633 207636 224829 777075 667802 207594 ,777075 207594 711031 911590 747131 842427 955394 879711 777092 780050 
8591 434662 8071 109557 166050 185545 16334 312141 724096 547607 ,434662 168738 381928 190210 424778 160645 695604 277102 198286 3673 
854227 854435 841820 842204 799800 840431 558278 984627 21757 367922 ,854227 854435 841820 842204 799800 840431 558278 675264 314920 17970 
630717 551378 375010 162225 639573 777328 185375 161631 639779 108496 ,630717 162225 639573 777328 185375 639779 108496 638947 926162 42774 
70830 70247 448396 464841 551017 417093 448468 417142 448471 464843 ,70830 448396 551017 448471 464843 274434 195618 25929 64177 194811 
313017 370033 69454 311489 871565 714510 740686 63319 714737 323531 ,313017 370033 69454 871565 714737 612271 982363 283358 745858 661634 
298299 504488 797227 918528 926026 242676 252833 783373 250435 783762 ,504488 918528 926026 783373 844206 607945 506243 561727 733774 679140 
57520 148982 496360 959163 492552 493254 820394 138946 320347 442948 ,492552 493254 320347 495004 615740 735823 317591 222558 517785 199168 
834774 445383 446046 882616 445121 993719 235542 881187 215810 880830 ,445383 881187 373939 224807 210984 833750 640864 422959 446421 448209 
223309 215818 21005 20974 282663 505511 216313 389863 422050 295600 ,223309 215818 505511 389863 422050 158006 702258 60023 24906 514491 
451354 517101 928767 855569 315419 161932 519363 230963 318028 398833 ,517101 928767 855569 315419 519363 230963 318028 531641 239607 487049 
821499 59275 768342 429123 467245 429073 616602 479971 189368 470902 ,59275 429123 616602 821509 537543 941883 768604 810411 58917 248642 
628319 224198 223807 196638 275454 918910 85503 738897 251418 20739 ,224198 275454 85503 251418 20739 629310 225823 473961 853156 888506 
365576 536352 585040 639787 119859 124615 123893 261964 153606 803849 ,536352 639787 119859 124615 153606 889097 192635 636263 26798 923686 
82494 386267 297464 503080 954754 929489 452548 59523 135443 929656 ,503080 954754 135443 747948 365298 803240 388285 702066 786728 386994 
410376 673083 673130 673355 888298 888948 994727 469019 912285 673738 ,673083 673355 673738 824384 445279 113269 952660 476156 674641 779543 
204274 268552 226492 59611 16182 15420 744034 841076 652966 598573 ,59611 16182 15420 598573 399238 452781 628824 271056 853070 952924 
564341 564270 561350 843790 564410 990730 677926 386868 555887 783630 ,555887 441744 561073 752139 225832 272754 193938 555536 561202 403758 
75421 550684 813000 70461 73488 250602 988378 471174 383034 579874 ,75421 70461 250602 988378 213775 146494 245739 434650 87062 521192 
709311 970643 251962 709215 215652 282253 131415 948714 977951 970076 ,709311 709215 977951 970076 929517 951849 953315 280042 44846 749341 
397163 777376 891129 17694 455642 616770 679096 117858 883673 928955 ,397163 405385 448471 363733 396638 448396 66436 266575 184818 435031 
931266 499953 11708 394446 969057 498499 629695 471868 298700 586732 ,499953 11708 394446 629695 298700 207741 969776 73751 513943 377658 
433417 690216 740972 915747 636115 751013 196057 274873 441510 18171 ,690216 915747 636115 441510 735623 741220 314793 739179 619056 261062 
112700 488396 558361 121975 59950 633631 363717 854779 584018 569655 ,59950 291620 732940 36835 730170 501436 558346 89717 481009 83340 
429941 675797 539442 675192 886491 676784 674471 827138 763861 892870 ,539442 676784 824261 765211 886597 539658 763345 763381 969389 667623 
203066 267344 711924 692456 494481 877274 371155 917463 399701 93048 ,711924 371155 93048 404337 877165 537657 414598 243889 366642 368792 
928267 927516 965993 924189 347902 938101 936264 925802 999238 650891 ,928267 927516 924189 938101 925802 999238 76588 249017 999614 533672 
245516 37159 954590 139005 680855 887499 358630 543799 87852 93033 ,954590 358630 543799 87852 111989 699715 200022 264300 664241 517345 
157219 924597 511624 511723 523600 655277 509823 450582 570528 811454 ,157219 924597 511624 523600 450582 570528 716130 204835 464960 382115 
247338 72431 536824 130286 862170 587443 247351 588296 862103 110457 ,247338 72431 130286 862103 110457 224037 549249 225673 818181 338165 
885765 108831 858369 89151 120357 224926 87114 512690 513813 929470 ,885765 858369 89151 87114 512690 513813 929470 542294 277361 933721 
928474 294533 296919 370117 394386 2576 386043 383585 507035 2939 ,928474 2576 386043 507035 2939 30966 382338 30965 252175 334673 
991268 961478 455168 502228 973308 328471 222188 574971 353765 333028 ,502228 456936 248060 983413 707648 397435 47357 595119 337738 966645 
8419 37970 986478 962974 857588 985312 616609 856493 875276 478217 ,8419 962974 985312 616609 478217 768179 973942 768080 591980 775801 
747156 741183 170181 857061 738001 736332 535749 742297 619568 948702 ,484350 604482 48099 709055 740224 147771 745951 72667 158508 877097 
364043 800236 389831 516789 215152 323634 143336 795032 182351 830947 ,800236 516789 297340 501565 261999 614954 431588 141497 569058 81042 
236438 332125 703056 874103 936905 411111 703394 236789 837115 542343 ,236438 332125 703056 874103 936905 703394 542343 208105 320180 704082 
55719 726423 924736 460387 40100 55982 920445 459525 113446 527237 ,527237 383902 242845 419740 703266 456484 510669 519502 491189 920043 
979645 215934 551164 406049 519472 308070 550816 981232 553442 428771 ,215934 406049 519472 308070 550816 981232 553442 924929 622531 726551 
808097 537986 899378 900608 794676 901619 408037 421811 557521 314386 ,808097 537986 899378 899645 557323 919714 401995 679933 418173 99395 
43533 958419 558239 76805 580783 760134 335182 190407 681194 693343 ,76805 760134 681194 752278 858547 42760 74141 66848 201356 904752 
501674 360052 628897 132736 501331 511626 297805 988233 752061 472987 ,360052 628897 132736 501331 155319 290332 66879 260456 230925 74133 
706890 707377 888240 248374 459492 13692 181377 356105 796347 532674 ,248374 114918 845290 858965 657691 180164 679355 288871 196096 274912 
489774 156843 307536 371730 862241 291502 155623 307157 121605 74839 ,156843 307536 291502 121605 74839 347843 683095 173053 197828 276644 
168946 199556 278372 100372 169492 169197 645432 100361 389996 922804 ,20216 579581 390009 466461 86887 920278 216096 20375 365350 943424 
85556 948840 942184 925971 636007 219350 499995 576813 179632 325992 ,85556 948840 942184 187415 53381 187543 506355 764031 131639 904696 
230990 796492 241521 207957 853629 161048 168161 872303 577513 345097 ,207957 161048 577513 345097 277664 198848 260897 366462 665613 636561 
840654 385415 841203 660159 237161 324380 994379 658666 987909 773266 ,660159 792188 702279 528320 988089 247634 435637 344010 207774 232404 
93840 68733 819321 242091 986973 820306 520442 514194 903624 528413 ,986973 514194 903624 903609 302740 733862 703591 180879 519308 519455 
416875 14199 344803 13959 98155 887198 698195 681754 92250 43835 ,416875 344803 98155 70099 553299 965673 743889 954145 58422 68959 
812638 713480 17982 468145 402474 181025 812126 149419 793053 18248 ,812126 18248 171820 378226 751857 403935 353223 511570 749414 394509 
978477 921583 913515 978402 189306 908877 6546 63201 10980 908749 ,189306 119640 49764 387146 737426 287074 413104 744578 896311 895513 
984917 419175 234771 555919 58314 984248 986176 963906 418925 885646 ,419175 963906 418925 885591 415160 331038 555473 541065 269202 291683 
704996 203664 209483 703232 535589 203665 930970 14743 985630 913346 ,209483 703232 601678 955307 75043 273663 522164 913061 411548 920729 
20339 905495 302081 973197 809284 632213 15346 802257 322388 242598 ,20339 905495 15346 802257 322388 429069 569720 13335 801781 109522 
704749 705958 707975 932266 180951 68156 398896 93996 397802 889006 ,209003 629352 69299 717972 226586 913648 20456 208358 733350 916441 
518230 542783 834131 836770 542815 542853 916603 386987 393500 16040 ,518230 834131 836770 386987 11539 377452 380265 805000 833494 210262 
474474 544679 95141 519151 103629 57504 774467 873501 886687 561466 ,773600 223896 541843 319886 270873 65441 886664 870099 842350 157131 
561520 41078 706751 788427 562431 295719 281449 318791 140927 21183 ,41078 562431 140927 660754 546023 362099 204426 516724 659770 13319 
407973 408828 438058 697043 481694 582150 407567 930704 683925 224267 ,683925 785739 202403 651441 628582 237368 522175 505478 681888 257533 
644478 651550 380658 644504 642387 644452 211588 650740 781183 643183 ,651550 644452 643183 649172 652479 421152 211715 714964 569137 644486 
845785 575569 843996 703276 937730 413580 204768 269046 167718 703364 ,703364 749261 112426 525957 525708 79986 481161 847181 513287 124776 
391081 394032 962558 579459 790229 239350 887898 594616 104176 94626 ,391081 394032 579459 239350 594616 514346 590842 59647 276079 840297 
466709 334258 335109 448428 607893 105342 467000 607551 199851 264129 ,607893 105342 607551 264129 425448 425063 953554 838042 122882 819657 
689974 958649 137444 791303 240186 992809 935909 672069 690016 90834 ,689974 500142 313618 509731 312620 387633 65090 205033 23021 930629 
436304 368957 437263 370642 707536 202381 266659 436275 296185 382637 ,368957 370642 266659 382637 114758 400782 700563 171327 266781 212613 
2953 680196 872156 15842 18592 679569 598248 694359 224462 944101 ,18592 636663 778980 517835 377212 826259 681931 974211 120015 390808 
542524 250300 374041 995752 141287 800673 468928 309370 715223 355231 ,542524 19544 709393 841086 513031 62755 532351 15175 704061 116009 
249051 525954 539371 956800 223941 224434 618197 842371 58141 416346 ,956800 618197 842371 58141 416346 888109 274805 207759 250157 886541 
683036 464781 387452 656394 150457 123751 134273 427783 254128 4760 ,387452 134273 505557 386663 720932 163727 464824 965908 703216 527066 
283471 535181 279078 296778 602003 351897 293061 292862 159245 535137 ,296778 351897 292862 338361 337249 284213 637463 280751 913582 528247 
467271 484638 85192 70679 327461 100399 828461 171407 732410 686708 ,467271 327461 686708 686585 94328 547278 87486 487391 814775 815379 
16109 14018 16226 420182 988851 371060 130595 115809 818092 700193 ,16109 14018 16226 420182 988851 371060 130595 115809 968510 79239 
697046 589971 253361 425949 625764 638605 326795 614503 23261 991259 ,697046 425949 326795 991259 188660 593186 577499 788659 119009 729223 
971195 152557 401969 339111 810526 529010 172652 980111 529510 974097 ,810526 980111 509648 279382 973375 760718 910950 342421 350904 818707 
51579 748961 749173 51363 322708 599308 678453 51357 965398 51447 ,51579 748961 749173 51363 322708 599308 678453 51357 322341 581720 
777742 623612 624990 347913 829604 166273 971625 611493 178082 148369 ,777742 623612 347913 166273 611493 148369 611595 615023 23076 626164 
756520 756663 992922 673033 755956 992454 992648 992728 758693 672985 ,992922 673033 755956 992454 992648 992728 757774 992575 991876 973390 
354651 15571 554304 488441 969990 9086 15213 634205 962222 364059 ,554304 488441 9086 364059 9517 256650 351235 351089 457943 641277 
948011 560627 861992 869902 790393 861848 869803 151964 599177 861736 ,948011 790393 474764 23897 242339 24631 477564 475035 406627 151772 
502440 505220 365414 232316 414072 305186 365913 983243 639210 307927 ,505220 305186 365913 639210 690125 784883 306451 884300 292160 621024 
465774 330277 292153 324258 157843 616612 722997 7308 279578 464884 ,722997 354779 525038 780384 155292 724008 31229 953860 322493 534672 
622213 528045 186408 642962 546852 550051 439442 172794 981002 60699 ,387117 345670 393055 13466 573847 759930 679503 597183 124760 18116 
993766 217339 612244 472926 231563 498293 616393 470956 287188 498581 ,217339 231563 498293 616393 470956 46349 172079 472922 710236 451008 
313410 109094 107795 356684 125557 179664 311803 722579 884852 230116 ,107795 128539 228005 550334 784726 488695 130229 134210 314427 752082 
960049 906655 710200 555376 657257 906989 828914 893387 555307 911138 ,906655 710200 555376 911138 667338 656332 667327 801904 656871 7963 
420801 634094 623378 247073 223575 222109 904156 405036 254619 917269 ,623378 405036 917269 405198 633958 931831 802550 707457 729704 390465 
408329 313961 873099 36809 413901 519138 312959 410111 946883 746405 ,313961 413901 519138 312959 410111 946883 306945 292350 410140 53854 
456291 398088 11917 588222 894359 398977 298406 600874 483769 545710 ,398088 894359 545710 401467 270552 206274 470342 893913 493166 882891 
698937 337447 365338 56094 600697 903019 408889 601097 213216 332721 ,365338 903019 332721 350412 634574 55494 267996 55854 606865 227695 
390463 560206 109286 800474 911907 879930 940783 922171 911711 897823 ,390463 940783 922171 911711 857898 870915 947240 931633 940606 224584 
497633 5283 16845 433777 432598 413137 352601 488293 177014 520034 ,497633 5283 433777 432598 352601 488293 520034 797658 812541 492849 
432752 73539 797025 710346 775772 788278 737307 733546 425870 988383 ,432752 73539 710346 788278 737307 425870 520266 69387 919348 863784 
613175 965590 918070 727151 670003 104414 414776 613902 891740 416040 ,918070 613902 344774 360909 965235 135561 104087 466969 720342 863600 
504832 298081 87292 492477 314645 260710 235980 202570 266848 454983 ,504832 314645 260710 235980 202570 454983 260740 360458 582265 731438 
184966 779923 456961 124062 335930 246170 593789 82431 584650 12839 ,335930 246170 593789 123795 103040 772229 81504 378533 335846 234957 
516617 518412 712016 518461 139669 462576 338188 519599 295460 327239 ,516617 518412 712016 518461 519599 295460 295920 678461 269649 810162 
495287 771974 68499 880109 925573 419586 419648 68623 466989 782239 ,495287 68499 419586 419648 68623 466989 522290 197682 375907 534328 
766866 398624 399109 428184 629382 507480 716171 286312 627127 402243 ,766866 398624 399109 428184 629382 507480 716171 286312 627127 910269 
514593 515494 94346 94408 332908 161613 262976 262316 514903 86184 ,515494 262976 514903 630879 321577 322145 698604 94678 379724 501858 
458804 305242 458058 306001 453021 305447 692600 305210 780162 305891 ,453021 305120 525404 283024 338132 22328 158411 81690 121956 553886 
880852 881263 418507 880535 779336 607470 157646 626041 584803 779495 ,880852 881263 418507 779336 157646 779495 514663 869269 880792 357549 
549245 548236 981066 18235 19187 883919 320516 215902 578746 61830 ,19187 883919 263401 215720 328593 381780 43130 63534 169831 173319 
692543 894814 832557 263011 756532 211761 621167 432126 62078 756154 ,432126 787443 59881 985804 147053 540590 262296 869458 920336 980362 
324605 439418 354974 467971 525286 750503 59266 601530 286736 982837 ,324605 439418 354974 525286 601530 286736 982837 410915 831152 468258 
17312 848417 635225 399867 25710 225712 240878 868679 983671 766264 ,17312 225712 240878 868679 983671 506876 804231 442921 632578 226659 
2270 756874 1687 254473 248932 403273 872160 248046 527050 871217 ,1687 872160 248046 871217 863723 13631 239350 730770 566140 242726 
317783 476436 236295 595910 309716 151912 101029 328815 806263 73706 ,317783 328815 806263 73706 691177 547846 801076 990385 954706 481198 
252771 576825 775331 365144 953343 145247 865841 2595 180863 16844 ,687636 597899 619728 390253 465859 730724 521438 763294 497898 359064 
479492 842348 543694 479475 737183 996938 60129 442094 856776 668415 ,479492 479475 442094 668415 270289 206011 268687 911039 962558 890769 
938236 861624 931752 937077 490799 93587 914090 71741 377666 248263 ,937077 490799 914090 71741 377666 426441 909269 602862 862675 917523 
446971 445140 175571 572292 444199 21577 574618 32426 683013 284610 ,446971 445140 444199 574618 683013 989064 584456 583774 116969 744937 
811682 348180 346096 811278 545831 96146 666233 528305 129737 409686 ,348180 528305 129737 409686 664962 346937 667570 546176 385795 200350 
878059 668414 913130 515741 842512 711700 677800 516085 943305 712857 ,878059 515741 711700 677800 712857 941432 624311 908349 99965 941675 
530877 262760 314657 590792 381241 422721 508034 270511 529638 956545 ,262760 381241 422721 508034 270511 754461 432186 869348 817016 80146 
798394 74261 283851 434465 307016 162525 608770 505568 877442 174310 ,283851 162525 608770 505568 251550 891756 327887 609499 656923 277262 
36725 182741 721281 237755 744556 727294 809141 721507 510268 732265 ,237755 744556 732265 234219 582900 851190 809206 835063 438021 976926 
364290 560898 922027 82621 154831 292497 153327 293498 364985 500471 ,364290 560898 82621 153327 293498 364985 500471 511635 501800 921861 
708148 280629 68420 85292 30442 524809 524828 525376 523081 339360 ,708148 68420 85292 30442 524809 525376 523081 79496 784924 426851 
92271 511358 76519 285911 219235 297578 501401 82765 94716 32171 ,92271 76519 219235 32171 429016 487409 73364 511413 547231 353466 
569289 911051 422675 233720 536668 24417 210958 45045 422674 785288 ,422674 210559 787719 30175 648219 211530 653102 785233 653403 444845 
640750 52334 640717 216800 51510 519759 456587 56044 217009 655987 ,216800 519759 151721 856162 856223 39167 537614 519719 907241 825531 
724420 594540 169707 22516 927586 813367 553900 197744 276560 135093 ,724420 594540 22516 927586 986856 740121 260187 95722 111936 393267 
64397 317931 198383 277199 608115 780791 857306 480833 856349 17878 ,64397 480833 856349 340292 665418 919623 841028 518309 610708 84075 
706738 294358 898388 86324 966080 454287 453846 408151 346802 976971 ,898388 86324 966080 913041 752855 875480 976926 128052 414398 845 
971685 332504 725585 947329 16116 967559 929815 563094 376768 490970 ,971685 332504 16116 967559 929815 490970 574328 628248 513991 628584 
589861 699290 210788 492432 699153 868998 474343 700272 486904 982459 ,210788 492432 474343 486904 590720 242904 264359 199950 873737 94968 
291873 94905 291910 60133 521866 278688 93206 30315 82910 814714 ,278688 814714 82717 86329 157951 784995 90922 188273 87173 85848 
636978 322418 920792 920071 254156 306303 83290 522844 292823 337063 ,254156 292823 158665 339276 246787 246544 920159 641504 214916 450812 
953457 818071 911058 428684 189182 824723 953543 293063 569390 444543 ,911058 428684 653403 23674 603446 854332 443840 787719 423046 428227 
514427 530097 16498 735712 574174 404712 481345 532356 449285 400550 ,514427 530097 574174 404712 400550 521665 743556 170267 632117 742471 
960692 681907 443338 960782 251819 443390 996938 443513 681846 191297 ,443338 443390 443513 850923 867728 563985 768705 207768 442830 855554 
775938 983290 808445 683794 453404 909838 878016 788796 810445 986435 ,808445 683794 810445 673761 812106 150258 604194 383528 242635 129467 
72838 88741 60133 85442 92849 88234 9415 88233 9256 511554 ,88741 85442 9415 70380 94716 87094 697901 821921 90835 815459 
795107 437400 486384 279433 999782 777346 14686 957958 665686 738281 ,957958 230614 737192 292585 533291 301855 62199 434416 835355 795215 
822022 822049 336625 449194 302226 403272 126989 825974 100110 304203 ,403272 304203 722338 698220 516812 803955 505423 504179 544113 168470 
59031 499688 20411 20589 529561 566603 169881 521963 8623 566607 ,20411 20589 529561 169881 521963 8623 566607 821832 923314 923240 
674974 673307 648465 673287 999324 757520 815076 756379 189358 999980 ,674974 673307 999324 757520 815076 756379 189358 999980 648466 647274 
126363 109652 867910 126203 127462 130865 999208 876475 739834 129522 ,522484 998752 61041 511108 229978 258554 375558 543968 207727 905421 
297695 645128 279046 151815 169882 366280 366227 515515 279021 645131 ,169882 366227 515515 279021 645131 698568 822597 987333 232288 16713 
680583 680204 681249 771317 243146 472827 742773 600222 928466 35658 ,680204 243146 600222 928466 35658 326021 77982 436961 142125 355684 
879189 683629 627491 357274 144592 473674 906342 252607 320936 470803 ,683629 627491 144592 473674 252607 320936 364998 319994 137915 49586 
373687 875436 130230 224295 698287 224360 519819 874467 841906 463822 ,875436 224295 224360 832695 61835 463598 400274 274122 962769 59707 
429404 469040 451834 215553 452032 471918 547385 70282 81070 430128 ,215553 452032 471918 81070 509284 422547 4547 397265 234544 637569 
933324 783835 747397 85832 152178 146335 745322 881436 931228 880201 ,169447 628623 1641 2788 983834 339702 585394 931355 628530 934543 
714014 804910 721162 309743 714655 987098 831923 312289 987240 466268 ,804910 309743 714655 312289 429028 229916 527471 20829 60665 372117 
387548 387298 254986 672526 307262 561930 452981 352949 713874 308714 ,387298 254986 672526 307262 561930 713874 352847 151550 229888 637056 
898172 382884 397650 402186 547116 820143 517535 403468 969749 517781 ,898172 382884 397650 402186 547116 517535 969749 298298 865007 722740 
228527 235088 38460 39257 683190 38490 39351 38397 583247 427728 ,228527 235088 683190 39351 683230 754133 254365 5830 750066 38660 
946659 951505 952838 945710 944844 408595 597633 895295 406315 956122 ,946659 952838 945710 944844 408595 895295 406315 709109 112644 406405 
226260 141032 857989 922297 607175 123989 446007 761355 668814 572491 ,857989 922297 607175 446007 572491 226848 774467 877185 844488 478452 
682606 187938 552374 637902 475604 537458 537835 826520 24269 891030 ,682606 187938 552374 475604 537835 24269 820737 187915 595176 861652 
5653 5012 412765 412388 29422 356987 575049 238731 256827 870692 ,5012 412765 29422 256827 237178 759788 580075 165799 73934 128833 
45580 529666 242466 45635 358751 349677 343433 311104 994416 134799 ,242466 45635 411446 31427 6089 298167 321999 278982 283174 860428 
932070 738778 929240 929157 36266 69867 223529 929132 933721 742571 ,742571 932600 544200 678511 956846 596313 515741 988486 702292 885664 
398724 654650 974683 975822 862880 843429 535429 704260 577702 958562 ,654650 974683 862880 704260 958562 365956 620813 651406 621256 757113 
801750 112504 578588 959953 771368 350344 754070 942420 517198 626896 ,801750 517198 185130 626337 680555 190519 462803 966636 398166 930125 
700863 991250 494142 237375 450117 228098 413953 230202 305776 577913 ,991250 494142 450117 228098 413953 238432 619877 730278 466824 480758 
192472 271288 392988 394322 528348 288187 706945 227058 199596 278412 ,288187 227058 262968 485416 486944 392740 943995 400020 711510 183794 
553482 861116 314552 315363 553117 261007 124230 710121 710399 633431 ,553482 861116 710121 710399 633431 846649 369409 224043 985053 633505 
446490 771606 910833 554797 445367 554903 829511 610180 925070 23933 ,771606 610180 445504 444956 648638 653633 444051 445876 777028 292733 
696189 980430 833353 899461 916097 527262 955291 535026 977614 854001 ,980430 899461 916097 955291 535026 13823 709978 522078 746997 809482 
380809 415765 611010 381688 741053 635949 123616 138464 52638 611918 ,380809 381688 635949 138464 52638 611918 693786 725925 522590 806123 
395388 730500 682049 313620 730771 526666 14238 865347 386998 789317 ,517013 432722 391447 854043 226746 515263 730410 271270 194848 205878 
76314 17771 90370 91364 236641 148517 557207 749782 860577 166935 ,90370 557207 556156 437599 409947 185529 547561 714812 229641 85230 
540362 838673 540370 540403 541996 398344 578317 540358 656641 648595 ,540362 838673 540370 541996 398344 578317 656641 648595 828353 868364 
587424 820994 295477 481182 704722 821198 232824 881092 31738 135519 ,820994 295477 881092 31738 628319 315549 957713 869 60303 180396 
609088 293916 475699 585600 526322 375117 250798 679167 451328 367118 ,475699 585600 375117 451328 2049 678676 585394 938125 397492 263325 
135462 804182 882467 74090 508600 949786 478727 895898 148492 951058 ,135462 478727 148492 278062 287560 777894 979473 458450 397216 441354 
460725 740568 79776 464929 459623 459567 722376 525743 740490 726626 ,460725 740568 177614 376046 256036 472 967512 181038 236908 176688 
773746 375086 992089 992145 374718 756868 674145 757925 166934 780078 ,773746 992089 992145 674145 757925 166934 759834 958771 793990 757806 
305908 826888 242272 815838 321928 323396 545615 653582 855875 653958 ,242272 321928 323396 545615 653582 653958 26671 516547 560727 982263 
488236 788475 501995 364655 338346 944426 958156 555511 555764 951049 ,488236 788475 501995 338346 555764 951049 326393 943437 26565 349513 
198811 277627 2397 781705 621724 211272 757208 286246 2866 286891 ,781705 286246 286891 77824 197905 72695 514574 928560 594191 372125 
356096 251414 494337 530380 865897 249624 101970 250380 9488 357859 ,356096 251414 494337 530380 249624 101970 357859 528777 886426 266138 
857622 997243 997105 418367 661275 575927 345440 577768 568232 809220 ,997105 418367 345440 568232 344976 557743 989148 633517 549465 699862 
106315 232407 177245 232609 249808 815120 250586 790822 178470 429354 ,106315 232407 177245 232609 249808 815120 790822 178470 429354 335881 
972966 181097 439281 351762 303355 719386 668804 955361 497271 524280 ,972966 719386 955361 271758 27896 873791 440640 96743 27427 2980 
152486 151891 356017 153600 237203 315195 334403 44706 45222 717629 ,152486 153600 237203 334403 44706 45222 973830 423230 238292 283827 
392927 392527 392703 539944 977638 877027 710749 877076 396886 524516 ,392927 928835 711772 889812 986675 628601 80157 895984 86966 79894 
337514 991056 851765 355465 82503 540615 830438 677794 29980 524974 ,355465 82503 677794 29980 814599 547001 336678 784996 82596 321576 
282497 863753 544882 804954 871691 870943 509492 454180 764821 910263 ,212339 937315 591205 953471 122694 859987 537836 901256 982783 568826 
84202 129993 449721 275097 193792 272608 367425 556568 83512 620506 ,84202 449721 367425 556568 193729 272545 710390 516829 201977 387155 
113303 975634 327564 115120 140250 624760 317974 308027 111671 666136 ,113303 140250 624760 665256 99793 114156 120988 575881 818293 141823 
956321 224502 531345 956021 129314 711963 35019 576586 110762 110389 ,129314 711963 110762 110389 578085 176529 227172 298617 1237 550013 
551368 840260 203213 842597 842090 467195 849833 566002 147151 690446 ,840260 842090 524245 522698 390947 566136 725448 886398 702763 219365 
114713 384977 11436 410156 807651 933210 496894 206175 270453 809699 ,807651 206175 11349 479014 636421 230063 49335 571005 411443 408990 
372919 40860 97943 546254 683193 916926 707392 458938 457310 439136 ,916926 707392 458938 457310 916371 960365 925722 530279 686551 531454 
648953 385574 246940 649480 113793 826957 311340 243817 99779 808894 ,648953 826957 243817 99779 808894 196861 808960 955320 921896 272713 
88826 87999 254218 210612 84252 306673 524612 327667 307802 824175 ,88826 87999 254218 84252 306673 524612 327667 307802 86948 278618 
977876 439539 456663 131882 237247 57759 510542 503356 804430 340371 ,439539 510542 503356 340371 123751 169537 410053 526749 461481 265096 
101864 540305 290025 677273 665223 892640 717103 710025 137293 717026 ,101864 540305 677273 710025 33507 846132 373510 956374 135852 956201 
688294 866502 33239 914776 14305 18168 678946 491114 635915 96766 ,866502 635915 88139 194084 103091 65733 466318 861890 268609 413188 
644075 667088 667093 447783 667353 667196 907369 644349 643301 667599 ,644075 667196 644349 643301 667599 644052 641612 535595 804832 879856 
667502 667536 760032 111870 567405 830686 667506 111858 830683 870576 ,667502 760032 567405 830686 830683 870576 567497 831994 870687 862257 
862918 344844 149341 403901 343101 231319 539446 241177 350041 304050 ,862918 343101 231319 350041 203617 901264 539495 212544 441688 988364 
628946 401651 944741 469384 931377 944819 805698 226232 952689 360866 ,628946 401651 944741 469384 931377 805698 226232 952689 290364 910054 
556174 123275 109540 604490 470437 146929 205111 269389 876763 142596 ,556174 123275 604490 470437 146929 876763 142596 371283 385993 26426 
207664 225401 841611 931606 922585 207699 780493 512000 507199 957570 ,931606 780493 780515 385783 193693 224616 842187 126 998791 877151 
511280 511165 512053 951675 510885 754113 512244 737139 577365 510948 ,511280 511165 512053 951675 510885 754113 512244 577365 510948 331023 
947639 335063 124893 231688 606225 237287 237223 165008 995568 162970 ,947639 231688 237223 162970 160262 935521 255153 338662 714133 230893 
321991 332447 67299 220263 223367 220021 82766 242572 533409 14424 ,321991 67299 732485 613231 686346 71753 179115 87403 87345 90373 
993720 562142 958845 444938 125306 39239 916767 261064 837576 917964 ,562142 959859 877437 45146 990226 889706 476832 223795 995709 961245 
917263 796970 931325 451402 15612 570338 181118 2392 734739 675717 ,917263 675717 13896 734784 632566 13663 481766 631631 368689 802546 
354771 353695 342557 43050 694851 340315 340706 312664 400404 51976 ,354771 353695 342557 43050 340315 312664 400404 781571 912598 162541 
758232 610965 954351 954698 758024 759091 760059 611322 757095 759144 ,758232 610965 954351 954698 758024 759091 760059 757095 759144 612363 
332977 330432 84306 90584 83596 975452 519457 84536 519522 87388 ,519457 84536 519522 834156 519310 826441 106171 265145 200867 565964 
823097 909225 750224 339220 910796 101727 427966 353390 907591 947760 ,353390 907591 947760 211776 87689 305572 750057 219168 506028 654432 
899089 768371 880218 880576 880476 141382 667786 808480 667790 919288 ,768371 880218 880476 667786 808480 667790 919288 895702 670012 835169 
300344 480712 497166 227517 242021 481937 483278 497702 227418 298525 ,480712 635566 481576 58644 141407 635359 665997 522813 125001 352174 
415453 653175 79697 5082 5136 536319 654201 517331 536128 423964 ,415453 653175 79697 517331 517166 444679 560345 653343 559872 554850 
249581 689870 173787 373682 411420 529507 869742 16294 529235 386562 ,803210 682462 723327 578907 947046 847954 383476 934705 140002 155432 
194781 273597 484555 194207 273023 131715 725138 910725 134799 362025 ,194781 273597 273023 194207 725138 910725 134799 362025 828538 553187 
315815 326163 410022 422813 648438 422748 646318 668661 748167 328054 ,422813 748167 955207 918785 772234 180705 439208 846033 366380 22666 
25203 718987 313070 237889 25040 242920 140617 455505 588330 302690 ,25203 237889 25040 82848 725749 229367 283847 86658 510966 967254 
988344 202251 266529 239329 868865 239990 868473 225732 199763 278579 ,202251 239329 868865 868473 278579 843683 970452 575461 73968 484923 
860402 968482 859886 672074 624002 624826 623185 859744 867301 455987 ,672074 13110 401902 859088 73836 624116 781035 526623 522049 13535 
618411 560218 546059 450075 980381 942660 17974 568109 568571 214297 ,618411 560218 546059 450075 568109 568571 214297 507305 568044 344803 
238235 228512 299049 228054 238758 621631 753320 174429 751858 748454 ,174429 601996 620823 748528 126778 615839 80858 874857 173226 815133 
275746 577843 194094 272910 195521 577285 192237 849126 689655 182324 ,849126 208726 16008 912533 671306 376470 396717 847812 699939 702395 
44853 668903 930325 252947 310986 551787 230862 892064 893451 772543 ,44853 772543 482233 835353 308808 890185 773439 503031 668824 894786 
937271 935075 962970 971360 513948 983538 73439 931515 436604 519566 ,962970 971360 513948 983538 73439 492232 984437 214049 61000 970777 
642093 233567 947396 64176 643221 947225 936259 641695 575369 361758 ,642093 64176 643221 947225 936259 641695 361758 592896 941065 348089 
301479 964798 84905 540617 818254 636895 566271 487433 111923 563904 ,301479 684473 814664 94666 263061 304986 501868 815524 295633 79477 
771170 460819 614531 95697 127715 450510 454031 780382 781130 792219 ,460819 95697 450510 454031 781130 950832 110859 549134 80222 79886 
