GT,Result
676724 216820 621161 851775 363044 407252 549948 761435 839687 374591 ,676724 216820 621161 851775 363044 374591 675795 611338 160261 833088 
732485 85073 396851 99098 94241 420294 972615 321555 30581 822806 ,732485 85073 396851 99098 972615 321555 30581 517479 481845 273703 
637013 501378 216779 902285 237008 151342 472188 53084 122987 279971 ,637013 216779 902285 237008 151342 472188 122987 279971 254157 608639 
82998 538350 365450 21989 336661 893911 363218 910735 887652 188002 ,538350 365450 336661 893911 363218 910735 188002 472893 523495 523777 
423378 655137 237706 502531 384839 646795 718624 3936 633675 740996 ,423378 655137 237706 646795 718624 740996 192116 852906 571151 657644 
974943 731862 124304 318638 879149 731642 941541 133683 506423 293249 ,974943 731862 124304 318638 731642 941541 133683 293249 129168 512942 
391744 527576 14094 140883 662732 336861 496736 963673 103284 699216 ,527576 14094 496736 699216 231978 719426 419970 697710 233459 547570 
947935 731565 292116 954747 341192 338457 153446 541838 871821 917483 ,947935 731565 292116 954747 338457 153446 541838 917483 515522 193954 
406406 874400 809997 172450 503372 396004 461491 598306 463316 334548 ,874400 809997 172450 396004 598306 463316 917562 461647 583894 883388 
298953 806243 615675 509326 44073 130784 987506 623869 151478 279516 ,298953 806243 615675 44073 130784 987506 623869 151478 279516 555387 
60175 87139 106134 566396 336804 53709 123068 302563 719548 89526 ,87139 106134 566396 53709 302563 719548 89526 337246 542738 82560 
682956 518625 830388 645019 237961 392749 306409 510161 253370 488049 ,682956 518625 645019 237961 392749 306409 510161 253370 488049 327678 
729463 162810 529935 387268 770456 917058 560808 61100 850935 635630 ,729463 162810 529935 387268 917058 560808 61100 850935 798717 625601 
751876 678238 799005 590647 139639 380984 442536 206511 408110 451705 ,751876 799005 590647 380984 408110 451705 401792 930461 75198 396212 
759627 841453 758734 848765 837581 14710 765608 136770 313275 677284 ,759627 841453 848765 837581 765608 677284 961678 677649 847728 991929 
826056 390776 560849 887353 956007 831187 701107 161229 741322 169497 ,390776 560849 956007 831187 701107 741322 169497 958303 368701 839560 
544652 869395 857121 181830 669280 576180 886412 681628 797811 641187 ,544652 869395 857121 669280 886412 641187 128552 552149 47941 471754 
426464 694097 350618 420779 628908 167784 179870 96619 279910 684698 ,350618 420779 628908 96619 279910 271821 750395 426925 745992 154265 
179216 533545 236519 658422 242097 309538 624430 242187 658279 289219 ,179216 236519 658422 242097 309538 624430 242187 506208 141117 623021 
447033 448292 447289 38106 446822 643076 445800 445976 447039 655697 ,447033 448292 447289 38106 446822 643076 445976 447039 655697 642734 
690074 633608 16181 598206 682006 127041 690551 324189 236311 966589 ,690074 598206 682006 690551 152327 402552 153774 703672 706632 987573 
634737 80543 211192 820952 105202 610880 271252 263056 661699 200938 ,634737 80543 211192 105202 610880 271252 263056 661699 200938 806211 
652535 425126 382165 652279 993045 417293 639480 983507 442373 896597 ,652535 425126 382165 993045 417293 639480 896597 558947 718326 838176 
519927 3391 386259 752664 485710 979080 22714 132575 836979 798539 ,519927 3391 386259 485710 979080 22714 132575 798539 120473 978312 
29693 204474 208975 252446 88560 519994 713113 274472 541839 961292 ,29693 204474 252446 88560 519994 274472 961292 900313 254023 635022 
13050 785042 258681 277290 472899 241445 253073 773560 928167 290002 ,785042 258681 277290 253073 773560 928167 290002 691205 193954 971563 
584511 740834 111170 75683 385264 430788 465206 531817 685935 429485 ,584511 111170 430788 465206 531817 77307 337495 59330 73855 244675 
455076 628695 597132 507239 252625 709657 980719 690530 103460 89049 ,597132 507239 709657 980719 690530 453703 685438 462437 908637 522704 
156392 402112 254411 462266 921098 403457 943585 15716 604107 239418 ,156392 402112 254411 462266 921098 403457 943585 15716 933510 300863 
517238 560219 826670 808402 931691 973155 844161 353631 190506 207096 ,517238 560219 826670 808402 931691 973155 844161 207096 492489 190979 
299521 355580 183620 489777 355727 460236 357124 984152 341168 777663 ,299521 355580 183620 489777 355727 357124 984152 341168 521505 298326 
269814 683301 919692 96608 486500 449763 735843 33275 153446 371743 ,269814 683301 919692 96608 486500 449763 33275 200732 53323 478253 
949564 634077 695492 780244 341175 334560 95023 93877 499799 168505 ,949564 634077 695492 341175 499799 168505 977756 286554 168650 95328 
834371 863904 584786 268992 621358 929999 299136 935166 934330 453417 ,834371 863904 584786 621358 929999 299136 935166 934330 453417 83179 
965860 541949 640802 155164 200855 58709 478554 108615 661365 59817 ,965860 541949 200855 478554 108615 661365 59817 640825 144562 321175 
931951 220221 714500 821031 284445 582351 344286 422003 177671 540899 ,931951 220221 714500 821031 582351 344286 422003 177671 540899 788348 
31885 99900 663591 948351 659351 397075 699121 492831 723179 136669 ,31885 663591 397075 699121 675602 869209 59479 684072 629077 722378 
769510 62004 191297 912798 568070 541790 543208 270539 886059 546484 ,62004 912798 568070 541790 543208 270539 886059 546484 274019 873160 
661101 142483 366582 500875 993702 971058 321829 780184 309657 993860 ,500875 321829 309657 94185 527148 684574 246080 311127 634518 193329 
834944 836286 832161 832291 832315 835626 832505 974312 22352 546622 ,834944 836286 832161 832291 832315 835626 832505 974312 22352 546622 
504462 573969 197464 579466 360696 141787 303400 300827 859574 300396 ,573969 197464 579466 360696 141787 303400 300827 859574 300396 244724 
137145 133410 265805 276539 205355 575580 520364 979523 116996 430220 ,137145 133410 276539 205355 575580 520364 979523 862174 436228 396563 
658918 30526 425018 122914 696251 904000 720746 841503 186789 524750 ,658918 30526 425018 696251 841503 186789 157123 357100 798735 125738 
343700 17061 289297 328494 195254 336708 161876 927099 138940 874960 ,343700 195254 336708 138940 874960 525842 243500 820743 860152 523348 
863095 415383 842595 807112 19822 993431 683351 241706 480749 515052 ,842595 807112 19822 241706 480749 193892 12377 505046 66781 663182 
405604 347466 353160 506312 773556 806211 748655 79670 366843 784829 ,347466 506312 806211 748655 784829 98689 588184 297274 113960 42746 
265020 734338 56442 563239 10058 775377 925938 15923 384801 527259 ,734338 56442 563239 10058 775377 925938 527259 64458 64543 57004 
672954 823572 38184 539642 685466 248161 848528 666955 410455 374931 ,672954 823572 38184 539642 685466 248161 848528 410455 374931 947969 
217909 309108 131744 47357 348247 162924 872183 669661 436230 782010 ,217909 309108 131744 47357 348247 162924 872183 121085 692584 330171 
649727 646441 800257 647221 762782 615909 762079 825007 647305 400801 ,649727 646441 800257 647221 762782 615909 762079 825007 647305 399625 
308762 44743 494610 355292 240704 20657 660253 162756 245081 267295 ,308762 44743 494610 355292 240704 20657 660253 267295 121773 73252 
672386 673574 776983 534464 776963 830663 653444 328853 677641 279269 ,673574 776983 534464 776963 653444 328853 677641 279269 277540 762089 
659090 440314 95416 61589 663374 547113 286000 792348 83906 931575 ,659090 440314 95416 61589 663374 547113 286000 83906 912832 26061 
915582 625521 992626 970292 655120 722160 995402 758472 578271 657604 ,625521 992626 970292 655120 722160 995402 758472 578271 657604 718850 
880343 889643 640179 100870 880591 969317 380269 112563 944499 640283 ,880343 889643 640179 100870 880591 969317 380269 944499 71187 471489 
144342 940477 860229 914574 172221 252149 87098 376465 978476 455606 ,940477 860229 914574 172221 252149 87098 978476 455606 400513 819168 
411186 173753 863181 562875 968778 514063 142323 980088 127381 472244 ,863181 562875 968778 514063 980088 641896 549628 311648 478269 729661 
952235 15753 15973 906257 227528 170387 634206 3913 988187 937101 ,15973 906257 170387 634206 3913 988187 937101 746776 342426 842419 
314366 464860 465531 979273 125009 12275 468690 551510 389930 323094 ,12275 551510 159243 662352 292465 798633 635392 389956 719212 668701 
13093 453268 450759 942643 76984 285384 248218 330343 685456 220351 ,13093 453268 450759 942643 76984 285384 330343 685456 220351 236115 
525170 233641 817004 157371 523854 81781 299884 689680 493122 607058 ,525170 233641 817004 157371 81781 689680 607058 788856 356689 247175 
369312 467741 795167 514389 483013 290020 338145 81766 598536 945366 ,369312 467741 483013 290020 338145 598536 327255 658542 62918 217477 
674665 186644 43999 826076 654231 452246 824890 654463 654645 654894 ,674665 186644 43999 826076 654231 654463 826093 955507 936287 820551 
578830 9254 456879 107076 913881 340339 600809 192285 521039 47413 ,578830 107076 913881 340339 192285 47413 913514 910387 317717 260923 
328112 235229 383899 64555 807271 432195 542064 465794 567244 927243 ,328112 235229 383899 64555 432195 542064 465794 927243 578564 178927 
483701 498977 152612 380461 712167 422376 406429 479575 692537 9352 ,498977 152612 380461 712167 406429 479575 46844 79228 592240 763234 
517733 157457 693204 814019 150695 331468 176972 400188 205214 606633 ,517733 150695 176972 127945 492193 127852 879379 614081 925274 180624 
452279 530893 283734 366977 458740 77356 698599 351069 279611 94528 ,452279 530893 283734 366977 458740 698599 351069 279611 94528 175376 
44400 310003 991368 306957 691710 71762 126375 219623 555424 544207 ,44400 991368 306957 691710 71762 219623 555424 544207 78948 39723 
488268 970785 630966 867746 970122 77152 649598 14218 733035 883456 ,970785 630966 970122 77152 649598 14218 883456 369390 502789 736195 
208570 152574 636896 523478 321564 658761 60812 42048 319471 280458 ,208570 152574 636896 523478 321564 658761 60812 42048 319471 280458 
227148 227215 886294 58654 485587 439695 535120 254404 305784 236856 ,227148 439695 535120 305784 236856 79896 501031 426645 29714 280380 
706530 244647 489831 510283 819349 549002 967764 950397 733702 835644 ,706530 834566 377155 153708 745498 681982 17450 796761 382755 457064 
658148 272440 662618 717097 716847 179337 325780 512312 287868 966787 ,658148 272440 662618 717097 179337 287868 862796 157261 17216 516573 
781149 67996 101052 546260 331012 71863 705480 596950 512268 281344 ,101052 331012 705480 596950 281344 932705 629054 244568 949378 469634 
215319 434846 517275 66108 211076 419590 176133 71583 567783 396020 ,517275 66108 211076 419590 176133 71583 567783 396020 277505 843590 
92443 151339 296076 523848 497456 530205 893442 227418 942551 509326 ,92443 151339 523848 497456 530205 893442 227418 625595 780259 237138 
318820 555046 838398 638302 971845 710646 895900 447725 389511 220459 ,318820 555046 638302 759664 830875 128304 715802 758238 900768 776797 
485541 888957 451513 397784 405486 483806 939818 723973 557314 922395 ,485541 888957 451513 405486 939818 723973 557314 400513 747324 148976 
532560 283815 376836 695392 74212 326731 530342 433574 509621 303862 ,283815 376836 326731 433574 509621 303862 485264 957292 120827 601176 
22313 160625 406943 324631 157473 526244 814669 441029 927897 498567 ,22313 160625 406943 324631 157473 526244 814669 498567 417100 350702 
153047 795080 826093 513949 828301 851392 536524 654504 820551 909997 ,153047 795080 826093 828301 851392 536524 654504 820551 909997 147712 
513815 226863 110563 514019 99172 517403 956912 582052 99907 223943 ,513815 226863 110563 514019 99172 517403 956912 99907 223943 560973 
530719 529399 130572 421264 366729 181965 79715 754728 497136 712185 ,530719 529399 130572 421264 366729 79715 754728 712185 281631 967514 
374170 794517 470420 937390 979360 256270 728338 802844 808978 130307 ,374170 794517 979360 256270 802844 130307 400933 378233 779721 22887 
831265 544299 102011 158688 768326 541384 447085 375332 831498 699236 ,831265 102011 541384 447085 831498 699236 246972 541432 5066 672443 
236060 356923 101022 573697 859895 176847 716423 8906 515415 100642 ,236060 356923 859895 176847 716423 8906 515415 100642 947998 602274 
84205 283495 415786 188839 265787 743421 379085 893594 112726 129897 ,188839 265787 743421 379085 893594 246619 698932 323582 535120 351945 
378730 306507 84589 338050 658316 604581 241993 713615 355295 160070 ,378730 306507 84589 338050 658316 604581 241993 713615 355295 160070 
735361 110598 880053 49289 410791 51504 880261 291841 721943 63575 ,735361 410791 880261 721943 130307 57487 153344 126924 860856 764802 
709779 518377 99466 336639 523848 796154 497958 135602 513136 591028 ,709779 99466 523848 796154 135602 923460 371531 497576 908191 200212 
931770 615115 106820 460922 989695 116918 292705 815017 364443 835622 ,931770 106820 116918 292705 815017 835622 555503 598480 897781 840900 
134880 892729 670334 334539 225618 596576 803776 84739 335027 19490 ,134880 892729 670334 225618 335027 19490 358055 806355 138117 604067 
576088 272816 341771 505405 911872 152450 332009 977459 909226 309073 ,576088 341771 505405 152450 332009 977459 309073 573193 550855 905036 
45008 887675 513068 44911 738069 450494 542091 857639 12968 749890 ,44911 857639 12968 929904 193559 170217 680134 150910 877595 908936 
206481 173700 484717 732107 510438 139858 379306 203260 82565 226952 ,206481 173700 484717 732107 510438 139858 203260 226952 968962 863403 
848706 854740 709431 94758 890903 374844 561942 626113 624441 248438 ,848706 709431 890903 561942 248438 709914 255060 373843 587690 827260 
701607 698713 325796 309685 606921 237153 455731 280222 517366 306247 ,701607 698713 309685 606921 237153 455731 280222 306247 160017 519139 
968962 338272 973759 200560 194600 813236 71192 712761 491113 368119 ,968962 338272 973759 200560 194600 813236 71192 694188 249448 738834 
338993 544296 114944 283575 44702 944204 798051 183995 606307 437525 ,114944 283575 44702 944204 183995 606307 437525 690138 32817 314521 
154610 145113 783502 274038 105553 815626 705982 495955 127779 338086 ,154610 145113 783502 815626 127779 338086 82087 105368 280235 294627 
107911 80132 526544 364242 379631 923288 96891 437055 987685 200710 ,80132 526544 437055 987685 200710 342645 237621 151649 524660 485032 
667448 589294 717486 54381 655010 217695 338769 907277 643956 448252 ,667448 589294 717486 54381 655010 217695 907277 643956 448252 645025 
1322 839467 964188 818549 968335 924375 256063 239994 837046 770734 ,1322 964188 818549 239994 837046 770734 841770 794066 144599 992154 
449988 396080 683056 751341 566771 534357 529119 37108 254302 174756 ,449988 683056 566771 174756 79324 822647 466017 186698 622200 347866 
880975 556465 831811 567695 693955 783792 157929 983745 881283 250741 ,556465 567695 693955 783792 157929 983745 881283 250741 473277 834820 
161255 427856 534725 687097 280732 427850 336912 446882 422929 448352 ,427856 534725 280732 446882 95002 708795 101451 101412 958490 420682 
430552 551600 796262 778211 545448 124040 321349 883365 930960 727837 ,430552 551600 796262 778211 545448 883365 930960 536253 82861 973229 
49558 100455 894664 752450 313102 453125 894503 914499 559703 206215 ,49558 100455 894664 752450 313102 453125 914499 559703 591151 892338 
760604 568469 835497 25414 568004 568734 373986 404900 190871 612984 ,760604 568469 835497 25414 568004 568734 373986 404900 190871 612984 
606851 30407 780284 30265 530775 534552 699976 31635 715258 965544 ,606851 30407 30265 530775 534552 699976 31635 715258 910833 528456 
754365 536344 98858 693378 261680 668187 169945 559812 716525 149930 ,754365 98858 261680 559812 716525 670594 293046 99359 156333 472861 
793223 782126 876944 729551 12759 964428 585329 232762 116873 60430 ,782126 876944 729551 964428 585329 116873 888588 223665 872431 268964 
653728 647220 647727 716627 444193 994398 647584 607652 654604 785234 ,653728 647220 647727 716627 994398 607652 654604 785234 846490 800050 
821073 590669 384968 720199 510267 378028 637742 399956 69418 397486 ,821073 510267 399956 69418 397486 816921 589908 702168 68596 948905 
527366 988677 635471 424694 297784 89584 998798 586387 841416 511283 ,988677 635471 89584 841416 469401 205224 294513 134662 452334 600369 
859839 499188 321705 573106 608630 688679 394931 680080 173258 15216 ,859839 499188 608630 680080 173258 300268 500393 90120 114444 500973 
668360 541813 670278 856285 746399 89083 894983 541793 880061 691408 ,541813 670278 856285 746399 89083 894983 541793 691408 411816 966434 
906810 769913 559882 972904 881187 448341 671325 962989 215810 447082 ,972904 215810 667248 594647 955504 162443 676227 216948 947483 48553 
642743 476923 641150 173324 786484 216807 996651 793947 327870 890753 ,642743 476923 641150 173324 786484 216807 996651 793947 327870 890753 
901128 457726 8828 122742 649870 457224 852473 415881 567640 986225 ,457726 122742 852473 567640 825215 796310 303333 742225 673455 653510 
72888 59755 482684 494103 242300 236283 152421 107284 561481 747242 ,72888 59755 482684 494103 236283 107284 204099 217925 716094 197192 
780243 740640 738530 107396 740349 104908 425908 85195 406378 426620 ,780243 740640 738530 107396 104908 425908 426620 68313 520013 716526 
770378 770699 212879 374979 557911 470902 806415 249448 732495 929442 ,770378 770699 212879 374979 557911 806415 249448 732495 929442 718564 
537245 875574 37048 734903 81302 334803 537997 925326 944576 85018 ,537245 875574 37048 734903 334803 537997 925326 944576 85018 85891 
605500 605574 928895 693553 484549 414618 172078 233314 474311 255508 ,693553 255508 414360 19065 485929 299979 831160 258713 172899 34963 
858199 666593 398514 974495 575354 947196 205038 268138 227173 434519 ,858199 398514 575354 947196 205038 268138 434519 494549 177204 201328 
647521 794312 892020 648092 761766 648504 649065 648023 647438 648355 ,647521 794312 892020 648092 761766 648504 649065 648023 647438 648355 
677102 840042 26136 848340 373885 870987 542651 856289 826438 709135 ,677102 840042 848340 373885 870987 542651 856289 826438 853422 855938 
732561 931411 605001 243087 887450 539744 787051 49250 638813 413417 ,732561 931411 605001 887450 539744 787051 49250 895346 101966 109873 
929259 71698 249232 837885 112817 190691 208317 987699 190633 102039 ,929259 837885 112817 190691 987699 190633 102039 955918 544907 545321 
30521 80420 748716 5218 590581 827159 336764 74437 206160 992840 ,80420 748716 5218 827159 336764 206160 992840 405079 412134 548503 
559267 217905 574887 417232 916967 477200 308067 51930 57233 849571 ,417232 51930 38190 839202 6159 211982 835509 235929 351632 672833 
709646 596592 207950 133286 911495 778981 303790 543725 1982 876673 ,709646 596592 207950 133286 911495 778981 543725 1982 267911 534283 
579291 267950 414799 958706 561942 959357 596667 687155 80315 393738 ,579291 267950 414799 561942 596667 687155 80315 318490 16021 304457 
369141 12920 886299 972518 205456 515631 935300 485922 513068 60930 ,369141 12920 886299 972518 515631 935300 485922 513068 435719 276950 
72058 266336 596111 909835 88369 301815 44607 454889 265082 961034 ,72058 266336 909835 301815 265082 98603 86450 503237 360197 152783 
447640 874347 243575 148069 109372 903826 462899 55483 9394 696032 ,243575 148069 109372 903826 462899 724291 172078 558457 476956 27146 
352105 606137 694188 350644 6497 733303 48965 14597 408977 96400 ,352105 606137 694188 733303 130735 949565 94670 83353 909940 713733 
59115 389198 845330 875904 805985 99189 138675 968373 194815 270462 ,389198 845330 875904 805985 99189 138675 968373 194815 270462 991178 
989713 589591 686025 533349 235374 160417 194367 273183 464831 850012 ,589591 686025 533349 235374 160417 273183 747275 964980 194179 241457 
250877 496036 343284 841520 174900 289020 398829 731079 733156 550471 ,250877 496036 289020 398829 733156 550471 521753 740151 711967 839538 
519286 502908 711218 663137 246891 273686 90415 468048 44363 835139 ,519286 502908 663137 273686 90415 468048 888232 39667 910375 535823 
584094 956762 361612 79639 601347 957688 594098 730210 429754 609696 ,584094 361612 79639 601347 957688 730210 429754 609696 310413 979494 
528762 389618 663437 59047 86993 278669 927271 151175 79621 124935 ,59047 86993 90923 156775 821933 154826 521855 406576 121940 636981 
164232 342182 988690 687876 369935 988162 614352 512113 457123 903491 ,164232 342182 687876 369935 988162 512113 457123 903491 519528 4831 
542557 873302 419269 263757 13325 833728 245194 673771 402901 377444 ,542557 873302 13325 833728 245194 673771 402901 377444 523912 145817 
469727 250236 98702 430370 525148 86604 264789 337097 70362 713942 ,250236 430370 525148 86604 70362 713942 525178 364759 510226 91916 
140848 81288 441322 531181 532464 324064 373601 965231 339350 321894 ,140848 324064 373601 965231 339350 321894 530250 529137 716565 420812 
390168 466082 436716 524667 523256 121179 915978 699595 143619 595556 ,466082 523256 699595 595556 305870 122169 175876 181990 306834 410320 
528748 596103 722060 158077 71192 418448 467939 350691 52311 687878 ,528748 596103 158077 71192 350691 52311 237885 744749 798648 47066 
445819 656038 443148 270082 444670 443585 653556 24469 445657 72948 ,445819 443585 445657 189191 204929 771948 892190 653742 473820 443671 
957593 882636 815140 58602 776510 114942 484782 821720 206977 7374 ,957593 882636 815140 58602 114942 373654 343369 670190 228616 824435 
674840 214225 820794 654813 122620 995085 674421 909186 404095 846961 ,674840 214225 654813 122620 995085 674421 404095 846961 994656 715540 
844222 883989 635147 669430 372471 498450 171071 930041 64931 299109 ,844222 883989 635147 64931 111796 704575 214331 201850 679547 656227 
416575 145438 41109 611572 21516 150437 236069 613539 249819 37431 ,416575 145438 41109 611572 236069 613539 249819 37431 957942 954206 
759566 375731 775855 677166 817363 758383 837492 757504 882228 393085 ,759566 375731 775855 677166 817363 758383 837492 757504 393085 266316 
250501 459435 187943 826727 879087 141692 956767 630997 956423 750056 ,459435 187943 879087 141692 956767 956423 750056 187422 244140 208361 
128194 989411 274768 548104 230701 390443 720637 748394 814947 59308 ,128194 989411 548104 230701 390443 59308 364723 179738 272235 632410 
87520 109566 68550 40293 663067 851578 573859 321836 359149 982849 ,87520 109566 40293 663067 851578 573859 449924 108951 82086 377967 
414477 638202 954002 825562 942639 118084 813309 652832 969773 440425 ,414477 638202 954002 825562 942639 118084 813309 440425 787729 324717 
308916 838481 897342 390420 285473 443264 608716 780970 850333 580057 ,308916 838481 897342 390420 608716 780970 580057 534551 936189 978412 
80040 529216 862533 518919 400611 632325 173334 282513 180660 807786 ,80040 529216 518919 632325 173334 282513 180660 807786 417326 257057 
587413 595476 462108 845169 93524 130095 154676 268601 772874 330000 ,587413 462108 268601 330000 184921 518720 721720 543946 683492 723514 
674262 673077 616856 674894 674729 677195 995632 653866 137703 256848 ,674262 616856 674894 677195 995632 653866 137703 256848 676486 616542 
652581 945948 864308 18515 863930 902650 946798 215617 958746 946348 ,945948 864308 863930 946348 638639 665568 534164 535560 259242 420550 
857497 959075 309387 436716 835190 745968 494512 542971 224219 269004 ,857497 959075 309387 436716 835190 224219 269004 631818 951532 964913 
408958 885516 887857 481831 718990 374232 587736 564764 670845 847445 ,408958 887857 481831 718990 374232 587736 985930 685110 962552 894060 
13705 586311 583983 228748 915810 261244 867815 596940 224507 462041 ,586311 583983 228748 867815 596940 224507 667940 391453 7437 678436 
618458 205213 887012 113105 244062 260837 992493 278113 480724 855355 ,618458 887012 113105 244062 992493 480724 762225 65382 785066 526311 
621271 709138 780250 534597 723075 451357 632660 869800 569311 110891 ,621271 709138 780250 723075 451357 869800 156333 321535 811220 337513 
833210 759500 191230 567228 568040 135760 216921 469386 766088 610344 ,833210 759500 191230 567228 568040 135760 216921 469386 766088 373722 
616586 36014 171807 164356 297129 533090 258583 235660 263396 774234 ,616586 36014 171807 297129 533090 258583 263396 774234 326316 755161 
810592 945849 864434 131493 20037 396244 725555 139356 545510 76188 ,864434 20037 396244 725555 139356 545510 76188 185976 178258 307822 
272192 389881 192597 180503 638378 842800 265572 112023 613578 434860 ,272192 192597 265572 112023 691549 777146 74432 959364 219542 728863 
681850 517596 422308 244564 857533 360550 97083 239375 515593 55356 ,681850 244564 360550 97083 239375 515593 61565 947223 981733 861847 
874521 358755 58811 516544 785745 78885 238844 250642 627847 74306 ,516544 78885 238844 250642 74306 467971 372288 535132 983845 108664 
513472 842026 779338 596965 15233 933486 842054 896182 957699 354976 ,513472 779338 15233 896182 354976 488467 129201 89244 539856 156227 
689259 140903 606057 620718 41994 545669 545991 816800 461756 569351 ,689259 140903 606057 620718 41994 545669 545991 461756 590624 816274 
724489 156488 570743 984803 394582 790685 97578 844517 396946 383328 ,984803 394582 97578 396946 368366 316201 345552 799930 321211 269537 
815034 820915 22312 743387 410063 325464 937010 371016 637969 497983 ,815034 820915 743387 410063 937010 371016 497983 433882 806392 363637 
53293 734898 187893 890802 893820 667262 890179 641693 536441 187820 ,53293 734898 893820 667262 890179 641693 536441 990186 857687 773904 
240097 73633 364249 63363 283407 70189 865550 733062 409801 691309 ,240097 73633 364249 63363 283407 70189 733062 409801 691309 984802 
489653 813645 769525 221152 532465 378752 499433 994730 246977 549177 ,489653 813645 769525 221152 378752 499433 246977 389243 917086 352094 
56958 715753 532607 286916 240710 894753 243887 848918 318779 733123 ,56958 715753 532607 286916 240710 894753 243887 318779 733123 81603 
239014 857175 991535 764696 993926 989934 239070 977075 595630 619497 ,239014 857175 991535 764696 993926 989934 977075 842159 869538 594642 
845399 761423 705569 724352 390561 325759 991256 974003 595882 932268 ,845399 761423 705569 724352 595882 319482 147474 394019 666139 111912 
453883 242543 458998 25045 737077 339661 779266 236224 152726 601453 ,242543 458998 25045 779266 152726 601453 338802 600816 733275 239971 
853825 375758 552605 693819 374311 900669 552383 410749 552703 445596 ,853825 375758 693819 374311 552383 445596 246885 27397 52230 247043 
473330 79547 337243 30218 53059 688869 747428 79494 569318 204171 ,473330 79547 337243 30218 53059 688869 747428 79494 569318 204171 
545320 843439 864482 895459 169376 93489 265300 425796 815161 122312 ,545320 843439 864482 169376 93489 265300 815161 122312 65351 899194 
569437 188040 45679 102779 112489 194822 619069 499433 434484 917086 ,45679 102779 619069 499433 434484 917086 802253 693270 813129 81268 
667976 538929 481497 738779 563928 932249 522113 822878 556343 332464 ,667976 738779 563928 822878 404028 667779 875615 448528 861988 777128 
634065 810927 422250 202355 966872 484532 451070 197648 683873 841947 ,422250 966872 484532 451070 683873 841947 634664 236026 636298 200800 
748530 563309 902781 271606 520684 808317 325805 560100 141765 749492 ,325805 141765 977558 783212 721125 711255 496973 145095 108592 313797 
564316 892909 448566 12896 58051 535950 62259 9914 540475 103718 ,564316 892909 448566 12896 58051 9914 540475 103718 225133 326346 
465559 797754 494959 529862 364143 432958 20142 152667 363365 602219 ,465559 494959 364143 432958 152667 363365 719526 94464 122344 968320 
606786 776985 777025 790966 420955 177282 232338 427033 615563 470886 ,776985 777025 420955 177282 427033 615563 470886 305264 768752 448381 
470075 962830 540595 375409 827218 837833 298561 115732 775921 622968 ,470075 962830 540595 375409 827218 837833 298561 775921 622968 885580 
986532 986007 717096 894768 603298 534820 791544 857497 573841 655423 ,986532 894768 603298 534820 791544 655423 913980 674031 783498 674654 
411290 298878 545179 783482 35870 510142 631340 778359 505847 387963 ,298878 545179 783482 35870 510142 631340 778359 505847 387963 402727 
396495 756651 310895 120612 185572 442374 107535 69632 695989 44057 ,396495 756651 120612 442374 107535 69632 44057 545142 136871 805358 
623356 527735 727549 790276 954542 168636 748551 449784 548206 725349 ,623356 527735 727549 790276 449784 725349 519702 805961 118865 81161 
277962 100049 834280 908622 870502 971568 392297 370320 549009 149968 ,277962 908622 870502 971568 549009 378314 240850 108764 225404 63096 
113537 62127 370042 845569 173797 392147 81492 286442 621864 601812 ,113537 370042 173797 81492 621864 601812 598681 265612 990114 842084 
65206 701336 555774 413380 807489 559905 425915 747472 779138 754488 ,65206 701336 555774 413380 807489 559905 747472 779138 754488 951595 
23168 908984 440669 757120 266121 809399 862785 997288 357607 870268 ,908984 440669 757120 266121 809399 862785 997288 870268 782021 260257 
498554 829973 930076 690030 986675 278450 504524 167966 157871 295582 ,498554 930076 986675 157871 5569 496479 347653 397000 127160 742784 
310901 94613 370054 173977 32876 635095 319289 274017 857959 372805 ,310901 94613 370054 635095 274017 857959 372805 829252 650762 335612 
203075 683371 884134 710917 393031 932162 627886 977640 987336 480757 ,203075 683371 710917 393031 932162 627886 977640 480757 226589 224117 
326621 484042 460891 314928 54981 667938 523483 703125 253967 670818 ,326621 484042 314928 54981 703125 253967 670818 607279 61906 825177 
179618 179239 270511 261525 525001 256843 232947 200486 658517 74062 ,179618 179239 270511 261525 525001 256843 232947 200486 74062 20263 
451696 484733 925210 311628 496216 127520 531357 746534 900327 796414 ,484733 925210 311628 496216 127520 531357 796414 412443 320377 829374 
750523 289779 346534 744870 914759 7851 207291 148057 340987 730586 ,750523 289779 346534 744870 914759 7851 207291 148057 340987 730586 
886570 271968 140538 877063 451866 59826 843548 333489 820373 641641 ,886570 271968 140538 877063 451866 59826 843548 333489 820373 641641 
988462 912748 708167 510842 124485 215745 510643 904308 650744 508163 ,988462 912748 708167 650744 957391 933689 130155 199713 632906 740560 
633766 554690 584334 607801 716210 690801 227260 558927 237139 949203 ,633766 554690 584334 607801 716210 690801 558927 237139 949203 904239 
874837 418519 89607 521209 516096 705615 555348 912896 99368 23104 ,874837 89607 516096 912896 803864 981339 86941 865646 877291 953954 
524797 787334 680646 212200 364914 574507 654431 910279 556791 537963 ,524797 787334 680646 364914 574507 654431 910279 556791 537963 504430 
94489 844592 894177 206451 632906 74647 390158 41483 919580 221641 ,94489 844592 894177 206451 632906 74647 390158 41483 221641 177909 
784855 122743 867621 238695 370751 553477 279202 211819 652927 236680 ,784855 122743 867621 238695 370751 553477 279202 652927 236680 351365 
750172 765789 833276 612966 308485 843859 837301 111200 343498 649239 ,750172 833276 612966 843859 837301 111200 343498 649239 649896 813104 
335589 650610 163653 298851 860059 872811 570108 682793 624947 793379 ,163653 298851 860059 872811 570108 682793 624947 793379 641574 531564 
810548 421806 458926 200641 739380 558235 847891 537238 922814 499963 ,810548 421806 200641 739380 558235 847891 537238 499963 389493 209866 
70613 583893 471104 732608 88313 248637 87500 491198 902326 626120 ,70613 583893 471104 732608 88313 248637 87500 491198 902326 626120 
126050 722059 246431 880765 406118 920401 407872 339216 694746 455266 ,126050 722059 406118 407872 871610 85310 106575 522577 120335 712846 
287694 753399 895891 265048 989162 329875 594196 64652 232471 492554 ,287694 594196 303401 59554 995456 15090 923317 63793 472328 880856 
288780 971247 236662 381997 381979 252135 752835 909553 444570 635251 ,236662 381997 381979 909553 444570 571743 638255 616716 877410 597251 
649489 504575 363992 296061 247011 197972 131462 559422 506570 720220 ,649489 504575 363992 296061 247011 131462 559422 506570 720220 497555 
845802 852387 983749 443346 542297 947568 199367 858172 931877 886480 ,845802 852387 983749 443346 542297 947568 199367 858172 886480 191904 
526598 905889 358857 82574 876690 426194 498278 462419 633234 696273 ,526598 905889 82574 876690 426194 462419 633234 83660 885183 681314 
309930 661483 284627 303376 27589 925747 315871 314203 286661 285199 ,303376 27589 925747 315871 314203 777656 670260 362351 116898 935720 
736565 87485 684300 426705 629603 126493 719131 30007 89717 69888 ,426705 629603 30007 89717 69888 499273 815303 815475 151232 780146 
450268 477758 878046 211996 637698 645040 810907 597750 861128 880137 ,450268 477758 878046 211996 637698 645040 810907 597750 880137 644896 
323300 461262 171449 179020 534018 602784 296402 30325 913296 299245 ,461262 171449 179020 296402 30325 299245 698561 50837 77567 525421 
653683 655956 40495 24848 557937 655704 910997 557471 645782 646897 ,653683 655956 40495 24848 655704 910997 645782 646897 959621 905784 
121663 803819 98251 368835 320275 366944 849040 343644 572192 161373 ,121663 803819 98251 368835 366944 849040 343644 572192 161373 180321 
142582 159577 459112 451681 339182 822489 281670 396856 355253 698807 ,142582 459112 451681 822489 281670 355253 698807 262209 168535 453091 
379731 498474 108817 497530 361143 90802 92395 475474 353076 471410 ,379731 498474 497530 361143 92395 475474 471410 24346 60135 30152 
222492 24762 896009 784323 654870 918677 655688 543082 224102 217207 ,784323 654870 655688 543082 224102 217207 257540 288574 512847 866774 
307636 294499 530479 300974 497760 158481 84851 80545 401895 80245 ,307636 530479 158481 84851 98663 178515 389109 54307 430251 471898 
757305 580256 736094 976685 533763 929495 534332 87102 606629 948021 ,757305 580256 976685 533763 929495 534332 606629 948021 472859 801585 
352126 193627 272443 386954 80652 462416 483667 742244 979804 730248 ,193627 272443 386954 80652 483667 979804 730248 20598 749019 332501 
848323 263578 635689 246365 572543 249336 339847 417975 355367 774538 ,848323 263578 246365 572543 339847 355367 774538 348286 655851 284499 
232578 566241 210926 115545 248784 814165 561833 111640 415459 60852 ,115545 248784 814165 561833 111640 415459 95358 458460 158559 406182 
394696 157620 463550 437461 296277 232368 242616 696436 686647 940067 ,463550 296277 696436 940067 979220 403124 280437 113305 137021 813114 
88670 722721 331495 606264 101310 875361 562873 334676 940883 936409 ,88670 722721 331495 606264 101310 875361 562873 334676 940883 658184 
626809 845503 585637 585215 759630 972058 889745 893238 620133 647588 ,626809 845503 585637 585215 972058 893238 620133 647588 834273 579180 
190714 447994 447857 446773 373715 447616 445851 830180 447770 673331 ,190714 447994 447857 446773 373715 447616 830180 447770 673331 7178 
191013 952624 751473 190617 445115 604420 979749 132998 373732 447146 ,191013 751473 445115 604420 979749 132998 373732 447146 135520 447603 
217952 5560 334258 718516 969162 585423 335109 805995 682336 995715 ,217952 5560 718516 335109 995715 514491 555023 473358 697838 791061 
743527 960900 668511 502783 596734 868537 879324 975470 62853 863154 ,743527 960900 502783 868537 879324 975470 62853 15085 110993 485451 
305344 662261 72648 498958 948577 937443 942671 294368 350554 566218 ,305344 662261 72648 498958 948577 937443 942671 294368 350554 566218 
915081 925808 862858 920302 101777 915823 652848 643630 555322 565285 ,915081 925808 862858 920302 101777 915823 652848 555322 565285 623538 
604275 842096 572821 877494 572836 880158 762136 895241 767652 448977 ,842096 572821 877494 572836 880158 762136 767652 448977 738870 44250 
920024 920825 36217 58750 81763 258513 415943 725592 929837 571465 ,920024 36217 81763 415943 725592 929837 571465 56107 437638 150535 
929419 978433 560357 481268 737133 104218 560773 775939 49797 852476 ,929419 978433 560357 481268 737133 104218 560773 775939 49797 43692 
640256 632546 642690 88082 642326 643738 640690 222791 919733 640170 ,640256 632546 88082 642326 643738 919733 640170 824082 200847 545375 
352513 988570 286348 845682 237974 877838 94827 529649 99980 577625 ,286348 845682 237974 877838 94827 99980 237987 914265 915437 829602 
585394 474591 4978 705047 973009 742984 473449 340334 825657 355257 ,585394 474591 4978 705047 742984 340334 720139 345919 6416 764690 
528707 235096 673489 717915 232269 740144 124195 685396 25137 365608 ,235096 673489 740144 124195 685396 365608 555021 364047 413473 725299 
786975 718271 803416 603670 192014 977114 642714 920017 423753 803530 ,786975 718271 603670 192014 977114 642714 920017 423753 383025 678910 
849764 885912 104087 674500 375830 474049 813963 882969 646722 767047 ,849764 885912 104087 674500 375830 882969 646722 767047 960745 970573 
112765 896717 902441 50740 732422 253813 51555 478028 24228 964017 ,112765 896717 902441 50740 732422 253813 478028 964017 619025 763026 
352029 312638 463042 851074 699749 445362 491537 299095 229960 934189 ,312638 699749 445362 299095 934189 578618 58775 819211 547621 666342 
228853 439890 130789 872208 224189 839700 130029 899134 844587 807123 ,228853 439890 872208 224189 839700 130029 899134 844587 807123 707145 
663720 27264 133189 717044 936390 14487 333735 750576 619096 303689 ,750576 303689 341106 343239 837580 954396 434606 980476 574511 59626 
369789 563421 253228 264266 12829 840779 823068 402688 172073 475388 ,563421 253228 12829 840779 823068 172073 267822 359788 295968 296795 
845416 729540 8 625623 772032 810948 22364 319401 431349 523533 ,845416 625623 772032 523533 322794 142116 189055 271482 261473 122985 
970190 356649 104485 658158 307371 249055 658137 872081 211329 509645 ,970190 104485 658158 872081 211329 509645 31857 997854 244066 953077 
468678 31741 701000 706928 22802 358388 925085 934901 185834 704833 ,468678 701000 185834 513375 708428 667843 88438 866063 724905 266086 
768558 701671 476635 375040 45451 470911 247429 682758 642363 313075 ,768558 701671 476635 375040 45451 470911 247429 682758 642363 427933 
16596 436579 753100 368137 950334 666230 841555 99650 96055 281894 ,16596 841555 99650 281894 221338 836025 338722 92714 831745 802449 
215756 462809 243693 250967 517504 878249 319286 902289 135893 99476 ,215756 462809 243693 250967 517504 878249 319286 902289 135893 99476 
679790 681132 142907 299964 952200 91712 861384 455404 131011 546627 ,952200 91712 861384 131011 869238 511543 185926 1295 100697 111208 
794516 696756 707450 995552 750677 595004 13778 973452 328124 799799 ,794516 595004 328124 69299 631236 549527 561517 363130 203540 18375 
36125 36236 53062 105734 931857 834118 984430 225608 876646 152934 ,36125 53062 984430 152934 997123 855251 226571 848382 962635 855915 
421361 306719 670334 971148 336854 334586 106112 974000 505877 421216 ,421361 306719 670334 971148 334586 106112 974000 505877 557157 937872 
48564 877198 983633 969134 793836 48168 370045 999132 835241 330523 ,877198 48168 370045 999132 835241 279982 314083 556994 607470 748938 
80699 978558 639679 217810 217255 503668 293460 676817 727439 76414 ,639679 217255 676817 76414 311796 130524 574525 793751 996064 40215 
837339 374471 659748 64533 638017 574867 966243 283688 587565 573520 ,374471 659748 64533 574867 966243 283688 573520 957670 511149 122338 
533040 415354 536095 290968 640553 477605 911235 899425 957338 782761 ,415354 536095 290968 640553 477605 911235 899425 957338 782761 132704 
123911 355058 928392 957178 526203 155386 691743 147489 116368 153178 ,957178 116368 78241 125342 752663 714817 159012 210106 110307 626107 
132449 81574 104840 280337 535022 422591 20762 78906 364114 104784 ,104840 280337 535022 20762 78906 364114 426329 91336 151381 639994 
811644 764 95485 304384 384786 526313 904974 419812 467940 551925 ,764 95485 304384 384786 526313 988713 180716 204653 138940 399017 
827861 641629 102523 656600 446325 448110 445778 907414 654694 906775 ,641629 446325 445778 907414 654694 41165 907510 958526 903229 906877 
708021 532600 979034 982192 328011 564605 985419 991772 223906 204818 ,708021 532600 979034 982192 564605 985419 991772 223906 204818 855730 
672712 377789 997711 747509 998048 645896 951413 405874 638233 114064 ,377789 997711 998048 951413 405874 114064 82944 260821 826922 962302 
723045 391904 457311 886716 222380 817890 748739 994634 427104 632254 ,723045 391904 457311 886716 817890 748739 994634 427104 632254 93957 
868469 60470 531623 543422 837728 982919 94915 69299 16404 568342 ,868469 60470 531623 543422 837728 982919 69299 568342 730771 171873 
277912 606610 809416 846421 373229 308865 309673 368800 646217 637291 ,277912 606610 846421 373229 308865 309673 368800 646217 637291 296954 
789649 462314 188141 151479 143613 163805 769346 473024 683941 136851 ,420970 116255 814624 607917 82276 452622 716136 970132 506130 250310 
282378 371136 694018 936132 341885 865892 480615 27162 543061 959921 ,694018 865892 543061 959921 490123 900728 456761 47196 528411 723750 
537332 973585 452120 202647 191643 357789 718161 940150 221541 958910 ,537332 973585 452120 202647 191643 357789 940150 718161 221541 354782 
686581 363708 995002 458692 562767 366806 685838 597323 935883 840511 ,686581 562767 366806 597323 935883 840511 154795 193769 596168 280028 
171514 61077 59852 936214 696277 315350 498806 614530 61283 216168 ,61077 59852 696277 315350 61283 216168 620783 935968 955976 564414 
481010 749464 90066 541545 916156 514203 662564 746102 715529 930265 ,481010 749464 90066 541545 916156 514203 746102 505989 912847 915712 
111163 159196 403655 550096 913594 818427 808726 166570 166432 774772 ,159196 403655 550096 913594 818427 808726 166570 166432 774772 402814 
761072 986473 462840 347701 69968 134078 308927 307242 96975 773261 ,986473 462840 347701 134078 307242 96975 773261 59384 235171 244564 
864381 685067 665896 738150 518517 18135 284003 306630 270212 367112 ,864381 518517 18135 284003 306630 270212 572563 695987 483265 928271 
981484 730177 192565 551630 732407 739308 459598 137868 376233 994677 ,981484 192565 551630 732407 739308 459598 137868 376233 571989 791180 
721060 711667 193341 367238 410443 684348 85421 117891 69713 972967 ,721060 711667 193341 367238 410443 684348 85421 117891 69713 972967 
79381 452033 79387 560326 769551 182026 410011 459685 439789 690785 ,79381 452033 79387 769551 182026 410011 334177 560105 736264 524952 
162728 716000 693894 509956 803986 184712 477541 386709 139277 206535 ,184712 477541 139277 261438 823713 263522 426904 528175 978428 859335 
399135 694243 694357 70750 105310 729244 345480 865619 694088 289423 ,694243 70750 729244 865619 846858 179370 844987 789978 224864 92258 
130975 520509 130964 663130 994609 212196 536523 210926 44220 228507 ,130975 520509 130964 663130 44220 228507 565332 599245 158411 665499 
851064 526118 604693 951806 392646 830520 702236 931095 550217 509105 ,851064 604693 951806 830520 550217 509105 574822 97299 985715 897136 
14414 911524 307709 915563 167584 356991 753600 852858 947181 755658 ,753600 852858 947181 755658 756137 599850 575701 760054 765487 611200 
855852 780480 673515 908999 101275 554689 612503 566337 905325 24708 ,780480 908999 101275 554689 612503 566337 905325 24708 911117 144711 
481646 140361 690819 22624 356991 15410 257309 263874 839506 237603 ,140361 690819 22624 356991 15410 257309 839506 237603 15809 540053 
732625 565738 825545 527859 458670 453259 90877 759856 949558 24963 ,732625 565738 825545 527859 458670 453259 90877 759856 949558 24963 
157717 534202 298384 965022 752439 353837 450321 300134 321998 412440 ,157717 534202 298384 965022 752439 353837 300134 321998 399895 249297 
467157 749151 686233 171178 508859 416833 97125 245184 949759 935032 ,467157 171178 508859 97125 935032 506568 255537 360288 793276 110380 
370814 692115 64439 525065 31473 711515 126339 78478 998597 992474 ,370814 64439 31473 711515 998597 992474 105754 232976 825336 361724 
73229 805470 466536 12259 439986 854372 985301 283429 329569 141665 ,73229 466536 12259 439986 329569 141665 174027 584849 154405 97677 
674863 96340 14360 738479 944025 68157 205318 796072 153014 696904 ,96340 14360 738479 68157 205318 796072 153014 923049 842681 268543 
475098 754248 387406 403369 626681 754417 413077 865871 559822 166814 ,754248 387406 403369 626681 754417 865871 555475 420926 991333 422466 
179005 114911 154966 199465 732222 637990 732941 494434 690278 877871 ,179005 114911 154966 199465 637990 877871 520369 439610 81390 680215 
819553 672547 609987 819864 760168 858573 135759 755508 141433 766087 ,819553 672547 819864 760168 858573 755508 766087 830326 24183 672969 
9432 798839 194336 73016 550910 192802 128775 806287 965049 857667 ,128775 404991 518 316584 803275 419413 111783 478882 277431 63244 
685396 676040 422639 718184 446756 763526 741784 47758 714776 717047 ,685396 676040 422639 718184 763526 741784 47758 714776 717047 739687 
476207 49865 999474 38218 374575 897736 381232 37990 642290 39049 ,49865 999474 897736 37990 642290 39049 560398 642410 809938 682797 
74223 935556 128801 228112 868401 949374 631209 731502 624191 629291 ,74223 935556 228112 629291 787143 470408 569011 498943 844190 166635 
740869 520572 681392 34025 289125 72974 458478 34316 715320 200186 ,740869 34025 715320 200186 336034 227974 349129 294667 940903 181678 
174525 711176 246576 266339 588521 286338 973816 548096 102349 428220 ,174525 246576 588521 548096 102349 428220 512983 810714 199970 263778 
996608 779075 230612 794842 951994 190965 198369 2448 198799 277615 ,996608 779075 230612 794842 951994 190965 2448 277615 198799 590731 
913085 295146 886455 281498 237332 538911 144271 869008 470858 544799 ,913085 886455 281498 237332 538911 869008 470858 765992 13595 265982 
426515 427310 420942 427283 305537 784819 910896 716572 325463 487564 ,426515 427283 305537 784819 716572 325463 905059 559689 515483 232665 
82454 761100 977684 557091 735136 215462 932854 510782 13376 871062 ,82454 761100 977684 557091 735136 215462 932854 510782 13376 871062 
180910 757434 267614 757595 529373 844909 917628 871696 846280 704346 ,267614 529373 917628 704346 80021 459452 548741 184226 279958 549302 
713974 742970 539979 894611 544276 663723 225513 544362 958821 556017 ,713974 544276 663723 225513 958821 556017 187737 473362 284585 985808 
247016 351662 151208 480914 742391 279513 22091 484261 200600 318208 ,247016 351662 151208 480914 279513 22091 318208 458481 292134 161495 
494300 421747 532924 471068 57589 302014 912461 286291 114830 507992 ,286291 106745 56611 61178 798818 494151 39113 370017 478026 272869 
830380 763211 763189 863315 421307 863529 207773 718640 539892 831356 ,763211 763189 863315 421307 863529 207773 718640 539892 831356 387595 
983640 422996 993707 410121 567285 142014 58576 17993 455884 294378 ,983640 993707 567285 17993 455884 294378 805633 983141 328358 647071 
785534 649956 652996 785675 932599 694669 322503 769179 4492 794354 ,785534 649956 652996 785675 694669 322503 4492 794354 755416 213492 
955101 101339 127980 539677 620744 846970 664467 894084 665055 885695 ,955101 101339 127980 539677 846970 894084 665055 885695 921093 258807 
42360 214269 172694 907550 707560 588930 787104 918169 27143 182428 ,214269 172694 182428 623733 365544 294874 678112 414910 245955 356086 
420299 454618 699951 343923 850274 278765 369117 276519 92536 843961 ,420299 699951 850274 278765 92536 843961 740204 647946 390895 555305 
6134 326850 336934 898493 871696 388887 313883 251598 292199 502084 ,6134 326850 898493 388887 85291 55966 29883 730564 435247 339015 
264301 142315 248102 280866 470751 59919 215010 123714 348671 324396 ,264301 142315 248102 280866 470751 59919 123714 348671 324396 239426 
722594 114897 320848 368683 204631 268909 366256 26113 702862 992668 ,722594 114897 368683 204631 366256 26113 702862 992668 107424 136259 
606254 883691 671311 485002 729415 962590 962561 474213 883407 644743 ,606254 883691 671311 485002 729415 962590 962561 644743 133405 727339 
966026 846970 929173 666883 103534 884443 614732 641453 247973 374823 ,846970 929173 666883 103534 884443 614732 374823 716607 608145 801090 
416081 465698 47412 818299 320470 894466 81494 55134 608712 413751 ,416081 47412 818299 894466 81494 608712 413751 906740 963213 611426 
289393 853369 650360 896124 600340 128460 659232 644743 606254 317293 ,600340 659232 644743 606254 709988 128428 797685 149628 120688 624336 
351301 292698 393163 808670 242116 550068 741792 679543 616049 514460 ,808670 242116 550068 616049 375860 302247 287184 806243 141701 432603 
410024 814017 93785 679862 205318 855121 668412 695517 495757 15239 ,410024 814017 205318 855121 495757 130837 268546 681318 668623 377046 
614124 612664 610567 587329 104282 399903 203398 403972 873796 759513 ,614124 612664 610567 587329 104282 399903 203398 403972 873796 759513 
678316 396376 969003 744353 833270 77981 172206 14700 172472 1276 ,678316 396376 833270 172206 1276 897526 602914 440015 34167 738649 
503515 72803 717165 818030 662746 359149 353423 986935 84055 930976 ,503515 72803 353423 84055 930976 662809 59377 286011 19679 965062 
648625 647825 838366 974207 20870 957330 14293 609900 449562 31138 ,648625 647825 838366 974207 20870 14293 609900 119454 759387 358054 
554319 269077 510573 323057 421634 88143 350928 496691 140973 470834 ,269077 510573 323057 421634 88143 350928 496691 470834 750998 662671 
366957 506694 175706 594298 387255 128345 367762 537503 712945 377463 ,366957 175706 387255 128345 367762 537503 377463 484210 377589 186141 
58827 57482 3747 458018 800871 702311 806991 338385 794998 807027 ,58827 458018 800871 794998 523050 790846 91969 102596 116351 94441 
823964 444423 40235 825684 551627 563544 430054 547052 815093 12927 ,444423 40235 825684 551627 547052 815093 12927 815316 850193 351043 
39502 38203 541383 426025 218825 962859 541367 858998 541372 40981 ,39502 38203 541383 426025 218825 541367 858998 541372 40981 558723 
795217 113827 291873 799559 363484 391742 321550 321855 684144 18940 ,795217 291873 363484 391742 321550 321855 684144 90605 401581 807203 
228393 660244 769761 942634 471442 533007 388203 696186 306691 810701 ,660244 769761 942634 471442 306691 948814 533048 423347 492869 111496 
955925 942517 551089 666380 374811 374981 542331 766318 765993 941011 ,955925 942517 666380 374981 542331 766318 765993 941011 729992 550365 
301304 488610 215273 431693 336998 279230 901418 280928 597343 946010 ,215273 279230 901418 280928 758395 499034 234172 906141 57401 750199 
847304 144737 765488 668913 428992 265159 333201 320470 48106 617720 ,847304 144737 668913 265159 333201 48106 617720 723877 186616 925925 
571910 682681 406083 52159 519775 421403 626426 718343 410591 949223 ,571910 682681 406083 421403 718343 410591 949223 553715 389299 64258 
987702 291754 674860 14608 118914 199353 121775 512986 206694 153107 ,987702 291754 14608 118914 121775 206694 153107 20634 116345 771355 
670241 682283 734347 992155 957581 405952 887722 614969 894610 668589 ,682283 734347 992155 957581 405952 614969 894610 668589 614732 885770 
759475 653055 542786 831243 774859 835697 628312 991435 558024 834329 ,759475 774859 835697 558024 834329 672760 956319 773783 240077 772969 
613074 745524 353187 506832 296709 369900 163837 325014 696310 718204 ,613074 745524 506832 369900 163837 325014 696310 718204 599171 59211 
542499 856615 213950 672846 615373 374076 673758 257202 467811 686132 ,856615 213950 672846 615373 374076 673758 257202 467811 809038 666827 
417224 941875 688502 579858 852712 687217 224582 624469 363131 932831 ,688502 579858 687217 224582 930388 681613 824362 224181 397574 76022 
68317 473396 595750 7058 10746 430472 485398 822355 963400 293458 ,68317 7058 430472 963400 483700 124590 30447 731164 788494 68473 
768005 421541 421440 424844 894141 638024 536422 37881 421082 912324 ,768005 421541 421440 424844 894141 536422 421082 912324 905972 646365 
103739 142825 132859 905561 297232 792967 407384 456934 373793 234747 ,103739 142825 132859 905561 297232 456934 373793 190942 894376 913880 
389766 260018 737987 20575 836224 16650 771886 382689 619220 285475 ,389766 20575 16650 285475 486866 598686 579230 713830 719154 714043 
560096 945771 725082 395844 863778 187994 1238 285944 82096 596860 ,61211 682235 602070 283152 751969 957242 598531 381496 681894 981150 
274331 181097 271758 76309 511015 884789 634498 503991 468257 327569 ,274331 181097 271758 76309 634498 468257 250949 987740 790573 469102 
67831 270137 72504 64592 634630 68019 844996 485995 613755 137463 ,64592 68019 844996 137463 916867 517993 34050 564705 95195 796996 
292485 433017 215364 784304 495799 860119 83633 572319 92213 917636 ,433017 215364 784304 495799 83633 917636 800980 141611 673520 952537 
616265 560856 226925 335328 248026 416591 487148 253437 200144 251300 ,616265 560856 226925 248026 416591 487148 251300 330046 39886 307285 
848248 620838 912520 27028 576526 182534 487591 748626 779672 844996 ,848248 620838 27028 487591 748626 779672 844996 911750 964023 234385 
352981 389881 554635 423358 76172 877032 560326 834486 616620 44255 ,352981 554635 76172 877032 560326 834486 616620 44255 169231 662843 
458630 482007 255306 351704 305192 496779 256162 341548 321729 903966 ,458630 351704 305192 256162 341548 321729 903966 44282 660900 523111 
951595 67006 556864 865542 217836 65821 617340 82486 872905 950907 ,951595 556864 865542 65821 950907 449392 879056 950488 288894 776677 
533398 279441 771987 723012 515317 267618 288420 305021 775340 424624 ,533398 288420 99093 449620 162191 480463 485185 577811 361061 14566 
110004 717340 128540 338364 322525 324396 714259 404924 311012 258728 ,110004 717340 128540 338364 322525 324396 714259 404924 258728 597262 
521670 391563 398997 727858 547932 433036 128127 721062 390593 399467 ,521670 433036 128127 721062 399467 730834 113714 615132 520059 242225 
712686 486665 99546 51390 521652 404806 204716 808509 552034 189826 ,712686 99546 51390 521652 404806 189826 602120 6018 979357 193720 
143029 905914 73455 911157 653717 650875 178132 523105 744447 770597 ,143029 905914 73455 650875 178132 523105 746791 491000 657992 276498 
351678 176641 822341 745897 606759 709699 448408 601121 45762 768753 ,176641 822341 745897 606759 709699 448408 601121 768753 171109 791507 
635771 424846 477841 601191 36997 725389 192907 990809 998615 84534 ,635771 424846 725389 192907 998615 179164 755045 389907 715128 60448 
50077 275281 214599 932719 49073 4024 386977 169887 548551 184475 ,275281 214599 66653 740986 676136 621035 716280 983454 896572 300563 
703103 805895 653035 14922 868698 859223 874809 862161 13019 838105 ,703103 805895 14922 868698 859223 862161 13019 703050 885981 737183 
472888 631118 426310 478989 730557 718994 780242 152025 2916 278614 ,478989 718994 780242 152025 2916 140764 742228 854710 811867 122818 
229757 942115 836849 771510 890987 667095 253853 113775 897286 123205 ,942115 836849 771510 890987 667095 253853 113775 897286 960334 648480 
897444 923034 855255 641700 666701 972318 445176 892529 191671 782296 ,855255 641700 666701 972318 445176 892529 191671 782296 102862 93026 
79525 305106 293027 522254 332654 321576 129998 278928 381428 500424 ,79525 305106 293027 332654 321576 129998 278928 381428 500424 124739 
275650 865905 273713 881335 278037 682064 580282 504391 682224 63170 ,275650 682064 504391 682224 253547 937853 935930 829775 206475 597429 
911655 904331 539154 562307 858956 298422 906097 377337 265674 378539 ,911655 904331 858956 298422 906097 377337 265674 378539 62057 596869 
799817 829349 864803 77623 506472 415509 229312 13422 198584 454331 ,799817 829349 864803 77623 506472 415509 229312 13422 198584 454331 
310047 357793 185495 688229 194272 310770 902391 807579 184505 679666 ,357793 688229 310770 902391 679666 909603 701962 250909 776724 507814 
964828 370030 2549 83072 2680 771417 371925 166750 33437 756964 ,964828 2549 83072 2680 371925 166750 33437 756964 372144 883000 
707526 940721 968310 280192 221542 209388 194564 361718 234470 266648 ,707526 940721 968310 221542 194564 234470 297135 466123 272541 379919 
80802 434130 158411 227577 350735 197841 336858 238726 430373 989983 ,434130 22545 773367 231968 586147 248544 247310 525610 684104 152542 
800633 814662 815070 215446 775794 124364 814539 913953 914468 410726 ,814662 815070 215446 124364 814539 913953 914468 410726 873593 190242 
649805 826751 447926 824785 666837 446392 666756 445116 447280 446681 ,826751 447926 824785 666756 445116 446681 848235 447424 446238 594220 
489130 486208 432050 237971 490523 200523 264942 60486 487696 820992 ,432050 237971 264942 536730 522629 726213 210929 932182 188755 639756 
545390 804081 21647 437982 615838 505526 89104 157797 208854 431293 ,804081 21647 157797 208854 431293 170185 560036 429872 70191 351 
649090 255508 941536 841469 373254 383921 721522 648484 847850 260863 ,649090 841469 373254 383921 721522 648484 260863 769313 954914 533317 
108011 921472 587575 743759 579214 461613 560401 364843 925080 310694 ,108011 921472 743759 925080 689999 363952 562931 785568 855462 95891 
193392 811087 848086 912735 474363 4318 227775 392665 585969 253773 ,811087 912735 474363 4318 392665 253773 350636 946216 304060 408627 
636997 411392 900162 552742 701184 531147 828854 557799 108727 904704 ,636997 411392 552742 531147 828854 557799 108727 318311 707100 475313 
717135 190252 549344 166104 522213 848647 31327 670425 523837 718463 ,717135 522213 31327 523837 718463 505437 120974 97040 139549 682291 
772692 761343 154575 857085 502961 374449 374667 542308 845732 374720 ,772692 154575 374449 374667 845732 374720 922118 527967 256664 669908 
143023 221104 505677 327958 835747 822639 366697 916756 433673 552421 ,143023 221104 505677 835747 822639 366697 916756 433673 552421 502228 
401252 327614 334458 669076 624802 656228 623714 251778 490254 94628 ,401252 327614 334458 669076 624802 656228 251778 490254 94628 940053 
243253 981940 7209 943948 416596 689961 571935 509576 204790 262067 ,981940 7209 943948 416596 689961 571935 509576 204790 522062 259903 
931772 695096 415744 391864 660762 94419 499465 17076 901295 74252 ,931772 695096 415744 660762 94419 499465 17076 901295 74252 982463 
629812 371448 793594 474269 400736 700100 513121 483660 120827 144555 ,629812 793594 474269 400736 700100 513121 483660 120827 144555 193865 
822799 816296 822922 249933 681666 949127 789723 912129 660338 280440 ,822799 249933 789723 280440 839721 900225 805841 578852 128732 862040 
613409 872949 648097 344483 347239 285126 568546 878676 333247 116410 ,613409 872949 648097 347239 285126 878676 333247 116410 838787 566990 
464977 309659 217952 450542 310219 572845 103342 982625 209789 176142 ,217952 450542 310219 103342 209789 321716 551036 429771 352487 722754 
623693 355809 620243 14007 364722 775575 582272 625363 219862 750772 ,623693 364722 582272 625363 750772 159025 618288 987256 141176 170263 
39735 761180 216127 950594 577955 104101 969953 840983 975222 673234 ,761180 104101 969953 840983 975222 110242 10195 434278 593407 40474 
912551 856590 680047 226863 11910 855740 842142 957477 595260 763084 ,912551 680047 226863 11910 842142 957477 595260 763084 853262 763101 
985891 22554 489179 624470 187569 21741 986223 800525 435586 947500 ,489179 624470 187569 21741 986223 800525 435586 947500 918432 388175 
446173 723790 713981 285999 5652 5207 94492 131464 364066 982843 ,446173 723790 713981 285999 5652 5207 94492 131464 364066 982843 
796272 527356 313517 631544 112996 611552 662043 717671 867371 266178 ,796272 527356 112996 611552 662043 717671 867371 572632 155790 3633 
107101 500126 401434 892783 86123 787080 887367 315928 806733 173000 ,107101 500126 401434 892783 86123 315928 173000 61141 66303 230682 
749212 393541 997834 215031 536106 406901 733186 106319 736441 16122 ,749212 736441 390304 418813 806205 823047 127882 525042 747453 131106 
59310 526815 367240 963797 965792 199876 933553 188942 23571 990863 ,59310 526815 367240 963797 965792 933553 188942 990863 280588 458970 
789650 556466 834287 603208 562800 222212 322664 603812 830785 292382 ,789650 834287 562800 222212 603812 890925 921317 254818 385471 713613 
94186 530369 983010 338450 666048 129984 983502 367307 781626 289338 ,94186 983010 338450 666048 129984 983502 781626 289338 209124 887787 
501025 134865 491761 433686 334488 398762 501689 320378 133723 783835 ,501025 491761 433686 334488 783835 716229 435204 288727 752847 483326 
357567 503686 685831 361834 446894 190907 686102 343413 877555 957003 ,357567 503686 685831 361834 446894 190907 686102 343413 693706 476997 
956480 569218 568977 890114 235909 190461 233828 291075 417509 346686 ,956480 569218 568977 890114 235909 233828 417509 346686 803040 40844 
292009 105327 825666 452227 227513 306776 438010 528519 521977 525411 ,292009 825666 452227 227513 306776 438010 528519 326769 234390 13709 
835323 983578 249559 522003 214497 897584 203192 573711 660419 16112 ,983578 249559 214497 897584 203192 573711 660419 16112 828570 256662 
619263 776732 927781 191708 420760 850500 841162 660704 289456 821206 ,776732 927781 191708 420760 850500 660704 251391 342967 839214 285586 
945363 951891 176109 407607 149991 429040 554490 383577 281069 232463 ,176109 407607 429040 554490 383577 281069 232463 287382 711809 161111 
868891 989171 911609 844723 16429 795394 298639 859367 49782 376354 ,868891 989171 911609 16429 859367 49782 376354 108814 731710 707030 
242219 254510 585116 880163 997634 920788 51317 202035 266313 380336 ,242219 254510 997634 920788 266313 202035 380336 842023 540503 902450 
943377 951095 863990 415641 933481 949788 520655 63215 112105 901417 ,951095 949788 275911 517486 795511 47243 682558 340212 673291 825630 
346493 622289 653611 323077 14567 375375 623848 996829 251984 779664 ,622289 323077 14567 375375 375001 763630 836936 852149 716307 304520 
366052 80560 526974 525071 364120 526745 269980 524905 251073 827159 ,366052 80560 526974 525071 526745 269980 524905 251073 928166 571222 
15194 869933 870091 243489 15145 981469 16681 202637 900691 242710 ,15194 870091 15145 981469 16681 202637 690700 983066 785208 275129 
24340 430026 637146 570056 474853 278684 819178 426613 502410 109171 ,570056 278684 819178 426613 502410 569759 761916 512044 246625 417166 
142538 877384 861352 837740 211270 225426 973987 488467 719589 562712 ,142538 877384 861352 837740 225426 973987 488467 879860 987200 987405 
555367 82768 701136 704711 773037 87055 837013 845266 876580 410176 ,555367 701136 704711 773037 87055 837013 152387 763107 500594 634020 
37991 37930 216547 767853 38758 767896 896104 820609 767834 767920 ,37991 37930 216547 767853 38758 896104 767834 767920 820573 820594 
281073 336172 872040 696032 691099 312975 543282 635461 684963 701809 ,401365 295706 930728 666477 333494 313657 490869 949158 133775 385095 
320896 832560 888523 711504 771338 829354 881356 425158 278924 829496 ,320896 888523 829354 425158 278924 804724 980595 628031 881095 439125 
486015 497107 696575 722258 84158 915334 99902 722147 819380 539436 ,497107 722258 84158 915334 843009 903941 472561 100773 819342 356417 
504460 196979 219238 274201 400058 794851 14402 277519 715463 253845 ,504460 219238 400058 794851 715463 844513 94548 98155 977506 931736 
169012 189695 15049 573773 884316 112815 920334 665044 771666 592084 ,15049 573773 771666 592084 803324 367315 19391 705506 393826 858121 
496086 932270 62557 481836 505349 489865 110802 368241 820971 467796 ,496086 932270 62557 110802 467796 638129 402216 753245 184096 853100 
529003 258074 87223 351719 497530 16642 240757 460213 658868 370682 ,87223 351719 497530 16642 240757 460213 658868 725160 181435 99720 
313069 956888 362683 347698 849551 637584 500126 217850 881083 875548 ,956888 347698 500126 217850 881083 875548 509901 100689 376058 194835 
414475 804785 880840 229458 627865 36877 928615 49557 901287 385118 ,414475 880840 627865 36877 928615 49557 385118 604319 581119 971792 
124992 153749 561109 358130 683461 279659 982587 292500 694682 564663 ,153749 561109 683461 982587 292500 694682 112123 782606 100445 322204 
365984 466916 497135 501084 793234 286551 414453 520189 124131 506245 ,365984 466916 497135 501084 793234 414453 520189 124131 506245 45186 
472435 406722 514618 107892 723034 83681 83359 152818 516947 155437 ,406722 83681 83359 155437 692944 324020 438174 367061 943156 548094 
324205 653663 358023 131806 371411 861237 69976 917403 496298 962429 ,131806 371411 861237 69976 917403 496298 962429 845178 671707 929295 
133443 112967 52173 391193 489293 310838 871931 277882 363728 769800 ,112967 391193 310838 277882 363728 769800 870954 741784 717047 158325 
94852 439276 354499 706625 813884 398791 327641 480011 284723 803678 ,398791 327641 284723 803678 504879 180316 516194 550160 813887 301599 
497693 388355 261679 705966 228038 322538 230617 233300 716543 406419 ,705966 233300 716543 406419 351002 524830 350588 617909 703439 234120 
71653 633456 832258 752205 678943 535677 489265 521825 932246 87086 ,71653 633456 832258 678943 535677 932246 87086 559269 297883 392013 
514642 714486 383693 934956 288576 898549 924341 877702 410666 383522 ,514642 383693 934956 288576 924341 877702 410666 383522 82757 514950 
730373 780305 925714 955597 979083 187258 249007 118465 158548 942671 ,730373 979083 187258 249007 118465 158548 942671 69312 780278 228069 
518813 253982 497696 121601 729724 792013 806205 438192 197383 361544 ,792013 386304 504484 691297 181608 368196 916638 332581 67403 169856 
337917 686170 662746 99671 364519 364007 437092 903170 95537 725963 ,686170 364519 364007 903170 725963 458970 607162 613661 390056 71603 
951498 951295 80261 214313 79181 80753 358684 464154 745851 544502 ,951498 951295 214313 79181 358684 544502 158182 360247 91721 86938 
941760 83154 266185 52318 202353 78732 288123 900658 235747 85514 ,941760 83154 266185 52318 202353 78732 288123 900658 235747 85514 
846559 15523 973487 732453 911099 716177 738827 883217 275029 842485 ,846559 732453 911099 716177 738827 330772 538674 960029 266304 275940 
407900 69364 190787 76988 566708 240535 457530 288735 321816 322772 ,407900 69364 190787 76988 566708 457530 288735 321816 322772 21358 
433324 434452 515692 725352 953331 518367 104923 524976 879646 736149 ,434452 515692 953331 518367 104923 524976 502269 929584 271303 884308 
651431 449504 882197 659914 812064 449329 899551 656795 646294 50129 ,882197 659914 812064 449329 899551 656795 646294 50129 651565 989913 
360509 748002 919982 318602 45533 621746 800767 680259 375336 676165 ,748002 919982 318602 45533 621746 800767 375336 508945 987980 356139 
663562 811407 787137 395786 671260 705518 451186 632706 3528 264591 ,663562 395786 451186 3528 264591 100737 99795 77368 944389 295731 
325514 752407 649450 655412 21322 529315 656430 585531 256618 714131 ,325514 649450 655412 529315 656430 585531 714131 621780 583953 360400 
672576 997064 404596 992984 672146 404754 404601 716588 672151 974598 ,672576 997064 404596 992984 672146 404754 404601 672151 974598 973317 
841936 960900 197476 276292 14287 14894 62058 271314 519347 93193 ,960900 14287 14894 519347 93193 889635 950750 982619 940677 125774 
75978 203721 31747 486792 597836 861982 868821 913992 204893 193232 ,75978 868821 913992 204893 193232 834758 869151 165055 100775 693531 
699807 699683 192279 613366 136200 243835 65302 348450 344729 49099 ,699807 699683 613366 243835 65302 348450 317024 356292 968045 928791 
443968 444644 255499 929594 776199 444617 389076 445645 443867 443916 ,443968 444644 255499 929594 776199 444617 389076 443916 655792 757523 
717648 927676 69634 424614 627884 880500 454984 296816 184877 802925 ,717648 927676 69634 424614 627884 880500 454984 296816 802925 474557 
274307 75788 334643 941024 599003 847721 223717 887616 699017 705643 ,75788 751805 840354 590182 63826 77499 285719 350026 236669 972207 
911938 373303 894237 781570 735869 885589 754220 900932 218510 424026 ,911938 373303 735869 754220 900932 424026 211715 554481 907801 472753 
137542 270762 300839 318651 206730 271008 532887 334939 813484 755803 ,137542 270762 300839 318651 813484 270906 206628 604484 980327 810610 
141379 965330 978920 303064 709497 281644 158982 254684 711464 963797 ,141379 978920 303064 709497 711464 963797 826936 548182 584070 362342 
16792 493965 16534 525530 363522 730558 261443 515788 500109 604877 ,604877 400625 46908 544114 706609 293489 231027 567753 929618 187755 
513924 996758 447556 207666 448163 890958 560546 769993 37826 39036 ,996758 447556 37826 947127 890329 907972 996745 835226 834336 224246 
307950 45982 919675 219478 689977 883183 639844 724775 918336 188866 ,307950 45982 919675 689977 883183 639844 918336 188866 855739 957146 
321920 997594 197486 389869 458348 684501 100660 382362 98235 200515 ,997594 197486 389869 458348 684501 98235 200515 785060 943710 222362 
345586 989644 958801 668635 685429 115757 788981 581283 392554 848923 ,345586 989644 958801 668635 685429 115757 788981 581283 848923 896300 
757607 594821 957495 821888 242442 955961 529597 376314 374097 609944 ,757607 594821 957495 242442 955961 376314 374097 609944 348584 849529 
6353 309934 512442 522076 608370 328945 426864 497881 637814 214370 ,6353 309934 512442 522076 608370 426864 214370 151537 723499 199486 
231886 975774 244682 146006 345847 147157 723828 163416 372433 164781 ,231886 244682 146006 147157 163416 372433 164781 624694 340940 784849 
505782 276346 276625 513848 132439 683242 158806 277621 74803 255034 ,505782 276346 276625 513848 132439 683242 277621 3528 282892 533203 
519640 95571 724147 542933 531548 64078 669260 305023 59141 499480 ,519640 542933 669260 305023 59141 238930 792097 523634 734918 101285 
108532 179709 70888 189056 433826 69345 401004 203769 33333 748161 ,108532 179709 70888 189056 433826 69345 401004 701211 34173 176056 
268259 62654 76956 158823 341415 711447 462180 832814 61646 802231 ,76956 711447 61646 816825 31037 34865 18956 255123 189376 174904 
780178 780332 662641 820680 958070 189736 517202 732363 601687 517047 ,780178 662641 820680 958070 189736 517202 732363 601687 517047 780420 
300445 873210 971602 500651 650832 805333 635721 770225 668194 479808 ,873210 971602 650832 805333 770225 479808 958191 501592 207415 189643 
43137 314447 340290 687111 345646 317018 918605 331958 176773 691601 ,43137 314447 340290 687111 345646 317018 918605 176773 691601 519327 
986446 193240 454860 408279 141932 587822 523771 942496 977275 107640 ,454860 408279 141932 587822 523771 492017 305542 730930 337603 86887 
24199 656977 37983 862455 228998 866102 855734 56708 899568 415705 ,24199 656977 37983 228998 866102 56708 191487 942024 862309 738146 
392805 975700 502430 70824 314311 262514 730311 926846 115986 730177 ,392805 502430 70824 314311 262514 926846 115986 148955 547886 502544 
130746 142828 518772 690662 182562 306940 763858 523615 923604 498760 ,130746 142828 518772 690662 182562 306940 763858 523615 923604 498760 
594280 465625 18850 660490 766368 897064 416613 273814 396247 955150 ,594280 18850 660490 416613 522830 900731 909815 235163 579631 738775 
922513 249004 277514 808169 473662 131158 989366 378734 311865 410353 ,922513 249004 277514 473662 989366 311865 373297 895440 343165 7484 
169298 1791 415655 58892 419634 815063 783502 46684 536709 819189 ,169298 1791 415655 815063 783502 46684 819189 724810 70863 284905 
188793 888498 405699 868474 101460 608419 416812 905019 420527 670956 ,188793 888498 405699 868474 416812 420527 275062 876511 731494 680246 
166295 61760 501743 636332 465017 719210 452445 525345 401458 394708 ,61760 452445 525345 401458 394708 903491 441852 681956 224005 442046 
919745 878498 178914 104397 432261 663656 73806 703863 71076 246386 ,919745 104397 432261 663656 73806 71076 246386 105736 177657 879919 
984990 978636 145334 701009 712975 584351 105622 682853 657509 983877 ,984990 978636 145334 105622 682853 657509 983877 119003 584862 586855 
972442 429987 532791 5437 942589 922384 309097 526210 810804 777648 ,972442 532791 5437 942589 922384 309097 526210 810804 525522 300682 
78325 366270 739382 200803 575584 711543 177010 722736 342551 316872 ,78325 366270 739382 200803 575584 711543 722736 773180 795310 682348 
352215 205671 678764 691155 859347 219342 723928 105301 890133 69445 ,352215 205671 678764 691155 219342 890133 69445 285272 322999 439326 
45622 53436 754569 57689 707773 235062 160171 51520 8117 570782 ,53436 754569 57689 235062 160171 51520 8117 570782 434347 590848 
85180 91846 589442 842969 682981 919321 966361 109265 282784 60911 ,85180 91846 589442 842969 682981 919321 109265 275025 619472 9537 
788077 715202 905131 780337 780386 720800 443654 539516 81561 791113 ,788077 715202 905131 780386 720800 443654 81561 791113 714213 214848 
341118 388106 650633 816276 32220 767606 647380 854022 93778 603191 ,341118 650633 816276 32220 854022 603191 93778 755758 730386 131104 
152111 692845 187246 230607 738668 602465 739965 500442 526161 548172 ,692845 187246 738668 739965 500442 526161 548172 560058 794220 227372 
23960 60516 973122 102693 672409 826810 381181 914550 762266 859312 ,23960 60516 973122 672409 381181 73029 342973 872279 923300 683205 
19523 192804 271620 535545 596347 678735 420914 150200 256936 808352 ,271620 192804 535545 596347 420914 150200 256936 230483 685184 861327 
827861 828914 537376 827285 657045 657190 890256 46143 374180 903229 ,537376 827285 657045 657190 890256 46143 374180 903229 667327 827632 
92660 34709 526503 574139 576801 733819 151949 749321 572485 26964 ,92660 526503 576801 224212 154224 225709 119988 71324 186837 35509 
484043 299191 656941 227119 871583 500695 223773 281562 596891 379596 ,299191 227119 871583 500695 223773 281562 379596 915434 665593 232860 
198608 813037 709124 528895 719816 168397 321707 872204 769039 83202 ,198608 813037 709124 719816 168397 321707 872204 105318 156293 688600 
749838 205532 855586 140957 781398 635802 405109 969599 431779 639473 ,749838 205532 855586 140957 781398 635802 431779 374842 619121 840203 
224189 330154 679860 599017 170132 822461 69616 404055 777841 751761 ,224189 679860 822461 69616 404055 487485 684064 223764 585491 578969 
934228 933798 756524 365759 722217 596633 719880 77013 77495 632501 ,934228 933798 756524 722217 596633 719880 77013 77495 632501 577316 
845644 820027 962981 483354 847159 553866 839083 59591 863716 803830 ,845644 839083 853074 15335 435972 705497 543456 931880 256439 160135 
540700 799270 953034 8549 810018 262070 548989 523243 227619 689874 ,540700 262467 61119 911200 309574 754752 551642 926232 511601 163419 
83071 82842 339272 926926 220123 337719 208307 497451 936813 850201 ,83071 82842 926926 220123 337719 208307 497451 850201 89351 953683 
370891 20252 272963 364815 364601 170724 508682 617247 231146 361817 ,370891 20252 272963 364601 170724 508682 617247 231146 361817 369457 
532567 765562 946456 422015 543040 347686 819739 261337 850532 542754 ,532567 765562 946456 422015 347686 819739 261337 850532 542754 614373 
721800 665591 144999 810187 695796 197924 276740 602081 360681 546242 ,665591 810187 276740 360681 1944 985167 134132 910552 483734 912537 
62663 540710 300440 986776 137524 414223 485925 62934 354897 484182 ,62663 540710 986776 137524 414223 485925 62934 354897 410739 977911 
78001 863520 76737 313913 910788 286819 344215 44221 570775 57312 ,78001 76737 313913 910788 286819 344215 44221 570775 57312 670703 
812556 523597 700381 185905 623399 935421 420335 625896 468678 413611 ,812556 523597 700381 623399 935421 420335 625896 468678 734407 201282 
231769 212782 222357 900117 616585 280936 722587 35926 251335 613393 ,231769 212782 222357 900117 722587 35926 251335 230259 334826 912936 
754386 635740 502383 494400 920223 429278 686206 368956 545680 294758 ,754386 635740 502383 494400 686206 368956 545680 465526 75594 87117 
134836 719538 429910 721004 816586 523588 404274 693521 693421 683730 ,721004 404274 683730 802338 239609 705231 13503 625932 697962 108467 
489220 432733 863957 413670 695619 490065 603802 618395 889717 629097 ,489220 413670 889717 454270 128868 959688 4818 154999 141217 776083 
225842 869585 806908 624112 514784 127516 776248 215902 234740 537058 ,225842 869585 624112 514784 127516 776248 215902 234740 537058 268897 
675944 877032 348283 924373 566191 543017 989984 58974 293292 989791 ,877032 348283 924373 566191 543017 989984 293292 989791 813064 83695 
737987 895214 941648 93394 676556 696763 297519 399140 225655 12234 ,696763 225655 12234 9709 289437 556361 743930 298357 593997 406764 
438932 170584 384488 65382 526026 160288 841862 630725 159483 381917 ,438932 170584 65382 526026 841862 630725 159483 943890 935096 86698 
536166 82423 305098 803974 363643 396859 819604 964799 686099 469694 ,536166 82423 363643 396859 819604 964799 686099 469694 529140 547051 
169739 675726 677694 893606 456779 796172 758840 305763 760054 628723 ,169739 675726 893606 456779 796172 758840 305763 628723 187226 14051 
390404 364369 224188 94646 867765 684893 245048 867806 987336 883108 ,390404 364369 684893 867806 883108 266474 255788 519174 519198 511050 
176951 334737 359318 120067 990679 432478 132026 844713 691631 129546 ,334737 359318 990679 432478 132026 844713 930099 575722 320837 807247 
281790 81858 122680 895465 81780 465566 458567 826061 232148 860019 ,281790 122680 81780 465566 458567 232148 860019 684124 82942 82930 
105883 86182 417949 924497 180178 279414 439103 431696 272193 105044 ,105883 86182 180178 279414 431696 272193 105044 704013 599542 548651 
658207 585237 367087 139557 108532 931839 854268 946188 871662 335296 ,585237 367087 139557 108532 931839 854268 946188 335296 261469 612423 
422138 467278 807848 686836 558468 537798 62393 907771 686298 706817 ,422138 807848 907771 686298 546338 905286 770164 847913 654592 615401 
10418 883683 10319 557000 448899 571284 465901 973755 355213 709338 ,448899 571284 355213 709338 930932 699847 700104 685308 829999 279908 
722979 826072 170350 222781 518960 830589 781656 3518 169104 437205 ,826072 830589 169104 437205 670663 427494 825767 419339 200535 842665 
477087 45451 755084 45599 51184 578654 702468 206680 778541 901375 ,477087 45451 755084 45599 51184 578654 702468 206680 778541 901375 
375176 375277 190909 555104 837676 684664 666842 537358 627953 627965 ,375176 375277 190909 555104 666842 627953 445459 979720 373765 443139 
369457 256781 98050 532718 401466 336967 242076 569360 62361 19104 ,256781 98050 401466 336967 62361 19104 179421 369070 17705 305298 
421951 86285 558332 898171 924899 975512 243996 592315 653912 518023 ,86285 558332 898171 924899 243996 592315 518023 372750 584632 535381 
141906 917289 916614 108431 775799 959298 694359 840087 869856 154635 ,141906 917289 916614 108431 694359 869856 3005 735503 856525 195417 
95521 188101 717573 385181 695303 417430 98210 34251 176834 13621 ,95521 188101 385181 417430 98210 34251 176834 13621 580890 417610 
554552 794409 638647 121476 885314 825425 888198 677565 608491 217672 ,794409 638647 885314 825425 888198 677565 608491 574740 792623 223150 
924052 110547 72249 83361 488724 691649 502421 470322 504571 256640 ,924052 110547 83361 502421 470322 504571 256640 986967 470369 16646 
611453 613032 710807 823650 790456 801616 961098 676353 906710 192053 ,611453 613032 710807 823650 801616 961098 676353 906710 192053 950047 
867729 850924 866106 996935 851888 995111 853635 851242 191116 848818 ,867729 850924 866106 851888 995111 853635 851242 191116 848818 854794 
579754 808457 669134 122040 462917 228136 525225 567787 457466 962393 ,579754 669134 462917 228136 525225 567787 962393 95135 136505 158957 
254675 269617 244358 286093 237407 972220 75544 520275 591852 391298 ,254675 269617 237407 972220 75544 520275 591852 752411 929621 74533 
75375 972263 384195 251226 25770 724246 840374 316976 948172 510184 ,75375 384195 25770 840374 948172 510184 966668 938132 855066 281944 
388902 170200 926780 557018 228455 39828 639616 53326 52263 221258 ,388902 170200 926780 228455 39828 639616 53326 221258 741013 907415 
572511 218403 589247 792719 655098 655525 216352 673516 192204 38836 ,572511 218403 589247 792719 655098 655525 673516 192204 38836 839337 
162323 922230 317268 625915 740051 968332 865523 739664 167796 892018 ,162323 922230 317268 739664 167796 892018 411421 575402 398353 675279 
481382 485240 18668 329127 610508 253042 575406 611847 856830 252390 ,481382 18668 329127 610508 575406 611847 856830 252390 714986 695146 
159007 182537 172080 952715 15826 950776 924572 840301 456804 597510 ,159007 172080 924572 840301 597510 908721 809788 263747 612781 974307 
610024 256058 233211 584223 979315 410201 609765 527477 609848 323583 ,256058 584223 410201 609765 125953 980883 502542 517212 305237 502443 
293789 461284 445126 502485 354978 297433 127841 665759 369871 344450 ,461284 502485 354978 297433 127841 665759 369871 344450 653247 104788 
809652 469716 430702 786806 338256 748929 242867 789139 620866 842322 ,809652 786806 242867 842322 960725 420226 46039 450534 685198 453489 
549762 591531 271240 737974 192427 245433 556843 786119 165469 761932 ,591531 737974 245433 761932 280058 452877 504154 791088 903600 503403 
837039 836620 425066 263603 852515 585591 790135 202094 173726 334737 ,852515 202094 597937 170849 976344 384331 380222 275519 359051 727548 
920704 765302 604232 641779 854789 444242 825750 225513 986525 825877 ,920704 765302 604232 641779 444242 825750 225513 986525 825877 893009 
962011 789428 647609 595958 258327 247284 970416 316910 712730 113882 ,962011 789428 258327 247284 316910 712730 113882 817198 795946 625943 
558464 311707 543133 807599 569963 441138 376741 39873 479784 695955 ,558464 311707 543133 569963 441138 479784 8859 683758 538200 476618 
169815 96848 378546 725877 389700 533606 96219 523308 306950 663900 ,96848 378546 725877 389700 533606 96219 523308 663900 744302 639752 
937105 959281 585115 380825 289746 811726 881955 898171 655935 642698 ,959281 585115 380825 811726 642698 509920 418697 896767 887073 902144 
397783 106266 516991 432115 60445 106213 772021 529092 94047 90411 ,106266 432115 60445 106213 772021 529092 90411 806286 351543 275539 
689947 656635 401804 778799 781011 781951 785567 965346 772570 715745 ,689947 656635 401804 781011 781951 785567 965346 715745 778978 669835 
805791 58462 916378 679870 380294 598447 51366 692000 14692 231319 ,805791 58462 916378 679870 380294 598447 14692 231319 595656 805084 
477660 475704 476604 57652 814290 974770 558714 797920 473164 387338 ,477660 476604 814290 974770 558714 797920 473164 533346 415568 814263 
993694 658262 473922 754206 754217 439508 533349 12018 593972 237628 ,993694 658262 754206 439508 533349 593972 237628 519796 969103 122036 
970793 113768 572272 957695 845669 929895 958954 716978 594530 802733 ,572272 957695 845669 929895 958954 716978 594530 802733 166599 757260 
9103 322296 486844 663912 279761 82835 151511 337175 350405 281263 ,9103 663912 350405 95977 321549 82615 151217 188823 82297 516824 
993500 61351 745235 993556 140097 985815 951538 170852 470743 102352 ,61351 745235 993556 140097 985815 951538 470743 162054 654958 64575 
976406 976476 667047 638242 994715 791740 560084 964988 654644 736336 ,976406 976476 667047 638242 994715 791740 964988 654644 736336 936863 
432170 555115 618076 837462 533658 538860 246525 344415 82315 78374 ,555115 618076 533658 246525 344415 82315 482525 283846 86542 334457 
853570 186755 638235 898759 329713 632821 632389 213890 811612 222741 ,853570 186755 638235 329713 632821 632389 811612 838635 638647 634997 
776286 14311 396530 663456 79275 14408 206586 204268 549273 706131 ,396530 79275 14408 549273 706131 152301 203984 522038 627668 947803 
788066 586226 861923 261007 240236 602615 787980 664799 583192 57464 ,788066 586226 861923 261007 602615 787980 664799 583192 57464 318136 
349006 628102 877056 203994 327863 12336 314029 68164 872461 920921 ,349006 877056 203994 12336 314029 872461 920921 763082 989442 483537 
753961 654297 523309 947407 214299 670089 929897 201099 877195 521280 ,753961 654297 523309 947407 214299 201099 521280 250884 474107 857133 
88371 681600 606624 86243 652166 156118 576583 309308 59628 585297 ,88371 681600 606624 86243 652166 156118 59628 585297 926386 315567 
981093 950594 283523 237906 718065 908656 228273 476374 61328 359429 ,981093 283523 237906 908656 228273 476374 61328 359429 847705 328143 
262697 182180 177680 666950 667160 675128 309364 852855 650844 904416 ,182180 177680 667160 650844 853119 344697 800190 462095 910194 84858 
123985 832999 855554 546767 885741 81001 768705 994263 889896 801041 ,123985 885741 81001 768705 994263 889896 852240 889094 502128 190642 
988700 685082 741846 73428 315188 397925 519506 789259 17192 875078 ,988700 685082 741846 789259 636595 749199 22043 692387 246314 976947 
953730 255508 2465 233973 512574 492335 729750 50474 787436 819532 ,2465 233973 512574 492335 729750 603768 508402 769443 419781 98371 
600465 244753 119293 796430 997539 284421 947076 133613 346919 940651 ,947076 940651 630711 361935 275774 114546 313214 286126 566160 601738 
497193 392697 393143 569445 502169 841283 113490 483162 460248 560138 ,497193 502169 841283 113490 389122 383869 350975 471895 772215 325865 
389070 573884 686561 787553 840636 487912 513766 366022 220176 288303 ,389070 573884 686561 366022 220176 502488 979311 220939 868635 533291 
395136 671099 307550 724924 972635 518229 20215 977692 465569 929067 ,518229 465569 3423 718377 251513 932521 122933 723953 660186 179623 
128691 920986 973616 88606 440455 923420 451900 902318 249787 680653 ,973616 88606 440455 923420 249787 926004 563900 126533 21039 135661 
338482 43898 610843 462050 571478 572353 262403 233396 61501 61770 ,338482 43898 610843 462050 571478 572353 262403 233396 61501 61770 
85696 302113 247600 887185 150233 322732 248689 377893 247210 580279 ,85696 302113 247600 150233 322732 248689 399021 21735 304978 594530 
640484 211182 880309 679687 837345 812893 640082 824403 640730 824246 ,640484 211182 679687 837345 812893 824403 640730 449536 965401 619072 
687545 414360 328439 204406 484182 592236 556273 288240 475481 512514 ,414360 328439 204406 592236 556273 288240 252209 492335 473387 600446 
323739 322875 554772 253337 132161 338332 911282 237335 222018 502531 ,322875 554772 253337 132161 338332 237335 608024 132297 656025 299115 
603823 932949 223225 472200 709621 581574 646840 148649 812437 473885 ,603823 932949 223225 581574 646840 148649 812437 473885 720604 383248 
353497 339206 340263 556568 354439 818920 84273 920882 78253 81841 ,749122 502835 16206 909130 182413 952826 501085 380679 60226 909455 
423946 992902 611010 992161 526517 694093 32475 370006 135948 214627 ,423946 992902 992161 526517 694093 370006 135948 214627 237960 699619 
746536 822920 528803 964822 214987 709950 551806 271080 490172 869207 ,746536 822920 528803 964822 214987 709950 551806 271080 490172 869207 
686314 985762 477019 50915 615731 824284 5655 155568 5844 534461 ,686314 985762 477019 615731 824284 5655 155568 534461 56504 389416 
827142 910020 867722 899479 865218 876463 272330 856682 632682 730429 ,865218 272330 730429 178031 601738 523904 940997 201301 22186 493678 
515290 522677 17841 489165 514632 278133 277325 687966 77372 628573 ,515290 522677 17841 489165 278133 277325 687966 77372 628716 541516 
689994 600619 273754 958811 898712 694143 842182 880564 760840 226522 ,600619 273754 898712 842182 760840 226522 835554 843989 689835 572433 
282345 333408 381523 860732 36366 273465 495068 557834 276966 688589 ,282345 333408 381523 860732 36366 273465 495068 557834 276966 688589 
272697 127158 571555 184654 418363 826090 479124 36132 980370 353177 ,272697 127158 571555 184654 826090 479124 36132 980370 353177 678682 
435776 797490 957098 989181 183429 196445 921746 40835 239921 63059 ,435776 989181 183429 239921 226593 573314 204482 840548 981655 350212 
336537 733699 241812 737286 994422 922381 892480 990407 881240 669377 ,336537 733699 241812 994422 922381 892480 990407 881240 669377 571139 
85469 85944 86463 456594 930256 804157 793923 411055 409684 544814 ,85469 86463 409684 575182 184430 561939 75815 771017 896821 891709 
281725 122963 151235 123627 51282 528401 662622 293311 291891 292956 ,281725 122963 123627 51282 293311 291891 87692 566275 83911 40560 
893833 563028 907393 21773 425883 666179 777058 99453 474602 286353 ,893833 563028 907393 425883 666179 777058 99453 286353 36105 721021 
621340 191142 764899 216735 640230 643266 837348 640855 845578 640910 ,191142 216735 640230 643266 640855 640910 640618 639902 640889 640000 
285891 916117 638841 195299 106201 476769 491001 273735 519123 429305 ,916117 638841 195299 476769 273735 58647 709450 258939 456204 514978 
602393 370391 892419 565311 508954 585208 514486 477486 871278 900806 ,602393 370391 565311 508954 585208 477486 871278 900806 516737 602678 
785983 618998 557894 629393 91764 939753 327191 974366 127302 480646 ,785983 618998 629393 91764 939753 327191 127302 140802 678831 33448 
647305 782094 713761 656550 650655 649262 650404 713723 681214 218163 ,650404 218163 793227 759238 647221 716628 23819 647534 102204 642898 
145732 148210 52882 899144 695128 531115 226678 194002 923095 851605 ,145732 148210 52882 695128 194002 851605 1301 866779 769866 565602 
511951 869035 288259 289970 385416 973544 515262 749674 665363 568242 ,511951 288259 515262 568242 611448 513514 930332 111111 250735 497 
465344 534007 525335 585719 941990 165974 525604 711383 967004 791075 ,465344 525335 525604 967004 483548 164451 37420 154723 259182 519290 
166771 862329 978970 622281 561525 191110 715678 578311 132576 506314 ,166771 862329 978970 622281 561525 191110 715678 578311 132576 506314 
364344 177770 516589 939320 972038 369417 270078 994506 994760 548093 ,364344 177770 516589 939320 369417 994760 548093 178899 780546 220063 
732573 458418 921975 458756 687701 899686 215022 284726 809877 283572 ,732573 458418 921975 458756 687701 215022 284726 809877 283572 458901 
581325 108434 888231 170729 785837 316406 134385 721459 805389 31860 ,581325 888231 785837 316406 134385 647891 8275 116484 172059 663417 
851755 857861 890282 946977 646624 846625 191485 940606 541662 854249 ,946977 846625 191485 940606 541662 854249 627811 947023 541483 851599 
859440 815147 69446 853083 852221 815193 855689 525704 196202 832776 ,815147 853083 525704 196202 832776 509128 141194 699696 850514 831793 
915117 993195 352006 824303 15100 900876 659629 448874 924332 563724 ,915117 352006 824303 900876 659629 448874 924332 563724 226466 854878 
970523 792451 403340 403024 639628 218333 841597 917376 975669 287754 ,970523 792451 403340 403024 639628 218333 841597 975669 287754 609559 
190918 446586 886598 113421 667082 768460 763344 904002 24884 768139 ,190918 446586 886598 113421 667082 768460 904002 24884 768139 448033 
341633 735670 880428 995654 868247 236964 697657 95309 377472 371990 ,697657 95309 371990 301180 566688 197574 276390 87670 938683 291665 
568107 654046 994199 768017 207063 568026 994352 567953 447722 913050 ,994199 768017 207063 568026 447510 755930 768031 552310 654547 478176 
107229 45299 637427 125635 71900 560580 904108 755084 296945 578669 ,107229 45299 125635 71900 560580 904108 755084 296945 578669 659726 
819838 694219 470632 177070 719739 780580 443073 208836 815065 536592 ,694219 470632 719739 780580 443073 208836 815065 823942 616944 321873 
835913 818198 198210 277026 21685 198556 431561 448683 888151 149755 ,818198 198210 277026 21685 198556 431561 448683 869841 693458 267484 
113186 673222 322898 641219 826687 541466 612155 469981 552876 26821 ,113186 673222 322898 826687 541466 612155 469981 409671 6019 871664 
361806 938293 505368 920376 415104 625138 232794 669544 61383 749368 ,361806 505368 920376 625138 232794 61383 749368 540786 321418 518309 
82257 984260 106949 286902 105704 301145 978639 975438 150300 680362 ,984260 105704 811822 284910 909747 630797 569083 599649 598307 465916 
70942 59819 60272 987269 458758 528804 501085 702209 93617 933936 ,70942 59819 60272 987269 458758 528804 501085 702209 93617 933936 
620077 766995 972480 671643 639726 896645 697038 892327 746874 631383 ,620077 766995 972480 639726 892327 746874 619863 726456 642488 9745 
640120 640503 930113 929962 640250 641225 921603 642931 877057 642730 ,640120 640503 930113 929962 640250 641225 921603 642931 642730 219836 
639830 447367 639995 640495 667044 446247 41292 446176 604296 446245 ,639830 639995 640495 667044 446247 41292 446176 446245 717362 443211 
48539 941255 724511 558363 82783 546586 254426 910750 947420 722229 ,48539 558363 82783 910750 947420 722229 309804 354128 683770 69939 
265000 465064 13710 435347 109619 236719 4590 87209 600663 305944 ,530256 256082 322135 30521 827394 339347 516606 466140 544675 386701 
546477 413981 601852 527737 476752 545318 911401 499548 883298 721119 ,413981 527737 476752 545318 721119 88139 377420 53310 562112 696746 
336916 292753 293170 4914 630844 605816 158193 292068 363603 242155 ,336916 292753 4914 605816 158193 242155 509935 130451 278770 321839 
423360 791406 656043 855728 900986 378604 57710 910482 644942 698895 ,791406 855728 57710 55463 855440 768149 801497 838961 965754 558470 
430597 323612 407077 407229 61857 397071 512498 147948 974881 114337 ,323612 397071 147948 521497 508259 486671 48533 177559 175473 774612 
513514 858680 802947 835539 258638 801025 303845 702179 586520 975326 ,513514 802947 835539 258638 801025 303845 702179 586520 13833 272213 
996296 207092 62028 557713 920360 703084 488451 871593 704289 393928 ,996296 207092 557713 920360 703084 488451 704289 58034 919230 207038 
286502 299552 86488 624554 597993 89440 371835 575551 974636 403519 ,286502 299552 624554 371835 974636 184949 117186 131796 172448 245368 
522531 522318 915497 192006 335693 68628 244363 280082 799745 134349 ,522531 522318 335693 280082 799745 257068 813789 440623 799321 81463 
966075 363974 59475 637421 483297 77568 336697 287301 955255 422755 ,59475 637421 336697 287301 955255 422755 524937 497387 296575 304989 
904274 470409 522932 590885 330059 726196 516793 59052 433298 861098 ,904274 470409 522932 590885 330059 726196 59052 433298 861098 143437 
576308 401326 717977 320553 659360 942573 532692 936075 449449 150045 ,576308 659360 942573 532692 936075 449449 150045 234235 20936 663411 
79357 67945 778104 741787 10935 691402 309963 392841 170711 144143 ,778104 691402 309963 170711 168458 390654 462344 169355 349180 127800 
81463 772519 958137 958732 382053 522531 790998 766678 377742 969027 ,772519 958732 382053 522531 790998 377742 969027 969527 812123 21039 
195784 863056 274951 861704 255757 480467 838259 297725 837934 534294 ,274951 861704 255757 480467 297725 837934 434222 59766 231778 562413 
15344 195049 123671 395889 1151 573147 17002 763007 264321 99804 ,15344 195049 123671 17002 264321 195783 274599 929695 469965 873349 
251228 362565 43689 203687 100204 150413 654725 14452 505356 67109 ,100204 150413 654725 67109 803328 218772 18313 630040 324732 862429 
765849 826805 603017 512522 117177 917596 835552 672558 887156 894417 ,765849 826805 603017 512522 917596 835552 672558 388114 566906 6315 
192533 527953 530886 941849 519848 513918 616944 662212 131822 473409 ,192533 530886 941849 513918 616944 745753 485222 519370 603511 201472 
502415 175770 244972 419493 419469 398763 94830 21963 780524 419434 ,175770 244972 419493 419469 398763 21963 780524 713603 70674 370590 
518309 395422 236520 486097 253046 931350 111878 540873 483646 805573 ,518309 395422 236520 111878 540873 805573 120917 698324 929651 242737 
560985 270920 608759 312993 618770 504955 187895 610816 298105 703010 ,608759 312993 618770 504955 187895 298105 516770 391811 271024 529701 
343872 741747 474611 771161 9247 493168 802562 743681 493522 60116 ,474611 9247 493168 743681 493522 60116 845495 745418 996958 282751 
445768 447383 445912 445878 446220 446143 447437 655895 447199 446194 ,445768 447383 445878 446220 446143 447437 655895 447199 446194 446324 
373700 124891 406438 389808 739139 80191 607994 94820 8720 780164 ,124891 406438 389808 739139 80191 94820 904553 79526 31090 637450 
607352 471143 911403 44956 43974 35488 845935 958751 891582 94735 ,607352 471143 911403 43974 845935 958751 891582 94735 588334 541262 
297183 750968 248153 902732 578429 827250 328026 158271 841197 341158 ,297183 248153 902732 578429 827250 328026 158271 314125 3716 711632 
638755 114233 374675 905902 241954 235292 164755 172845 198718 921466 ,374675 905902 241954 164755 198718 921466 693310 116319 992810 537060 
658053 667338 656832 824226 443211 656871 656716 906612 447367 906062 ,658053 667338 656832 443211 656871 656716 906612 906062 446176 443078 
820198 605259 450178 720308 733510 733832 959623 472637 247276 75465 ,720308 279644 584466 146689 563342 132714 962123 335386 674030 432958 
190871 190993 613908 190776 832459 567045 191020 832490 673309 612545 ,190871 190993 613908 190776 832459 567045 191020 832490 673309 612545 
938357 182603 206301 555038 555115 996296 598933 899745 741461 869196 ,938357 182603 555115 598933 741461 869196 868933 835160 560571 26154 
401371 514428 583872 514875 459569 619019 691297 429156 449427 82801 ,401371 514428 514875 429156 390569 464869 364492 505371 435334 632996 
903035 4949 5621 329034 398746 910961 531854 22095 591391 274183 ,903035 4949 5621 329034 398746 910961 531854 22095 274183 595209 
874100 864584 874882 497977 202465 101312 440131 265055 193818 272634 ,874100 864584 874882 497977 101312 440131 265055 272634 193818 691192 
524083 140357 151054 751147 569560 504151 200533 858040 654004 855942 ,751147 504151 858040 654004 855942 708806 544093 980046 973134 974348 
483235 529780 505661 515004 931169 515234 843213 517513 833247 573903 ,483235 505661 931169 843213 833247 573903 180829 221159 842580 597165 
2589 585828 598108 2934 246014 506845 345639 18402 518554 690476 ,585828 598108 246014 345639 18402 518554 844004 614740 594645 183051 
622256 200346 264624 751167 312825 338562 624499 461548 195780 274596 ,622256 264624 200346 751167 338562 624499 461548 195780 331116 623481 
853580 122866 492632 273077 518554 688242 877440 918852 625167 751147 ,853580 122866 273077 518554 918852 625167 751147 123542 982805 128454 
948257 196168 451872 942564 434176 416869 403495 69009 933885 898968 ,948257 451872 416869 403495 69009 933885 898968 963849 317964 203525 
91648 88622 951216 454601 82413 486518 88136 171878 690835 305862 ,91648 88622 951216 88136 171878 950311 698861 141001 201839 175678 
431197 725517 94843 311654 736486 139380 430282 5327 174690 636524 ,430282 5327 61734 441548 750775 205170 90443 351806 255188 640373 
189076 189612 189373 188935 510980 368728 445384 46816 237709 510976 ,189373 188935 510980 445384 46816 237709 510976 341044 513054 40570 
990239 292974 59276 261531 307801 678208 251491 80093 809292 295977 ,990239 292974 59276 261531 307801 678208 251491 80093 809292 279336 
498414 589766 498272 194639 618770 865953 440803 879544 562277 930409 ,589766 194639 618770 562277 930409 200070 866780 522410 263870 624525 
831999 926100 960568 144988 834487 855898 257725 116177 674131 757511 ,831999 926100 144988 855898 257725 116177 674131 757511 612032 991187 
307370 435212 889029 121887 484787 907393 500310 147310 985612 68108 ,307370 889029 147310 985612 485665 689175 276500 49483 390983 513797 
941479 431826 325928 259407 727588 81692 313847 954663 86243 341192 ,941479 325928 259407 86243 483321 941623 874054 373153 681342 185779 
570605 650211 718335 538139 557034 563053 157707 693663 612983 774523 ,650211 718335 538139 563053 157707 612983 774523 954516 146965 759080 
54272 668300 541541 558055 996848 52107 668867 773467 39368 188453 ,54272 668300 541541 558055 996848 52107 448297 38353 39236 42233 
504786 754008 922473 93026 920207 249372 258807 997101 753494 230217 ,504786 754008 922473 93026 920207 249372 258807 997101 753494 230217 
60638 411954 477364 851878 899907 59465 855136 413940 45552 847260 ,60638 411954 477364 851878 899907 59465 855136 413940 45552 847260 
245483 623350 462394 244357 970550 50085 225551 970407 980184 253077 ,245483 623350 462394 970550 50085 225551 970407 980184 253077 307241 
713763 422605 290437 838442 837964 222193 988199 508847 23577 202296 ,713763 422605 290437 837964 222193 508847 202296 453005 429710 956236 
895954 957528 595343 260415 260639 606607 471963 896461 208156 558433 ,895954 957528 595343 260415 606607 471963 558433 641644 484043 594341 
660458 230646 105024 200124 560912 525185 884595 364239 330991 432879 ,230646 105024 560912 525185 330991 63400 780016 718698 430593 639709 
29576 910810 244844 502456 168629 754829 20032 458536 264814 427284 ,29576 910810 502456 168629 754829 20032 458536 264814 427284 924153 
551031 999143 992856 393904 868344 810973 523899 788258 393065 817796 ,551031 999143 992856 393904 868344 810973 523899 788258 989787 870167 
293667 293203 178035 370152 495940 368992 764471 497692 473328 180872 ,293667 293203 178035 495940 497692 473328 826881 742451 19062 781195 
412938 686100 413145 156003 720595 125212 940362 280451 588902 244165 ,412938 720595 125212 280451 244165 416828 572456 82737 44074 370620 
522803 659418 219507 508982 530471 732560 214578 519920 697006 455321 ,659418 530471 732560 214578 519920 697006 455321 306419 524628 797980 
689907 926772 457037 959159 208877 708778 105528 595193 689861 724272 ,689907 208877 708778 689861 151324 259715 17443 125278 239911 51819 
989766 767570 906698 673130 827571 851711 824384 983854 546677 851759 ,989766 767570 906698 673130 827571 824384 983854 546677 673651 611656 
481466 909140 142567 547633 262038 450301 683037 481775 283129 660900 ,450301 416779 499818 316262 261935 188765 572147 478535 969218 432911 
375244 540450 582439 902966 54093 314589 639773 39813 722576 902401 ,375244 540450 582439 902966 54093 314589 639773 39813 722576 902401 
603203 460331 742755 369587 97316 138433 316820 733472 831003 311253 ,742755 733472 831003 564996 549884 649287 22551 888503 746348 929553 
353406 120472 561595 26024 564996 117208 103624 212884 820065 544300 ,353406 561595 26024 564996 984426 890269 312562 572948 984932 313129 
592775 905591 274230 579102 246668 55164 762181 57224 910925 905503 ,592775 905591 274230 579102 246668 762181 57224 828131 422713 658934 
423822 37959 38011 191880 39050 39123 905343 768306 710501 541737 ,423822 37959 38011 39050 39123 905343 768306 710501 418643 38786 
581577 844718 409248 539913 724066 414396 100491 690689 117430 13835 ,581577 844718 409248 539913 724066 690689 117430 13835 883536 152906 
219352 283015 311995 358555 155129 282305 482863 529384 465542 378236 ,219352 311995 358555 155129 482863 529384 465542 378236 906835 908550 
868250 996 413363 420744 887898 631387 577037 66326 868628 256941 ,413363 420744 577037 481181 842909 919229 386862 671842 197670 917564 
302872 704154 452248 297204 736304 254734 497400 23772 147075 44511 ,704154 216141 540880 254951 226769 118286 644591 855770 397303 101106 
10527 730808 621905 662168 77697 224864 796996 596572 19448 358070 ,10527 621905 662168 77697 224864 596572 358070 843247 156627 269234 
803776 572063 935972 356770 902264 979777 938749 221196 245855 399444 ,572063 935972 356770 902264 979777 938749 221196 245855 399444 85014 
423902 477233 423894 667193 850635 289858 996633 218933 675136 829517 ,423902 477233 667193 850635 289858 996633 829517 667073 714218 637682 
323879 151794 821947 355469 365633 301425 785302 739383 305996 398763 ,151794 821947 301425 785302 305996 398763 709194 420786 327697 30702 
672116 395916 167303 269905 845393 836105 636669 598953 708409 268555 ,672116 395916 167303 269905 845393 836105 598953 268555 748842 388523 
429390 176792 364007 848601 242092 168503 780246 570320 6827 285416 ,429390 176792 364007 168503 780246 570320 6827 285416 177270 429364 
510366 538791 492829 908984 601459 313620 328560 575081 237411 705733 ,538791 492829 908984 313620 575081 237411 60510 201654 733749 910188 
892437 464501 263918 264047 896031 236866 236906 400634 864731 464131 ,464501 263918 896031 236866 864731 67597 94048 520219 364886 233489 
751528 711430 722918 621864 974714 114519 492988 399865 842084 393065 ,711430 621864 974714 114519 399865 842084 689013 516029 62127 895139 
192220 541877 864488 206932 440836 592019 479319 757008 728741 538242 ,541877 206932 440836 479319 757008 189388 204167 852108 166615 679724 
766705 260017 112730 186106 798221 352195 681381 944653 499769 886991 ,260017 112730 186106 352195 499769 7504 798311 727808 438234 941710 
961611 319285 828313 833964 371971 991389 827772 991903 626378 241686 ,961611 319285 991389 827772 991903 626378 241686 400086 34144 334299 
252029 865543 586243 286674 27614 316764 916242 159758 604715 872051 ,865543 586243 286674 27614 159758 872051 51558 388212 51556 116038 
301149 400184 458953 453347 252744 879153 854306 518956 871556 51012 ,400184 458953 453347 252744 879153 518956 851009 219813 299264 209745 
394309 394578 11828 104535 402290 297025 729724 937109 54225 449474 ,394309 394578 11828 104535 402290 297025 937109 54225 449474 489656 
958045 901724 690734 48393 676984 410464 976536 37451 970771 646684 ,901724 48393 676984 410464 976536 970771 646684 545756 904510 628950 
865598 911466 192289 937681 222276 15258 862787 906059 193560 494528 ,192289 222276 193560 494528 617835 936068 904831 125258 206156 51520 
685964 551503 585213 410497 52181 532538 207056 770962 379265 146726 ,551503 585213 410497 379265 146726 810582 216292 207036 340212 627703 
647105 648883 649284 653714 648852 443494 648819 443579 650634 640053 ,647105 648883 653714 443494 648819 443579 650634 640053 653486 647635 
738784 431754 744318 554778 112316 834741 97733 339970 376904 628611 ,738784 431754 744318 554778 112316 834741 339970 628611 850243 352539 
867318 691506 16658 85352 725268 749301 605386 490073 63630 855821 ,691506 16658 725268 749301 490073 63630 938236 726113 15156 843001 
927433 9500 162615 382238 751548 709129 748539 504035 271692 834205 ,927433 9500 382238 751548 709129 748539 504035 180711 775338 962165 
281090 575118 823331 658823 658651 216629 445050 638117 659613 659025 ,281090 823331 658823 445050 638117 659025 949036 975272 986529 25594 
183605 250869 569437 560213 237357 603460 712085 257432 700508 508884 ,183605 250869 569437 237357 603460 712085 257432 700508 586738 66673 
239939 712865 891745 208568 841774 713093 137792 573811 240247 892565 ,239939 712865 208568 713093 573811 892565 101506 828433 891729 41021 
916387 124171 842282 886795 963303 670366 127713 663331 425997 665052 ,124171 842282 886795 963303 670366 127713 663331 665052 689415 541645 
894710 893043 893396 866267 380618 766911 410544 840064 50988 763512 ,894710 893043 893396 380618 410544 840064 50988 763512 222564 619819 
553739 543411 345866 872255 330853 716258 304894 803050 287551 981543 ,543411 345866 330853 803050 287551 981543 288445 98768 332065 348520 
818752 600695 603067 818203 46538 834859 196872 716125 460019 279870 ,818752 600695 603067 818203 46538 196872 716125 460019 907061 29503 
558467 770926 649495 53440 556912 685557 982642 640220 892829 442970 ,770926 649495 53440 685557 982642 44923 470849 639929 465168 53345 
425658 597404 255820 222656 575034 258507 656851 161067 574204 425175 ,425658 255820 656851 574204 425175 877261 218665 951070 946862 986198 
499204 503119 324943 890346 190839 57536 484228 520644 84712 165564 ,499204 503119 324943 890346 190839 165564 941800 693656 489415 44270 
395551 394447 396792 709533 162681 4268 296965 210013 845151 257245 ,394447 396792 257245 204766 173942 645372 206003 394811 321028 393522 
574446 372756 920189 584860 271671 504527 113863 951825 905949 173294 ,574446 920189 271671 504527 905949 173294 329969 271588 192772 518248 
880061 832224 998198 895067 681871 241488 542634 411604 681895 562012 ,832224 542634 411604 681895 562012 670765 411703 843683 133336 660419 
83489 475656 537641 740678 121235 355727 110599 499976 422097 641288 ,83489 475656 537641 121235 355727 110599 499976 422097 641288 228321 
209916 464196 264777 510925 412923 485368 225586 220640 704474 937973 ,209916 264777 412923 485368 225586 861930 264727 570664 210334 274245 
214871 139878 603459 584355 247139 227945 141259 658903 13265 458418 ,139878 247139 227945 141259 658903 261550 745981 304282 93009 238349 
269819 100796 370195 633957 331276 655999 84904 714107 641949 778366 ,370195 633957 655999 641949 13198 987547 721215 401438 180895 359007 
619307 948202 234121 579054 869186 196416 275232 828843 390247 705067 ,619307 234121 579054 869186 275232 196416 390247 577749 412690 214773 
15495 194041 544669 174484 873503 723673 724059 404989 861298 338266 ,15495 194041 544669 723673 404989 861298 249422 682936 902465 723262 
61430 167362 406453 988925 635718 204411 268689 201419 265697 340298 ,61430 167362 406453 635718 268689 204411 201419 265697 340298 728166 
376186 752005 19143 58329 895197 806639 439373 457733 929157 376353 ,752005 58329 895197 439373 457733 929157 712413 844514 998791 886042 
612701 614620 468875 833415 468906 971231 857169 963059 647181 757143 ,612701 614620 468875 833415 468906 971231 857169 963059 647181 757143 
498147 499775 110128 875322 935015 83869 158819 354011 406899 167399 ,498147 499775 875322 354011 406899 437855 53266 88690 514372 934376 
276938 887521 99293 480765 741558 718511 108830 381036 564018 919459 ,99293 741558 718511 381036 564018 919459 70562 935780 227468 705255 
976960 977200 873425 859325 985895 104025 593004 851383 986059 886158 ,977200 985895 104025 851383 986728 985465 103754 36327 772091 824141 
772298 757306 772169 757672 785355 799539 766615 990320 824138 666683 ,772298 757306 772169 757672 785355 799539 766615 824138 755500 824075 
587854 510242 510256 94421 510239 115545 397099 488571 80802 452325 ,510242 510256 94421 510239 115545 397099 488571 628498 292133 458006 
685838 533707 81804 107367 851462 713961 812538 840900 504449 3034 ,81804 713961 840900 3034 458244 903175 868816 743344 172212 285170 
844702 867717 554912 620450 40989 937226 532295 412910 389580 250709 ,40989 412910 389580 250709 656995 484963 986309 973209 889786 748294 
631152 2911 68524 94491 343587 251257 60212 734818 903046 780687 ,631152 2911 94491 734818 903046 780687 452412 326233 894070 684073 
204373 605185 137211 907259 605772 54961 36561 688158 659332 379107 ,605185 137211 907259 605772 36561 688158 659332 379107 130020 284857 
888000 202596 940008 805004 131138 404475 238600 404281 397198 840406 ,202596 940008 805004 131138 404281 397198 244703 566902 773139 285768 
996006 996093 612445 611312 996785 837858 667537 761675 881396 612443 ,881396 996678 835377 610400 356816 759298 374780 863250 757021 653905 
777600 803969 151590 92395 999231 186431 337470 540644 431645 528684 ,777600 151590 186431 337470 540644 431645 528684 724303 305959 467328 
632501 82467 292318 925743 83294 749869 133313 826915 749362 64828 ,632501 82467 292318 925743 83294 749869 133313 826915 749362 417720 
470039 665334 441463 683266 77101 551211 685554 934175 936482 968748 ,441463 551211 685554 936482 968748 37072 266033 683396 271290 1195 
410095 599133 338228 490448 4672 609510 685028 491962 282640 822042 ,410095 338228 4672 609510 685028 491962 282640 719298 693963 489004 
43998 221327 989878 845470 254552 990732 193779 42522 305915 815842 ,989878 845470 254552 990732 193779 42522 305915 815842 967799 602142 
628300 590337 299403 148772 935330 365482 535867 997824 314507 172093 ,628300 590337 148772 535867 314507 579784 20924 256752 613792 138619 
959846 42404 14960 96924 257387 689706 123568 805900 178644 424943 ,42404 14960 257387 123568 424943 68874 707291 443190 133088 599907 
809505 583415 966738 424582 628481 488890 394060 264603 997708 506117 ,809505 583415 628481 488890 394060 264603 997708 634173 519413 967132 
121193 219163 723644 707553 285713 128604 942059 290146 607819 601762 ,121193 723644 707553 285713 128604 942059 290146 607819 601762 438019 
488128 571300 716922 468030 896736 201512 561836 307785 211220 981881 ,488128 571300 468030 896736 201512 561836 307785 306591 420861 792637 
698671 719621 685118 502739 98924 361612 699098 79566 808709 785059 ,698671 502739 98924 361612 699098 79566 808709 785059 571881 517743 
264756 136073 731690 794032 931283 867241 179742 988671 262916 173310 ,264756 731690 794032 931283 805309 784582 578739 69332 525834 264386 
25825 388242 26069 247994 256307 521165 901541 424970 630948 369181 ,247994 256307 521165 424970 630948 369181 240648 470366 229712 619741 
234050 865901 918160 430355 871491 804418 58985 401262 321916 30812 ,865901 918160 430355 804418 30812 725050 476769 804855 665358 237034 
893190 893177 757949 757985 643512 879497 643069 643839 813337 893335 ,893190 893177 757949 757985 643512 879497 643069 643839 813337 893335 
674840 675349 674755 855528 674421 571026 658881 656286 657239 105731 ,674755 855528 674421 571026 658881 656286 657239 105731 8151 822209 
496239 708128 331843 13194 160307 100511 369300 234357 590108 304908 ,496239 708128 331843 13194 100511 234357 304908 960036 100905 97772 
833841 136872 836917 879144 707068 618408 406854 441978 218677 982659 ,833841 136872 836917 707068 618408 406854 441978 218677 982659 218333 
529401 107455 429983 211651 526727 974805 495396 83561 528896 366661 ,107455 211651 526727 974805 528896 366661 884550 281162 531319 1289 
529906 528815 713198 295255 306633 392047 528722 530071 513779 571457 ,529906 713198 513779 923389 694722 530609 200896 206656 530893 105318 
745 749118 844337 750538 572919 825658 699790 516749 182109 369605 ,749118 750538 572919 825658 699790 369605 127537 825597 693071 36710 
655590 654419 655143 656094 656715 656308 654334 883460 667678 374179 ,655590 654419 656094 654334 667678 374179 560334 655584 674450 560233 
561959 929542 538803 335135 879732 704175 720033 224922 563930 930220 ,335135 879732 563930 433781 738778 677941 879688 868750 879325 961374 
684235 965445 515895 965179 738938 509459 690826 296889 526131 883663 ,515895 738938 526131 521945 105064 634133 947242 199522 419744 800123 
802817 803633 239822 773683 434755 988562 886760 403274 904414 361766 ,802817 803633 239822 988562 886760 403274 361766 115094 69343 940698 
84762 87611 602747 497648 51704 45020 696699 559213 996688 11773 ,84762 87611 602747 51704 45020 696699 559213 86745 53310 924814 
948716 435914 806842 20776 960884 819563 93240 702669 904206 689961 ,948716 435914 960884 819563 93240 702669 904206 689961 973853 299026 
391771 716434 324640 232743 423008 361613 391911 542806 53801 81169 ,391771 716434 324640 423008 361613 53801 81169 722958 735464 392012 
225429 113178 401209 422588 189302 870038 528399 487709 58757 452534 ,225429 113178 401209 422588 870038 528399 58757 452334 31988 293280 
668324 913318 670326 861784 605689 63085 439169 61034 878721 250697 ,668324 861784 605689 63085 439169 878721 250697 681617 910040 586367 
798026 21347 46921 591682 930509 135956 256612 605876 629790 956149 ,798026 21347 46921 591682 605876 956149 250456 776361 582618 717977 
482416 172907 934380 317846 973543 85690 698071 782900 451043 240275 ,482416 172907 934380 317846 973543 85690 698071 782900 451043 324348 
611873 989964 675363 454059 215149 255987 293687 173428 514615 674488 ,611873 989964 675363 454059 173428 514615 674488 678232 36625 214282 
106382 524143 124609 1062 999569 566926 683432 477035 700341 770079 ,106382 124609 1062 999569 566926 477035 700341 770079 293327 226468 
668533 535955 998354 997216 203105 152792 770041 726346 887861 924409 ,535955 152792 770041 726346 887861 924409 746802 40764 980233 677862 
828383 390535 831850 378809 618617 281679 672987 902140 678504 231344 ,390535 831850 618617 281679 902140 678504 231344 570733 282111 840859 
300824 89893 525420 806086 85313 815512 522623 94679 153331 523733 ,85313 522623 95977 87209 473659 784996 96151 82812 953323 305178 
492683 281564 898723 715882 742442 490402 305047 323107 132484 505405 ,715882 473717 210845 453960 461523 294368 742723 488485 158441 489617 
983072 198623 13979 283884 283651 209567 673909 175608 376435 677137 ,198623 13979 209567 673909 175608 677137 193179 356030 846604 903316 
781582 342070 757563 17815 573231 219732 607181 998621 573057 675687 ,17815 573231 998621 682465 899590 147417 111113 621338 621714 247204 
566765 991437 885968 558839 991263 304864 573089 502606 255306 496790 ,991437 558839 991263 304864 573089 502606 496790 211240 482167 817677 
514172 243637 987326 498496 469248 81966 248097 31280 279137 514133 ,243637 498496 248097 31280 469275 738781 782989 516433 170025 780857 
128326 637326 627800 965399 732962 281543 612128 24792 685109 738458 ,128326 637326 965399 732962 281543 612128 24792 685109 738458 470478 
990190 853849 562128 561801 772899 990373 944665 778049 991448 990433 ,853849 562128 561801 772899 990373 944665 778049 990433 990646 990463 
460467 934850 454244 949965 71994 921599 100571 561243 949018 301946 ,460467 934850 454244 949965 71994 921599 301946 548070 381599 101071 
870981 224554 223954 215030 177952 806305 679231 466945 503470 313683 ,223954 177952 806305 679231 466945 503470 431834 297356 113906 55813 
762622 944046 70591 775960 662726 547876 676364 755652 653151 384804 ,944046 662726 547876 676364 755652 208845 278746 13093 174836 984857 
728162 793304 247992 153181 107919 456530 92485 713409 66491 203107 ,728162 793304 247992 713409 66491 810392 999063 582456 378121 834416 
271733 169162 469457 547740 322671 965967 433907 723158 796980 151489 ,169162 547740 322671 965967 998903 795025 120076 724096 614824 723198 
969619 59673 72257 818461 509680 61680 171874 394040 806330 253226 ,969619 59673 72257 818461 509680 61680 171874 806330 253226 799397 
695212 159261 697739 319253 631209 497741 209888 194380 416903 992347 ,159261 992347 883923 262893 272927 491929 209200 912566 214867 130114 
123152 105557 29114 904905 6728 127056 471325 875638 493334 195104 ,123152 105557 904905 6728 127056 471325 875638 195104 777453 672820 
170969 939228 588758 574236 791303 596781 821388 367249 275729 137225 ,170969 939228 574236 791303 596781 367249 275729 137225 765387 117469 
628836 495928 801674 573248 968525 275178 250778 629080 182430 971184 ,628836 495928 801674 968525 250778 182430 971184 899772 257528 867793 
277134 95039 973348 723921 786318 79888 4734 600758 195343 277683 ,277134 973348 786318 79888 4734 277683 914669 846347 437004 744639 
855453 620595 473673 822740 629418 644929 858058 981983 172630 784128 ,620595 473673 822740 858058 981983 172630 784128 823185 145902 717828 
694841 751294 805377 224157 224026 865050 990005 695718 850471 990076 ,805377 224026 865050 990005 695718 850471 779722 747259 252663 546005 
862271 863410 861772 207753 830248 655299 375177 950300 217402 649013 ,862271 863410 950300 576718 248545 871976 971124 27686 899729 870880 
641725 640319 994117 640520 105430 887513 896832 6021 640281 900275 ,641725 640319 994117 640520 105430 887513 896832 6021 640281 900275 
640113 642538 611133 640381 640594 641496 640984 296531 632545 641264 ,640113 642538 611133 640381 640594 641496 296531 632545 641264 661296 
152090 308460 808104 237101 601121 808269 90171 767824 309602 638344 ,808104 237101 808269 90171 767824 141709 356962 687952 731475 534015 
321657 81691 517384 81693 655344 85804 544574 19669 366010 921696 ,517384 81693 85804 544574 366010 307812 719101 180858 100159 551699 
650819 650123 542720 765220 610908 236413 29825 996383 1029 114126 ,757598 709448 232813 772091 168326 836526 392554 673850 37439 654071 
659749 652405 857394 770796 813043 647152 845602 650925 654628 327297 ,659749 652405 857394 770796 813043 647152 845602 650925 654628 658863 
315201 740994 715090 696389 934328 955706 758365 655713 482026 260956 ,315201 715090 696389 955706 758365 655713 260956 299201 157261 483784 
572369 618954 674131 390731 568642 558316 992589 710109 554539 568793 ,618954 674131 710109 568793 752444 799641 992145 705727 164996 843885 
417581 217041 401575 207640 802347 649704 589493 937496 457346 829469 ,417581 217041 401575 207640 802347 937496 829469 604127 655768 207709 
701303 8646 417550 385536 904191 181261 815604 489230 710366 417490 ,417550 489230 673899 615242 99151 993810 194600 530014 764510 4316 
892153 448183 876632 613086 192431 200047 8695 539925 777621 582574 ,892153 448183 876632 613086 192431 200047 8695 539925 777621 976719 
128745 218607 596094 839479 996240 947885 786509 492883 728173 719015 ,128745 218607 596094 839479 996240 786509 492883 719015 5456 866277 
957026 102004 765404 908226 112940 48920 409596 813745 662087 424640 ,765404 424640 27582 884255 429054 414198 758994 723876 438793 894848 
895590 217606 303181 28046 846408 387175 532152 878576 819279 369828 ,303181 28046 819279 387532 232974 614714 486273 751471 785897 34468 
247383 276982 912348 232266 639163 26532 345576 904737 282023 337834 ,247383 276982 912348 639163 26532 345576 904737 82142 660491 107240 
828083 519140 960474 439837 748558 71185 590934 328773 691056 250658 ,519140 960474 439837 748558 71185 691056 250658 500551 69368 153321 
944363 210090 112423 685699 388446 466143 326722 122758 988959 709930 ,326722 122758 988959 151461 983262 114171 237480 392885 484076 278890 
653456 998431 619553 645126 841107 770930 316688 833276 997089 845946 ,653456 998431 619553 645126 841107 770930 316688 833276 997089 845946 
539286 541727 264535 671836 196690 275506 886861 417625 72177 952378 ,671836 886861 72177 952378 901786 845604 973905 386646 581123 505454 
881689 583762 852076 808085 58221 207425 685258 488975 688514 699000 ,881689 583762 808085 58221 685258 488975 688514 699000 534473 899775 
442214 185447 398941 400468 966139 803402 402233 63238 718946 404089 ,442214 398941 966139 803402 63238 404089 739596 798615 937866 664761 
145900 582974 205022 182617 242703 801507 4272 537154 842788 950641 ,582974 205022 182617 136962 864870 76226 271001 585934 205927 420522 
894984 597988 487975 619249 487681 589799 399502 653252 463835 12188 ,619249 487681 653252 463835 20337 895469 224869 386910 605902 205623 
473436 473428 473442 798756 609570 526824 289180 233537 651967 601317 ,473442 798756 609570 289180 233537 651967 601317 289634 526614 90335 
546362 269365 710065 375487 726027 901995 100264 728557 623453 963642 ,546362 710065 375487 901995 623453 963642 68042 488837 125981 570713 
710351 9655 163226 750596 770771 219580 595341 971896 873302 770669 ,710351 163226 219580 595341 873302 770669 263080 758517 816765 755491 
281718 285472 983764 319838 252596 788349 369497 648828 908776 825512 ,285472 983764 319838 788349 369497 908776 111390 601361 829777 570792 
696986 744524 577991 229313 421746 106744 474849 555779 86773 85405 ,696986 744524 577991 229313 421746 106744 474849 555779 86773 85405 
72721 268519 868894 110390 630963 94500 170856 489280 635998 982452 ,72721 110390 630963 170856 489280 433751 915468 491213 598011 628289 
897188 644333 558649 558812 849957 50054 50834 814844 57700 686006 ,897188 644333 558649 849957 50054 50834 814844 686006 688322 814647 
757563 676145 675773 351725 980639 866358 756563 654614 673366 903792 ,675773 351725 980639 866358 756563 673366 903792 310365 943074 244740 
760743 374582 647003 117305 772615 639959 757251 171767 639861 981637 ,760743 639959 863538 373956 24510 653505 254922 758685 853846 374463 
887833 644041 841732 191970 558863 55061 863548 1978 104021 643652 ,887833 841732 558863 55061 863548 643652 887507 212531 778043 84176 
88996 256101 544455 97155 530094 974687 975229 474903 485064 672490 ,974687 530084 930806 711515 81886 672172 449937 87451 8648 474748 
38011 211737 558507 643708 191143 423657 38087 558527 643717 38848 ,38011 211737 558507 643708 423657 38087 558527 643717 38848 713858 
141711 675553 363120 729907 386854 9422 303035 108927 387646 373332 ,141711 363120 729907 386854 9422 889583 348817 613176 304731 162883 
494900 645200 561117 15001 173717 302865 460108 856797 153112 696486 ,494900 645200 561117 15001 302865 460108 153112 204582 852097 688493 
823575 31269 171188 846093 815199 161286 534631 128572 115436 990692 ,823575 171188 846093 348831 480475 356448 106146 31300 421733 82392 
599814 621456 670396 958443 141118 22267 668316 879877 668233 872647 ,599814 621456 670396 141118 22267 668233 872647 595562 142808 8773 
812229 840259 868320 869998 780560 368256 957625 662106 225088 997313 ,840259 868320 368256 957625 662106 225088 997313 194284 220736 202614 
777755 207049 656058 375572 735490 911900 216520 820572 810726 406294 ,911994 993820 698053 915085 856933 902572 38947 427546 215827 566019 
79529 615106 830404 748044 23463 283646 466822 321719 526618 467095 ,615106 830404 748044 23463 526618 60261 942683 546387 744281 474912 
370108 168641 115684 812934 143470 633381 810885 461687 453911 194198 ,370108 168641 115684 143470 633381 194198 157161 435747 787810 563056 
796007 510141 464613 181710 108008 695759 237805 419938 125690 929433 ,796007 510141 181710 108008 237805 419938 729918 931017 302754 993413 
517851 987019 220677 814569 990778 796034 929994 148665 440251 237866 ,517851 987019 990778 929994 148665 492980 134020 274365 339021 266453 
36397 442798 906624 52703 814479 529577 495078 499891 538185 465528 ,36397 442798 52703 814479 529577 538185 807714 477334 92338 797256 
991674 533610 296749 702037 975552 559191 734936 781737 798330 727141 ,991674 533610 702037 975552 559191 734936 781737 299224 668656 441225 
718069 911894 211115 715432 883239 411600 421744 717383 339931 893427 ,718069 715432 411600 717383 320644 477185 850986 675250 656375 643316 
997125 714839 774032 197180 275996 292922 774671 718675 214338 718794 ,997125 714839 275996 197180 292922 774671 718675 718794 431183 633367 
664862 204122 268400 394573 964542 702786 692088 978450 662553 702508 ,664862 204122 268400 394573 964542 702786 978450 702508 107101 291289 
534571 773088 636403 904759 80078 753345 80873 81611 822489 470562 ,773088 636403 904759 80078 753345 80873 822489 470562 323048 419516 
313033 631996 901644 719609 600940 688907 563765 820310 316251 696488 ,631996 901644 600940 563765 820310 316251 486879 473545 346227 212637 
433237 683026 204620 268898 719466 780660 987625 270670 458858 542012 ,433237 683026 268898 719466 270670 458858 542012 679264 690668 461254 
204247 268525 684096 288102 99945 592137 545945 898497 88555 158739 ,268525 204247 684096 288102 99945 592137 545945 898497 88555 186638 
848682 576697 378059 939107 398874 359993 579063 600276 956189 177697 ,848682 939107 398874 359993 1576 850052 194212 64132 748430 823482 
992339 33940 636161 693722 693639 173673 635718 505543 275009 551562 ,992339 33940 636161 693722 693639 173673 275009 551562 562427 74311 
937295 152192 933806 345423 643651 917776 495271 381823 888574 203534 ,937295 152192 933806 345423 643651 917776 495271 888574 203534 267812 
885809 567335 849135 187682 880982 611581 222986 826052 962685 36234 ,885809 567335 187682 880982 611581 222986 826052 36234 611610 445792 
159529 570503 619944 704208 417599 159788 583485 218000 838786 145055 ,159529 570503 704208 417599 159788 838786 145055 159492 182565 112850 
808741 618157 218305 808574 896729 402019 638384 544257 544387 659358 ,618157 218305 808574 896729 402019 638384 544257 544387 955092 895131 
184252 107833 234213 271284 110725 513168 464528 822080 523836 129292 ,234213 110725 513168 464528 822080 523836 129292 508685 569375 508258 
754705 475498 896000 831410 822365 194944 107528 341220 476155 864135 ,475498 896000 194944 107528 341220 476155 675477 670681 214219 560425 
844400 751090 754165 868632 971120 232748 696901 92991 298364 614438 ,844400 751090 754165 971120 232748 696901 92991 298364 614438 994021 
390115 450898 784912 784926 516911 806466 351913 429587 80323 830115 ,390115 450898 784912 784926 516911 830115 174722 560003 930563 321457 
945073 12709 463891 301154 978604 978145 387823 949750 371295 692435 ,945073 12709 978604 978145 949750 371295 692435 185281 761560 462604 
873112 587283 864827 864578 796171 919933 628818 223938 791977 182229 ,864827 796171 919933 628818 223938 182229 219858 869531 441575 151732 
633285 82439 82344 521888 732378 633470 13712 560322 684181 690069 ,633285 732378 633470 13712 560322 684181 690069 534570 811378 52552 
224409 666574 853107 408157 819832 13579 268599 482201 618936 223902 ,224409 666574 13579 268599 482201 618936 857918 842228 79857 724907 
226422 997049 254247 880272 755896 975884 706587 406558 670378 880511 ,226422 254247 755896 975884 706587 406558 670378 880511 223252 392289 
92006 415313 205634 570344 99380 465252 429205 665005 379796 409106 ,415313 205634 570344 99380 465252 665005 379796 409106 514469 377159 
93217 838125 460539 642 690258 983018 845016 595476 123059 358905 ,838125 460539 690258 595476 123059 358905 574326 454781 987970 712135 
424571 942315 76980 224647 322642 724534 658591 498019 224332 425477 ,424571 942315 76980 322642 724534 658591 498019 224332 466087 491319 
291923 107243 525977 114544 119192 145133 153329 780086 100407 547072 ,699097 389451 188075 237015 13806 668062 703098 771392 232982 517377 
501060 467176 101564 260618 138616 928388 251089 21713 406428 199049 ,260618 21713 583461 682165 667593 411310 377345 799587 746431 496132 
323608 408938 249696 104903 732262 122243 351218 490498 122239 291933 ,323608 249696 104903 732262 122243 351218 490498 291933 525107 151593 
607853 974206 195546 943294 393675 202537 843447 245680 957691 271273 ,607853 974206 195546 393675 843447 245680 271273 974382 33129 271270 
681876 960469 963335 850944 912215 964216 794091 288872 790692 491614 ,681876 960469 963335 912215 794091 288872 790692 491614 582762 93027 
49992 98431 813732 226942 206759 271037 669097 53702 908922 641692 ,813732 53702 75073 36757 842706 827338 828275 809587 226628 955740 
923489 968445 425474 694190 297018 271265 118744 929819 491820 455673 ,923489 968445 425474 694190 297018 271265 118744 491820 455673 525669 
930369 76803 791326 880933 304132 80214 722147 402543 450873 498956 ,930369 791326 304132 80214 722147 450873 498956 326555 917180 58738 
37390 400980 108267 603061 679579 632687 874335 128922 105501 636296 ,37390 400980 679579 632687 128922 105501 636296 540369 701418 512515 
344471 70363 366525 958884 684329 458614 569442 541781 877032 964802 ,366525 958884 541781 877032 376901 434564 233658 712962 736251 368039 
680271 716657 771119 606335 655131 776128 900816 442345 882495 473455 ,680271 716657 606335 655131 776128 900816 442345 882495 473455 425379 
973494 974454 750197 562528 97903 481137 401961 257680 960317 386643 ,974454 750197 562528 481137 257680 960317 919543 158272 973791 820113 
176086 909016 533906 968319 961979 244168 681087 77085 950603 706559 ,909016 533906 968319 961979 681087 177557 180490 389370 939481 514891 
763290 965499 69598 427439 262938 576529 415199 341580 2993 579261 ,763290 262938 579261 482527 427448 507196 740366 560164 745945 823452 
632849 702742 580168 571041 251914 572755 732756 738258 254003 319494 ,632849 702742 580168 251914 572755 254003 319494 570517 140208 326470 
898643 504079 575163 827656 725148 826827 979249 21163 703927 66180 ,898643 575163 827656 725148 826827 979249 21163 936693 894068 976779 
665865 585269 608487 28381 712415 178850 710292 661878 462187 10931 ,665865 585269 608487 712415 178850 710292 462187 956877 9403 666528 
307276 305782 154506 95730 587463 116652 530270 781593 363662 43880 ,670703 174015 233459 822631 324154 572419 686322 234905 536 535795 
768235 25910 793298 904347 471872 113963 552182 356751 594743 699189 ,768235 25910 793298 471872 113963 356751 699189 912348 320338 520654 
466601 373612 49265 409472 888247 466583 538311 769194 467513 55654 ,49265 409472 888247 538311 467513 55654 348000 499905 412395 689156 
566196 94325 518292 294347 93522 518134 525315 81791 94375 789790 ,566196 94325 518292 294347 525315 81791 94375 140385 293072 789527 
16168 689532 925334 756497 336044 989445 576320 541835 336188 980104 ,16168 689532 756497 989445 336188 980104 900486 639430 582686 200215 
833606 834370 749512 442551 892859 828622 910893 713873 648550 651787 ,833606 749512 442551 892859 828622 713873 648550 651787 648272 430165 
640883 717010 647302 889687 640757 853344 443745 766549 472551 717291 ,640883 717010 889687 853344 443745 472551 717291 837607 911133 443957 
501283 594752 264363 421632 497568 190206 594069 496034 199847 264125 ,497568 190206 496034 294617 179081 63109 822078 739203 322041 520137 
351169 130805 534648 24356 553479 262008 553771 854220 640142 114675 ,351169 130805 534648 24356 553479 262008 553771 640142 815838 740329 
294769 293203 800304 784915 44398 98725 310066 498253 991872 23907 ,294769 293203 784915 310066 498253 991872 23907 61332 155345 817646 
310 871588 917016 992145 121378 369 779694 16266 773901 377444 ,992145 369 16266 773901 915531 917088 392296 185394 574876 377926 
16349 468412 763266 812711 77874 457724 369405 508915 332258 487179 ,763266 812711 457724 369405 508915 630394 203691 467982 950238 861138 
207681 219494 667801 219365 670375 842394 842066 742339 668003 375462 ,207681 219494 667801 219365 670375 842394 842066 742339 668003 375462 
456979 109813 860297 507218 823771 116303 407527 153167 622193 110215 ,456979 109813 860297 507218 823771 116303 622193 170546 456199 107530 
360737 438626 822380 998996 228776 62791 220725 142329 806637 401142 ,360737 438626 822380 998996 62791 142329 806637 557686 23215 993543 
501584 194975 273791 290913 736686 263925 5107 736547 416434 231230 ,501584 194975 290913 736686 736547 231230 101476 688297 541549 769267 
559867 640207 749618 558995 640356 55176 318836 899389 553458 472515 ,559867 640207 749618 558995 640356 318836 899389 553458 472515 494818 
808734 812768 559058 642101 560449 386942 837218 812677 450166 43007 ,808734 812768 559058 642101 560449 812677 450166 43007 557718 442622 
562685 466769 889932 798024 944133 65571 165174 515637 127490 262574 ,562685 889932 798024 944133 165174 31528 85360 460774 146137 463218 
13217 958535 55937 55650 207207 597337 819811 42335 887484 745933 ,13217 958535 55937 55650 207207 597337 819811 887484 409218 276530 
682154 867849 194729 273545 563093 854912 867828 849783 15105 670208 ,682154 867849 194729 854912 867828 849783 681253 551288 251863 856203 
757851 432074 648501 715905 423390 728553 786263 526121 843171 418697 ,757851 432074 648501 715905 423390 728553 526121 843171 431761 547295 
339256 351779 229624 216995 14534 278746 12618 625021 749554 69198 ,339256 351779 229624 216995 14534 278746 12618 625021 69198 203946 
283503 577198 101330 376045 398565 660169 926674 434095 217254 271375 ,283503 376045 398565 660169 458771 957015 616449 308743 432659 504816 
851201 599093 104861 965967 260758 520909 80305 372266 237629 168412 ,518371 599075 113695 278688 336911 630248 894447 349463 188392 408432 
311749 380717 857940 997073 881461 100569 422534 885717 914264 892907 ,857940 881461 100569 422534 914264 930480 842104 903845 547301 191113 
90695 665308 265298 68614 738989 459413 407580 662682 570376 665756 ,90695 665308 265298 68614 459413 570376 665756 449265 337415 513415 
636685 489876 706510 440766 257502 987684 272790 810970 109253 161588 ,489876 706510 440766 257502 272790 810970 342421 706956 339190 381880 
488773 498426 152088 322195 279260 338743 444358 715909 923831 47150 ,488773 498426 152088 322195 279260 444358 715909 47150 566581 336753 
77586 625135 180722 737706 503446 942768 797999 472583 64448 95747 ,503446 64448 528746 195281 730709 519345 801829 628732 262661 510102 
760917 743750 942193 228669 878248 380283 571822 205834 270112 323701 ,760917 743750 942193 228669 571822 205834 270112 206338 696727 997735 
266722 202500 28279 342132 436302 312291 836074 777532 314532 470808 ,266722 28279 312291 836074 470808 243061 496272 237756 777715 335521 
96823 346850 492237 622267 197137 989037 276769 118736 491925 197975 ,346850 197137 276769 118736 989428 617024 696470 34917 396619 31000 
508353 833318 337234 806171 975517 930625 321892 931808 183867 23563 ,833318 806171 930625 321892 23563 247493 833499 631408 183766 529938 
492632 198199 594645 919438 239335 13168 211238 804897 814000 222109 ,492632 198199 594645 239335 211238 814000 222109 753843 843207 194906 
403700 276182 509998 54807 729855 282968 762062 712372 397959 443137 ,276182 509998 54807 729855 712372 397959 754603 51836 830714 778871 
24424 611039 909566 207961 833085 900318 835386 476423 638245 191165 ,24424 611039 909566 207961 833085 835386 476423 638245 191165 375744 
706417 199091 277907 135306 548508 62272 285061 272111 200346 227019 ,548508 62272 272111 200346 582576 533939 793141 969054 965076 172732 
753693 467418 283616 517251 91876 801243 419373 275894 196613 263405 ,490123 528804 792401 495940 987772 235055 56879 604658 57259 328069 
630843 695588 541913 797239 130229 495141 988851 543558 65499 859585 ,695588 541913 130229 495141 988851 543558 859585 107169 936838 128539 
496757 142046 502202 604366 605492 607607 363936 608178 50595 563187 ,496757 142046 502202 605492 363936 50595 563187 351897 428390 458072 
373674 266967 243739 251349 811736 597883 153181 863081 988556 758977 ,758977 812226 128555 269545 206995 2095 367940 198558 941461 397256 
778539 64012 125421 383121 176679 133304 570606 772818 921632 782586 ,778539 64012 176679 570606 782586 774712 844551 124917 920165 64064 
400966 401199 629431 871842 432173 479608 615536 984691 965931 397183 ,400966 401199 871842 432173 479608 984691 965931 397183 401350 168722 
351572 726497 82182 179081 68992 251205 172491 499502 754207 1790 ,351572 726497 82182 251205 499502 754207 1790 322146 684346 630732 
393923 942785 618044 201685 204360 268638 390639 908003 72498 573457 ,942785 618044 201685 268638 204360 573457 987184 437981 353868 204823 
311640 281689 313710 154285 861201 606426 137914 149156 440388 135744 ,311640 861201 936344 310866 251251 355113 254558 562258 462613 662194 
70658 628579 60337 225760 451973 60259 461964 344193 957530 523155 ,70658 628579 60337 225760 451973 60259 461964 344193 523155 887098 
764119 60259 517693 284762 764605 614740 810267 720914 585618 563258 ,764119 60259 284762 764605 614740 585618 563258 988732 884344 41822 
525673 595532 942961 173510 937539 348333 152918 241346 973274 571426 ,525673 595532 173510 937539 348333 152918 153321 933372 904448 841644 
228356 842468 634263 521411 742406 483641 701416 503465 836528 497126 ,228356 842468 521411 701416 503465 665837 234781 16357 120752 840772 
823509 478574 823499 580426 478541 476279 788204 146158 602558 476414 ,478574 580426 602558 83738 900053 579052 546596 56182 546626 190819 
720251 151343 413888 604722 923128 501039 546405 869207 266155 223962 ,720251 151343 604722 923128 501039 546405 869207 809733 488372 704549 
410549 155659 588259 546562 77102 93710 213770 590431 388645 976182 ,410549 588259 546562 77102 93710 590431 388645 976182 21223 866672 
441601 50504 535064 249929 816348 341188 761541 351102 713825 296270 ,50504 341188 761541 296270 54187 364468 152864 536689 50497 227932 
598996 87018 811819 154713 614381 334768 721542 22247 116571 851216 ,598996 811819 614381 334768 721542 22247 116571 851216 195124 157374 
4671 785420 83753 175485 423109 321486 953622 566339 30030 4716 ,785420 83753 953622 566339 4716 483662 427508 121963 426524 572037 
227784 426893 219592 718703 663964 263995 785872 232786 420883 482272 ,227784 219592 718703 663964 263995 232786 420883 482272 193390 714378 
75581 105901 990554 651766 156378 162237 230124 568338 303896 369079 ,75581 105901 651766 156378 162237 568338 303896 369079 869655 896056 
463494 687667 107157 206146 222235 634971 391837 913514 908227 106861 ,463494 687667 107157 222235 634971 391837 908227 106861 457810 737785 
516683 285970 258272 525160 505371 179237 106363 805620 740714 741017 ,516683 285970 505371 179237 805620 417006 280246 297031 100498 599125 
251482 182261 594229 971026 398047 797319 636726 658208 1569 799992 ,182261 594229 398047 636726 658208 549669 71843 76943 658270 576932 
547967 285672 343067 373278 187513 238154 786395 35870 258879 707265 ,285672 187513 786395 35870 258879 307370 752025 641690 314248 519928 
480164 830160 672724 824092 563971 566750 666865 672470 641040 764682 ,672724 541453 613257 673412 534416 626155 448057 638244 604421 672920 
939636 541789 911037 886100 442861 931877 540577 260766 12811 668987 ,939636 911037 886100 442861 260766 12811 668987 931605 606306 983781 
808317 532276 81257 107711 631152 255951 203399 47663 336520 435805 ,808317 532276 81257 631152 255951 203399 435805 246437 810573 465363 
395833 954482 318151 975936 724237 332031 954415 747460 813777 747172 ,395833 318151 975936 332031 954415 747460 813777 747172 887087 577122 
886274 65499 618029 581030 805972 943697 131742 864727 371375 771575 ,886274 65499 618029 581030 805972 943697 131742 864727 371375 771575 
580411 702888 672312 692179 672706 672235 461151 571940 683943 516482 ,702888 672235 461151 246524 114112 550350 485064 879663 246662 834562 
893942 410496 906411 736126 393376 201699 163640 704597 730705 162496 ,893942 410496 906411 201699 704597 162496 951618 415810 329651 680277 
720824 231261 363896 448920 892524 422917 502247 428269 241211 520740 ,720824 231261 363896 448920 502247 428269 520740 903064 548825 174629 
117136 329385 782369 117849 928566 968503 820222 774641 960935 255511 ,117136 928566 968503 820222 774641 255511 908666 765793 719654 240443 
989273 955274 281201 641606 151347 861658 284001 573888 525072 663118 ,989273 955274 281201 641606 151347 284001 573888 525072 219800 748324 
235156 234022 962807 200147 264425 464584 702423 397762 452449 963334 ,235156 234022 962807 200147 452449 963334 264696 892538 520223 47923 
759669 758178 998008 762208 279150 295635 516029 317212 762644 392032 ,758178 279150 295635 516029 762644 392032 392044 561944 103446 93720 
631693 727584 10382 69418 158935 798362 796574 983010 811999 694097 ,631693 727584 10382 69418 158935 798362 796574 983010 811999 947886 
139460 402454 440292 631259 91017 692327 903570 968548 658686 456456 ,402454 440292 631259 692327 903570 968548 456456 725535 177496 920933 
596521 688419 93262 166271 166293 548523 967980 180746 693957 221048 ,93262 548523 967980 693957 982534 208790 209264 209339 112295 547237 
427615 605385 213849 507049 470719 625616 26872 109187 602283 95919 ,605385 213849 507049 470719 625616 109187 95919 941380 108118 429234 
571840 422677 876887 951370 422857 173986 665935 466893 945754 421011 ,876887 951370 466893 945754 421011 169775 924663 421040 156856 547942 
890165 254588 618837 331480 715981 924261 248418 922367 858176 211104 ,618837 331480 248418 922367 211104 540278 833833 975801 605873 583877 
514856 516328 515458 65340 514750 224312 530885 946663 512561 800585 ,514856 516328 515458 65340 224312 946663 512561 712274 599660 531400 
478685 974133 524847 524780 525045 179279 369860 172472 368479 973921 ,478685 974133 524847 524780 525045 179279 369860 368479 537533 748739 
348341 123163 663726 601975 510295 521861 955239 321508 818384 627928 ,348341 123163 663726 510295 521861 955239 321508 818384 627928 501568 
654105 362466 953466 190291 633712 646619 759763 818983 819254 217113 ,654105 953466 190291 759763 818983 819254 217113 969400 41734 856329 
415427 21952 599118 178886 322863 502148 140279 560063 179752 761696 ,415427 21952 599118 178886 322863 502148 140279 560063 179752 761696 
993341 66641 933948 793280 562378 73733 17863 897745 273972 997077 ,993341 66641 793280 562378 897745 997077 382919 208214 775834 542372 
534540 534600 812746 534703 600677 647232 708886 683139 473419 905965 ,534540 812746 534703 600677 708886 683139 473419 905965 567524 190764 
255744 876329 367001 521297 181403 574378 823125 380433 140248 365452 ,181403 123567 26516 791786 549044 83166 634132 514592 306558 868567 
548063 389977 615432 919858 586365 992381 143615 833387 998038 414655 ,548063 389977 586365 992381 833387 419521 981335 997889 128349 406339 
903983 659673 598383 659495 58133 130862 192334 588313 31583 478997 ,659495 58133 130862 192334 478997 67679 472802 371945 471753 525991 
382958 428743 759349 675292 971745 614590 953398 207203 428380 207142 ,382958 428743 759349 675292 614590 953398 207203 428380 207142 971574 
223988 495212 989422 895042 497298 683564 839315 839683 224252 661622 ,495212 989422 497298 839315 224252 661622 752202 273545 519464 575568 
107188 85845 29934 815406 487435 815303 350968 489511 108201 126253 ,85845 29934 815406 815303 108201 126253 279892 304988 516672 547053 
445991 994203 899094 757390 444453 885917 997800 880284 845835 846087 ,994203 899094 757390 444453 885917 997800 846087 104148 447043 855217 
281168 725512 130320 166339 949758 601060 482394 948681 397214 372341 ,725512 130320 166339 949758 482394 948681 684237 685532 262862 81446 
824714 655012 651163 658010 568827 655102 953794 450118 124819 998913 ,655012 651163 568827 655102 953794 450118 124819 850625 831622 129193 
19143 740911 576602 206606 503397 317766 658809 251653 898968 356256 ,19143 740911 576602 503397 317766 658809 898968 744479 55355 269299 
520172 185225 907196 385123 475439 401368 995995 921961 937973 76598 ,520172 907196 385123 475439 401368 995995 921961 884880 697289 400266 
938463 694357 99885 695247 805478 277551 902634 705692 385440 967548 ,938463 694357 99885 695247 805478 277551 902634 705692 385440 967548 
553851 367186 293026 366984 163017 419117 193869 272685 728708 553187 ,553851 367186 293026 366984 193869 728708 553187 192942 271758 439610 
825004 16534 669783 261428 261440 500320 152094 400625 321482 521855 ,825004 669783 261428 500320 152094 30045 814032 104891 107395 338785 
554319 54443 986330 527958 863726 806344 391107 175215 339385 370698 ,554319 986330 527958 806344 391107 175215 339385 370698 439281 470834 
947176 947080 546073 844874 598413 539310 947329 820092 887457 372359 ,947176 947080 546073 844874 598413 539310 887457 372359 277523 239100 
799489 803821 964707 869801 719230 279486 153329 450802 413619 389930 ,799489 964707 869801 279486 450802 413619 284312 814083 810508 168645 
465098 465034 865916 600361 53716 419777 780320 104904 419787 560162 ,465034 53716 419777 780320 560162 904353 384693 158081 157916 943589 
721423 597141 828485 896849 534102 898060 391893 959226 539110 457967 ,721423 597141 828485 896849 534102 898060 959226 457967 391985 480630 
313312 157340 224972 243075 133677 106578 372081 510432 16625 148320 ,313312 243075 133677 16625 76004 244004 798176 182635 323228 500037 
889553 471045 599621 472568 471788 599285 472414 565287 825929 113804 ,889553 471045 599621 599285 565287 825929 113804 599746 406183 865059 
195202 274018 915494 529804 132135 797107 872820 226582 274470 732309 ,274018 915494 529804 797107 226582 274470 732309 197551 564328 132634 
106182 808818 400643 451102 630421 169182 186265 4538 499273 22098 ,808818 400643 169182 186265 4538 499273 363592 151497 68336 514599 
86792 390662 930268 746024 391196 470181 175604 902018 769183 982945 ,86792 390662 930268 746024 391196 470181 175604 982945 396264 587088 
275759 274588 231875 284500 174163 175156 935699 143293 408729 246421 ,275759 274588 231875 284500 174163 175156 935699 143293 408729 246421 
473543 101455 429914 438639 964984 807999 232743 201285 307472 547244 ,438639 307472 547244 430169 823020 908955 560192 370672 307050 536669 
675697 663022 870818 140857 518643 505272 377459 292944 694899 970592 ,675697 663022 518643 377459 292944 694899 152938 351908 866136 832996 
539755 810459 640515 640639 641538 897882 849634 640246 769956 38684 ,539755 810459 640515 640639 641538 849634 640246 769956 38684 978383 
940672 64534 861314 940776 228393 63292 285859 767246 664922 660244 ,940672 64534 861314 940776 228393 63292 285859 664922 941009 766933 
844996 389499 213899 182867 873292 883016 590300 775734 60000 283800 ,844996 389499 213899 182867 873292 883016 590300 775734 283800 589632 
931081 975832 732442 65033 195829 274645 514550 514453 986373 504236 ,931081 732442 274645 195829 514453 986373 269343 259019 577483 699042 
707928 385344 292934 27264 734331 7011 355098 134532 908791 800942 ,707928 385344 292934 27264 355098 134532 908791 834956 344268 62228 
200929 265207 994010 240257 549558 198921 629417 7646 107339 265460 ,200929 265207 549558 7646 107339 126450 400116 860960 154592 497638 
448883 448805 911884 807036 635100 94254 634694 281373 48529 230420 ,448883 911884 94254 281373 48529 153118 632254 426842 426739 275839 
166001 398831 93262 16517 433078 631682 63482 161210 432969 183192 ,166001 398831 93262 631682 63482 432969 183192 431296 629491 381050 
111619 178735 172758 618097 108693 781712 823473 547690 404073 173198 ,111619 178735 172758 618097 823473 173198 571032 905073 58845 197570 
568514 902115 408104 808446 676695 855397 650221 218150 946742 679624 ,568514 902115 808446 676695 855397 650221 218150 946742 679624 756997 
410359 537286 469037 537439 88533 399713 398594 399642 701387 904686 ,410359 537286 469037 537439 88533 399713 398594 399642 701387 904686 
242646 862568 71438 192044 979727 166268 625350 542019 933323 370539 ,862568 192044 625350 542019 933323 4271 22388 137930 613096 84850 
51180 87489 465020 51099 526607 283190 60290 256746 46422 138976 ,51180 87489 526607 60290 256746 46422 138976 688418 873966 51713 
226033 549698 346989 914 547291 881940 880802 883617 128721 765163 ,547291 881940 880802 883617 765163 380163 107212 74818 779496 416346 
524958 810105 545444 522603 830555 730541 339236 259381 874959 524986 ,810105 545444 730541 884155 253294 990720 98674 839155 522663 371831 
180172 964768 277341 790804 261091 992641 824392 658711 212611 572256 ,180172 277341 790804 261091 992641 824392 658711 212611 209935 951775 
547615 738989 404745 615651 322808 566411 292133 279060 32340 23532 ,547615 738989 404745 322808 292133 279060 32340 23532 66099 430353 
634065 632025 858257 130425 415978 116238 271279 491985 465303 666198 ,858257 491985 465303 666198 823134 699533 730808 226452 598526 198960 
430655 934457 489924 226510 481181 751136 594874 871361 144843 749688 ,430655 934457 489924 226510 481181 751136 594874 871361 144843 749688 
889929 868493 705979 748930 865058 192539 128936 112399 858555 97245 ,868493 705979 748930 865058 128936 112399 858555 97245 19790 943613 
840889 982822 735893 595532 958109 843819 568070 425486 852940 125243 ,840889 982822 735893 595532 958109 843819 568070 425486 852940 957625 
487212 955392 77558 890374 485410 784635 268965 858410 510660 548366 ,487212 955392 485410 858410 548366 955281 782363 100867 544161 721967 
839569 737489 42591 429874 995130 771338 964680 567107 986074 790065 ,839569 737489 42591 429874 995130 771338 986074 790065 41386 383563 
948188 460081 697796 494369 280898 942157 90069 481474 791814 502998 ,948188 460081 494369 280898 942157 90069 481474 502998 182993 306818 
680718 717807 434299 941014 952850 415120 811309 215108 947337 689170 ,680718 434299 941014 952850 811309 215108 947337 473059 258610 317861 
893335 655516 654884 539596 837254 449204 721155 655058 43983 676223 ,893335 837254 449204 978886 6910 539564 211115 7268 675250 655267 
295218 827806 986980 460467 214398 874061 132719 462195 987158 454244 ,986980 874061 132719 462195 987158 454244 233413 92926 829771 276290 
638574 982705 230045 876618 765273 264349 300445 592838 384752 3076 ,230045 876618 765273 264349 592838 384752 604269 977558 601902 982830 
816799 816645 569144 816557 817834 816742 816693 568940 816891 817054 ,816799 817834 816693 816541 116182 759960 51461 901338 572643 958177 
245751 832361 391325 192614 123568 408216 282958 244503 704437 312436 ,245751 391325 123568 408216 282958 704437 312436 432361 226472 473702 
150695 480458 513537 482149 391592 663983 922634 455333 683023 227954 ,513537 482149 391592 663983 455333 683023 228649 227704 929471 922805 
934030 573322 868588 498700 934441 468432 890007 293699 342396 531637 ,934030 573322 868588 934441 468432 293699 342396 531637 61423 573361 
175012 723597 419429 175144 236852 831165 800435 719554 131015 16554 ,175012 419429 236852 831165 131015 521915 320243 831405 250211 911167 
969911 189945 6269 641903 418645 898395 642389 827274 418893 23819 ,969911 189945 6269 641903 418645 898395 642389 827274 838112 890533 
609939 511687 506474 417061 511443 806727 806401 15424 15228 233256 ,511687 506474 417061 511443 806727 806401 964948 877416 255629 606583 
4578 105603 655299 228396 873728 701665 885193 131288 558492 44037 ,105603 228396 873728 701665 885193 131288 558492 666827 477970 106410 
78337 472787 854007 487319 91657 82692 854239 368024 922462 990138 ,78337 472787 368024 922462 990138 192706 301665 110348 303901 913989 
201264 265542 265659 3225 975936 266064 558305 982785 358408 357732 ,201264 265542 265659 3225 975936 266064 558305 982785 357732 403340 
227577 769141 101522 601037 176511 233323 176847 771997 454005 297631 ,769141 101522 601037 176511 233323 176847 454005 297631 254277 525783 
921807 595645 16114 912396 561823 830713 634692 481483 859316 516498 ,921807 912396 561823 830713 634692 481483 516498 923142 522648 871208 
62269 525560 4225 502767 527500 429828 480397 71023 243865 528175 ,525560 4225 502767 527500 429828 71023 243865 528175 100190 803670 
236768 235588 874575 91431 88095 70963 233213 892983 234023 965575 ,91431 70963 892983 914924 261245 72508 924447 245218 263927 424528 
388838 618519 916714 781278 190917 665103 945162 942200 232813 190686 ,388838 618519 781278 190917 665103 945162 190686 661127 781631 113504 
709361 816601 282844 281353 472048 424576 338287 615705 6006 544331 ,282844 281353 472048 615705 544331 429411 448003 308627 822037 81508 
280632 878164 400678 282653 628342 929252 279137 188801 723892 547051 ,878164 400678 282653 628342 188801 723892 547051 180786 291896 564124 
516498 606304 211841 211016 842014 663571 345266 970020 100232 671298 ,516498 211016 842014 663571 970020 671298 848722 919551 663358 846343 
648488 116772 607640 178533 878554 182923 221018 63963 557508 878557 ,648488 116772 878554 557508 878557 781351 920959 143401 956677 45240 
190412 541377 536974 761876 37819 539593 38009 649525 616246 38135 ,536974 321004 39050 683154 328286 339081 43475 167907 553710 41460 
217835 219043 118254 67401 412352 107652 719057 745090 660813 820285 ,217835 745090 820285 775119 991923 886634 348541 631559 45967 920767 
278719 338316 494798 724617 397437 540680 43761 465648 534811 524735 ,338316 494798 540680 43761 534811 524735 95479 747427 82343 528402 
940955 941961 713875 716970 733305 534417 305342 826862 336753 306226 ,940955 941961 713875 733305 305342 826862 336753 306226 79743 373514 
743566 259993 665146 651509 959196 546309 376070 147925 62328 69956 ,259993 665146 651509 959196 376070 147925 62328 69956 544083 652949 
143056 467733 812623 701313 827806 559768 467390 700790 325216 900365 ,812623 701313 559768 467390 700790 325216 900365 852405 414134 979753 
450040 794051 478473 627860 905063 870249 512491 125023 627915 742819 ,450040 794051 905063 512491 125023 477130 368538 805090 313348 891311 
803900 170014 224332 71427 204472 120876 697699 224672 171446 72222 ,803900 170014 224332 204472 120876 224672 939254 596479 285507 967564 
442632 443100 660164 388106 442416 764693 615169 772038 566613 227223 ,442632 443100 660164 442416 764693 772038 566613 227223 334628 124266 
595648 1324 921494 353722 125808 435427 830825 172387 337730 684685 ,595648 1324 921494 435427 830825 684685 352311 853580 948076 720058 
976555 421921 789812 519898 520199 559493 921693 51657 51731 487463 ,976555 421921 789812 559493 51657 51731 557221 754545 411182 235701 
652096 534366 198782 277598 84337 822862 896008 773123 53652 917243 ,534366 198782 277598 84337 822862 896008 53652 255214 730326 63196 
540426 801561 414259 717893 81303 871693 478991 475364 134169 398308 ,540426 801561 717893 81303 871693 478991 475364 134169 343024 188321 
991973 868765 814346 834808 749229 747618 497876 572415 135252 224124 ,991973 868765 814346 572415 135252 124230 920843 591377 981160 117333 
839955 681391 297845 41049 295309 228002 899243 298400 710309 460109 ,681391 295309 899243 710309 345676 349674 629449 764250 312716 898153 
522179 529246 17952 480825 365865 738485 452062 268421 480707 512488 ,529246 480825 365865 480707 512488 129474 86895 452790 738522 618136 
17601 520223 813433 255468 777611 229589 278369 226780 880721 784175 ,17601 520223 813433 255468 229589 880721 784175 60941 10792 495954 
336678 496875 426471 519830 336736 521854 69888 82503 615084 859342 ,336678 496875 519830 336736 521854 69888 82503 615084 263060 547071 
645129 308339 434563 293096 615766 452889 771084 617407 628332 531980 ,615766 452889 771084 531980 637523 539750 616145 79402 903380 731149 
359307 356200 697326 935311 455964 949984 83626 547899 486887 549158 ,359307 697326 935311 455964 547899 486887 549158 132125 910717 328783 
62923 93312 468034 72889 745329 455711 737366 398610 739872 750279 ,468034 745329 737366 739872 750279 760748 218258 247578 874090 300946 
376844 730528 120828 731243 730340 224948 617057 741453 307530 726496 ,376844 730528 120828 730340 224948 617057 741453 307530 726496 81028 
677724 459663 249677 453976 116685 136642 979090 676022 663262 417461 ,677724 459663 249677 136642 979090 663262 417461 242296 340488 427124 
180796 458750 353151 678280 295472 386531 661657 525961 155331 774439 ,353151 678280 295472 386531 774439 533626 88319 867287 610497 702892 
547593 816662 69475 392344 281840 59605 528867 75678 195946 274762 ,547593 69475 392344 281840 59605 528867 75678 195946 83642 130109 
656364 322665 186627 422837 121598 120525 350885 246512 337610 282023 ,656364 186627 120525 337610 282023 373466 464428 603745 121029 696488 
446876 447070 192339 604668 447950 696457 446936 446511 672847 447389 ,446876 447070 192339 604668 447950 672847 447389 447769 847800 190678 
183553 869003 285963 290030 412885 315114 332817 711233 435022 869167 ,285963 290030 332817 711233 869167 713450 932484 800311 918183 170162 
68583 118799 519798 353879 364313 610497 673323 534803 68760 364889 ,68583 353879 364313 610497 673323 68760 16793 834320 530688 917855 
90089 273113 201925 266203 93489 92467 201523 333477 506576 309955 ,90089 266203 93489 92467 333477 506576 309955 729225 468484 316563 
621190 329563 368634 92848 408114 160447 197971 276787 280986 494205 ,621190 329563 368634 92848 408114 160447 197971 280986 494205 909092 
467054 486315 242580 284492 498441 333309 110965 454705 362636 783772 ,486315 284492 498441 333309 110965 454705 780434 729007 325250 345907 
288760 126359 629128 788623 314787 226894 93746 193035 438951 629538 ,288760 126359 314787 226894 93746 193035 438951 629538 81975 781061 
322357 20142 429522 611880 106562 380302 723583 771287 175684 547740 ,611880 106562 380302 175684 547740 263931 934251 723981 724102 521714 
239259 285789 348681 399039 869175 669544 109767 320915 229251 228728 ,239259 285789 348681 399039 669544 109767 320915 229251 228728 813691 
122755 97467 152064 92031 165333 496875 90860 152385 337262 43300 ,92031 165333 496875 43300 405061 717696 717272 525451 261697 559731 
541717 116316 115625 536117 615196 571581 988883 894382 520980 53590 ,541717 116316 115625 615196 571581 988883 894382 520980 53590 423727 
94529 662750 101728 30130 23763 21911 787912 193316 94533 80084 ,94529 101728 30130 23763 21911 787912 193316 94533 321773 20769 
515323 880269 544159 60420 102132 226291 670409 921848 915736 880374 ,515323 880269 544159 60420 102132 226291 670409 915736 667755 885686 
7501 472734 286607 997909 686222 124475 852202 645985 422344 650832 ,7501 286607 686222 124475 645985 422344 650832 700989 692672 56714 
814931 974637 806731 817373 401692 674327 822786 561352 125821 928078 ,814931 817373 822786 928078 627188 164941 518611 293585 323832 799549 
112079 605186 308636 378910 1791 705827 703853 262938 568466 960682 ,112079 605186 308636 378910 1791 262938 568466 960682 800283 363743 
601112 698748 170320 868493 181727 36530 834561 995001 724106 68596 ,601112 698748 170320 868493 36530 995001 68596 415679 128936 747868 
594720 868439 873107 563034 401073 317117 577414 679458 749938 876011 ,868439 401073 317117 679458 749938 876011 199408 544801 446826 349722 
195700 274516 489851 196894 369304 154723 13149 168937 544149 859734 ,195700 274516 489851 369304 154723 13149 168937 859734 748661 429838 
239970 633080 235957 487766 545769 511051 490366 615843 471045 881570 ,633080 545769 471045 546218 305942 327580 131561 5711 678539 477745 
254711 861756 469829 505548 142894 208421 100859 258431 499628 379108 ,254711 469829 505548 142894 208421 100859 258431 379108 199778 518588 
460467 454244 700089 538809 555570 555251 509321 597035 100571 519817 ,700089 555251 597035 519817 597745 778036 552102 316897 298835 455019 
105176 152008 468188 475873 473077 909940 364048 472964 984646 94593 ,468188 475873 473077 909940 364048 984646 94593 282913 471472 982664 
619135 619619 690101 105310 888342 592340 256539 949541 255154 804581 ,619135 619619 105310 888342 592340 374696 841601 165972 480823 504818 
336687 770507 41884 420885 580957 321473 30328 616229 141158 177271 ,336687 770507 41884 420885 580957 321473 30328 141158 177271 23119 
387143 386181 131890 977195 939031 95854 582273 519580 503804 416981 ,387143 386181 977195 939031 95854 582273 519580 503804 416981 882308 
123628 285478 286504 314561 359012 120170 206456 283133 108597 589862 ,123628 359012 120170 283133 108597 589862 9327 534178 367029 297613 
662480 224877 199665 425037 662236 104190 103831 103717 425582 103668 ,662480 199665 425037 662236 104190 103831 103717 103668 336289 919355 
348744 754145 696696 889443 980613 373762 344475 472459 831307 835197 ,472459 835197 82190 891756 375187 807850 380754 396559 811828 440805 
642270 641547 642866 958435 994921 99410 642209 892507 671915 213419 ,642270 641547 642866 958435 99410 642209 671915 213419 507588 596977 
774145 687561 158026 564633 16413 366707 292763 995839 202334 203097 ,774145 687561 564633 16413 366707 292763 995839 203097 9620 773476 
742613 733365 410074 717485 338770 141086 448241 519243 632450 453339 ,733365 410074 338770 448241 519243 632450 453339 323014 53853 339464 
853768 854715 192012 184860 270872 267651 32867 838305 185087 877910 ,184860 267651 32867 752150 633559 222299 798959 160510 910397 954735 
250864 567047 640036 89091 250263 372024 235015 248249 310126 189050 ,250864 567047 640036 89091 250263 372024 235015 310126 979072 279634 
620463 622591 852506 618079 398332 763760 649672 361169 650844 979974 ,622591 618079 398332 649672 361169 979974 891364 817589 996228 761318 
41476 604043 716493 567208 983839 944956 439908 216576 638477 737489 ,41476 604043 567208 983839 439908 216576 638477 737489 921269 930679 
318801 46960 323905 501922 204157 652568 233829 577414 29557 649965 ,318801 501922 871265 739674 682294 13090 492884 553756 412692 242619 
627892 627949 656941 460759 460876 947079 853910 12796 381860 514005 ,627892 627949 460876 947079 853910 514005 339026 252913 933702 606704 
321693 694782 742031 168850 685367 732380 89047 732752 523664 518244 ,694782 742031 685367 732380 732752 523664 547421 415995 363558 353467 
488909 504842 504151 595586 341089 140259 63430 195202 23127 23395 ,504151 595586 341089 140259 195202 23127 23395 117087 524169 831891 
863673 871179 920976 376480 207582 594030 853958 143033 376391 206199 ,863673 376480 207582 376391 206199 390739 840277 931910 954492 906156 
783353 951545 592040 901847 767407 411024 945690 790192 701169 767565 ,783353 767407 790192 767057 888088 836737 432978 773596 655846 645538 
694237 295060 88412 608339 286929 14132 14198 224220 842790 510743 ,694237 295060 88412 608339 286929 83890 73183 78581 82580 194235 
411668 282650 122918 807705 82383 641544 385803 125636 341232 937891 ,411668 282650 807705 82383 641544 385803 125636 341232 632694 526439 
922473 921570 618912 562296 982543 409730 99440 58119 130011 43692 ,922473 921570 618912 562296 982543 99440 58119 130011 43692 43498 
843099 845043 482894 634049 40774 374570 636158 344420 307297 268767 ,482894 40774 374570 636158 344420 307297 752482 663281 810702 41236 
436380 930261 233603 616029 356621 412973 221141 438369 511180 632527 ,436380 930261 233603 616029 356621 412973 221141 438369 511180 632527 
165997 854391 12611 492067 739944 187424 107331 747632 945933 76008 ,165997 854391 12611 492067 739944 747632 945933 76318 995991 870845 
720108 720630 323806 175716 449878 225985 105305 153078 32001 530683 ,720108 720630 449878 105305 153078 210909 742861 997835 152010 404988 
961932 344097 691974 310810 662251 307883 44498 920708 685507 716818 ,691974 307883 920708 685507 716818 877037 247491 841426 297596 972290 
549191 801965 3133 309957 75606 874359 983881 932228 565586 331442 ,549191 801965 3133 75606 983881 932228 331442 454159 588678 810937 
389354 521442 55011 207489 661694 857226 53651 218676 737185 521590 ,389354 521442 55011 207489 661694 857226 53651 218676 521590 51043 
975747 168031 342533 994047 268485 201073 995538 996670 929908 276911 ,975747 168031 201073 996670 929908 276911 732677 257326 491665 168376 
400197 106291 234069 409725 193270 631229 126999 143574 504125 125093 ,400197 106291 234069 409725 193270 631229 126999 504125 125093 580392 
9298 158276 822657 486696 88765 26516 469561 45444 342669 367219 ,9298 158276 822657 486696 45444 342669 8222 470800 86525 504292 
277522 321060 339326 356928 639619 289049 45790 290147 251614 218052 ,277522 321060 339326 356928 639619 289049 251614 218052 745211 28363 
182493 182450 258324 206964 206981 411689 226570 887797 607764 636728 ,182493 258324 206981 887797 564915 930178 246347 475635 845306 628319 
3933 895667 171070 802088 512511 111178 835255 834479 140677 243272 ,895667 171070 802088 835255 834479 140677 243272 867663 395043 625032 
533513 285512 953545 677575 301771 35502 721512 955701 756663 433173 ,533513 285512 677575 301771 35502 721512 955701 756663 810616 989250 
828914 654494 656832 657045 536293 443211 657030 374180 657412 656776 ,654494 657045 536293 443211 657030 374180 656776 654420 423458 656546 
165118 149951 623931 52432 929008 673874 949202 333528 613192 79745 ,165118 673874 333528 613192 620026 859564 82528 440155 957916 245622 
385852 18553 696029 349404 386447 10094 465213 510743 337482 294646 ,385852 18553 349404 10094 465213 337482 294646 805144 933903 196972 
196647 233556 830800 14791 502137 15096 13364 202614 916027 929483 ,196647 233556 830800 14791 502137 15096 13364 202614 916027 21600 
549947 682527 964760 408168 233429 471909 722928 20765 310878 188224 ,549947 964760 233429 471909 722928 20765 310878 188224 701774 80871 
880393 390062 194911 273727 622018 58033 980294 207592 867994 58195 ,880393 194911 58033 207592 58195 668275 835856 596841 342930 73510 
677195 675817 676519 677530 677467 619648 674608 675079 775683 673811 ,677195 675817 676519 677467 674608 675079 775683 673811 674389 674005 
530166 292853 5137 923137 533332 292484 77742 710899 127287 389897 ,530166 292853 5137 77742 389897 282653 739492 466619 280228 663808 
361434 333786 426601 606192 698750 490012 459914 241124 890384 609584 ,333786 426601 606192 698750 490012 459914 241124 890384 609584 775866 
315761 144746 353350 479751 143916 350148 282934 121595 328047 826946 ,315761 144746 353350 479751 143916 350148 282934 121595 328047 826946 
572667 822282 159921 800382 921062 297749 142014 847625 220918 159717 ,572667 822282 800382 921062 297749 142014 220918 159717 648446 788439 
180780 389041 269557 523752 326805 453532 421343 732394 452967 454157 ,180780 389041 453532 421343 636859 290643 452813 958686 79796 292496 
13806 525724 400679 95406 942682 59964 389451 307090 305981 418018 ,13806 305981 305354 630501 429579 630394 174676 780573 427448 183095 
629044 368737 282531 139548 368467 186056 618358 200850 146066 99691 ,629044 368737 282531 368467 99691 248907 654133 433155 966497 78386 
862476 908962 879722 709085 224268 223870 36841 630793 722027 863331 ,862476 908962 879722 709085 36841 630793 722027 863331 956896 890456 
977222 384170 384082 80149 40905 683845 453881 976736 40994 40917 ,977222 384170 40905 683845 453881 976736 40994 40917 975726 779438 
890328 890334 616034 602925 226169 193709 203534 267812 485384 355484 ,890328 890334 616034 602925 193709 203534 267812 485384 355484 595790 
767127 958853 683049 727222 155790 833894 996410 579766 361673 59491 ,767127 958853 727222 155790 833894 996410 579766 361673 59491 649853 
17007 662921 18369 473716 293845 820850 672326 264667 1890 443030 ,18369 473716 293845 820850 264667 1890 443030 663102 200233 240715 
845769 911030 564327 911246 905189 583753 98870 584149 584169 397338 ,911030 564327 911246 905189 98870 584169 397338 877654 905266 911523 
877051 569857 443908 102441 854859 877106 846088 104028 954821 825791 ,877051 443908 102441 854859 846088 104028 954821 825791 443858 446061 
994573 859599 994675 778293 141278 652934 35076 452236 617758 994777 ,994573 859599 994675 778293 141278 35076 617758 994777 263498 778024 
940031 221880 226320 512483 327452 538984 308167 73969 435185 100901 ,940031 221880 226320 327452 538984 308167 435185 842375 937450 472165 
256695 190550 515874 337009 241718 364026 68846 515897 496790 307446 ,515874 337009 364026 515897 496790 307446 248441 151239 108059 639048 
465267 841512 149089 318410 431112 287817 401309 512758 626604 575647 ,465267 149089 318410 431112 287817 401309 626604 973144 227425 21745 
744929 744900 745784 743276 745077 963990 2779 236 28695 738865 ,744929 745784 743276 745077 963990 236 28695 738865 962965 745523 
369924 197506 876637 760728 198394 205888 581806 223152 956164 13051 ,369924 205888 581806 223152 956164 948243 904780 68627 194399 269016 
792136 490719 458623 162423 404231 646459 47663 183157 389574 238717 ,792136 490719 458623 646459 389574 238717 614273 764078 494274 466194 
391447 916387 680021 534257 273664 268137 921205 441422 847955 223919 ,391447 916387 680021 273664 268137 441422 223919 667821 484867 19495 
502305 825327 818778 683074 105597 470850 247076 477226 476854 982557 ,818778 683074 105597 470850 247076 477226 477234 450229 476850 640221 
555039 554885 246560 301805 68459 555116 584681 861385 131205 861352 ,555039 554885 246560 301805 68459 555116 584681 861352 591689 670313 
74810 124251 154667 731856 457539 127419 90722 112606 81972 87572 ,74810 457539 127419 112606 81972 87572 607323 81772 988072 95229 
390644 294077 296515 915344 102887 954498 129051 515842 531323 338387 ,390644 294077 915344 102887 129051 515842 338387 337995 867752 747580 
775895 506954 686110 35469 414405 629790 325416 686033 369089 579661 ,775895 506954 686110 35469 414405 325416 686033 369089 579661 240965 
18341 532147 731150 670054 378382 177582 974634 723212 386337 578739 ,18341 532147 731150 670054 378382 177582 974634 723212 386337 18249 
943872 62302 95829 802231 225862 114637 728836 544296 542357 869842 ,62302 95829 225862 542357 804788 692320 357172 610439 726147 697687 
59210 382221 690789 366351 620719 989544 60574 906745 525840 525947 ,59210 382221 690789 366351 620719 989544 60574 906745 525947 607048 
870231 639336 81716 631544 916040 51680 503119 580498 160171 281647 ,870231 81716 916040 503119 160171 281647 81771 253860 66647 987580 
635076 197661 276477 15270 635551 193891 193100 900470 561747 633154 ,276477 197661 15270 193891 193100 900470 561747 724119 919575 10059 
642484 641507 640021 640254 215762 518422 518486 640078 641302 825581 ,642484 641507 640021 640254 518422 518486 641302 825581 642196 642317 
84180 986984 90249 122017 501843 815513 122119 78965 76424 815521 ,84180 90249 501843 815513 122119 815521 68541 420313 28566 384718 
392012 359889 391771 48558 354314 379986 615063 337867 31769 548522 ,392012 359889 391771 615063 31769 460712 497257 490797 193005 730211 
749258 524375 918056 933769 935530 440672 438943 302318 742098 112249 ,749258 524375 918056 933769 935530 438943 302318 943588 230917 229158 
260253 553902 554575 856650 277055 256663 950353 601604 106049 485701 ,553902 256663 957411 850117 105691 985039 854055 981318 850535 611516 
229205 173426 57215 646773 282501 461993 27621 76206 50081 744613 ,173426 57215 282501 50081 744613 108027 897981 591700 109397 739301 
498246 311942 833048 704655 94332 526906 496488 169937 690143 350587 ,498246 311942 704655 526906 496488 169937 690143 321468 350757 503281 
251662 13200 894897 99255 997694 202432 266710 242219 438707 541907 ,251662 894897 242219 541907 224777 212488 541954 73897 894084 216007 
421519 421791 850239 829880 428660 908806 42353 936696 788323 472713 ,421519 850239 428660 908806 936696 788323 472713 643515 762743 882495 
706821 623765 881135 455105 691504 796171 417588 459019 102363 800638 ,623765 796171 417588 459019 224280 264224 380509 706894 482161 88881 
653029 475350 832916 98703 653491 474880 615252 791533 428541 70187 ,475350 98703 791533 690558 94820 724573 517743 200134 583998 378695 
615869 258738 754214 256851 525890 89494 158588 529529 711713 466855 ,615869 258738 525890 89494 158588 529529 466855 569079 838043 122455 
942507 160253 251538 934505 380584 52499 681819 513449 273132 486874 ,160253 380584 681819 513449 273132 9901 885795 645200 376782 320527 
652579 607115 607156 470965 470954 156554 426767 284595 953203 339442 ,652579 607115 607156 470954 156554 426767 953203 339442 574954 477130 
69423 261750 466624 30872 490209 685617 954562 728425 825622 954475 ,69423 261750 466624 490209 825622 7574 527268 634744 192358 275691 
791060 589145 945051 576778 607363 660130 576472 790949 727723 408179 ,791060 945051 576778 607363 576472 790949 727723 408179 377230 774729 
954577 550066 107243 171238 703098 438741 296140 724530 137971 60065 ,550066 703098 438741 724530 137971 60065 830968 716553 986946 452587 
55552 464428 891891 248889 250890 603508 659900 607147 694033 473685 ,55552 891891 603508 659900 607147 694033 473685 383801 350885 720211 
574352 828144 705352 349154 389875 168670 435313 413494 603371 573812 ,574352 828144 349154 435313 630289 389649 232149 170541 138281 448771 
448595 902760 464312 464149 87482 584691 463348 598524 72241 182299 ,448595 902760 464312 584691 463348 598524 72241 182299 466780 151774 
509338 501999 401039 226300 212061 352722 355697 352309 349830 175472 ,509338 352722 355697 895549 645174 826600 985694 234406 397277 899384 
667036 667129 447910 544467 969741 667365 541464 246705 448085 44890 ,667036 447910 969741 667365 448085 44890 445963 912528 779949 123956 
796316 985222 387855 731502 549204 778716 462332 414234 803392 808282 ,796316 985222 387855 731502 549204 778716 462332 414234 803392 808282 
774413 27231 230436 180287 459816 370438 19265 958152 241654 394871 ,27231 180287 370438 958152 419837 441873 821011 394082 307976 739077 
16637 17031 969727 513405 629449 63430 989277 692615 563013 969367 ,16637 969727 513405 629449 563013 969367 940740 941383 915494 681336 
99795 758295 636453 565741 204385 297510 695262 395786 206113 392379 ,99795 758295 636453 565741 204385 297510 395786 396565 632623 242355 
929433 272068 272351 327118 599696 510141 883057 491531 862164 991551 ,272068 272351 327118 599696 510141 883057 491531 862164 991551 310715 
286625 773315 229571 228781 941605 837203 598378 229150 841972 75628 ,286625 773315 229571 837203 229150 75628 590069 408399 255173 574607 
654695 448292 965100 445788 675305 447004 446143 447419 38355 446517 ,654695 448292 965100 675305 447004 446143 447419 38355 446517 965136 
482708 486210 998280 323105 322586 74973 899219 585834 540819 587726 ,482708 486210 998280 323105 322586 74973 899219 540819 587726 572227 
483742 1920 388530 252881 880831 131809 849323 263090 936966 257392 ,483742 388530 252881 131809 849323 263090 936966 257392 919118 990334 
432514 436474 561401 899745 899982 988042 621456 416677 958254 958035 ,436474 561401 899982 988042 621456 958254 784306 424793 732230 226868 
614959 423109 422547 336805 560165 606759 321456 30216 415440 443658 ,422547 336805 560165 606759 321456 30216 415440 443658 423252 566248 
445175 54338 53193 669114 188126 825983 52121 882790 83221 52086 ,54338 669114 188126 825983 882790 83221 52086 54230 882520 537119 
40754 839698 995139 473893 426692 655152 647010 426836 994900 889368 ,647010 889368 42087 833606 295137 755176 673574 859384 994459 259746 
863145 74614 80605 526679 547865 922453 587733 215663 976536 608836 ,863145 74614 80605 526679 922453 587733 215663 976536 608836 601253 
895307 548691 577880 794747 473321 474233 870454 587742 540840 59323 ,895307 548691 577880 794747 473321 870454 587742 540840 59323 770352 
414215 84869 154993 224938 282096 87658 67397 948228 888551 181823 ,414215 282096 87658 67397 948228 888551 181823 99835 563028 706883 
452645 452558 458495 453541 849979 491203 517398 452825 452627 452245 ,458495 849979 491203 517398 452245 293604 459340 459889 459465 644502 
431545 77639 22723 693421 943609 15242 927539 943588 275788 950349 ,77639 943609 15242 927539 943588 275788 467650 46899 924466 509050 
651278 888231 716828 983926 697611 333464 213907 855002 419957 968212 ,651278 697611 213907 855002 384742 87940 379692 129526 712546 727607 
616761 455913 253209 226338 409498 59353 95596 450892 84492 448585 ,455913 253209 59353 448585 879102 209406 732438 197337 312960 238198 
216482 38891 953101 6907 887850 640086 814301 641681 856249 569487 ,569487 823505 667224 639995 850819 446356 654592 655097 446176 558405 
867843 868034 912398 561886 561581 911273 736067 889242 207108 444573 ,867843 868034 912398 561886 911273 736067 889242 207108 444573 225944 
514652 108216 949628 896623 59413 71266 595711 400374 564333 940663 ,108216 949628 896623 595711 564333 940663 778742 96143 876505 705162 
811664 572898 20865 573045 771291 908678 725058 965337 695560 442059 ,811664 572898 573045 771291 725058 965337 695560 442059 809190 753982 
531237 481628 922379 519201 533046 519010 17599 974887 232112 77783 ,531237 922379 533046 519010 17599 974887 232112 947222 71120 921169 
999393 41400 799739 187979 112329 57208 997875 508860 870867 230635 ,999393 799739 112329 508860 870867 230635 278918 45097 887300 886690 
534149 16605 347089 489622 899050 278389 859268 788698 697146 743482 ,16605 489622 278389 859268 697146 743482 785739 26105 150572 42873 
778473 747119 374312 825129 929722 38042 248140 797751 74619 899701 ,747119 374312 825129 929722 38042 248140 797751 74619 899701 952048 
306711 791634 925834 413651 792011 952893 468748 101403 585733 670689 ,792011 952893 468748 101403 585733 670689 692507 515339 821710 371004 
466654 389897 498743 482386 841854 151241 560256 682527 145717 20806 ,466654 389897 498743 841854 151241 560256 145717 536320 814679 528693 
65763 307251 629207 866320 930719 194175 24474 6736 21685 233125 ,65763 307251 629207 930719 6736 21685 473035 972798 331271 527803 
772784 985863 991113 973692 829417 222216 894530 973887 892503 643613 ,772784 985863 991113 973692 222216 894530 973887 892503 472300 559280 
802293 431446 636256 965 453081 803046 953671 801600 169364 140494 ,802293 431446 636256 965 453081 169364 291519 122682 356451 426826 
197027 929489 390009 432124 512785 706531 706872 725467 601123 634018 ,929489 390009 512785 549012 594038 711672 266628 108084 363735 806243 
886869 884931 789622 452874 473855 786263 400051 701230 210870 473515 ,884931 789622 452874 400051 701230 210870 82641 7468 904872 488441 
530180 872134 96188 232216 350990 530581 322229 96896 796817 299840 ,530180 872134 96188 530581 322229 796817 299840 742591 733287 755533 
882420 895646 673265 47089 10376 896310 633201 253010 662579 55364 ,882420 895646 673265 47089 10376 253010 55364 734606 128660 602670 
774701 635141 634980 541757 666843 667098 357647 295852 401779 666987 ,774701 541757 666843 667098 357647 401779 666987 410124 783789 224795 
526799 586351 96124 550209 892860 321121 457768 527728 723810 464367 ,526799 586351 96124 892860 321121 527728 723810 905086 160046 155950 
726520 391632 174398 796124 362464 719141 960447 614083 350362 512198 ,174398 796124 719141 960447 614083 350362 512198 461991 110014 929473 
660164 568085 80333 600892 716160 660833 368568 601010 710919 406620 ,660164 80333 600892 660833 368568 601010 710919 406620 220070 80883 
924968 433287 262380 538196 441376 803316 356573 193679 510276 490882 ,924968 441376 356573 193679 510276 490882 61423 813370 926622 573322 
108608 126547 591430 115886 18688 456289 245909 627848 496717 154511 ,108608 591430 115886 177331 32554 267088 4984 947660 741678 521844 
630341 354522 681013 67691 669114 259790 942408 611293 312560 590474 ,354522 67691 669114 942408 611293 590474 827839 987188 328901 859775 
69805 456583 63679 670207 833453 587002 670886 712486 706486 384920 ,69805 670207 587002 670886 712486 706486 384920 225937 823693 668298 
60503 691198 200324 264602 265748 554848 611348 871714 122585 200464 ,264602 200324 265748 554848 611348 871714 122585 200464 264742 433831 
714690 279576 279079 56689 522827 590246 56620 164307 232642 274947 ,294042 56123 52135 500794 523570 640641 304695 691349 248391 227549 
404100 400133 930025 238956 749827 198320 277136 205926 935607 404055 ,404100 930025 238956 277136 935607 298734 750166 807366 693293 345138 
131768 722112 258674 337524 589776 826892 96177 674312 149446 630823 ,131768 722112 96177 674312 149446 630823 866840 27157 351233 767093 
116759 374887 778451 140780 576333 149446 780799 722112 139080 113964 ,374887 778451 140780 576333 149446 780799 722112 113964 159057 195336 
667853 883024 732841 226350 773600 846999 544244 923129 140377 686237 ,667853 226350 773600 846999 544244 923129 140377 686237 122503 847785 
63909 15801 885951 997931 970675 307269 634458 662797 478907 556293 ,15801 885951 634458 662797 326967 403973 169127 249486 970235 599001 
860636 625884 535615 512463 802974 699315 949865 718386 103089 676935 ,625884 535615 699315 949865 718386 103089 831319 513605 546107 428381 
354523 429461 203351 150019 757349 698777 836814 499111 719924 219645 ,354523 429461 203351 150019 698777 719924 219645 720005 333161 400770 
626523 43637 134544 959822 341340 803213 159943 410730 738021 960396 ,626523 43637 134544 341340 803213 159943 738021 960396 99716 541240 
807637 318022 700790 802173 808354 413968 864366 218840 863514 92242 ,807637 318022 700790 802173 413968 864366 863514 411088 480254 49124 
636833 814716 818601 158034 815352 487392 487433 94319 815466 814664 ,814716 815352 684474 129259 815373 815262 818128 234480 124453 815470 
95539 389785 781238 450738 94814 196617 275433 20466 206583 270861 ,95539 781238 94814 196617 843167 394602 887052 691734 886646 381458 
390120 530457 866781 356997 261601 531814 474425 426730 948673 442935 ,530457 866781 356997 474425 431888 37290 128328 274888 202892 156483 
874209 737101 475622 889501 379633 947348 489569 49932 35226 274335 ,874209 475622 379633 947348 274335 162756 274541 635796 419743 999387 
596322 510829 959146 389468 631819 271304 813962 367860 88235 470788 ,596322 389468 271304 813962 367860 88235 810368 926677 811616 944321 
69725 304651 551023 874111 80797 822477 971013 505366 963395 326085 ,304651 963395 681471 532594 370651 823289 70278 800325 315220 817858 
435841 14566 208989 452670 488432 326642 287660 915571 510190 915145 ,435841 208989 452670 488432 326642 287660 510190 484530 528827 322992 
789023 937969 465344 368824 474571 81501 665336 81260 484460 485761 ,789023 465344 474571 81501 665336 81260 484460 485761 378694 614182 
58692 226314 632708 535442 840928 434054 254710 11063 200846 193075 ,990320 405884 990699 228807 922439 513156 201704 251235 539805 405698 
327308 467332 705232 636216 498935 327635 435544 356831 716692 688529 ,327308 467332 705232 498935 435544 356831 688529 609655 950955 599821 
758643 303108 790678 245528 298023 696574 65014 733223 370891 352554 ,303108 245528 370891 801206 530212 395641 512133 523540 721815 746781 
767656 995078 893074 34075 763986 293952 310421 774694 605499 813080 ,767656 893074 34075 763986 293952 774694 813080 619805 941984 606101 
400016 536552 753383 851918 870157 852242 239491 546210 654799 723442 ,536552 851918 870157 852242 239491 711610 196326 707417 893225 680300 
735673 652271 80216 754191 81388 552523 116743 584028 485377 670432 ,735673 80216 754191 81388 552523 116743 212039 901019 947339 194231 
536169 242238 762996 242524 756308 127367 951146 307853 444475 653654 ,242238 762996 962588 784945 529107 940721 60559 322322 306608 633233 
588549 626231 964246 653204 801374 679935 328462 802729 243538 97953 ,588549 801374 802729 330837 655372 256760 393180 288392 343836 159657 
389776 979574 202630 266908 183250 203139 267417 635689 91588 351100 ,389776 979574 183250 267417 203139 91588 507202 416569 94262 143107 
790393 197095 272900 45190 698501 947511 45551 951150 250646 785704 ,790393 197095 272900 45190 698501 947511 951150 250646 785704 804661 
439740 204351 268629 547868 171379 441155 980123 552165 519851 381366 ,439740 268629 204351 547868 171379 441155 980123 552165 381366 28645 
858194 850123 852314 102932 756242 761354 969269 969435 853166 960764 ,850123 566465 852475 103027 803806 191764 970445 190599 827436 574468 
755323 840765 893250 824828 755491 816077 826293 247380 741699 983907 ,755323 840765 893250 824828 826293 247380 983907 585884 486167 588838 
813627 70387 346892 667294 382491 44965 823434 662402 878258 985568 ,346892 382491 823434 878258 985568 229422 962158 231007 554304 195992 
81980 978283 890802 294147 123218 44271 637857 354525 824354 232100 ,81980 978283 123218 44271 354525 824354 45063 959242 379336 978897 
403993 935804 934169 549509 960580 74755 728640 408630 430653 550607 ,935804 549509 728640 193319 272135 663516 885199 635224 393685 392254 
15872 595434 958218 991160 677494 882130 586263 868725 774648 36270 ,677494 882130 586263 868725 774648 236734 91349 844661 673467 941510 
420775 3379 380084 768881 204844 939820 125978 990105 990798 128352 ,420775 380084 768881 204844 939820 125978 128352 338127 868216 963343 
277736 591114 590264 303573 73157 521153 15769 693889 534601 192839 ,591114 693889 192839 360052 268540 986536 630259 12937 268467 309738 
327772 417204 431885 605536 484109 748732 671096 698520 850680 61093 ,431885 605536 484109 698520 850680 61093 259812 805755 558171 431973 
92229 681881 965603 172380 681977 380487 438193 990093 380021 955897 ,681977 435346 966909 295902 63727 68142 251228 600151 495038 229666 
373156 241301 586872 163742 533715 311514 456929 956558 389893 851979 ,373156 241301 586872 163742 533715 311514 956558 389893 851979 724903 
169247 617775 564368 49290 583131 246362 313350 617710 724172 367785 ,169247 617775 564368 583131 246362 313350 617710 724172 367785 614619 
234769 487542 34111 693726 453124 359452 841079 530086 414404 236317 ,234769 693726 453124 236317 89032 965388 117006 803582 454351 239417 
456337 683966 906995 578598 901650 286216 380450 456516 52336 380335 ,456337 683966 906995 578598 901650 286216 380450 456516 52336 24572 
190803 413357 467937 964448 476000 888812 110571 751845 26939 284607 ,190803 467937 964448 110571 284607 53639 106865 954067 426345 882420 
314204 706085 702319 21663 173909 797130 953408 797533 33294 175226 ,314204 706085 21663 797130 953408 797533 33294 363819 429906 714804 
413728 860774 123018 20006 124561 484350 876929 961116 837776 604482 ,413728 860774 123018 20006 124561 484350 876929 961116 604482 795029 
298797 916928 332566 84327 927687 160455 945153 781879 790832 166934 ,298797 916928 84327 927687 160455 790832 166934 405131 144480 349923 
809596 275814 64948 543961 553739 151718 345469 257750 20093 425135 ,64948 151718 20093 425135 831065 487309 197795 78148 360546 916316 
491680 564320 380269 381616 392065 880369 705524 859891 831866 613921 ,380269 392065 880369 831866 880715 100870 720485 261213 814038 919319 
982379 59540 511412 595673 872343 667973 670041 522296 16210 170274 ,982379 511412 595673 872343 670041 170274 439684 541872 336470 923329 
19198 124275 256130 840638 800706 575066 291441 431452 338657 733382 ,19198 124275 431452 338657 733382 849599 590087 605313 166699 107100 
475818 322364 204351 268629 205481 799951 397795 452839 678975 560479 ,475818 322364 268629 204351 205481 799951 678975 560479 814297 474411 
163500 956729 798977 98164 401052 643091 536492 472869 565047 803409 ,163500 956729 798977 98164 401052 565047 859408 899503 795609 488520 
170146 2848 504818 510934 694114 1771 2766 193379 748402 480750 ,170146 504818 694114 1771 2766 748402 480750 692308 937866 314828 
899173 548541 841418 727032 900907 390960 137857 899039 132065 194255 ,841418 727032 899039 132065 842969 243910 958198 929664 681318 81763 
398496 778588 374074 677479 760606 958272 111410 651736 756381 749555 ,398496 778588 374074 677479 760606 958272 111410 651736 756381 749555 
244135 245484 318506 83073 536374 613070 300546 407145 46659 834038 ,244135 245484 318506 83073 536374 300546 407145 46659 834038 759782 
433261 419469 214374 233860 63168 434485 18242 63647 501850 733177 ,433261 419469 214374 233860 434485 18242 501850 733177 742483 694211 
275616 996745 878958 738123 890329 668714 521160 668809 956340 641918 ,996745 890329 668714 956340 641918 540416 670846 206693 837625 537676 
114730 241340 241321 943653 479820 205773 283697 463776 377043 328325 ,114730 241321 943653 479820 205773 283697 463776 377043 328325 695804 
680562 691734 263550 936161 108025 887330 505092 958349 13352 121653 ,680562 691734 108025 505092 121653 497822 101086 15851 208594 382228 
951152 242408 555231 834826 45746 648642 163817 429935 300301 648353 ,242408 834826 45746 163817 300301 545206 446564 961862 604317 999251 
620945 198999 719156 637815 99094 125318 725924 620514 265903 107077 ,198999 719156 637815 125318 725924 620514 815132 723040 321754 707410 
390610 516382 273735 419757 195299 414453 276789 773853 516191 197337 ,390610 516382 273735 419757 195299 414453 276789 197337 453208 398087 
756416 109072 219588 436120 604017 778451 140359 623832 221718 678947 ,756416 109072 436120 778451 140359 221718 627289 603830 765754 438679 
923648 80696 668457 821042 350821 736298 264378 64451 54363 68707 ,80696 668457 821042 350821 736298 54363 927366 544069 696635 174541 
392745 393758 519238 175451 395258 174976 508106 519547 75069 201129 ,392745 393758 175451 395258 508106 519547 75069 265407 201129 748989 
268626 597579 834154 285280 299677 619009 623017 833623 364570 796903 ,268626 597579 834154 299677 619009 796903 180022 180453 703420 627795 
377930 202681 749750 176 836007 546083 663183 202876 267154 823308 ,202681 749750 546083 663183 202876 823308 201420 958736 595526 88213 
768335 718738 373469 762945 244813 472727 899826 569397 216196 816273 ,569397 216196 816801 41031 131024 767893 423774 824610 101107 884375 
393217 109093 107794 13868 684017 125556 14074 111052 932531 391351 ,109093 107794 13868 125556 14074 391351 573008 681736 570081 693403 
966549 479093 248086 411306 839058 955574 235063 553615 821335 398479 ,966549 479093 248086 411306 955574 235063 553615 821335 398479 707774 
635392 397098 532330 435627 451068 513805 302505 822061 279636 201604 ,635392 397098 532330 435627 302505 822061 279636 265882 34344 465859 
507421 601915 284905 377286 219497 5977 662844 658195 239113 429254 ,507421 601915 284905 377286 219497 662844 429254 716810 347533 350963 
600332 306812 34635 708518 600530 161610 660210 585240 359199 328061 ,600332 708518 600530 161610 660210 328061 75169 314460 312055 495349 
131284 178552 25401 222553 710230 131601 214201 608046 32662 210697 ,131284 25401 222553 710230 131601 32662 210697 462833 147941 173393 
262022 437013 221644 517446 806176 563592 368215 645426 926994 806166 ,262022 437013 221644 368215 645426 462321 749896 580661 933438 530842 
901548 165264 225953 551812 736047 201418 904429 470847 12803 872629 ,165264 551812 12803 823343 225124 333747 871712 315450 599198 539472 
738603 742374 494824 736497 744172 738491 745492 383634 19703 649548 ,738603 742374 494824 736497 744172 738491 745492 383634 509772 510386 
772819 521943 637012 966510 794113 195358 521951 864653 966238 574743 ,772819 521943 966510 864653 574743 289733 974119 268269 922531 521970 
336948 531503 364205 497969 520415 718393 283233 602690 798294 87757 ,336948 531503 364205 497969 520415 602690 798294 87757 532140 780307 
434287 262527 499631 330005 162719 290780 416437 27014 229541 414349 ,434287 262527 499631 330005 27014 229541 525485 289561 167456 749804 
807135 962782 253181 388753 13879 200528 607223 15787 245566 932756 ,962782 13879 200528 15787 245566 932756 15945 388546 941478 728813 
524946 520741 510278 83911 566409 306383 261442 500108 430370 451523 ,524946 520741 510278 83911 566409 261442 451523 261427 526670 104908 
934194 932658 987990 443538 181267 516167 835035 298617 43913 483842 ,934194 932658 987990 443538 181267 516167 298617 43913 483842 856335 
659507 994474 318963 200754 569600 410607 726792 460119 245176 781863 ,659507 994474 200754 569600 726792 188778 905338 282063 514205 169870 
6901 38545 38386 38240 897035 39488 230886 397589 39135 417228 ,6901 38545 38386 38240 897035 39488 230886 397589 39135 417228 
551394 385023 863168 797487 740946 956424 283300 744635 632982 692359 ,551394 863168 744635 692359 690690 5673 982366 730508 671771 327236 
570007 806260 133583 806155 806188 719771 617323 637961 30577 615678 ,806155 806188 719771 637961 615678 151870 427896 863412 87345 693961 
83468 77740 384999 511184 70771 526550 254067 433241 487635 350667 ,83468 77740 384999 511184 70771 526550 254067 487635 241313 103425 
678788 512284 804629 60603 746218 627783 858781 545314 195856 859952 ,678788 512284 804629 627783 195856 859952 884090 512691 885894 224927 
755027 153029 422199 422075 65800 140067 316162 161041 807975 507832 ,755027 153029 422199 422075 65800 140067 316162 161041 807975 507832 
831878 350327 931693 704146 164764 868050 18016 723793 184212 916551 ,831878 931693 704146 164764 18016 723793 184212 916551 452536 17178 
411041 188564 716980 814497 558781 699616 756699 929707 188546 698164 ,411041 188564 814497 558781 699616 756699 929707 188546 698164 781987 
353712 271820 575531 76486 160259 159489 372204 172101 577601 775984 ,271820 575531 76486 160259 577601 656896 698568 698544 793097 915307 
321471 305117 366540 333284 321541 232400 945568 672515 520187 661877 ,321471 305117 333284 321541 232400 945568 672515 520187 661877 292724 
858142 575684 100976 487275 591630 686527 412794 867198 829222 606155 ,575684 100976 867198 606155 605601 2007 48523 323332 400149 690535 
773125 773772 973459 114624 775113 234593 963712 828939 875174 668487 ,773125 773772 114624 234593 963712 828939 875174 668487 773603 772632 
338355 922595 708764 339179 356971 922422 876337 586378 690064 570464 ,922595 339179 586378 690064 570464 708765 41379 786484 227852 687193 
504645 987183 542281 206839 621685 685017 242828 489722 789590 459735 ,987183 206839 789590 249862 1879 463087 59309 710650 460503 929576 
981082 537674 394142 981724 843690 178960 120200 332308 265078 694818 ,394142 981724 843690 120200 265078 694818 860710 617312 664484 888400 
403236 723371 193668 272484 549188 699334 254256 452908 720018 806023 ,723371 193668 272484 699334 254256 720018 528869 488299 430817 431446 
526010 630055 123027 977274 59243 466011 279329 548809 630920 466702 ,630055 123027 977274 59243 466011 279329 548809 630920 466702 25345 
567627 591422 569466 567091 146495 816754 674063 117808 170578 809293 ,567627 591422 569466 146495 816754 674063 117808 809293 158992 750535 
739560 812169 695755 174177 100575 457261 735388 752367 899129 184052 ,739560 735388 752367 899129 181703 126881 170807 628644 598797 916045 
577688 259068 39038 552121 685992 422240 218600 433125 157192 955897 ,552121 685992 422240 433125 955897 828542 512528 510190 290372 957455 
905749 309510 217384 39918 527211 748674 114281 39755 817466 497699 ,905749 309510 217384 39918 527211 748674 114281 39755 817466 497699 
580131 69929 821569 130818 761029 695551 738763 526600 324679 431332 ,580131 69929 821569 761029 738763 526600 431332 46553 36161 322333 
390057 176462 176220 919314 368131 59543 629877 67910 24288 600806 ,390057 176462 176220 919314 368131 629877 67910 24288 600806 60970 
401143 562310 515454 235679 271403 182020 531446 699533 515359 483547 ,235679 271403 531446 699533 515359 483547 522105 735890 565577 152393 
520741 615445 566272 79769 780122 405065 615497 309442 122453 218830 ,964873 95097 104908 482510 496647 153036 79429 429871 815224 510323 
51925 740096 775465 907196 543384 257652 152167 198491 421219 403454 ,775465 543384 257652 152167 198491 403454 694524 707499 694770 130716 
896689 793218 406861 324619 354342 207055 778762 888211 826940 499291 ,353015 985852 911982 808420 540522 866814 892139 284664 360867 406310 
677336 165041 629187 470846 521620 290364 415938 558035 557931 67210 ,677336 165041 629187 470846 521620 290364 415938 558035 557931 67210 
227563 452719 278333 601943 660549 659817 458820 524177 352574 352906 ,227563 452719 278333 601943 660549 659817 524177 352574 458386 360582 
924832 3441 924708 720238 811488 846667 892820 354343 340452 564190 ,924832 811488 846667 892820 340452 564190 61956 850220 766150 303031 
576017 75405 227936 632023 576402 582510 576387 162150 253869 545081 ,576017 75405 227936 576402 582510 253869 545081 553990 908451 935457 
298910 696572 72779 305548 396934 310764 431962 301559 676266 731156 ,298910 72779 305548 396934 310764 431962 301559 183094 684259 110848 
615943 422984 82179 515681 96411 424755 719222 811182 684346 336704 ,422984 96411 424755 719222 811182 684346 336704 40560 5977 470071 
985179 817770 979603 817616 833073 160336 322235 981464 832016 830594 ,985179 979603 817616 833073 160336 322235 830594 986174 981873 352976 
929531 184938 189770 530569 552768 87264 189732 62019 247059 483939 ,184938 530569 62019 247059 873966 153239 441155 136217 834928 107747 
193977 783187 39038 61331 346972 261030 850360 879544 177035 400276 ,193977 61331 346972 177035 400276 314317 46332 59582 282260 437668 
690464 704528 999130 734117 810946 843615 612278 804774 397484 709508 ,690464 999130 810946 843615 612278 804774 709508 485129 99044 502140 
708275 71490 888483 758513 888828 539598 61533 971415 888581 843125 ,888483 758513 61533 971415 843125 219918 342816 705939 411 527434 
195128 273944 436026 915773 965760 70604 199677 214355 275319 99523 ,195128 273944 436026 915773 965760 199677 275319 882605 267069 69827 
949918 629711 948494 723030 463348 462119 493741 228643 948004 679811 ,949918 629711 723030 462119 493741 948004 679811 723255 369889 291367 
386087 503485 397959 773920 863336 477326 807637 57811 332117 691733 ,397959 332117 691733 615369 693827 898390 492338 553153 554557 318022 
879703 560534 918827 541909 199444 278260 667795 918851 561253 665930 ,879703 560534 541909 199444 278260 667795 918851 665930 919780 614888 
3948 413755 307663 434491 801741 380655 904156 125885 815886 246030 ,246030 269016 152736 868924 584319 182057 290414 692022 585565 584004 
110291 61330 70911 832748 59074 902624 894970 227982 161663 519863 ,110291 70911 59074 894970 161663 519863 65321 882992 1038 71081 
681443 978525 294159 978548 734288 737283 982489 679603 978180 525408 ,681443 483188 133206 585385 686631 72249 245107 78954 564372 172502 
859371 787077 795260 109003 937866 969447 553663 311223 630888 739596 ,859371 937866 969447 553663 311223 630888 739596 762324 631749 919254 
469705 742969 756065 917287 915639 681862 621058 443528 265790 448956 ,742969 917287 915639 621058 443528 265790 448956 80773 572141 577557 
837128 835223 947386 700143 253421 956074 324094 749142 972037 562529 ,837128 835223 947386 700143 253421 956074 324094 749142 605567 350952 
197815 380521 384252 419451 197218 194175 242720 244221 481177 335363 ,197815 380521 384252 419451 481177 335363 972798 969102 57829 968723 
999766 833562 808936 486753 791067 332470 733245 742334 845499 491630 ,999766 833562 808936 486753 791067 332470 742334 491630 766053 823254 
685200 815677 434417 319389 308873 691102 359058 526622 611358 816016 ,526622 88771 350695 365609 146258 345212 481509 280573 169784 707510 
96247 95822 863456 787477 469715 270437 89757 451604 167340 231702 ,96247 95822 863456 787477 469715 89757 451604 66315 265437 128348 
825845 599948 448616 500063 106032 122240 510127 551695 960914 505300 ,599948 448616 500063 122240 510127 551695 960914 340557 806530 175211 
932442 481240 931751 895261 690790 389770 929231 843495 238436 245730 ,932442 481240 931751 895261 690790 843495 238436 522164 594451 862979 
289104 225459 180737 732690 376667 862676 678077 832092 219599 278389 ,732690 862676 832092 278389 866053 416560 16663 14403 564078 62560 
282550 545428 663163 93819 246803 719123 261440 251459 524707 121922 ,282550 663163 93819 246803 719123 261440 251459 121922 545439 363373 
417874 971698 971884 202982 267260 812065 763083 648985 931516 675009 ,971698 971884 202982 267260 648985 675009 919486 249691 795785 920848 
997365 996973 516498 900650 997124 886969 564022 128 11367 914876 ,996973 516498 900650 886969 564022 11367 914876 885836 757586 960661 
700679 988139 384943 950708 808258 990070 686756 469046 566702 546953 ,700679 950708 808258 469046 566702 808160 659812 477971 153262 476621 
428666 642304 428590 912596 616262 656321 638626 892966 217411 906033 ,428666 642304 428590 912596 656321 892966 217411 906033 755912 890911 
198916 100313 728652 288075 519170 283125 847384 309546 687411 996366 ,198916 100313 728652 283125 847384 687411 996366 846701 308818 99512 
220381 868186 868102 868385 885666 102160 393036 538689 867863 830624 ,220381 868186 868102 868385 885666 102160 830624 868619 868101 879963 
191160 960656 560908 546500 546770 931606 889093 544244 960336 929890 ,560908 546770 931606 889093 544244 960336 929890 539253 564023 708784 
183089 728828 234999 477833 488006 65141 438449 220094 80637 275429 ,183089 234999 220094 80637 275429 785242 604831 83261 927136 497259 
469043 655362 726894 469145 399096 202448 892700 310607 376021 201812 ,469043 726894 469145 399096 310607 22002 83119 432413 676003 365018 
843901 953719 592071 743929 565151 666380 765713 921906 974370 253715 ,843901 953719 743929 565151 666380 921906 974370 253715 922693 176083 
716395 480322 874294 448578 987990 570816 471939 710176 722515 919531 ,716395 480322 874294 448578 987990 471939 710176 899314 420736 448956 
347161 627800 331897 356068 343174 343799 614165 444236 66177 444920 ,347161 444236 816104 626703 811947 733162 953110 717370 670770 428557 
341102 626834 340457 70954 85056 461532 415570 701556 84727 343312 ,341102 70954 461532 701556 343312 84762 217480 744703 326246 199833 
595378 101201 930007 747444 426253 747404 631691 399877 995599 459500 ,595378 101201 930007 747444 631691 399877 339438 425719 399513 962032 
754356 478833 107317 725698 337789 691338 828588 740918 520992 793619 ,754356 107317 337789 691338 828588 740918 520992 793619 100240 997226 
544649 772038 363958 544515 780505 220070 790008 971752 572765 227223 ,544649 772038 363958 544515 780505 220070 790008 971752 572765 227223 
263754 825463 126895 263191 985534 264051 960837 986350 986281 519956 ,263754 825463 126895 263191 264051 960837 986350 519956 995084 365517 
648444 610175 755369 830489 766548 755555 755478 24002 24909 127755 ,648444 610175 755369 830489 766548 755555 755478 24002 24909 127755 
586323 857021 800944 995737 27678 21868 857186 758734 950849 146358 ,586323 857021 800944 995737 27678 21868 950849 146358 172957 848286 
660164 796578 660833 655383 406620 716160 894140 604353 869298 666860 ,660164 655383 406620 716160 894140 604353 869298 666860 601010 654374 
94838 94506 94546 43897 834572 292239 70082 572449 566510 795754 ,572449 955005 469642 198676 406361 279729 523384 256361 380036 399512 
240559 496611 62603 450207 65608 959922 80371 281218 958403 696712 ,240559 496611 62603 450207 65608 281218 696712 492952 320346 516125 
763531 26007 364357 734235 490866 525322 306625 663476 522453 293072 ,763531 26007 364357 490866 306625 663476 522453 293072 294596 325403 
256201 510376 9774 9916 746386 39885 919195 39982 918981 921355 ,9774 746386 39885 39982 918981 921355 876168 97885 5569 474738 
842203 756342 867684 406155 481830 915924 867740 856232 863142 791702 ,406155 481830 915924 867740 856232 863142 791702 941078 863848 846405 
636885 373985 891758 544676 672899 834806 819350 672778 544768 468982 ,373985 544676 672899 834806 819350 672778 544768 468982 673338 833098 
247809 771625 895789 959064 104231 632630 642168 877935 808943 446425 ,247809 771625 895789 959064 104231 642168 877935 808943 446425 541911 
827999 353535 167789 355371 828433 616591 552792 658093 835108 592981 ,827999 353535 167789 828433 616591 552792 658093 835108 579180 618732 
25401 105266 605902 487975 25395 589178 552227 250911 876895 895374 ,25401 605902 589178 552227 895374 386910 895173 683120 916009 521759 
803155 186762 15961 27536 125577 486941 128810 16104 665619 391364 ,803155 15961 27536 486941 16104 881855 187188 687 331723 74733 
660409 402432 909073 919739 210328 204844 871394 515465 742803 438245 ,660409 402432 909073 919739 210328 204844 515465 742803 438245 246153 
389288 279854 724649 58827 352921 75028 432113 168402 541539 339340 ,724649 530457 247015 822997 228585 990138 730556 256362 912372 79626 
618180 481723 969437 628595 618289 646243 522514 152440 832837 635085 ,969437 628595 618289 152440 832837 612204 193860 698586 845909 416569 
80176 471496 315057 599910 471581 383410 386682 756336 471077 961401 ,80176 471496 599910 471581 383410 386682 756336 471077 472572 472015 
36148 877090 884576 986083 997298 40733 614413 773314 670637 535886 ,36148 877090 884576 986083 997298 614413 773314 535886 846748 668124 
669259 959216 817046 669513 464716 48542 898258 6582 594967 787118 ,669259 817046 464716 898258 6582 594967 897654 400389 182276 998779 
61711 401391 271438 351420 350882 439222 391108 930732 130289 637450 ,351420 350882 391108 930732 637450 280901 520 355775 615679 337231 
430195 430255 121963 563495 73272 95767 523175 86847 23460 525108 ,430255 121963 563495 95767 523175 86847 23460 525108 719187 431762 
340482 795765 86270 245095 238409 87071 34525 955100 339878 289970 ,340482 238409 87071 34525 955100 339878 289970 786849 468294 536301 
885356 455996 947194 132066 705956 277708 480662 853213 144294 862231 ,947194 853213 144294 255685 241606 704164 560534 516150 712736 669810 
733149 542273 542251 201770 879685 879721 913588 905924 261242 224584 ,733149 542273 542251 879685 879721 913588 905924 261242 224584 939533 
650545 6706 460092 91545 398693 485911 839499 87057 526702 298551 ,460092 398693 94902 945283 814963 393440 989642 427274 95688 507845 
687295 24198 964301 791309 341437 899323 11730 245120 428763 548873 ,24198 964301 899323 11730 245120 428763 548873 490580 244546 56178 
703825 871416 662978 891673 711355 480100 112414 940292 11767 60890 ,703825 871416 662978 891673 480100 112414 940292 60890 899017 214168 
648278 647795 653450 444791 653336 651542 673111 652983 647184 672672 ,648278 647795 653450 651542 673111 652983 647184 672672 672799 613766 
727652 635588 212674 867505 489405 732063 337919 175495 388320 108965 ,867505 489405 732063 108965 287748 700782 547995 285344 516540 242639 
330514 799920 326407 158475 329465 809903 689224 547928 124823 860982 ,330514 799920 326407 158475 809903 689224 547928 860982 810225 965007 
906086 102623 716872 423907 558857 444812 427554 826333 566229 447991 ,826333 447991 447904 606376 446977 570579 429335 642676 899826 569474 
407572 949704 832279 419554 217788 612786 806289 944036 525941 494031 ,407572 949704 419554 612786 806289 944036 525941 494031 973995 981361 
642308 793201 770578 641896 569397 421614 901561 911981 655171 48998 ,569397 901561 767893 643948 207849 102784 716857 788100 677177 421495 
245881 431112 866132 539952 508758 211555 509791 72451 738750 729465 ,358943 255648 466460 843682 875464 977959 227420 960629 582051 123829 
666064 823979 483645 755247 665457 43153 596441 44343 421562 807527 ,666064 755247 665457 43153 596441 44343 421562 199535 421602 875475 
631708 774095 87885 693115 428196 900208 970906 631702 587468 950467 ,631708 774095 87885 693115 428196 900208 631702 587468 71928 926578 
371054 888348 502722 692643 930227 894258 464186 695300 744364 740383 ,371054 888348 502722 692643 930227 464186 695300 744364 565999 966069 
644293 643432 638921 642935 644619 644876 641586 643949 643435 644862 ,417502 462174 953568 981314 709808 986236 870679 716060 666974 918103 
510088 512645 493650 341146 80941 353662 752431 702072 612394 331659 ,512645 493650 341146 160832 340402 588736 482032 435419 875964 18629 
651141 943316 956452 485844 58180 851554 58165 674610 230110 678412 ,651141 485844 58180 851554 58165 674610 230110 678412 557685 760399 
886065 158343 565400 270874 678417 940663 957539 786243 868397 861719 ,270874 861719 886541 854627 879719 933722 207680 885778 911072 99153 
78261 566084 109006 551117 163012 366760 582041 793618 21855 506118 ,566084 366760 793618 506118 126244 578412 436271 838004 416214 258350 
327215 488805 864369 665397 251235 14427 813012 400430 511703 831015 ,864369 400430 831015 1280 486431 21551 635164 754290 197684 242847 
720627 315404 924546 332753 924171 941591 776287 5691 827545 604708 ,720627 924171 941591 774847 101997 625818 880665 557407 678983 376012 
939013 122175 543488 69654 48214 48099 225417 653840 225418 269516 ,939013 122175 69654 48099 225417 653840 225418 269516 291196 269490 
9845 43800 225621 320072 112384 492152 321108 84273 151066 270514 ,739430 227384 878241 455596 450834 717227 185721 729718 385531 20388 
566350 262094 227177 364844 234039 305785 227220 565107 252066 68720 ,227177 364844 234039 305785 227220 252066 68720 241630 919099 755558 
431712 782155 68985 710543 796817 401793 359850 363693 83917 195419 ,431712 68985 359850 83917 195419 59950 490024 496784 105048 282324 
157154 55533 863736 49991 886857 52496 959210 537216 887022 44049 ,959210 537216 44049 156840 996694 685636 52033 57380 276805 420421 
996925 867728 768224 877028 877017 768226 867667 845860 847467 996902 ,996925 867728 768224 877028 768226 867667 845860 847467 996902 854855 
857727 688493 856455 771124 138871 506874 226884 530504 253343 836380 ,856455 771124 138871 506874 226884 530504 253343 384289 903873 96966 
301898 389111 543599 762230 543384 506079 543363 809695 345407 861081 ,301898 389111 543599 762230 543384 543363 809695 345407 480261 302696 
788811 220776 828688 523481 441433 806877 928924 662755 198067 255864 ,788811 806877 928924 662755 255864 709165 718691 732218 631228 728892 
280029 351007 928532 306725 522086 353697 937394 181101 723001 137545 ,280029 351007 928532 522086 181101 723001 137545 512806 731538 980170 
402516 607784 726616 177610 726040 697652 656366 370117 92091 504831 ,402516 607784 726616 726040 370117 92091 504831 921698 707518 655745 
321532 246995 430952 261797 338583 501484 354402 528442 523095 247309 ,246995 430952 261797 338583 501484 354402 523095 292359 430454 122032 
352049 336924 784814 179337 527398 192549 525750 429682 368541 699483 ,352049 336924 784814 179337 527398 192549 525750 368541 699483 804444 
815623 928776 590147 91053 366205 611676 967658 178781 617587 444768 ,928776 590147 91053 366205 611676 178781 444768 815789 916127 223027 
691175 692150 966010 660248 966062 966438 614512 387989 861972 930319 ,692150 861972 703383 206264 466133 494967 568679 115087 734224 744716 
472383 470883 103367 530423 79884 530762 55240 475350 80143 470886 ,103367 80143 472915 182024 698375 804133 209810 422128 614904 429429 
230190 656587 639915 657256 656410 656217 445843 101576 656931 655649 ,230190 657256 656410 101576 655649 445887 657666 445585 447033 443001 
375010 372313 405370 542836 551378 630717 241578 836901 658014 164026 ,375010 372313 542836 551378 630717 658014 108496 109724 47159 747853 
467431 38055 768694 778554 890448 848083 385966 498952 706961 811127 ,467431 768694 778554 890448 848083 385966 498952 706961 885409 856262 
462039 661395 83124 662511 580597 961587 662241 88041 951576 506246 ,462039 661395 83124 662511 580597 662241 88041 951576 462468 923098 
180701 997018 410078 850892 997110 823693 918331 103891 103735 561980 ,180701 997018 410078 850892 997110 823693 103891 103735 561980 598543 
93525 724723 169667 235341 963911 91826 906468 939241 60151 359803 ,91826 906468 939241 359803 863968 264664 258770 348070 983320 982672 
823568 540432 290529 411307 916139 478553 746169 557235 384937 51005 ,823568 540432 290529 916139 557235 384937 51005 57527 536361 851302 
307786 899911 406343 226562 501389 141370 936266 859009 556126 540476 ,556126 842529 519446 506544 239722 66077 194729 503683 600987 207935 
709947 324334 26196 799711 716754 321598 350438 305988 325002 518524 ,709947 799711 716754 321598 350438 305988 325002 518524 494771 295236 
988814 1994 1145 573061 507986 948781 575184 635098 470935 435313 ,988814 1994 1145 507986 575184 717823 436053 124288 554556 889404 
454020 675727 771011 598211 819937 526963 156113 700102 87249 248536 ,454020 675727 771011 598211 819937 526963 156113 700102 87249 309854 
271940 3186 278442 976829 193863 236795 752819 43735 992276 29545 ,278442 976829 193863 236795 992276 332151 494677 787808 829867 406270 
460193 325618 226895 586576 369451 175002 151276 459461 559952 866814 ,460193 325618 226895 369451 175002 151276 937218 587647 557035 678397 
458346 262497 762302 504104 684613 302073 594004 355495 262326 262234 ,262497 762302 504104 684613 302073 594004 262326 492960 515371 431982 
686538 621626 719849 634650 172519 205028 965791 837458 901994 632654 ,621626 719849 205028 965791 837458 901994 632654 777136 620504 828729 
540482 811979 233136 321020 686034 414956 701910 63893 699058 152765 ,540482 811979 233136 321020 686034 701910 63893 152765 422011 684535 
298594 566000 274103 860825 566165 485152 499695 484462 270081 657486 ,298594 566000 274103 485152 270081 657486 991544 2706 161358 666065 
743254 23586 911218 558744 741148 783853 443611 604580 294702 614906 ,743254 23586 911218 741148 783853 443611 294702 614906 215847 159416 
448474 753038 958371 723848 843303 94181 380119 300702 238010 629306 ,448474 723848 94181 380119 300702 238010 243515 963515 302274 349733 
581222 869346 943412 419458 46995 949883 784945 427533 638276 250661 ,869346 949883 784945 427533 737227 568611 370620 863128 546455 363855 
573150 738730 69422 599197 518891 599148 989542 440228 400973 704194 ,573150 738730 518891 989542 440228 704194 33480 469715 11511 59435 
299321 73349 503028 660346 864973 155761 715483 806353 994028 277509 ,299321 73349 503028 864973 155761 806353 277509 109725 476884 729741 
290774 452232 898861 898207 989345 82479 280540 895301 988965 602101 ,290774 452232 898207 989345 82479 280540 895301 988965 602101 156540 
342740 357515 357300 344377 356694 396540 340691 355796 681437 23012 ,342740 357515 357300 344377 356694 396540 681437 23012 833076 139004 
386624 921942 521824 386171 85589 241421 879244 468033 414912 962366 ,386624 921942 521824 386171 85589 879244 414912 962366 198702 543285 
943394 949724 538902 942867 223917 174403 3967 173816 487303 224366 ,943394 949724 942867 223917 173816 487303 224366 59175 706917 749301 
619449 317481 413547 561271 344999 692106 991400 219569 705126 316383 ,219569 705126 316383 271890 166906 564137 781351 934530 840293 824655 
868000 869997 308648 832223 405970 885836 479578 13394 862979 264851 ,868000 869997 832223 405970 479578 13394 862979 102129 582051 479602 
5436 207462 506446 571339 452883 999662 548762 506413 407851 296940 ,506446 571339 999662 407851 296940 573905 497099 639418 42118 776277 
2776 749624 534148 13570 4450 595757 113258 686986 855842 431436 ,749624 593790 112619 730429 735260 586448 879443 510152 233057 925275 
615135 790748 893153 774155 214485 373189 615829 208530 17690 689154 ,615135 790748 893153 774155 214485 373189 615829 208530 17690 689154 
192557 271373 271389 119664 392147 396261 911075 752136 881470 13243 ,271373 271389 119664 752136 273235 843493 334505 168702 425117 728390 
532088 831121 88701 35680 744524 59444 414587 795313 705404 313076 ,532088 831121 88701 35680 744524 59444 414587 795313 705404 313076 
633558 72191 949381 385377 803866 32871 252230 84157 630885 197981 ,633558 72191 949381 385377 803866 32871 252230 630885 197981 887988 
581763 983645 27852 261114 260843 637090 605548 984803 854925 811533 ,27852 261114 260843 637090 605548 984803 854925 811533 728491 360133 
476876 476566 477328 37803 911224 38136 911337 770403 477247 409643 ,478176 477316 911328 37881 785724 667395 905634 447384 423437 448029 
839421 957638 310055 856575 857184 699401 565812 858265 103684 68628 ,839421 957638 310055 856575 857184 699401 565812 858265 103684 831859 
500067 549364 549099 293049 425447 965125 370864 355329 583722 756157 ,549099 293049 425447 965125 355329 583722 756157 756461 743244 777087 
204889 780232 235275 993052 100214 681900 884654 583292 544786 887154 ,204889 780232 235275 884654 583292 544786 887154 998677 993549 392536 
207107 939377 919831 70343 955285 853625 940607 997208 732288 205262 ,207107 939377 919831 70343 955285 853625 940607 997208 205262 905653 
369698 156148 279764 108365 597842 808053 403501 843567 543109 382453 ,156148 279764 108365 808053 843567 543109 226884 154249 526441 121767 
877330 911787 921966 909821 87472 69156 907628 402904 106801 877486 ,911787 921966 909821 87472 402904 949017 839152 59309 595658 842270 
681136 22631 131874 333037 367835 351072 559840 506500 178549 287828 ,681136 22631 131874 333037 367835 559840 506500 300115 352601 125548 
168273 689217 199574 862370 788532 862087 72120 268987 628248 425900 ,199574 862370 268987 628248 425900 128352 93586 224266 403334 16316 
519589 520275 710470 228616 440236 948361 673537 15867 987295 233468 ,520275 710470 228616 673537 15867 987295 490814 998791 963376 448359 
681399 227499 659014 142922 472555 895303 804340 385226 636645 995073 ,681399 227499 659014 142922 472555 804340 385226 636645 995073 648416 
721262 96734 123928 863841 892135 206506 270784 45616 455704 699475 ,721262 96734 863841 892135 270784 206506 45616 455704 5633 923283 
378541 203881 268159 134313 722260 281401 698781 330500 928030 968950 ,203881 698781 118467 729035 514918 862352 954866 176121 965931 579697 
107198 785168 282618 544007 785467 741846 226835 929379 538860 844332 ,785168 282618 785467 741846 929379 844332 703164 934752 564655 11695 
974199 562875 563664 799401 422259 99620 524270 139529 510477 799506 ,563664 799401 422259 99620 524270 139529 510477 799506 74075 893658 
882721 226882 404411 879254 463852 882286 400181 58217 705859 474339 ,882721 226882 879254 463852 882286 400181 881742 881702 808653 758939 
61053 957537 70816 62910 752786 9554 747248 869715 474027 248763 ,61053 957537 70816 62910 747248 869715 842283 452441 868812 235472 
82344 422155 595393 120557 121068 965624 616077 785421 617579 785415 ,422155 595393 121068 616077 785415 815766 4727 494071 188581 79650 
336780 85195 336664 106969 336717 529478 84968 80027 123297 232976 ,305827 104908 363593 306318 68338 516671 389288 723624 425908 429612 
540423 540203 889701 244872 919452 355832 773855 867274 838329 998122 ,540423 540203 889701 244872 919452 355832 773855 758126 768175 480157 
763912 997347 881448 925802 735749 979591 895646 862281 882523 852175 ,763912 881448 925802 735749 979591 895646 862281 882523 852175 636927 
283505 337039 684733 295629 239031 850671 297988 296872 664059 601356 ,283505 337039 295629 239031 850671 297988 296872 664059 601356 300202 
90331 778956 126099 146168 316837 742114 968417 460057 145365 800582 ,90331 778956 146168 316837 968417 460057 800582 522347 783530 303679 
663990 824984 839266 771745 590934 916426 618113 986833 258489 586264 ,663990 824984 839266 771745 916426 618113 986833 258489 586264 881206 
100161 45804 759510 758660 972047 191182 191053 403181 558587 375151 ,100161 45804 759510 972047 191182 191053 403181 190990 443001 763396 
430358 560403 801888 472375 94129 833442 261821 658796 83725 659030 ,430358 560403 472375 261821 658796 659030 193060 524081 96660 917267 
931707 241504 123545 930251 990741 842294 207111 10114 539782 842394 ,241504 930251 990741 842294 207111 539782 842394 539764 678873 842082 
329856 332108 333642 73511 87176 660746 744934 73489 715280 219473 ,329856 333642 87176 660746 744934 73489 715280 219473 696333 33304 
790789 404992 989829 453540 205560 323589 903126 476134 130783 468463 ,790789 989829 205560 323589 130783 453362 261818 194417 482383 204010 
526951 127206 659657 82193 282864 343354 240965 529693 381130 97182 ,82193 343354 240965 529693 381130 853757 533359 145490 412946 383262 
538554 128704 806461 991809 529190 698071 469978 461919 416378 179962 ,538554 128704 806461 991809 529190 469978 461919 179962 630042 161743 
637404 637237 298788 42883 614878 363919 733000 114602 461262 547305 ,637404 298788 42883 614878 461262 638084 5002 527587 560359 518657 
735159 526779 687760 686778 347509 754804 931701 262837 432208 806119 ,735159 526779 687760 347509 754804 931701 262837 432208 806119 471896 
662852 508304 75135 242642 594431 124904 176109 588606 405683 498042 ,662852 75135 594431 176109 498042 678106 276830 479827 877545 508652 
847767 12234 127236 225153 892763 586452 632078 553223 552792 962541 ,847767 12234 586452 632078 553223 921358 485248 636031 915121 162323 
349648 667630 610815 495844 111998 465167 812117 293727 811533 610667 ,349648 667630 610815 495844 111998 812117 293727 811533 610667 645339 
885635 915642 482658 60610 234753 566177 527498 748408 197856 276672 ,885635 915642 482658 60610 566177 197856 501909 426368 514899 664983 
560579 453333 727491 727494 362353 166300 728607 993675 607026 749115 ,560579 453333 727494 362353 728607 993675 607026 749115 527736 21643 
210539 84323 181807 864884 74564 892302 339115 570906 516770 287177 ,84323 864884 74564 892302 339115 570906 516770 287177 253821 278490 
883690 625714 717555 636666 922955 775133 412403 755771 50115 671207 ,883690 625714 717555 636666 922955 775133 412403 755771 50115 671207 
815929 255525 937855 179085 150109 815777 835764 448762 444226 256134 ,255525 179085 815777 448762 444226 235606 534155 257525 207838 789922 
971646 688415 523826 297233 232408 130111 223037 898551 884363 310030 ,971646 523826 232408 223037 884363 310030 663228 348217 110426 733656 
940833 11809 462222 831612 756874 872160 463432 875931 529356 248046 ,940833 11809 462222 831612 756874 872160 463432 875931 529356 248046 
904771 833134 894452 773117 831541 835097 833102 607347 835930 858346 ,904771 833134 894452 833102 607347 858346 977987 210684 294058 659160 
963583 533770 478470 725160 744710 945883 739369 533242 74436 850644 ,963583 533770 478470 725160 744710 739369 74436 850644 169031 104996 
796392 432414 518894 433083 808872 624590 724794 596703 808811 433630 ,432414 518894 433083 724794 808811 433630 600215 200633 177677 864644 
389641 773372 405727 566017 136044 389587 887517 996654 921420 939245 ,389641 773372 136044 389587 996654 921420 357906 522403 406557 89955 
700352 82667 671869 219046 898752 700494 887727 549735 88913 300465 ,82667 219046 898752 700494 887727 300465 288164 79702 669617 298463 
526158 279304 466914 806532 658288 738581 789391 735129 615453 279394 ,526158 279304 466914 658288 738581 735129 615453 569506 724998 702966 
43968 787715 58087 570816 103600 658090 43913 981872 103422 103348 ,43968 58087 658090 43913 103422 103348 812706 211515 961098 716395 
352623 339121 480386 866395 714018 480862 337491 338024 442687 460865 ,480386 866395 480862 460865 481326 973286 377241 505658 87036 716911 
128913 811252 821922 20080 381332 820886 500539 507975 465378 509957 ,811252 431026 626784 821932 782305 723602 522813 307313 606920 582300 
239967 328812 571748 983647 599536 427688 238268 242129 81117 433106 ,571748 599536 427688 238268 242129 433106 35699 755038 94352 964740 
690893 893656 839089 263937 24486 517987 187985 57925 503959 779856 ,893656 839089 263937 187985 503959 779856 503969 8708 954941 666633 
916448 537722 324676 5924 607480 950846 573545 615191 950516 476538 ,916448 537722 324676 5924 607480 573545 615191 950516 476538 988687 
784819 520731 363475 363441 278876 30095 114855 23764 429449 518296 ,784819 363475 278876 114855 23764 429449 518296 80146 23684 511242 
22166 682343 971537 22052 569424 24224 142724 354795 22060 762687 ,22166 682343 971537 22052 569424 24224 354795 22060 94631 982616 
757522 777552 404685 907820 677366 758230 673403 777718 677012 757258 ,673451 672377 676833 756903 992051 674790 613031 677293 399976 817905 
803337 878686 879170 876660 607565 161100 24041 878386 650912 458777 ,879170 443981 784843 755758 295137 86109 994970 321860 278722 652146 
677078 964475 677634 756869 374990 584831 673773 374842 854118 963480 ,677078 964475 677634 756869 374990 584831 673773 854118 963480 677705 
415615 700759 378624 867421 415703 57940 270989 204944 84464 713167 ,700759 378624 867421 415703 57940 204944 84464 649121 968275 253758 
955212 426568 645535 219190 175212 426625 427063 431407 489891 682507 ,955212 426568 645535 219190 175212 426625 489891 477663 632363 924347 
808138 925739 745448 4997 441231 189623 144935 118634 317723 479326 ,925739 745448 4997 441231 189623 144935 317723 479326 99967 710264 
982823 982611 519502 199766 234271 709686 532154 108420 709528 519349 ,982823 982611 519502 234271 709686 532154 108420 457034 114526 69743 
449622 362275 770060 163024 312873 571006 707774 928048 162913 477609 ,770060 163024 312873 571006 928048 477609 770014 83221 887303 536277 
57274 894607 876247 286851 130287 650512 643640 7532 214144 241354 ,57274 894607 286851 650512 214144 241354 57446 757669 763148 411748 
105668 188800 293512 811626 82505 110872 822857 449117 336799 823634 ,188800 293512 82505 449117 684460 860153 521864 972939 638160 292296 
857686 827103 952279 880665 922953 952217 411584 667261 828682 39297 ,857686 827103 880665 922953 952217 411584 667261 828682 39297 882789 
828938 682294 668964 781021 903929 185878 473703 599825 34090 656811 ,682294 781021 185878 34090 990801 930955 927066 658023 798153 710980 
68866 943156 434861 722168 58715 417492 272432 635588 866979 62666 ,68866 943156 635588 629903 823248 417676 729632 176254 658603 527945 
474694 510311 88926 474608 81208 419867 830320 441376 386799 630707 ,474694 88926 474608 830320 630707 706623 526522 99185 733576 758085 
540874 505922 282656 425602 388226 859513 540793 611287 261795 935707 ,540874 859513 540793 261795 949436 144130 964961 425892 841297 930939 
324432 206864 425186 71896 934053 90620 61492 425695 397378 226458 ,324432 206864 90620 61492 397378 226458 297374 572434 987248 193981 
749812 967502 185789 370858 109405 876412 409222 402403 184919 17911 ,749812 185789 109405 876412 402403 184919 17911 578255 901330 579527 
96128 390295 223205 786426 112536 488947 968674 874371 151107 64706 ,96128 223205 112536 968674 151107 157099 947904 94419 262664 452819 
494545 126005 504714 575970 108648 512534 311284 90038 885257 979244 ,494545 504714 575970 512534 311284 885257 979244 911787 664140 987159 
80012 80540 974738 795218 282494 645629 530165 645732 985024 249933 ,974738 877578 233024 707231 658638 507352 698544 189295 386015 948427 
680563 661216 781139 313266 882373 17798 456356 661430 191248 21313 ,680563 661216 781139 313266 882373 17798 456356 21313 662577 882029 
556173 421064 930317 682526 915111 632814 821639 930183 908334 593526 ,556173 682526 821639 908334 416618 406269 742887 675582 365409 671179 
988593 385079 431433 151584 823086 308637 809730 966857 989649 501918 ,385079 823086 177715 233228 461804 716810 499537 387591 413774 748080 
803829 59483 209086 68504 587182 588476 355721 88629 156146 98907 ,803829 588476 837835 932760 605434 844709 868506 738079 238134 473207 
473286 789723 692997 593807 487774 488151 423266 90689 391428 834470 ,473286 692997 423266 834470 834648 285943 269749 127579 593696 908262 
364897 366206 297036 110299 997514 602805 368162 9877 863745 508652 ,364897 366206 297036 110299 997514 602805 368162 9877 508652 60820 
214511 274391 506594 490218 2810 922490 436554 516362 10085 82240 ,214511 274391 506594 490218 922490 516362 82240 292388 193986 270179 
406040 290118 563267 247531 52088 518355 43176 257993 206649 707341 ,406040 290118 563267 247531 52088 518355 43176 257993 206649 707341 
847659 832708 813958 618856 649449 858688 983579 325466 993431 883051 ,847659 832708 618856 649449 858688 983579 883051 848043 300644 370214 
979111 123281 796154 296141 101851 949863 302632 945887 4155 742020 ,796154 949863 945887 4155 978068 502724 739886 596998 926422 398198 
670104 891241 151647 390711 835550 681954 489043 413574 58231 701168 ,670104 151647 390711 835550 681954 489043 58196 636703 462167 608045 
793688 571160 874639 794493 492932 793546 553198 220882 872889 570906 ,793688 571160 492932 793546 872889 570906 323117 422292 698086 86089 
450639 195808 274624 274642 431820 299074 302523 302951 457611 380258 ,450639 274624 274642 431820 299074 302523 302951 457611 431980 702656 
43903 700362 534485 679779 31636 120991 599400 119912 193446 272262 ,43903 534485 599400 193446 272262 188421 233451 929590 234838 831921 
466219 878751 362242 316783 860877 360992 706457 861324 725796 461797 ,466219 878751 362242 316783 860877 360992 706457 725796 461797 465889 
185099 912436 506423 913363 537972 614672 465813 912895 846350 207430 ,913363 537972 846350 742035 465156 211370 654074 213030 389413 687506 
966384 173750 984153 870131 449848 979150 621312 472731 156207 616298 ,173750 984153 870131 979150 472731 616298 774728 325778 338715 549578 
793033 378618 663205 82045 123750 296110 61584 56838 85119 222009 ,793033 378618 663205 123750 296110 85119 693510 385457 981544 520007 
850282 686504 314763 324397 429471 329025 363564 369988 788821 354782 ,324397 363564 788821 354782 55968 684167 236374 791675 902671 245778 
107149 132821 124318 593139 581726 66913 126461 311429 430176 135149 ,107149 132821 124318 581726 66913 126461 311429 430176 135149 967301 
679631 842058 958219 934731 37492 926815 272159 145209 376681 862230 ,679631 934731 272159 376681 731463 541876 869998 230024 431311 254319 
209466 810187 136562 107580 332660 148252 973686 970116 332022 774711 ,209466 810187 136562 107580 332660 148252 973686 970116 332022 898778 
633196 337886 276910 285108 199120 62035 695296 310919 407091 87120 ,633196 276910 199120 307605 531904 694110 786525 332073 85893 139232 
14977 14830 836106 897191 462788 106521 100038 245734 936135 234242 ,14977 14830 836106 462788 106521 245734 508267 656121 126575 709121 
245957 491911 983059 668827 438249 95259 250435 880095 246768 925777 ,245957 491911 983059 668827 438249 880095 246768 432307 246175 43526 
773284 43839 521712 660982 554321 900021 228569 897726 91874 302429 ,773284 43839 521712 660982 900021 228569 91874 851222 970715 661418 
816458 570291 673135 723441 910827 23555 911009 668815 885292 536299 ,816458 570291 910827 23555 911009 534687 473864 471433 24672 607726 
771120 930246 212347 838406 41378 124894 439771 802654 44388 903143 ,771120 930246 212347 124894 439771 802654 44388 903143 34845 41551 
968799 189279 695171 989902 579312 658424 968417 60725 633208 368835 ,968799 189279 695171 989902 579312 658424 968417 60725 633208 368835 
996025 831858 250453 581319 373849 994672 832028 17510 445318 833044 ,996025 831858 250453 373849 994672 832028 17510 445318 833044 542341 
958553 958654 841332 326089 292468 481758 959098 333544 429711 211728 ,841332 326089 292468 481758 333544 429711 211728 211719 803557 211442 
905991 667756 449599 644421 946962 910949 669910 862522 905415 547021 ,667756 449599 946962 910949 905415 36587 889096 905342 938363 667794 
296464 769220 394453 502764 194243 152793 705744 422105 296425 1970 ,296464 769220 394453 194243 705744 422105 459637 993789 144180 851445 
334120 334825 613395 115021 613779 6670 218026 638605 508616 442220 ,334120 334825 613395 115021 6670 638605 116126 796416 230258 628770 
415429 472436 560068 444677 606786 230645 4582 653538 400671 684223 ,415429 444677 230645 4582 653538 400671 684223 560070 7806 472396 
763362 310591 110376 98121 94709 466395 944381 307471 523964 267858 ,763362 310591 94709 466395 944381 307471 267858 940331 514851 954670 
472378 529934 529338 191406 364446 524853 752256 720651 529127 764370 ,472378 529934 191406 364446 529127 764370 524950 528643 106568 68981 
93721 196090 274906 195055 273871 918185 340869 274105 823314 589765 ,93721 196090 274906 195055 918185 340869 589765 295757 475242 199391 
850835 851642 726616 532372 302481 798241 988732 210418 294810 210328 ,850835 726616 532372 302481 798241 988732 210418 294810 210328 796885 
664118 522319 349884 899204 899457 933255 227019 899109 531763 256983 ,349884 899204 933255 899109 203549 987802 90997 481315 305769 555785 
934677 830778 486411 678559 513068 99235 841159 439626 13657 512700 ,13657 512700 264213 724470 855074 733457 832762 285821 58943 363187 
103844 730709 543777 19269 194984 623572 966230 699054 886228 630079 ,103844 730709 543777 19269 194984 699054 886228 630079 286179 694243 
814012 41248 615386 411952 21610 469368 435131 171313 738260 582071 ,411952 469368 582071 49481 372328 552690 298638 552928 682153 240216 
279991 437193 876313 299928 298861 183797 499219 930362 90394 491000 ,437193 876313 299928 499219 930362 491000 339498 572419 623061 215431 
122450 725711 787617 930062 682155 410110 662305 283521 68124 785030 ,122450 725711 787617 930062 359286 94263 519271 510255 497045 78180 
423673 662628 723076 54334 719099 350672 669827 566270 94749 662704 ,719099 669827 94749 662704 816384 480689 709114 297933 815423 261574 
755535 754010 447627 768156 676378 962001 970484 693811 886170 429392 ,755535 768156 676378 970484 429392 104502 447532 979748 482501 132812 
401841 799411 398054 374485 799326 543352 24510 674116 375621 413204 ,401841 799411 398054 543352 413204 543299 413356 828034 25055 769318 
324825 323620 940438 826581 110785 569736 793290 84587 323649 459973 ,324825 940438 826581 84587 459973 138704 6796 685024 912616 883742 
242893 691376 215530 507136 183766 870826 60790 859438 982552 718272 ,242893 691376 870826 60790 982552 774916 131158 982957 994900 295066 
734593 848683 48921 43707 360394 767352 246144 41895 102196 855765 ,734593 48921 43707 360394 767352 246144 41895 102196 855765 698175 
426331 426434 496904 497039 590171 292100 87396 719159 534448 526611 ,426331 426434 496904 292100 719159 534448 526611 615976 350576 429350 
258673 618250 929992 704876 801094 351705 695030 840922 259458 629237 ,704876 801094 351705 695030 259458 706510 247450 497802 259811 684763 
242092 719396 430961 364007 484773 169274 70400 242182 7642 684051 ,484773 70400 7642 708851 169137 379552 63197 230836 953860 264945 
190840 894154 190748 767637 190740 767387 732260 766543 870292 328617 ,190840 190748 767637 190740 767387 732260 766543 328617 639746 839193 
179504 69035 68913 449056 517188 523250 883298 917728 365302 770307 ,69035 68913 917728 365302 492692 115312 431618 416558 704505 196762 
679119 879696 906985 881353 913354 973274 714372 532152 254339 918643 ,679119 879696 906985 881353 913354 254339 918643 304953 776534 153321 
628550 84010 351431 230345 82761 241785 351065 545238 515260 158841 ,628550 84010 351431 230345 82761 241785 351065 545238 515260 158841 
873213 619145 99208 873758 690551 618561 620709 15446 605387 864010 ,690551 618561 620709 605387 13590 193051 482018 589631 727874 956473 
165803 89741 182027 317245 87251 764320 248145 247683 247486 866580 ,165803 89741 87251 764320 248145 247683 247486 866580 717262 587137 
658855 781690 293507 498080 205827 270105 472997 755502 599947 298522 ,781690 293507 498080 205827 270105 472997 755502 599947 298522 298008 
176055 520143 776752 716639 771962 230424 721861 600289 810437 733856 ,176055 520143 776752 771962 721861 810437 733856 451800 51051 724509 
736731 138890 404628 659730 795343 965516 363549 753897 175464 171815 ,736731 138890 404628 659730 965516 363549 753897 175464 171815 499480 
91406 516600 177804 493570 106496 105420 239977 115074 264184 84117 ,177804 493570 239977 264184 728703 403911 359550 467850 967754 82718 
961029 50406 669310 557913 208284 483574 55174 482842 55351 635377 ,961029 669310 557913 208284 483574 55174 482842 55351 635377 670874 
232177 689498 931931 54405 741367 98779 530542 543991 425342 877769 ,931931 741367 98779 595476 268153 877712 887137 495822 104320 151948 
142179 732385 849383 24915 732279 849272 607515 759277 996863 833012 ,142179 732385 849383 24915 732279 849272 759277 833012 24248 25148 
503366 518640 472126 524664 247724 190542 90127 305087 279866 364055 ,503366 472126 524664 190542 90127 305087 279866 88574 294346 493140 
397070 336801 200993 265271 497239 122296 636056 736403 306722 738465 ,397070 336801 265271 200993 122296 636056 738465 265531 947069 336732 
613596 614684 589128 126826 421195 829841 632717 611622 429087 22603 ,614684 589128 126826 421195 829841 632717 611622 429087 22603 646723 
835630 900318 556556 207961 556925 374007 882497 544446 24424 853467 ,835630 207961 556925 374007 882497 544446 24424 544387 207953 896717 
571819 573888 502114 467764 363605 689950 89595 127663 977349 306212 ,571819 573888 502114 467764 363605 89595 306212 411068 151254 514995 
470518 782806 725881 951793 945668 851926 520880 709887 120034 787997 ,782806 725881 951793 945668 851926 520880 709887 787997 951634 829826 
630779 431762 335114 186683 518504 448920 186475 634517 66493 719858 ,630779 448920 634517 66493 194488 79989 262029 512866 925767 413719 
85590 697503 457261 84909 93726 906356 549981 348829 987931 553656 ,697503 93726 906356 549981 348829 987931 179492 796325 303153 15665 
998209 911407 845868 445056 911282 443484 615123 30251 443979 444031 ,998209 911407 443484 615123 30251 443979 444031 825559 768324 963158 
851859 851619 691012 549384 73965 481895 528746 810395 76261 76573 ,851859 851619 691012 549384 481895 528746 810395 273321 193031 270839 
983140 878576 35969 359758 824435 35952 824523 998453 825227 673228 ,983140 35969 824523 833305 611701 857036 103109 885875 445319 766108 
809589 51549 474044 52179 809897 411578 379159 470903 545397 754967 ,809589 51549 474044 52179 809897 411578 379159 470903 545397 754967 
228807 517214 887217 102169 95622 797248 703672 520434 962431 584231 ,228807 95622 797248 703672 520434 522053 405884 453663 265299 72569 
858563 852953 648322 649030 837985 990291 649451 672197 774522 785310 ,858563 852953 837985 990291 672197 774522 785310 255097 971559 648012 
789525 907343 285779 618550 25674 453004 221747 241336 980642 312977 ,907343 618550 25674 453004 221747 980642 312977 315034 222822 958047 
879893 204265 942514 708418 578270 123990 470504 58254 510170 225600 ,123990 58254 510170 966331 504285 864417 572141 563954 59387 560888 
612600 602018 676625 787015 829730 675539 140045 676107 790205 771070 ,612600 602018 676625 787015 790205 918988 820279 765994 767226 793045 
191299 997097 190644 545462 190589 191086 191269 858945 191391 855367 ,191299 997097 190644 545462 190589 191086 191269 858945 191391 855367 
842919 481962 481541 481267 820092 230944 406343 669753 481118 464323 ,842919 481962 481541 820092 406343 669753 481118 464323 899911 868679 
748729 611204 776222 986883 888105 13695 748201 225595 2837 841835 ,748729 776222 986883 888105 13695 748201 225595 841835 865404 16865 
653942 516725 730312 756650 701759 676331 620938 110912 406722 928103 ,516725 730312 756650 110912 726478 405669 678261 343898 73722 822079 
653536 367417 611923 586948 610209 612127 883970 650668 611197 609779 ,612127 883970 586146 579808 976906 307372 773969 210807 610391 321824 
572937 233049 572962 442199 335925 322643 608080 510275 603295 580307 ,572937 572962 442199 335925 322643 608080 510275 603295 580307 387548 
743300 420935 99062 690452 797003 748064 422545 652170 156158 338117 ,797003 748064 422545 156158 182167 80880 614954 349402 724883 704970 
865716 383088 143643 949726 746237 245028 12769 683926 14646 12789 ,865716 383088 143643 245028 12769 14646 12789 391044 943633 887208 
149754 865566 391373 634717 312277 941200 750526 962964 836908 883601 ,149754 391373 750526 962964 883601 747834 487738 301683 620809 149776 
659014 815537 105647 716450 629760 597579 86862 754718 524705 595181 ,659014 815537 105647 629760 597579 754718 524705 595181 397893 503178 
614814 781749 293991 255549 167314 380549 686054 565466 348441 9901 ,614814 293991 255549 380549 686054 565466 348441 9901 296540 563128 
251337 964542 469863 730147 357815 278528 201966 22870 572044 133688 ,251337 964542 469863 730147 278528 201966 22870 572044 133688 316138 
435568 825366 666479 101712 75854 65625 473653 115153 113861 385297 ,825366 101712 75854 115153 113861 385297 519272 732007 198128 434671 
963730 546915 157596 314901 807871 347392 232536 821099 227333 345068 ,963730 546915 157596 314901 807871 347392 232536 227333 493521 36964 
188698 540417 914341 299262 851911 396648 990208 415612 553615 807722 ,188698 540417 914341 299262 851911 396648 415612 553615 807722 704935 
226908 637535 265092 648942 255524 265525 255120 224479 102066 746620 ,637535 265092 648942 265525 255120 746620 114815 225656 503140 949144 
935093 933202 200301 264579 771436 201146 265424 917258 275454 438367 ,200301 264579 771436 265424 201146 275454 197821 295907 941101 452440 
776844 141928 395380 634700 286725 771182 463705 63223 140114 358407 ,776844 358407 794394 632459 655889 331799 165569 40955 693104 298750 
719558 702846 903166 83852 462539 849681 835826 786341 748279 3517 ,702846 849681 3517 259497 874006 124982 562875 906907 433460 198166 
736551 635024 635173 45683 712978 724774 99273 251064 15564 73897 ,635024 635173 45683 712978 724774 99273 15564 711716 742801 246372 
112444 154596 186040 466365 707847 361491 1909 486193 927684 316872 ,186040 466365 707847 361491 1909 486193 927684 231935 143549 230184 
301999 934660 336682 263212 601301 635929 6588 820903 558474 527539 ,301999 934660 635929 6588 820903 558474 527539 409864 305912 703369 
976614 9900 707699 702629 694262 486346 984772 598090 657116 923147 ,9900 707699 702629 486346 984772 598090 657116 879605 129201 970154 
784818 427120 787655 51542 353058 606754 566213 99066 30067 422828 ,784818 787655 606754 566213 99066 30067 422828 68436 784847 51303 
108248 124453 68315 124741 105423 336716 337914 363575 814664 363521 ,124453 68315 124741 105423 336716 337914 363575 814664 363521 684474 
47026 656286 105646 675349 189300 646064 754227 677499 608837 563835 ,656286 105646 613925 674421 822209 658881 829054 677481 552630 654983 
324563 781631 343506 520927 531263 142052 183580 611972 394668 322966 ,324563 781631 343506 520927 322966 122605 532501 327596 184268 404297 
744633 408409 132702 199822 264100 921573 408806 36659 132022 805237 ,805237 481797 834561 724801 93649 631678 735046 169120 306506 160506 
444287 993831 443684 790325 558015 445201 994618 824450 443988 647876 ,444287 993831 443684 790325 445201 994618 443988 647876 827114 849688 
844742 3769 206392 270670 431013 531710 560683 466471 12877 182492 ,206392 270670 531710 560683 182492 918707 186007 266474 468591 89062 
176220 32388 679992 203340 267618 853738 701265 427660 709826 699772 ,176220 32388 203340 701265 699772 323448 414380 172454 208902 323056 
401822 22864 396936 906131 806209 906840 22981 806298 526485 258273 ,401822 22864 396936 906131 906840 806298 526485 771243 542741 911200 
539683 674422 657293 810053 826496 743841 907226 735751 810015 920036 ,539683 674422 657293 826496 743841 907226 810015 882347 673088 375552 
836597 988911 206839 834743 556249 967966 958760 841634 836726 26207 ,836597 841634 836726 26207 121988 729073 97187 866982 266615 425618 
208901 214711 215152 732458 491065 301086 483864 398537 271733 535213 ,214711 732458 483864 398537 535213 671858 724883 886031 262497 832203 
279530 720654 50504 570142 228263 815083 112889 102622 181071 609877 ,279530 50504 570142 228263 815083 102622 181071 609877 246693 50497 
968650 967895 614397 846160 614685 214294 665815 50046 747128 566993 ,967895 614397 846160 614685 214294 665815 50046 747128 566993 789296 
762372 840704 330391 299718 973724 576883 234232 245822 314944 876315 ,576883 314944 876315 271307 190258 959260 295668 757375 806413 236325 
803972 510313 887820 567741 803981 689850 305520 426387 4640 502132 ,803972 887820 567741 803981 689850 305520 4640 15508 336863 350502 
566398 615978 79639 953621 615388 426704 708754 663438 517479 524718 ,615978 79639 615388 499939 957688 5431 499945 68313 79947 79412 
740640 106804 563905 422984 108201 911614 29965 29961 716526 79639 ,740640 106804 563905 422984 108201 911614 29965 29961 716526 79639 
532031 323071 532926 381428 425076 313157 304576 946904 95621 458663 ,532031 323071 532926 425076 458663 459594 82077 776811 86436 841170 
573793 698938 690916 229736 491402 518756 137043 429489 12146 157718 ,573793 698938 690916 229736 491402 518756 137043 12146 775434 616207 
894794 45654 991940 683215 228990 285814 51567 804948 318082 69844 ,894794 228990 285814 51567 318082 69844 379146 33876 472838 196581 
681938 886174 522106 993999 36645 538689 842751 420610 907026 126013 ,681938 36645 842751 420610 907026 126013 889066 42304 919312 191269 
139803 273472 509364 461147 80143 507188 30036 194833 20904 111503 ,139803 273472 509364 80143 507188 30036 194833 20904 111503 301649 
600886 723788 723426 600881 719429 531362 799523 798087 723495 903049 ,600886 723426 600881 799523 723495 79414 134660 175596 799350 24295 
782688 858775 187133 957397 51730 425084 52565 782070 508197 389466 ,782688 858775 51730 425084 52565 508197 389466 701893 468134 469231 
256985 64485 66263 166283 256506 832142 64903 832366 857878 285506 ,256985 64485 66263 832142 64903 857878 285506 347837 283661 764972 
873667 947882 865185 467120 941544 442079 872849 875906 466929 153597 ,873667 947882 467120 872849 875906 630340 240051 270089 523743 239166 
977524 394751 792649 608373 840244 190312 470991 473610 597586 131395 ,977524 840244 473610 597586 131395 339092 815537 481066 744387 105647 
935024 60866 868264 478356 225761 737182 705643 909073 545375 868336 ,935024 60866 868264 478356 225761 737182 705643 909073 545375 868336 
685411 13564 797108 730985 550742 797840 26544 481955 843633 142306 ,13564 797108 730985 550742 797840 26544 843633 142306 856606 206049 
698030 235518 678214 38997 376129 770218 979621 534957 399746 469711 ,698030 235518 678214 38997 770218 979621 399746 469711 537733 476003 
809277 809060 903865 889268 674134 801580 910257 755500 905186 537205 ,809277 809060 903865 889268 674134 755500 905186 576960 618995 755390 
524821 290291 717296 95694 31298 330875 99140 569543 357763 69803 ,717296 95694 31298 330875 99140 569543 69803 83369 151437 860550 
911772 599159 998551 607119 30233 716628 602142 990732 814767 770084 ,911772 599159 998551 30233 716628 602142 990732 814767 647221 496971 
745215 745109 254701 256663 31816 812123 181408 961292 306362 911185 ,745215 812123 181408 306362 911185 709884 955843 968403 146515 468510 
632316 856355 634509 847130 634539 965306 54881 544945 389648 790998 ,632316 634509 847130 634539 54881 544945 795750 193088 271904 273073 
831851 226186 997534 9914 208242 116873 632527 481172 381135 912157 ,226186 997534 9914 208242 632527 481172 381135 382454 580073 131236 
169390 962866 363611 492595 902133 372764 667727 406871 99412 659596 ,363611 372764 667727 406871 99412 659596 488177 860323 502642 66671 
103836 827650 754227 601527 601186 859987 952195 646064 412925 994656 ,104019 754340 288507 655944 8224 940709 105646 657506 824183 288891 
211985 1151 689064 934343 840184 892486 543817 937893 680163 847243 ,934343 543817 937893 680163 523527 269082 886739 539663 59540 15369 
677239 964595 375168 677187 374071 676473 832958 834422 978824 648781 ,677239 964595 374071 676473 832958 834422 978824 648781 896975 993739 
844958 966959 20456 860794 822254 415152 33258 243127 356417 224893 ,844958 20456 860794 822254 415152 243127 356417 224893 241312 33197 
392160 201672 682248 635551 224186 226838 697965 225161 524335 350329 ,392160 635551 224186 226838 697965 225161 524335 350329 394307 633154 
144025 529542 837955 837623 647180 946772 610008 117108 829608 757382 ,529542 837955 647180 946772 610008 117108 829608 951620 190776 614259 
765177 134808 765549 593535 836263 569113 673616 191130 750402 995273 ,765177 134808 593535 569113 673616 191130 995273 558023 672749 373833 
456508 533697 263977 281457 377480 895310 561270 594761 607546 893231 ,456508 263977 377480 594761 607546 893231 441499 688263 974381 939325 
43384 486077 880368 879092 839312 675550 757708 880590 755354 899840 ,43384 486077 879092 839312 675550 757708 899840 712974 757252 823175 
465207 187943 956567 448533 837009 435959 434383 271779 466813 136133 ,465207 956567 448533 837009 271779 466813 136133 614744 465430 952173 
489179 747459 504585 97810 664671 103233 264567 294815 153477 883643 ,489179 747459 504585 664671 103233 264567 294815 153477 883643 95484 
574358 492409 574023 898776 826209 901990 491593 985568 575564 295243 ,574358 574023 826209 491593 985568 575564 295243 969750 335464 409007 
742818 631364 207135 718956 129279 322034 892854 502432 459072 70009 ,742818 631364 207135 718956 129279 322034 459072 70009 959582 770404 
481574 626256 259127 710148 949619 451335 946593 860181 230111 968573 ,481574 259127 710148 949619 451335 946593 968573 652689 945551 649888 
783076 218256 844896 602207 883934 280138 735418 609237 691192 244007 ,783076 844896 602207 883934 280138 735418 609237 691192 897710 831542 
641329 961974 962362 642409 641318 641168 641314 640906 994795 641011 ,961974 962362 642409 641168 640906 994795 641011 640129 640821 448729 
560850 428690 481481 746788 919228 956920 17137 842349 459387 164764 ,481481 746788 956920 17137 459387 164764 865202 680928 233135 204553 
551015 251228 72475 548629 727213 849501 3063 806918 806685 59997 ,548629 849501 806685 753318 118838 118895 126917 34202 332072 72755 
759284 567312 160476 568519 158379 995737 995879 757474 568411 567193 ,759284 567312 160476 568519 158379 995737 995879 757474 568411 567193 
400828 397112 401328 441513 279978 949046 584297 905114 441171 503059 ,353907 636033 505420 479388 991873 441006 20459 558571 298740 806156 
756560 758384 755956 991876 757668 760532 757469 992521 757774 673033 ,756560 755956 991876 757668 760532 757469 757774 673033 992728 992934 
296833 499978 22538 266040 71282 893271 296483 411061 527165 100807 ,296833 499978 22538 266040 71282 411061 527165 100807 431699 594003 
572215 572584 681128 510449 705483 617579 367162 4651 466898 178971 ,572215 466898 178971 748225 719622 684236 560625 903087 324906 179219 
99819 420621 939320 171844 731259 396327 501775 386269 81994 694503 ,420621 939320 731259 396327 386269 81994 694503 122762 295887 214749 
153969 619359 871553 509179 520110 222055 219519 153712 11107 219544 ,153969 619359 871553 509179 153712 219544 145590 107291 391116 723901 
98140 307195 435270 75783 154713 857472 701496 520342 262230 218962 ,98140 307195 435270 857472 701496 520342 262230 533882 223538 223585 
300315 874421 358546 998304 47328 357075 652453 985264 394668 781948 ,300315 358546 998304 47328 357075 652453 985264 394668 781948 196205 
885195 107707 131544 17357 541723 93364 206189 270467 539607 433614 ,885195 107707 131544 541723 93364 270467 206189 539607 839694 658523 
3261 1457 837197 225133 482328 399540 513449 1577 513783 512961 ,3261 1457 225133 482328 513449 1577 416861 813595 223516 731000 
642304 906229 893335 423444 656599 906033 423151 654495 827862 978886 ,656599 978886 837254 655649 216487 568005 657189 656850 655811 445715 
541248 638041 106636 82177 188295 81967 944647 82502 406574 669782 ,541248 638041 106636 82177 188295 944647 82502 406574 106299 95777 
392215 392894 227265 227351 88426 232305 822506 127277 490017 963398 ,227265 227351 88426 232305 822506 490017 963398 512673 822883 678420 
665769 791936 688230 965536 903650 793313 476371 699850 792408 320675 ,665769 791936 688230 793313 476371 699850 792408 108632 350191 126559 
150964 573675 810852 742343 597270 300757 693279 600151 861802 811252 ,810852 742343 693279 600151 313913 956848 432860 934337 283383 523313 
423205 423770 824316 645818 640169 640282 555658 268280 766238 876846 ,423205 423770 824316 645818 640169 640282 766238 876846 1242 639999 
961261 970513 696110 722919 722936 682385 130156 682381 426240 594616 ,961261 970513 696110 722919 722936 130156 682381 594616 888425 960090 
455892 179380 738332 64391 968723 429348 335578 969102 323455 369829 ,455892 179380 738332 64391 968723 429348 335578 969102 322345 916311 
913910 14935 913335 513824 928399 597817 954512 667531 611286 150140 ,913910 14935 913335 928399 597817 954512 667531 611286 819755 1501 
952025 801949 465522 324709 439045 803939 952530 433404 570860 196478 ,465522 439045 952530 433404 196478 746650 834709 73395 948916 533170 
166013 513479 959632 182200 888748 462769 167428 501043 117469 316872 ,166013 959632 182200 888748 167428 501043 117469 165506 547743 619162 
90322 363852 89450 690935 389897 533332 111418 111972 123826 291903 ,90322 363852 389897 533332 111418 291903 369311 283099 686500 517680 
609703 444053 444110 444643 445206 444270 443947 444842 444291 443728 ,609703 444053 444110 444643 445206 443947 444842 443936 637399 443838 
226784 787666 480330 679316 957507 480362 189001 906604 12821 594189 ,226784 787666 480330 679316 957507 480362 12821 594189 40431 61338 
869999 682080 876511 208062 541609 185745 390648 862231 202251 266529 ,869999 682080 208062 185745 390648 266529 862980 122308 627886 21201 
396199 873799 573391 903596 243668 319573 516114 692305 181777 75397 ,573391 903596 319573 75397 524348 680466 199451 351559 281246 157388 
73337 573338 505128 725813 858611 967246 722808 882160 669675 391578 ,573338 967246 391578 598373 656152 375446 368638 75501 231005 979038 
934585 380180 861463 338104 861373 869338 658933 536690 846557 609724 ,934585 861463 338104 861373 869338 658933 846557 536063 447686 797406 
815332 815385 443490 815322 996021 995499 815317 815340 99519 815285 ,996021 995499 815314 815278 815461 815272 815303 815265 566289 499273 
631814 916838 886112 366248 32504 32869 339132 838644 235014 123818 ,631814 916838 886112 366248 32504 32869 339132 838644 235014 261054 
343098 326406 308509 341427 310539 310664 309742 72046 355092 580181 ,343098 308509 310664 355092 580181 471505 833675 104810 450070 432815 
79896 188773 130436 232699 341330 279773 89297 375742 546774 504594 ,79896 130436 232699 341330 279773 546774 497591 80308 44860 236994 
681741 751001 271342 631814 82429 84382 336630 955420 336706 208402 ,336706 438573 754192 523243 460415 628659 234917 157585 271606 397496 
322087 366225 970808 321824 484722 559967 781339 485216 280847 367417 ,322087 366225 970808 321824 559967 485216 280847 545694 510911 491462 
487233 457906 93726 871063 384948 885386 61130 563691 915932 89566 ,487233 93726 871063 384948 61130 89566 88988 630259 563651 566044 
790789 389613 989829 381581 216668 788152 121914 675944 912052 104881 ,790789 389613 989829 381581 121914 912052 104881 953129 232270 389625 
461958 632957 531670 868698 63085 45618 535003 205936 780690 932389 ,461958 932389 203554 564158 391939 543779 798564 535494 222713 481234 
485585 189454 886408 434677 567913 823277 977120 240108 832619 770528 ,485585 189454 886408 567913 823277 977120 240108 832619 528450 695579 
850803 997494 449204 855321 820603 560657 812957 291355 998523 418122 ,850803 997494 449204 855321 820603 560657 812957 418122 820639 656372 
158431 523603 131258 61182 539306 261730 624295 429547 327114 63158 ,523603 131258 61182 261730 624295 327114 69208 379422 903176 749394 
719796 800321 991056 251554 82255 261847 452397 524974 518725 313895 ,719796 991056 251554 261847 452397 524974 518725 313895 95977 796903 
268710 240229 354586 273734 312959 514776 91368 238502 871606 321954 ,238502 871606 321954 44221 274114 305279 57482 69450 339063 339009 
86670 92530 515539 693630 998079 431052 155221 372725 155825 525827 ,92530 515539 998079 431052 155221 372725 155825 525827 353514 87795 
111738 628239 947977 947666 467120 502528 270089 129343 111179 775920 ,111738 628239 947977 502528 111179 32137 226837 80611 2391 632708 
16295 13340 20606 207681 13097 203671 867464 207635 513968 206544 ,13340 20606 207681 13097 203671 867464 207635 513968 131167 861620 
887101 936279 886885 560954 587200 98111 291580 511884 935383 974595 ,936279 886885 560954 587200 98111 291580 511884 935383 974595 922392 
634813 232696 557253 321951 635100 721204 812938 696741 321822 245328 ,634813 232696 557253 696741 321822 245328 507829 426782 795913 460256 
779513 499470 166383 83004 435466 773484 523545 962766 938121 459334 ,499470 435466 773484 523545 962766 459334 637647 187963 927198 511265 
439826 648328 57569 802478 783564 910423 421884 474058 803095 960454 ,439826 648328 57569 802478 783564 910423 421884 474058 803095 960454 
902443 545154 545074 545146 897834 545303 545469 41385 681347 737176 ,902443 545154 545074 897834 545303 545469 41385 681347 737176 715071 
630148 575212 518755 330381 194063 272879 904104 286514 502975 182324 ,575212 518755 330381 194063 272879 517640 433529 1008 448658 931520 
513785 512838 51124 500560 499545 187289 739880 605923 551271 125436 ,512838 500560 187289 551271 823722 769146 744011 217080 823829 128809 
903932 548856 999393 799739 45097 958773 994456 310329 112329 57208 ,903932 548856 999393 799739 45097 958773 994456 310329 112329 57208 
556216 567320 890286 713737 427847 761904 112707 410937 667399 686918 ,556216 713737 761904 112707 410937 667399 686918 112461 105949 667564 
917450 477455 218700 521176 881833 38540 983547 882348 917104 424761 ,917450 477455 218700 521176 881833 38540 983547 882348 917104 309931 
832459 568069 136485 567457 757865 140476 760252 836097 759683 568234 ,832459 568069 136485 567457 757865 140476 760252 759683 568234 567045 
411055 36682 391022 467485 520866 887611 73674 850998 633040 778491 ,887611 633040 778491 416423 476197 633824 663932 476856 942010 480091 
482987 481957 541727 912981 262437 745109 240645 905871 247849 832872 ,482987 481957 541727 912981 262437 905871 247849 832872 276983 901786 
329674 134040 332599 914088 955195 50658 975796 455700 253160 896532 ,329674 332599 50658 975796 455700 253160 896532 670260 493603 156979 
422961 643556 701091 558852 41080 558863 417478 760309 777278 374510 ,422961 643556 701091 558852 558863 417478 760309 777278 374510 212531 
668262 670462 670463 812341 668261 478761 668928 668824 65293 543669 ,668262 670463 478761 668928 668824 65293 543669 474677 49791 668903 
900319 250840 673817 856059 611996 296728 763024 374635 611613 757389 ,250840 611996 296728 763024 611613 757389 556865 24425 858189 653936 
91332 479988 478186 378996 409867 500895 478106 735766 357676 82022 ,91332 478186 378996 82022 416818 154732 684052 545318 341877 86745 
938329 955392 853841 554164 858410 929750 706640 842258 784635 49968 ,938329 955392 554164 858410 544932 843538 842404 833043 226290 224709 
169399 584938 454178 73516 14467 799906 507658 262025 928094 284095 ,169399 454178 73516 14467 507658 262025 928094 284095 767245 330819 
617791 110914 452882 271521 127303 21325 872307 691140 725089 358645 ,617791 110914 452882 872307 691140 725089 110445 452989 593824 462081 
94591 469934 539976 386991 24010 454601 263376 728308 44579 227427 ,94591 539976 386991 24010 263376 728308 44579 227427 237267 82459 
771001 539362 296119 713552 354592 539387 795111 399018 62319 510410 ,771001 539362 296119 539387 399018 62319 510410 170908 469153 12615 
94937 95476 431033 975887 526939 86067 95339 601662 96806 639409 ,94937 95476 431033 975887 526939 95339 96806 639409 97946 232445 
80134 182396 702218 991279 594431 596621 79912 618949 485231 485243 ,991279 594431 485243 14448 508218 62039 726357 688648 174027 15240 
910833 443457 444624 444046 910761 894755 785531 599188 826747 443636 ,910833 444624 444046 910761 894755 599188 446652 422674 443625 445161 
280681 23923 911852 5156 713622 289830 196450 275266 723443 311246 ,23923 911852 713622 289830 196450 275266 723443 534633 600766 988226 
338121 353258 806682 397097 740381 51029 54642 65708 69534 50837 ,338121 397097 54642 65708 50837 510621 599059 599078 510475 426466 
668535 137422 756783 188037 935056 599386 990894 742792 435823 357754 ,137422 756783 188037 935056 742792 725151 602045 295623 733273 795145 
780739 519574 484224 471937 70529 305119 278795 295847 43996 439564 ,780739 519574 484224 471937 305119 295847 43996 439564 960990 662605 
880511 983885 610708 961331 435037 10106 772279 573883 337586 957671 ,880511 610708 961331 435037 10106 772279 573883 337586 957671 773728 
622998 703693 605128 333781 114223 605838 183076 341204 520080 807105 ,622998 605128 605838 183076 520080 807105 804597 201017 804644 361811 
176347 767363 767291 844896 863956 372042 697596 812543 73717 341790 ,767363 767291 863956 372042 697596 73717 550915 176106 295651 86696 
522119 79909 316451 10552 390260 601007 659173 492228 87511 242031 ,522119 79909 316451 10552 601007 659173 492228 87511 242031 151232 
757415 109072 757380 756649 148897 182440 24219 722112 773430 722160 ,757415 109072 757380 756649 148897 182440 24219 773430 722160 274690 
642842 54309 415685 813860 447811 55326 606111 475792 768911 476976 ,768911 50563 555955 45073 110206 53695 615306 447614 643017 862037 
82074 749820 850629 503706 89187 347024 109936 351650 890228 95176 ,82074 503706 109936 351650 95176 91055 643436 563079 498315 2027 
476991 863099 57325 894023 902441 39240 953989 38142 51555 55543 ,476991 863099 57325 894023 902441 39240 953989 38142 55543 872222 
958780 15170 203246 504609 959415 498767 15951 958507 859223 880181 ,958780 15170 203246 504609 959415 15951 859223 880181 560683 266474 
871074 326150 814405 37771 433218 871804 39160 217238 106559 5531 ,106559 207735 468873 471290 814472 953037 500124 54474 171517 479473 
69479 511923 755249 197857 522281 755153 346501 522799 272977 957692 ,69479 511923 755249 197857 522281 755153 346501 24315 851947 411689 
913891 422497 535346 893814 670830 446092 536265 422959 905568 941542 ,422497 535346 670830 446092 905568 941542 379606 868034 878047 446030 
596257 938139 352341 952320 954766 581 343616 24747 730840 249642 ,596257 352341 952320 954766 249642 97867 438603 898810 621387 399443 
516445 823118 395815 752660 631736 371965 916415 69378 538711 499086 ,516445 752660 631736 371965 916415 69378 796203 171439 527120 272759 
260095 252482 260942 629123 819551 753843 862087 124485 587872 862370 ,260942 629123 819551 862087 862370 877047 914788 922170 664793 908409 
846722 847290 188547 893090 964528 441043 517293 375889 541417 686244 ,846722 893090 964528 441043 375889 537121 678455 682561 768604 51748 
390636 222409 448775 205300 269578 264458 139937 574289 437639 989295 ,390636 222409 205300 264458 139937 437639 989295 543579 308737 620356 
720773 294588 869611 42609 42340 414594 998480 410923 453656 490747 ,720773 294588 869611 42609 42340 414594 998480 410923 453656 490747 
283809 622430 454690 755446 204837 208190 993266 293385 735641 745215 ,283809 622430 454690 204837 208190 993266 735641 745215 687961 955843 
88826 87326 515709 544119 151196 526820 282582 526358 253977 923174 ,88826 87326 151196 526820 282582 526358 253977 923174 659091 87999 
762034 866949 46293 725967 487123 357054 762388 272672 669893 204744 ,762034 46293 725967 487123 357054 762388 272672 669893 204744 269022 
630364 923181 841093 605939 659801 103940 603678 519398 604562 607671 ,630364 923181 841093 605939 603678 519398 604562 607671 899486 604168 
252249 271989 763409 271648 271611 8818 796423 934199 703711 85379 ,252249 271989 763409 271648 271611 8818 796423 934199 124804 84607 
777285 716362 300075 794055 452098 547203 93016 455572 557992 902636 ,777285 716362 300075 794055 452098 547203 455572 718412 157615 67642 
402687 5316 398110 352187 5465 5582 622749 841237 900484 611953 ,5316 398110 5465 622749 841237 611953 297249 614448 5313 761378 
596468 596526 982912 911530 974925 1071 293631 72902 191142 416587 ,596468 596526 911530 293631 72902 578545 982708 227023 551262 803235 
602981 55824 418950 681222 338870 42386 83543 348689 334623 693026 ,55824 418950 681222 338870 83543 348689 813086 210179 323929 902048 
830953 515462 478355 478377 880158 669809 915586 667735 669844 479602 ,830953 515462 478355 880158 669809 915586 667735 669844 479602 207682 
36614 554970 104807 373168 687871 112026 36640 876740 771954 517437 ,36614 554970 373168 112026 36640 876740 771954 517437 615135 364960 
935310 980617 834461 931477 740312 31097 358704 937623 965598 712453 ,935310 980617 740312 358704 937623 436758 692205 943141 267968 308071 
843944 553950 335201 127212 614200 728775 727967 335532 585437 163515 ,553950 335201 614200 728775 727967 335532 585437 163515 485830 798589 
206997 207037 26055 216018 638210 575789 335224 575117 589508 416090 ,206997 207037 26055 216018 638210 575789 335224 589508 416090 638291 
339488 408084 26914 20454 600197 593245 662932 725151 234693 606752 ,339488 408084 26914 20454 600197 593245 662932 725151 234693 321537 
987975 629019 463874 419373 391343 95161 950578 801509 528432 941791 ,987975 629019 419373 391343 95161 950578 528432 941791 454742 517521 
750159 692102 581961 236381 872778 177983 377838 261706 250688 465310 ,750159 581961 236381 872778 177983 377838 250688 465310 262191 860655 
115089 953943 997172 846417 846577 12348 101924 856286 850040 919283 ,953943 997172 846417 12348 101924 856286 850040 919283 151629 379758 
174993 580544 577529 788367 630713 831800 804645 391006 649293 803879 ,580544 577529 788367 630713 804645 391006 649293 90600 792413 15518 
753021 598848 184021 16574 65532 755226 222105 432373 844083 400760 ,598848 184021 16574 65532 755226 222105 844083 400760 308545 17479 
402010 401798 502031 635264 383756 513412 727765 914929 963577 602966 ,402010 502031 635264 727765 914929 963577 602966 513677 290497 479180 
9481 9180 582610 413350 260780 150491 408761 43661 508213 141072 ,9481 582610 413350 43661 508213 141072 591152 48459 716439 277261 
259213 732710 416196 520446 316785 777920 716035 595906 480032 506023 ,732710 416196 520446 480032 506023 138038 628599 689117 413595 210513 
304988 151252 547058 29989 526116 815393 814666 489511 85845 487435 ,304988 151252 29989 815393 85845 487435 426447 487378 815259 489510 
392351 392513 233819 348500 803255 228035 228988 238473 507131 821141 ,392351 392513 233819 348500 228035 228988 238473 507131 821141 489509 
553095 23206 999328 155248 790648 78536 150298 304210 798311 982303 ,553095 23206 999328 155248 150298 982303 244289 766429 475528 409765 
455486 669876 669908 668123 544397 212344 211987 885799 250019 60078 ,669876 544397 211987 885799 250019 60078 640501 988398 47317 670006 
224734 467818 204995 269273 257416 778473 546061 927935 82764 77103 ,224734 82764 578572 503240 145858 46758 604319 460279 165606 359325 
15999 523905 302172 543212 917027 527177 919636 860183 932692 860666 ,302172 543212 917027 527177 860183 860666 919141 184981 271134 197230 
92624 162556 152105 904677 507917 690773 920624 304068 254200 375863 ,92624 162556 152105 904677 507917 304068 254200 280802 89627 905688 
812197 890024 348512 940942 514808 599748 930976 857633 964245 114623 ,812197 348512 940942 599748 930976 964245 653421 930379 158792 168548 
76734 73678 76259 329543 759337 533793 565827 481057 77119 702521 ,76734 73678 76259 329543 759337 565827 77119 702521 509316 130107 
81967 525650 323533 602374 525190 353041 780242 152025 151972 522777 ,81967 525650 323533 525190 353041 780242 152025 522777 825003 723496 
117654 265524 78561 744381 921108 605614 163807 849606 60842 298595 ,117654 265524 78561 744381 921108 605614 849606 60842 298595 286162 
585370 64564 710127 91062 425131 739441 249555 80547 304513 375379 ,585370 64564 710127 91062 739441 249555 80547 304513 375379 256767 
535963 535956 720100 720822 486146 670447 532253 833992 970861 956341 ,535963 535956 720822 670447 532253 833992 970861 850391 668534 141982 
759965 759797 311257 759001 167625 749496 312715 761462 726966 837378 ,759965 759797 311257 167625 749496 726966 837378 232590 959815 839429 
757622 758243 755729 760069 876827 853559 767022 755648 995112 443651 ,755729 876827 767022 755648 995112 443651 666934 824434 443535 821549 
604725 774676 830169 27526 830177 192364 830206 666400 759719 601360 ,774676 830206 666400 759147 830192 655351 646662 10492 128733 830880 
842580 718010 630783 930184 203353 140619 877605 108791 224768 678861 ,718010 630783 930184 203353 506945 224177 888262 43028 278365 722821 
410050 912427 901050 617652 710902 254675 200680 264958 929174 670406 ,410050 901050 617652 264958 929174 670406 274785 379629 971705 598384 
798771 798852 962877 847636 697787 386615 465687 723327 11703 871214 ,798771 847636 697787 386615 465687 11703 871214 242815 465263 680278 
759085 758355 760805 970114 28665 404716 673877 604216 633493 571964 ,759085 760805 970114 28665 404716 673877 604216 633493 571964 673947 
355070 608773 830464 354559 667503 611183 102065 915831 650720 759719 ,355070 608773 830464 354559 667503 611183 102065 915831 650720 759719 
644274 171299 672113 118753 545308 499786 356419 581285 972523 740564 ,644274 171299 118753 499786 581285 972523 740564 312757 264990 321795 
221273 448953 326548 355429 683177 729416 346759 679709 288159 761568 ,326548 355429 729416 346759 288159 761568 344837 449177 811937 719985 
351507 514363 306950 422657 257017 255451 339203 64074 923581 424084 ,306950 257017 64074 424084 340977 923348 214014 169434 727213 271662 
217699 932912 546122 941587 531247 530035 225814 985466 912148 191092 ,217699 932912 546122 941587 530035 225814 912148 191092 545314 900649 
917518 467690 376004 129535 467537 184045 528651 484325 141314 554149 ,467690 129535 467537 184045 528651 141314 680151 439335 76220 390530 
390449 763519 919850 968378 266904 465722 651412 669483 470832 224699 ,763519 919850 968378 465722 470832 425707 988505 630413 547708 791887 
217396 978797 570674 217412 870595 890343 978915 898734 655505 903183 ,217396 978797 870595 890343 978915 898734 655505 903183 423825 654478 
564250 562415 594832 575873 508459 563140 668824 513709 679631 225788 ,564250 562415 575873 508459 668824 513709 225788 77378 561440 561172 
298128 906538 774471 42541 126329 235981 776521 341145 796454 155290 ,298128 235981 776521 341145 155290 358227 950849 133116 234040 440035 
164000 750524 579894 745312 768215 365837 233938 45247 743535 280766 ,164000 750524 745312 365837 233938 45247 743535 280766 839074 535056 
235039 559803 718592 233658 426940 31204 536360 889809 422630 292915 ,235039 718592 233658 536360 889809 422630 292915 994436 608055 523721 
863066 368107 694411 753150 368268 369694 863498 341418 144865 2453 ,863066 694411 369694 863498 144865 355478 840956 730946 965654 519382 
696907 699789 820801 697757 667365 825140 685133 447325 666913 768318 ,696907 667365 825140 447325 666913 768318 672470 684607 447374 6645 
347518 41519 437285 407150 542140 409184 796992 799072 560504 842919 ,347518 437285 407150 542140 409184 796992 799072 560504 842919 661809 
515307 280752 383583 308932 529749 293192 406391 796718 430838 523931 ,515307 383583 529749 430838 523931 317973 575262 241063 788761 998864 
72922 848657 467891 6721 950545 212789 5440 381663 188198 924737 ,72922 848657 467891 950545 5440 381663 188198 924737 641842 770217 
761368 917007 917740 893327 777929 455102 345621 894168 470794 361309 ,761368 917007 917740 893327 777929 345621 470794 361309 876281 561188 
887081 171626 678891 938274 436371 646096 184424 745331 57383 503302 ,887081 171626 938274 436371 646096 184424 745331 503302 636533 329531 
956344 511904 229951 231693 634609 827118 364563 858780 171385 727168 ,956344 511904 229951 827118 858780 171385 376276 307427 149480 215642 
856332 258229 926814 33688 750873 128216 225984 303414 740028 19907 ,33688 128216 303414 740028 198183 60051 504972 260992 844637 694763 
734982 885543 529315 835816 737182 899969 734854 572839 45526 225302 ,885543 529315 737182 899969 572839 669845 98955 480379 932330 407970 
647302 443830 840367 634827 709414 717010 113351 890030 973496 853344 ,647302 443830 709414 717010 113351 890030 853344 634760 760027 709100 
421770 506181 421050 525455 363817 690440 365138 248027 616280 659805 ,506181 421050 525455 248027 659805 174360 694835 430878 476378 434626 
221863 930449 624260 827324 771333 656127 370117 142459 937481 457377 ,221863 930449 624260 827324 771333 656127 370117 457377 771052 257251 
358012 869410 539944 791274 984690 791522 909180 193541 123512 349579 ,358012 869410 539944 791274 984690 791522 193541 123512 349579 712733 
681805 808028 545237 736372 768589 572470 521250 374408 785519 373180 ,808028 545237 736372 768589 572470 521250 374408 785519 855166 820737 
284603 435043 436840 393459 756859 274595 194952 757062 449524 508937 ,284603 435043 436840 393459 274595 338124 786031 317151 736764 431338 
835235 170762 71883 988509 847181 125047 871978 987533 842587 216193 ,847181 987533 932978 969685 922170 996995 671529 879033 338485 543218 
97076 271795 80891 321636 152108 524956 554607 416262 514999 998860 ,97076 80891 152108 554607 499756 748068 825958 923686 170461 141237 
436453 173837 948155 548339 945342 931942 885415 361609 595080 550289 ,948155 945342 885415 361609 595080 550289 99329 691731 368414 670736 
258725 450699 224749 947834 933433 372026 936751 366874 845550 522695 ,224749 933433 845550 359536 281424 928696 629352 875375 32654 376959 
311166 925263 286100 122490 303167 206245 858257 700734 988283 687277 ,925263 286100 122490 303167 206245 858257 700734 988283 687277 594349 
502228 172790 564294 706368 357739 974657 240386 395920 176574 353449 ,502228 172790 974657 395920 176574 353449 240519 685705 990494 70056 
77793 976696 455342 927407 865398 933882 440218 738876 995897 362495 ,976696 455342 865398 933882 995897 135620 137608 62598 106280 482318 
524034 685057 686649 482074 317820 381633 590968 344964 307362 548657 ,524034 685057 686649 482074 317820 307362 812221 140007 868071 320598 
864038 235017 832669 900319 825386 603624 867274 296015 556557 611040 ,864038 235017 832669 900319 603624 867274 556557 569973 116660 24595 
352838 352555 998042 353270 331409 310052 320593 556635 339128 516921 ,352555 353270 331409 310052 339128 492444 517037 998749 518752 337676 
542371 706431 966405 842594 842861 4245 850014 377951 700957 395647 ,542371 706431 966405 842594 842861 4245 850014 377951 700957 262587 
201884 14853 925984 90188 697222 753054 872728 947001 843384 919268 ,201884 925984 90188 697222 947001 843384 86760 506997 397957 751852 
306406 154413 337504 30563 416207 547038 123377 352317 178386 675880 ,154413 30563 123377 998087 816760 685628 107199 675022 720220 337827 
54144 571423 536191 536471 42134 536633 645656 884362 279843 963131 ,536471 42134 645656 884362 279843 963131 415473 913706 363967 519300 
744612 735454 683102 683117 288166 683163 418404 417986 739034 573541 ,744612 735454 683163 417986 411329 416423 536558 385804 786842 86337 
505095 484725 823701 96151 68447 814084 531313 291871 525488 524754 ,505095 823701 96151 521854 429785 363412 337514 152979 833524 391735 
337249 351365 785364 189246 496836 252813 535310 703043 675014 703005 ,351365 785364 189246 496836 535310 675014 703005 130453 600778 496789 
435708 558678 339081 709494 716946 930817 435988 433218 929867 391024 ,558678 339081 709494 930817 435988 433218 807934 923238 511042 527980 
822318 139900 368895 822472 370273 355449 316924 424663 526388 492561 ,822318 368895 424663 526388 91895 382332 743500 315514 943914 818864 
13166 395813 376908 990709 869786 700702 12931 462949 462126 74756 ,13166 395813 376908 990709 869786 700702 12931 462949 462126 74756 
651292 653264 648766 649249 651001 444029 470964 444312 446652 444840 ,651001 444029 470964 444312 446652 444840 444624 787932 716618 654142 
603339 525710 98775 656316 271896 688031 426874 841091 628876 60375 ,426874 485911 351901 651935 660614 186401 659911 806950 613587 337918 
835004 253513 384723 695139 973268 797322 224892 17009 203786 705274 ,835004 384723 695139 224892 705274 972078 294052 529649 706364 141837 
356197 342307 374064 374187 763405 951966 470260 343545 950027 964424 ,342307 374064 374187 763405 951966 470260 343545 950027 964424 355676 
282275 285526 282570 209504 667350 611099 811292 114296 483931 579634 ,285526 209504 483931 332481 259484 861142 585445 13227 855914 667424 
430573 153750 594344 87899 727975 90857 786796 658224 89921 919395 ,153750 594344 87899 786796 658224 298507 845355 659789 528408 299218 
498207 78543 72333 516839 524645 175475 379458 174319 723219 91254 ,78543 72333 516839 524645 175475 174319 723219 91254 484135 748050 
899217 405750 740851 405876 103133 738625 620874 621833 349238 619900 ,405750 740851 405876 738625 620874 621833 619900 424577 917286 877510 
921656 521514 535728 431655 936690 271380 288828 771823 195898 363093 ,921656 521514 535728 431655 936690 271380 288828 363093 573790 375230 
334394 871027 939452 871758 196768 782427 18739 782947 852655 828191 ,334394 871027 939452 871758 196768 782427 18739 782947 567233 400639 
783926 4111 456320 755225 235768 838841 486063 732719 586412 618007 ,783926 4111 755225 838841 486063 732719 586412 248726 563381 660719 
512442 422384 363852 498961 292583 344924 101047 780280 752384 237229 ,512442 422384 363852 344924 752384 237229 336929 521886 336811 594004 
58527 801480 390816 192851 226807 703939 276929 74287 134452 704017 ,58527 801480 390816 276929 74287 134452 704017 882868 246347 856188 
373122 372426 309347 373141 434979 455 67313 373115 674171 329345 ,372426 309347 373141 434979 455 67313 373115 674171 654013 282879 
903889 548536 328783 515688 753052 181467 515992 561108 397247 87239 ,548536 515992 397247 87239 845242 921086 949694 489234 604641 704932 
610838 610113 9647 611366 994377 545005 799385 991871 616028 962871 ,610838 610113 9647 994377 545005 799385 991871 616028 962871 406244 
596594 602734 160153 597612 602980 840522 837588 158508 763486 624920 ,160153 597612 602980 840522 181816 599757 177157 560683 114156 113303 
12806 548986 300141 351442 935237 679054 127726 194756 273572 622083 ,12806 548986 300141 351442 127726 273572 622083 173784 749115 681911 
44884 718737 906090 213141 24197 222737 569659 914373 398664 428494 ,718737 906090 213141 24197 222737 569659 914373 428494 235012 912077 
15804 913557 63537 771928 435370 122001 809677 989620 140686 879768 ,15804 122001 809677 989620 140686 879768 787588 292296 122006 809569 
278725 671486 526588 125406 860215 381880 698465 343433 780849 947728 ,671486 125406 381880 698465 343433 780849 945396 804444 484661 523603 
417779 909720 378719 417696 910032 203509 77187 216954 908961 915135 ,909720 417696 910032 216954 915135 675372 807146 418256 41992 425019 
996894 545462 854854 850681 190632 960690 190589 191299 191269 190644 ,996894 545462 854854 850681 190632 960690 190589 191299 191269 190644 
523255 124081 43300 282244 724302 654607 522663 719457 811330 974807 ,523255 124081 43300 724302 654607 719457 811330 947983 122181 564783 
611701 824746 824435 611812 824459 781822 647934 809018 892978 569607 ,611701 824746 824435 611812 824459 781822 647934 569607 387175 894955 
921271 995869 970056 758446 944249 760679 758412 568351 837581 758734 ,921271 995869 970056 758446 944249 760679 758412 568351 837581 775785 
772004 771977 520102 550283 115145 703572 997963 514857 682238 920563 ,771977 115145 703572 514857 485032 308271 830762 345022 391849 806386 
450659 693713 697850 596917 419738 705070 275649 226038 385577 354017 ,450659 697850 596917 419738 705070 226038 385577 354017 72680 744319 
567687 976565 705360 836835 225938 117304 225982 41145 258884 131773 ,976565 836835 225938 412196 809923 374111 25609 597463 987793 365284 
