GT,Result
734859 295050 3748 268072 662984 804732 871325 692791 993345 486127 ,734859 295050 3748 268072 662984 804732 871325 692791 993345 486127 
59786 980125 968650 351243 934872 2365 106461 432514 224060 634156 ,59786 980125 968650 351243 934872 2365 106461 432514 224060 634156 
244710 423945 715082 673573 927714 31986 510795 3589 839077 710560 ,244710 423945 715082 673573 927714 31986 510795 3589 839077 710560 
2676 59455 22819 843410 346447 238219 991188 911396 116753 522021 ,2676 59455 22819 843410 346447 238219 991188 911396 116753 522021 
803184 586098 772587 117960 316475 23946 517 919609 180194 631950 ,803184 586098 194527 772587 117960 316475 23946 517 919609 180194 
224651 252364 869108 333775 166984 17140 756945 163165 5767 281026 ,224651 252364 869108 333775 166984 17140 756945 163165 5767 281026 
444761 194292 454332 946274 4121 794748 196302 160459 730359 938635 ,444761 194292 454332 946274 4121 794748 196302 160459 730359 938635 
143161 183296 518995 224392 482857 4967 543603 555122 998234 779716 ,143161 183296 518995 224392 482857 4967 543603 555122 998234 779716 
291972 11 167994 30102 92279 217175 28921 70309 220929 585240 ,291972 11 167994 30102 92279 217175 28921 70309 220929 585240 
3186 190633 925145 777769 975703 132170 203869 871696 469759 230524 ,3186 190633 925145 777769 975703 132170 203869 871696 469759 230524 
461421 377970 640844 629359 818264 73116 1528 663637 693630 408177 ,461421 377970 640844 629359 818264 73116 1528 663637 693630 408177 
4802 703729 889570 60815 944587 422356 537502 837587 384634 23237 ,4802 703729 889570 60815 944587 422356 537502 837587 384634 23237 
443047 628074 606786 422657 488969 404885 213494 388770 9009 777622 ,443047 194527 628074 606786 422657 488969 404885 213494 388770 9009 
951115 589544 5470 456767 582566 573162 648613 623669 499566 471778 ,951115 589544 5470 456767 582566 573162 648613 623669 499566 471778 
584717 256208 591411 6425 141047 483865 388023 274229 845025 931893 ,584717 256208 591411 6425 141047 483865 388023 274229 845025 931893 
636556 110950 456709 977949 493343 851235 262787 883186 577589 9455 ,636556 110950 456709 977949 493343 851235 262787 883186 577589 9455 
826302 578895 36669 538994 720171 356826 607525 2757 49693 518077 ,826302 578895 36669 538994 720171 356826 607525 2757 49693 518077 
1399 16827 384542 354959 548257 558991 847200 170259 18079 823389 ,1399 16827 384542 354959 548257 558991 847200 170259 18079 823389 
397246 134536 341924 331694 9180 445310 92774 548077 589366 398208 ,397246 134536 341924 331694 9180 445310 92774 548077 589366 398208 
162431 495333 91156 270882 5872 174845 238112 396447 49472 123750 ,162431 495333 91156 270882 5872 174845 238112 396447 49472 123750 
385864 46236 60193 8519 281003 162516 772195 567359 617565 3291 ,385864 46236 60193 8519 281003 162516 772195 567359 617565 3291 
3291 551947 4450 846515 617565 563165 202327 162516 385864 281003 ,3291 551947 4450 846515 617565 563165 202327 162516 385864 281003 
411842 45469 726239 153872 77171 88185 437676 262770 297905 422986 ,411842 45469 726239 153872 77171 88185 437676 262770 297905 422986 
591654 566398 110973 271348 834075 619600 354648 511518 4837 778458 ,591654 566398 110973 271348 834075 619600 354648 511518 4837 778458 
14255 191 223638 477939 820215 359707 200351 984062 331067 841387 ,14255 191 223638 477939 820215 359707 200351 984062 331067 841387 
6209 908712 475345 102259 562307 141871 365081 344190 214639 900795 ,6209 908712 475345 102259 562307 141871 365081 344190 214639 900795 
586147 496200 5112 615800 987837 886198 19885 818934 854333 921119 ,586147 496200 5112 615800 987837 886198 19885 818934 854333 921119 
765691 671584 556438 289648 805230 310698 612679 526495 9390 575369 ,765691 671584 556438 289648 805230 310698 612679 526495 9390 575369 
247075 897453 690269 472285 653961 718290 199201 778756 4572 120112 ,247075 897453 690269 472285 653961 718290 199201 623659 778756 4572 
15105 844246 474529 289009 319671 706542 394036 683822 56270 83035 ,15105 844246 474529 289009 319671 706542 394036 683822 56270 83035 
726069 549592 928988 577818 679185 174591 314577 924561 749285 559457 ,726069 549592 928988 577818 679185 174591 314577 924561 749285 559457 
419871 416909 116 723660 227347 822627 255306 47059 362197 878496 ,419871 416909 116 723660 227347 822627 255306 47059 362197 878496 
611470 120153 346742 494986 637739 364486 788808 768496 64695 170287 ,611470 120153 346742 494986 637739 364486 788808 768496 64695 170287 
816319 550431 7123 159237 515688 464884 270254 737563 451570 482961 ,816319 550431 7123 159237 515688 464884 270254 737563 451570 482961 
882714 191065 339685 4138 674560 285024 120651 792954 638874 904115 ,882714 191065 339685 4138 674560 285024 120651 792954 638874 904115 
389511 303723 6382 747270 798633 783671 244031 365034 16551 183205 ,389511 303723 6382 747270 798633 783671 244031 365034 16551 183205 
505933 312440 176653 480674 980656 388106 251692 901454 5078 644456 ,505933 312440 176653 480674 980656 388106 251692 901454 5078 644456 
514209 834459 492237 639529 122049 305433 522725 367676 934508 756487 ,514209 834459 492237 639529 122049 305433 522725 367676 934508 756487 
627990 301575 380232 829683 49731 493229 733216 40609 524605 40547 ,627990 301575 380232 829683 49731 493229 733216 40609 524605 40547 
312320 806195 880610 867652 649608 387173 255508 208165 629776 770191 ,312320 806195 880610 867652 649608 387173 255508 208165 629776 770191 
13022 943040 28708 710474 479570 239987 735318 897302 664081 6378 ,13022 943040 28708 710474 479570 239987 735318 897302 664081 6378 
277373 151568 397111 532683 323561 468746 554788 313222 955900 109648 ,277373 151568 397111 532683 323561 468746 554788 313222 955900 109648 
836001 663794 399532 492880 138386 900484 12215 654394 272948 573015 ,836001 663794 399532 492880 138386 900484 12215 654394 272948 573015 
230605 736262 701831 123051 330918 991512 750717 337093 601976 8819 ,230605 736262 701831 123051 330918 991512 750717 337093 601976 8819 
750717 736262 991512 907747 8819 701831 123051 230605 330918 337093 ,750717 736262 991512 907747 8819 701831 123051 230605 330918 337093 
517942 611254 262218 622364 868942 210817 940420 977108 660736 358385 ,517942 611254 262218 622364 868942 437075 210817 940420 977108 660736 
928907 27283 347619 189684 535702 11741 385552 321075 238652 498044 ,928907 27283 347619 189684 535702 11741 385552 321075 238652 498044 
436579 549050 836009 264777 540513 539739 689442 200947 544386 963065 ,436579 549050 836009 264777 540513 539739 689442 200947 544386 963065 
721913 438395 36072 798636 157798 160904 998285 974362 291321 812514 ,721913 438395 36072 798636 157798 160904 998285 974362 291321 812514 
301875 942514 222323 98298 549888 728950 471923 792357 989557 135353 ,301875 942514 222323 98298 549888 728950 471923 792357 989557 135353 
376049 228378 720462 865798 445065 546885 790447 177706 5149 325208 ,376049 228378 720462 865798 445065 546885 790447 177706 5149 325208 
682166 751982 641661 97130 8540 628556 786639 498686 149900 168647 ,682166 751982 641661 97130 8540 628556 786639 498686 149900 168647 
55130 845271 896746 233752 442275 591254 424771 596753 302066 125291 ,55130 845271 896746 233752 442275 591254 424771 596753 302066 125291 
777997 246903 982949 80178 193737 358222 558378 770378 773853 964308 ,777997 246903 982949 80178 193737 358222 558378 770378 773853 964308 
856531 908147 170187 847486 421817 663380 356529 771579 250067 280686 ,856531 908147 170187 847486 421817 663380 356529 771579 250067 280686 
144941 969525 201167 834612 196076 258669 804291 119920 693846 782371 ,144941 969525 201167 834612 196076 258669 804291 119920 693846 782371 
804291 969525 258669 144941 196076 201167 834612 782371 217460 119920 ,804291 969525 258669 144941 196076 201167 834612 782371 217460 119920 
826176 712975 231685 181940 837332 144999 451501 142744 642385 625374 ,826176 712975 231685 181940 837332 144999 451501 142744 642385 625374 
589786 460696 276676 193479 664096 95186 171883 563259 18077 884181 ,589786 460696 276676 193479 664096 95186 171883 563259 18077 884181 
198853 580382 116165 519170 941506 974225 454161 996125 960916 886440 ,198853 580382 116165 519170 941506 974225 454161 996125 960916 886440 
363339 700830 261460 781134 330616 788527 5087 745374 694457 471347 ,363339 700830 261460 781134 330616 788527 5087 745374 694457 471347 
864508 956544 510176 458221 727931 762265 390504 230157 63761 48107 ,864508 956544 510176 458221 727931 762265 390504 230157 63761 48107 
491043 273972 308853 326494 786945 100490 460958 512257 631658 962783 ,491043 273972 308853 326494 786945 100490 460958 512257 631658 962783 
334766 652164 243211 390170 12914 614743 558547 49214 925114 916822 ,334766 842190 652164 243211 390170 12914 614743 558547 49214 925114 
674524 372769 956012 859432 309524 265861 929813 561553 225563 688054 ,674524 372769 956012 859432 309524 265861 929813 561553 225563 688054 
536592 266641 310002 117975 322296 175056 668346 5161 818519 134121 ,536592 266641 310002 117975 322296 175056 668346 5161 134121 205312 
9324 920865 784190 592654 709230 99169 600732 289031 562168 274197 ,9324 920865 784190 592654 709230 99169 600732 289031 562168 274197 
391191 401095 2763 769118 854526 790640 289031 603937 199253 664479 ,391191 401095 2763 769118 854526 790640 289031 603937 199253 664479 
372319 318194 758940 979409 570173 250259 741632 813684 161422 708711 ,372319 318194 758940 979409 570173 250259 741632 813684 161422 708711 
521229 255013 335705 992126 204424 403457 26742 301637 168970 873790 ,521229 255013 335705 992126 204424 403457 26742 301637 168970 873790 
59003 292508 946216 899332 392310 489545 820460 808169 290879 453722 ,59003 292508 946216 899332 392310 489545 820460 808169 290879 453722 
79504 339007 144728 500272 361070 119500 6537 538667 95692 557381 ,79504 339007 144728 500272 361070 119500 6537 538667 95692 557381 
919125 543784 841610 313482 42177 249688 844517 681509 381391 249 ,919125 543784 841610 313482 42177 249688 844517 681509 381391 249 
249688 841610 313482 919125 708407 844517 206816 543784 249 42177 ,249688 841610 313482 919125 708407 844517 206816 543784 249 42177 
881247 17330 1831 592053 884640 978048 766479 977396 882846 908184 ,881247 17330 1831 592053 884640 978048 766479 977396 882846 908184 
533796 531954 683582 671973 534673 286600 159378 526786 162036 51233 ,533796 531954 683582 671973 534673 286600 159378 526786 162036 51233 
60175 434385 978607 434954 869065 629299 897504 649291 502531 749410 ,60175 434385 978607 434954 869065 629299 897504 649291 502531 749410 
569437 530611 496880 936604 256697 395616 345542 777783 419651 510886 ,569437 530611 496880 936604 256697 395616 345542 777783 419651 510886 
69000 179422 951282 155053 188814 15897 224771 805487 734804 300632 ,69000 179422 951282 155053 188814 15897 224771 805487 734804 300632 
505112 217266 256697 692258 510886 496880 395616 228407 419651 297913 ,505112 217266 256697 692258 510886 496880 395616 228407 419651 297913 
225637 703897 690676 404593 303826 812207 950721 233731 240936 831949 ,225637 703897 690676 404593 303826 812207 950721 233731 240936 831949 
886365 210397 393303 129331 466181 117819 141247 79325 433789 93671 ,886365 210397 393303 129331 466181 117819 141247 79325 433789 93671 
371789 646200 753728 373277 556843 171754 6402 385896 955218 622201 ,371789 646200 753728 373277 556843 171754 6402 385896 955218 622201 
971556 709740 638234 640073 841446 538751 265900 522850 64165 390957 ,971556 709740 638234 640073 841446 538751 265900 522850 842190 64165 
550227 955044 805256 865255 702814 380701 904049 722547 744276 983658 ,550227 955044 805256 865255 702814 380701 904049 722547 744276 983658 
639756 363832 23481 785480 9013 797667 215694 447814 905589 559604 ,639756 363832 23481 785480 9013 797667 215694 447814 905589 559604 
107898 724137 525214 19974 497866 140691 93325 19842 888175 719498 ,107898 724137 525214 19974 497866 140691 93325 19842 888175 719498 
556925 601708 603549 834169 607460 240309 846519 899008 508194 447931 ,556925 601708 603549 834169 607460 240309 846519 899008 508194 447931 
797966 785914 660125 4581 852866 939903 507411 530110 180117 426310 ,797966 785914 660125 4581 852866 939903 507411 530110 180117 426310 
630545 991216 159138 948894 394626 508147 941651 371671 526348 376987 ,630545 991216 159138 948894 394626 508147 941651 371671 526348 376987 
490273 456294 1580 628625 744989 618080 722885 463743 872468 411419 ,490273 456294 1580 628625 744989 618080 722885 463743 872468 411419 
633675 664255 497402 76866 685007 930941 865259 569428 108509 862616 ,633675 664255 497402 76866 685007 930941 865259 569428 108509 862616 
135324 509493 366843 70959 212199 484880 601735 325577 251513 515194 ,135324 509493 366843 70959 212199 484880 601735 325577 251513 515194 
760128 924202 357283 42860 747301 545169 958576 81909 660146 987198 ,760128 924202 357283 42860 747301 545169 958576 81909 660146 987198 
510757 252264 589986 372245 947013 371216 6434 100640 138333 548308 ,510757 252264 589986 372245 947013 371216 6434 100640 138333 548308 
873160 466263 836819 597445 127624 618635 906602 250320 813694 896118 ,873160 466263 836819 597445 127624 618635 906602 250320 813694 896118 
958576 545169 747301 42860 924202 660146 91183 987198 556322 760128 ,958576 545169 747301 42860 924202 660146 91183 987198 556322 760128 
155371 870242 817655 371434 288564 225845 930583 867873 370636 474530 ,155371 870242 817655 371434 288564 225845 930583 867873 370636 474530 
57565 326722 476655 648992 313798 351950 508002 781302 578857 575743 ,57565 326722 476655 648992 313798 351950 508002 781302 578857 575743 
937857 601809 380107 805285 760127 978739 6646 49035 798291 220421 ,937857 601809 380107 805285 760127 978739 6646 49035 798291 220421 
367737 176796 500372 98827 355197 572148 428598 364498 533858 607226 ,367737 176796 500372 98827 355197 572148 428598 364498 533858 607226 
196926 390617 181134 519917 833815 79540 436316 3593 861335 693688 ,196926 390617 181134 519917 833815 79540 436316 3593 861335 693688 
706530 206657 479996 434409 457725 7421 17823 799100 457064 50391 ,706530 206657 479996 434409 457725 7421 17823 799100 457064 50391 
364498 355197 637044 98827 187705 151417 613462 403517 572148 481125 ,364498 355197 637044 98827 187705 151417 613462 403517 572148 481125 
640565 367737 572148 607226 46354 355197 500372 98827 637044 364498 ,640565 367737 572148 607226 46354 355197 500372 98827 637044 364498 
7421 706530 501938 206657 250109 516322 799100 485743 903146 4692 ,7421 706530 501938 206657 250109 516322 799100 485743 903146 4692 
989988 865388 686351 210951 448811 15011 19424 36010 555090 652558 ,989988 865388 686351 210951 448811 15011 19424 36010 555090 652558 
947390 985359 158345 598297 930367 135306 740882 503433 516398 312607 ,947390 985359 158345 598297 930367 135306 740882 503433 516398 312607 
645748 391348 812834 415221 788166 525388 139723 165324 4470 977874 ,645748 391348 812834 415221 788166 525388 139723 165324 4470 977874 
200976 24650 508436 413048 922634 387516 778403 896833 293644 841379 ,200976 24650 508436 413048 922634 387516 778403 896833 293644 841379 
404354 759034 934071 117359 750455 690850 458797 315438 421182 977550 ,404354 759034 934071 117359 750455 690850 458797 315438 421182 977550 
397908 94872 173070 923288 663812 588570 520393 141156 299880 256938 ,397908 94872 173070 923288 663812 588570 520393 141156 299880 256938 
703677 420585 597086 975794 469339 531965 653482 297452 842091 382536 ,703677 420585 597086 975794 469339 531965 653482 297452 842091 382536 
975794 382536 653482 597086 993321 597547 531965 297452 147995 74339 ,975794 382536 653482 597086 993321 597547 531965 297452 147995 74339 
127759 460355 84623 75781 803988 610106 56094 337172 184123 41587 ,127759 460355 84623 75781 803988 610106 56094 337172 184123 41587 
84623 803988 75781 610106 184123 100131 127759 602299 56094 293105 ,84623 803988 75781 610106 184123 100131 127759 602299 56094 293105 
537444 241177 207401 260096 611 597116 957104 932066 256536 508434 ,537444 241177 207401 260096 611 597116 957104 9476 932066 256536 
900524 278319 829718 509908 717566 949543 574116 162102 524749 802336 ,900524 278319 829718 509908 717566 949543 574116 162102 524749 802336 
795839 682011 108374 598717 448816 36107 590598 60069 89408 826707 ,795839 682011 108374 598717 448816 36107 590598 60069 89408 826707 
123829 475675 637432 114454 1470 704372 678181 741322 896100 115082 ,123829 475675 637432 114454 1470 704372 678181 741322 896100 115082 
542766 36107 60069 795839 531631 682011 335715 590598 436653 826707 ,542766 36107 60069 795839 531631 682011 335715 590598 436653 826707 
810319 62440 654046 678263 833617 547719 719232 202503 822062 454133 ,810319 62440 654046 678263 833617 547719 719232 202503 822062 454133 
685235 663235 926022 694176 54206 686008 434893 332189 101461 7494 ,685235 663235 926022 694176 54206 686008 434893 332189 101461 7494 
199586 334313 996852 131705 700319 403203 288554 851598 495117 927556 ,199586 334313 996852 131705 700319 403203 288554 851598 495117 927556 
106069 61819 177102 219917 945366 692278 915415 719251 926317 678064 ,106069 61819 177102 219917 945366 692278 915415 719251 926317 678064 
796059 445683 609521 926317 963699 951545 69045 678064 176607 61819 ,796059 445683 609521 926317 963699 951545 69045 678064 176607 61819 
308460 269357 107087 806009 811164 16803 435103 6217 213823 211828 ,308460 269357 107087 806009 811164 16803 435103 6217 213823 211828 
66079 95847 87453 945849 280730 657571 292484 161039 748329 959565 ,66079 95847 87453 945849 280730 657571 292484 161039 748329 959565 
778081 101357 122937 249178 809080 242046 367097 243677 301307 79810 ,778081 101357 122937 249178 809080 242046 367097 243677 301307 79810 
778081 465483 249178 514739 983596 1959 46608 96896 367097 470149 ,778081 465483 249178 514739 983596 1959 46608 96896 367097 470149 
62893 358463 3316 9779 290430 494747 951197 307653 478305 415067 ,62893 358463 3316 9779 290430 494747 951197 307653 478305 415067 
443810 594357 887289 918643 216021 2702 179034 22687 235666 344990 ,443810 594357 887289 918643 216021 2702 179034 22687 235666 344990 
681097 497565 191133 69553 760942 826110 934772 437508 420935 525599 ,681097 497565 191133 69553 760942 826110 934772 437508 420935 525599 
715601 4185 414514 760942 826110 681097 191133 437508 420935 934772 ,715601 4185 414514 760942 826110 681097 191133 437508 420935 934772 
16343 227528 928322 830569 750020 598672 907640 990822 863779 492952 ,16343 227528 928322 830569 750020 598672 907640 990822 863779 492952 
914680 285718 153713 842100 412 591689 146021 576660 178914 255815 ,914680 285718 153713 842100 412 591689 146021 576660 178914 255815 
237799 627339 349319 230076 113262 933760 142347 880557 77637 569789 ,237799 627339 349319 230076 113262 933760 142347 880557 77637 569789 
240633 675136 445539 322872 537952 808895 230810 892981 587340 350078 ,240633 675136 445539 322872 537952 808895 230810 892981 587340 350078 
826936 472905 308224 256450 288538 133906 524900 506258 385843 836488 ,826936 472905 308224 256450 288538 133906 524900 506258 385843 836488 
230729 238019 705046 442037 846835 385285 629956 8523 679540 325391 ,230729 238019 705046 442037 846835 385285 629956 8523 679540 325391 
846835 238019 399254 592817 629956 705046 170580 325391 230729 208426 ,846835 238019 399254 592817 629956 705046 170580 325391 230729 208426 
823922 549406 1601 432276 453797 662624 32767 124802 560315 74347 ,823922 549406 1601 432276 453797 662624 32767 124802 560315 74347 
330210 642374 661453 662624 560315 453797 601720 4860 823922 50629 ,330210 642374 661453 662624 560315 453797 601720 4860 823922 50629 
862622 920108 110245 833172 389542 445819 246059 117845 576110 189191 ,862622 920108 110245 833172 389542 445819 246059 117845 576110 189191 
82478 429914 15029 495011 854481 178407 229549 963449 63835 181570 ,82478 429914 15029 495011 854481 178407 229549 963449 63835 181570 
494 288688 854014 789236 668013 861613 131054 391396 806640 383874 ,494 288688 854014 789236 668013 861613 131054 391396 806640 383874 
526384 939922 955584 516485 181341 888868 331588 227032 490444 918466 ,526384 939922 955584 516485 181341 888868 331588 227032 490444 918466 
213391 667470 781599 592771 610120 598999 20405 129081 636235 232679 ,213391 667470 781599 592771 610120 598999 20405 129081 636235 232679 
281353 20799 977519 217350 82575 779653 477738 618958 922733 232354 ,281353 20799 977519 217350 82575 779653 477738 618958 922733 232354 
196009 604540 390137 976981 672290 819260 116428 369481 161112 405136 ,196009 604540 390137 976981 672290 819260 116428 369481 161112 405136 
978139 390975 705518 287830 307414 522557 362287 643354 314727 360208 ,978139 390975 705518 287830 307414 522557 362287 643354 314727 360208 
438896 454590 350787 600800 744295 1335 765420 690622 193233 289634 ,438896 454590 350787 600800 744295 1335 765420 690622 193233 289634 
254386 346607 83321 443014 576354 945270 894929 895465 43163 155668 ,254386 346607 83321 443014 576354 945270 894929 895465 43163 155668 
845908 496291 245573 717155 191048 77470 773493 968613 295323 293891 ,845908 496291 245573 717155 191048 77470 773493 968613 295323 293891 
678371 347639 308761 780660 31746 481638 485947 356888 13606 27094 ,678371 347639 308761 780660 31746 481638 485947 356888 13606 27094 
784046 480405 965784 892155 630567 249673 902228 282882 883228 238822 ,784046 480405 965784 892155 630567 249673 902228 282882 883228 238822 
926691 898842 354238 329458 2516 474774 150929 480014 933248 927403 ,926691 898842 354238 329458 2516 474774 150929 480014 933248 927403 
895655 630567 446891 657460 55755 179879 452967 865249 688236 58333 ,895655 630567 446891 657460 55755 179879 452967 865249 688236 58333 
900008 274130 272892 71354 797434 565554 847381 603461 30544 604109 ,900008 274130 272892 71354 797434 565554 847381 603461 30544 604109 
603120 135902 72663 89393 473018 626320 497674 176733 40532 275019 ,603120 135902 72663 89393 473018 626320 497674 176733 40532 275019 
555266 116667 521571 203494 310633 205229 391335 943774 41785 82935 ,555266 116667 521571 203494 310633 205229 391335 943774 41785 82935 
505606 287950 600786 593736 510661 565652 40532 212948 778562 135902 ,505606 287950 600786 593736 510661 565652 40532 212948 778562 135902 
187632 886957 541444 416313 864468 901541 219749 123330 193654 399034 ,187632 886957 541444 416313 864468 901541 219749 123330 193654 399034 
749878 929643 111152 344135 343174 859545 521 311103 117098 59248 ,749878 929643 111152 344135 343174 859545 521 311103 117098 59248 
196897 17276 399289 362073 311148 735926 700091 859393 952863 93235 ,196897 17276 399289 362073 311148 735926 700091 859393 952863 93235 
860181 236425 671946 549256 563486 581973 379641 598075 958247 42018 ,860181 236425 671946 549256 563486 581973 379641 598075 958247 42018 
725349 430290 114365 152789 84851 413245 154434 665162 716565 730989 ,725349 430290 114365 152789 84851 413245 154434 665162 716565 730989 
447804 39555 741711 901301 336375 446335 406254 207263 864162 493883 ,447804 39555 741711 901301 336375 446335 406254 207263 864162 493883 
327642 665926 31874 233114 741784 332724 913652 84413 498984 596520 ,327642 665926 31874 233114 741784 332724 913652 84413 498984 596520 
54737 822474 998584 46234 156488 730118 539110 384741 867068 695982 ,54737 822474 998584 46234 156488 730118 539110 384741 867068 695982 
747816 973913 934035 933341 103784 851433 901220 348556 856706 867068 ,747816 973913 934035 933341 103784 851433 901220 348556 856706 867068 
925610 544240 439223 653060 405471 790429 800050 142038 964078 73045 ,925610 544240 439223 653060 405471 790429 800050 142038 964078 73045 
73045 200618 950305 423214 715407 447573 579129 941807 420395 152528 ,73045 200618 950305 423214 715407 447573 579129 941807 420395 152528 
870818 553627 246646 392189 263680 513914 967667 924072 379551 421955 ,870818 553627 246646 392189 263680 513914 967667 924072 379551 421955 
446852 160585 571680 96868 689534 704129 86202 478013 831322 226527 ,446852 160585 571680 96868 689534 704129 86202 478013 831322 226527 
908246 225199 962942 1962 634370 891472 132769 921080 493917 341656 ,908246 225199 962942 1962 634370 891472 132769 921080 493917 341656 
842125 833282 398505 210959 76787 870301 986904 271940 696533 92928 ,842125 833282 398505 210959 76787 870301 986904 271940 696533 92928 
690319 740320 195541 366134 75323 736198 398509 125810 258102 17462 ,690319 740320 195541 366134 75323 736198 398509 125810 258102 17462 
84490 765719 710614 685374 968096 229672 430646 37848 548151 459891 ,84490 765719 710614 685374 968096 229672 430646 37848 548151 459891 
174059 133714 490454 492997 746442 175746 219992 645092 943251 567860 ,174059 133714 490454 492997 746442 175746 219992 645092 943251 567860 
921812 597429 248580 706327 555950 558557 915611 284636 592292 806941 ,921812 597429 248580 706327 555950 558557 915611 284636 592292 806941 
995994 313518 66173 622417 577822 691312 595379 967730 292 63430 ,995994 313518 66173 622417 577822 691312 595379 967730 292 63430 
94516 175235 726710 400675 389870 44915 215098 723269 925258 323644 ,94516 175235 726710 400675 389870 44915 215098 723269 925258 323644 
717472 539420 202688 937226 821759 228873 259132 534601 456488 35483 ,717472 539420 202688 937226 821759 228873 259132 534601 456488 35483 
281146 367262 779407 697445 919823 276227 768 522056 610466 14649 ,281146 367262 779407 697445 919823 276227 768 522056 610466 14649 
284751 598783 535988 101946 7622 45982 689992 789274 166773 969644 ,284751 598783 535988 101946 7622 45982 689992 789274 166773 969644 
502124 673296 271854 517501 862900 728004 456558 725525 502069 251673 ,502124 673296 271854 517501 862900 728004 456558 725525 502069 251673 
445597 147124 969317 537499 920432 500905 628461 335905 78372 228441 ,445597 147124 969317 537499 920432 500905 628461 335905 78372 228441 
974865 987485 267689 989250 689992 195809 163725 789274 284751 182703 ,974865 987485 267689 989250 689992 195809 163725 789274 284751 182703 
202318 38632 143074 530184 206997 738131 16548 902312 51387 419397 ,202318 38632 143074 530184 206997 738131 16548 902312 51387 419397 
45982 921821 789274 860484 101946 535988 267689 3013 195809 594661 ,45982 921821 789274 860484 101946 535988 267689 3013 195809 594661 
121925 995516 514364 872 45818 948621 350942 181502 133085 519884 ,121925 995516 514364 872 45818 948621 350942 181502 133085 519884 
12780 530184 81702 797427 172447 428246 132728 581836 419397 875229 ,12780 530184 81702 797427 172447 428246 132728 581836 419397 875229 
62947 479657 680556 468062 407117 694422 772029 237796 295809 211158 ,62947 479657 680556 468062 407117 694422 772029 237796 295809 211158 
680556 407117 62947 694422 479657 295809 485744 250270 468062 122788 ,680556 407117 62947 694422 479657 295809 485744 250270 468062 122788 
974495 796687 200975 72507 514347 2474 70732 629647 473237 932926 ,974495 796687 200975 72507 514347 2474 70732 629647 473237 932926 
702602 908040 221966 21253 738790 685375 380652 149435 182139 463987 ,702602 908040 221966 21253 738790 685375 380652 149435 182139 463987 
452171 550111 246726 700404 412470 749780 448418 813833 607302 407667 ,452171 550111 246726 700404 412470 749780 448418 813833 607302 407667 
223781 645467 488448 96673 305312 539516 413945 736553 806681 344913 ,223781 645467 488448 96673 305312 539516 413945 736553 806681 344913 
742537 228980 660284 554838 173112 177289 373283 180562 903450 855975 ,742537 228980 660284 554838 173112 177289 373283 180562 903450 855975 
347994 316923 507090 454954 838925 380457 386220 185905 320425 392646 ,347994 316923 507090 454954 838925 380457 386220 185905 320425 392646 
119311 837149 187758 507090 553277 380457 584803 805796 185905 413848 ,119311 837149 187758 507090 553277 380457 584803 805796 185905 413848 
39377 407072 373283 641425 660284 310286 277882 224898 506430 353355 ,39377 407072 373283 641425 660284 310286 277882 224898 506430 353355 
23700 940362 729543 54034 826934 935616 522374 194813 963406 406634 ,23700 940362 729543 54034 826934 935616 522374 194813 963406 406634 
514759 364120 688114 721698 520016 508136 726693 119244 292305 379459 ,514759 364120 688114 721698 520016 508136 726693 119244 292305 379459 
807051 523212 273391 628477 181005 684591 784932 87139 197024 179164 ,807051 523212 273391 628477 181005 684591 784932 87139 197024 179164 
557823 402452 399699 361062 459179 329661 996085 204830 737489 422552 ,557823 402452 399699 361062 459179 329661 996085 204830 737489 422552 
701774 564296 931411 982961 501021 420670 879428 263125 731843 986337 ,701774 564296 931411 982961 501021 420670 879428 263125 731843 986337 
557823 459179 329661 728003 361062 204830 399699 822159 402452 463934 ,557823 459179 329661 728003 361062 204830 399699 822159 402452 463934 
5737 217389 447225 666359 305186 372776 567938 342359 795178 690276 ,5737 217389 447225 666359 305186 372776 567938 342359 795178 690276 
620811 33831 6213 605729 988908 6691 222266 203888 858943 856604 ,620811 33831 6213 605729 988908 6691 222266 203888 858943 856604 
522182 109488 285155 226627 251016 521919 464969 937153 79662 484194 ,522182 109488 285155 226627 251016 521919 464969 937153 79662 484194 
856590 595170 4579 583643 229034 876673 527048 539247 889964 993574 ,856590 595170 4579 583643 229034 876673 527048 539247 889964 993574 
176334 686648 747971 65365 427653 434449 84444 314274 606955 262056 ,176334 686648 747971 65365 427653 434449 84444 314274 606955 262056 
469044 122908 16452 668862 261917 465823 14270 192274 702788 942671 ,469044 122908 16452 668862 261917 465823 14270 192274 702788 942671 
969371 813750 264411 613282 638932 833286 580729 811720 929278 712130 ,969371 813750 264411 613282 638932 833286 580729 811720 929278 712130 
613282 712130 374500 969371 811720 833286 929278 203873 580729 854577 ,613282 712130 374500 969371 811720 833286 929278 203873 580729 854577 
310819 393490 620210 136398 973994 229913 12460 203352 13608 866315 ,310819 393490 620210 136398 973994 229913 12460 203352 13608 866315 
701607 883240 83197 471040 423566 106068 115030 889880 17456 649240 ,701607 883240 83197 471040 423566 106068 115030 889880 17456 649240 
488560 411996 223952 527048 619467 134952 650564 494711 321437 887692 ,488560 411996 223952 527048 619467 134952 650564 494711 321437 887692 
47458 430792 948226 222566 709831 844220 732399 688100 706918 533398 ,47458 430792 948226 709831 844220 732399 688100 706918 533398 274635 
732399 258438 942779 872312 376180 380740 430792 274635 107873 197218 ,732399 258438 942779 872312 376180 380740 430792 274635 107873 197218 
904201 294499 691287 589515 431674 404049 188338 748776 679981 831373 ,904201 294499 691287 589515 431674 404049 188338 748776 679981 831373 
841453 756868 666782 893608 139729 993276 663129 191297 852671 376186 ,841453 756868 666782 893608 139729 993276 663129 191297 852671 376186 
651375 8760 31214 422892 175717 724959 142696 727322 333907 487730 ,651375 8760 31214 422892 175717 724959 142696 727322 333907 487730 
480669 174487 798726 983883 969071 272354 252537 67214 182701 844194 ,480669 174487 798726 983883 969071 272354 252537 67214 182701 844194 
252537 67214 761393 272354 251816 480669 636291 198704 964905 969071 ,252537 67214 761393 272354 251816 480669 636291 198704 964905 969071 
810523 734479 714344 910869 54354 366529 812933 577420 115821 152149 ,810523 734479 714344 910869 54354 366529 812933 577420 115821 152149 
953661 429571 309248 165711 325827 278613 246930 183600 323000 272035 ,953661 429571 309248 165711 325827 278613 246930 183600 323000 272035 
901415 412227 28018 760637 759226 629017 21883 493212 802364 164787 ,901415 412227 28018 760637 759226 629017 21883 493212 802364 164787 
573311 343433 284238 641858 807027 305543 649513 474374 499848 683378 ,573311 343433 284238 641858 807027 305543 649513 474374 499848 683378 
918331 386643 435596 960561 823907 727444 13705 169262 128536 576710 ,918331 386643 435596 960561 823907 727444 13705 169262 128536 576710 
396175 727444 422467 913146 13705 918331 561894 250091 632986 576710 ,396175 727444 422467 913146 13705 918331 561894 250091 632986 576710 
498985 306132 220203 339241 271284 230215 145204 386447 519338 426739 ,498985 306132 220203 339241 271284 230215 145204 386447 519338 426739 
956257 359358 62919 143128 662837 238675 814964 206383 516931 274 ,956257 359358 62919 143128 662837 238675 814964 206383 516931 274 
196835 58463 870023 164916 999149 481016 393217 850492 403816 239578 ,196835 58463 870023 164916 999149 481016 393217 850492 403816 239578 
13238 165764 307232 429685 521917 5902 390259 720254 293562 801497 ,13238 165764 307232 429685 521917 5902 390259 720254 293562 801497 
521917 429685 165764 390259 833621 5902 293562 720254 464934 776815 ,521917 429685 165764 390259 833621 5902 293562 720254 464934 776815 
429494 448540 634601 65727 761985 283015 21928 655897 434314 657608 ,429494 448540 634601 65727 761985 283015 21928 655897 434314 657608 
155574 805753 486255 678069 691528 884134 606069 870672 315447 906604 ,155574 805753 486255 678069 691528 884134 606069 870672 315447 906604 
789091 118353 918538 82267 331705 619504 437232 308485 333652 630726 ,789091 118353 918538 82267 331705 619504 437232 308485 333652 630726 
544052 878807 123710 31823 540018 144255 268231 199745 804048 361602 ,544052 878807 123710 31823 540018 144255 268231 199745 804048 361602 
613733 449392 770821 839147 963095 404411 848988 28318 117446 482036 ,613733 449392 770821 839147 963095 404411 848988 28318 117446 482036 
478253 731765 205776 349785 188298 829904 419022 43137 924584 160449 ,478253 731765 205776 349785 188298 829904 419022 43137 924584 160449 
340786 301390 509443 735048 661960 353455 360614 213087 632905 804179 ,340786 301390 509443 735048 661960 353455 360614 213087 632905 804179 
742529 111056 977746 962044 406036 152161 265613 552071 6618 601539 ,742529 111056 977746 962044 406036 152161 265613 552071 6618 601539 
115930 692717 612598 92936 497878 107111 283390 8297 85908 47355 ,115930 692717 612598 92936 497878 107111 283390 8297 85908 47355 
713080 252483 76281 679669 36202 204677 838055 728192 265833 678559 ,713080 252483 76281 679669 36202 204677 838055 728192 265833 678559 
684635 9609 601689 306612 171762 600823 24055 592742 414212 305039 ,684635 9609 601689 306612 171762 600823 24055 592742 414212 305039 
152521 850259 433120 601689 471318 9609 608779 266173 612661 684635 ,152521 850259 433120 601689 471318 9609 608779 266173 612661 684635 
679669 967388 713080 722878 121899 110437 105466 252483 88631 204677 ,679669 967388 713080 722878 121899 110437 105466 252483 88631 204677 
306161 53493 962113 955030 329410 704766 589136 973336 806297 216653 ,306161 53493 962113 955030 329410 704766 589136 973336 806297 216653 
189211 242506 905404 17686 381327 191399 974322 684215 534704 272483 ,189211 242506 905404 17686 381327 191399 974322 684215 534704 272483 
604708 286718 709800 615216 700909 930728 389785 947763 747404 562600 ,604708 286718 709800 615216 700909 930728 389785 947763 747404 562600 
811579 954920 124837 505991 190682 85460 176137 245225 674404 312217 ,811579 954920 124837 505991 190682 85460 176137 245225 674404 312217 
895958 282559 714904 414997 952041 356626 90850 373121 384833 250363 ,895958 282559 714904 414997 952041 356626 90850 373121 384833 250363 
620471 952041 392215 614760 724289 48174 282559 305025 100286 6957 ,620471 952041 392215 614760 724289 48174 282559 305025 100286 6957 
824591 745076 454152 528067 726832 598752 345438 368064 782986 290683 ,824591 745076 454152 528067 726832 598752 345438 368064 782986 290683 
867223 551708 799854 571084 198675 793233 172197 548517 281853 941252 ,867223 551708 799854 571084 198675 793233 172197 548517 281853 941252 
130757 959131 952081 996559 596039 703129 473810 720931 1290 877027 ,130757 959131 952081 996559 596039 703129 473810 720931 1290 877027 
108248 68757 452771 549382 292631 89957 73253 9628 763369 432147 ,108248 68757 452771 549382 292631 89957 73253 9628 763369 432147 
327983 862963 932537 892023 972926 343034 119322 54100 533929 721902 ,327983 862963 932537 892023 972926 343034 119322 54100 533929 721902 
716915 797396 549382 93629 702845 413916 73253 170712 106331 89957 ,716915 797396 549382 93629 702845 413916 73253 170712 106331 89957 
516839 241746 815402 806802 283985 465838 680213 262848 529844 96376 ,516839 241746 815402 806802 283985 465838 680213 262848 529844 96376 
331838 253655 991521 929322 9613 557454 15552 160711 583192 495811 ,331838 253655 991521 929322 9613 557454 15552 160711 583192 495811 
629211 252404 320635 921661 425482 341399 615910 745514 103795 756249 ,629211 252404 320635 921661 425482 341399 615910 745514 103795 756249 
888780 255398 883320 809801 288157 573497 103026 539693 604847 268475 ,888780 255398 883320 809801 288157 573497 103026 539693 604847 268475 
140213 34865 602157 20989 746418 230250 339774 483892 89238 470080 ,140213 34865 602157 20989 746418 230250 339774 483892 89238 470080 
869369 969481 61569 185216 208508 372063 154592 316691 267927 686913 ,869369 969481 61569 185216 208508 372063 154592 316691 267927 686913 
276787 246523 479473 680291 359521 995703 482510 25784 3707 897476 ,276787 246523 479473 680291 359521 995703 482510 25784 3707 897476 
915570 847634 563196 981539 856569 877902 922585 476238 460994 223807 ,915570 847634 563196 981539 856569 877902 922585 476238 460994 223807 
310327 593813 497927 119378 748033 981539 485324 932356 833597 13548 ,310327 593813 497927 119378 748033 981539 485324 932356 833597 13548 
276255 662626 236888 151237 704567 829314 689275 771605 437945 401179 ,276255 662626 236888 151237 704567 829314 689275 771605 437945 401179 
163961 509072 161882 707486 2182 847973 266342 267966 495461 948965 ,163961 509072 161882 707486 2182 847973 266342 267966 495461 948965 
395537 65553 184380 247210 753700 928611 843084 155424 269059 868554 ,395537 65553 184380 247210 753700 928611 843084 155424 269059 868554 
657343 310607 858445 355867 537376 297643 894236 499227 448705 26836 ,657343 310607 858445 355867 537376 297643 894236 499227 448705 26836 
210881 19945 398935 862142 171446 151530 897845 382048 227567 30882 ,210881 19945 398935 862142 171446 151530 897845 382048 227567 30882 
262858 171446 837997 382048 496493 194438 580365 983299 59305 635742 ,262858 171446 837997 382048 496493 194438 580365 983299 59305 635742 
857532 234008 809847 202776 510106 951717 185029 226575 403775 133004 ,857532 234008 809847 202776 510106 951717 185029 226575 403775 133004 
162398 610866 952977 226748 882315 656825 3389 336014 853438 732841 ,162398 610866 952977 226748 882315 656825 3389 336014 853438 732841 
136229 809847 641329 805665 415339 40078 226575 459927 826689 403775 ,136229 809847 641329 805665 415339 40078 226575 459927 826689 403775 
540957 738536 193743 614339 69746 354765 364726 233227 920629 395032 ,540957 738536 193743 614339 69746 354765 364726 233227 920629 395032 
993704 450760 759935 791315 665499 360856 193743 123839 886638 648643 ,993704 450760 759935 791315 665499 360856 193743 123839 886638 648643 
219798 973012 502476 414230 702870 472608 861521 341786 618206 351301 ,219798 973012 502476 414230 702870 472608 861521 341786 618206 351301 
156267 388125 144081 109189 214022 977048 158487 526351 79453 363433 ,156267 388125 144081 109189 214022 977048 158487 526351 79453 363433 
341247 248475 79553 327324 788772 606997 917912 351821 549079 836327 ,341247 248475 79553 327324 788772 606997 917912 351821 549079 836327 
311509 487987 401315 625959 36195 362667 651756 239381 820599 657333 ,311509 487987 401315 625959 36195 362667 651756 239381 820599 657333 
867091 19713 9554 868750 626887 492630 660552 883085 352528 346668 ,867091 19713 9554 868750 626887 492630 660552 883085 352528 346668 
841657 9554 244323 997481 492630 484424 251713 867091 315803 660552 ,841657 9554 244323 997481 492630 484424 251713 867091 315803 660552 
15511 266875 801302 473060 228703 730706 721409 843628 241701 99415 ,15511 266875 801302 473060 228703 730706 721409 843628 241701 99415 
147758 405685 781209 972902 710784 165408 700061 796019 549847 426855 ,147758 405685 781209 972902 710784 165408 700061 796019 549847 426855 
300704 162558 358506 215030 432521 796609 612087 690179 945541 76330 ,300704 162558 358506 215030 432521 796609 612087 690179 945541 76330 
591562 251713 841657 315803 433954 633998 413017 20854 272530 997481 ,591562 251713 841657 315803 433954 633998 413017 20854 272530 997481 
340657 550734 406776 400794 539057 824213 115426 359623 225585 15130 ,340657 550734 406776 400794 539057 824213 115426 359623 225585 15130 
988222 898604 529750 458899 605204 6437 324183 277095 477703 504887 ,988222 898604 529750 458899 605204 6437 324183 277095 477703 504887 
619169 970031 354903 593416 210667 620688 19297 324183 503353 99578 ,619169 970031 354903 593416 210667 620688 19297 324183 503353 99578 
220651 124892 70075 841647 996635 673369 445985 970803 426228 387607 ,220651 124892 70075 841647 996635 673369 445985 970803 426228 387607 
232725 749798 962414 328697 186130 647421 806969 796832 856612 77593 ,232725 749798 962414 328697 186130 647421 806969 796832 856612 77593 
467992 573343 627071 117501 123826 527096 770927 889153 9004 406146 ,467992 573343 627071 117501 123826 527096 770927 889153 9004 406146 
570099 856848 974928 606462 880657 585827 41839 680888 621320 442659 ,570099 856848 974928 606462 880657 585827 41839 680888 621320 442659 
658572 102403 852478 65804 268164 542414 140545 857082 179161 205821 ,658572 102403 852478 65804 268164 542414 140545 857082 179161 205821 
961950 259686 438881 73927 243394 839263 813004 949181 850514 19545 ,961950 259686 438881 73927 243394 839263 813004 949181 850514 19545 
422290 530491 336857 12526 726212 305110 403810 909324 37404 502610 ,422290 530491 336857 12526 726212 305110 403810 909324 37404 502610 
435182 315679 131673 724352 755249 526944 762136 915120 794462 794502 ,435182 315679 131673 724352 755249 526944 762136 915120 794462 794502 
384942 823916 311911 921079 998053 472458 426240 400268 627779 955125 ,384942 823916 311911 921079 998053 472458 426240 400268 627779 955125 
472097 584368 747689 344009 989853 823916 457951 816730 880705 948702 ,472097 584368 747689 344009 989853 823916 457951 816730 880705 948702 
421091 293410 776730 320877 620446 250890 279622 818332 974521 483729 ,421091 293410 776730 320877 620446 250890 279622 818332 974521 483729 
834494 403724 989682 225783 679770 197216 987792 59691 881495 744080 ,834494 403724 989682 225783 679770 197216 987792 59691 881495 744080 
620930 199367 288114 67361 865286 84435 747565 624207 459469 680564 ,620930 199367 288114 67361 865286 84435 747565 624207 459469 680564 
194523 627546 431650 386622 810655 470890 950434 606838 709724 434372 ,194523 627546 431650 386622 810655 470890 950434 606838 709724 434372 
170665 480499 420939 31101 913854 576149 110773 78277 856645 351658 ,170665 480499 420939 31101 913854 576149 110773 78277 856645 351658 
203309 32660 403139 630552 346528 947036 303233 670226 118161 293748 ,203309 32660 403139 630552 346528 947036 303233 670226 118161 293748 
852702 572796 306489 844000 201582 474589 200973 370049 771831 676167 ,852702 572796 306489 844000 201582 474589 200973 370049 771831 676167 
90269 521862 58817 390950 965872 997966 629011 724953 938708 344265 ,90269 521862 58817 390950 965872 997966 629011 724953 938708 344265 
867879 389492 777590 58159 239831 535037 891438 767990 775262 142648 ,867879 389492 777590 58159 239831 535037 891438 767990 775262 142648 
159541 205936 731643 289816 749814 630009 753426 441959 786464 628832 ,159541 205936 731643 289816 749814 630009 753426 441959 786464 628832 
467509 478089 398906 808485 624031 467303 356641 803457 25690 287331 ,467509 478089 398906 808485 624031 467303 356641 803457 25690 287331 
660823 452787 796176 639956 34129 585917 496490 624031 419144 384012 ,660823 452787 796176 639956 34129 585917 496490 624031 419144 384012 
452787 660823 496490 639956 34129 585917 366638 356641 654116 624031 ,452787 660823 496490 639956 34129 585917 366638 356641 654116 624031 
160743 641296 400490 92843 721025 444397 626847 808958 731533 821857 ,160743 641296 400490 92843 721025 444397 626847 808958 731533 821857 
223557 88568 720560 106724 700940 88739 998133 957897 797985 660458 ,223557 88568 720560 106724 700940 88739 998133 957897 797985 660458 
441531 615613 659942 509987 190830 42547 335734 962424 435124 546213 ,441531 615613 659942 509987 190830 42547 335734 962424 435124 546213 
183625 111127 823240 242850 531116 903027 54589 420273 282003 694428 ,183625 111127 823240 242850 531116 903027 54589 420273 282003 694428 
581823 111127 934618 420273 211292 183625 339703 607753 182159 620944 ,581823 111127 934618 420273 211292 183625 339703 607753 620944 693084 
982938 18400 490448 369996 863634 496943 614604 867203 634095 524956 ,982938 18400 490448 369996 863634 496943 614604 867203 634095 524956 
492606 199841 938793 235676 339523 414091 183771 449918 72629 345512 ,492606 199841 938793 235676 339523 414091 183771 449918 72629 345512 
563670 276167 300946 803331 246430 200166 408934 584515 959877 6163 ,563670 276167 300946 803331 246430 200166 408934 584515 959877 6163 
548198 36060 272690 257963 520334 550279 557525 448436 936302 880274 ,548198 36060 272690 257963 520334 550279 557525 448436 936302 880274 
200166 300946 276167 455317 694694 584515 628671 741151 477531 573013 ,200166 300946 276167 455317 694694 584515 628671 741151 477531 573013 
1980 441335 43215 534941 562325 140614 261202 56165 117304 311874 ,1980 441335 43215 534941 562325 140614 261202 56165 117304 311874 
397114 469945 632871 557785 195289 825312 306072 844852 849578 321607 ,397114 469945 632871 557785 195289 825312 306072 844852 849578 321607 
840847 293380 397114 364539 1907 152831 208445 926684 30831 105112 ,840847 293380 397114 364539 1907 152831 208445 30831 105112 522234 
806868 558930 351900 308526 648092 684007 591069 847436 121995 82768 ,806868 558930 351900 308526 648092 684007 591069 847436 121995 82768 
1980 562325 844529 441335 671528 777855 883341 435059 858172 565534 ,1980 562325 844529 441335 671528 777855 883341 435059 858172 565534 
557785 23685 1907 638249 783116 56533 825312 36896 293782 632871 ,557785 23685 1907 638249 783116 56533 825312 36896 293782 632871 
522103 153815 748578 191434 957382 121995 263917 134404 436465 845508 ,522103 153815 748578 191434 957382 121995 263917 134404 436465 845508 
337177 743758 535926 476041 659149 256259 916212 238693 700907 355139 ,337177 743758 535926 476041 659149 256259 916212 238693 700907 355139 
379730 168552 147625 489265 601981 155463 631561 104685 941548 308261 ,379730 168552 147625 489265 601981 155463 631561 104685 941548 308261 
300127 455646 624206 923879 144224 678762 210485 198721 758300 325915 ,300127 455646 624206 923879 144224 678762 210485 198721 758300 325915 
434234 940590 32185 413200 525042 3235 202109 272577 823072 506198 ,434234 940590 32185 413200 525042 3235 202109 272577 823072 506198 
86174 495100 481797 137971 525042 742398 803071 791954 974571 272577 ,86174 495100 481797 137971 525042 742398 803071 791954 974571 272577 
241181 523644 805906 293502 742140 245616 124680 998333 512008 279950 ,241181 523644 805906 293502 742140 245616 124680 998333 512008 279950 
404090 345442 81755 99697 895589 203858 958608 805128 406822 150053 ,404090 345442 81755 99697 895589 203858 958608 805128 406822 150053 
682876 99697 406822 260129 769183 805128 590926 892771 967626 298898 ,682876 99697 406822 260129 769183 805128 590926 892771 967626 298898 
331670 192490 560089 485398 4660 799602 71632 411061 190259 530686 ,331670 192490 560089 485398 4660 799602 71632 411061 190259 530686 
260129 869070 958608 507826 733481 892771 406822 203858 862980 245440 ,260129 869070 958608 507826 733481 892771 406822 203858 862980 245440 
594995 638758 815071 224695 13825 851788 753747 56042 899194 9514 ,594995 638758 815071 224695 13825 851788 753747 56042 899194 9514 
734253 507826 862980 892995 892771 915829 310604 245440 590926 330431 ,734253 507826 862980 892995 892771 915829 310604 245440 590926 330431 
892629 856862 231085 383036 317655 669908 853597 51100 257305 538855 ,892629 856862 231085 383036 317655 669908 853597 51100 257305 538855 
643347 681685 463995 536008 397789 571600 919 24461 598792 973682 ,643347 681685 463995 536008 397789 571600 919 24461 598792 973682 
292053 438639 437858 464826 449055 530070 548933 286446 795051 754184 ,292053 438639 437858 464826 449055 530070 548933 286446 795051 754184 
408052 688027 663666 116950 930752 712127 305819 473718 364049 796445 ,408052 688027 663666 116950 930752 712127 305819 473718 364049 796445 
337616 780688 505296 651082 301710 7548 363161 438639 506571 486409 ,337616 780688 505296 651082 301710 7548 363161 438639 506571 486409 
803157 334832 466772 882039 818390 72974 284156 93354 462593 535538 ,803157 334832 466772 882039 818390 72974 284156 93354 462593 535538 
234334 866001 969428 23604 305024 182530 814947 116950 364049 166295 ,234334 866001 969428 23604 305024 182530 814947 116950 364049 166295 
809318 11123 175952 536008 237559 681685 598792 24461 460273 276106 ,809318 11123 175952 536008 237559 681685 598792 24461 460273 276106 
108444 346112 937973 53579 609110 164676 514832 487147 291114 249025 ,108444 346112 937973 53579 609110 164676 514832 487147 291114 249025 
303646 170439 527287 509139 500467 937968 670998 734159 896294 804534 ,303646 170439 527287 509139 500467 937968 670998 734159 896294 804534 
489910 34735 637747 203175 395886 527287 439276 247965 509139 669612 ,489910 34735 637747 203175 395886 527287 439276 247965 509139 669612 
708754 175178 63779 26201 265787 316278 599053 849790 342848 55481 ,708754 175178 63779 26201 265787 316278 599053 849790 342848 55481 
845266 529945 780867 305862 18690 228199 806785 272203 222630 905583 ,845266 529945 780867 305862 18690 228199 806785 272203 222630 905583 
38030 272203 503776 845266 41185 261263 145983 305862 284495 228199 ,38030 272203 503776 845266 41185 261263 145983 305862 284495 228199 
653151 689437 18690 138982 442019 951214 334549 470047 758328 806785 ,653151 689437 18690 138982 442019 951214 334549 470047 758328 806785 
208352 227418 601685 602425 572756 198012 894599 174701 329478 821025 ,208352 227418 601685 602425 572756 198012 894599 174701 329478 821025 
250148 244644 665738 659513 268555 609475 529064 815219 286631 554878 ,250148 244644 665738 659513 268555 609475 529064 815219 286631 554878 
146278 177370 28166 15849 202424 228027 110256 35374 884922 20649 ,146278 177370 28166 15849 202424 228027 110256 35374 884922 20649 
757178 254924 673284 861275 667098 746574 850390 764927 624952 899325 ,757178 254924 673284 861275 667098 746574 850390 764927 624952 899325 
887633 920744 946258 207111 817585 29446 147878 982936 961020 923641 ,887633 920744 946258 207111 817585 29446 147878 982936 961020 923641 
946258 900583 39236 887633 303791 894578 12900 964161 662500 798307 ,946258 900583 39236 887633 303791 894578 12900 964161 662500 798307 
86672 721043 199848 381931 107007 279707 383150 32775 83650 307076 ,86672 721043 199848 381931 107007 279707 383150 32775 83650 307076 
494084 762240 890433 695989 563405 978325 7133 461998 515524 142000 ,494084 762240 890433 695989 563405 978325 7133 461998 515524 142000 
5041 723784 485708 429810 514599 27496 442317 235707 599065 848293 ,5041 723784 485708 429810 514599 27496 442317 235707 599065 848293 
723784 848293 760957 547496 174341 235707 142000 426592 485123 429810 ,723784 848293 760957 547496 174341 235707 142000 426592 485123 429810 
456410 548636 774420 40016 276900 518650 590676 877800 712107 720699 ,456410 548636 774420 40016 276900 518650 590676 877800 712107 720699 
223815 136732 4178 225371 304448 165293 597414 189298 801149 961553 ,223815 136732 4178 225371 304448 165293 597414 189298 801149 94987 
717167 801151 194842 223815 323136 686958 966611 597414 801149 344785 ,717167 801151 194842 223815 323136 686958 966611 597414 801149 344785 
302900 514482 395251 69706 318838 249128 668338 523453 517243 834013 ,302900 514482 395251 69706 318838 249128 668338 523453 517243 834013 
87138 137697 432685 127424 625293 117561 234867 946450 370104 274436 ,87138 137697 432685 127424 625293 117561 234867 946450 370104 274436 
710777 567139 849230 919287 804866 675378 878202 789555 134565 395198 ,710777 567139 849230 919287 804866 675378 878202 789555 134565 395198 
360588 295748 44428 40209 8516 599598 501433 2954 440196 731642 ,360588 295748 44428 40209 8516 599598 501433 2954 440196 731642 
384656 40209 95600 663051 430834 780768 499129 426535 321205 498160 ,384656 40209 95600 663051 430834 780768 499129 426535 321205 498160 
84928 924159 110508 778772 41894 443240 771994 304414 779539 556751 ,84928 924159 110508 778772 41894 443240 771994 304414 556751 797324 
736500 7365 854774 701620 526725 830463 536441 162547 328955 53550 ,736500 7365 854774 701620 526725 830463 536441 162547 328955 53550 
366612 620620 292837 529741 545710 903172 692917 346732 147829 815701 ,366612 620620 292837 529741 545710 903172 692917 346732 147829 815701 
854472 979775 81154 787667 449682 971989 924205 635864 585719 829100 ,854472 979775 81154 787667 449682 971989 924205 635864 585719 829100 
69446 855309 796942 948358 265004 778308 287360 99993 32974 7374 ,69446 855309 796942 948358 265004 778308 287360 99993 32974 7374 
809379 926677 344166 131521 390741 840406 238223 692917 207980 635466 ,809379 926677 344166 131521 390741 840406 238223 692917 207980 635466 
466272 391082 406879 527432 76396 692616 390136 704955 172924 398219 ,466272 391082 406879 527432 76396 692616 390136 704955 172924 398219 
111151 974341 406294 557391 603442 102341 521341 513949 426943 945844 ,111151 974341 406294 557391 603442 102341 521341 513949 426943 945844 
513949 406294 557391 102341 452720 777139 945377 606867 580315 176552 ,513949 406294 557391 102341 452720 777139 945377 606867 580315 176552 
358211 289596 246458 904101 705665 1796 837455 705493 114822 15744 ,358211 289596 246458 904101 705665 1796 837455 705493 114822 15744 
5025 365331 430857 175032 993203 354993 560054 456552 178040 918031 ,5025 365331 430857 175032 993203 354993 560054 456552 178040 918031 
837455 289596 1796 260691 539819 454416 773228 996278 32966 598320 ,837455 289596 1796 260691 539819 454416 773228 996278 32966 598320 
560038 18757 262483 454519 464765 545823 586842 90843 81881 416316 ,560038 18757 262483 454519 464765 545823 586842 90843 81881 416316 
91406 452113 787784 260144 322039 525167 574290 130360 219794 22270 ,91406 452113 787784 260144 322039 525167 574290 130360 219794 22270 
496969 681771 852977 157112 73607 901735 449142 634096 871890 940648 ,496969 681771 852977 157112 73607 901735 449142 634096 871890 940648 
765069 889966 79590 445404 950727 186567 278834 354239 199073 786806 ,765069 889966 79590 445404 950727 186567 278834 354239 199073 786806 
876403 197328 462041 847405 614810 903677 742134 2590 474532 782825 ,876403 197328 462041 847405 614810 903677 742134 2590 474532 782825 
709328 693219 341391 750337 435666 275162 254598 798669 116210 876403 ,709328 693219 341391 750337 435666 275162 254598 798669 116210 876403 
202292 726981 172773 752322 863041 91406 55193 596998 219794 924900 ,202292 726981 172773 752322 863041 91406 55193 596998 219794 924900 
417155 480662 511149 474340 232532 507807 838744 544775 11368 450029 ,417155 480662 511149 474340 232532 507807 838744 544775 11368 450029 
147375 629081 753372 462041 454044 798523 630924 63616 553216 20610 ,147375 629081 753372 462041 454044 798523 630924 63616 553216 20610 
809710 548825 951757 574290 853327 522255 525167 284643 577968 350331 ,809710 548825 951757 574290 853327 522255 525167 284643 577968 350331 
522255 245312 550445 321234 322039 448825 871882 645449 1170 982320 ,522255 245312 550445 321234 322039 448825 871882 645449 1170 982320 
53390 38041 606671 639876 9907 358023 612279 278368 263996 221776 ,53390 38041 606671 639876 9907 358023 612279 278368 263996 221776 
9907 918139 221776 134417 606671 936926 263996 226484 920231 195808 ,9907 918139 221776 134417 606671 936926 263996 226484 920231 195808 
129973 534727 262392 806484 116123 524583 730552 244593 425536 180098 ,129973 534727 262392 806484 116123 524583 730552 244593 180098 244646 
915497 843250 243703 847985 693403 949966 857999 407109 780560 260461 ,915497 843250 243703 847985 693403 949966 857999 407109 780560 260461 
981544 902909 783867 716624 491384 47175 715668 241577 859018 156233 ,981544 902909 783867 716624 491384 47175 715668 241577 859018 156233 
294583 91916 547803 763030 95858 946352 336758 90416 972659 175208 ,294583 91916 547803 763030 95858 946352 336758 90416 972659 175208 
294583 7462 145422 237159 91916 547803 106200 95858 240537 89086 ,294583 7462 145422 237159 91916 547803 106200 95858 240537 89086 
297145 241526 89871 764782 356476 563060 66594 4387 480918 441823 ,297145 241526 89871 764782 356476 563060 66594 4387 480918 441823 
903994 750199 538501 163839 526129 405588 809714 187072 800776 211245 ,903994 750199 538501 163839 526129 405588 809714 187072 800776 211245 
397436 1659 722341 698826 886310 321555 521032 344255 703626 105208 ,397436 1659 722341 698826 886310 321555 521032 344255 703626 105208 
967143 932968 855339 12770 71813 542006 797301 965742 67196 274861 ,967143 932968 855339 12770 71813 542006 797301 965742 67196 274861 
950144 128396 878521 698397 924279 983376 752810 259831 779586 598365 ,950144 128396 878521 698397 924279 983376 752810 259831 779586 598365 
110977 260582 422807 175549 147475 271473 979571 566143 619101 472026 ,110977 260582 422807 175549 147475 271473 979571 566143 619101 472026 
864065 747815 783779 876746 532929 335570 856387 288120 409748 736974 ,864065 747815 783779 876746 532929 335570 856387 288120 409748 736974 
828530 583709 762179 231404 356780 79670 242097 336839 904311 561294 ,828530 583709 762179 231404 356780 79670 242097 336839 904311 561294 
111801 559388 278605 336839 238539 561294 360138 314720 476829 206348 ,111801 559388 278605 336839 238539 561294 360138 314720 476829 206348 
351609 40134 847494 241211 684662 815167 862400 91039 192071 742637 ,351609 40134 847494 241211 684662 815167 862400 91039 192071 742637 
343234 735044 833898 736361 132450 364840 467020 790885 481602 366404 ,343234 735044 833898 736361 132450 364840 467020 790885 481602 366404 
556938 753802 701548 785034 839599 704250 194223 683740 456042 250668 ,556938 753802 701548 785034 839599 704250 194223 683740 456042 250668 
119474 418306 200459 775075 782218 28578 70508 27393 861118 230607 ,119474 418306 200459 775075 782218 28578 70508 27393 861118 230607 
932557 936527 692309 878180 790992 318386 73261 273570 845139 800474 ,932557 936527 692309 878180 790992 318386 73261 273570 845139 800474 
982864 954076 992437 205751 617745 396583 610915 553428 56066 539159 ,982864 954076 992437 205751 617745 396583 610915 553428 56066 539159 
637671 468063 215506 81824 123587 58960 784504 742820 663157 238167 ,637671 468063 215506 81824 123587 58960 784504 742820 663157 238167 
914026 82423 169729 529130 552294 600894 423317 499301 376048 26625 ,914026 82423 169729 529130 552294 600894 423317 499301 376048 26625 
152489 329835 621769 755689 710677 208989 691199 84677 304695 959732 ,152489 329835 621769 755689 710677 208989 691199 84677 304695 959732 
145752 226986 377958 860765 63524 821302 44980 982051 591087 267950 ,145752 226986 377958 860765 63524 821302 44980 982051 591087 267950 
272731 904190 753375 522039 716020 397835 969696 277905 225141 758520 ,272731 904190 753375 522039 716020 397835 969696 277905 225141 758520 
444633 378695 514108 537045 101051 659044 828167 962451 91657 809237 ,444633 378695 514108 537045 101051 659044 828167 962451 91657 809237 
458345 311127 379230 964986 894445 389201 410767 335949 472415 781696 ,458345 311127 379230 964986 894445 389201 410767 335949 472415 781696 
460279 271156 290002 383585 594024 461324 438860 282650 639051 843428 ,460279 271156 290002 383585 594024 461324 438860 282650 639051 843428 
565538 862443 948441 860745 762208 983207 222378 781855 895093 377827 ,565538 862443 948441 860745 762208 983207 222378 781855 895093 377827 
478597 604487 375426 917483 148777 226708 751435 5752 222378 726897 ,478597 604487 375426 917483 148777 226708 751435 5752 222378 726897 
543286 751435 517931 786881 5752 805405 917483 402726 222378 226708 ,543286 751435 517931 786881 5752 805405 917483 402726 222378 226708 
159429 315032 401325 317626 60639 151343 514351 606725 979142 989223 ,159429 315032 401325 317626 60639 151343 514351 606725 979142 989223 
864486 842675 787584 502462 555156 973076 958004 404175 561011 443809 ,864486 842675 787584 502462 555156 973076 958004 404175 561011 443809 
865950 725973 74154 20252 590192 151343 979142 119845 923460 936709 ,865950 725973 74154 20252 590192 151343 979142 119845 923460 936709 
814074 783809 407112 445968 271680 114781 953635 339601 76817 387789 ,814074 783809 407112 445968 271680 114781 953635 339601 76817 387789 
779712 70721 242257 885995 432703 433041 391586 561626 618007 513034 ,779712 70721 242257 885995 432703 433041 391586 561626 618007 513034 
421071 127414 510271 23748 628393 43936 415072 457400 140721 558564 ,421071 127414 510271 23748 628393 43936 415072 457400 140721 558564 
80954 772499 337797 923564 611224 620681 918887 457980 347411 618007 ,80954 772499 337797 923564 611224 620681 918887 457980 347411 618007 
861128 60902 405727 716373 300 884462 15159 620402 885797 733096 ,861128 60902 405727 716373 300 884462 15159 620402 885797 733096 
337797 611224 80954 206254 772499 967748 234201 707051 636922 821774 ,337797 611224 80954 206254 772499 967748 234201 707051 636922 821774 
691867 124499 438468 220201 227416 286325 531341 574505 463451 541314 ,691867 124499 438468 220201 227416 286325 531341 574505 463451 541314 
936457 861235 754455 452695 668606 799534 14051 708671 6061 840027 ,936457 861235 754455 452695 668606 799534 14051 708671 6061 840027 
568353 819839 923491 170169 585858 877290 29045 230124 160779 940387 ,568353 819839 923491 170169 585858 877290 29045 230124 160779 940387 
2176 72021 265031 224147 618627 920423 13354 775291 970616 162682 ,2176 72021 265031 224147 618627 920423 13354 775291 970616 162682 
28426 539780 388940 553106 174005 145186 36831 536741 274504 595455 ,28426 539780 388940 553106 174005 145186 36831 536741 274504 595455 
252526 796951 845952 311173 94059 956833 909684 537275 751557 892879 ,252526 796951 845952 311173 94059 956833 909684 537275 751557 892879 
934989 282929 186259 865440 316590 13354 205918 36009 440789 614393 ,934989 282929 186259 865440 316590 13354 205918 36009 440789 614393 
136019 801019 970616 840027 155575 688406 224147 669847 740284 215883 ,136019 801019 970616 840027 155575 688406 224147 669847 740284 215883 
781059 778209 242566 432386 873697 961143 695080 784829 322160 304823 ,781059 778209 242566 432386 873697 961143 695080 784829 322160 304823 
962246 846431 693076 185198 466074 58042 858410 739796 499933 900731 ,962246 846431 693076 185198 466074 58042 858410 739796 499933 900731 
240439 452385 899597 424734 471368 273550 163327 309360 763542 538302 ,240439 452385 899597 424734 471368 273550 163327 309360 763542 538302 
402021 619456 941900 628027 147101 670087 833334 823903 328011 687066 ,402021 619456 941900 628027 147101 670087 833334 823903 328011 687066 
567107 729919 539358 122080 31868 875495 514831 692176 270371 8707 ,567107 729919 539358 122080 31868 875495 514831 692176 270371 8707 
494837 319752 602571 951307 293483 313299 959019 236443 13064 912290 ,494837 319752 602571 951307 293483 313299 236443 13064 912290 396604 
314887 920736 675596 237634 3882 25757 13443 233635 56993 394159 ,314887 920736 675596 237634 3882 25757 13443 233635 56993 394159 
895042 76711 519429 526812 727313 394159 223234 494833 72562 762201 ,895042 76711 519429 526812 727313 394159 223234 494833 72562 762201 
963129 819933 631469 68189 369357 486078 96738 590999 871236 715014 ,963129 819933 631469 68189 369357 486078 96738 590999 871236 715014 
988567 504423 23872 654521 600673 638481 667175 320695 815670 279269 ,988567 504423 23872 654521 600673 638481 667175 320695 815670 279269 
569854 560690 25732 932870 210385 737303 74425 893572 515330 859170 ,569854 560690 25732 932870 210385 737303 74425 893572 515330 859170 
641751 767441 5764 969945 847822 839347 287211 868698 959695 561779 ,641751 767441 5764 969945 847822 839347 287211 868698 959695 561779 
486208 89796 467135 143029 663727 279269 544750 741068 681977 519420 ,486208 89796 467135 143029 279269 544750 741068 681977 519420 79456 
936148 230750 88516 351465 742673 654725 246675 583711 431346 377687 ,936148 230750 88516 351465 742673 654725 246675 583711 431346 377687 
826930 140929 309403 770077 742673 47418 757291 151780 874496 987105 ,826930 140929 309403 770077 742673 47418 757291 151780 874496 987105 
13640 957879 622510 18320 842580 912753 957513 209638 202115 986119 ,13640 957879 622510 18320 842580 912753 957513 209638 202115 986119 
13640 541495 396242 329457 236279 475515 347188 160486 151113 957879 ,13640 541495 396242 329457 236279 475515 347188 160486 151113 957879 
449108 818577 655021 824282 889865 189463 256362 814655 217975 200138 ,449108 818577 655021 824282 889865 189463 256362 814655 217975 200138 
583966 939602 15998 899058 961874 246398 894061 934730 988929 465848 ,583966 939602 15998 899058 961874 246398 894061 934730 988929 465848 
546832 210889 899058 663277 583966 908441 778297 893777 939602 742338 ,546832 210889 899058 663277 583966 908441 778297 893777 939602 742338 
852739 62058 712078 839151 844325 250522 472274 727115 531586 674863 ,852739 62058 712078 839151 844325 250522 472274 727115 531586 674863 
465174 680539 950074 238815 16401 128882 699568 204771 7753 882769 ,465174 680539 950074 238815 16401 128882 699568 204771 7753 59852 
550315 493571 977337 558550 70682 382533 366841 101431 953963 280995 ,550315 493571 977337 558550 70682 382533 366841 101431 953963 280995 
765487 531154 83284 218059 785471 571210 833210 139673 271850 7692 ,765487 531154 83284 218059 785471 571210 833210 139673 271850 7692 
975910 958686 365037 407274 384282 592679 985098 648264 779226 453532 ,975910 958686 365037 407274 384282 592679 985098 648264 779226 453532 
120835 405303 49991 617582 311032 76832 413067 61747 803112 971096 ,120835 405303 49991 617582 311032 76832 413067 61747 803112 971096 
59343 65120 238309 79922 842231 49876 618787 952468 20365 853398 ,59343 65120 238309 79922 842231 49876 618787 952468 20365 853398 
807271 290119 564090 275028 299416 36347 977002 886230 201248 96 ,807271 290119 564090 275028 299416 36347 977002 886230 201248 96 
854135 518166 899130 815134 680590 782181 887782 887332 234556 61548 ,854135 518166 899130 815134 680590 782181 887782 887332 234556 61548 
407611 308766 125859 500650 675589 875441 93328 501599 625441 234725 ,407611 308766 125859 500650 675589 875441 93328 501599 625441 234725 
847207 428489 28148 317411 274186 552034 688496 689322 746264 173489 ,847207 428489 28148 317411 274186 552034 688496 689322 746264 173489 
439071 528336 942992 2361 842296 700801 523894 518166 526720 637032 ,439071 528336 942992 2361 842296 700801 523894 518166 526720 637032 
615170 785568 220793 504558 247980 717378 402449 518630 766496 515361 ,615170 785568 220793 504558 247980 717378 402449 518630 766496 515361 
861218 650437 722876 743402 308553 250498 785568 205948 371716 497722 ,861218 650437 722876 743402 308553 250498 785568 205948 371716 497722 
505637 921718 74586 722876 926772 683898 5224 840418 301530 774629 ,505637 921718 74586 722876 926772 683898 5224 840418 301530 774629 
722876 921718 74586 515361 33460 166223 183822 19279 926772 973387 ,722876 921718 74586 515361 33460 166223 183822 19279 926772 973387 
409037 840418 515361 887828 926772 308553 862810 220793 766496 997126 ,409037 840418 515361 887828 926772 308553 862810 220793 766496 997126 
724059 480633 515211 510722 190398 140700 964735 822070 131819 514437 ,724059 480633 515211 510722 190398 140700 964735 822070 131819 514437 
497632 740392 261621 63926 555469 112100 213405 947879 112093 322527 ,497632 740392 261621 63926 555469 112100 213405 947879 112093 322527 
920244 113089 138125 146364 561416 841679 225421 509250 339836 704243 ,920244 113089 138125 146364 561416 225421 509250 339836 704243 877017 
964735 724059 822070 515211 131819 510722 798295 31454 528694 103306 ,964735 724059 822070 515211 131819 510722 798295 31454 528694 103306 
982597 920244 695641 225421 561416 985731 533090 113089 950337 667994 ,982597 920244 695641 225421 561416 985731 533090 113089 950337 667994 
198196 955886 153153 115049 990577 526355 576948 406576 863481 931808 ,198196 955886 153153 115049 990577 526355 576948 406576 863481 931808 
411979 277939 678061 394771 563929 221613 347986 432757 73123 113059 ,411979 277939 678061 394771 563929 221613 347986 432757 73123 113059 
201147 844245 738299 565814 917704 743169 567162 439027 73123 884409 ,201147 844245 738299 565814 917704 743169 567162 439027 73123 884409 
673089 632232 539818 2294 288982 384925 347986 402040 411979 113059 ,673089 632232 539818 2294 288982 384925 347986 402040 411979 113059 
701103 979605 796625 4417 176971 733117 796990 415250 645826 242326 ,701103 979605 796625 4417 176971 733117 796990 415250 645826 242326 
776958 910896 714037 570324 578227 664482 430729 509170 559966 511127 ,776958 910896 714037 570324 578227 664482 430729 509170 559966 511127 
878907 592885 799760 373454 105550 392528 940817 403446 586055 975694 ,878907 592885 799760 373454 105550 392528 940817 403446 586055 975694 
653055 75392 447070 861421 900036 989024 579330 679975 649175 135601 ,653055 75392 447070 861421 900036 989024 579330 679975 649175 135601 
729220 965503 947282 672153 96054 62359 406766 65692 457654 257708 ,729220 965503 947282 672153 96054 62359 406766 65692 457654 257708 
672153 819759 965503 729220 947282 513510 96054 940927 257708 26311 ,672153 819759 965503 729220 947282 513510 96054 940927 257708 26311 
88152 796482 631608 59260 999008 852933 472006 948456 702698 539866 ,88152 796482 631608 59260 999008 852933 472006 948456 702698 539866 
940576 802109 195762 91980 393442 976150 708076 795482 310159 728869 ,940576 802109 195762 91980 393442 976150 708076 795482 310159 728869 
254204 273114 41023 503807 170931 834388 481555 883332 151819 300777 ,254204 273114 41023 503807 170931 834388 481555 883332 151819 300777 
851782 198799 564962 967131 10101 954083 545891 672725 886124 250137 ,851782 198799 564962 967131 10101 954083 545891 672725 886124 250137 
388375 601835 776762 303330 604316 35060 904198 632694 831716 416591 ,388375 601835 776762 303330 604316 35060 904198 632694 831716 416591 
164873 232741 699585 163954 728957 725299 699738 859074 571194 75939 ,164873 232741 699585 163954 728957 725299 699738 859074 571194 75939 
228933 711566 705229 898740 530147 193747 607025 352305 803439 499402 ,228933 711566 705229 898740 530147 193747 607025 352305 803439 499402 
157787 341487 779223 388375 269968 754707 526760 590729 765525 166093 ,157787 341487 779223 388375 269968 754707 526760 590729 765525 166093 
906841 78418 631772 353075 863687 443015 186008 859755 818083 392085 ,906841 78418 631772 353075 863687 443015 186008 859755 818083 392085 
791407 826093 657796 899826 247272 58917 955450 360594 560212 213088 ,791407 826093 657796 899826 247272 58917 955450 360594 560212 213088 
895043 198863 682391 841836 507869 9669 253623 141095 308570 230278 ,895043 198863 682391 841836 507869 9669 253623 141095 308570 230278 
869807 417740 997495 902734 427380 601986 870499 563786 305874 795357 ,869807 417740 997495 902734 427380 601986 870499 563786 305874 795357 
164321 169895 618941 893187 147416 660253 167467 817943 396827 1709 ,164321 169895 618941 893187 147416 660253 167467 817943 396827 1709 
16524 386701 716867 499671 528367 23717 242429 103572 379636 632505 ,16524 386701 716867 499671 528367 23717 242429 103572 379636 632505 
284069 955944 553470 117261 395889 390001 988149 507472 522350 320340 ,284069 955944 553470 117261 395889 390001 988149 507472 522350 320340 
284561 219353 595180 156242 689279 992488 282422 769758 823182 618788 ,284561 219353 595180 156242 689279 282422 769758 823182 618788 758487 
689279 867792 280759 941971 282422 109640 905524 941630 279984 870754 ,689279 867792 280759 941971 282422 109640 905524 941630 279984 870754 
413083 381179 693093 728929 202180 242337 104982 28997 464806 369253 ,413083 381179 693093 728929 202180 242337 104982 28997 464806 369253 
20214 168863 729099 489811 171515 259123 183814 844446 681034 285450 ,20214 168863 729099 489811 171515 259123 183814 844446 681034 285450 
159776 177327 571060 139493 71430 956232 174763 731219 574572 633192 ,159776 177327 571060 139493 71430 956232 174763 731219 574572 633192 
995344 835221 641920 758487 180565 161213 498714 856722 595180 857940 ,995344 835221 641920 758487 180565 161213 498714 856722 595180 857940 
597282 839597 483770 124992 659665 91965 350573 749474 693959 764501 ,597282 839597 483770 124992 659665 91965 350573 749474 693959 764501 
225016 351722 501009 351419 896955 483641 148107 617874 652220 723081 ,225016 351722 501009 351419 896955 483641 148107 617874 652220 723081 
146035 749474 467031 542826 839046 389813 229393 7431 390250 269455 ,146035 749474 467031 542826 839046 389813 229393 7431 390250 269455 
728079 179511 861646 28102 451356 350573 472126 56795 540461 911165 ,728079 179511 861646 28102 451356 350573 472126 56795 540461 911165 
693959 199856 179511 91965 399002 472126 451356 56795 28102 229393 ,693959 199856 179511 91965 399002 472126 451356 56795 28102 229393 
146035 530357 749474 229393 905212 389813 825218 475605 107987 390250 ,146035 530357 749474 229393 905212 389813 825218 475605 107987 390250 
547260 459158 741792 437774 343633 469189 481007 484716 94787 343911 ,547260 459158 741792 437774 343633 469189 481007 484716 94787 343911 
911439 870169 169230 879321 267573 943226 597362 181324 234945 14911 ,911439 870169 169230 879321 267573 943226 597362 181324 234945 14911 
560584 539326 451850 487715 881436 158914 555883 722138 455610 525758 ,560584 539326 451850 487715 881436 158914 555883 722138 455610 525758 
333759 11572 1129 850974 723805 866897 316027 964880 14898 600255 ,333759 11572 1129 850974 723805 866897 316027 964880 14898 600255 
514068 790377 88387 213014 397321 285927 330852 703181 790085 63042 ,514068 790377 88387 213014 397321 285927 330852 703181 790085 63042 
895562 645796 675118 522839 955987 630045 679958 856263 404556 763949 ,895562 645796 675118 522839 955987 630045 679958 856263 404556 763949 
649040 530473 200257 959427 906383 37435 763949 845940 18704 136856 ,649040 530473 200257 959427 906383 37435 763949 845940 18704 136856 
483418 811911 522839 625718 327501 404556 859370 118779 630045 956011 ,483418 811911 522839 625718 327501 404556 859370 118779 630045 956011 
724619 114923 437591 160690 536709 133444 26450 286337 627636 260726 ,724619 114923 437591 160690 536709 133444 26450 286337 627636 260726 
410559 812739 864396 860990 520049 507878 572816 504428 132165 291269 ,410559 812739 864396 860990 520049 507878 572816 504428 132165 291269 
732274 842009 267280 863954 287574 863107 736735 533802 527231 413108 ,732274 842009 267280 863954 287574 863107 533802 527231 413108 543534 
286953 918449 626149 306567 990721 786457 829389 571614 79460 203119 ,286953 918449 626149 306567 990721 786457 829389 571614 79460 203119 
603501 892699 760938 833915 323782 405858 489420 784670 814152 983401 ,603501 892699 760938 833915 323782 405858 489420 784670 814152 983401 
222158 979706 515004 704676 128627 706428 233479 219099 243127 514886 ,222158 979706 515004 704676 128627 706428 233479 219099 243127 514886 
39655 757427 160727 670677 888603 255643 56764 24996 829812 766591 ,39655 757427 160727 670677 888603 255643 56764 24996 829812 766591 
527397 698368 219108 653061 529968 381592 833781 550823 439083 610598 ,527397 698368 219108 653061 529968 381592 833781 550823 439083 610598 
930387 705317 784639 318939 732344 19725 188732 959960 956836 71672 ,930387 705317 784639 318939 732344 19725 188732 959960 956836 71672 
331517 231460 835322 904155 951595 699788 443164 541541 376936 178506 ,331517 231460 835322 904155 951595 699788 443164 541541 376936 178506 
377815 225766 723928 30770 833781 107417 850411 579922 465566 508682 ,377815 225766 723928 30770 833781 107417 850411 579922 465566 508682 
22157 610598 158587 440990 529968 117034 979087 802297 833781 12949 ,22157 610598 158587 440990 529968 117034 979087 802297 833781 12949 
272625 934577 221564 111190 139630 410186 468539 531348 320386 986736 ,272625 934577 221564 111190 139630 410186 468539 531348 320386 986736 
867215 763076 934053 540366 997477 8022 945188 596139 614534 207245 ,867215 763076 934053 540366 997477 8022 945188 596139 614534 207245 
41357 787277 367383 406071 971935 827100 553967 188141 141666 112229 ,41357 787277 367383 406071 971935 827100 553967 188141 141666 112229 
278149 478189 590849 415690 469718 562070 960787 343755 313089 870904 ,278149 478189 590849 415690 469718 562070 960787 343755 313089 870904 
424289 34633 561557 222109 573257 508961 344595 988274 124001 880270 ,424289 34633 561557 222109 573257 508961 344595 988274 124001 880270 
496709 124444 504574 663655 370919 100611 226769 674742 209742 91808 ,496709 124444 504574 663655 370919 100611 226769 674742 209742 91808 
398654 587829 948097 85101 515315 34634 182160 721459 434963 913483 ,398654 587829 948097 85101 515315 34634 182160 721459 434963 913483 
793973 503201 948097 392140 141203 963668 267016 517715 721459 903302 ,793973 503201 948097 392140 141203 963668 267016 517715 721459 903302 
945467 963668 103582 436613 851202 26763 854024 375878 186664 605648 ,945467 963668 103582 436613 851202 26763 854024 375878 186664 605648 
230578 485353 634859 595437 450200 555104 38151 952302 114347 478768 ,230578 485353 634859 595437 450200 555104 38151 952302 114347 478768 
532004 744258 869477 583421 783252 221948 866606 800299 678895 325142 ,532004 744258 869477 583421 783252 221948 866606 800299 678895 325142 
465841 173758 771612 196816 554189 7536 663720 634859 579563 461430 ,465841 173758 771612 196816 554189 7536 663720 634859 579563 461430 
524241 152737 465093 706910 682078 189132 675606 103759 396578 431962 ,524241 152737 465093 706910 682078 189132 675606 103759 396578 431962 
182082 555555 611181 682078 675606 232316 384921 415244 124742 906850 ,182082 555555 611181 682078 675606 232316 384921 415244 124742 906850 
377213 859425 257834 195921 606647 929930 452715 239373 185575 413381 ,377213 859425 257834 195921 606647 929930 452715 239373 185575 413381 
651393 324131 189132 639594 554602 484902 360067 149462 699984 22790 ,651393 324131 189132 639594 554602 484902 360067 149462 699984 22790 
497166 517778 139192 205325 338863 455566 743390 268636 106407 479083 ,497166 517778 139192 205325 338863 455566 743390 268636 106407 479083 
253126 662924 89525 608406 566982 788741 454276 349985 101831 151888 ,253126 662924 89525 608406 566982 788741 454276 349985 101831 151888 
935939 3471 386723 539602 477705 872858 438305 915240 93297 640159 ,935939 3471 386723 539602 477705 872858 438305 915240 93297 640159 
240673 594746 919282 437826 350276 150217 810272 186356 713100 607879 ,240673 594746 919282 437826 350276 150217 810272 186356 713100 607879 
417108 337083 725834 723638 397371 556278 482745 548784 321525 392667 ,417108 337083 725834 723638 397371 556278 482745 548784 321525 392667 
1587 389676 175303 196061 124855 573106 740310 109809 3700 937540 ,1587 389676 175303 196061 124855 573106 740310 109809 3700 475624 
470888 498979 506513 438241 184017 219922 567375 308688 457224 84649 ,470888 498979 506513 438241 184017 219922 567375 308688 457224 84649 
62134 337083 8654 293510 903367 417108 725834 30803 132548 465123 ,62134 337083 8654 293510 903367 417108 725834 30803 132548 465123 
842264 957878 460327 594674 959318 878859 163697 605807 596503 916246 ,842264 957878 460327 594674 959318 878859 163697 605807 596503 916246 
208723 306300 990663 261937 482220 726735 733212 522235 185355 230004 ,208723 306300 990663 261937 482220 726735 733212 522235 185355 230004 
733212 185355 418612 631204 306300 292126 280355 726735 230004 990663 ,733212 185355 418612 631204 306300 292126 280355 726735 230004 990663 
372696 630771 430505 694633 306539 835739 83036 305052 203759 281771 ,372696 630771 430505 694633 306539 83036 305052 203759 281771 845353 
445531 773155 934906 628945 812029 761351 230895 906359 217606 961597 ,445531 773155 934906 628945 812029 761351 230895 906359 217606 961597 
988330 294864 430505 615244 572235 499849 615563 188831 898537 662628 ,988330 294864 430505 615244 572235 499849 615563 188831 898537 662628 
430505 294864 637571 407580 615563 740062 350403 694633 662628 572235 ,430505 294864 637571 407580 615563 740062 350403 694633 662628 572235 
23288 803879 104771 63789 467297 174002 30035 982849 337067 762568 ,23288 803879 104771 63789 467297 174002 30035 982849 337067 762568 
615279 830165 601347 174680 82741 427439 467297 337243 371777 739375 ,615279 830165 601347 174680 82741 427439 467297 337243 371777 739375 
460646 686690 378862 830165 261697 371777 262169 256383 788119 140650 ,460646 686690 378862 830165 261697 371777 262169 256383 788119 140650 
848885 788119 698946 966186 806415 917183 743019 265630 727375 636785 ,848885 788119 698946 966186 806415 917183 743019 265630 727375 636785 
772561 417782 43072 294375 22827 607124 636192 461420 669892 80187 ,772561 417782 43072 294375 22827 607124 636192 461420 669892 80187 
340734 417967 453062 636192 393978 306086 77794 922368 461420 950894 ,340734 417967 453062 636192 393978 306086 77794 922368 461420 950894 
548896 482634 60975 720798 922853 402552 249380 935285 106822 399733 ,548896 482634 60975 720798 922853 402552 249380 935285 106822 399733 
194434 464546 215002 702086 213242 841400 103697 749581 667973 966373 ,194434 464546 215002 702086 213242 841400 103697 749581 667973 966373 
151214 451896 498961 410751 474934 86339 658371 77358 176669 518514 ,151214 451896 498961 410751 474934 86339 658371 77358 176669 518514 
611828 586563 134078 888824 193954 401199 826058 382504 948597 335727 ,611828 586563 134078 888824 193954 401199 826058 382504 948597 335727 
923049 940984 849950 802096 577974 182094 725112 289814 919804 832288 ,923049 940984 849950 802096 577974 182094 725112 289814 919804 832288 
537773 775565 982659 940984 655731 677267 28076 54629 329446 232130 ,537773 775565 982659 940984 655731 677267 28076 54629 329446 232130 
166339 548640 584466 85295 46684 372402 384577 586972 530538 367186 ,166339 548640 584466 85295 46684 372402 384577 586972 530538 367186 
537773 592478 940984 171502 775565 545302 725112 837577 242660 836815 ,537773 592478 940984 171502 775565 545302 725112 837577 242660 836815 
787782 867781 789473 226316 996970 72389 59862 201832 991664 873767 ,787782 867781 789473 226316 996970 72389 59862 201832 991664 873767 
247994 144039 849110 160915 247286 810754 325761 108403 557763 588585 ,247994 144039 849110 160915 247286 810754 325761 108403 557763 588585 
220647 608673 951601 755784 397539 235314 601195 850845 785456 994242 ,220647 608673 951601 755784 397539 235314 601195 850845 785456 994242 
907774 351795 918391 142483 793488 239902 578817 82045 98904 745680 ,907774 351795 918391 142483 793488 239902 578817 82045 98904 745680 
626956 667377 922713 601755 793376 601746 687247 180995 82870 809458 ,626956 667377 922713 601755 793376 601746 687247 180995 82870 809458 
698936 455185 703846 885263 124300 392143 389562 575662 218496 712653 ,698936 455185 703846 885263 124300 392143 389562 575662 218496 712653 
574963 772851 699338 517229 688941 788601 140334 236112 187642 301454 ,574963 772851 699338 517229 788601 140334 236112 187642 301454 370628 
616282 918391 679136 907774 415820 82045 98904 848622 414686 385669 ,616282 918391 679136 907774 415820 82045 98904 848622 414686 385669 
628278 299968 517229 751606 785002 517623 340964 236112 70641 269805 ,628278 299968 517229 751606 785002 517623 340964 236112 70641 269805 
823706 362392 234497 130767 919885 22193 575523 748521 73453 534613 ,823706 362392 234497 130767 919885 22193 575523 748521 73453 534613 
775058 937455 472816 539831 565786 131773 112406 824988 598035 682026 ,775058 937455 472816 539831 565786 131773 112406 824988 598035 682026 
519499 366226 681900 551133 54947 132831 602660 489504 861781 748261 ,519499 366226 681900 551133 54947 132831 602660 489504 861781 748261 
286557 582695 635475 472816 411623 853263 543232 55637 914458 205856 ,286557 582695 635475 472816 411623 853263 543232 55637 914458 205856 
55637 332267 361136 326075 518952 822361 84012 299379 929626 53607 ,55637 332267 361136 326075 518952 822361 84012 299379 929626 53607 
697087 441947 873460 797326 541604 481718 221371 748208 805466 726349 ,697087 441947 873460 797326 541604 481718 221371 748208 805466 726349 
899264 260414 19135 694918 1488 277519 221958 927338 875652 242439 ,899264 260414 19135 694918 1488 277519 221958 927338 875652 242439 
41775 719111 274451 198880 380424 264033 309185 734087 260414 415826 ,41775 719111 274451 198880 380424 264033 309185 734087 260414 415826 
684734 540679 510882 339485 794314 635868 525106 528754 905535 227926 ,684734 540679 510882 339485 794314 635868 525106 528754 905535 227926 
187545 958439 453433 230197 23696 231485 598601 345999 140488 200221 ,187545 958439 453433 230197 23696 231485 598601 345999 140488 200221 
779459 898654 463914 107075 897588 206326 107367 17950 353044 142157 ,779459 898654 463914 107075 897588 206326 107367 17950 353044 142157 
181706 691841 496214 336817 467698 246701 528980 812638 526869 926047 ,181706 691841 496214 336817 467698 246701 528980 812638 526869 926047 
567079 13998 947711 382100 74346 391995 316867 747597 387518 424242 ,567079 13998 947711 382100 74346 391995 316867 747597 387518 424242 
745443 696488 739041 502321 824345 685931 490929 871674 65628 492049 ,745443 696488 739041 502321 824345 685931 490929 871674 65628 492049 
261362 731502 684888 87912 299584 387855 882212 397403 800369 94922 ,261362 731502 684888 87912 299584 387855 882212 397403 800369 94922 
528707 958910 670172 768835 321453 292972 177079 81061 736948 82675 ,528707 958910 670172 768835 321453 292972 177079 81061 736948 82675 
502321 739041 292972 696488 745443 732522 93533 283744 321453 52531 ,502321 739041 292972 696488 745443 732522 93533 283744 321453 52531 
215739 849674 640007 176394 386911 64873 333378 478101 809743 900229 ,215739 640007 176394 386911 64873 333378 478101 809743 900229 252482 
567599 76996 649738 38353 504800 960825 375105 62169 227570 376702 ,567599 76996 649738 38353 504800 960825 375105 62169 227570 376702 
990562 909489 469577 971214 785977 957183 634869 41618 930349 127093 ,990562 909489 469577 971214 785977 957183 634869 41618 930349 127093 
94749 806085 415438 74512 567761 929513 48090 713863 11865 799299 ,94749 806085 415438 74512 567761 929513 48090 713863 11865 799299 
649738 567599 76996 38353 376702 765780 62169 375105 960825 549146 ,649738 567599 76996 38353 376702 765780 62169 375105 960825 549146 
859364 74512 558347 415438 344637 567761 947812 542426 806085 713863 ,859364 74512 558347 415438 344637 567761 947812 542426 806085 713863 
172943 707120 703248 889874 487871 206486 129027 595053 773985 707661 ,172943 707120 703248 889874 487871 206486 129027 595053 773985 707661 
889874 172943 649660 773985 632315 796109 942336 956709 595053 687255 ,889874 172943 649660 773985 632315 796109 942336 956709 595053 687255 
600989 430760 293694 92599 785030 787847 568228 19248 905577 663595 ,600989 430760 293694 92599 785030 787847 568228 19248 905577 663595 
510312 687448 487401 857747 599068 449193 810666 243730 340155 91375 ,510312 687448 487401 857747 599068 449193 810666 243730 340155 91375 
454421 687255 956709 223524 811657 889874 376767 119665 658049 544957 ,454421 687255 956709 223524 811657 889874 376767 119665 658049 544957 
961051 1513 896153 64419 565304 398740 957001 520674 183581 198262 ,961051 1513 896153 64419 565304 398740 957001 520674 183581 198262 
35693 252220 46420 519351 909382 116742 619267 533808 34157 852898 ,35693 252220 46420 519351 909382 116742 619267 533808 34157 852898 
663826 478122 256491 882996 139836 601799 827432 777309 282596 673000 ,663826 478122 256491 882996 139836 601799 827432 777309 282596 673000 
851707 906772 649312 912974 460146 870934 43234 398744 341076 295430 ,851707 906772 649312 912974 460146 870934 43234 398744 341076 295430 
978340 98124 198321 714554 810236 645950 340534 500254 985064 646079 ,978340 98124 198321 714554 810236 645950 340534 500254 985064 646079 
812555 389991 460107 724776 368589 415391 578144 148201 528133 677945 ,812555 389991 460107 724776 368589 415391 578144 148201 528133 677945 
502370 724754 69034 271747 20863 17360 246711 467412 166887 713665 ,502370 724754 69034 271747 20863 17360 246711 467412 166887 713665 
922794 920358 642794 761746 158926 411093 992721 835618 612226 58438 ,922794 920358 642794 761746 158926 411093 992721 835618 612226 58438 
203172 250031 238812 987614 47232 490852 392611 426527 68251 161255 ,203172 250031 238812 987614 47232 490852 392611 426527 68251 128896 
526727 174812 724317 282131 471402 502370 704631 413145 248831 909589 ,526727 174812 724317 282131 471402 502370 413145 248831 909589 777242 
734476 742002 408893 392611 780092 353808 83561 548989 364731 199226 ,734476 742002 408893 392611 780092 353808 83561 548989 364731 199226 
129074 475327 545328 484647 182411 432935 147594 681845 212734 286215 ,129074 475327 545328 484647 182411 432935 147594 681845 212734 286215 
773384 509283 286215 804080 234112 690768 548989 689849 717475 681845 ,773384 509283 286215 804080 234112 690768 548989 689849 717475 681845 
44290 369520 511320 633301 706933 993618 932 839632 373025 872161 ,44290 369520 511320 633301 706933 993618 932 839632 373025 872161 
474634 808645 747868 166887 68645 724317 321595 426977 698575 337931 ,474634 808645 747868 166887 68645 724317 321595 426977 698575 337931 
23437 364731 515933 336653 209413 548989 244697 713575 230967 161255 ,23437 364731 515933 336653 209413 548989 244697 713575 230967 161255 
446384 820542 822438 43063 132758 888002 953649 506162 107110 376877 ,446384 820542 822438 43063 132758 888002 953649 506162 107110 376877 
419162 474166 557788 857722 977432 228789 704369 945189 131030 552085 ,419162 474166 557788 857722 977432 228789 704369 945189 131030 552085 
624861 935950 586667 823526 112230 279922 103817 469490 474203 929185 ,624861 935950 586667 823526 112230 279922 103817 469490 474203 929185 
297040 433299 193716 872743 271987 376102 298829 571950 274602 430616 ,297040 433299 193716 872743 271987 376102 298829 571950 274602 430616 
790 312165 477819 595592 821144 771052 18842 443405 843989 198200 ,790 312165 477819 595592 821144 771052 18842 443405 843989 198200 
186150 846352 513198 929250 971814 358513 86746 994698 253148 172083 ,186150 846352 513198 929250 971814 358513 86746 994698 253148 172083 
92030 931031 660525 804069 288625 125013 972691 129287 474758 524795 ,92030 931031 660525 804069 288625 125013 972691 129287 474758 524795 
853624 739810 415582 721067 946551 545238 65262 827950 481882 216070 ,853624 739810 415582 721067 946551 545238 65262 827950 481882 216070 
2633 461812 438629 504736 239637 14074 813453 966913 552211 326319 ,2633 461812 438629 504736 239637 14074 813453 966913 552211 326319 
646738 469935 529712 421606 429987 519481 458926 951052 474150 232842 ,646738 469935 529712 421606 429987 519481 458926 951052 474150 232842 
826684 715852 660101 68973 922681 813156 984034 437772 888774 633060 ,826684 715852 660101 68973 922681 813156 984034 437772 888774 633060 
200863 513356 677690 595963 470513 722461 161697 717220 756273 234315 ,200863 513356 677690 595963 470513 722461 161697 717220 756273 234315 
502528 60984 365207 562599 594150 259208 148207 226979 872393 949895 ,502528 60984 365207 562599 594150 259208 148207 226979 872393 949895 
60984 562599 872105 854137 647659 842576 69225 833196 470513 631344 ,60984 562599 872105 854137 647659 842576 69225 833196 470513 631344 
980443 579837 466152 121919 15359 659717 323624 230812 630489 9812 ,980443 579837 466152 121919 15359 659717 323624 230812 630489 9812 
352373 23487 366855 932893 300950 250912 292310 344911 933842 804497 ,352373 23487 366855 932893 300950 250912 344911 933842 804497 248477 
510631 30421 995015 532465 870873 200880 255631 500339 33777 657834 ,510631 30421 995015 532465 870873 200880 255631 500339 33777 657834 
194157 843207 350345 616741 336044 877331 802731 64711 291300 268137 ,194157 843207 350345 616741 336044 877331 64711 291300 268137 996923 
510933 888742 769411 681668 370748 258574 277374 948152 811347 62307 ,510933 888742 769411 681668 370748 258574 277374 948152 811347 62307 
699739 70212 848276 228521 278817 699691 186222 660061 109313 570953 ,699739 70212 848276 228521 278817 699691 186222 660061 109313 570953 
679399 334135 852468 896441 618154 705944 20552 351850 963403 522054 ,679399 334135 852468 896441 618154 705944 20552 351850 963403 522054 
896441 404485 871593 10445 842980 705944 165285 679399 422 881198 ,896441 404485 871593 10445 842980 705944 165285 679399 422 881198 
679493 407703 827447 246721 166596 60652 842980 804830 520000 689984 ,679493 407703 827447 246721 166596 60652 842980 804830 520000 689984 
762379 166596 975326 583239 457204 552377 102990 299003 371395 180215 ,762379 166596 975326 583239 457204 552377 102990 299003 371395 180215 
363371 107337 723500 515874 151939 566474 90315 91926 467095 827394 ,363371 107337 723500 515874 151939 566474 90315 91926 467095 827394 
536060 88750 914334 385004 18369 24521 761541 740360 912813 407398 ,536060 88750 914334 385004 18369 24521 761541 740360 912813 407398 
42404 64516 667930 428 678594 37263 879809 902150 822662 623398 ,42404 64516 667930 428 678594 37263 879809 902150 822662 623398 
681739 416 74500 813071 659691 363620 99093 313153 382846 396172 ,681739 416 74500 813071 659691 363620 99093 313153 382846 186401 
64610 886223 879809 3719 421162 256663 289602 44711 856615 670888 ,64610 886223 879809 3719 421162 256663 289602 44711 856615 670888 
473257 442751 416571 357799 452838 906222 594483 834050 872333 848468 ,473257 442751 416571 357799 452838 906222 594483 834050 872333 848468 
163615 678594 304158 42404 486412 667930 64516 428 623398 709846 ,163615 678594 304158 42404 486412 667930 64516 428 623398 709846 
673686 704049 975802 590895 746725 314124 862661 984734 978174 515310 ,673686 704049 975802 590895 746725 314124 862661 984734 978174 515310 
913070 248408 563793 843416 590895 221793 975802 984734 119683 98559 ,913070 248408 563793 843416 590895 221793 975802 984734 119683 98559 
501930 142894 935473 166404 831491 282774 803236 402991 172713 165539 ,501930 142894 935473 166404 831491 282774 803236 402991 172713 165539 
708149 982280 49869 159532 984734 931960 283091 961967 235027 545057 ,708149 982280 49869 159532 984734 931960 283091 961967 235027 545057 
791085 104694 664064 83920 488292 662698 798050 492715 607992 925778 ,791085 104694 664064 83920 488292 662698 798050 492715 607992 925778 
935473 831491 501930 142894 737668 617296 546730 47119 230044 822969 ,935473 831491 501930 142894 737668 617296 546730 47119 230044 822969 
708329 851195 66896 533708 71105 633694 700284 415371 8124 776396 ,708329 851195 66896 533708 71105 633694 700284 415371 8124 776396 
129629 426984 518137 777416 482887 936933 293501 292875 714814 293323 ,129629 426984 518137 777416 482887 936933 293501 292875 714814 293323 
713816 336320 298758 688350 521220 321235 809504 699646 626546 897876 ,713816 336320 298758 688350 521220 321235 809504 699646 626546 897876 
667053 632539 475710 348353 489426 357030 251319 395958 330407 321320 ,667053 632539 475710 348353 489426 357030 251319 395958 330407 321320 
844680 711388 697344 394558 666578 493120 87108 194333 539088 486401 ,844680 711388 697344 394558 666578 493120 87108 194333 539088 486401 
804027 170539 432544 268196 777416 699646 429686 240070 409441 151572 ,804027 170539 432544 268196 777416 699646 429686 240070 409441 151572 
510450 799686 542398 109476 831227 751460 721138 286443 112885 297865 ,510450 799686 542398 109476 831227 751460 721138 286443 112885 297865 
422494 914877 226257 664847 793761 9595 50283 916592 219573 883744 ,422494 914877 226257 664847 793761 9595 50283 916592 219573 883744 
339745 522323 557864 623642 516482 21628 421398 394351 116996 512651 ,339745 522323 557864 623642 516482 21628 421398 394351 116996 512651 
761119 760280 348021 990384 648480 642659 917600 673139 517560 905082 ,761119 760280 348021 990384 648480 642659 917600 673139 517560 905082 
213202 78092 39381 353616 623475 12228 706136 520340 986338 487125 ,213202 78092 39381 353616 623475 12228 706136 520340 986338 317293 
888775 422494 511572 669820 914877 37439 226257 419 198735 433461 ,888775 422494 511572 669820 914877 37439 226257 419 198735 433461 
294194 94472 154992 283173 271952 427750 615907 363649 456640 517273 ,294194 94472 154992 283173 271952 427750 615907 363649 456640 517273 
431552 926121 36954 950478 561393 850878 916264 392415 393455 329471 ,431552 926121 36954 950478 561393 850878 916264 392415 393455 329471 
305365 191335 108856 472893 989549 528573 29945 994016 20329 645681 ,305365 191335 108856 472893 989549 528573 29945 994016 20329 645681 
391867 566114 338838 790784 36954 500393 850878 93964 629527 52589 ,391867 566114 338838 790784 36954 500393 850878 93964 629527 52589 
899089 13594 15937 827398 482305 430542 839430 833849 539271 12885 ,899089 13594 15937 827398 482305 430542 839430 833849 539271 12885 
305365 645681 472893 528573 351 417261 518940 191335 429382 108856 ,305365 645681 472893 528573 351 417261 518940 191335 429382 108856 
682897 709598 22268 972982 81774 997550 301040 205265 707874 174564 ,682897 709598 22268 972982 81774 997550 301040 205265 707874 174564 
30006 474729 790760 410582 540613 478990 771961 366261 245334 274182 ,30006 474729 790760 410582 540613 478990 771961 366261 245334 274182 
422208 650576 745681 139622 203555 852959 863061 789423 794701 464719 ,422208 650576 745681 139622 203555 852959 863061 789423 794701 464719 
534488 767386 828275 779641 657309 162005 874286 790118 967084 952346 ,534488 767386 828275 779641 657309 162005 874286 790118 967084 952346 
916605 864500 767386 741074 93138 995267 828275 336421 107584 967084 ,916605 864500 767386 741074 93138 995267 828275 336421 107584 967084 
667793 134724 14783 14314 73133 206812 60414 669037 832431 986677 ,667793 134724 14783 14314 73133 206812 60414 669037 832431 986677 
782869 772244 433911 401961 716140 718962 739069 717006 974868 585433 ,782869 772244 433911 401961 716140 718962 739069 717006 974868 585433 
927932 630120 238583 587387 882229 986677 741074 995267 620317 889329 ,927932 630120 238583 587387 882229 986677 741074 995267 620317 889329 
158603 872112 599856 977160 601921 263692 737471 559178 456143 322155 ,158603 872112 599856 977160 601921 263692 737471 559178 456143 322155 
719084 188132 560551 384908 781991 36774 699539 425008 510533 659466 ,719084 188132 560551 384908 781991 36774 699539 425008 510533 659466 
425008 600961 763046 560551 384908 188132 36774 232992 860210 560098 ,425008 600961 763046 560551 384908 188132 36774 232992 860210 560098 
81347 264991 241745 429661 924744 384569 560551 132580 684121 170001 ,81347 264991 241745 429661 924744 384569 560551 132580 684121 170001 
600961 356172 204439 240854 560551 781991 532840 310969 188132 104016 ,600961 356172 204439 240854 560551 781991 532840 310969 188132 104016 
514587 314528 302972 692233 781947 72975 751319 15404 780237 195658 ,514587 314528 302972 692233 781947 72975 751319 15404 780237 195658 
603641 113382 573671 586920 944232 36360 839051 937484 456154 716479 ,603641 113382 573671 586920 944232 36360 839051 937484 456154 716479 
953323 363948 390260 90906 780206 372401 199791 430454 450653 181043 ,953323 363948 390260 90906 780206 372401 199791 430454 450653 181043 
157844 151200 620736 558341 923124 404690 785164 811759 81662 395956 ,157844 151200 620736 558341 923124 404690 785164 811759 81662 395956 
67089 205276 898139 355881 785164 353645 581876 73263 299374 527652 ,67089 205276 898139 355881 785164 353645 581876 73263 299374 527652 
151200 109755 404690 559928 978054 780384 665983 157844 612103 79306 ,151200 109755 404690 559928 978054 780384 665983 157844 612103 79306 
44623 279931 81662 601944 352351 685699 558341 447278 923263 607256 ,44623 279931 81662 601944 352351 685699 558341 447278 923263 607256 
340401 463721 196786 648254 697286 983144 887674 319394 549277 634298 ,340401 463721 196786 648254 697286 983144 887674 319394 549277 634298 
468083 469248 430759 958056 118248 572711 274076 399179 798266 149443 ,468083 469248 430759 958056 118248 572711 274076 399179 798266 149443 
906005 776962 25349 51395 469501 785126 57858 630582 468951 703437 ,906005 776962 25349 51395 469501 785126 57858 630582 468951 435424 
387320 275855 338882 171617 809481 274076 488176 690122 465786 399179 ,387320 275855 338882 171617 809481 274076 488176 690122 465786 399179 
146367 721061 399179 972241 716887 274076 275855 798266 237767 194764 ,146367 721061 399179 972241 716887 274076 275855 798266 237767 194764 
736188 559008 423806 929214 939126 405405 994323 495590 705193 434564 ,736188 559008 423806 929214 939126 405405 994323 495590 705193 434564 
478308 761272 959585 597840 536646 686538 441847 116660 758581 543825 ,478308 761272 959585 597840 536646 686538 441847 116660 758581 543825 
168489 490109 247033 834505 46269 648950 338121 627799 601628 732923 ,168489 490109 247033 834505 46269 648950 338121 627799 601628 732923 
799269 54680 406574 821972 550126 889945 725555 514615 72279 153945 ,799269 54680 406574 821972 550126 889945 725555 514615 72279 153945 
664467 591393 55226 898746 796068 448203 210984 968362 485330 873947 ,664467 591393 55226 898746 796068 448203 210984 968362 485330 873947 
857796 542580 258611 457704 858912 928199 95991 757389 124957 182463 ,857796 542580 258611 457704 858912 928199 95991 757389 124957 182463 
983521 292056 591693 238988 853946 965283 172867 898109 215644 179228 ,983521 292056 591693 238988 853946 965283 172867 898109 215644 179228 
160430 16946 103038 232936 920223 109333 579471 83099 976780 976504 ,160430 16946 103038 232936 920223 109333 579471 83099 976780 976504 
637780 948710 34609 109632 164616 789952 627757 923389 59755 641610 ,637780 948710 34609 109632 164616 789952 627757 923389 59755 641610 
283287 634438 302062 764313 84285 434347 622248 613000 4243 173847 ,283287 634438 302062 764313 84285 434347 622248 613000 4243 173847 
527044 48767 788179 461914 327806 528253 729334 203825 170681 386629 ,527044 48767 788179 461914 327806 528253 729334 203825 170681 386629 
133593 253243 490825 835916 575593 120745 924670 756645 510831 58838 ,133593 253243 490825 835916 575593 120745 924670 756645 510831 58838 
378507 732401 274688 980825 647431 930781 884977 810049 527044 267358 ,378507 732401 274688 980825 647431 930781 884977 810049 527044 267358 
201004 354818 510831 462289 780060 944499 6854 944500 27903 619044 ,201004 354818 510831 462289 780060 944499 6854 944500 27903 619044 
148039 12256 692132 134674 177793 744188 651909 144654 632292 174863 ,148039 12256 692132 134674 177793 744188 651909 144654 632292 174863 
177793 471207 327697 174863 651909 394759 148039 681207 497874 589706 ,177793 327697 174863 651909 394759 148039 681207 497874 589706 339093 
458551 582632 863452 485157 825210 498858 816971 241445 357980 466682 ,458551 582632 863452 485157 825210 498858 816971 241445 357980 466682 
330095 175910 318427 924864 183858 197816 701849 803696 85273 108523 ,330095 175910 318427 924864 183858 197816 701849 803696 85273 108523 
100412 469531 541219 369092 622711 214142 739152 4659 515990 978974 ,100412 469531 541219 369092 622711 214142 739152 4659 978974 449054 
414925 599714 573365 224690 56148 851187 385228 578385 390551 284637 ,414925 599714 573365 224690 56148 851187 385228 578385 390551 284637 
474217 994565 689850 237533 262872 927770 592743 808693 797802 905716 ,474217 994565 689850 237533 262872 927770 592743 808693 797802 905716 
539333 842084 544606 690015 336205 848537 890403 569098 184332 904487 ,539333 842084 544606 690015 336205 848537 890403 569098 184332 904487 
883513 996494 803165 596429 987350 844250 992972 631975 630100 871337 ,883513 996494 803165 596429 987350 844250 992972 631975 871337 399562 
633932 124052 369092 24021 770409 529192 318955 680510 987618 744731 ,633932 124052 369092 24021 770409 529192 318955 680510 987618 744731 
895865 343677 444005 429560 899889 585771 577574 342475 497752 57224 ,895865 343677 444005 429560 899889 585771 577574 342475 497752 57224 
50971 898782 752648 423992 75362 798803 523533 660826 161210 653761 ,50971 898782 752648 423992 75362 798803 523533 660826 161210 653761 
84234 995585 588722 793005 944704 680714 132284 298505 662067 380140 ,84234 995585 588722 793005 944704 132284 298505 662067 380140 724282 
604949 761336 378083 318092 246838 278502 873677 273146 452153 888104 ,604949 761336 378083 318092 246838 278502 873677 273146 452153 888104 
712998 97436 517781 394866 439906 363482 431196 127883 235067 451611 ,712998 97436 517781 394866 439906 363482 431196 127883 235067 451611 
607868 52511 453129 805488 526509 683899 364828 794713 529123 584542 ,607868 52511 453129 805488 526509 683899 364828 794713 529123 584542 
658644 896237 86687 488467 873677 543364 883557 270761 800570 300160 ,658644 896237 86687 488467 873677 543364 883557 270761 800570 300160 
762224 697110 769122 55993 588339 237083 516395 435284 736655 488949 ,762224 697110 769122 55993 588339 237083 516395 435284 736655 488949 
319409 686438 21662 607868 234880 453129 794713 659375 306277 22627 ,319409 686438 21662 607868 234880 453129 794713 659375 306277 22627 
988969 26085 372066 364708 583309 919539 548559 575908 453568 992741 ,988969 26085 372066 364708 583309 919539 548559 575908 453568 992741 
963052 457895 186398 831865 840254 498554 648465 254414 60180 546734 ,963052 457895 186398 831865 840254 498554 648465 254414 60180 546734 
921489 877620 929104 489722 932138 894982 135294 18214 142908 457895 ,921489 877620 929104 489722 932138 894982 135294 18214 142908 457895 
318311 749034 536629 546734 349024 716098 870502 852577 991610 831865 ,318311 749034 536629 546734 349024 716098 870502 852577 991610 831865 
364708 907163 866474 691103 633234 777858 188705 46197 154041 390866 ,364708 907163 866474 691103 633234 777858 188705 46197 154041 390866 
927270 894447 809219 305965 17691 685096 307201 152382 84852 221902 ,927270 894447 809219 305965 17691 685096 307201 152382 84852 221902 
375066 935568 20290 711541 273329 992539 692960 174596 387041 407892 ,375066 935568 20290 711541 273329 992539 692960 174596 387041 407892 
104658 484882 193055 311712 120001 382302 823459 197914 177092 305965 ,104658 484882 193055 311712 120001 382302 823459 197914 177092 305965 
452325 991153 502215 760000 216672 423700 201660 791558 120001 778856 ,452325 991153 502215 760000 216672 423700 201660 791558 120001 778856 
80480 11414 951309 368446 703711 143576 547996 30887 858216 493900 ,80480 11414 951309 368446 703711 143576 547996 30887 858216 493900 
859632 771952 220878 89265 956763 686471 516715 658487 337756 742672 ,859632 771952 220878 89265 956763 686471 516715 658487 337756 742672 
951309 22541 212543 314312 547996 11414 158342 669928 686208 454593 ,951309 22541 212543 314312 547996 11414 158342 669928 686208 454593 
888673 486727 608359 964372 393496 674362 856431 838618 61933 738075 ,888673 486727 608359 964372 393496 674362 856431 838618 61933 738075 
265430 877605 194330 199493 960449 524585 122843 754779 120169 493542 ,265430 877605 194330 199493 960449 524585 122843 754779 120169 493542 
444198 900330 674795 994228 769191 719599 858193 123658 160544 756034 ,444198 900330 674795 994228 769191 719599 858193 123658 160544 756034 
938585 194848 946984 800107 966361 665865 524600 845668 353499 855333 ,938585 194848 946984 800107 966361 665865 524600 845668 353499 855333 
290307 334404 435918 858216 703711 423542 53405 29163 254045 493900 ,290307 334404 435918 858216 703711 423542 53405 29163 254045 493900 
813884 719599 356179 654023 608108 61898 550139 194751 900736 682218 ,813884 719599 356179 654023 608108 61898 550139 194751 900736 682218 
561467 856778 573076 899944 912798 579405 625096 386067 20611 4049 ,561467 856778 573076 899944 912798 579405 625096 386067 20611 4049 
646711 97782 495556 609956 393918 912798 858170 679491 844047 848429 ,646711 97782 495556 609956 393918 912798 858170 679491 844047 848429 
779784 836624 740075 588279 387898 213841 708419 3151 922252 158512 ,779784 836624 740075 588279 387898 213841 708419 3151 922252 158512 
631597 978961 836883 406666 663069 892 383799 71637 716744 845043 ,631597 978961 836883 406666 663069 892 383799 71637 716744 845043 
487405 292052 564131 550873 409008 437654 403143 860379 133038 166338 ,487405 292052 564131 550873 409008 437654 403143 860379 133038 166338 
466448 148113 187335 150862 993339 906343 741977 885399 201065 381072 ,466448 148113 187335 150862 993339 906343 741977 885399 201065 381072 
308653 421067 543197 961099 171652 539620 986473 180636 4049 605195 ,308653 421067 543197 961099 171652 539620 986473 180636 4049 605195 
573076 943707 372991 120077 563326 471962 679491 450531 734963 561467 ,573076 943707 372991 120077 563326 471962 679491 450531 734963 561467 
287590 769963 557691 851626 448549 250673 142640 708419 553594 199463 ,287590 769963 557691 851626 448549 250673 142640 708419 553594 199463 
902924 998354 466367 905407 564974 755872 763071 955390 245733 41241 ,902924 998354 466367 905407 564974 755872 763071 955390 245733 41241 
716281 955390 135526 755872 160431 224216 990514 877132 430712 772866 ,716281 955390 135526 755872 160431 224216 990514 877132 430712 772866 
498496 525404 340763 151351 29950 391828 465063 264505 242343 549300 ,498496 525404 340763 151351 29950 391828 465063 264505 242343 549300 
221687 670820 56058 832579 906059 731455 160985 354777 415930 500683 ,221687 670820 56058 832579 906059 731455 160985 354777 415930 500683 
168452 292004 434846 247244 635507 531313 512835 527470 338374 278795 ,168452 292004 434846 247244 635507 531313 512835 527470 338374 278795 
169116 292855 469451 586404 321960 329201 99589 359108 434846 99926 ,169116 292855 469451 586404 321960 329201 99589 359108 434846 99926 
863410 837802 902145 406764 820077 255381 297588 490940 794042 377599 ,863410 837802 902145 406764 820077 255381 297588 490940 794042 377599 
401962 982303 609973 778488 590034 844127 21258 762226 840171 410998 ,401962 982303 609973 778488 590034 844127 21258 762226 840171 410998 
297303 74496 122639 521869 439536 353877 880321 843627 825986 194583 ,297303 74496 122639 521869 439536 353877 880321 843627 825986 194583 
931589 82722 962973 700710 772403 52382 42006 871682 334350 251348 ,931589 82722 962973 700710 772403 52382 42006 871682 334350 251348 
807464 948696 580092 862690 994042 539594 748408 889647 826911 896310 ,807464 948696 580092 862690 994042 539594 748408 889647 826911 896310 
821428 568355 216556 704798 768605 144269 360577 800574 471154 501503 ,821428 568355 216556 704798 768605 144269 360577 800574 471154 501503 
547200 899783 718006 6783 748822 472236 572552 363753 364472 392479 ,547200 899783 718006 6783 748822 472236 572552 363753 364472 392479 
409029 129899 256746 85377 760719 247871 984432 447811 760886 337358 ,409029 129899 256746 85377 760719 247871 984432 447811 760886 337358 
932010 844648 205102 472845 72674 106121 932597 561234 869436 224509 ,932010 844648 205102 472845 72674 106121 932597 561234 869436 224509 
524292 456289 419052 548745 114287 977377 239154 754444 868817 491286 ,524292 456289 419052 548745 114287 977377 239154 754444 868817 491286 
408520 924878 358282 500786 327986 555039 87557 753106 196712 148816 ,408520 924878 358282 327986 555039 87557 753106 196712 148816 795916 
401088 83885 822405 530198 143174 630905 271595 962046 430688 591050 ,401088 83885 822405 530198 143174 630905 271595 962046 430688 591050 
6458 672334 294147 541343 672960 673266 999003 260132 284677 677654 ,6458 672334 294147 541343 672960 673266 999003 260132 284677 677654 
899783 601131 502493 472236 872504 667047 385188 654544 6783 392479 ,899783 601131 502493 472236 872504 667047 385188 654544 6783 392479 
657058 424055 444811 632506 715164 799372 973236 795604 418352 651747 ,657058 424055 444811 632506 715164 799372 973236 795604 418352 651747 
243401 740367 175485 236111 518271 529177 351499 380414 364472 748822 ,243401 740367 175485 236111 518271 529177 351499 380414 364472 748822 
81858 698823 36278 298350 291129 60787 698622 454726 861292 603362 ,81858 698823 36278 298350 291129 60787 698622 454726 861292 603362 
632506 123269 305303 155474 843864 668727 175362 615775 799372 715164 ,632506 123269 305303 155474 843864 668727 175362 615775 799372 715164 
282542 105321 469156 91117 807891 628367 440958 119991 515753 992889 ,282542 105321 469156 91117 807891 628367 440958 119991 515753 992889 
351406 142014 672894 742270 382240 893183 945940 593130 779841 406403 ,351406 142014 672894 742270 382240 893183 945940 593130 779841 406403 
868628 157783 17233 892284 838255 844338 880253 473400 826670 857941 ,868628 157783 17233 892284 838255 844338 880253 473400 826670 857941 
373591 375279 102356 827988 557382 540503 793956 692023 768415 679594 ,373591 375279 102356 827988 557382 540503 793956 692023 768415 679594 
30490 399762 399969 948638 725788 841349 487742 874350 684374 110684 ,30490 399762 399969 948638 725788 841349 487742 874350 684374 110684 
744316 203776 919658 841026 981484 710816 365790 81870 923991 441152 ,744316 203776 919658 841026 981484 710816 365790 81870 923991 441152 
767598 811895 836958 852427 61259 838696 419932 542513 101428 502293 ,767598 811895 836958 852427 61259 838696 419932 542513 101428 502293 
696979 628498 891487 252980 43974 219377 964373 763565 727129 71757 ,696979 628498 891487 252980 43974 219377 964373 763565 727129 71757 
191213 940248 611612 106687 629536 910838 985970 676318 440994 289386 ,191213 940248 611612 106687 629536 910838 985970 676318 440994 289386 
467346 953352 748787 549097 962374 460429 236020 700499 116069 344313 ,467346 953352 748787 549097 962374 460429 236020 700499 116069 344313 
983272 823307 567115 14008 894452 225032 86683 582968 32712 102091 ,983272 823307 567115 14008 894452 225032 86683 582968 32712 102091 
884639 689182 702239 822231 174337 343803 948961 977199 265504 167779 ,884639 689182 702239 822231 174337 343803 948961 977199 265504 167779 
347556 560456 58786 917855 502003 182563 433094 158933 941504 115451 ,347556 560456 58786 917855 502003 182563 433094 158933 941504 115451 
827999 652087 320993 407402 867120 504980 679633 162346 610863 633190 ,827999 652087 320993 407402 867120 504980 679633 162346 610863 633190 
901933 986718 811317 972869 428868 152019 616819 565698 240360 414641 ,901933 986718 811317 972869 428868 152019 616819 565698 240360 414641 
615622 226216 460058 285102 924129 870171 320993 224732 582968 19467 ,615622 226216 460058 285102 924129 870171 320993 224732 582968 19467 
324605 790731 606845 925356 338299 536603 242180 515255 497742 564133 ,324605 790731 606845 925356 338299 536603 242180 515255 497742 564133 
373929 891492 676711 854788 900961 115785 607589 268793 268616 195722 ,373929 891492 676711 854788 900961 115785 607589 268793 268616 195722 
211986 763541 937680 574297 734926 93300 319392 271880 736184 309215 ,211986 763541 937680 574297 734926 93300 319392 271880 736184 309215 
94526 929711 748804 335110 432047 365107 690330 30955 298983 34565 ,94526 929711 748804 335110 432047 365107 690330 30955 298983 34565 
449038 978539 397305 86910 270523 320492 688214 184463 318803 89726 ,449038 978539 397305 86910 270523 320492 688214 184463 318803 89726 
347398 607523 97374 124320 800250 202472 249468 796772 433699 768159 ,347398 607523 97374 124320 800250 202472 249468 796772 433699 768159 
17130 820597 101218 428819 699382 5263 466676 786887 859808 116288 ,17130 820597 101218 428819 699382 5263 466676 786887 859808 116288 
493823 836702 491905 887170 225722 13698 241635 739753 317207 261238 ,493823 836702 491905 887170 225722 13698 241635 739753 317207 261238 
606306 722663 966403 668415 604836 440088 762473 301241 535921 73470 ,606306 722663 966403 668415 604836 440088 301241 535921 73470 899132 
214502 886878 1422 518410 903491 598453 971271 724551 983236 578797 ,214502 886878 1422 518410 903491 598453 971271 724551 983236 578797 
99937 828505 509833 867427 679230 482518 730281 685467 730817 226140 ,99937 828505 509833 867427 679230 482518 730281 685467 730817 226140 
596463 330746 405331 895504 563981 612264 251944 360670 758930 191998 ,596463 330746 405331 895504 563981 612264 251944 360670 758930 191998 
519695 705572 304814 632944 564343 752255 781048 967745 628094 149968 ,519695 705572 304814 632944 564343 752255 781048 967745 628094 149968 
350648 63426 857132 181225 458429 111693 254328 927354 602219 615647 ,350648 63426 857132 181225 458429 111693 254328 927354 602219 615647 
499329 851770 257990 429333 685467 867427 522551 792575 363340 679230 ,499329 851770 257990 429333 685467 867427 522551 792575 363340 679230 
176584 438908 606854 731834 693257 269768 529706 389469 864653 12792 ,176584 438908 606854 731834 693257 269768 529706 389469 864653 12792 
275905 763336 350612 266283 279033 736102 779130 294148 84932 947880 ,275905 763336 350612 266283 279033 736102 779130 294148 84932 947880 
540209 666843 558556 656083 447452 625765 767612 419526 42450 843406 ,540209 666843 558556 656083 447452 625765 767612 419526 42450 843406 
688977 852390 635895 519130 988127 370655 343348 15795 979722 325600 ,688977 852390 635895 519130 988127 370655 343348 15795 979722 325600 
137701 55476 91320 281786 865236 80557 542212 416192 967504 881272 ,137701 55476 91320 281786 865236 80557 542212 416192 967504 881272 
772585 603712 820665 667147 632272 592318 146155 568747 921410 545385 ,772585 603712 820665 667147 632272 592318 146155 568747 921410 545385 
956053 426608 431349 669988 791909 514532 295260 433437 660775 252376 ,956053 426608 431349 669988 791909 514532 295260 433437 660775 252376 
716982 414231 542430 263328 415440 287418 326441 433437 175227 700545 ,716982 414231 542430 263328 415440 287418 326441 433437 175227 700545 
202321 468728 942378 175227 112853 172264 615367 106227 521782 588887 ,202321 468728 942378 175227 112853 172264 106227 588887 206052 482926 
422832 615232 997973 99282 71486 989343 503487 801255 366097 52053 ,422832 615232 997973 99282 71486 989343 503487 801255 366097 52053 
83655 287418 141289 415440 98672 83550 806215 720106 679679 263328 ,83655 287418 141289 415440 98672 83550 806215 720106 679679 263328 
815259 69516 517184 716534 517286 51344 721186 467376 742222 126426 ,815259 69516 517184 716534 517286 51344 721186 467376 742222 126426 
454119 983562 986826 258915 415838 923259 894808 49320 126221 471514 ,454119 983562 986826 258915 415838 923259 894808 49320 126221 471514 
554059 515731 100362 470233 815259 152129 716534 925473 51344 84061 ,554059 515731 100362 470233 815259 152129 716534 925473 51344 84061 
942148 588572 461147 242549 702533 955837 510966 799168 807394 96776 ,942148 588572 461147 242549 702533 955837 510966 799168 807394 96776 
647820 957864 527244 775392 925865 954653 792425 886018 180028 513400 ,647820 957864 527244 775392 925865 954653 792425 886018 180028 513400 
956667 396633 790228 440332 326241 914199 885837 847031 565836 880822 ,956667 396633 790228 440332 326241 914199 885837 847031 565836 880822 
364888 486729 484697 414246 509957 435410 75028 497530 69265 259789 ,364888 486729 484697 414246 509957 435410 75028 497530 69265 259789 
69309 364888 69265 91473 833814 505095 435410 603418 497530 509957 ,69309 364888 69265 91473 833814 505095 435410 603418 497530 509957 
625817 957496 532029 44300 903648 860977 185124 131385 69568 915145 ,625817 957496 532029 44300 903648 860977 185124 131385 69568 915145 
40830 505095 18683 24397 69265 75028 840475 262235 636790 700181 ,40830 505095 18683 24397 69265 75028 840475 262235 636790 700181 
622368 603418 257516 691879 610654 529114 123745 923523 816695 497530 ,622368 603418 257516 691879 610654 529114 123745 923523 816695 497530 
847031 956667 790228 224728 720529 144276 838384 618472 562583 380434 ,847031 956667 790228 224728 720529 144276 838384 618472 562583 380434 
575979 216940 657805 40788 559108 8244 954322 956044 481877 761460 ,575979 216940 657805 40788 559108 8244 954322 956044 481877 761460 
961788 458505 333904 588011 131527 146732 949308 627756 366050 924623 ,961788 458505 333904 588011 131527 146732 949308 627756 366050 924623 
576593 860403 425546 261171 352866 583568 55615 363232 401718 58848 ,576593 860403 425546 261171 352866 583568 55615 363232 401718 58848 
723083 428243 221990 954636 786807 364445 484775 185720 93593 5136 ,723083 428243 221990 954636 786807 364445 484775 185720 93593 5136 
167455 458505 689890 517132 725018 822183 130870 860041 554657 39577 ,167455 458505 689890 517132 725018 822183 130870 860041 554657 39577 
287976 631369 799413 261171 633216 274306 802022 991822 593682 222987 ,287976 631369 799413 261171 633216 274306 802022 991822 593682 222987 
402696 863592 315892 707389 423452 315471 66808 66990 759705 152985 ,402696 863592 315892 707389 423452 315471 66808 66990 759705 152985 
398374 715897 467243 936855 987785 539226 595148 353678 367989 256587 ,398374 715897 467243 936855 987785 539226 595148 353678 367989 256587 
955573 934520 358900 391595 634515 953545 90849 578622 583568 510563 ,955573 934520 358900 391595 634515 953545 90849 578622 583568 510563 
730705 257344 59159 219488 49919 152504 333188 254586 747605 634515 ,730705 257344 59159 219488 49919 152504 333188 254586 747605 634515 
562648 268012 130887 432325 852527 331337 602413 931742 686003 185444 ,562648 268012 130887 432325 852527 331337 602413 931742 686003 185444 
965939 635111 156291 363628 283494 505978 804307 705837 727346 994568 ,965939 635111 156291 363628 283494 505978 804307 705837 727346 994568 
392113 738159 922953 194547 182924 107836 8433 710417 947599 44083 ,392113 738159 922953 194547 182924 107836 8433 710417 947599 44083 
168187 215652 370281 649489 342874 663868 432322 62666 914071 907457 ,168187 215652 370281 649489 342874 663868 432322 62666 914071 907457 
667600 215652 649489 432322 654102 962579 99581 702079 460123 663868 ,667600 215652 649489 432322 654102 962579 99581 702079 460123 663868 
655222 823535 428126 261014 899664 99207 682492 610157 228871 905919 ,655222 823535 428126 261014 899664 99207 682492 610157 228871 905919 
897952 305191 805249 888344 884821 88640 281765 91952 268387 194004 ,897952 305191 805249 888344 884821 88640 281765 91952 268387 194004 
375886 665134 109584 512862 248214 208032 52782 757385 353766 129974 ,375886 665134 109584 512862 248214 208032 52782 757385 353766 129974 
15903 31464 353766 931857 81530 630493 728041 889114 652638 527261 ,15903 31464 353766 931857 81530 630493 728041 889114 652638 527261 
474784 780501 610157 364626 989396 107797 281502 823535 99207 899664 ,474784 780501 610157 364626 989396 107797 281502 823535 99207 899664 
934315 793121 29150 869620 805888 86606 805249 983083 546231 268387 ,934315 793121 29150 869620 805888 86606 805249 983083 546231 268387 
921494 318546 411822 531129 544825 482695 963753 667505 202620 339035 ,921494 318546 411822 531129 544825 482695 963753 667505 202620 339035 
639611 793364 549190 268544 34862 295055 222214 471798 864532 289127 ,639611 793364 549190 268544 34862 295055 222214 471798 864532 289127 
996680 546983 653845 105691 811991 635076 651061 753135 963753 310481 ,996680 546983 653845 105691 811991 635076 651061 753135 963753 310481 
690653 471798 204156 970125 424184 635076 858665 673743 260939 620749 ,690653 471798 204156 970125 424184 635076 858665 260939 620749 933152 
805132 564054 158215 233951 845605 906018 684936 401043 653615 220102 ,805132 564054 158215 233951 845605 906018 684936 401043 653615 220102 
867631 771027 970125 411822 531129 3552 864532 921494 850666 394677 ,867631 771027 970125 411822 531129 3552 864532 921494 850666 394677 
301431 129979 75620 724833 803455 976069 402779 589275 222909 887125 ,301431 129979 75620 724833 803455 976069 402779 589275 222909 887125 
654819 718523 684870 459831 890113 390653 45797 452423 112800 832725 ,654819 718523 684870 459831 890113 390653 45797 452423 112800 832725 
123163 748502 25400 473328 719796 4592 80901 533707 153372 380470 ,123163 748502 25400 473328 719796 4592 80901 533707 153372 380470 
395095 13778 295291 29088 791336 63094 166237 611775 423641 157436 ,395095 13778 295291 29088 791336 63094 166237 611775 423641 157436 
423641 528286 416564 184552 63085 63094 63525 441280 131932 90640 ,423641 528286 416564 184552 63085 63094 63525 441280 131932 90640 
472223 397225 864793 327646 678024 785704 495940 865892 978678 202567 ,472223 397225 864793 327646 678024 785704 495940 865892 978678 202567 
160352 195266 214543 861331 467904 735464 694782 75578 694335 403347 ,160352 195266 214543 861331 467904 735464 694782 75578 694335 403347 
768804 889154 527378 931778 873837 897253 853469 545310 94499 396402 ,768804 889154 527378 931778 873837 897253 853469 545310 94499 396402 
979940 543496 61273 247461 432816 339558 393031 309816 704960 988461 ,979940 543496 61273 247461 432816 339558 393031 309816 704960 988461 
670435 844267 895144 853703 706208 923377 862028 846545 932363 636366 ,670435 844267 895144 853703 706208 923377 862028 846545 932363 636366 
862028 853703 356314 636366 988461 220431 923431 195384 501942 962716 ,862028 853703 356314 636366 988461 220431 923431 195384 501942 962716 
785708 976768 246528 306316 561134 438573 582095 584132 330473 84275 ,785708 976768 246528 306316 561134 438573 582095 584132 330473 84275 
264207 919620 606686 638098 827954 651819 319178 930555 991522 931146 ,264207 919620 606686 638098 827954 651819 319178 930555 991522 931146 
515319 869435 726990 612750 432816 393031 810425 962716 687906 5589 ,515319 869435 726990 612750 432816 393031 810425 962716 687906 5589 
352025 582095 46590 458199 904207 499284 681957 365761 70869 657908 ,352025 582095 46590 458199 904207 499284 681957 365761 70869 657908 
664054 611889 68132 555662 754693 333724 565631 49790 407334 481886 ,664054 611889 68132 555662 754693 333724 565631 49790 407334 481886 
970152 907290 884145 106613 691001 333724 294338 541608 416657 507045 ,970152 907290 884145 106613 691001 333724 294338 541608 416657 507045 
592541 345257 781709 351545 690614 85262 189551 440528 735204 771304 ,592541 345257 781709 351545 690614 85262 189551 440528 735204 771304 
565707 235929 566176 562233 449622 476503 660060 129730 591527 391325 ,565707 235929 566176 562233 449622 476503 660060 129730 591527 391325 
464370 118714 937421 549923 228965 377606 942243 912251 765500 950615 ,464370 118714 937421 549923 228965 377606 942243 765500 950615 314614 
537748 932438 755109 188127 308826 841944 653807 978187 135882 146205 ,537748 932438 755109 188127 308826 841944 653807 978187 135882 146205 
535561 841944 232373 188127 755109 557812 526782 169372 117671 932438 ,535561 841944 232373 188127 755109 557812 526782 169372 117671 932438 
593283 537748 135882 673037 146205 308826 978187 188127 672421 830206 ,593283 537748 135882 673037 146205 308826 978187 188127 672421 830206 
62233 715206 604245 880190 258285 237245 780114 564094 747445 339627 ,62233 715206 604245 880190 258285 237245 780114 564094 747445 339627 
291782 761452 153070 769044 632357 912976 427589 384516 924008 58624 ,291782 761452 153070 769044 632357 912976 427589 384516 924008 58624 
897882 757121 558520 123115 264047 872938 346028 806598 571678 11329 ,897882 757121 558520 123115 264047 872938 346028 806598 571678 11329 
725420 106287 805099 449174 822481 944327 693521 555047 326444 698906 ,725420 106287 805099 449174 822481 944327 693521 326444 698906 830934 
540703 693233 333192 813437 726883 866778 907634 878629 880856 859212 ,540703 693233 333192 813437 726883 866778 907634 878629 880856 859212 
638028 810914 547692 338316 109225 85894 8500 824577 806918 342870 ,638028 810914 547692 338316 109225 85894 8500 824577 806918 342870 
810914 186976 638028 790788 518326 892758 547692 597938 338316 36677 ,810914 186976 638028 790788 518326 892758 547692 597938 338316 36677 
99512 635689 914384 386838 286067 545444 259659 36677 94352 631678 ,99512 635689 386838 286067 545444 259659 36677 94352 631678 715583 
204296 90807 823544 683852 726520 443553 987482 71792 100085 966040 ,204296 90807 823544 683852 726520 443553 987482 71792 100085 966040 
870692 527411 580896 5820 545444 221130 796554 706202 307259 441766 ,527411 580896 5820 545444 221130 796554 706202 307259 441766 260351 
492936 396718 85635 981691 691362 978926 71624 454792 388148 131929 ,492936 396718 85635 981691 691362 978926 71624 454792 388148 114925 
480654 638958 496264 522558 565390 676962 13774 959018 985848 14469 ,480654 638958 496264 522558 565390 676962 13774 959018 985848 14469 
824621 636924 114478 157569 759177 801968 711435 342897 771321 609073 ,824621 636924 114478 157569 759177 801968 711435 342897 771321 609073 
941743 813910 980370 42785 476165 387943 57965 238369 439771 501237 ,941743 813910 980370 42785 476165 387943 57965 238369 439771 501237 
983708 549559 86463 60226 461491 900225 200122 432115 680567 793688 ,983708 549559 86463 60226 461491 900225 200122 432115 680567 793688 
11853 83610 273968 912112 737151 161519 429549 815988 185586 539407 ,11853 83610 273968 912112 737151 161519 429549 815988 185586 539407 
909419 620701 955709 204346 863966 538795 237502 853355 523394 226020 ,909419 620701 955709 204346 538795 237502 853355 523394 226020 172944 
565186 389459 112129 964721 105438 548217 452864 408462 434361 604829 ,565186 389459 112129 964721 105438 548217 452864 408462 434361 604829 
968037 849754 5471 859 603753 688130 852768 110159 897275 397947 ,968037 849754 5471 859 603753 688130 852768 110159 897275 397947 
968037 849754 5471 688130 859 397102 185733 494282 588289 397947 ,968037 849754 5471 688130 859 397102 185733 494282 588289 397947 
617424 248223 59162 279611 420970 790939 288304 477569 208623 607917 ,617424 248223 59162 279611 420970 790939 288304 477569 208623 607917 
958814 567511 40736 666774 621840 44606 762013 945160 367195 174058 ,958814 567511 40736 666774 621840 44606 762013 945160 367195 174058 
511281 915891 959149 264574 322606 678505 274824 459786 711588 839289 ,511281 915891 959149 264574 322606 678505 274824 459786 711588 839289 
439889 485243 407033 846863 522105 60533 65478 752202 563542 691921 ,439889 485243 407033 846863 522105 60533 65478 752202 563542 691921 
623021 296050 515492 599103 958417 810175 523694 429476 510619 806243 ,623021 296050 515492 599103 958417 810175 523694 429476 510619 806243 
282475 443595 342960 540788 272319 635859 520059 446432 281866 762596 ,282475 443595 342960 540788 272319 635859 520059 446432 281866 762596 
511625 96416 710022 923935 617200 623995 401711 986566 995859 231573 ,511625 96416 710022 923935 617200 623995 401711 986566 995859 231573 
366487 684381 810175 232862 528071 806243 502982 390874 540788 128941 ,366487 684381 810175 232862 528071 806243 502982 390874 540788 128941 
527797 170880 154915 165687 806769 887993 834743 290697 937935 978976 ,527797 170880 154915 165687 806769 887993 834743 290697 937935 978976 
820799 756343 168972 655894 702358 529953 476863 389531 757010 642330 ,820799 756343 168972 655894 702358 529953 476863 389531 757010 642330 
113587 765824 109289 356307 280420 535147 445326 26057 20897 678832 ,113587 765824 109289 356307 280420 535147 445326 26057 20897 678832 
96605 482688 887885 860465 706474 184524 813478 388156 452420 981417 ,96605 482688 887885 860465 706474 184524 813478 388156 452420 981417 
575393 958306 181377 289456 132811 170074 259603 824091 618024 666778 ,575393 958306 181377 289456 132811 170074 259603 824091 618024 666778 
401365 854317 961271 981417 721357 130578 255477 293791 498109 879882 ,401365 854317 961271 981417 721357 130578 255477 293791 498109 879882 
921194 401365 255477 854317 721357 326265 706474 934681 692286 482688 ,921194 401365 255477 854317 721357 326265 706474 934681 692286 482688 
430082 264404 634430 525986 878928 683410 716183 297634 489531 355933 ,430082 264404 634430 525986 878928 683410 716183 489531 355933 520289 
676864 25564 757337 868590 853160 672487 232664 316551 743127 621238 ,676864 25564 757337 868590 853160 672487 232664 316551 743127 621238 
637439 4716 524004 79626 404635 180141 637237 86863 704970 700611 ,637439 4716 524004 79626 404635 180141 637237 86863 704970 700611 
308917 698486 791510 329628 969937 785349 655282 96025 952725 364324 ,308917 698486 791510 329628 969937 785349 655282 96025 952725 364324 
723907 729554 583983 314936 221087 605987 150417 752849 517600 376631 ,723907 729554 583983 314936 221087 605987 150417 752849 517600 376631 
376631 880901 415023 212662 135490 990883 932601 466084 844443 580758 ,376631 880901 415023 212662 135490 990883 932601 466084 350236 504 
757972 870646 131478 754681 192390 263396 604289 253538 882898 853826 ,757972 870646 131478 754681 192390 263396 604289 253538 882898 853826 
557022 701405 205213 476231 54344 223321 513273 229718 56436 253780 ,557022 701405 205213 476231 54344 223321 513273 229718 56436 253780 
429066 976997 272440 372784 344087 897229 659281 576805 423902 214451 ,429066 976997 272440 372784 344087 897229 659281 576805 423902 214451 
312702 934877 462377 14016 812129 610359 300129 179495 527069 381855 ,312702 934877 14016 812129 610359 300129 179495 381855 63021 570029 
438480 260757 239737 634589 689957 272440 292758 513538 167876 285591 ,438480 260757 239737 634589 689957 272440 292758 513538 167876 285591 
632532 826221 36544 508639 803489 927624 268243 766330 624288 933606 ,632532 826221 36544 508639 803489 927624 268243 766330 624288 933606 
283041 462377 327410 588108 375939 247676 295222 706370 840299 336752 ,283041 462377 327410 588108 375939 247676 295222 706370 840299 336752 
384876 3971 857198 399595 221777 124962 819335 770017 473813 627011 ,384876 3971 857198 399595 221777 124962 819335 770017 473813 627011 
812653 832826 1842 724948 808929 858642 295314 78174 340785 565564 ,812653 832826 1842 724948 808929 858642 295314 78174 340785 565564 
974398 676366 653431 701870 825584 564912 112698 885400 447394 695771 ,974398 676366 653431 701870 825584 564912 112698 885400 447394 695771 
452733 744662 514445 903946 306381 104859 263269 540563 94649 175609 ,452733 744662 514445 903946 306381 104859 263269 540563 94649 175609 
78174 809325 121377 878547 75805 85367 812653 858642 378516 161138 ,78174 809325 121377 878547 75805 85367 812653 858642 378516 161138 
351409 157164 336741 351955 968397 864454 351462 98566 175609 809029 ,351409 157164 336741 351955 968397 864454 351462 98566 175609 809029 
438402 981038 756385 166630 761860 622372 772477 985309 314824 94481 ,438402 981038 756385 166630 761860 622372 772477 985309 314824 94481 
808929 858642 916722 995869 78174 326493 877062 75805 328954 812653 ,808929 858642 916722 995869 78174 326493 877062 75805 328954 812653 
351955 71366 968397 7014 516070 938244 157164 723990 88657 684297 ,351955 71366 968397 7014 516070 938244 157164 723990 88657 684297 
386757 632992 353803 856261 754660 126217 795089 233981 931314 924382 ,386757 632992 353803 856261 754660 126217 795089 233981 931314 924382 
345274 3999 303704 209796 756028 986230 856478 925162 702174 320431 ,345274 3999 303704 209796 756028 986230 856478 925162 702174 320431 
832901 583865 785868 637345 530501 751990 795471 971870 279028 557247 ,832901 583865 785868 637345 530501 751990 795471 971870 557247 93176 
824275 672149 36471 123775 829607 625194 581644 580034 769586 745538 ,824275 672149 36471 123775 829607 625194 581644 580034 769586 745538 
456056 974774 269172 325047 542371 993551 13672 19606 123775 672149 ,456056 974774 269172 325047 542371 993551 13672 19606 123775 672149 
213442 901475 695542 887780 283801 351509 469961 215116 434218 735989 ,213442 901475 695542 887780 283801 351509 469961 215116 434218 735989 
452586 658333 527193 554803 953431 754199 651163 238630 677568 11215 ,452586 658333 527193 554803 953431 754199 651163 238630 677568 11215 
537293 928284 96079 770109 501387 335248 270360 404030 121601 472435 ,537293 928284 96079 770109 501387 335248 270360 404030 121601 472435 
683250 44398 989594 115175 573812 407073 266523 393523 506092 307526 ,683250 44398 989594 115175 573812 407073 266523 393523 506092 307526 
603166 995113 137469 458619 374615 405016 912578 597015 916553 261329 ,603166 995113 137469 458619 374615 405016 912578 597015 916553 261329 
74039 213442 215116 81270 901475 51074 434218 820704 283801 887780 ,74039 213442 215116 81270 901475 51074 434218 820704 283801 887780 
55409 296195 579273 46344 422209 51698 773579 953745 604427 794203 ,55409 296195 579273 46344 422209 51698 773579 953745 604427 794203 
377157 113396 933149 592263 589665 461189 683189 253327 58385 632917 ,377157 113396 933149 592263 589665 461189 683189 253327 58385 632917 
277779 976532 889252 118439 596412 872426 224196 857173 179405 40515 ,277779 976532 889252 118439 596412 872426 224196 857173 179405 40515 
934250 705666 606805 941230 515693 84047 105388 375217 343920 747113 ,934250 705666 606805 941230 515693 84047 105388 375217 343920 747113 
795828 559380 131348 461189 543682 933149 596412 289671 435953 377157 ,795828 559380 131348 461189 543682 933149 596412 289671 435953 377157 
499091 363373 397061 256006 528524 788494 525005 516328 351846 673935 ,499091 363373 397061 256006 528524 788494 525005 516328 351846 673935 
445743 813801 828871 445116 896618 673851 639430 994383 886720 564597 ,445743 813801 828871 445116 896618 673851 639430 994383 886720 564597 
613966 5693 587329 131676 749732 492858 196994 962949 585829 138417 ,613966 5693 587329 131676 749732 492858 196994 962949 585829 138417 
138417 831497 667082 833647 57944 962949 232127 560096 414301 5693 ,138417 831497 667082 833647 57944 962949 232127 560096 414301 5693 
822513 46829 753771 762930 991209 541523 859201 375462 487698 973251 ,822513 46829 753771 762930 991209 541523 859201 375462 487698 973251 
559555 566527 130572 842719 192908 342822 959492 20774 854757 292140 ,559555 566527 130572 842719 192908 342822 959492 20774 854757 292140 
700984 331191 203057 964903 796483 46953 790871 165161 685456 998375 ,700984 331191 203057 964903 796483 46953 790871 165161 685456 998375 
861385 61139 887013 970785 146195 834462 225833 747896 231992 959943 ,861385 61139 887013 970785 146195 834462 225833 747896 231992 959943 
225285 868284 46829 987625 541523 921866 144783 491870 565783 920778 ,225285 868284 46829 987625 541523 144783 491870 565783 920778 280 
658761 679000 280284 48346 109807 472078 396128 549640 719156 381216 ,658761 679000 280284 48346 109807 472078 396128 549640 719156 381216 
892558 976232 794149 54382 638602 799823 507533 541740 223435 983402 ,892558 976232 794149 54382 638602 799823 507533 541740 223435 983402 
792288 241915 6522 892532 768188 580416 544753 307495 14426 996851 ,792288 241915 6522 892532 768188 580416 544753 307495 14426 996851 
824572 846357 595854 956202 58508 895354 225833 312777 792288 860958 ,824572 846357 595854 956202 58508 895354 225833 312777 792288 970785 
633585 242717 854757 316293 959492 31277 192908 762687 343173 940963 ,633585 242717 854757 316293 959492 31277 192908 762687 343173 940963 
280284 480689 187976 263131 173531 806511 432004 822106 684386 998375 ,280284 480689 187976 263131 173531 806511 432004 822106 684386 998375 
259580 378689 636162 482872 915148 199655 149546 730734 596428 378754 ,259580 378689 636162 482872 915148 199655 149546 730734 596428 378754 
556465 924588 527772 89991 106438 330382 905259 747412 913579 8025 ,556465 924588 527772 89991 106438 330382 905259 747412 913579 8025 
209944 857226 677268 260725 827372 116500 545909 43501 20943 354412 ,209944 857226 677268 260725 827372 116500 545909 43501 20943 354412 
765682 446559 375832 831507 648445 116500 545909 857226 993624 967424 ,765682 446559 375832 831507 648445 116500 545909 857226 993624 967424 
256147 974345 167814 573999 823491 592207 240583 800717 351650 54412 ,256147 974345 167814 573999 823491 592207 240583 800717 351650 54412 
165780 784554 921844 383056 125127 807991 491403 585213 852503 279099 ,165780 784554 921844 383056 125127 807991 491403 585213 852503 279099 
94307 913340 439133 769148 600337 280694 622246 194141 328573 89991 ,94307 913340 439133 769148 600337 280694 622246 194141 328573 89991 
770531 667574 373217 852503 681030 905259 629640 41460 458213 824073 ,770531 667574 373217 852503 681030 905259 629640 41460 458213 824073 
716520 124379 58715 618345 903193 125785 637879 827160 315901 727652 ,716520 124379 58715 618345 903193 125785 637879 827160 315901 727652 
596428 915148 757359 122503 705898 100930 761785 207435 592653 272949 ,596428 915148 757359 122503 705898 100930 761785 207435 592653 272949 
430516 260122 194399 71084 222360 736067 724301 930075 398322 763519 ,430516 260122 194399 71084 222360 736067 724301 930075 398322 763519 
694557 520048 71205 598131 943948 68404 785011 911839 292739 417026 ,694557 520048 71205 598131 943948 68404 785011 911839 292739 417026 
566691 241717 292556 92190 309252 393431 550023 284362 47412 200841 ,566691 241717 292556 92190 309252 393431 550023 284362 47412 200841 
481262 849951 319611 560973 947324 484994 746744 774292 958428 666583 ,481262 849951 319611 560973 947324 484994 746744 774292 958428 666583 
696315 220843 207622 729833 778415 739805 204072 14133 391520 465374 ,696315 220843 207622 729833 778415 739805 204072 14133 391520 465374 
603049 426921 546456 823385 525827 465378 140279 382913 659257 477107 ,603049 426921 546456 823385 525827 465378 140279 382913 659257 477107 
867722 9780 845024 778415 458862 496819 498767 874873 49780 437482 ,867722 9780 845024 778415 458862 496819 498767 874873 49780 437482 
104358 692919 78721 359038 820791 118051 127029 653304 707555 610310 ,104358 692919 78721 359038 820791 118051 127029 653304 707555 610310 
841788 900702 560805 393519 296039 294917 873766 750651 867722 961640 ,841788 900702 560805 393519 296039 294917 873766 750651 867722 636649 
96370 703031 498859 351317 60594 681489 709928 546456 470502 247325 ,96370 703031 498859 351317 60594 681489 709928 546456 470502 502488 
322749 732381 576740 229167 516166 429256 526833 804006 454257 533182 ,322749 732381 576740 229167 516166 526833 454257 533182 16455 237391 
880056 230998 875157 749443 627971 913169 491072 518015 554171 869968 ,880056 230998 875157 749443 627971 913169 491072 518015 554171 869968 
332681 687628 681528 487031 221050 278015 732059 618301 209199 474316 ,332681 687628 681528 487031 221050 278015 732059 618301 209199 474316 
944101 141697 631292 106624 895496 405230 401061 149076 75879 404868 ,944101 141697 631292 106624 895496 405230 401061 149076 75879 404868 
793689 871051 467724 804633 124276 319376 657537 556584 861913 436182 ,793689 871051 467724 804633 124276 319376 657537 556584 861913 436182 
988728 507788 398681 908437 906266 108273 219723 956007 681939 474316 ,988728 507788 398681 908437 906266 108273 219723 956007 681939 474316 
578579 526560 254303 205201 31465 532295 596240 594152 841723 489664 ,578579 526560 254303 205201 31465 532295 596240 594152 841723 489664 
828915 523294 123969 590434 443916 747883 982517 439590 453224 603527 ,828915 523294 123969 590434 443916 747883 982517 439590 453224 603527 
184952 848861 563338 738713 544038 147051 764855 578579 455595 703891 ,184952 848861 563338 738713 544038 147051 764855 578579 455595 703891 
737815 918803 396585 496870 487853 800395 768634 258343 324205 329636 ,737815 918803 396585 496870 487853 800395 768634 258343 324205 329636 
123266 547144 960168 689308 505115 803528 641274 729015 398289 640717 ,123266 547144 960168 689308 505115 803528 641274 729015 398289 640717 
489524 681346 435142 694755 568543 480570 169045 583617 262935 475616 ,489524 681346 435142 694755 568543 480570 169045 583617 262935 475616 
561774 357533 537328 915722 598060 125257 164694 915569 657211 957694 ,561774 357533 537328 915722 598060 125257 164694 915569 657211 957694 
339456 989782 883858 806319 162941 448855 635641 83837 100939 660236 ,339456 989782 883858 806319 162941 635641 83837 100939 660236 612058 
682167 899514 14845 895231 919293 416533 864776 18342 812020 191612 ,682167 899514 14845 895231 919293 416533 864776 18342 812020 191612 
166310 132747 578830 693501 133718 398429 762591 941646 704319 597353 ,166310 132747 578830 693501 133718 398429 762591 941646 704319 597353 
529603 919293 371017 21242 22388 682167 722259 147721 62727 273228 ,529603 919293 371017 21242 22388 682167 722259 147721 62727 273228 
14845 869531 365695 345797 542985 18342 180219 915722 19555 564077 ,14845 869531 365695 345797 542985 18342 180219 915722 19555 564077 
799404 10740 103570 1732 941646 660236 431469 719260 351737 261789 ,799404 10740 103570 1732 941646 660236 431469 351737 261789 806319 
18342 899143 244887 958137 605516 564077 945845 123293 135661 752858 ,18342 899143 244887 958137 605516 564077 945845 123293 135661 752858 
514760 378278 597353 942877 466092 603468 709152 163296 579804 561803 ,514760 378278 597353 942877 466092 603468 709152 163296 579804 561803 
967603 326040 13490 529805 729806 900088 249026 59117 550856 861439 ,967603 326040 13490 529805 729806 900088 249026 59117 550856 861439 
758578 568249 841068 985912 38170 791426 846050 850716 496295 956908 ,758578 568249 841068 985912 38170 791426 846050 850716 496295 956908 
949343 78373 211319 717420 106177 369663 843773 522856 274621 772517 ,949343 78373 211319 717420 106177 369663 843773 522856 274621 709128 
629434 476948 265936 478379 132795 183084 254983 789612 882185 752700 ,629434 476948 265936 478379 132795 183084 254983 789612 882185 752700 
528405 604118 833540 564207 798674 695250 161821 610136 266580 430453 ,528405 604118 833540 564207 798674 695250 161821 610136 266580 430453 
190200 285889 411833 855344 321268 140170 945445 796172 300997 88306 ,190200 285889 411833 855344 140170 945445 300997 88306 752295 77072 
576915 768241 978099 595845 46988 613572 199516 36263 314219 553222 ,576915 768241 978099 595845 46988 613572 199516 36263 314219 553222 
724308 268099 285889 68167 121426 555211 545812 855344 88306 752295 ,724308 268099 285889 68167 121426 555211 545812 855344 88306 752295 
746453 471111 725409 422425 598836 307342 159596 597709 468589 326093 ,746453 471111 725409 422425 598836 307342 159596 597709 468589 326093 
609226 493952 807340 125679 718755 86017 72757 470298 523722 625900 ,609226 493952 807340 125679 718755 86017 72757 470298 523722 625900 
232268 609772 605897 660872 51910 956908 38170 719351 454083 729764 ,232268 609772 605897 660872 51910 956908 38170 719351 454083 729764 
25303 529636 887876 679641 528405 465296 548839 695250 604118 798710 ,25303 529636 887876 679641 528405 465296 548839 695250 604118 798710 
734264 471806 544057 945147 960282 319479 540721 219211 491263 11472 ,734264 471806 544057 945147 960282 319479 540721 219211 491263 11472 
696832 417921 154343 99505 154853 520118 794710 749227 429259 835688 ,696832 417921 154343 99505 154853 520118 794710 749227 429259 835688 
520118 696832 611927 744121 794710 154343 417921 99505 798674 590723 ,520118 696832 611927 744121 794710 154343 417921 99505 798674 590723 
362789 518790 577129 351598 85102 449996 548480 263404 743163 516775 ,362789 518790 577129 351598 85102 449996 548480 263404 743163 516775 
442204 76421 715005 98870 357724 100999 540112 398066 66611 977717 ,442204 76421 715005 98870 357724 100999 540112 398066 66611 977717 
889403 389612 780420 23145 14875 942948 813426 796044 429587 402645 ,889403 389612 780420 23145 14875 942948 813426 796044 429587 402645 
573576 144973 795605 473685 665484 213259 492807 567067 878759 355795 ,573576 144973 795605 473685 665484 213259 492807 567067 878759 355795 
684213 904789 297679 723597 723951 791137 570031 953582 702967 480475 ,684213 904789 297679 723597 723951 791137 570031 953582 702967 701352 
487499 873847 498247 567067 355795 213259 69051 398303 716892 981550 ,487499 873847 498247 567067 355795 213259 69051 398303 716892 981550 
345351 360982 193100 946986 365404 65942 730770 825677 535836 928494 ,345351 360982 193100 946986 365404 65942 730770 825677 535836 928494 
460950 271267 355427 974511 903244 980854 392245 87148 803688 713163 ,460950 271267 355427 974511 903244 980854 392245 87148 803688 713163 
57334 477413 243200 634373 570201 790399 439105 185761 553901 46791 ,57334 477413 243200 634373 570201 790399 439105 185761 553901 46791 
57957 769310 788767 68317 378752 410033 522357 210113 730564 296709 ,57957 769310 788767 68317 378752 410033 522357 210113 730564 296709 
209388 269695 751140 598285 799324 378752 522357 597098 517048 197404 ,209388 269695 751140 598285 799324 378752 522357 597098 517048 197404 
292816 23046 414828 509290 78427 487128 674581 608182 465827 460129 ,292816 23046 414828 509290 78427 487128 674581 608182 465827 460129 
300846 716421 598285 565288 921220 45310 173547 351704 487128 667556 ,300846 716421 598285 565288 921220 45310 173547 351704 487128 667556 
292579 351050 80306 487372 877388 791896 522357 158199 23046 78427 ,292579 351050 80306 487372 877388 791896 522357 158199 23046 78427 
400951 844869 116162 99060 253448 27490 877506 501954 48890 811987 ,400951 844869 116162 99060 253448 27490 877506 501954 48890 811987 
665189 566242 516811 469502 502203 921220 100594 303878 197404 540754 ,665189 566242 516811 469502 502203 921220 100594 303878 197404 540754 
195302 567434 970039 756802 790442 253448 230402 804672 809532 116162 ,195302 567434 970039 756802 790442 253448 230402 804672 809532 116162 
921220 665189 667556 300846 831683 516811 672867 716421 598285 566242 ,921220 665189 667556 300846 831683 516811 672867 716421 598285 566242 
337131 398255 487372 216307 216232 158199 546039 280884 784919 518724 ,337131 398255 487372 216307 216232 158199 546039 280884 784919 518724 
60505 298161 877506 756802 653034 204523 118373 24899 116162 452542 ,60505 298161 877506 756802 653034 118373 24899 116162 452542 804672 
594828 632893 16412 497096 206844 966072 563546 314115 271867 433849 ,594828 632893 16412 497096 206844 966072 563546 314115 271867 433849 
304361 677006 73154 574533 991929 526026 46510 707629 776486 269501 ,304361 677006 73154 574533 991929 526026 46510 707629 776486 269501 
482831 384915 526026 496450 500911 363196 314115 16412 829401 203992 ,482831 384915 526026 496450 500911 363196 314115 16412 829401 203992 
842941 427277 574141 9883 350498 964979 804720 135859 550151 719196 ,842941 427277 574141 9883 350498 964979 804720 135859 550151 719196 
399672 440796 119710 577961 966304 23334 947193 857201 942660 843538 ,399672 440796 119710 577961 966304 23334 947193 857201 942660 907393 
593656 389571 131356 857146 41733 258045 5517 19777 891344 79317 ,593656 389571 131356 857146 41733 258045 5517 19777 891344 79317 
968007 149059 994335 803908 882646 466314 26523 791948 104901 581245 ,968007 149059 994335 803908 882646 466314 26523 791948 104901 581245 
345556 265938 988018 803969 501590 493452 416731 182993 519830 497867 ,345556 265938 988018 803969 501590 493452 416731 182993 519830 497867 
367608 916900 74873 947193 513214 425991 915620 433942 180521 862371 ,367608 916900 74873 947193 513214 425991 915620 433942 180521 862371 
603721 415058 537076 501590 112790 748350 88348 671820 747498 21390 ,603721 415058 537076 501590 112790 748350 88348 671820 747498 21390 
540682 59310 226609 244239 637197 282298 60763 82046 804858 326927 ,540682 59310 226609 244239 637197 282298 60763 82046 804858 326927 
382051 129602 852528 683242 900889 658424 700118 610169 695616 19647 ,382051 129602 852528 683242 900889 658424 700118 610169 695616 19647 
411021 83963 340009 322466 804858 82046 454099 731621 540682 699511 ,411021 83963 340009 322466 804858 82046 454099 731621 540682 699511 
614270 650634 235582 205592 713958 758679 542778 491205 497014 508120 ,614270 650634 235582 205592 713958 758679 542778 491205 497014 508120 
256058 948725 980010 491205 497014 845872 336969 235582 643016 502896 ,256058 948725 980010 491205 497014 845872 336969 235582 643016 502896 
147693 831508 245361 117629 274352 731508 897252 932682 866762 68109 ,147693 831508 245361 117629 274352 731508 897252 932682 866762 68109 
923235 107885 594511 537779 960059 690295 322806 279547 3846 194954 ,923235 107885 594511 537779 960059 690295 322806 279547 3846 194954 
125514 154045 945295 414632 454998 768959 391869 153552 213882 41978 ,125514 154045 945295 414632 454998 768959 391869 153552 213882 41978 
871169 314249 273954 939909 598392 396001 60769 271999 987640 516062 ,871169 314249 273954 939909 598392 396001 60769 271999 987640 516062 
397019 684496 872775 723810 480576 68889 168607 176312 560347 209813 ,397019 684496 872775 723810 480576 68889 168607 176312 209813 15508 
875614 875121 644729 781798 767438 935263 355721 389726 15801 15042 ,875614 875121 644729 781798 767438 935263 355721 389726 15801 15042 
776835 141728 54795 401797 860524 244690 786709 797414 170090 527187 ,776835 141728 54795 401797 860524 244690 786709 797414 170090 527187 
837775 816270 35052 444825 374258 813578 153261 100080 760160 266178 ,837775 816270 35052 444825 374258 813578 153261 100080 760160 266178 
913277 313133 763058 422557 420066 306749 350570 867536 345847 566369 ,913277 313133 763058 422557 420066 306749 350570 867536 345847 566369 
191905 730444 663514 998484 887610 873244 987640 191475 539656 681524 ,191905 730444 663514 998484 887610 873244 987640 191475 539656 681524 
875121 255111 15801 862033 875614 935107 935263 842259 988930 781798 ,875121 255111 15801 862033 875614 935107 935263 988930 781798 396097 
250421 695467 886747 528365 837775 16423 418098 902114 751732 139496 ,250421 695467 886747 528365 837775 16423 418098 902114 751732 139496 
885679 541817 14836 205263 562843 140244 632684 912197 725586 377722 ,885679 541817 14836 205263 562843 140244 632684 912197 725586 377722 
159242 292465 630692 168598 350131 176664 122002 21656 192749 74251 ,159242 292465 630692 168598 350131 176664 122002 21656 192749 74251 
691730 434056 107885 79392 371149 713953 741275 95334 127164 397181 ,691730 434056 107885 79392 371149 713953 741275 95334 127164 397181 
371631 678838 450776 629400 157484 520896 775573 783546 497811 6902 ,371631 678838 450776 629400 157484 775573 783546 497811 6902 8097 
893126 502532 106459 314951 112328 804950 658268 882295 23732 123352 ,893126 502532 106459 314951 112328 804950 658268 882295 23732 123352 
621836 368805 189331 540832 590974 355559 864022 624688 69938 759804 ,621836 368805 189331 540832 590974 355559 864022 624688 69938 759804 
673400 853234 674259 828136 658362 640060 882774 813317 539054 545843 ,673400 853234 674259 828136 658362 640060 882774 813317 539054 545843 
882774 252384 828136 813317 876726 750141 362100 197777 539054 228395 ,882774 252384 828136 813317 876726 750141 362100 197777 539054 228395 
596665 401910 919787 136952 522032 74276 840152 196740 435995 688771 ,596665 401910 919787 136952 522032 74276 840152 196740 435995 688771 
446002 861980 655524 599287 655057 987007 814047 659581 884814 974251 ,446002 861980 655524 599287 655057 987007 814047 659581 884814 974251 
53583 996747 651743 993013 123134 251430 374629 673190 627768 689017 ,53583 996747 651743 993013 123134 251430 374629 673190 627768 689017 
524772 772004 678938 86034 95243 955597 355137 940234 433037 573138 ,524772 772004 678938 86034 95243 955597 355137 940234 433037 573138 
409804 253417 233513 475352 290854 123452 374612 590610 272869 59109 ,409804 253417 233513 475352 290854 123452 374612 590610 272869 59109 
384999 599897 51833 525411 959747 255402 215821 635390 464970 730415 ,384999 599897 525411 959747 255402 215821 635390 464970 730415 676170 
80142 599897 215821 160547 671628 741630 784819 525411 748849 658630 ,80142 599897 215821 160547 671628 741630 784819 525411 748849 658630 
162315 590610 874582 794154 741376 618610 759069 374612 578984 828843 ,162315 590610 874582 794154 741376 618610 759069 374612 578984 828843 
52516 198729 838108 374124 673678 762220 260036 962125 294273 623584 ,52516 198729 838108 374124 673678 762220 260036 962125 294273 623584 
781297 703728 748849 229257 730415 496691 635390 304779 94405 529573 ,781297 703728 748849 229257 730415 496691 635390 304779 94405 529573 
290854 51849 609943 572524 586945 744768 809611 709479 670341 57536 ,290854 51849 609943 572524 586945 744768 809611 709479 670341 877676 
524772 263263 419405 946327 573138 95243 596270 89530 828382 743749 ,524772 263263 419405 946327 573138 95243 596270 89530 828382 743749 
431051 967369 499521 139278 138117 534927 232086 178662 692726 121998 ,431051 967369 499521 139278 138117 534927 232086 178662 692726 121998 
280126 14346 546260 264430 372587 307625 935538 833940 168061 348548 ,280126 14346 546260 264430 372587 307625 935538 833940 168061 348548 
835889 68575 573416 12574 453257 37541 232086 523475 295404 551858 ,835889 68575 573416 12574 453257 37541 232086 523475 295404 551858 
34470 962674 264856 128578 299484 87799 465868 216989 639724 852803 ,34470 962674 264856 128578 299484 87799 465868 216989 639724 852803 
784223 967369 326998 232086 165578 389628 37541 69445 519155 909216 ,784223 967369 326998 232086 165578 389628 37541 69445 519155 909216 
236031 403167 550699 990761 131220 481990 934786 250209 319295 957049 ,236031 403167 550699 990761 131220 481990 934786 250209 319295 957049 
122032 81927 566220 780238 369187 271921 219943 748682 324398 515141 ,122032 81927 566220 780238 369187 271921 219943 748682 324398 515141 
557484 871748 674839 780826 892787 827620 655732 39618 415658 239397 ,557484 871748 674839 780826 892787 827620 655732 39618 415658 239397 
447673 325952 196263 780238 438920 41129 832964 130536 775590 222114 ,447673 325952 196263 438920 41129 832964 130536 775590 222114 567893 
58215 71516 739121 197575 257059 134835 228458 458164 773602 522430 ,58215 71516 739121 197575 257059 134835 228458 458164 773602 522430 
754130 802603 52880 290214 256926 770095 646865 996364 816630 993096 ,754130 802603 52880 290214 256926 770095 646865 996364 816630 993096 
523346 431805 26673 247771 21964 40386 236592 941454 825551 224623 ,523346 431805 26673 247771 21964 40386 236592 941454 825551 224623 
399398 708570 263064 425439 249243 456057 338216 489329 3933 839966 ,399398 708570 263064 425439 249243 456057 338216 489329 3933 839966 
85111 878252 241434 987330 341877 823593 922300 240446 718037 657125 ,85111 878252 241434 987330 341877 823593 922300 240446 718037 657125 
850945 918473 410353 912630 970562 803650 657361 82544 99373 41101 ,850945 918473 410353 912630 970562 803650 657361 82544 99373 41101 
830647 179155 833911 693421 505565 435892 537178 733808 65222 988315 ,830647 179155 833911 693421 505565 435892 537178 733808 65222 988315 
516698 548249 81958 210015 278847 430417 591323 692405 171316 693421 ,516698 548249 81958 210015 278847 430417 591323 692405 171316 693421 
498165 774497 364301 370682 516081 379525 600701 404621 95164 671711 ,498165 774497 364301 370682 516081 379525 600701 404621 95164 671711 
674826 672783 733297 276288 22668 949497 714802 759323 82998 241274 ,674826 672783 733297 276288 22668 949497 714802 759323 82998 241274 
269111 493157 956146 920720 633386 373063 487102 588284 688381 727247 ,269111 493157 956146 920720 633386 588284 688381 727247 862555 941090 
473729 608621 278686 878929 638552 275499 688507 79489 356254 658505 ,473729 608621 278686 878929 638552 275499 688507 79489 356254 658505 
86611 222610 441159 632257 214491 154567 611350 80689 634091 496466 ,86611 222610 441159 632257 214491 154567 611350 80689 634091 496466 
296520 186363 385264 262306 154567 726215 393778 226733 57366 872401 ,296520 186363 385264 262306 154567 726215 393778 226733 57366 872401 
982455 187045 844512 685412 18957 708331 913014 707153 14408 572485 ,982455 187045 844512 685412 18957 708331 913014 707153 14408 572485 
154567 216521 393778 199039 930932 244044 170023 548458 292818 323904 ,154567 216521 393778 199039 930932 244044 170023 548458 292818 323904 
641604 912469 412460 330805 890197 548458 528823 535650 470405 57412 ,641604 912469 412460 330805 890197 548458 528823 535650 470405 57412 
187045 395628 653680 44942 91435 851613 289503 586835 375052 49520 ,187045 395628 653680 44942 91435 851613 289503 586835 375052 49520 
378792 119001 872462 639502 818822 975669 517292 344564 885396 826407 ,378792 119001 872462 639502 818822 975669 517292 344564 885396 826407 
994112 439302 982455 344564 328390 49520 854611 240396 896189 195719 ,994112 439302 982455 344564 328390 49520 854611 240396 896189 195719 
832705 919283 370245 269827 296369 950017 565616 410393 695503 268384 ,832705 919283 370245 269827 296369 950017 565616 410393 695503 268384 
656754 754789 132500 503082 455729 645036 453371 941042 318494 337052 ,656754 754789 132500 503082 455729 645036 453371 941042 318494 337052 
13482 972716 13515 391427 608419 831915 82743 200116 968121 138706 ,13482 972716 13515 391427 608419 831915 82743 200116 968121 138706 
675286 541518 207192 862911 513651 613215 258526 385208 634980 624652 ,675286 541518 207192 862911 513651 613215 258526 385208 634980 624652 
546943 88355 360212 869141 375081 201671 412100 256159 669419 801378 ,546943 88355 360212 869141 375081 201671 412100 256159 669419 801378 
471823 722635 719288 764364 337416 32949 294122 425329 606244 522336 ,471823 722635 719288 764364 337416 32949 294122 425329 606244 522336 
656754 880248 676127 502780 892828 645036 720596 318487 738853 353684 ,656754 880248 676127 502780 892828 645036 720596 318487 738853 353684 
129746 718537 470983 123879 192496 265082 132500 941042 498730 188095 ,129746 718537 470983 123879 192496 265082 132500 941042 498730 188095 
429455 522595 174600 13707 708083 325045 270158 898063 964601 551682 ,429455 522595 174600 13707 708083 325045 270158 898063 964601 551682 
766786 256798 608572 853695 381286 157632 750975 129292 410190 663067 ,766786 256798 608572 853695 381286 157632 750975 663067 960819 245855 
396812 772133 577275 205261 560887 492632 195695 197665 803877 872047 ,396812 772133 577275 205261 560887 492632 195695 197665 803877 872047 
838622 564110 340065 725585 359316 594615 695503 856332 13482 61974 ,838622 564110 340065 725585 359316 594615 695503 856332 13482 61974 
676127 892828 656754 975100 502780 742344 754789 256038 645036 489014 ,676127 892828 656754 975100 502780 742344 754789 256038 645036 489014 
505424 547716 188776 360952 174600 635978 131103 760289 432210 738392 ,505424 547716 188776 360952 174600 635978 131103 760289 432210 738392 
531525 467684 534838 989563 93712 528837 685398 89462 764364 190432 ,531525 467684 534838 989563 93712 528837 685398 89462 764364 190432 
933176 120896 336029 248756 24127 269576 548875 110431 570824 951538 ,933176 120896 336029 248756 24127 269576 110431 570824 951538 168058 
560811 911030 870365 217478 522971 248756 720957 870150 270670 834336 ,560811 911030 870365 217478 522971 248756 720957 870150 270670 783673 
455511 175186 173696 528691 742510 219324 876379 263624 379667 828262 ,455511 175186 173696 528691 742510 219324 876379 263624 379667 828262 
793895 231735 9490 140040 971224 494093 982408 20391 927848 331512 ,793895 231735 9490 140040 971224 494093 982408 20391 927848 331512 
520726 426750 996018 425099 993807 261574 68829 566409 363949 638013 ,520726 426750 996018 425099 993807 261574 68829 566409 363949 638013 
861666 256448 553132 889648 758685 533039 673067 610401 918609 7702 ,861666 256448 553132 889648 758685 533039 673067 610401 918609 7702 
334471 654606 986139 580377 223731 383268 929645 286310 285719 27917 ,334471 654606 986139 580377 223731 383268 929645 286310 285719 27917 
679314 147497 836052 537302 696710 383838 680962 581257 927893 137843 ,679314 147497 836052 537302 696710 383838 680962 581257 927893 137843 
519827 195677 950831 885158 704662 901579 249666 414937 577880 75202 ,519827 195677 950831 885158 704662 901579 249666 414937 577880 75202 
101967 28240 216216 5712 443021 298954 688460 305455 736910 536116 ,101967 28240 216216 5712 443021 298954 688460 305455 736910 536116 
699743 224498 281773 482424 621683 954 654500 203133 506956 479384 ,699743 224498 281773 482424 621683 954 654500 203133 506956 479384 
506956 452775 699743 347461 664634 479384 413061 619320 806702 248146 ,506956 452775 699743 347461 664634 479384 619320 806702 248146 754317 
84168 937836 179620 993164 174384 399251 471946 940683 760956 145899 ,84168 937836 179620 993164 174384 399251 471946 940683 760956 145899 
543508 273722 469671 858888 677852 265125 635600 143884 117587 329426 ,543508 273722 469671 858888 677852 265125 635600 143884 117587 329426 
262448 524164 524650 583600 434573 914830 262450 59287 835967 336742 ,262448 524164 524650 583600 434573 914830 262450 59287 835967 336742 
337414 806101 97287 573452 567955 188419 611670 703565 698370 601561 ,337414 806101 97287 573452 567955 188419 611670 703565 698370 601561 
369358 867411 178100 716085 492710 493298 416289 844085 668402 214748 ,369358 867411 178100 716085 492710 493298 416289 844085 668402 214748 
963585 845784 561522 365185 181447 986290 626986 28100 886119 23733 ,963585 845784 561522 365185 181447 986290 626986 28100 886119 23733 
673035 278436 748569 372189 231963 629845 251093 707332 736638 832433 ,673035 278436 748569 372189 231963 629845 251093 707332 736638 832433 
295913 697842 39843 882469 865597 241362 616019 404872 541334 768120 ,295913 697842 39843 882469 865597 241362 616019 404872 541334 768120 
107628 587534 867718 883365 463003 741531 528320 259051 344557 725967 ,107628 587534 867718 883365 528320 344557 947732 14839 735634 618183 
901515 397945 425245 50947 558024 637549 117735 871062 196567 51930 ,901515 397945 425245 50947 558024 637549 117735 871062 196567 51930 
378029 561443 379589 490471 223485 206989 780757 739784 9543 327835 ,378029 561443 379589 490471 223485 206989 780757 739784 9543 327835 
51930 565635 835509 889673 667099 397945 901515 407139 39371 240719 ,51930 565635 835509 889673 667099 397945 901515 407139 39371 240719 
214576 98787 914181 524935 748281 360114 693848 227313 603543 363475 ,214576 98787 914181 524935 748281 360114 603543 363475 716579 516473 
560547 679483 324485 478611 746771 174378 849676 409742 637549 196567 ,560547 679483 324485 478611 746771 174378 849676 409742 637549 196567 
227313 363484 363475 80033 528808 351312 232418 716557 306540 526047 ,227313 363484 363475 80033 528808 351312 232418 716557 306540 526047 
411288 164163 17213 936419 929266 408544 501069 259968 762367 449576 ,411288 164163 17213 936419 929266 501069 259968 762367 449576 853839 
515173 135940 876773 521368 173409 123309 489130 55966 37307 557180 ,135940 876773 521368 173409 123309 489130 55966 37307 557180 504032 
261993 845148 987704 793599 664614 149495 2372 9565 331055 344606 ,261993 845148 987704 793599 664614 149495 2372 9565 331055 344606 
180182 627634 31053 187177 112636 403995 286365 437521 379692 400288 ,180182 627634 31053 187177 112636 403995 286365 437521 379692 400288 
375132 13961 949646 681458 125509 406526 504882 853911 879997 619436 ,375132 13961 949646 681458 125509 406526 504882 853911 879997 619436 
58700 123309 516891 515173 40545 600257 934211 326184 460780 521368 ,58700 123309 516891 515173 40545 600257 934211 326184 460780 521368 
515935 170686 887639 34930 831967 798311 741227 464052 418641 212215 ,515935 170686 887639 34930 831967 798311 741227 464052 212215 195601 
707440 151346 271601 519936 144301 281518 413802 751002 273185 407771 ,707440 151346 271601 519936 144301 281518 413802 751002 273185 407771 
87038 853911 4686 289043 629067 575527 225275 36193 488222 615797 ,87038 853911 4686 289043 629067 575527 225275 36193 488222 615797 
419557 346716 629209 420006 739569 494151 969043 700533 323515 581981 ,419557 346716 629209 420006 739569 494151 969043 700533 323515 581981 
52702 86759 165779 563411 901640 813489 520445 778880 304745 417913 ,52702 86759 165779 563411 901640 813489 520445 778880 304745 417913 
13123 698782 307871 908247 917492 881501 951827 58090 392931 197349 ,13123 698782 307871 908247 917492 881501 951827 58090 392931 197349 
831159 978969 542434 204106 932741 39301 313733 401801 967500 956270 ,831159 978969 542434 204106 932741 39301 313733 401801 967500 956270 
70939 74014 285280 160581 538648 439598 491797 651189 849606 107593 ,70939 74014 285280 160581 538648 439598 491797 651189 849606 107593 
799500 432768 202542 817402 876750 420396 762729 964545 534204 512940 ,799500 432768 202542 817402 876750 420396 762729 964545 534204 512940 
281104 302998 569951 871673 277454 43648 339008 554316 28934 389840 ,281104 302998 569951 871673 277454 43648 339008 554316 389840 135654 
447526 55962 826589 536751 543980 445842 823618 570550 504168 921945 ,447526 55962 826589 536751 543980 445842 823618 570550 504168 921945 
811658 617105 375410 349887 534133 28794 55471 204620 20582 409466 ,811658 617105 375410 349887 534133 28794 55471 204620 20582 409466 
556576 440696 886155 889681 135481 741470 765393 853266 302909 823227 ,556576 440696 886155 889681 135481 741470 765393 853266 302909 823227 
962140 640195 900730 199196 204620 281894 571025 709725 946636 776842 ,962140 640195 900730 199196 204620 281894 571025 946636 776842 208495 
1987 965406 524312 170378 263122 803830 378239 462118 731764 947283 ,1987 965406 524312 170378 263122 803830 378239 462118 731764 947283 
395104 139761 277877 146449 329 326601 544964 758583 136543 505740 ,395104 139761 277877 146449 329 326601 544964 758583 136543 505740 
354435 708093 720573 307530 326445 436211 907520 169464 796114 254537 ,354435 708093 720573 307530 326445 436211 907520 169464 796114 254537 
480211 507789 122844 669832 738396 205359 75019 719545 544180 846845 ,480211 507789 122844 669832 738396 205359 75019 719545 544180 846845 
32354 436211 496915 923198 512949 684169 517221 368784 865799 399051 ,32354 436211 496915 923198 512949 684169 865799 399051 449072 682780 
949392 947439 349289 595004 542070 397405 133820 741096 853254 679271 ,949392 947439 349289 595004 542070 397405 133820 741096 853254 679271 
810984 474814 188019 662539 827299 465103 355600 242296 98548 270082 ,810984 474814 188019 662539 827299 465103 355600 242296 98548 270082 
717297 26702 123632 931246 952176 459228 370698 398976 310576 61457 ,717297 26702 123632 931246 952176 459228 370698 398976 310576 61457 
6337 337221 594403 905051 416239 731877 413297 879828 821480 433148 ,6337 337221 594403 905051 416239 731877 413297 879828 821480 433148 
879923 425409 397505 505319 253680 58801 947175 539968 486151 930110 ,879923 425409 397505 505319 253680 58801 947175 539968 486151 930110 
673516 906070 558429 540881 427037 536438 555386 657955 554431 779183 ,673516 906070 558429 540881 427037 536438 555386 657955 554431 779183 
547331 305223 535214 174015 953682 860999 14542 423651 331290 16848 ,547331 305223 535214 174015 953682 860999 14542 423651 331290 16848 
47592 530833 135654 780882 805174 633892 735990 679142 169464 550902 ,47592 530833 135654 780882 805174 633892 735990 679142 169464 550902 
969818 987256 555696 234628 988944 410471 576027 799927 842026 955899 ,969818 987256 555696 234628 988944 576027 799927 842026 955899 669832 
673138 709725 606687 440696 900730 927179 546560 893450 400985 135481 ,673138 709725 606687 440696 900730 927179 546560 893450 400985 135481 
363931 207349 61077 45748 519243 108745 421727 732434 516681 123308 ,363931 207349 61077 45748 519243 108745 421727 732434 516681 123308 
304472 164351 304188 256661 692601 322190 382609 830167 920054 679914 ,304472 164351 304188 256661 692601 322190 382609 830167 920054 679914 
407102 800283 61077 123919 102616 973107 94474 928472 690247 218017 ,407102 800283 61077 123919 102616 973107 94474 928472 690247 218017 
14812 884288 16429 416239 867804 208495 851193 708173 708075 695505 ,14812 884288 16429 416239 867804 208495 851193 708173 708075 695505 
365139 930253 525230 941961 107972 802321 826767 919085 998273 920608 ,365139 930253 525230 941961 107972 802321 826767 919085 998273 920608 
204620 223682 845235 851193 702470 19791 275178 928525 387873 15136 ,204620 223682 845235 851193 702470 19791 275178 928525 387873 15136 
183605 909161 381794 159070 744137 455525 166431 710380 797033 171382 ,183605 909161 381794 159070 744137 455525 166431 710380 797033 171382 
571899 363418 94505 364198 365794 37068 298641 232148 533954 279823 ,571899 363418 94505 364198 365794 37068 298641 232148 533954 279823 
607841 141123 65245 770186 313055 124470 417448 543677 154730 844588 ,607841 141123 65245 313055 124470 417448 543677 154730 844588 930276 
288948 956693 631172 199857 290705 87216 571899 903327 298641 804948 ,288948 956693 631172 199857 290705 87216 571899 903327 298641 804948 
189231 854021 785515 26531 609010 678230 356202 485501 585551 525131 ,189231 854021 785515 26531 609010 678230 356202 485501 585551 525131 
84525 398538 549413 62768 510343 152211 901713 953278 594492 588225 ,84525 398538 549413 62768 510343 152211 901713 953278 594492 588225 
953278 730803 338028 364198 242775 299289 62768 265130 624214 806093 ,953278 730803 338028 364198 242775 299289 62768 265130 624214 806093 
609010 678420 974792 160052 953960 585373 81781 666561 429583 594492 ,609010 678420 974792 160052 953960 585373 81781 666561 429583 594492 
690893 710757 641557 667373 770186 285465 987428 867371 46438 487038 ,690893 710757 641557 667373 770186 285465 987428 867371 46438 487038 
736400 18781 679216 60384 501661 242391 570754 904922 659958 399986 ,736400 18781 679216 60384 501661 242391 570754 904922 659958 399986 
989536 316651 784955 963201 230784 528954 170894 10417 281095 808839 ,989536 316651 784955 963201 230784 528954 170894 10417 281095 811989 
960333 673320 52230 667314 886576 928047 413729 158689 541664 389783 ,960333 673320 52230 667314 886576 928047 413729 158689 541664 389783 
789476 900395 87037 897187 452692 683074 589065 71192 953084 643070 ,789476 900395 87037 897187 452692 683074 589065 71192 953084 643070 
319583 88853 9367 597366 778257 829260 110330 231944 513928 221599 ,319583 88853 9367 597366 778257 829260 110330 231944 513928 221599 
526378 283544 345182 152035 363459 723250 496990 763525 485446 694445 ,526378 283544 345182 152035 363459 723250 496990 485446 694445 169094 
579020 673674 588197 649254 24885 113919 773754 956639 699296 366210 ,579020 673674 588197 649254 24885 113919 773754 956639 699296 366210 
808492 739111 915587 611535 667779 620906 778257 915705 988518 272671 ,808492 739111 915587 611535 667779 620906 778257 915705 988518 272671 
588197 673674 24885 956639 649254 233270 10648 252947 838030 517488 ,588197 673674 24885 956639 649254 233270 10648 252947 838030 517488 
915323 458947 681571 402350 17343 814106 831340 306705 702804 939612 ,915323 458947 681571 402350 17343 814106 831340 306705 702804 939612 
461523 87253 44966 133384 267484 52646 864649 462743 965782 725705 ,461523 87253 44966 133384 267484 52646 864649 462743 965782 725705 
563177 480823 347863 989688 969383 60106 777991 61274 221737 17343 ,563177 480823 347863 989688 969383 60106 777991 61274 221737 17343 
102435 466575 439476 76582 651731 257935 903960 796790 997104 802066 ,102435 466575 439476 76582 651731 257935 903960 796790 997104 802066 
323223 878590 52258 168820 485283 306667 490412 55994 201428 868733 ,323223 878590 52258 168820 485283 306667 490412 55994 201428 868733 
950945 120552 725629 882271 394735 758856 835075 757336 930210 109306 ,950945 120552 725629 882271 394735 758856 835075 757336 930210 781022 
224279 905527 62395 483424 645396 924583 522518 35363 968535 79201 ,224279 905527 62395 483424 645396 924583 522518 35363 968535 79201 
566281 959881 616761 870944 647144 446349 601256 380383 855046 246670 ,566281 959881 616761 870944 647144 446349 601256 380383 855046 246670 
82531 933935 750382 487975 122506 786185 841417 43522 936384 76388 ,82531 933935 750382 487975 122506 786185 841417 43522 936384 76388 
924583 367457 971682 265485 890374 85718 594486 60525 618860 795104 ,924583 367457 971682 265485 890374 85718 594486 60525 618860 795104 
446349 536308 870944 911375 893458 566281 151279 380383 264878 470139 ,446349 536308 870944 911375 893458 566281 151279 380383 264878 470139 
740327 825373 246898 527068 637973 372793 82980 282051 521786 536293 ,740327 825373 246898 527068 637973 372793 82980 282051 521786 536293 
935585 541841 880304 210866 962846 441825 21937 843475 2943 937768 ,935585 541841 880304 210866 962846 441825 21937 843475 2943 937768 
484708 251705 637329 424150 727187 263983 853720 477248 103325 754669 ,484708 251705 637329 424150 727187 263983 853720 477248 103325 754669 
505492 460883 709592 403877 57576 364515 634427 820180 317613 686978 ,505492 460883 709592 403877 57576 364515 634427 820180 317613 686978 
776936 888445 983435 571133 540077 375156 672614 881030 238331 670710 ,776936 888445 983435 571133 540077 375156 672614 881030 238331 670710 
520392 509260 279646 308220 251705 160871 917518 278242 519246 489256 ,520392 509260 279646 308220 251705 160871 917518 278242 519246 489256 
160953 928449 273713 238331 375156 540077 364515 831998 672614 793965 ,160953 928449 273713 238331 375156 540077 364515 831998 672614 793965 
66362 122031 441825 550972 733085 13793 964501 832163 554687 416085 ,66362 122031 441825 550972 733085 13793 964501 832163 554687 416085 
309283 147441 935585 793965 865701 67195 204040 79912 962846 273713 ,309283 147441 935585 793965 865701 67195 204040 79912 962846 273713 
113827 678735 105002 724626 430537 525134 385045 694737 178035 404231 ,113827 678735 105002 724626 430537 525134 385045 178035 404231 397580 
521394 373586 447384 831309 715269 864208 543860 963279 214183 699467 ,521394 373586 447384 831309 715269 864208 543860 963279 214183 699467 
168189 380109 767233 720925 721948 500231 217511 535618 400704 454520 ,168189 380109 767233 720925 721948 500231 217511 535618 454520 407883 
855976 667687 599943 353662 763145 495844 943602 816157 962553 741867 ,855976 667687 599943 353662 763145 495844 943602 816157 962553 741867 
860753 962553 354847 219209 564042 482699 825495 272707 899580 692882 ,860753 962553 354847 219209 564042 482699 825495 272707 899580 692882 
491053 430975 735230 901498 684482 496105 20458 339320 391745 33558 ,491053 430975 735230 901498 684482 496105 20458 339320 391745 33558 
739593 553 414442 744929 169717 505035 713687 274263 155065 668801 ,739593 553 414442 744929 169717 505035 713687 274263 155065 668801 
800805 569622 946633 454104 943983 760360 536369 4089 970699 423632 ,800805 569622 946633 454104 943983 760360 536369 4089 970699 423632 
848753 630334 985261 200833 272707 482699 193368 619065 711986 929117 ,848753 630334 985261 200833 272707 482699 193368 619065 711986 929117 
985625 320081 344300 582217 291441 582189 136446 321259 854322 741867 ,985625 320081 344300 582217 291441 582189 136446 321259 854322 741867 
407883 965966 512964 400704 56 76617 287773 380109 226312 927534 ,407883 965966 512964 400704 56 76617 287773 380109 226312 927534 
775207 632453 63490 969466 482239 675879 53225 354847 63292 908596 ,775207 632453 63490 969466 482239 675879 53225 354847 63292 908596 
264378 337018 502444 261745 261646 666267 668801 44681 448604 114768 ,264378 337018 502444 261745 261646 666267 668801 44681 448604 114768 
786632 786593 10896 954488 130116 963279 281559 599728 949143 799680 ,786632 786593 10896 954488 130116 963279 281559 599728 949143 799680 
270985 888515 226921 62977 3868 318505 876461 386962 61364 741054 ,270985 888515 226921 62977 3868 318505 876461 386962 61364 741054 
352117 250299 209549 230035 730991 171487 420973 839052 684094 790573 ,352117 250299 209549 230035 730991 171487 420973 839052 684094 790573 
967996 1424 448482 261546 754162 891004 372341 877913 482949 426453 ,967996 1424 448482 261546 754162 891004 372341 877913 482949 426453 
411190 637059 50637 38664 872365 251901 768247 450518 659900 130925 ,411190 637059 50637 38664 872365 251901 768247 450518 659900 130925 
953159 82686 428778 430953 601714 524681 967996 293276 158471 666419 ,953159 82686 428778 430953 601714 524681 967996 293276 158471 666419 
25432 750396 673520 812608 896770 662799 21295 549991 845187 120567 ,25432 750396 673520 812608 896770 662799 21295 549991 845187 628637 
913230 130925 720600 380811 401607 277843 665114 82160 313976 935362 ,913230 130925 720600 380811 401607 277843 665114 82160 313976 935362 
296863 350981 816056 792248 524681 448482 540813 889117 252067 666419 ,296863 350981 816056 792248 524681 448482 540813 889117 252067 666419 
16822 834638 324349 932595 27113 106929 744946 65071 806991 353041 ,16822 834638 324349 932595 27113 106929 744946 65071 806991 353041 
379300 531221 932182 71963 101359 435370 598305 602008 719900 966794 ,379300 531221 932182 71963 101359 435370 598305 602008 719900 966794 
721925 808820 471127 712313 876937 244839 887567 545273 673825 231561 ,721925 471127 712313 876937 244839 887567 545273 673825 231561 573680 
508466 2650 883226 781939 522798 862369 206772 506284 231561 203192 ,508466 2650 883226 781939 522798 862369 206772 506284 231561 203192 
836237 313292 812429 598321 197088 772352 520597 179607 677702 322598 ,836237 313292 812429 598321 197088 772352 520597 179607 677702 322598 
858376 808820 662799 914596 781939 222276 829741 842385 205118 667856 ,858376 808820 662799 914596 781939 222276 829741 842385 205118 667856 
102184 768247 872365 38664 421365 637059 439710 130925 251901 380996 ,102184 768247 872365 38664 421365 637059 439710 130925 251901 380996 
256679 825891 982906 834130 239171 906364 4343 710705 854275 921441 ,256679 825891 982906 834130 239171 906364 4343 710705 854275 921441 
763692 369192 20775 127700 177621 33112 932182 525608 666419 79112 ,763692 369192 20775 127700 177621 33112 932182 525608 666419 79112 
665114 328413 638707 82160 639559 79112 731164 266066 369192 322360 ,665114 328413 638707 82160 639559 79112 731164 266066 369192 322360 
617704 852969 296536 368587 839888 80842 613470 810945 371677 763692 ,617704 852969 296536 368587 839888 80842 613470 810945 371677 146774 
2866 923465 512625 54260 342843 748758 314264 826598 804976 540381 ,2866 923465 512625 54260 748758 314264 826598 804976 540381 368809 
380238 365815 530631 290967 963450 664387 137611 367531 506200 419098 ,380238 365815 530631 290967 963450 664387 137611 367531 506200 419098 
79742 14356 420013 589707 151215 392761 454928 520862 183307 142395 ,79742 14356 420013 589707 151215 392761 454928 520862 183307 142395 
141920 911389 842786 724598 422849 927265 844254 808580 380238 349734 ,141920 911389 842786 724598 422849 927265 844254 808580 380238 349734 
831917 65463 197089 415295 923300 104578 135215 645669 979349 503760 ,831917 65463 197089 415295 923300 104578 135215 645669 979349 503760 
982650 459711 95869 429456 41514 296331 516506 10470 156435 497331 ,982650 459711 95869 429456 41514 296331 516506 10470 156435 497331 
148132 124200 70613 233071 398836 149337 790449 142395 279053 319196 ,148132 124200 70613 233071 398836 149337 790449 142395 279053 319196 
648050 197089 923300 831917 645669 409640 547048 104578 443870 265935 ,648050 197089 923300 831917 645669 409640 547048 104578 443870 415295 
238474 262761 511954 804313 720800 599297 306002 430374 293840 258439 ,238474 262761 511954 804313 720800 599297 306002 430374 293840 258439 
308951 258112 777983 44736 658468 691346 14356 525097 334477 69203 ,308951 258112 777983 44736 658468 14356 525097 334477 69203 722296 
172138 248787 613901 459711 227326 322401 95869 156435 292278 704261 ,172138 248787 613901 459711 227326 322401 95869 156435 292278 704261 
72509 80460 245877 466644 65798 104603 452806 781160 468408 491754 ,72509 80460 245877 466644 65798 104603 452806 781160 468408 491754 
161461 92798 458891 266733 788290 206003 358658 409739 188753 283137 ,161461 92798 458891 266733 788290 206003 358658 409739 188753 283137 
842989 513457 495330 818594 811674 804762 541463 819269 679444 371055 ,842989 513457 495330 818594 804762 541463 819269 679444 371055 55397 
310699 2917 231693 953113 584701 215389 31226 720192 744900 389951 ,310699 2917 231693 953113 584701 215389 31226 744900 389951 804814 
223118 523939 760949 128362 658575 866431 983186 679843 846334 277611 ,223118 523939 760949 128362 658575 866431 983186 679843 846334 277611 
114904 296081 434772 79926 367725 765802 329349 995122 514461 97326 ,114904 296081 434772 79926 367725 765802 329349 995122 514461 97326 
428997 891418 352431 490703 347282 555752 136994 801308 215938 202438 ,428997 891418 352431 490703 347282 555752 136994 801308 215938 202438 
961645 877560 514097 381555 180755 443391 876544 411289 372358 974967 ,961645 877560 514097 381555 180755 443391 876544 411289 372358 974967 
207060 801920 404960 610851 705509 543082 656996 829723 843140 2627 ,207060 801920 404960 610851 705509 543082 656996 829723 843140 2627 
298726 255528 113930 488393 188832 100835 546810 492691 389829 525905 ,298726 255528 113930 488393 188832 100835 546810 492691 389829 525905 
113930 744761 96326 255528 232998 535423 292030 850564 202973 941774 ,113930 744761 96326 255528 232998 535423 850564 202973 941774 634788 
611956 567418 728534 954200 290324 458656 248200 257995 503753 482714 ,611956 567418 728534 954200 290324 458656 248200 257995 503753 482714 
772039 453720 494066 903169 747879 456487 887751 15177 282844 284223 ,772039 453720 494066 903169 747879 456487 887751 15177 282844 284223 
2627 40820 404960 951593 132119 207060 829723 511000 795821 543082 ,2627 40820 404960 951593 132119 207060 829723 511000 795821 543082 
801920 128377 610851 314660 314159 286567 180308 705509 807287 404960 ,801920 128377 610851 314660 314159 286567 180308 705509 807287 404960 
237969 520961 795672 284583 730742 902820 76131 890314 667275 799586 ,237969 520961 795672 284583 730742 902820 76131 890314 667275 799586 
633429 222055 916756 287726 551407 143719 751511 134932 395396 197159 ,633429 222055 916756 287726 551407 143719 751511 134932 395396 197159 
44760 531441 172459 487811 272980 34751 750614 529969 987352 966891 ,44760 531441 172459 487811 272980 34751 750614 529969 987352 966891 
628184 226224 989417 168915 976200 347771 594319 658000 631188 208739 ,628184 226224 989417 168915 976200 347771 594319 658000 631188 208739 
534890 756353 144664 47069 61315 30297 815074 953302 189185 347161 ,534890 756353 144664 47069 61315 30297 815074 953302 189185 347161 
723222 827159 429612 82233 281462 251835 340776 967754 859839 326683 ,723222 827159 429612 82233 281462 251835 340776 967754 859839 326683 
723321 280783 23814 227630 732463 515404 352362 429868 340776 431715 ,723321 280783 23814 227630 732463 515404 352362 429868 340776 431715 
403321 775879 670500 691646 994002 586704 613806 917090 226224 220921 ,403321 775879 670500 691646 994002 586704 613806 917090 226224 220921 
469899 522661 949099 500792 429612 246628 113889 790315 823745 414589 ,469899 522661 949099 500792 429612 246628 113889 790315 823745 414589 
667006 414881 991049 600905 604764 144776 975310 854783 323440 557426 ,667006 414881 991049 600905 604764 144776 975310 854783 323440 557426 
416345 886807 108815 128420 670579 562857 543628 746206 389656 699316 ,416345 886807 108815 128420 670579 562857 543628 746206 389656 699316 
427858 194889 322650 668836 118368 345440 532580 256936 705209 724058 ,427858 194889 322650 668836 118368 345440 532580 256936 705209 724058 
744964 987158 483000 623107 880656 868950 271354 913464 646353 834810 ,744964 987158 483000 623107 880656 868950 271354 913464 646353 273574 
237404 400331 640683 77996 901748 328439 370711 874362 608455 316392 ,237404 400331 640683 77996 901748 328439 370711 874362 608455 316392 
300842 992147 556559 982086 776578 899527 699681 824525 445121 286294 ,300842 992147 556559 982086 776578 899527 699681 824525 445121 286294 
658763 65364 150978 416345 857844 998004 614859 210697 870072 432795 ,658763 65364 150978 416345 998004 614859 210697 870072 432795 496662 
62389 218475 271354 743788 588122 987013 915648 190996 77319 310717 ,62389 218475 271354 743788 588122 987013 915648 190996 77319 310717 
834649 724010 338465 511038 813553 326741 638487 816240 983331 348707 ,834649 724010 338465 511038 813553 326741 638487 816240 983331 348707 
687105 338084 363479 969658 676249 47090 416255 249259 332006 925076 ,687105 338084 363479 969658 676249 47090 416255 249259 332006 925076 
247353 949834 559843 201569 128940 355238 630812 805482 525181 421944 ,247353 949834 559843 201569 128940 355238 630812 805482 525181 421944 
263714 971058 77155 902882 169657 395429 199787 117585 327963 516523 ,263714 971058 77155 902882 169657 395429 199787 117585 327963 516523 
587711 784188 310461 116182 109168 990441 301184 701781 961017 998004 ,587711 784188 310461 116182 109168 990441 301184 961017 998004 204414 
396899 389589 705827 426863 127603 770533 16824 62325 418008 92028 ,396899 389589 705827 426863 127603 770533 16824 62325 418008 92028 
938971 791765 224591 850211 366921 152676 402381 483506 694760 30934 ,938971 791765 224591 850211 366921 152676 402381 483506 694760 30934 
623677 159789 747677 288351 948235 401674 974717 796584 161324 60712 ,623677 159789 747677 288351 948235 401674 974717 796584 161324 60712 
770379 191129 423702 475724 610669 681096 188646 689199 702757 839389 ,770379 191129 423702 475724 610669 681096 188646 689199 702757 839389 
747002 15643 356932 628126 883255 991513 296626 913832 485229 550944 ,747002 15643 356932 628126 883255 991513 296626 913832 485229 550944 
750630 349282 758616 670346 530830 359978 756918 223676 659939 874499 ,750630 349282 758616 670346 530830 359978 756918 223676 659939 874499 
322294 681096 610669 634836 84231 654545 770379 52495 56796 383754 ,322294 681096 610669 634836 84231 654545 770379 52495 56796 383754 
202709 928486 117099 670605 148048 414601 603460 712829 680995 244635 ,202709 928486 117099 670605 148048 414601 603460 712829 680995 244635 
844722 859586 880242 621558 503134 254915 266912 114961 997522 900266 ,844722 859586 880242 621558 503134 254915 266912 114961 997522 900266 
251515 69008 617211 809116 52495 449603 322294 301855 357373 420636 ,251515 69008 617211 809116 52495 449603 322294 301855 357373 420636 
432648 340994 301855 394177 170077 251515 436847 474066 95054 918437 ,432648 340994 301855 394177 170077 251515 436847 474066 95054 918437 
20868 559806 765394 880242 808817 889405 14538 997522 995861 194626 ,20868 559806 765394 880242 808817 889405 14538 997522 995861 194626 
282005 293434 386135 194728 793397 86286 937019 137789 936909 748671 ,282005 293434 386135 194728 793397 86286 937019 137789 936909 748671 
983025 431635 955150 405980 118803 226324 838918 725807 333068 304555 ,983025 431635 955150 405980 118803 226324 838918 725807 333068 304555 
450096 21423 839895 450483 868104 264554 896325 421436 63961 219527 ,450096 21423 839895 450483 868104 264554 896325 421436 63961 219527 
352207 79998 569767 308739 736614 430718 989668 194339 589501 635266 ,352207 79998 569767 308739 736614 430718 989668 194339 589501 635266 
831985 536059 28280 911555 823962 650346 762178 253182 194339 467202 ,831985 536059 28280 911555 823962 650346 762178 253182 194339 467202 
827617 570508 838918 997404 976323 329358 745486 983025 835524 776018 ,827617 570508 838918 997404 976323 329358 745486 983025 835524 776018 
786035 835524 827617 976323 559674 882412 219096 434076 5506 737873 ,786035 835524 827617 976323 559674 882412 219096 434076 5506 737873 
94529 807198 452901 176668 90297 724603 748671 599154 777825 524852 ,94529 807198 452901 176668 90297 724603 748671 599154 777825 524852 
598394 185576 827046 482233 881462 972091 100485 327150 907114 36218 ,598394 185576 827046 482233 881462 972091 100485 327150 907114 36218 
304555 861069 765770 97645 784383 394567 725807 501887 13934 405980 ,304555 861069 765770 97645 784383 394567 725807 501887 13934 405980 
837421 553038 986495 899510 811055 802082 762822 907114 929421 721772 ,837421 553038 986495 899510 811055 802082 762822 907114 929421 721772 
881228 703472 487857 279721 739408 929563 648489 923857 398514 594418 ,881228 703472 487857 279721 739408 929563 648489 923857 398514 594418 
667248 536244 791228 670476 681133 899430 947483 61347 666985 681775 ,667248 536244 791228 670476 681133 899430 947483 61347 666985 681775 
415428 231140 278878 714213 322854 389768 292655 730974 188939 634694 ,415428 231140 278878 714213 322854 389768 292655 730974 188939 634694 
638816 331874 613747 233178 658898 745332 756200 992420 775608 757990 ,638816 331874 613747 233178 658898 745332 756200 992420 775608 757990 
16747 421987 516240 825483 716530 719408 262632 713548 101580 292655 ,16747 421987 516240 825483 716530 719408 262632 713548 101580 292655 
295464 31210 302849 279119 979248 257386 60323 342301 448180 148511 ,295464 31210 302849 279119 979248 257386 60323 342301 448180 148511 
889041 878617 239525 266143 560691 965902 859719 398514 594418 670402 ,889041 878617 239525 266143 560691 965902 859719 398514 594418 670402 
447437 992235 814460 44032 666994 994838 890157 541278 109951 847307 ,447437 992235 814460 44032 666994 994838 890157 541278 109951 847307 
458545 530956 618568 603734 866452 902049 989340 188711 736838 305022 ,458545 530956 618568 603734 866452 902049 989340 188711 736838 305022 
719191 380730 457466 995533 518832 403270 342301 68335 748335 986952 ,719191 380730 457466 995533 518832 403270 342301 68335 748335 986952 
885901 222556 869718 846105 868680 867925 351977 243055 657697 847853 ,885901 222556 869718 846105 868680 867925 351977 243055 657697 847853 
747759 892815 43561 417650 756348 673171 662513 838180 439862 513998 ,747759 892815 43561 417650 756348 673171 662513 838180 439862 513998 
148221 277165 334053 978136 168374 648489 59132 632057 111018 108426 ,148221 277165 334053 978136 168374 648489 59132 632057 111018 108426 
32618 947483 918132 847123 860325 706097 61347 670476 320406 681133 ,32618 947483 847123 860325 706097 61347 670476 320406 681133 177969 
487857 697855 751626 174348 356070 665479 595541 500656 869718 108426 ,487857 697855 751626 174348 356070 665479 595541 500656 869718 950667 
894719 33991 33861 892733 322238 311950 943960 323806 506130 551755 ,894719 33991 33861 892733 322238 311950 943960 323806 506130 551755 
831347 544265 178729 424057 140860 330271 869935 673816 397895 998519 ,831347 544265 178729 424057 140860 330271 869935 673816 397895 998519 
221541 816492 675863 415489 777810 966271 906580 452195 607682 572858 ,221541 816492 675863 415489 777810 966271 906580 452195 607682 572858 
354741 998519 866715 140860 430557 743258 397895 517086 270051 827826 ,354741 998519 866715 140860 430557 743258 397895 517086 270051 827826 
264181 860940 284995 575008 170185 609883 957689 511201 724380 943836 ,264181 860940 284995 575008 170185 609883 957689 511201 724380 943836 
19837 535521 572086 586308 801951 772106 456989 308057 965969 935694 ,19837 535521 572086 586308 801951 772106 456989 308057 965969 935694 
578739 577270 569873 658281 809143 693800 30483 506130 223464 88315 ,578739 577270 569873 658281 809143 693800 30483 506130 223464 88315 
865000 425086 489773 699816 739174 772946 127911 436577 156388 538423 ,865000 425086 489773 699816 739174 772946 436577 156388 538423 899922 
967913 853108 348456 724196 565158 647780 142838 506493 119528 748831 ,967913 348456 724196 565158 647780 142838 506493 119528 748831 883011 
663208 98572 566289 160627 126260 30094 955711 68236 780243 459053 ,663208 98572 566289 160627 126260 30094 955711 68236 780243 459053 
564749 525480 642705 537615 501738 698987 521351 760738 950517 38956 ,564749 525480 642705 537615 501738 698987 521351 760738 950517 38956 
562873 326223 36495 384221 518081 635893 321665 4345 248867 804407 ,562873 326223 36495 384221 518081 635893 321665 4345 248867 804407 
152783 54057 526598 535898 95358 51704 109791 916201 531933 767417 ,152783 54057 526598 535898 95358 51704 109791 916201 531933 767417 
733651 781195 82890 901237 962499 211960 638107 470196 475817 386538 ,733651 781195 82890 901237 962499 211960 638107 470196 475817 386538 
330991 108211 196389 780243 840478 809247 636191 928898 688606 569535 ,330991 108211 196389 780243 840478 809247 636191 928898 688606 569535 
433023 307438 167559 432811 176284 702614 24699 531933 54057 178839 ,433023 307438 167559 432811 176284 702614 24699 531933 54057 178839 
241997 404670 390391 361448 421555 179421 675964 699044 770452 86850 ,241997 404670 390391 361448 421555 179421 675964 699044 770452 86850 
690709 106666 299250 248192 202787 380564 412303 407514 12622 458413 ,690709 106666 299250 248192 202787 380564 412303 407514 12622 458413 
770452 553039 535035 640543 995093 424555 824023 674722 404670 883229 ,770452 553039 535035 640543 995093 424555 824023 674722 404670 883229 
744531 202787 678946 736304 690709 76099 655037 12063 814246 90166 ,744531 202787 678946 736304 690709 76099 655037 12063 814246 256631 
302027 450701 548143 549544 90166 97044 100889 438951 100275 512113 ,302027 450701 548143 549544 90166 97044 100889 438951 100275 512113 
766195 511704 417351 772274 767315 756633 758415 992170 684729 181509 ,766195 511704 417351 772274 767315 756633 758415 992170 684729 181509 
374350 236184 659081 814064 812225 412061 532961 358284 526287 660831 ,374350 236184 659081 814064 812225 412061 532961 358284 526287 660831 
40334 390391 675964 525083 699044 514933 92299 341516 653113 90166 ,40334 390391 675964 525083 699044 514933 92299 341516 653113 90166 
812225 840687 974313 906641 526287 201109 412061 481689 232225 814064 ,812225 840687 974313 906641 526287 201109 412061 481689 232225 814064 
268837 542276 412061 929410 814064 543182 260440 967847 481689 101032 ,268837 542276 412061 929410 814064 543182 260440 967847 481689 101032 
528279 756633 812936 394799 863868 851638 968363 395597 397139 373681 ,528279 756633 812936 394799 863868 851638 968363 395597 397139 373681 
299250 368486 937105 202787 939491 94360 248192 412303 744531 690709 ,299250 368486 937105 202787 939491 94360 248192 412303 744531 690709 
514933 663162 106666 113012 421555 343452 290982 98702 208298 525511 ,514933 663162 106666 113012 421555 343452 290982 98702 208298 525511 
306658 341516 352244 371379 390391 421555 862882 524528 20857 306259 ,306658 341516 352244 371379 390391 421555 862882 524528 20857 306259 
710053 610984 772134 28913 814640 30232 675964 653113 341516 547029 ,710053 610984 772134 28913 814640 30232 675964 653113 341516 547029 
98702 323510 458413 372099 113178 108592 40334 685784 784795 699044 ,98702 323510 458413 372099 113178 108592 40334 685784 699044 690709 
894074 413979 496837 429319 689914 503545 246579 202360 367145 453139 ,413979 496837 429319 503545 246579 202360 367145 453139 361819 434616 
822878 78516 627963 989154 102160 522130 317508 344817 996951 376661 ,822878 78516 627963 989154 102160 522130 317508 344817 996951 376661 
707287 536145 599048 521943 543817 124065 426223 273971 782768 794851 ,707287 536145 599048 521943 543817 124065 426223 273971 782768 794851 
479705 862221 37122 308668 801341 936803 831324 189843 394309 518231 ,479705 862221 37122 308668 801341 936803 831324 189843 394309 518231 
581815 841748 154355 900623 961091 251812 250955 705999 159483 804516 ,581815 841748 154355 900623 961091 251812 250955 705999 159483 804516 
581815 543817 275700 344272 657549 986030 33524 705999 159483 578046 ,581815 543817 275700 344272 657549 986030 33524 705999 159483 578046 
760150 101253 876660 855874 502520 328623 724841 248654 940393 751151 ,760150 101253 876660 855874 502520 328623 724841 248654 940393 751151 
716420 944222 609230 700890 529785 82939 603603 719023 855045 520337 ,716420 944222 609230 700890 529785 82939 603603 719023 855045 520337 
11275 901992 741858 16688 471578 830793 516631 529379 369834 473019 ,11275 901992 741858 16688 471578 830793 516631 529379 369834 218985 
189808 9511 228961 818374 504891 524235 651278 678775 825834 272044 ,189808 9511 228961 818374 504891 524235 651278 678775 825834 272044 
892539 675294 288923 197778 412249 56769 471364 877555 876914 321311 ,892539 675294 288923 197778 412249 56769 471364 877555 876914 321311 
554739 512864 660777 309251 260548 653377 363500 170327 518739 802692 ,554739 512864 660777 309251 260548 653377 363500 170327 518739 802692 
843812 838325 666962 864152 958176 778779 901482 109206 877555 1685 ,843812 838325 666962 864152 958176 778779 901482 109206 877555 1685 
82139 183983 234652 919194 885973 592117 266757 893933 589648 527704 ,82139 183983 234652 919194 885973 592117 266757 893933 589648 527704 
697654 932966 866227 854336 824644 875922 736710 961518 266757 411226 ,697654 932966 866227 854336 824644 875922 736710 961518 266757 411226 
394538 206199 58958 10506 595346 879763 264477 374433 242075 601166 ,394538 206199 58958 10506 595346 879763 264477 374433 242075 601166 
846752 295771 407756 529379 643755 913552 186373 601464 666915 654918 ,846752 295771 407756 529379 643755 913552 186373 601464 666915 654918 
813458 929888 16688 941433 383782 384147 518398 93294 371570 722562 ,813458 929888 16688 941433 383782 384147 518398 93294 371570 722562 
596957 592174 125311 569892 517349 505233 789621 498189 88991 514026 ,592174 125311 569892 517349 505233 498189 88991 514026 183460 679054 
753924 142530 282637 257424 125311 564576 97743 144883 300880 629095 ,753924 142530 282637 257424 125311 144883 300880 629095 594229 467690 
664108 607318 596230 30595 753149 176788 826626 868478 110583 249316 ,664108 607318 596230 30595 753149 826626 868478 110583 249316 339179 
313595 244228 93968 345573 626551 142689 374632 961572 49294 824284 ,313595 244228 93968 345573 626551 142689 374632 961572 49294 824284 
941623 756688 367874 941780 325928 78555 581505 175907 59128 538246 ,941623 756688 367874 941780 325928 78555 581505 175907 59128 538246 
345573 374632 243095 7404 565872 244228 243602 930634 996771 824920 ,345573 374632 243095 7404 565872 244228 243602 930634 996771 647095 
599083 564576 772730 585940 742197 519912 713794 44136 79753 904123 ,599083 564576 772730 585940 742197 519912 713794 44136 79753 904123 
968917 106016 29414 522986 196597 322857 785884 198032 138300 699861 ,968917 106016 29414 522986 196597 322857 785884 198032 138300 699861 
93968 594635 564079 549184 769092 619108 832776 858683 675274 950194 ,93968 594635 564079 549184 769092 619108 832776 858683 675274 950194 
486912 72702 929821 842427 272469 690760 678424 744965 868105 858683 ,486912 72702 929821 842427 272469 690760 678424 744965 868105 858683 
827693 43238 183460 637256 957427 48393 820703 410115 421230 218212 ,827693 43238 183460 637256 957427 48393 820703 410115 421230 218212 
970175 531980 432113 88717 305278 422755 24063 422676 919181 658301 ,970175 531980 432113 88717 305278 422755 24063 422676 919181 658301 
59128 678861 769092 930113 52500 858683 158943 379830 893018 640608 ,59128 678861 769092 930113 52500 858683 158943 379830 893018 640608 
4547 500320 30075 431630 818128 235055 68721 95003 323246 112132 ,4547 500320 30075 431630 818128 235055 68721 95003 323246 112132 
351022 616943 420912 586942 71264 431188 151477 174662 145322 180441 ,351022 616943 420912 586942 71264 431188 151477 174662 145322 180441 
222791 977983 733419 670426 149325 561832 713849 504245 216337 603848 ,222791 977983 733419 670426 149325 561832 713849 504245 216337 603848 
838023 83652 820590 8069 377743 236528 52955 836568 875782 871266 ,838023 83652 820590 8069 377743 236528 52955 836568 875782 871266 
917387 634668 958014 979842 308648 633154 673869 16595 713849 308927 ,917387 634668 958014 979842 308648 633154 673869 16595 713849 308927 
354506 208780 378332 934580 219374 894604 861302 868857 678841 157598 ,354506 208780 378332 934580 219374 894604 861302 868857 678841 157598 
397157 690623 528024 168284 334912 331868 420735 568591 768499 934272 ,397157 690623 528024 168284 334912 331868 420735 568591 934272 387374 
512401 985328 500320 804153 431188 818128 524476 371720 662511 235055 ,512401 985328 500320 804153 431188 818128 524476 371720 662511 235055 
135761 83130 841978 404092 169318 788348 749694 23272 534730 297535 ,135761 83130 841978 404092 169318 788348 749694 23272 534730 297535 
643090 792698 263123 902567 972792 791724 759655 27085 939081 757638 ,643090 792698 263123 902567 972792 791724 759655 27085 939081 757638 
58052 560960 666524 15073 554366 576641 443357 628401 198273 562910 ,58052 560960 666524 15073 554366 576641 443357 628401 198273 562910 
204661 409514 616967 209830 181718 665172 682022 3758 352630 55220 ,204661 409514 616967 209830 181718 665172 682022 3758 352630 55220 
572292 172561 362931 116301 706194 464778 396164 658588 816269 202526 ,572292 172561 362931 116301 706194 464778 396164 658588 816269 174340 
497522 254502 42551 834735 485079 626508 246856 489813 149156 840957 ,497522 254502 42551 834735 485079 626508 246856 489813 149156 840957 
445867 447337 41776 648711 215761 126257 451401 190577 834294 978157 ,445867 447337 41776 648711 215761 126257 451401 190577 834294 978157 
85161 546388 541046 124728 700362 253626 714073 161944 78656 755126 ,85161 546388 541046 124728 700362 253626 714073 161944 78656 755126 
667537 209830 395058 604737 352630 896600 425608 666948 451401 873755 ,667537 209830 395058 604737 352630 896600 425608 666948 451401 873755 
990437 191086 147152 992709 548159 554366 931691 825116 987376 800967 ,990437 191086 147152 992709 548159 554366 931691 825116 987376 800967 
955384 522148 763687 390463 931602 913130 472273 947088 723889 49973 ,955384 522148 763687 390463 931602 913130 472273 947088 723889 49973 
321608 323723 955202 91747 430281 663596 59093 677289 772246 412223 ,321608 323723 955202 91747 430281 663596 59093 677289 772246 412223 
839793 413580 432586 915712 704254 180380 202564 259554 868596 871971 ,839793 413580 432586 704254 180380 202564 259554 868596 871971 704764 
523691 704254 871971 522697 58606 413580 202564 406586 618198 226054 ,523691 704254 871971 522697 58606 413580 202564 406586 618198 226054 
722422 967597 102852 909765 863630 520528 537146 382778 467704 86803 ,722422 967597 102852 909765 863630 520528 537146 382778 467704 86803 
317067 373835 901628 343336 651500 461729 610989 297953 683892 418069 ,317067 373835 901628 343336 651500 461729 610989 297953 683892 418069 
453474 764170 39032 890843 82610 961546 753919 488789 38044 846615 ,453474 764170 39032 890843 82610 961546 753919 488789 38044 846615 
454325 994126 785321 659278 83070 195107 411799 246466 515780 276753 ,454325 994126 785321 659278 83070 195107 411799 246466 515780 276753 
726462 618634 390463 871971 522697 76570 889914 242410 96055 874446 ,726462 618634 390463 871971 522697 76570 889914 242410 96055 874446 
158896 428721 905055 716614 825216 955202 296323 684328 680056 475559 ,158896 428721 905055 716614 825216 955202 296323 684328 271978 566492 
606428 413580 871971 522697 913130 732767 704764 219225 390463 851904 ,606428 413580 871971 522697 913130 732767 704764 219225 390463 851904 
482213 66078 904930 91176 35066 395147 405919 868596 403309 760884 ,482213 66078 904930 91176 35066 395147 405919 868596 403309 760884 
684499 989695 212496 583679 547737 307479 110368 67163 427850 823574 ,684499 989695 212496 583679 547737 307479 110368 67163 823574 679257 
413073 215392 884146 997170 846430 915732 846549 596452 877051 238273 ,413073 215392 884146 997170 846430 915732 846549 596452 877051 238273 
997170 859303 747647 846430 484867 417137 915817 61868 915732 78392 ,997170 859303 747647 846430 484867 417137 915817 61868 915732 78392 
312301 268163 697585 285512 595575 633005 995228 14165 551571 942201 ,312301 268163 697585 285512 595575 633005 995228 14165 551571 942201 
82149 732224 96247 368411 925955 285090 68985 220942 664168 114063 ,82149 732224 96247 368411 925955 285090 68985 220942 664168 114063 
292134 531415 232665 368411 722980 82149 569971 574136 472380 690991 ,292134 531415 232665 368411 722980 82149 569971 574136 472380 690991 
656812 82927 262533 164834 450366 522427 474366 863820 637810 6523 ,656812 82927 262533 164834 450366 522427 474366 863820 637810 6523 
381985 391291 406724 197723 314355 262515 107032 407227 693179 262394 ,381985 391291 406724 197723 314355 262515 107032 407227 693179 262394 
596881 679659 662564 267092 231889 278412 13869 999062 233728 330030 ,596881 679659 662564 267092 231889 278412 13869 999062 233728 330030 
95084 70619 899086 134215 229099 387353 896717 849358 739598 341741 ,95084 70619 899086 134215 229099 387353 896717 849358 739598 341741 
57592 387353 327621 869410 895625 269105 733955 66353 70619 896717 ,57592 387353 327621 869410 895625 269105 66353 70619 896717 73840 
701121 944796 904305 814499 379044 717966 641308 406724 341987 314355 ,701121 944796 904305 814499 379044 717966 641308 406724 341987 314355 
512213 631238 28308 638113 453192 734136 373175 422026 508033 603373 ,512213 631238 28308 638113 453192 734136 373175 508033 266728 278246 
952508 262533 289239 450366 474366 831682 164834 460926 6523 52705 ,952508 262533 289239 450366 474366 831682 164834 460926 6523 52705 
139523 836504 558919 263803 990809 298033 95247 30356 155821 360520 ,139523 836504 558919 263803 990809 298033 95247 30356 155821 360520 
11466 739598 726969 183964 905486 746815 181505 879817 589376 747996 ,11466 739598 726969 183964 905486 746815 181505 879817 589376 747996 
893406 869750 817107 863820 610336 502186 164834 959702 678910 618696 ,893406 869750 817107 863820 610336 502186 164834 959702 678910 618696 
847825 337939 723656 379073 472804 294232 762349 960072 695705 720662 ,847825 337939 723656 379073 472804 294232 762349 960072 695705 720662 
169679 117321 352434 623156 293341 550976 721019 597697 336084 37065 ,169679 117321 352434 623156 293341 550976 597697 336084 37065 810160 
278259 265308 986651 634650 640449 798952 393631 766055 786225 827069 ,278259 265308 986651 634650 640449 798952 393631 766055 786225 827069 
604762 678850 86488 151778 409853 503266 242638 344320 861716 179035 ,604762 678850 86488 151778 409853 503266 242638 344320 861716 179035 
534118 459321 367300 367649 728025 353508 2967 118283 357044 139225 ,534118 459321 367300 367649 728025 353508 2967 118283 357044 139225 
852963 653019 673135 846532 616127 897937 225126 720031 676385 222865 ,852963 653019 673135 846532 616127 897937 225126 720031 676385 222865 
406360 809659 203911 616127 66938 653019 795823 941858 698492 358562 ,406360 809659 203911 616127 66938 653019 795823 941858 698492 358562 
259004 269587 506170 28968 685130 278168 398532 72764 63801 67874 ,259004 269587 506170 28968 685130 278168 398532 72764 63801 67874 
685280 263862 365046 780841 235056 439404 611010 754604 521715 727215 ,685280 365046 780841 235056 439404 611010 754604 521715 727215 236985 
407485 311747 470144 515506 323242 986251 792496 963448 285396 20979 ,407485 311747 470144 515506 323242 986251 792496 963448 285396 20979 
180204 355030 698760 318520 53596 502009 532789 195807 712487 787883 ,180204 355030 698760 318520 53596 502009 532789 195807 712487 787883 
458686 5651 170554 889264 685464 742848 473922 214475 167539 699340 ,458686 5651 170554 889264 685464 742848 473922 214475 167539 699340 
414285 973482 742819 769986 281343 427763 816273 38253 474853 448201 ,414285 973482 742819 769986 281343 427763 816273 38253 474853 448201 
734715 34043 535348 398683 696045 636029 20979 189188 797224 989846 ,734715 34043 535348 398683 696045 636029 20979 189188 797224 989846 
412632 753104 617706 492721 905708 762505 291730 577652 464178 754203 ,412632 753104 617706 492721 905708 762505 291730 577652 464178 754203 
411892 190438 478255 721380 651714 569907 757071 758915 946119 990041 ,411892 190438 478255 721380 651714 569907 757071 758915 946119 990041 
539758 102215 253073 214349 885674 855711 370328 831225 406173 854790 ,539758 102215 253073 214349 885674 370328 831225 406173 854790 53211 
793892 664086 569395 606185 470967 431768 280397 13626 366793 279561 ,793892 664086 569395 606185 470967 431768 280397 13626 366793 279561 
815393 742228 141290 833519 390393 350129 429093 86092 749069 130980 ,815393 742228 141290 833519 390393 350129 429093 86092 749069 130980 
584680 118953 224341 964927 984066 929248 544655 586249 563522 138611 ,584680 118953 984066 929248 586249 563522 138611 325756 501428 282290 
812665 914563 715826 643320 257330 164183 699185 865913 762661 731078 ,812665 914563 715826 643320 257330 164183 699185 865913 762661 731078 
582617 475962 675281 613865 727765 669865 147701 197129 370730 641371 ,582617 475962 675281 613865 727765 669865 147701 197129 370730 641371 
398462 541054 727765 613865 475962 641371 375589 147701 582617 350303 ,398462 541054 727765 613865 475962 641371 375589 147701 582617 350303 
431645 843394 660966 806228 379566 683568 334548 560826 220735 960737 ,431645 843394 660966 806228 379566 683568 334548 560826 220735 960737 
224159 12419 438428 563388 62248 685048 949912 254031 894141 223305 ,224159 12419 438428 563388 62248 685048 949912 254031 894141 223305 
900596 479331 12419 655810 445844 563388 7675 887060 882766 254462 ,900596 479331 12419 655810 445844 563388 7675 887060 882766 254462 
429101 127110 415509 772353 290502 463221 632446 295458 99548 62675 ,429101 127110 415509 772353 290502 463221 632446 295458 99548 62675 
793892 31138 445200 431768 603790 366793 13626 470967 731078 979914 ,793892 31138 445200 431768 603790 366793 13626 470967 731078 979914 
964025 526604 187842 221458 139462 720495 805907 150428 273002 774927 ,964025 526604 187842 221458 139462 720495 805907 150428 273002 774927 
288180 160127 235444 881442 827490 440 426121 674747 704452 544808 ,288180 160127 235444 881442 827490 440 426121 674747 704452 544808 
121011 944511 65022 759703 693869 687138 15395 779911 10974 411211 ,121011 944511 65022 693869 687138 15395 779911 10974 411211 707701 
255363 13097 583736 563913 63093 518843 16419 226382 905443 594663 ,255363 13097 583736 563913 63093 518843 16419 226382 905443 594663 
715122 817694 929535 838067 408290 878527 68926 817363 222412 771988 ,715122 817694 929535 838067 408290 878527 68926 817363 222412 474296 
754863 440 402600 160127 672724 827490 881442 235444 884884 823957 ,754863 440 402600 160127 672724 827490 881442 235444 884884 823957 
15395 36858 944511 195319 779911 480999 863750 336903 37432 592977 ,15395 36858 944511 195319 779911 480999 863750 336903 37432 592977 
338491 929535 890928 469845 335612 349128 255052 702574 408290 754189 ,338491 929535 890928 469845 335612 349128 255052 702574 408290 754189 
915332 663316 942409 64931 767050 252394 163675 788414 813595 649372 ,915332 663316 942409 64931 767050 252394 163675 788414 813595 649372 
795134 465957 78045 529671 876138 904267 68452 677097 454168 428785 ,795134 465957 78045 529671 876138 904267 68452 677097 454168 428785 
492497 117680 325872 941710 846523 196936 909562 862309 156906 188641 ,492497 117680 325872 941710 196936 909562 862309 156906 188641 706689 
160476 649372 455995 764094 357976 394462 576127 163675 838067 859647 ,160476 649372 455995 764094 357976 394462 576127 163675 838067 859647 
562593 476109 201283 681490 144963 744360 71747 161954 704452 979227 ,562593 476109 201283 681490 144963 744360 71747 161954 704452 979227 
333434 951909 717760 551488 697380 719048 386608 186407 399906 416291 ,333434 951909 717760 551488 697380 719048 386608 186407 399906 416291 
678817 601433 924666 699249 907504 134640 245348 87211 840036 458880 ,678817 601433 924666 699249 907504 134640 245348 87211 458880 949060 
378822 378465 208768 939714 203044 846666 633139 260339 560712 245094 ,378465 208768 939714 203044 846666 633139 260339 560712 245094 873413 
241796 122021 282309 282043 972937 140051 106181 694953 23798 94441 ,241796 122021 282309 282043 972937 140051 106181 23798 94441 303549 
567457 191130 661816 623336 217902 881389 312157 284369 761371 768139 ,567457 191130 661816 623336 217902 881389 312157 284369 761371 768139 
847855 374560 795272 268631 702205 404806 42885 28025 772690 775554 ,847855 374560 795272 268631 702205 404806 42885 28025 772690 775554 
282309 192759 65601 550756 540749 241796 431032 658749 53760 220941 ,282309 192759 65601 550756 540749 241796 431032 53760 220941 928365 
617958 870469 774655 855562 110166 852961 11344 771978 987700 676540 ,617958 870469 774655 855562 110166 852961 11344 771978 987700 676540 
172206 658133 916234 432348 254243 241796 104836 567760 94441 540749 ,172206 658133 916234 432348 254243 241796 104836 567760 540749 814032 
608597 911372 767971 915014 995735 320685 70716 478159 467447 210740 ,608597 911372 767971 915014 995735 320685 70716 478159 467447 210740 
192685 192473 416445 859301 995609 533227 929125 754302 749502 987700 ,192685 192473 416445 859301 995609 533227 929125 754302 749502 987700 
206301 721441 976064 298221 416291 588741 303764 35487 924752 583100 ,206301 721441 976064 298221 416291 588741 303764 35487 924752 583100 
982663 175106 525680 495281 514227 151148 140771 292018 787837 335702 ,982663 175106 525680 495281 514227 151148 140771 292018 787837 335702 
913010 576147 218866 848016 573508 687591 334937 198164 790293 587701 ,913010 576147 218866 848016 573508 687591 334937 198164 790293 587701 
687252 754178 23545 292018 982663 283100 841624 799104 525680 987790 ,687252 754178 23545 292018 982663 283100 841624 799104 525680 987790 
757412 389728 287163 561378 156606 645565 972430 604073 657702 94613 ,757412 389728 287163 561378 156606 645565 972430 604073 657702 94613 
530622 598279 749170 539606 737135 23319 782214 461786 664178 910251 ,530622 598279 749170 539606 737135 23319 782214 461786 664178 910251 
428391 725568 920494 345153 6823 88235 616118 214458 887985 762787 ,428391 725568 920494 345153 6823 88235 616118 214458 887985 762787 
59318 741954 208567 705696 899629 167201 968389 86537 800773 777126 ,59318 741954 208567 705696 899629 167201 968389 86537 800773 777126 
519419 955929 82929 659297 255067 987470 546323 257295 956645 494142 ,955929 82929 659297 255067 987470 546323 257295 494142 826442 426231 
850198 78371 83582 146768 336961 451188 101549 540728 326287 35489 ,850198 78371 83582 146768 336961 451188 101549 540728 326287 35489 
410652 321265 340296 636903 674843 350765 188869 32692 339001 615449 ,410652 321265 340296 636903 674843 350765 188869 32692 339001 615449 
138361 294718 585930 32421 723146 307109 703990 394940 630629 31726 ,138361 294718 585930 32421 723146 307109 703990 394940 630629 31726 
12519 663275 956645 953191 519419 200335 101549 567799 779034 261769 ,12519 663275 956645 953191 519419 200335 101549 567799 779034 261769 
400321 593391 938111 705498 76431 805016 208585 789089 64742 577892 ,400321 593391 938111 76431 805016 208585 789089 64742 577892 381561 
746348 450351 813199 560310 266780 178093 485210 452776 967362 294718 ,746348 450351 813199 560310 266780 178093 485210 452776 967362 294718 
128649 132027 651122 328773 300444 681054 32843 552727 945232 885282 ,128649 132027 651122 328773 300444 681054 32843 945232 885282 923503 
272300 849406 873706 203688 171942 877653 899629 127652 204731 745491 ,272300 849406 873706 203688 171942 877653 899629 127652 204731 745491 
658873 719057 387122 415968 44853 107521 477935 907215 354081 975668 ,658873 719057 387122 415968 44853 107521 477935 907215 354081 975668 
88982 483146 110968 89893 318190 257295 351999 95157 826442 754615 ,88982 483146 110968 89893 318190 257295 351999 95157 826442 754615 
846017 873258 207331 745491 343876 865056 97362 100575 73711 805441 ,846017 873258 207331 745491 343876 97362 100575 73711 805441 526933 
930303 561373 563173 913147 287677 294653 585930 471337 193225 247579 ,930303 561373 563173 913147 287677 294653 585930 471337 193225 247579 
561814 872589 252147 538749 939315 860743 610625 598461 689012 621150 ,561814 872589 252147 538749 939315 860743 610625 598461 689012 621150 
502775 939992 374601 935861 908191 387788 127116 847762 167708 590383 ,502775 939992 374601 935861 908191 387788 127116 847762 167708 590383 
127922 129847 876383 431652 25000 209948 778895 142787 766698 580635 ,127922 129847 876383 431652 25000 209948 778895 142787 766698 580635 
781221 68211 302218 280019 195923 763836 249372 971513 610625 252147 ,781221 68211 302218 280019 195923 763836 249372 971513 610625 252147 
513935 874667 560777 994186 467890 976751 715623 903848 360571 948291 ,513935 874667 560777 994186 467890 976751 715623 903848 360571 948291 
876696 363770 699233 74160 468456 159317 860094 30479 777618 40028 ,876696 363770 699233 74160 468456 159317 860094 30479 777618 40028 
506448 958652 680554 330545 100538 216827 184256 199292 726804 844695 ,506448 958652 680554 330545 100538 216827 184256 199292 726804 844695 
230159 617842 26933 528125 250909 41064 830062 199132 219085 267481 ,230159 617842 26933 528125 250909 41064 830062 199132 219085 267481 
252147 610625 478699 249372 639059 280019 986836 939315 598461 142807 ,252147 610625 478699 249372 639059 280019 986836 939315 598461 142807 
434859 926722 797278 787536 949863 153760 3564 203308 804031 333083 ,434859 926722 797278 787536 949863 153760 3564 203308 804031 333083 
85364 91343 85529 719122 833345 398810 396858 529994 363576 40235 ,85364 91343 85529 719122 833345 398810 396858 529994 363576 40235 
98452 673764 726723 960875 603382 211666 229059 702843 975866 817332 ,98452 673764 960875 603382 211666 229059 702843 975866 817332 175094 
953598 466095 415179 323589 731274 104788 249674 467845 767817 58647 ,953598 466095 415179 323589 731274 104788 249674 467845 767817 58647 
128727 96110 774718 983234 514965 74197 386213 594385 209036 185084 ,128727 96110 774718 514965 74197 386213 594385 209036 185084 15367 
429153 208000 920097 256673 122354 273289 182733 624387 712153 507319 ,429153 208000 920097 256673 122354 273289 182733 624387 712153 507319 
83911 516671 774718 502149 396890 152938 525127 730548 99516 521968 ,83911 516671 774718 502149 396890 152938 525127 730548 99516 521968 
994692 971284 643466 477291 643978 912462 995191 6689 222741 333858 ,994692 971284 643466 477291 643978 912462 995191 6689 222741 333858 
647956 522587 602314 442203 273388 309176 830621 845495 365409 66209 ,647956 522587 602314 442203 273388 309176 830621 845495 365409 66209 
130505 32170 776987 530256 262734 861903 527396 305827 726307 467501 ,130505 32170 776987 530256 262734 861903 527396 305827 726307 467501 
353935 175094 803375 673764 900027 179439 650725 823965 844955 171348 ,353935 175094 803375 673764 900027 179439 650725 823965 844955 171348 
665530 347700 437967 29448 367320 540497 473817 638769 434519 920081 ,665530 347700 437967 29448 367320 540497 473817 638769 434519 395171 
287047 303903 66492 74197 467501 809765 127464 925842 467576 690059 ,287047 303903 66492 74197 467501 809765 127464 925842 467576 690059 
120026 901711 231319 86322 54423 277027 458451 540497 149687 316098 ,120026 901711 231319 86322 54423 277027 458451 149687 316098 920106 
125953 102623 312188 102036 446356 905497 558636 310893 922110 516533 ,125953 102623 312188 102036 446356 905497 558636 310893 922110 516533 
731449 8182 208895 368276 341216 126983 960875 531793 370537 865953 ,731449 8182 208895 368276 341216 126983 531793 865953 568693 408391 
308931 480213 495669 6689 643466 912462 54238 545360 476768 49250 ,308931 480213 495669 6689 643466 912462 54238 545360 476768 49250 
576291 439559 393362 835905 97904 882233 904180 329872 348028 308488 ,576291 439559 393362 835905 97904 882233 904180 329872 348028 308488 
773066 770495 571345 877106 881549 56246 820456 106984 853415 299349 ,773066 770495 571345 877106 881549 56246 820456 106984 853415 299349 
279392 258075 277693 941330 703784 823676 687156 548147 780366 689311 ,279392 258075 277693 941330 703784 823676 687156 548147 780366 689311 
25237 48327 284116 717389 386532 160805 181852 636777 474249 560604 ,25237 48327 284116 717389 386532 160805 181852 636777 474249 560604 
562073 380321 845547 544905 842485 210429 66326 205652 862876 926746 ,562073 380321 845547 544905 842485 210429 66326 205652 862876 926746 
850899 882233 656110 142893 680422 500559 872749 920174 210429 525572 ,850899 882233 656110 142893 680422 500559 872749 920174 210429 525572 
986871 158025 857244 641464 320394 668425 520019 544409 576452 911547 ,986871 158025 857244 641464 320394 668425 520019 544409 576452 911547 
889049 840151 762545 920174 14912 127834 479603 598412 54105 911626 ,889049 840151 762545 920174 14912 127834 479603 598412 54105 911626 
809506 66326 479603 205652 206502 25890 274805 796547 911626 862876 ,809506 66326 479603 205652 206502 25890 274805 796547 911626 862876 
740448 320394 677703 279252 668425 987586 249471 857244 500559 158025 ,740448 320394 677703 279252 668425 987586 249471 857244 500559 158025 
365887 270773 515070 73802 168355 544026 725616 661757 138779 380901 ,365887 270773 515070 73802 168355 544026 725616 661757 138779 380901 
11266 851153 825144 302454 523668 693016 587231 158278 337795 940659 ,11266 851153 825144 302454 523668 693016 587231 158278 337795 940659 
198591 123455 186174 461548 917934 512952 486334 550686 279632 136453 ,198591 123455 186174 461548 917934 512952 486334 279632 806590 596307 
624014 975670 987344 770693 195617 197360 754589 18691 754446 842220 ,624014 975670 987344 770693 195617 197360 754589 18691 754446 842220 
73802 751551 175222 877703 871485 270773 794175 792219 986194 742254 ,73802 751551 175222 877703 270773 794175 792219 986194 742254 296210 
727851 218379 489906 394665 436183 681210 400506 721744 689857 969017 ,727851 218379 489906 394665 436183 681210 400506 721744 969017 237912 
758181 274302 402628 600465 550754 590857 519590 799065 550686 389757 ,758181 274302 402628 600465 550754 590857 519590 799065 550686 389757 
544554 402862 487773 98176 85753 753069 724924 424367 538662 620684 ,544554 402862 487773 98176 85753 753069 724924 424367 620684 831295 
363394 617324 412373 82503 703008 515586 204380 215149 713638 638147 ,363394 617324 412373 82503 703008 515586 204380 215149 713638 638147 
560129 82503 104945 703008 75641 617324 292138 525582 98019 109298 ,560129 82503 104945 703008 75641 617324 292138 525582 98019 109298 
706904 595675 206698 503511 460345 580302 215124 946811 486791 935699 ,706904 595675 206698 503511 460345 580302 215124 486791 935699 680377 
594766 68554 319146 127971 12306 171342 903507 75278 941631 265280 ,594766 68554 319146 127971 12306 171342 903507 75278 941631 224627 
805560 680138 237912 400506 209279 121474 768459 601213 294363 68857 ,805560 680138 237912 400506 209279 121474 768459 601213 294363 68857 
835675 49133 433300 3144 258786 312444 831706 609589 739812 567629 ,835675 49133 433300 3144 258786 312444 831706 609589 739812 567629 
826402 461548 806590 776085 198591 816219 372003 883343 309682 83800 ,826402 461548 806590 776085 198591 816219 372003 883343 309682 83800 
661603 598323 248455 743980 216985 661849 141659 28730 675742 775842 ,661603 598323 248455 743980 216985 661849 141659 28730 675742 775842 
110521 56216 776085 72589 917934 704000 198591 100168 78636 14751 ,110521 56216 776085 72589 917934 704000 198591 100168 78636 14751 
810980 810803 512952 483868 394790 594766 279632 312444 370483 232448 ,810980 810803 512952 483868 394790 594766 279632 312444 370483 232448 
566862 775842 768070 337795 585659 295423 835812 833254 192290 743980 ,566862 775842 768070 337795 585659 295423 835812 833254 192290 743980 
127441 628226 498490 863028 241247 176674 554341 107386 68760 261642 ,127441 628226 498490 863028 241247 176674 554341 107386 68760 261642 
558422 582810 577305 810340 240365 813129 813996 888741 579612 57359 ,558422 582810 577305 810340 240365 813129 813996 888741 579612 57359 
610276 839193 801820 835899 666964 216635 25581 338887 766953 114489 ,610276 839193 801820 835899 666964 216635 25581 338887 766953 114489 
838590 98114 811838 102063 531035 864694 996793 867706 973652 997846 ,838590 98114 811838 102063 531035 864694 996793 867706 973652 997846 
354374 341940 412888 307244 201092 631146 338887 300033 114489 184921 ,354374 341940 412888 307244 201092 631146 338887 300033 114489 184921 
967521 908636 659547 177765 237580 977747 186942 694161 264869 930679 ,967521 908636 659547 177765 237580 977747 186942 694161 264869 930679 
924852 165699 835228 463759 117087 258196 214393 880596 730785 549600 ,924852 835228 463759 117087 258196 214393 880596 730785 549600 158920 
434535 947491 223144 192122 327927 494414 508024 894909 918196 933807 ,434535 947491 223144 192122 327927 494414 508024 894909 918196 933807 
557408 970027 832281 231381 945471 104213 446061 339772 397347 774281 ,557408 970027 832281 231381 945471 104213 446061 339772 397347 774281 
231381 557408 104213 824732 774281 446235 446061 970027 755715 667645 ,231381 557408 104213 824732 774281 446235 446061 970027 755715 667645 
203753 6587 687436 397791 914443 818196 609325 420334 387715 379257 ,203753 6587 687436 397791 914443 818196 609325 420334 387715 379257 
261485 406085 364630 503598 242782 468533 151510 101317 351226 87639 ,261485 406085 364630 503598 242782 468533 151510 101317 351226 87639 
694294 346376 135002 673134 840262 421914 16806 638544 726177 667953 ,694294 346376 135002 673134 840262 421914 16806 638544 726177 667953 
754569 921167 238611 434236 685258 670358 892598 421914 57232 952369 ,754569 921167 238611 434236 685258 670358 892598 421914 57232 952369 
707713 945412 209201 548038 561503 35867 134970 282615 491369 69669 ,707713 945412 209201 548038 561503 35867 134970 282615 491369 69669 
786960 925684 596939 317989 202358 693037 254641 310599 578686 887085 ,786960 925684 596939 317989 693037 254641 310599 578686 887085 278444 
773599 248587 861856 961258 240204 863187 638301 715334 524103 929597 ,773599 248587 861856 961258 240204 863187 638301 715334 524103 929597 
381351 275602 671227 712272 167661 16806 312907 585628 595303 872961 ,381351 275602 671227 712272 167661 16806 312907 585628 595303 872961 
851611 777963 258203 466155 865078 733111 357812 78843 438918 730117 ,851611 777963 258203 466155 865078 733111 357812 78843 438918 730117 
15366 378641 663401 610320 223997 295329 551704 932226 981142 590516 ,15366 378641 610320 223997 295329 551704 932226 981142 590516 449746 
905528 882928 916303 204408 205178 202358 378543 832595 377982 332185 ,905528 882928 204408 205178 202358 378543 832595 377982 332185 267259 
819267 517697 114955 530005 964930 188797 174531 431855 550207 190415 ,819267 517697 114955 530005 964930 188797 174531 431855 550207 190415 
711030 511460 317989 921732 274901 851611 139224 631839 438918 346172 ,711030 511460 317989 921732 274901 851611 139224 438918 346172 954092 
65352 650490 331814 136969 539475 770917 935356 494497 255334 885528 ,65352 650490 331814 136969 539475 770917 935356 255334 885528 263219 
891103 673335 568163 734171 221425 293103 74348 833971 752666 39552 ,891103 673335 568163 734171 221425 293103 74348 833971 752666 39552 
174617 738450 822313 280991 862243 452749 75896 379601 524833 806487 ,174617 738450 822313 280991 862243 452749 75896 379601 524833 806487 
536965 477252 39477 742674 416003 876286 911178 163709 814188 869492 ,536965 477252 39477 742674 416003 876286 911178 163709 814188 869492 
866547 948906 904175 875570 738375 237468 223998 93530 233903 757570 ,866547 948906 904175 875570 738375 237468 223998 93530 233903 757570 
918140 966529 940207 391170 164243 726121 78091 983426 202689 602022 ,918140 966529 940207 391170 164243 726121 78091 983426 202689 602022 
422721 379210 292356 771345 201880 840495 188507 292269 440245 292440 ,422721 379210 292356 771345 201880 840495 188507 292269 440245 292440 
831376 276691 868507 952131 709012 929340 15598 828171 912147 732820 ,831376 276691 868507 952131 709012 929340 15598 828171 912147 732820 
208894 186412 166848 533538 952131 224345 831913 659885 13643 280979 ,208894 186412 166848 533538 952131 224345 831913 659885 13643 280979 
93458 177228 167308 502375 13462 247362 945187 73669 320261 312964 ,93458 177228 167308 502375 13462 247362 945187 73669 320261 312964 
368955 382172 971421 187952 951587 587558 316940 169221 342011 226360 ,368955 382172 971421 187952 951587 587558 316940 169221 342011 226360 
215899 102964 24170 37992 822390 890970 53349 826024 688108 63032 ,215899 102964 24170 37992 822390 890970 53349 826024 688108 63032 
948067 268962 532084 859286 739193 809482 676472 842222 977317 598748 ,948067 268962 532084 859286 739193 809482 676472 977317 598748 125461 
692048 867741 725774 376833 912690 919639 721810 688041 868337 894974 ,692048 867741 725774 376833 912690 919639 721810 688041 868337 894974 
95275 185300 194028 894974 879764 933586 670738 519948 193935 276237 ,95275 185300 194028 894974 879764 933586 670738 519948 193935 276237 
210431 752684 709868 201586 506317 694561 204110 778422 871210 748479 ,210431 752684 709868 201586 506317 694561 204110 778422 871210 748479 
933586 886629 299114 703931 95275 43240 250918 174430 678844 502280 ,933586 886629 299114 703931 95275 43240 250918 174430 678844 502280 
226513 53975 823732 13434 867337 624659 474641 496506 328239 426369 ,226513 53975 823732 13434 867337 624659 474641 496506 328239 426369 
879764 684378 670738 842144 496506 521533 330046 894974 223396 266384 ,879764 684378 670738 842144 496506 521533 330046 894974 223396 266384 
682877 443358 471014 596923 581635 190582 317 564104 57172 911153 ,682877 443358 471014 596923 581635 190582 317 564104 57172 911153 
743037 182771 845841 406181 501863 307446 281297 65026 316218 816895 ,743037 182771 845841 406181 501863 307446 281297 65026 316218 816895 
499 840707 759038 518392 249081 81742 720995 466907 392108 94618 ,499 840707 759038 518392 249081 81742 720995 392108 94618 730279 
867741 773410 868337 912157 496795 598748 885673 863646 376833 433028 ,867741 773410 868337 912157 496795 598748 885673 863646 376833 433028 
730279 814713 560131 774947 420767 98674 529683 825429 94618 953495 ,730279 814713 560131 774947 420767 98674 529683 825429 94618 316218 
137333 726841 369763 786608 127278 745505 739132 747591 196697 761973 ,137333 726841 369763 786608 127278 745505 739132 747591 196697 761973 
394455 408104 291644 618707 178152 120015 624289 21881 396010 455167 ,394455 408104 291644 618707 178152 120015 624289 21881 396010 455167 
229353 561364 257688 734606 226583 772432 368312 991781 120015 865460 ,229353 561364 257688 734606 226583 772432 368312 991781 120015 865460 
696460 439452 280819 977401 376857 5171 604827 364516 616905 625251 ,696460 439452 280819 977401 376857 5171 604827 364516 616905 625251 
365474 906044 559600 268844 614997 382162 747048 217597 94584 67619 ,365474 906044 559600 268844 614997 382162 747048 217597 94584 67619 
503387 824592 199379 965937 229470 247409 12981 144374 880192 775333 ,503387 824592 199379 965937 229470 247409 12981 144374 880192 775333 
585054 895560 990596 434671 951343 618707 271092 710680 769974 581650 ,585054 895560 990596 434671 951343 618707 271092 710680 769974 581650 
98038 420131 471692 630711 528129 768966 126450 924919 472999 199036 ,98038 420131 471692 630711 528129 768966 126450 924919 472999 199036 
991702 228625 712949 735188 226583 271226 264621 734606 564316 828367 ,991702 228625 712949 735188 226583 271226 264621 734606 564316 828367 
219410 415455 637421 748064 5171 786808 701293 990137 227946 685248 ,219410 415455 637421 748064 5171 786808 701293 990137 227946 685248 
337369 313797 351083 526043 364011 432958 68420 350415 637421 518086 ,337369 313797 351083 526043 364011 432958 68420 350415 637421 518086 
39982 743331 908547 716780 541516 819680 838960 565522 594377 226186 ,39982 743331 908547 716780 541516 819680 838960 565522 594377 226186 
905653 170097 905874 849194 335528 103756 835857 868466 879675 541516 ,905653 170097 905874 849194 335528 103756 835857 868466 879675 541516 
252060 307912 576616 752195 454117 791412 864096 70352 573251 322811 ,252060 307912 576616 752195 454117 791412 864096 70352 573251 322811 
287806 501564 522897 170553 458262 204888 269599 699890 420874 214912 ,287806 501564 522897 170553 458262 204888 269599 699890 420874 214912 
813174 341188 526043 601946 559600 511384 701197 204888 94584 998196 ,813174 341188 526043 601946 559600 511384 701197 204888 94584 998196 
513784 963120 37494 664381 593778 68185 20353 950641 540520 584433 ,513784 963120 37494 664381 593778 68185 20353 950641 540520 584433 
84540 151145 806199 242280 690434 784815 112318 68992 276280 524629 ,84540 151145 806199 242280 690434 784815 112318 68992 276280 524629 
217600 796262 644423 545448 862461 959935 485202 156099 950796 909120 ,217600 796262 644423 545448 862461 959935 485202 156099 950796 909120 
504601 112318 210498 560057 806199 720087 23438 123092 84540 664620 ,504601 112318 210498 560057 806199 720087 23438 123092 84540 664620 
409876 129262 967474 270527 267460 771676 729601 132242 688360 556065 ,409876 129262 967474 270527 267460 771676 729601 132242 688360 556065 
667122 198522 612288 361060 407168 501995 56373 280799 566897 300661 ,667122 198522 612288 361060 407168 501995 56373 280799 566897 300661 
553078 688651 198914 395747 342128 681472 19856 508605 871440 919521 ,553078 688651 198914 395747 342128 681472 19856 508605 919521 201864 
461290 636990 860673 788862 804684 43169 76105 475216 580832 823677 ,461290 636990 860673 788862 804684 43169 76105 475216 580832 483558 
667388 234004 11821 518352 780641 661398 39707 774721 721595 615675 ,667388 234004 11821 518352 780641 661398 39707 774721 721595 615675 
431637 682584 431333 452747 499503 531169 198356 717240 426925 540627 ,431637 682584 431333 452747 499503 531169 198356 717240 426925 540627 
714866 151685 534392 667388 654200 774721 11821 104341 780641 820531 ,714866 151685 534392 667388 654200 774721 11821 104341 780641 820531 
179048 341168 335310 135844 32827 781403 80921 557043 307816 789811 ,179048 341168 335310 135844 32827 781403 80921 557043 307816 789811 
992040 44073 829189 615675 364464 234270 506208 845168 761745 635259 ,992040 44073 829189 615675 364464 234270 506208 845168 761745 635259 
813821 380947 206456 10059 441416 377621 668291 772417 194905 78620 ,813821 380947 206456 10059 441416 377621 668291 772417 194905 78620 
386130 900122 593870 978901 241175 793602 583518 407197 654071 373418 ,386130 900122 593870 978901 241175 793602 583518 407197 654071 373418 
482345 785042 270170 506020 2766 896047 347294 659625 713894 153993 ,482345 785042 270170 506020 2766 896047 347294 659625 713894 153993 
131095 195336 179048 267489 135844 302444 677284 958407 133332 654071 ,131095 195336 179048 267489 135844 302444 677284 958407 133332 654071 
683304 651833 654196 714866 104341 820531 638396 383760 654200 667388 ,683304 651833 654196 714866 104341 820531 638396 383760 654200 667388 
423671 275423 757488 78655 472342 714866 254046 39707 352428 688714 ,423671 275423 757488 78655 472342 714866 254046 39707 352428 688714 
148795 53940 939975 497720 113027 336162 374069 899668 448160 11613 ,148795 53940 939975 497720 113027 336162 374069 899668 448160 11613 
106372 816789 766138 782166 314878 167164 405555 773969 549815 504997 ,106372 816789 766138 782166 314878 167164 773969 549815 504997 901840 
788354 684209 538350 429540 828920 697710 208483 311194 215489 336661 ,788354 684209 538350 429540 828920 697710 208483 311194 215489 336661 
514177 637672 132544 538350 406539 170305 176235 815327 615080 426751 ,514177 637672 132544 538350 406539 170305 176235 815327 615080 426751 
114373 537640 684798 680575 156920 679484 166858 199330 415835 379769 ,114373 537640 684798 680575 156920 679484 166858 199330 415835 379769 
153005 357648 808774 11613 888214 61666 117543 497720 356540 552742 ,153005 357648 808774 11613 888214 61666 117543 497720 356540 552742 
914889 807360 494075 939975 545627 884567 44604 762800 53940 188464 ,914889 807360 494075 939975 545627 884567 44604 762800 53940 188464 
772365 409844 769617 373816 14956 629387 959058 858217 955186 430107 ,772365 409844 769617 373816 14956 629387 959058 858217 955186 430107 
431884 995159 696965 293663 385695 782035 442157 259815 904352 615080 ,431884 995159 696965 293663 385695 782035 442157 259815 904352 615080 
780153 373597 551251 398380 722021 547590 790894 634505 471294 538350 ,780153 373597 551251 398380 722021 547590 790894 634505 471294 538350 
882670 429968 91589 966565 264487 472351 255606 363728 604027 965774 ,882670 429968 91589 966565 264487 472351 255606 363728 604027 965774 
523092 444577 840904 419361 423091 978338 488669 321972 739865 599203 ,523092 444577 840904 419361 423091 978338 488669 321972 739865 599203 
440238 450841 975455 778907 544805 831218 61666 411994 225831 270302 ,440238 450841 975455 778907 544805 831218 61666 225831 270302 666984 
207096 411548 678204 101420 914681 373512 472275 991338 9575 922510 ,207096 411548 678204 101420 914681 373512 472275 991338 9575 922510 
627146 356540 758157 889798 615036 357648 866698 752258 735269 448160 ,627146 356540 758157 889798 615036 357648 866698 752258 735269 448160 
338791 824283 816421 354290 970047 167438 733980 35468 783263 123651 ,338791 824283 816421 354290 970047 167438 733980 35468 783263 123651 
261662 345925 477182 366244 307580 532572 532160 453523 881369 693462 ,261662 345925 477182 366244 307580 532572 532160 453523 881369 693462 
398765 912543 539077 298292 44143 692755 193995 183854 269737 728836 ,398765 539077 298292 44143 692755 193995 269737 728836 538901 705526 
142784 260206 665699 161623 25799 271422 863970 993801 414924 662115 ,142784 260206 665699 161623 25799 271422 863970 993801 414924 662115 
193625 750163 58925 175355 745922 33479 293024 71376 79960 531467 ,193625 750163 58925 175355 745922 33479 71376 79960 531467 886368 
41734 103558 393575 389610 849968 298222 273907 850470 929118 859373 ,41734 103558 393575 389610 849968 298222 273907 850470 929118 859373 
426665 181168 183332 513794 169914 427626 74161 20793 971626 168536 ,426665 181168 183332 513794 169914 427626 74161 20793 971626 168536 
107062 750328 729786 883268 681272 334761 267690 233048 808192 525913 ,107062 750328 729786 883268 681272 334761 267690 233048 808192 525913 
340466 743357 808950 906233 553413 26930 853009 118764 408174 742276 ,340466 743357 808950 906233 553413 26930 853009 118764 408174 742276 
849117 744246 434956 496726 692008 659648 83376 635589 720655 465557 ,849117 744246 434956 496726 692008 83376 635589 720655 465557 306173 
2449 742276 533509 754163 960301 20464 982390 730238 893884 316213 ,2449 742276 533509 754163 960301 20464 982390 730238 893884 316213 
687363 352625 175355 84113 124575 805790 193625 598964 897012 577895 ,687363 352625 175355 124575 805790 193625 598964 897012 577895 745049 
97735 948723 886368 937632 622272 858844 811022 345935 74161 367836 ,97735 948723 886368 937632 622272 858844 811022 345935 367836 623394 
633066 876072 943910 141571 482275 197918 393710 789857 126891 661004 ,633066 876072 943910 141571 482275 197918 393710 789857 126891 661004 
842713 947023 542320 191113 522318 964577 865272 542476 869576 74054 ,842713 947023 542320 191113 522318 964577 865272 542476 869576 74054 
81514 799379 670472 528879 458441 141543 861298 823923 959228 723301 ,81514 799379 670472 528879 458441 141543 861298 823923 959228 723301 
611998 677965 70937 584033 200575 521256 880101 106657 660453 119084 ,611998 677965 70937 584033 200575 521256 880101 106657 660453 119084 
438118 632563 799379 365033 227486 143853 280882 698697 684357 741018 ,438118 632563 799379 365033 227486 143853 280882 698697 684357 741018 
91640 336822 531312 796205 397023 122004 262353 883752 438118 291889 ,91640 336822 531312 796205 397023 122004 262353 883752 438118 291889 
548099 412656 73265 592680 698517 304044 108277 539486 729722 209474 ,548099 412656 73265 592680 698517 304044 108277 539486 729722 209474 
627891 862343 642521 905897 718936 547524 44526 787918 676237 606847 ,627891 862343 642521 905897 718936 547524 44526 787918 676237 606847 
952552 450535 970763 804518 605428 368071 989618 167480 727466 571928 ,952552 450535 970763 804518 605428 368071 989618 727466 571928 980855 
352116 21060 799379 741018 438118 181912 241082 143853 436304 227486 ,352116 21060 799379 741018 438118 181912 241082 143853 436304 227486 
45696 599296 187871 89638 910745 906712 695548 636404 569271 989236 ,45696 599296 187871 89638 910745 906712 695548 636404 569271 989236 
243076 988356 861019 923905 703498 99296 867918 16953 630988 821298 ,243076 988356 861019 923905 703498 99296 867918 16953 630988 821298 
369 242442 256304 609912 819765 924619 954460 511213 621741 623071 ,369 242442 256304 609912 819765 924619 954460 511213 621741 623071 
614158 954460 623071 369 381405 242442 853372 116848 194030 140151 ,614158 954460 623071 369 381405 242442 853372 116848 194030 140151 
701815 81514 605488 339639 578693 412656 727473 356565 330483 698404 ,701815 81514 605488 339639 578693 727473 356565 330483 698404 293845 
950908 518588 69634 445449 647545 544350 889764 783436 447554 156272 ,950908 518588 69634 445449 647545 544350 889764 783436 447554 156272 
774467 535748 16953 585193 740363 704371 686832 838624 346722 792807 ,774467 535748 16953 585193 740363 704371 686832 838624 346722 792807 
95775 175585 532912 632349 616243 380676 235205 999073 784778 62145 ,95775 175585 532912 632349 616243 380676 235205 784778 62145 135635 
25786 833625 760334 496232 583724 911168 110902 86283 351223 135635 ,25786 833625 760334 496232 583724 911168 110902 86283 351223 135635 
977127 913166 456761 200580 492975 69714 394829 550776 41423 381120 ,977127 913166 456761 200580 492975 69714 394829 550776 41423 381120 
602024 851843 274948 394625 164216 100921 42231 968643 698096 704443 ,602024 851843 274948 394625 164216 100921 42231 968643 698096 704443 
480163 238334 832171 216424 673401 672521 769999 445751 870850 620522 ,480163 238334 832171 216424 673401 672521 769999 445751 870850 620522 
95775 227033 522233 386980 705829 686524 304502 644611 171720 350822 ,95775 227033 522233 386980 705829 686524 304502 644611 171720 350822 
616243 862687 686940 342110 822350 566915 566936 784778 525499 242628 ,616243 862687 686940 342110 822350 566915 566936 784778 525499 242628 
652238 215814 510773 975813 913053 575454 955831 52441 501268 833625 ,652238 215814 510773 975813 913053 575454 955831 52441 501268 833625 
494420 611291 414322 553608 204560 205081 414223 770792 794849 587615 ,494420 611291 414322 553608 204560 205081 414223 770792 587615 288801 
11480 705829 726995 709660 734911 522819 192938 671905 176925 270233 ,11480 705829 726995 709660 734911 522819 192938 671905 176925 270233 
648120 192996 648630 151906 643548 649301 448973 644611 934585 386980 ,648120 192996 648630 151906 643548 649301 448973 644611 934585 386980 
860562 167877 95775 97534 719367 939096 60135 392394 117905 575668 ,860562 167877 95775 97534 719367 939096 60135 392394 117905 575668 
450355 649301 568763 892670 448973 151906 889981 388456 7137 994833 ,450355 649301 568763 892670 448973 151906 889981 388456 7137 994833 
623230 158563 27108 36640 234854 806183 271365 105627 548204 659693 ,623230 158563 27108 36640 234854 806183 271365 105627 548204 659693 
296929 478498 696764 824047 793246 202455 98679 224245 765974 316458 ,296929 478498 696764 824047 793246 202455 98679 224245 765974 316458 
296929 300952 747833 831825 193856 202455 286614 13036 667279 890183 ,296929 300952 747833 831825 193856 202455 286614 13036 667279 890183 
803984 487674 676250 590290 740858 609427 1781 195964 686607 866709 ,803984 487674 676250 590290 740858 609427 1781 195964 686607 866709 
639914 102488 536666 884389 537721 900715 218964 584346 216275 211467 ,639914 102488 536666 884389 537721 900715 218964 584346 216275 211467 
886044 892533 849382 207805 448185 51641 864190 539579 817054 835046 ,886044 892533 849382 207805 448185 51641 864190 539579 817054 835046 
583297 624893 201002 372597 507117 403138 371897 6189 588603 988563 ,583297 624893 372597 507117 403138 371897 6189 588603 988563 33004 
931820 90113 316458 680397 513833 538671 18946 784666 704424 413102 ,931820 90113 316458 680397 513833 538671 18946 784666 704424 413102 
987727 890395 471978 953611 831918 900047 954427 635625 417608 994834 ,987727 890395 471978 953611 831918 900047 954427 635625 417608 994834 
12677 592966 904604 704484 681151 561600 826199 47345 105627 474691 ,12677 592966 904604 704484 681151 561600 826199 47345 105627 474691 
429908 897666 390673 111375 851830 250040 480482 412695 684841 107442 ,429908 897666 390673 111375 851830 250040 480482 412695 684841 107442 
592973 24309 580549 335337 581271 120041 886044 567666 414375 664957 ,592973 24309 580549 335337 581271 120041 886044 567666 414375 664957 
508997 5358 443024 642272 597806 182579 210133 50342 901629 405515 ,508997 5358 443024 642272 597806 182579 210133 50342 901629 405515 
358246 110499 626371 555433 335485 525 138422 252714 299460 354151 ,358246 110499 626371 555433 335485 525 138422 252714 299460 354151 
562572 669066 983709 850608 397220 41877 92601 29118 939827 85453 ,562572 669066 983709 850608 397220 41877 92601 29118 939827 85453 
642305 656776 602254 657202 655059 831432 766028 452512 901341 656975 ,642305 656776 602254 657202 655059 831432 766028 452512 901341 656975 
656776 657202 909997 603980 602254 558645 152970 642305 572053 655059 ,656776 657202 909997 603980 602254 558645 152970 642305 572053 655059 
221922 60026 368030 125562 318823 434414 923892 691089 335465 107594 ,221922 60026 368030 125562 318823 434414 923892 691089 335465 107594 
698487 365960 407092 577371 570111 221922 125562 157492 292135 238536 ,698487 365960 407092 577371 570111 221922 125562 157492 292135 238536 
762135 512742 938236 964296 329904 895046 630695 652141 787001 967145 ,762135 512742 938236 964296 329904 895046 630695 652141 787001 967145 
266638 181404 341859 92601 412917 345007 29118 699482 194249 773850 ,266638 181404 341859 92601 412917 345007 29118 699482 194249 773850 
266638 725031 699482 809613 92601 345007 354796 833524 850608 280321 ,266638 725031 809613 92601 345007 833524 280321 135253 29118 514579 
895046 762135 653604 719420 376886 242653 884425 554084 613513 568977 ,895046 762135 653604 719420 376886 242653 554084 613513 568977 410047 
850358 658514 819529 464774 291996 955273 815287 705007 815480 979915 ,850358 658514 819529 464774 291996 955273 815287 705007 815480 979915 
650364 397131 661546 234981 580828 272984 805275 950185 826405 829575 ,650364 397131 661546 234981 580828 272984 805275 950185 826405 829575 
223484 930141 466234 273876 623460 200785 539269 125899 919212 859045 ,223484 930141 466234 273876 623460 200785 539269 125899 919212 859045 
111315 169883 938236 968933 533381 403148 143313 679617 798930 855927 ,111315 169883 938236 968933 533381 403148 143313 679617 798930 855927 
528017 971968 244293 485266 601725 280581 909997 603980 752812 354796 ,528017 971968 244293 485266 601725 280581 909997 603980 752812 354796 
846165 847468 893261 930141 967145 960029 868313 544152 854867 126528 ,846165 847468 893261 930141 967145 960029 868313 544152 854867 126528 
565818 597553 565675 453527 563197 545599 598561 772418 896703 885604 ,565818 597553 565675 453527 563197 545599 598561 772418 896703 885604 
856105 909523 48037 849849 959963 885921 515120 889897 413502 867743 ,856105 909523 48037 849849 959963 885921 515120 889897 413502 867743 
951771 722872 777145 888231 319027 270320 486634 163425 613805 462628 ,951771 722872 777145 888231 319027 270320 486634 163425 613805 462628 
276417 472750 889897 846202 86941 942123 172925 554988 515120 849849 ,276417 472750 846202 86941 942123 172925 554988 849849 18763 632447 
476538 256813 425261 892913 357657 611563 447235 792272 57840 314901 ,476538 256813 425261 892913 357657 611563 447235 792272 57840 314901 
673597 612445 638611 607767 236055 373285 309878 304978 912999 788738 ,673597 612445 638611 607767 236055 373285 309878 304978 912999 788738 
997733 604736 772418 398029 779516 614135 81820 172925 842297 180935 ,997733 604736 772418 398029 779516 614135 81820 172925 842297 180935 
128809 628425 746282 207433 45219 385947 873793 902480 814792 117203 ,128809 628425 746282 207433 45219 385947 873793 902480 814792 117203 
691951 461654 289903 21773 842883 632847 372661 561927 410382 522444 ,691951 461654 289903 21773 842883 632847 372661 561927 410382 522444 
607536 486634 978742 129920 465516 93482 247851 279670 695941 256813 ,607536 486634 978742 129920 465516 93482 247851 279670 695941 256813 
690770 175168 81417 390669 613805 470875 795047 699227 117578 964808 ,690770 175168 81417 390669 613805 470875 795047 699227 117578 964808 
614135 472750 52810 935359 278556 118467 597553 884969 545599 276417 ,614135 472750 52810 935359 278556 118467 597553 884969 545599 276417 
595666 631032 605256 171412 886548 9857 673223 653201 582710 875964 ,595666 631032 605256 171412 886548 9857 673223 653201 582710 875964 
679281 959963 933045 868426 525708 155697 932401 428689 842842 709383 ,679281 959963 933045 868426 525708 155697 932401 428689 842842 709383 
81820 459024 653504 537889 410654 788738 128919 373285 638611 4342 ,81820 459024 653504 537889 410654 788738 128919 373285 638611 4342 
399472 865763 692324 99766 741558 194709 583961 947524 59595 153252 ,399472 865763 692324 99766 741558 583961 947524 59595 153252 366836 
928796 949996 360539 945509 506283 533975 121614 722777 705549 183101 ,928796 949996 945509 506283 533975 722777 183101 352812 565005 682618 
390271 68812 810411 275577 361718 384071 500030 789146 990007 762965 ,390271 68812 810411 275577 361718 384071 500030 789146 990007 762965 
294468 943947 932361 823198 403053 364347 23081 158788 349632 944020 ,294468 943947 932361 823198 403053 364347 23081 158788 349632 944020 
574113 498909 412970 481713 587884 631425 820304 813961 439125 100415 ,574113 498909 412970 481713 587884 631425 820304 813961 439125 100415 
336469 868328 2153 483256 508980 407970 670642 66350 15985 94873 ,336469 2153 483256 508980 407970 670642 66350 15985 94873 751461 
88762 746397 935237 222139 66994 595790 577373 798857 140329 975788 ,88762 746397 935237 222139 66994 595790 577373 798857 140329 975788 
945430 717356 28864 503549 614206 370892 140893 249517 629236 993900 ,945430 717356 28864 503549 614206 370892 140893 249517 629236 993900 
723253 995692 62190 400623 723790 89536 504180 60263 947806 964438 ,723253 995692 62190 400623 723790 89536 504180 60263 947806 964438 
442337 607728 841274 953041 825260 439125 427583 445696 498909 570642 ,442337 607728 841274 953041 825260 439125 427583 445696 498909 570642 
325834 185024 293944 813961 223567 839183 790917 993900 924342 927264 ,325834 185024 293944 813961 223567 839183 790917 993900 924342 927264 
192631 364579 254317 522952 477832 24176 415603 526255 15756 80801 ,192631 364579 254317 522952 477832 24176 415603 526255 15756 80801 
953041 442337 344635 115429 470849 607728 445696 841274 825260 590021 ,953041 442337 344635 115429 470849 607728 445696 841274 825260 590021 
693569 600127 134735 384912 818922 873930 985306 81656 932215 441536 ,693569 600127 134735 384912 818922 873930 985306 81656 932215 441536 
678003 296493 701547 269101 636209 598532 436295 711231 655565 136443 ,678003 296493 701547 269101 636209 598532 436295 711231 655565 136443 
236918 246619 242413 466479 959359 7849 114170 521785 101618 462580 ,236918 246619 242413 466479 959359 7849 114170 521785 101618 462580 
776920 224134 756219 945562 915870 874416 541384 602378 609946 685361 ,776920 224134 756219 945562 915870 874416 541384 602378 609946 685361 
45705 167863 961984 381335 959822 409659 309327 900644 852706 53471 ,45705 167863 961984 381335 959822 409659 309327 900644 852706 53471 
569331 158490 516463 356174 47209 851895 663869 909632 944549 101618 ,569331 158490 516463 356174 47209 851895 663869 909632 944549 101618 
931498 447567 972031 373803 191181 951146 710936 667397 254360 115072 ,931498 447567 972031 373803 191181 951146 710936 667397 254360 115072 
217864 237224 43300 658005 866863 327469 226183 918195 228359 277968 ,217864 237224 43300 658005 866863 327469 226183 918195 228359 277968 
652900 400679 744890 511890 949894 234365 669975 555253 708456 803608 ,652900 400679 511890 949894 234365 669975 555253 708456 803608 732086 
957578 465671 513660 519086 122094 432070 365392 522862 998969 523479 ,957578 465671 513660 519086 122094 432070 365392 522862 998969 523479 
725789 513660 946843 433311 614972 86204 460723 279359 979388 616230 ,725789 513660 946843 433311 614972 86204 460723 279359 979388 616230 
57484 179095 483644 461923 392859 663749 452035 855030 307936 21520 ,57484 179095 483644 461923 392859 663749 452035 855030 307936 21520 
700942 56956 774810 662059 387341 855030 483644 201001 929819 422436 ,700942 56956 774810 662059 387341 855030 483644 201001 929819 422436 
373655 435326 61664 921896 311750 143678 561819 819047 755087 542646 ,373655 435326 61664 921896 311750 143678 561819 819047 755087 542646 
610467 841426 356689 511423 217864 918195 566304 294769 327469 321844 ,610467 841426 356689 511423 217864 918195 566304 294769 327469 321844 
115072 143546 537550 558762 277968 382670 426098 511499 436811 633516 ,115072 143546 537550 558762 277968 382670 426098 511499 436811 633516 
393652 416038 604023 901611 900493 100755 99523 280553 574924 93401 ,393652 416038 604023 901611 900493 100755 99523 280553 574924 93401 
541227 264637 83049 917249 457796 438140 662059 380973 497330 421786 ,541227 264637 83049 917249 457796 438140 662059 380973 497330 86436 
298649 56748 693342 529583 416681 777129 950488 25821 225655 235126 ,298649 56748 693342 529583 416681 777129 950488 25821 225655 235126 
935599 122311 229857 873005 989363 788172 264998 180704 213994 393119 ,935599 122311 229857 873005 788172 264998 180704 213994 393119 241382 
650753 846777 526143 995556 996379 853927 393119 564531 618106 633980 ,650753 846777 526143 995556 996379 853927 393119 564531 618106 633980 
956040 290948 480655 825523 706167 740044 497284 122311 315629 501957 ,956040 290948 480655 825523 706167 740044 497284 122311 315629 501957 
956344 735007 431554 30279 262002 533313 85465 322130 393814 748275 ,956344 735007 431554 30279 262002 533313 85465 322130 393814 748275 
559888 194725 144770 405415 89809 841947 116872 711982 321161 696386 ,559888 194725 144770 405415 89809 841947 116872 711982 321161 696386 
195522 964813 115611 910864 467349 445049 911442 123340 926547 226632 ,195522 964813 115611 910864 467349 445049 911442 123340 926547 226632 
262002 264324 23613 111184 420812 87158 467349 85465 758097 352363 ,262002 264324 23613 111184 420812 87158 467349 85465 758097 352363 
761292 491014 599595 279350 210963 991189 508288 740296 912945 510333 ,761292 491014 599595 279350 210963 991189 508288 740296 912945 510333 
735659 891824 529583 826155 477731 276077 657580 716010 77522 608565 ,735659 891824 529583 826155 477731 276077 657580 716010 77522 608565 
568746 359496 813105 567421 320038 114153 358580 784495 914949 150613 ,568746 359496 813105 567421 320038 114153 358580 784495 914949 150613 
369093 2930 34927 206719 274218 112465 973477 114277 512006 161710 ,369093 2930 34927 206719 274218 112465 973477 114277 512006 161710 
161205 270039 1144 87484 279350 491014 492666 253786 215571 986341 ,161205 270039 1144 87484 279350 491014 492666 253786 215571 986341 
156354 530684 567778 87158 415969 682676 262002 467515 23613 384799 ,156354 530684 567778 87158 415969 682676 262002 467515 23613 384799 
900940 754140 66645 404782 322058 939010 513744 688828 964813 273893 ,900940 754140 66645 322058 939010 513744 964813 273893 466551 130675 
416681 608565 672846 61661 834041 141190 39331 148904 950488 358580 ,416681 608565 672846 61661 834041 141190 39331 148904 950488 358580 
452143 562878 990474 748338 719154 361475 400014 930135 690421 773063 ,452143 562878 990474 748338 719154 361475 400014 930135 690421 773063 
363945 512147 481286 787178 969218 982464 151470 420812 909255 431554 ,363945 512147 481286 787178 969218 982464 151470 420812 909255 431554 
570841 698725 725891 364886 26784 794705 530684 431554 437035 389682 ,570841 698725 725891 364886 26784 794705 530684 431554 437035 389682 
350777 469727 279506 803951 326436 481286 366116 524807 725891 750182 ,350777 469727 279506 803951 326436 481286 366116 524807 725891 750182 
575978 744966 422182 737215 695040 688153 787178 901327 38798 654915 ,575978 744966 422182 737215 695040 688153 787178 901327 38798 654915 
45325 188773 781593 987694 543016 117832 80253 231410 125001 363926 ,45325 188773 781593 987694 543016 117832 80253 231410 125001 363926 
359113 721706 866971 897376 791677 877239 857003 794651 413685 100652 ,359113 721706 866971 897376 791677 877239 857003 794651 413685 842587 
208761 536179 158745 546342 24619 945868 459754 824684 656105 893233 ,208761 536179 158745 546342 24619 945868 459754 824684 656105 893233 
305859 419327 808143 216394 622071 273099 500114 381161 675674 368348 ,305859 419327 808143 216394 622071 273099 500114 381161 675674 368348 
483792 328386 950158 174951 731350 560369 73596 808143 314764 466626 ,483792 328386 950158 174951 731350 560369 73596 808143 314764 466626 
812174 946382 475496 198376 732184 276524 737551 969703 57933 82734 ,812174 946382 475496 198376 732184 276524 737551 969703 57933 82734 
569952 684207 419327 216394 152594 524742 699311 600971 424311 208761 ,569952 684207 419327 152594 524742 699311 600971 424311 208761 128042 
216723 850897 717868 779669 821701 971102 640564 645859 587461 743458 ,216723 850897 717868 779669 821701 971102 640564 645859 587461 743458 
686133 809039 857181 994208 9887 982213 604319 37851 858101 821385 ,686133 809039 857181 994208 9887 982213 604319 37851 858101 821385 
269693 117764 459817 751811 430350 192072 297217 391850 130785 107342 ,269693 117764 459817 751811 430350 192072 297217 391850 130785 107342 
570343 545324 400163 549329 599496 52867 685450 608788 618502 510362 ,570343 545324 400163 549329 599496 52867 685450 608788 618502 510362 
973736 416784 628681 923964 803907 896194 82734 719926 591056 807098 ,973736 416784 923964 803907 896194 82734 719926 591056 807098 799986 
872565 13485 754638 721097 789186 458923 875828 261713 178672 260755 ,872565 13485 754638 721097 789186 458923 261713 178672 260755 696490 
308861 497638 630046 109212 304756 157117 354842 741929 963919 354892 ,308861 497638 630046 109212 304756 157117 354842 741929 963919 354892 
931624 168573 267754 947049 884659 410024 913058 267587 723682 302172 ,931624 168573 267754 947049 884659 410024 913058 267587 723682 302172 
653852 924566 449928 576431 554545 192273 444881 910462 658388 445485 ,653852 924566 449928 576431 554545 192273 444881 910462 658388 445485 
571874 656695 446261 476945 102868 689926 607356 57022 994188 510522 ,571874 656695 446261 476945 102868 689926 607356 57022 994188 510522 
933479 124781 797778 834417 302172 870053 405428 125255 109370 738294 ,933479 124781 797778 834417 302172 870053 405428 125255 109370 655947 
532962 60576 435065 919205 884659 868583 841649 991095 751971 699020 ,532962 60576 435065 919205 884659 868583 841649 991095 751971 699020 
159230 407412 687199 888670 87948 518708 640845 117641 21612 65271 ,159230 407412 687199 888670 87948 518708 640845 117641 21612 65271 
698271 925751 174189 136367 174132 953872 611510 138805 74360 767392 ,698271 925751 174189 136367 174132 611510 138805 74360 767392 996672 
550805 788355 437195 431335 660223 110951 639538 424683 231275 732257 ,550805 788355 431335 660223 110951 639538 424683 231275 732257 788359 
452443 307829 357109 255744 283685 931630 808631 562221 178672 469319 ,452443 307829 357109 255744 283685 931630 808631 562221 178672 469319 
110951 321482 822069 511938 521900 452073 638039 307829 602374 994751 ,110951 321482 822069 511938 521900 452073 638039 307829 602374 994751 
641582 259278 224040 931711 619043 868351 936118 800809 946641 346389 ,641582 259278 224040 931711 619043 868351 936118 800809 946641 346389 
242436 830659 265955 935114 908378 365116 367689 862861 455434 396603 ,242436 830659 265955 935114 908378 365116 367689 862861 455434 396603 
387068 732608 712431 364914 184873 364885 760430 942158 935828 77850 ,387068 732608 712431 364914 184873 364885 760430 942158 935828 77850 
309067 596942 420619 452782 336563 632838 899207 202084 886927 250021 ,309067 596942 420619 452782 336563 632838 899207 202084 886927 250021 
969645 250021 947333 18892 706525 520519 23213 966284 486435 462924 ,969645 250021 947333 18892 706525 520519 23213 966284 486435 462924 
342103 629073 712431 501882 409216 310346 460404 77850 117596 480952 ,342103 629073 712431 501882 409216 310346 460404 77850 117596 480952 
563212 673937 292047 337838 517531 430739 188978 458208 381437 392424 ,563212 673937 292047 337838 517531 430739 188978 458208 381437 392424 
785878 893428 825248 666888 655715 478038 445672 322117 536486 920470 ,785878 893428 825248 666888 655715 478038 445672 322117 536486 920470 
430495 123596 26384 290795 615523 936813 438600 542491 684339 92969 ,430495 123596 26384 290795 615523 936813 438600 542491 684339 92969 
30847 690742 567782 602085 525079 90499 178546 30139 233366 496885 ,30847 690742 567782 602085 525079 90499 178546 30139 233366 496885 
324479 68270 821579 523627 743325 503032 390995 530809 800870 487173 ,324479 68270 821579 523627 743325 503032 390995 530809 800870 487173 
250340 146207 371294 970164 202084 857719 420619 408487 970846 541830 ,250340 146207 371294 970164 202084 857719 420619 408487 970846 541830 
292047 639175 232097 811746 254221 324353 340445 915396 606901 673937 ,292047 639175 232097 811746 254221 324353 340445 915396 606901 673937 
854229 956632 190795 703280 826720 64099 724940 131499 483202 511180 ,854229 956632 190795 703280 826720 64099 724940 131499 483202 511180 
94697 43966 704603 331445 983084 343568 981109 415908 536064 545915 ,94697 43966 704603 331445 983084 343568 981109 415908 536064 545915 
428408 794427 599250 249000 900784 659817 189300 59464 306186 854762 ,428408 794427 599250 249000 900784 659817 189300 59464 306186 854762 
22453 350395 762846 12926 566343 101288 473048 734910 384658 719205 ,22453 350395 762846 12926 566343 101288 473048 734910 384658 719205 
15690 704944 852157 989558 775932 764507 838610 157527 859869 491926 ,15690 704944 852157 989558 775932 764507 838610 157527 859869 491926 
885875 772266 611367 808847 824608 885011 232466 275018 666873 254587 ,885875 772266 611367 808847 824608 885011 232466 275018 666873 254587 
856271 180114 161188 77553 614815 9339 190982 232466 201389 535485 ,856271 180114 161188 77553 614815 9339 190982 232466 201389 535485 
979679 895859 890727 112369 834697 553711 81737 891937 703058 433930 ,979679 895859 890727 112369 834697 553711 81737 891937 703058 433930 
290516 397546 253906 957569 436534 600562 794194 646948 464658 674552 ,290516 397546 253906 957569 436534 600562 794194 646948 464658 674552 
64930 235599 872346 889376 975799 957569 226752 625606 727053 179614 ,64930 235599 872346 889376 975799 957569 226752 625606 727053 179614 
724771 723187 464003 333306 313686 807079 272762 715145 691830 875152 ,724771 723187 464003 333306 313686 807079 272762 715145 691830 875152 
227928 948843 493341 507173 132168 255593 710027 192558 271112 526289 ,227928 948843 493341 507173 132168 255593 710027 192558 271112 526289 
567695 111196 834697 853906 521273 924934 127173 221108 82593 467133 ,567695 111196 834697 853906 521273 924934 127173 221108 82593 467133 
919780 949341 274848 269778 843306 670379 947601 742959 679861 868474 ,919780 949341 274848 269778 843306 670379 947601 742959 679861 868474 
124580 496918 384658 255337 662974 112685 282779 549545 83337 770382 ,124580 496918 384658 255337 662974 112685 282779 549545 83337 770382 
900664 640 149769 169623 162446 306664 168088 758999 237376 295334 ,900664 640 149769 169623 162446 306664 168088 758999 237376 295334 
832625 814107 691414 650431 290506 125242 474560 110313 996558 851618 ,832625 814107 691414 650431 290506 125242 474560 110313 851618 70693 
527393 892760 666646 662761 790958 667726 420692 406379 748273 535577 ,527393 892760 666646 662761 790958 667726 420692 406379 748273 535577 
337514 716526 683599 566399 292634 563910 68367 105 818717 514618 ,337514 716526 683599 566399 292634 563910 68367 105 818717 514618 
104265 496559 539526 918855 391962 219619 383659 526188 202242 569657 ,104265 496559 539526 918855 219619 383659 526188 202242 569657 140367 
706762 500973 635456 931162 707839 713763 631851 700287 733923 240377 ,706762 500973 635456 931162 707839 713763 631851 700287 733923 240377 
334116 36965 788818 392608 386555 650260 700083 227144 551934 468949 ,334116 36965 788818 392608 386555 650260 700083 227144 551934 468949 
986358 763220 672630 883261 680175 900997 187401 182119 619146 873019 ,986358 763220 672630 883261 680175 900997 187401 182119 619146 873019 
775577 19145 958087 642920 542576 533832 893239 394445 772573 842126 ,775577 19145 958087 642920 542576 533832 893239 394445 842126 791230 
467860 222939 384633 510546 308596 576368 604150 83699 983839 527545 ,467860 222939 384633 510546 308596 576368 604150 83699 983839 527545 
752621 328118 752450 983485 551557 673555 581030 126483 522884 410259 ,752621 328118 752450 983485 551557 673555 581030 126483 522884 410259 
62437 685554 153906 549225 437553 261952 763530 119489 413875 684549 ,62437 685554 153906 549225 437553 261952 763530 119489 684549 168634 
881710 516947 565941 713308 616864 867055 576369 991628 266874 565071 ,881710 516947 565941 713308 616864 867055 576369 991628 266874 565071 
70730 432330 822639 369910 526504 341305 3864 412975 387069 129308 ,70730 432330 822639 369910 526504 341305 3864 387069 129308 126870 
128828 790958 259883 358435 571003 522634 68441 489853 167803 99009 ,128828 790958 259883 358435 571003 522634 68441 489853 167803 99009 
169661 529205 412975 969058 184793 706687 184099 59535 70268 369910 ,169661 529205 412975 969058 184793 706687 184099 59535 70268 369910 
489853 358435 307206 128828 15436 73213 153906 546098 522634 528845 ,489853 358435 307206 128828 15436 73213 153906 546098 522634 528845 
582297 757067 776079 894807 876829 964260 820173 452792 641793 504137 ,582297 757067 776079 894807 876829 964260 820173 452792 641793 504137 
690563 970682 366283 720058 812720 489279 715043 996558 592175 813869 ,690563 970682 366283 720058 812720 489279 715043 996558 592175 813869 
887920 677343 385723 126794 352136 548286 519531 689105 974676 524375 ,887920 677343 385723 126794 352136 548286 519531 689105 974676 524375 
670042 99009 522634 686495 259883 180035 214258 361792 528519 316151 ,670042 99009 522634 686495 259883 180035 214258 361792 528519 316151 
817729 142583 325765 30359 427798 22039 443586 183465 638837 328943 ,817729 142583 325765 30359 427798 22039 443586 183465 638837 328943 
125284 363829 248270 826898 994634 321629 429894 145352 430902 169133 ,125284 363829 248270 826898 994634 321629 429894 145352 430902 169133 
569727 469046 917596 247976 249407 425430 541124 254074 649684 657930 ,569727 469046 917596 247976 249407 425430 541124 254074 649684 657930 
110603 170222 813410 374641 952715 798897 962712 397195 416224 703046 ,110603 170222 813410 374641 952715 798897 962712 397195 416224 703046 
234614 832680 903660 754501 814012 467594 274864 406402 708124 194986 ,234614 832680 903660 754501 814012 467594 274864 406402 708124 194986 
630769 464989 613484 94912 83157 866707 372766 473443 517171 344421 ,630769 464989 613484 94912 866707 372766 473443 517171 344421 754719 
890060 450278 569487 874277 944218 686918 450118 558511 442355 864841 ,890060 450278 569487 874277 944218 686918 450118 558511 442355 864841 
782200 612401 573407 899667 63759 552542 815148 135389 391111 794760 ,782200 612401 573407 899667 63759 552542 815148 135389 391111 794760 
849681 407835 473443 695137 613484 83157 961184 517171 29503 646036 ,849681 407835 473443 695137 613484 83157 961184 517171 29503 646036 
703543 519446 992318 510178 400253 373084 47297 917369 81505 632008 ,703543 992318 510178 400253 373084 47297 632008 815148 225761 635286 
105346 935085 357025 936078 455867 210106 620014 182395 976630 749987 ,105346 935085 357025 936078 455867 210106 620014 182395 976630 749987 
515474 729246 880589 635003 495432 866568 349144 905016 350361 868674 ,515474 729246 880589 635003 495432 866568 349144 905016 350361 868674 
14822 554486 221159 303481 553091 254888 56102 610029 241584 226436 ,14822 554486 221159 303481 553091 254888 56102 610029 241584 226436 
769933 426873 507531 421083 907413 171798 10775 814182 790235 415698 ,769933 426873 507531 421083 907413 171798 10775 814182 790235 415698 
344116 222416 282885 850064 475642 491693 94924 581701 645644 297457 ,344116 222416 282885 850064 475642 491693 94924 581701 645644 297457 
90802 786577 440794 916898 283682 210104 84139 565477 173424 611462 ,90802 786577 440794 916898 210104 84139 565477 173424 611462 857971 
910967 923413 292121 200627 342730 711085 773181 151366 333060 280352 ,910967 923413 292121 200627 342730 711085 773181 151366 333060 280352 
33459 922113 581305 726128 804280 949323 333223 505212 896967 672501 ,33459 922113 581305 726128 804280 949323 333223 505212 896967 672501 
389493 798442 497635 592589 810548 504430 719598 592925 379419 572339 ,389493 798442 497635 592589 810548 504430 719598 592925 379419 572339 
592589 340937 119627 293179 705645 435109 798442 269354 233643 676287 ,592589 340937 119627 293179 705645 798442 269354 233643 676287 940807 
261786 475525 719856 529211 232871 305028 532658 71319 413795 740594 ,261786 475525 719856 529211 232871 305028 532658 71319 413795 740594 
421785 558308 196003 889587 82483 831139 728956 350305 173424 283278 ,421785 558308 196003 889587 82483 831139 728956 350305 173424 283278 
266440 851640 347758 133795 542333 127360 432598 539913 819580 267564 ,266440 851640 347758 133795 542333 127360 432598 539913 819580 267564 
781107 611462 227357 549947 32246 173424 412523 119627 24549 795465 ,781107 611462 227357 549947 32246 173424 412523 119627 24549 795465 
357687 893055 738882 820797 812572 653776 673130 65821 447857 50090 ,357687 893055 738882 820797 812572 653776 673130 65821 447857 50090 
121718 903553 144121 469264 97869 266769 742448 224388 14883 884701 ,121718 903553 144121 469264 97869 266769 742448 224388 14883 884701 
189597 611462 545218 371704 521879 795465 122173 32246 519784 628181 ,189597 611462 545218 371704 521879 795465 122173 32246 519784 628181 
222782 574138 517541 344461 217409 145651 666202 157633 363884 489075 ,222782 574138 517541 344461 217409 145651 666202 157633 363884 489075 
859555 864498 880900 543513 121900 906494 219161 831485 451972 490725 ,859555 864498 880900 543513 121900 906494 219161 831485 451972 490725 
854085 398398 432598 173464 717026 344891 464257 148483 592560 402437 ,854085 398398 432598 173464 717026 344891 464257 148483 592560 402437 
897236 756691 446630 149881 857525 392266 882498 494617 57371 341946 ,897236 756691 446630 149881 857525 392266 882498 494617 57371 341946 
902409 359466 396235 195262 779449 192114 173464 793852 500267 437416 ,902409 359466 396235 195262 779449 192114 173464 793852 500267 437416 
432598 268344 542333 539913 267564 975519 854085 847511 398398 839305 ,432598 268344 542333 539913 267564 975519 854085 847511 398398 839305 
503927 867166 353170 880742 891224 668300 681769 484785 744845 205153 ,503927 867166 353170 880742 891224 668300 681769 484785 205153 926227 
446196 446383 445936 216771 476610 655442 446634 655985 789278 422022 ,446196 446383 445936 216771 476610 655442 446634 655985 789278 422022 
489075 236260 322387 344461 795034 940807 109718 460191 772954 724610 ,236260 322387 344461 795034 940807 109718 460191 772954 724610 780231 
210104 356723 440794 954802 245401 435109 857971 611462 243403 724610 ,210104 356723 440794 954802 245401 435109 857971 611462 243403 724610 
109577 910753 145651 468632 399417 194804 119627 489075 574138 466641 ,109577 910753 145651 468632 399417 194804 119627 489075 574138 466641 
484630 826679 432598 863778 93808 518838 425988 398398 284810 542333 ,484630 826679 432598 863778 93808 518838 425988 398398 284810 542333 
253882 356935 732217 255000 531983 116662 684676 607057 429771 85313 ,253882 356935 732217 255000 531983 116662 684676 607057 429771 85313 
755402 212345 554262 833278 985930 809126 45030 400879 673479 941014 ,755402 212345 554262 833278 985930 809126 45030 400879 673479 941014 
183008 970640 460043 841170 801293 10111 126839 292214 365345 658740 ,183008 970640 460043 841170 801293 10111 126839 292214 365345 658740 
572936 708133 332540 682945 297388 967493 173278 630263 139244 77588 ,572936 708133 682945 297388 967493 173278 139244 77588 718690 347942 
96815 586067 80871 791034 564287 823078 684753 108909 310623 471475 ,96815 586067 80871 791034 564287 823078 684753 108909 310623 471475 
775796 91373 703389 185640 184404 22255 631818 745212 92447 183008 ,775796 91373 703389 185640 184404 22255 631818 745212 92447 183008 
478824 684677 804389 896884 648240 827439 154169 170180 364866 711778 ,478824 684677 804389 896884 648240 827439 154169 170180 711778 888240 
677854 901631 743028 374893 670003 276839 15700 564771 161823 679621 ,677854 901631 743028 374893 670003 276839 15700 564771 161823 679621 
421055 486696 822029 193309 716510 396913 285531 125059 497486 791034 ,421055 822029 193309 716510 396913 285531 125059 497486 791034 430631 
84214 699505 811132 156055 597791 690148 559596 670044 290387 288589 ,84214 699505 811132 156055 597791 690148 559596 670044 290387 288589 
236561 101587 852777 671720 375267 447999 534491 993738 952858 903292 ,236561 101587 852777 671720 375267 447999 534491 993738 952858 903292 
528957 90715 399845 81286 471475 370072 607057 288589 843369 82971 ,528957 90715 399845 81286 471475 370072 607057 288589 82971 620704 
769491 760711 490160 960564 357515 678110 482730 679392 984757 473477 ,769491 760711 490160 357515 678110 482730 679392 984757 473477 419305 
413103 699751 181368 894064 67496 307964 262060 5195 601032 325696 ,413103 699751 181368 894064 67496 307964 262060 601032 325696 518212 
649750 602984 112903 977081 501017 575133 98039 872367 894064 283827 ,649750 602984 112903 977081 501017 575133 98039 872367 894064 283827 
