GT,Result
644026 83127 132728 352552 663655 489072 661922 39778 112384 444523 ,644026 83127 132728 352552 663655 489072 661922 39778 112384 444523 
874415 120835 666371 556925 287300 939317 480276 478122 593283 732236 ,874415 120835 666371 556925 287300 939317 480276 478122 593283 732236 
636826 406319 120232 423269 960049 415989 638046 159472 496862 191289 ,636826 406319 120232 423269 960049 415989 638046 159472 496862 191289 
80033 291221 280460 310413 429407 363475 75460 363484 516877 79037 ,80033 291221 280460 310413 429407 363475 75460 363484 516877 79037 
502280 881142 142907 837849 842359 261168 684378 845676 820034 459469 ,502280 881142 142907 837849 842359 261168 684378 845676 820034 459469 
311276 886315 869750 383288 50092 781775 148683 164834 972667 51468 ,311276 886315 869750 383288 50092 781775 148683 164834 972667 51468 
235086 953333 646071 627331 620838 961509 878366 148897 263531 969877 ,235086 953333 646071 627331 620838 961509 878366 148897 263531 969877 
345682 766707 834274 970695 567312 971519 768724 990038 314376 12808 ,345682 766707 834274 970695 567312 971519 768724 990038 314376 12808 
27422 75100 364646 203944 134435 413771 125501 731663 461557 944442 ,27422 75100 364646 203944 134435 413771 125501 731663 461557 944442 
537122 768245 255858 530441 269798 64409 107001 529649 141887 961206 ,537122 768245 255858 530441 269798 64409 107001 529649 141887 961206 
383228 880392 173540 453661 727512 183913 736094 425516 606104 195226 ,383228 880392 173540 453661 727512 183913 736094 425516 606104 195226 
448591 660215 249235 53630 641700 864662 661969 968018 682287 346407 ,448591 660215 249235 53630 641700 864662 661969 968018 682287 346407 
416591 475851 334610 759318 870441 577419 373887 410477 633567 767641 ,416591 475851 334610 759318 870441 577419 373887 410477 633567 767641 
125756 144361 272047 481945 840647 276676 822974 619290 981295 340517 ,125756 144361 272047 481945 840647 276676 822974 619290 981295 340517 
883468 357233 971846 436138 35763 753488 353287 172929 33031 987397 ,883468 357233 971846 436138 35763 753488 353287 172929 33031 987397 
984350 99964 904198 902887 304253 633567 758456 370648 410477 826751 ,984350 99964 904198 902887 304253 633567 758456 370648 410477 826751 
150164 175251 999817 40792 859510 321799 291114 740909 900457 40333 ,150164 175251 999817 40792 859510 321799 291114 740909 900457 40333 
551047 144010 949526 295635 626257 619478 111560 739990 726094 252919 ,551047 144010 949526 295635 626257 619478 111560 739990 726094 252919 
763615 83184 294042 423522 545667 453540 488285 307160 278762 453351 ,763615 83184 294042 423522 545667 453540 488285 307160 278762 453351 
835002 208284 722327 725972 664548 745538 539982 413436 539877 763171 ,835002 208284 722327 725972 664548 745538 539982 413436 539877 763171 
725380 725282 473669 899197 895868 150164 652079 974279 879734 783183 ,725380 725282 473669 899197 895868 150164 652079 974279 879734 783183 
238407 177405 823247 335228 170361 662181 574136 135108 953134 790681 ,238407 177405 823247 335228 662181 574136 135108 953134 790681 777874 
941602 400653 27057 721060 831622 384087 638243 1850 286390 838189 ,941602 400653 27057 721060 831622 384087 638243 1850 286390 838189 
93584 67708 188090 726655 660215 721464 392523 801556 851064 260218 ,93584 67708 188090 726655 660215 721464 392523 801556 851064 260218 
69384 121977 790266 315762 55661 107452 552600 350848 364706 868123 ,69384 121977 790266 315762 55661 107452 552600 350848 364706 868123 
679543 301302 285958 92479 668338 221079 678039 434404 91186 618178 ,679543 301302 285958 92479 668338 221079 678039 434404 91186 618178 
637382 688100 844220 165832 797395 909781 228470 172104 273762 515487 ,637382 688100 844220 165832 797395 909781 228470 172104 273762 515487 
681566 268429 229285 755723 33281 362300 779572 32914 772752 624274 ,681566 268429 229285 755723 33281 362300 779572 32914 772752 624274 
65141 1298 29259 14700 292903 408210 468045 429485 941458 437003 ,65141 1298 29259 14700 292903 408210 468045 429485 941458 437003 
21066 2363 848988 604786 903676 302270 438187 449392 973848 958196 ,21066 2363 848988 604786 903676 302270 438187 449392 973848 958196 
557604 991114 764540 718738 839583 992756 979857 604129 443157 765158 ,557604 991114 764540 718738 839583 992756 979857 604129 443157 765158 
133716 347592 790617 890987 837745 246972 250852 796107 869371 611267 ,133716 347592 790617 890987 837745 246972 250852 796107 869371 611267 
242904 73114 372145 783306 580255 214022 134102 432124 62856 182764 ,242904 73114 372145 783306 580255 214022 134102 432124 62856 182764 
889785 880279 666231 143033 852393 552206 644852 871579 868165 728561 ,889785 880279 666231 143033 852393 552206 644852 871579 868165 728561 
666231 550590 462426 871579 880557 955782 508905 880279 215541 400968 ,666231 550590 462426 871579 880557 955782 508905 880279 215541 400968 
375651 861686 231798 155875 27627 954039 568567 624175 674059 481209 ,375651 861686 231798 155875 27627 954039 568567 624175 674059 481209 
194842 841377 160995 341292 630941 506533 81774 224117 690542 110671 ,194842 841377 160995 341292 630941 506533 81774 224117 690542 110671 
472726 738030 929392 676273 317520 189463 187388 102622 677361 647889 ,472726 738030 929392 676273 317520 189463 187388 102622 677361 647889 
13246 275850 154455 716109 367503 275514 797503 310934 731325 214990 ,13246 275850 154455 716109 367503 275514 797503 310934 731325 214990 
351708 844852 499538 515549 341506 6683 604877 763533 423043 30006 ,351708 844852 499538 515549 341506 6683 604877 763533 423043 30006 
819940 733435 17078 187727 9928 970326 563741 929419 431643 493099 ,819940 733435 17078 187727 9928 970326 563741 929419 431643 493099 
27065 578669 40956 685759 874821 543282 149420 126236 472112 316763 ,27065 578669 40956 685759 874821 543282 149420 126236 472112 316763 
764381 640780 52776 541365 866795 157898 125546 211492 361911 637459 ,764381 640780 52776 541365 866795 157898 125546 211492 361911 637459 
866795 569884 951126 730667 637090 145999 664604 113046 55458 284846 ,866795 569884 951126 730667 637090 145999 664604 113046 55458 284846 
517997 331921 720950 525421 839680 142000 6838 410582 83996 830857 ,517997 331921 720950 525421 839680 142000 6838 410582 83996 830857 
639716 501981 806139 495281 351119 111713 163910 668862 525421 697898 ,639716 501981 806139 495281 351119 111713 163910 668862 525421 697898 
615812 434962 118163 528533 342612 30466 728004 352659 973364 679310 ,615812 434962 118163 528533 342612 30466 728004 352659 973364 679310 
267689 435059 461175 15849 564323 710129 595702 531690 31515 663973 ,267689 435059 461175 15849 564323 710129 595702 531690 31515 663973 
833462 55854 89525 306384 90606 873847 518085 545433 82718 68381 ,833462 55854 89525 306384 90606 873847 518085 545433 82718 68381 
528533 434962 151286 263008 719181 283022 234918 514088 679310 276770 ,528533 434962 151286 263008 719181 283022 234918 514088 679310 276770 
624869 259567 717472 863514 454011 496132 977528 629510 143056 855579 ,624869 259567 717472 863514 454011 496132 977528 629510 143056 855579 
911173 29793 291535 203872 216595 310172 53855 780305 47228 972123 ,911173 29793 291535 203872 216595 310172 53855 780305 47228 972123 
610558 711136 710957 993509 727721 366735 710408 777919 674208 434234 ,610558 711136 710957 993509 727721 366735 710408 777919 674208 434234 
996941 833886 396916 517548 226852 519702 27400 796991 418618 153012 ,996941 833886 396916 517548 226852 519702 27400 796991 418618 153012 
352269 692720 178174 491845 947244 67144 246326 314451 600309 225305 ,352269 692720 178174 491845 947244 67144 246326 314451 600309 225305 
42521 377876 546942 731949 571160 419850 106806 633554 795304 912388 ,42521 377876 546942 731949 571160 419850 106806 633554 795304 912388 
466291 35019 677494 370396 73733 203175 836434 480781 10697 66641 ,466291 35019 677494 370396 73733 203175 836434 480781 10697 66641 
570279 452338 174203 41360 212165 687983 86294 10437 497135 455815 ,570279 452338 174203 41360 212165 687983 86294 10437 497135 455815 
935778 625943 987668 562035 964646 218944 181679 92715 984404 216193 ,935778 625943 987668 562035 964646 218944 181679 92715 984404 216193 
747472 190806 897397 969333 971224 837093 810728 113269 823785 813339 ,747472 190806 897397 969333 971224 837093 810728 113269 823785 813339 
101510 178865 364674 263790 513061 612066 433970 834373 230197 178149 ,101510 178865 364674 263790 513061 612066 433970 834373 230197 178149 
695043 104943 107367 272964 595459 232811 822732 266810 987100 88330 ,695043 104943 107367 272964 595459 232811 822732 266810 987100 88330 
970328 683014 738547 671115 533039 744242 401470 621606 811984 696214 ,970328 683014 738547 671115 533039 744242 401470 621606 811984 696214 
83861 488583 303171 497600 528442 497135 248125 731294 747597 487962 ,83861 488583 303171 497600 528442 497135 248125 731294 747597 487962 
233497 929985 33895 499645 237971 701834 1321 342979 66938 791690 ,233497 929985 33895 499645 237971 701834 1321 342979 66938 791690 
868050 12759 450957 819712 298066 837790 130611 45734 226060 271183 ,868050 12759 450957 819712 298066 837790 130611 45734 226060 271183 
927893 420152 116173 485024 357349 256352 234139 918398 963047 965384 ,927893 420152 116173 485024 357349 256352 234139 918398 963047 965384 
730500 493523 988149 868841 15691 681893 570001 393990 553956 189987 ,730500 493523 988149 868841 15691 681893 570001 393990 553956 189987 
448856 465995 121624 275416 861458 520033 480129 279225 568976 254102 ,448856 465995 121624 275416 861458 520033 480129 279225 568976 254102 
225207 774806 165435 180682 696424 515315 124932 596576 611947 266895 ,225207 774806 165435 180682 696424 515315 124932 596576 611947 266895 
127464 256082 278669 977304 480422 723500 807157 422983 228357 815131 ,127464 256082 278669 977304 480422 723500 807157 422983 228357 815131 
747408 957385 781410 876511 249064 678724 869865 677879 69992 947257 ,747408 957385 781410 876511 249064 678724 869865 677879 69992 947257 
763189 190844 566916 906900 714994 991759 974421 40916 907085 900987 ,763189 190844 566916 906900 714994 991759 974421 40916 907085 900987 
97361 688808 36695 559944 741666 729689 284007 639554 56012 108427 ,97361 688808 36695 559944 741666 729689 284007 639554 56012 108427 
80093 351108 466326 83591 303018 264201 146597 770753 448885 603382 ,80093 351108 466326 83591 303018 264201 146597 770753 448885 603382 
811613 982543 217057 922283 849310 662500 544312 972904 36431 848699 ,811613 982543 217057 922283 849310 662500 544312 972904 36431 848699 
643948 789029 900987 638716 537181 901561 450001 567949 190844 675304 ,643948 789029 900987 638716 537181 901561 450001 567949 190844 675304 
466316 97419 201742 357159 240564 512176 388738 309314 5170 702843 ,466316 97419 201742 357159 240564 512176 388738 309314 5170 702843 
44218 464527 977396 92071 691453 447960 264892 224023 936353 474161 ,44218 464527 977396 92071 691453 447960 264892 224023 936353 474161 
479901 753974 52161 537380 617776 454280 807913 987689 723973 499188 ,479901 753974 52161 537380 617776 454280 807913 987689 723973 499188 
496172 331048 12580 907670 415346 476177 156615 94039 476999 86322 ,496172 331048 12580 907670 415346 476177 156615 94039 476999 86322 
293717 277726 272238 33730 254851 526847 174369 27625 399459 944642 ,293717 277726 272238 33730 254851 526847 174369 27625 399459 944642 
807731 86746 143650 465562 204019 905833 91088 567372 848186 303053 ,807731 86746 143650 465562 204019 905833 91088 567372 848186 303053 
523287 790600 701620 853757 781601 36379 943737 526883 649608 982121 ,523287 790600 701620 853757 781601 36379 943737 526883 649608 982121 
170929 546238 900027 864584 802963 946526 939226 581098 455334 2751 ,170929 546238 900027 864584 802963 946526 939226 581098 455334 2751 
806455 985742 698607 661369 434133 240439 632059 403075 117261 594765 ,806455 985742 698607 661369 434133 240439 632059 403075 117261 594765 
699483 578568 185084 117695 143670 748350 488493 88348 615161 110155 ,699483 578568 185084 117695 143670 748350 488493 88348 615161 110155 
43875 363371 524805 518085 133216 815408 98044 127464 81561 305111 ,43875 363371 524805 518085 133216 815408 98044 127464 81561 305111 
265059 266580 222380 229035 887912 292615 558362 60537 301822 941343 ,265059 266580 222380 229035 887912 292615 558362 60537 301822 941343 
581073 210768 368352 272449 237581 741747 329325 467584 299517 384940 ,581073 210768 368352 272449 237581 741747 329325 467584 299517 384940 
405990 10290 687561 774255 773628 896860 36749 739727 961504 905611 ,405990 10290 687561 774255 773628 896860 36749 739727 961504 905611 
788344 716707 766678 766321 594894 250284 805330 461730 876897 419195 ,788344 716707 766678 766321 594894 250284 805330 461730 876897 419195 
558132 530286 334182 798674 606743 658457 523176 276191 187211 10689 ,558132 530286 334182 798674 606743 658457 523176 276191 187211 10689 
803229 107090 843996 729531 797703 15062 10759 795654 10600 388689 ,803229 107090 843996 729531 797703 10759 795654 10600 388689 275370 
260639 484043 670431 11844 197742 815045 758488 462416 253798 219836 ,260639 484043 670431 11844 197742 815045 758488 462416 253798 219836 
500495 196170 107084 125178 985247 608670 456854 815875 900748 947700 ,500495 196170 107084 125178 985247 456854 815875 900748 947700 755383 
146670 54476 133082 8123 509901 564961 787080 379141 875548 426219 ,146670 54476 133082 8123 509901 564961 787080 379141 875548 426219 
369492 390920 221261 185212 40955 333585 66167 949207 734224 395245 ,369492 390920 221261 185212 40955 333585 66167 949207 734224 395245 
597988 285014 748806 365420 417907 563427 726506 607073 670917 719587 ,597988 285014 748806 365420 417907 563427 726506 607073 670917 719587 
280686 485266 326731 933213 588567 872028 729144 75828 354462 46854 ,280686 485266 326731 933213 588567 872028 729144 75828 354462 46854 
309063 449142 843289 965615 810910 904498 872507 428749 842272 705084 ,309063 449142 843289 965615 810910 904498 872507 428749 842272 705084 
113089 224342 780183 405885 436964 232655 562747 853911 696386 522522 ,113089 224342 780183 405885 436964 232655 562747 853911 696386 522522 
513783 618525 664467 253448 682385 520434 85006 173038 861897 22303 ,513783 618525 664467 253448 682385 520434 85006 173038 861897 22303 
517243 168402 94526 279350 791507 210929 245616 691607 151165 215571 ,517243 168402 94526 279350 791507 210929 245616 691607 151165 215571 
375244 450132 207992 12113 11706 119352 29097 47159 785489 469309 ,375244 450132 207992 12113 11706 119352 29097 47159 469309 77171 
972527 674729 836118 782685 221917 816230 674894 22596 593082 966336 ,972527 674729 836118 782685 221917 816230 674894 22596 593082 966336 
504236 800517 661624 589716 788832 382298 64860 668069 57896 910587 ,504236 800517 661624 589716 788832 382298 64860 668069 57896 910587 
376357 797388 238024 431575 408043 728863 196894 598285 331968 268089 ,376357 797388 238024 431575 408043 728863 196894 598285 331968 268089 
764602 917564 870248 538689 349621 990743 592344 560970 523525 223520 ,764602 917564 870248 538689 349621 990743 592344 560970 523525 223520 
798523 805377 844724 174985 777828 990872 212449 409354 802517 428020 ,798523 805377 844724 174985 777828 990872 212449 409354 802517 428020 
597429 85075 679205 199955 15086 746381 862980 809824 405415 510964 ,597429 85075 679205 199955 15086 746381 862980 809824 405415 510964 
326553 773427 275147 966026 260558 408544 45398 772968 854788 26790 ,326553 773427 275147 966026 260558 408544 45398 772968 854788 26790 
522198 662087 429054 993419 248805 125712 295452 506038 413233 281348 ,522198 662087 429054 993419 248805 125712 295452 506038 413233 281348 
210755 308102 281543 458477 511670 515068 234639 326293 99551 308068 ,210755 308102 281543 458477 511670 515068 234639 326293 99551 308068 
308038 919550 960901 496679 14032 938364 59900 121739 916592 886434 ,308038 919550 960901 496679 14032 938364 59900 121739 916592 886434 
402446 567816 498496 243637 942682 487834 29950 805039 449937 305190 ,402446 567816 498496 243637 942682 487834 29950 805039 449937 305190 
149909 335949 751251 412362 737383 70832 442385 501237 805520 102574 ,149909 335949 751251 412362 737383 70832 442385 501237 805520 102574 
715962 99718 698861 664689 78337 111754 311581 431637 309483 662141 ,715962 99718 698861 664689 78337 111754 311581 431637 309483 662141 
641489 101668 634746 569524 200395 73368 833588 541848 748411 398692 ,641489 101668 634746 569524 200395 73368 833588 541848 748411 398692 
371167 969187 797736 958301 617877 560793 835221 639473 839560 497805 ,371167 969187 797736 958301 617877 560793 835221 639473 839560 497805 
936003 49823 344980 200824 478506 500416 47729 937928 963435 146599 ,936003 49823 344980 200824 478506 500416 47729 937928 963435 146599 
723993 472026 430866 418344 134102 270436 778529 498496 208854 423765 ,723993 472026 430866 418344 134102 270436 778529 498496 208854 423765 
296718 609450 672735 782010 781274 969779 993264 289718 402138 775520 ,296718 609450 672735 782010 781274 969779 993264 289718 402138 775520 
148928 164309 117128 698998 208854 572905 376003 340763 498496 972940 ,148928 164309 117128 698998 208854 572905 376003 340763 498496 972940 
196527 107243 222873 547349 425640 433907 595460 823677 130798 876841 ,196527 107243 222873 547349 425640 433907 595460 823677 130798 876841 
36725 809141 498496 208859 391828 658262 264288 416218 323999 713777 ,36725 809141 498496 208859 391828 658262 264288 416218 323999 713777 
207814 579574 428006 726954 898806 6017 479202 200855 768275 775880 ,207814 579574 428006 726954 898806 6017 479202 200855 768275 775880 
240648 900318 482500 59642 542522 856722 619499 848054 849659 886142 ,240648 900318 482500 59642 542522 856722 619499 848054 849659 886142 
821736 814770 473623 191211 322993 444918 281551 429749 493663 781655 ,821736 814770 473623 191211 322993 444918 281551 429749 493663 781655 
896533 277369 843862 405336 217219 246643 670325 868684 403368 435638 ,896533 277369 843862 405336 217219 246643 670325 868684 403368 435638 
942666 947667 66076 513160 842620 868684 856301 132010 852258 367965 ,942666 947667 66076 513160 842620 868684 856301 132010 852258 367965 
854929 748055 407767 947213 305580 264822 529447 504635 430891 397826 ,854929 748055 407767 947213 305580 264822 529447 504635 430891 397826 
763944 468601 798633 29593 805039 917912 176621 353013 381641 956035 ,763944 468601 798633 29593 805039 917912 176621 353013 381641 956035 
506215 429495 611520 389926 381641 487393 280395 658262 291896 552067 ,506215 429495 611520 389926 381641 487393 280395 658262 291896 552067 
982467 938364 848597 853185 443340 848510 496679 71883 791365 881461 ,982467 938364 848597 853185 443340 848510 496679 71883 791365 881461 
718345 91268 973778 87991 199022 153757 94182 562435 311383 869074 ,718345 91268 973778 87991 199022 153757 94182 562435 311383 869074 
654645 902652 190047 878008 216081 804394 652592 996428 423381 824714 ,654645 902652 190047 878008 216081 804394 652592 996428 423381 824714 
814770 780641 210563 544717 639864 525404 615329 762088 473536 803733 ,814770 780641 210563 544717 639864 525404 615329 762088 473536 803733 
656246 476911 207688 814310 447225 477177 656588 709822 654803 721156 ,656246 476911 207688 814310 447225 477177 656588 709822 654803 721156 
141593 577847 972835 595190 309064 328561 799061 435974 598855 115282 ,141593 577847 972835 595190 309064 328561 799061 435974 598855 115282 
836420 626884 302037 884158 156128 819639 832121 735720 267489 839141 ,836420 626884 302037 884158 156128 819639 832121 735720 267489 839141 
937109 313778 744243 747558 311581 516501 234270 744256 798735 169558 ,937109 313778 744243 747558 311581 516501 234270 744256 798735 169558 
562734 450351 167339 682966 965388 119474 152358 236045 485064 946395 ,562734 450351 167339 682966 965388 119474 152358 236045 485064 946395 
524177 414357 433951 230922 827950 413932 452197 70918 207571 439704 ,524177 414357 433951 230922 827950 413932 452197 70918 207571 439704 
852598 843166 652259 196475 204731 847586 812862 543922 41860 558321 ,852598 843166 652259 196475 204731 847586 812862 543922 41860 558321 
525884 703274 877017 190642 272300 60814 848187 983018 853185 910019 ,525884 703274 877017 190642 272300 60814 848187 983018 853185 910019 
815217 923220 805016 170217 598752 629056 586695 790377 970530 844162 ,815217 923220 805016 170217 598752 629056 586695 790377 970530 844162 
563173 865594 289406 34355 606275 625767 125274 637574 173691 410869 ,563173 865594 289406 34355 606275 625767 125274 637574 173691 410869 
882373 454987 519850 797391 105907 945657 892915 46212 494415 933306 ,882373 454987 519850 797391 105907 945657 892915 46212 494415 933306 
56620 55130 911983 55447 715661 284115 447723 560076 391634 590075 ,56620 55130 911983 55447 715661 284115 447723 560076 391634 590075 
205888 777465 254510 294178 775145 868024 773427 2633 596593 741954 ,205888 777465 254510 294178 775145 868024 773427 2633 596593 741954 
109040 358973 967830 257986 124896 72294 91371 977439 285526 798376 ,109040 358973 967830 257986 124896 72294 91371 977439 285526 798376 
561929 254116 134863 251976 385177 92328 59919 979524 477318 572856 ,561929 254116 134863 251976 385177 92328 59919 979524 477318 572856 
684141 799395 106600 802575 771987 634496 614921 469759 467667 107357 ,684141 799395 106600 802575 771987 634496 614921 469759 467667 107357 
736771 427731 685271 478865 740549 905762 461244 134503 451519 443794 ,736771 427731 685271 478865 740549 905762 461244 134503 451519 443794 
227186 249336 740656 314763 990028 307615 742221 920674 773556 800216 ,227186 249336 740656 314763 990028 307615 920674 773556 800216 544295 
529240 377459 467684 684699 350441 669925 351026 127977 433160 225648 ,529240 377459 467684 684699 350441 669925 351026 127977 433160 225648 
503698 350120 963404 796063 879675 223078 842284 60363 855972 157443 ,503698 350120 963404 796063 879675 223078 842284 60363 855972 157443 
684312 64410 149479 380979 187533 948697 621936 228535 484266 803183 ,684312 64410 149479 380979 187533 948697 621936 228535 484266 803183 
911049 404842 835957 905170 87697 837268 186339 995632 896526 834853 ,911049 404842 835957 905170 87697 837268 186339 995632 896526 834853 
265698 77329 406755 363225 958734 18184 214631 203862 297824 331352 ,265698 77329 406755 363225 958734 18184 214631 203862 297824 331352 
225648 330898 174993 631202 616465 272636 364809 71027 96478 63664 ,225648 330898 174993 631202 616465 272636 364809 71027 96478 63664 
631362 311945 77089 724289 896803 517882 105244 360717 605135 12964 ,631362 311945 77089 724289 896803 517882 105244 360717 605135 12964 
798470 833336 573837 839244 418840 486223 302038 576316 209622 695186 ,798470 833336 573837 839244 418840 486223 302038 576316 209622 695186 
584588 720753 542426 79777 12964 411060 1123 724102 209339 823472 ,584588 720753 542426 79777 12964 411060 1123 724102 209339 823472 
49722 416814 907254 747853 740039 54093 622905 627751 813652 918508 ,49722 416814 907254 747853 740039 54093 622905 627751 813652 918508 
653141 653418 278702 653873 424051 305760 662919 158220 702344 791658 ,653141 653418 278702 653873 424051 305760 662919 158220 702344 791658 
40715 940984 880192 516378 971342 258884 912383 366709 789960 767699 ,40715 940984 880192 516378 971342 258884 912383 366709 789960 767699 
76502 390079 244564 932001 435182 120786 475635 315840 239375 469833 ,76502 390079 244564 932001 435182 120786 475635 315840 239375 469833 
797030 31813 629024 133714 584764 177587 158279 464573 879070 981410 ,797030 31813 629024 133714 584764 177587 158279 464573 879070 981410 
94749 131103 566270 547053 12925 425575 5977 495387 771503 124935 ,94749 131103 566270 547053 12925 425575 5977 495387 771503 124935 
396051 160548 262876 887600 92130 662234 578272 530354 229134 710588 ,396051 160548 262876 887600 92130 662234 578272 530354 229134 710588 
773853 708771 236695 347445 156436 291593 361546 95325 248518 353438 ,773853 708771 236695 347445 156436 291593 361546 95325 248518 353438 
345474 917866 162088 21881 672122 590917 530354 743971 797403 812791 ,345474 917866 162088 21881 672122 590917 530354 743971 797403 812791 
592478 567599 28666 863917 871369 441077 139384 140887 610517 242223 ,592478 567599 28666 863917 871369 441077 139384 140887 610517 242223 
359814 451325 426331 376049 759087 323197 778428 637440 730277 720001 ,359814 451325 426331 376049 759087 323197 778428 637440 730277 720001 
380202 651848 839952 116660 998122 960459 116210 760595 774191 569768 ,380202 651848 839952 116660 998122 960459 116210 760595 774191 569768 
405098 420078 152559 518738 495030 110891 623017 807100 232495 337801 ,405098 420078 152559 518738 495030 110891 623017 807100 232495 337801 
209339 178109 913950 601303 845278 58730 314300 237960 721043 855110 ,209339 178109 913950 601303 845278 58730 314300 237960 721043 855110 
758432 783002 656366 970375 577275 75196 868466 752193 522202 853641 ,758432 783002 656366 970375 577275 75196 868466 752193 522202 853641 
278875 292823 559008 609848 216739 636826 452299 502542 742238 385988 ,278875 292823 559008 609848 216739 636826 452299 502542 742238 385988 
969085 565041 959314 936067 503543 663923 510079 700121 775427 116242 ,969085 565041 959314 936067 503543 663923 510079 700121 775427 116242 
904090 667728 306595 526529 567556 742468 772195 324446 748222 717047 ,904090 667728 306595 526529 567556 742468 772195 324446 748222 717047 
115886 408167 483806 923745 699830 945389 946553 361939 442105 722979 ,115886 408167 483806 923745 699830 945389 946553 361939 442105 722979 
902607 598053 905256 538631 882769 149165 214452 195343 882445 682225 ,902607 598053 905256 882769 149165 214452 195343 882445 682225 23155 
198252 277068 204620 19791 145345 353411 360983 877213 396416 435133 ,277068 198252 204620 19791 145345 360983 877213 396416 435133 561492 
80761 30330 65496 370773 567753 524825 108201 117784 305012 400625 ,80761 30330 65496 370773 567753 524825 108201 117784 305012 400625 
987584 52119 929416 613218 358023 249973 813339 214718 861874 910904 ,987584 52119 929416 613218 358023 249973 813339 214718 861874 910904 
306595 105432 472362 709043 741784 510901 352286 634967 717047 748952 ,306595 105432 472362 709043 741784 510901 352286 634967 717047 748952 
740482 322764 430615 352008 146479 875570 613154 934438 975724 251141 ,740482 322764 430615 352008 146479 875570 613154 934438 975724 251141 
480261 843684 241794 812069 552549 976310 269707 44419 28608 462638 ,480261 843684 241794 812069 552549 976310 269707 44419 28608 462638 
388081 798021 954768 70641 271331 401294 159032 629295 164578 834998 ,388081 798021 954768 70641 271331 401294 159032 629295 164578 834998 
86174 279508 72838 490868 88005 261483 321481 996019 496947 771345 ,86174 279508 72838 490868 88005 261483 321481 996019 496947 771345 
973650 793005 880083 837707 46404 982877 659593 662067 166557 251462 ,973650 793005 880083 837707 46404 982877 659593 662067 166557 251462 
186588 401574 888018 207725 909011 650548 415183 856475 471866 108904 ,186588 401574 888018 207725 909011 650548 415183 856475 471866 108904 
885969 686517 876754 353731 228832 689246 194004 862451 151980 626956 ,885969 686517 876754 353731 228832 689246 194004 862451 151980 626956 
931633 915889 224926 843682 886540 472274 931877 268264 931707 653263 ,931633 915889 224926 843682 886540 472274 931877 268264 931707 653263 
947854 780342 59852 934557 61077 53776 518372 154628 46077 407102 ,947854 780342 59852 934557 61077 53776 518372 154628 46077 407102 
511522 662810 739188 254377 480825 964941 177916 678616 982996 200062 ,511522 662810 739188 254377 480825 964941 177916 678616 982996 200062 
634967 80494 601063 728441 111582 457772 208593 334335 741784 232316 ,634967 80494 601063 728441 111582 457772 208593 334335 741784 232316 
302608 634859 339612 411860 76995 732404 321240 904105 193125 230578 ,302608 634859 339612 411860 76995 732404 321240 904105 193125 230578 
225991 933509 364147 328506 899080 12759 170015 661182 690359 101081 ,225991 933509 364147 328506 899080 12759 170015 661182 690359 101081 
982590 86180 353731 56884 525081 678347 105046 293134 210926 913114 ,982590 86180 353731 56884 525081 678347 105046 293134 210926 913114 
796767 457378 794313 452883 884120 740482 687247 670374 809458 972906 ,796767 457378 794313 452883 884120 740482 687247 670374 809458 972906 
587178 422617 490672 898884 500723 217676 80590 821735 231129 243839 ,587178 422617 490672 898884 500723 217676 80590 821735 231129 243839 
719587 700529 703677 273746 185028 708075 40792 696904 991554 174363 ,719587 700529 703677 273746 185028 708075 40792 696904 991554 174363 
120514 941343 234500 599355 194004 505877 420772 601435 223998 404025 ,120514 941343 234500 599355 194004 505877 420772 601435 223998 404025 
561389 863513 479414 782193 346275 920656 69529 407775 804595 276612 ,561389 863513 479414 782193 346275 920656 69529 407775 804595 276612 
668417 3864 631188 264240 580729 336547 921494 993259 414105 13371 ,668417 3864 631188 264240 580729 336547 921494 993259 414105 13371 
377930 277147 636001 432750 771340 273726 541919 671920 294471 874531 ,377930 277147 636001 432750 771340 273726 541919 671920 294471 874531 
779369 210794 960376 130245 458921 910843 240446 386314 836225 414222 ,779369 210794 960376 130245 458921 910843 240446 386314 836225 414222 
323903 211799 344729 89577 747377 170280 672373 40822 806111 144298 ,323903 211799 344729 89577 747377 170280 672373 40822 806111 144298 
864846 258003 965565 399940 19090 839683 450748 931623 546579 394626 ,864846 258003 965565 399940 19090 839683 450748 931623 546579 394626 
645004 908009 544465 912984 641265 984430 259526 838300 996759 21813 ,645004 908009 544465 912984 641265 984430 259526 838300 996759 21813 
273372 337710 678057 285866 527745 278682 914171 132286 993392 293117 ,273372 337710 678057 285866 527745 278682 914171 132286 993392 293117 
96177 625322 824901 102990 119428 762677 513017 415197 778707 810632 ,96177 625322 824901 102990 119428 762677 513017 415197 778707 810632 
419147 943477 495755 737711 323443 297636 235877 29088 229396 898445 ,419147 943477 495755 737711 323443 297636 235877 29088 229396 898445 
242227 348609 658599 311103 235034 103358 888349 616653 36815 124932 ,242227 348609 658599 311103 235034 103358 888349 616653 36815 124932 
683679 649511 540231 810889 54871 444391 903852 536657 44289 830128 ,683679 649511 540231 810889 54871 444391 903852 536657 44289 830128 
179101 29688 114596 170252 127264 196570 62660 313204 261921 334443 ,179101 29688 114596 170252 127264 196570 62660 313204 261921 334443 
763955 113269 735237 886142 539684 443515 902886 409738 24884 888649 ,763955 113269 735237 886142 539684 443515 902886 409738 24884 888649 
90906 261925 151442 419992 440686 214313 114542 732923 435103 308695 ,90906 261925 151442 419992 440686 214313 114542 732923 435103 308695 
862370 791989 764605 900772 203665 553888 856337 876201 747994 190506 ,862370 791989 764605 900772 203665 553888 856337 876201 747994 190506 
224332 523573 16551 872229 698134 924866 723158 276063 509132 773853 ,224332 523573 16551 872229 698134 924866 723158 276063 509132 773853 
48268 52135 735049 961096 292436 635860 479662 786228 717824 638470 ,48268 52135 735049 961096 292436 635860 479662 786228 717824 638470 
37413 12393 777901 58845 704992 282011 884292 463411 16573 21552 ,37413 12393 777901 58845 704992 282011 884292 463411 16573 21552 
203665 460097 312208 224433 407703 940171 539737 104866 594579 577873 ,203665 460097 312208 224433 407703 940171 539737 104866 594579 577873 
880547 671869 594579 190819 996761 53445 804457 671258 323443 58523 ,880547 671869 594579 190819 996761 53445 804457 671258 323443 58523 
169242 797949 860851 212983 804944 833819 344644 506850 165045 823796 ,169242 797949 860851 212983 804944 833819 344644 506850 165045 823796 
305159 740827 68472 279545 518276 504816 525639 405405 780206 381633 ,305159 740827 68472 279545 518276 504816 525639 405405 780206 381633 
560943 919449 542655 878134 889896 889296 854911 857277 544161 853469 ,560943 919449 542655 878134 889896 889296 854911 857277 544161 853469 
681749 873837 975320 562577 285719 60421 970367 268148 885506 738612 ,681749 873837 975320 562577 285719 60421 970367 268148 885506 738612 
754254 521657 192936 438083 669368 968347 855572 421080 354314 861467 ,754254 521657 192936 438083 669368 968347 855572 421080 354314 861467 
536494 889945 964710 432069 129288 189726 177751 104931 170024 406574 ,536494 889945 964710 432069 129288 189726 177751 104931 170024 406574 
391358 542951 211497 455137 200227 985708 46269 568021 237742 861981 ,391358 542951 211497 455137 200227 985708 46269 568021 237742 861981 
737711 824901 597840 539363 448874 855726 330511 857294 742822 899763 ,737711 824901 597840 539363 448874 855726 330511 857294 742822 899763 
220882 468023 537638 332814 415170 808293 595909 721905 43746 959449 ,220882 468023 537638 332814 415170 808293 595909 721905 43746 959449 
57944 762974 451359 801685 744628 573317 794755 227111 800401 667082 ,57944 762974 451359 801685 744628 573317 794755 227111 800401 667082 
899590 275035 629633 959299 219052 473445 547620 392120 619423 124325 ,899590 275035 629633 959299 219052 473445 547620 392120 619423 124325 
202230 989428 577977 201159 449380 129933 950527 806009 513804 510386 ,202230 989428 577977 201159 449380 129933 950527 806009 513804 510386 
40905 569997 458941 628715 979160 253321 271222 795803 494186 855726 ,40905 569997 458941 628715 979160 253321 271222 795803 494186 855726 
137704 175764 174050 210214 16031 523573 459298 685240 521447 96141 ,137704 175764 174050 210214 16031 523573 459298 685240 521447 96141 
834586 870615 940709 831766 789988 308006 503787 519450 459070 702845 ,834586 870615 940709 831766 789988 308006 503787 519450 459070 702845 
367088 460705 261748 382087 35600 169242 258523 563592 429605 344644 ,367088 460705 261748 382087 35600 169242 258523 563592 429605 344644 
876826 853558 943172 772797 959813 846063 908553 846179 374102 843715 ,876826 853558 943172 772797 959813 846063 908553 846179 374102 843715 
26032 62296 904594 888825 945827 973528 167339 694730 589312 144349 ,26032 62296 904594 888825 945827 973528 167339 694730 589312 144349 
453695 586146 358057 412812 855572 855379 98657 762381 718040 755921 ,453695 586146 358057 412812 855572 855379 98657 762381 718040 755921 
944228 745753 285056 782619 260770 187533 527465 279343 862816 683154 ,944228 745753 285056 782619 260770 187533 527465 279343 862816 683154 
914171 619019 67217 3216 509132 544952 375845 286638 795237 692940 ,914171 619019 67217 3216 509132 544952 375845 286638 795237 692940 
665266 54871 919688 873457 683679 417566 483733 458941 810889 800275 ,665266 54871 919688 873457 683679 417566 483733 458941 810889 800275 
177751 297618 841499 844810 133920 115451 638649 353197 467813 408267 ,177751 297618 841499 844810 133920 115451 638649 353197 467813 408267 
182024 809503 559918 233365 132449 217316 452318 658262 143922 809945 ,182024 809503 559918 233365 132449 217316 452318 658262 143922 809945 
384031 491385 248996 508611 917628 875031 484535 740827 111384 804901 ,384031 491385 248996 508611 917628 875031 484535 740827 111384 804901 
725555 596862 273598 432823 946303 174734 633165 29343 435161 945175 ,725555 596862 273598 432823 946303 174734 633165 29343 435161 945175 
566531 199887 653372 811317 672649 23329 673329 772038 833606 189584 ,566531 199887 653372 811317 672649 23329 673329 772038 833606 189584 
479387 409334 809858 909133 853115 490707 739155 643274 450520 978502 ,479387 409334 909133 853115 490707 739155 643274 450520 978502 861657 
618354 670193 639867 42403 892986 605597 615822 843084 482813 750771 ,618354 670193 639867 42403 892986 605597 615822 843084 482813 750771 
52854 477257 629739 51115 378496 630624 40480 39999 207152 902972 ,52854 477257 629739 51115 378496 630624 40480 39999 207152 902972 
434440 739630 550787 681184 136482 629080 115173 668013 221129 142608 ,434440 739630 550787 681184 136482 629080 115173 668013 221129 142608 
309657 366843 731038 868042 60424 939272 607059 517016 82520 632314 ,309657 366843 731038 868042 60424 939272 607059 517016 82520 632314 
695080 515046 681493 158188 431203 548424 408204 570320 187369 130996 ,695080 515046 681493 158188 431203 548424 408204 570320 187369 130996 
469867 793649 658763 321003 362010 403063 940993 853734 10851 2772 ,469867 793649 658763 321003 362010 403063 940993 853734 10851 2772 
737569 48377 49290 409583 476693 633036 637483 301648 328563 789296 ,737569 48377 49290 409583 476693 633036 637483 301648 328563 789296 
79477 567955 662775 122064 153279 951858 29963 815363 815425 772729 ,79477 567955 662775 122064 153279 951858 29963 815363 815425 772729 
996589 295852 385712 443164 895190 512167 916876 807651 201900 433717 ,996589 295852 385712 443164 895190 512167 916876 807651 201900 433717 
263417 697187 291501 712899 482062 999903 645237 197924 57037 563763 ,263417 697187 291501 712899 482062 999903 645237 197924 57037 563763 
976639 957117 888427 81732 706068 440056 907008 482705 292199 93814 ,976639 888427 81732 706068 440056 907008 482705 292199 93814 235519 
919827 604789 609819 445176 641453 851524 102433 102862 668265 855255 ,919827 604789 609819 445176 641453 851524 102433 102862 668265 855255 
141982 474774 478761 326576 480265 991522 193901 610166 974928 996891 ,141982 474774 478761 326576 480265 991522 193901 610166 974928 996891 
224690 629895 195924 596114 44527 661378 560847 989024 725535 603533 ,224690 629895 195924 596114 44527 661378 560847 989024 725535 603533 
114905 733210 944549 10740 637406 729657 475499 571955 551738 863262 ,114905 733210 944549 10740 637406 729657 475499 571955 551738 863262 
378638 777249 502259 101241 663103 127735 659182 276787 510126 555436 ,378638 777249 502259 101241 663103 127735 659182 276787 510126 555436 
40608 263755 315631 943027 556947 61528 868204 801685 751174 74738 ,40608 263755 315631 943027 556947 61528 868204 801685 751174 74738 
363948 703239 527817 516600 40262 716640 105495 518846 664564 615680 ,363948 703239 527817 516600 40262 716640 105495 518846 664564 615680 
996813 190842 732279 117716 217835 986371 795185 655300 970404 570873 ,996813 190842 732279 117716 217835 986371 795185 655300 970404 570873 
82540 89280 500381 284539 653703 251274 804525 468083 111965 786219 ,82540 89280 500381 284539 653703 251274 804525 468083 111965 786219 
608299 350983 721052 62440 497246 94428 673899 355017 132484 243580 ,608299 350983 721052 62440 497246 94428 673899 355017 132484 243580 
535513 749875 149443 459046 89804 518399 448357 107323 733343 359521 ,535513 749875 149443 459046 89804 518399 448357 107323 733343 359521 
278936 278650 264864 366067 20830 795049 122094 341739 172654 94528 ,278936 278650 264864 366067 20830 795049 122094 341739 172654 94528 
803244 736251 698459 93934 360793 907214 594008 294729 815670 496653 ,803244 736251 698459 93934 360793 907214 594008 294729 815670 496653 
185720 497287 146325 516262 614972 429749 474680 998814 307199 279137 ,185720 497287 146325 516262 614972 429749 474680 998814 307199 279137 
608999 394089 395954 598060 628199 701619 284409 36116 345065 808795 ,608999 394089 395954 598060 628199 701619 284409 36116 345065 808795 
86013 389574 342594 23045 632583 178769 349933 82241 270374 460984 ,86013 389574 342594 23045 632583 178769 349933 82241 270374 460984 
479748 423813 52689 698884 540216 907744 770024 899299 642524 870211 ,479748 423813 52689 698884 540216 907744 770024 899299 642524 870211 
425765 196132 272249 764256 238062 209728 180955 869531 598371 522400 ,425765 196132 272249 764256 238062 209728 180955 869531 598371 522400 
929322 834774 892274 411281 952510 38948 769879 539921 36180 650885 ,929322 834774 892274 411281 952510 38948 769879 539921 36180 650885 
910794 306212 504469 255165 664564 799404 89804 29952 429563 525505 ,910794 306212 504469 255165 664564 799404 89804 29952 429563 525505 
797319 329306 875411 559270 953415 415366 174022 595719 329016 692662 ,797319 329306 875411 559270 953415 415366 174022 595719 329016 692662 
10696 180921 95756 264805 89338 439069 738388 37159 58809 797994 ,10696 180921 95756 264805 89338 439069 738388 37159 58809 797994 
29952 664564 723083 698478 720942 116 566270 321510 472861 52561 ,29952 664564 723083 720942 116 566270 321510 472861 52561 524967 
527371 941147 861896 72715 331798 518399 86626 909173 604627 123657 ,527371 941147 861896 72715 331798 518399 86626 909173 604627 123657 
671638 167191 137464 308355 5373 496878 699176 857029 226421 682086 ,671638 167191 137464 308355 5373 496878 699176 857029 226421 682086 
445505 781134 673219 554870 857029 112357 143029 672308 451804 292581 ,445505 781134 673219 554870 857029 112357 143029 672308 451804 292581 
408403 967205 72715 624190 61301 884438 284841 483033 66808 362305 ,408403 967205 72715 624190 61301 884438 284841 483033 66808 362305 
828460 173680 937707 925354 554661 766020 175122 888867 623786 282197 ,828460 173680 937707 925354 554661 766020 175122 888867 623786 282197 
706560 702436 55396 587040 754646 885939 231747 539717 902441 448242 ,706560 702436 55396 587040 754646 885939 231747 539717 902441 448242 
992617 169289 213196 943634 203409 1218 316950 598658 594283 86986 ,992617 169289 213196 943634 203409 1218 316950 598658 594283 86986 
172630 485324 753117 987216 915495 294783 1536 618587 871441 89649 ,172630 485324 753117 987216 915495 294783 1536 618587 871441 89649 
68898 336757 86230 997696 1792 89804 271747 724754 365392 527817 ,68898 336757 86230 997696 1792 89804 271747 724754 365392 527817 
612926 201001 456345 704867 317457 77459 72858 284613 425639 479310 ,612926 201001 456345 704867 317457 77459 72858 284613 425639 479310 
461367 584385 132586 340079 357433 141461 404219 573831 161113 366551 ,461367 584385 132586 340079 357433 141461 404219 573831 161113 366551 
697474 199884 756897 477213 688935 882654 468202 465165 537527 763981 ,697474 199884 756897 477213 688935 882654 468202 465165 537527 763981 
412239 702274 304796 864086 958503 109227 856858 888951 843984 942283 ,412239 702274 304796 864086 958503 109227 856858 888951 843984 942283 
70551 30152 299014 355700 694554 509620 13621 213509 948638 806785 ,70551 30152 299014 355700 694554 509620 13621 213509 948638 806785 
660167 830362 248385 32712 300610 259607 984099 460650 788483 148410 ,660167 830362 248385 32712 300610 259607 984099 460650 788483 148410 
387488 679469 639760 24523 752192 831710 838125 163784 863154 72882 ,387488 679469 639760 24523 752192 831710 838125 163784 863154 72882 
965462 685055 513244 508775 466918 542468 527329 234237 470889 93888 ,965462 685055 513244 508775 466918 542468 527329 234237 470889 93888 
517676 49797 665429 207515 75070 329521 187632 239822 618912 785131 ,517676 49797 665429 207515 75070 329521 187632 239822 618912 785131 
541682 452151 518504 441029 514767 432069 686266 327082 352538 990138 ,541682 452151 518504 441029 514767 432069 686266 327082 352538 990138 
583966 487024 400015 297145 751356 531115 530364 771596 21347 403680 ,583966 487024 400015 297145 751356 531115 530364 771596 21347 403680 
789070 8266 904969 659392 701459 218858 40495 609851 537822 650488 ,789070 8266 904969 659392 701459 218858 40495 609851 537822 650488 
243329 892435 106653 21000 726943 37289 950578 888231 512752 532972 ,243329 892435 106653 21000 726943 37289 950578 888231 512752 532972 
823307 51409 580994 316047 76396 510354 314680 99316 92085 492335 ,823307 51409 580994 316047 76396 510354 314680 99316 92085 492335 
277726 758089 433142 4174 530280 522530 531690 871003 652305 277662 ,277726 758089 433142 4174 530280 522530 531690 871003 652305 277662 
379626 718780 952217 558289 96656 642585 930569 651766 468073 632447 ,379626 718780 952217 558289 96656 642585 930569 651766 468073 632447 
261263 526069 950578 121735 71757 554511 978002 903782 480674 15394 ,261263 526069 950578 121735 71757 554511 978002 903782 480674 15394 
460958 320761 729326 744464 965427 844936 987919 691453 679073 964591 ,460958 320761 729326 744464 965427 844936 987919 691453 679073 964591 
60185 833915 756280 944061 18255 306586 216237 122623 466711 599440 ,60185 833915 756280 944061 18255 306586 216237 122623 466711 599440 
848818 190894 443809 984373 644421 856105 996900 124171 885709 909523 ,848818 190894 443809 984373 644421 856105 996900 124171 885709 909523 
987899 919287 679089 527949 652647 65099 831092 66829 143556 339253 ,987899 919287 679089 527949 652647 65099 831092 66829 143556 339253 
541662 908441 268863 403927 959963 539535 987106 914971 893777 12891 ,541662 908441 268863 403927 959963 539535 987106 914971 893777 12891 
758089 173976 462080 107848 689836 13640 750227 433142 328919 790933 ,758089 173976 462080 107848 689836 13640 750227 433142 328919 790933 
39017 505991 927691 409870 272870 380498 512495 930509 315907 723430 ,39017 505991 927691 409870 272870 380498 512495 930509 315907 723430 
827948 26022 665930 681728 766165 473853 849240 879236 206586 5799 ,827948 26022 665930 681728 766165 473853 849240 879236 206586 5799 
198511 181762 268084 160486 430508 474285 561100 563126 496368 754494 ,198511 181762 268084 160486 430508 474285 561100 563126 496368 754494 
284600 40185 863227 43724 458303 536858 220034 523586 959687 178320 ,284600 40185 863227 43724 458303 536858 220034 523586 959687 178320 
273372 5902 286953 874138 471472 196950 264783 439363 202344 97882 ,273372 5902 286953 874138 471472 196950 264783 439363 202344 97882 
414477 825562 627861 30401 409360 702132 996493 445355 91274 714613 ,414477 825562 627861 30401 409360 702132 996493 445355 91274 714613 
460867 504842 14827 276938 931749 102177 176642 561456 463355 564018 ,460867 504842 14827 276938 931749 102177 176642 561456 463355 564018 
139404 628818 60205 627963 790330 960043 569983 705878 112563 561456 ,139404 628818 60205 627963 790330 960043 569983 705878 112563 561456 
547175 485908 111582 777749 149825 313917 364534 252445 339290 79262 ,547175 485908 111582 777749 149825 313917 364534 252445 339290 79262 
469115 536330 446848 373771 190673 539693 447869 949151 247691 758954 ,469115 536330 446848 373771 190673 539693 447869 949151 247691 758954 
967827 620422 73600 94265 968483 975424 821438 245429 851634 930090 ,967827 620422 73600 94265 968483 975424 821438 245429 851634 930090 
708330 742266 312559 927790 77071 257601 99016 753015 354289 103078 ,708330 742266 312559 927790 77071 257601 99016 753015 354289 103078 
835113 368843 281294 697591 331551 608526 703216 962123 261481 279251 ,835113 368843 281294 697591 331551 608526 703216 962123 261481 279251 
963063 451548 458790 322701 100155 90716 963542 40042 186354 486197 ,963063 451548 458790 322701 100155 90716 963542 40042 186354 486197 
475616 402076 167 727972 9791 687446 90819 645535 63779 248694 ,475616 402076 167 727972 9791 687446 90819 645535 63779 248694 
458799 782453 526779 237815 951279 982055 690075 933412 106267 466775 ,458799 782453 526779 237815 951279 982055 690075 933412 106267 466775 
584180 540592 325361 945845 89243 877337 958137 973848 539535 411979 ,584180 540592 325361 945845 89243 877337 958137 973848 539535 411979 
870594 881000 654419 913051 656525 417556 960168 674450 428761 449616 ,870594 881000 654419 913051 656525 417556 960168 674450 428761 449616 
484880 529409 528841 515086 972278 153704 859339 505944 500109 544125 ,484880 529409 528841 515086 972278 153704 859339 505944 500109 544125 
656335 813339 856708 220322 673758 232776 684778 339398 903865 521126 ,656335 813339 856708 220322 673758 232776 684778 339398 903865 521126 
850116 11182 39909 973400 923015 833309 778280 849670 531567 756342 ,850116 11182 39909 973400 923015 833309 778280 849670 531567 756342 
41693 924958 112337 145127 912984 59269 787542 269098 210908 932537 ,41693 924958 112337 145127 912984 59269 787542 269098 210908 932537 
76015 499653 97661 395060 941025 225707 574147 391424 598148 928527 ,76015 499653 97661 395060 941025 225707 574147 391424 598148 928527 
879720 140437 678059 919291 861214 886223 583753 13795 678594 668987 ,879720 140437 678059 919291 861214 886223 583753 13795 678594 668987 
489744 529384 551140 580172 261748 914318 658204 663057 937176 26528 ,489744 529384 551140 580172 261748 914318 658204 663057 937176 26528 
719008 953639 735063 413940 716422 922194 762965 822391 320645 895663 ,719008 953639 735063 413940 716422 922194 762965 822391 320645 895663 
823667 815282 637197 69888 293047 514846 322311 84310 156495 637671 ,823667 815282 637197 69888 293047 514846 322311 84310 156495 637671 
976969 570143 547211 361528 24176 180926 26029 346304 755466 28157 ,976969 570143 547211 361528 24176 180926 26029 346304 755466 28157 
871797 261967 493492 79779 733508 31019 98971 684237 200017 478798 ,871797 261967 493492 79779 733508 31019 98971 684237 200017 478798 
920599 89945 296863 525111 165480 364143 560327 525043 79779 291890 ,920599 89945 296863 525111 165480 364143 560327 525043 79779 291890 
121606 235146 267775 72210 256679 269205 375344 192501 629496 912984 ,121606 235146 267775 72210 256679 269205 375344 192501 629496 912984 
866091 11107 503688 860752 915172 126320 531417 868134 620509 595031 ,866091 11107 503688 860752 915172 126320 531417 868134 620509 595031 
696739 437337 920847 543379 344873 433717 531690 169854 239173 202050 ,696739 437337 920847 543379 344873 433717 531690 169854 239173 202050 
876593 670977 727680 216894 138236 218833 303133 642640 962459 557931 ,876593 670977 727680 216894 138236 218833 303133 642640 962459 557931 
793781 603776 963911 175164 418176 1550 647946 969813 155543 189074 ,793781 603776 963911 175164 418176 1550 647946 969813 155543 189074 
673502 852657 233673 413286 889562 575351 734821 167026 25520 533781 ,673502 852657 233673 413286 889562 575351 734821 167026 25520 533781 
834987 639530 343708 527830 562449 735950 86812 800429 891244 980820 ,834987 639530 343708 527830 562449 735950 86812 800429 891244 980820 
870595 602995 26214 639026 89419 638627 912162 980837 895663 652719 ,870595 602995 26214 639026 89419 638627 912162 980837 895663 652719 
970369 886223 879604 507418 777599 678594 912688 541822 515351 207876 ,970369 886223 879604 507418 777599 678594 912688 541822 515351 207876 
881375 490079 311516 450518 275577 439395 415545 787784 248361 485195 ,881375 490079 311516 450518 275577 439395 415545 787784 248361 485195 
5928 243547 562908 358127 63017 998229 913109 867433 9390 883409 ,5928 243547 562908 358127 63017 998229 913109 867433 9390 883409 
160573 367550 343767 578179 299968 173572 473947 369537 169090 21732 ,160573 367550 343767 578179 299968 173572 473947 369537 169090 21732 
496535 196789 106190 707441 977048 963911 470408 449912 621756 13956 ,496535 196789 106190 707441 977048 963911 470408 449912 621756 13956 
80801 221542 734710 874740 716422 320645 864257 192631 953639 522952 ,80801 221542 734710 874740 716422 320645 864257 192631 953639 522952 
900889 819187 2038 348333 935543 935780 860219 400214 99766 574410 ,900889 819187 2038 348333 935543 935780 860219 400214 99766 574410 
486578 684861 507160 78154 728282 270008 682248 631793 105705 489612 ,486578 684861 507160 78154 728282 270008 682248 631793 105705 489612 
522428 513122 778974 684619 742820 143140 18119 549454 940978 577813 ,522428 513122 778974 684619 742820 143140 18119 549454 940978 577813 
716280 997028 419999 762322 841828 691765 981144 37532 963250 681124 ,716280 997028 419999 762322 841828 691765 981144 37532 963250 681124 
883798 822974 323049 13183 845851 225564 36586 843562 678059 705474 ,883798 822974 323049 13183 845851 225564 36586 843562 678059 705474 
187811 484682 406521 156495 89945 823667 547615 517052 419871 80761 ,187811 484682 406521 156495 89945 823667 547615 517052 419871 80761 
695009 787093 278676 953159 469757 226772 344635 249336 334696 309192 ,695009 787093 278676 953159 469757 226772 344635 249336 334696 309192 
697326 229185 865006 22893 356332 442278 533851 281846 153915 233123 ,697326 229185 865006 22893 356332 442278 533851 281846 153915 233123 
723920 926997 106929 690705 79956 485327 322360 663154 4811 966877 ,723920 926997 106929 690705 79956 485327 322360 663154 4811 966877 
798300 734323 942574 317959 668943 758669 53673 487239 939824 54339 ,798300 734323 942574 317959 668943 758669 53673 487239 939824 54339 
181899 528346 478798 740396 284796 751606 21110 458156 851125 256784 ,181899 528346 478798 740396 284796 751606 21110 458156 851125 256784 
945362 791499 691750 89952 721897 913434 648161 414527 343721 222921 ,945362 791499 691750 89952 721897 913434 648161 414527 343721 222921 
5652 80761 411021 825973 30001 89525 699436 662924 104967 153704 ,5652 80761 411021 825973 30001 89525 699436 662924 104967 153704 
298499 352123 734283 964313 218921 202050 621618 696413 406764 222276 ,298499 352123 734283 964313 218921 202050 621618 696413 406764 222276 
19696 129546 27055 398271 242825 401607 294468 790620 485384 703478 ,19696 129546 27055 398271 242825 401607 294468 790620 485384 703478 
667095 673332 890987 696457 810889 218074 674726 541511 541395 445602 ,667095 673332 890987 696457 810889 218074 674726 541511 541395 445602 
484368 584117 488909 910143 111178 561838 13962 504459 564291 842587 ,484368 584117 488909 910143 111178 561838 13962 504459 564291 842587 
656060 907241 791172 376811 211115 607480 42678 446957 822413 447181 ,656060 907241 791172 376811 211115 607480 42678 446957 822413 447181 
119677 834233 646492 401962 747259 842748 623591 765713 846328 542654 ,119677 834233 646492 401962 747259 842748 623591 765713 846328 542654 
800489 732286 219494 800603 867728 225944 947505 960900 870150 919272 ,800489 732286 219494 800603 867728 225944 947505 960900 870150 919272 
380424 542102 276524 786928 901568 946382 302332 613746 78397 123817 ,380424 542102 276524 786928 901568 946382 302332 613746 78397 123817 
676836 282349 905477 655630 821701 850428 383044 88238 673021 628215 ,676836 282349 905477 655630 821701 850428 383044 88238 673021 628215 
17482 98095 732286 752330 888666 983066 841610 849770 219494 515464 ,17482 98095 732286 752330 888666 983066 841610 849770 219494 515464 
519716 280993 361987 493560 262728 554050 412848 692529 645542 222239 ,519716 280993 361987 493560 262728 554050 412848 692529 645542 222239 
937897 654769 453129 610558 271258 547234 144896 169375 913091 569952 ,937897 654769 453129 610558 271258 547234 144896 169375 913091 569952 
463355 260408 580377 358314 65100 108364 260730 19713 565773 239379 ,463355 260408 580377 358314 65100 108364 260730 19713 565773 239379 
804224 306722 401209 467387 679026 59154 833462 363365 763205 609200 ,804224 306722 401209 467387 679026 59154 833462 363365 763205 609200 
458708 227951 5170 352907 653615 698507 481602 132252 73811 97827 ,458708 227951 5170 352907 653615 698507 481602 132252 73811 97827 
719337 739375 936912 723182 310413 68312 773735 79516 69253 305323 ,719337 739375 936912 723182 310413 68312 773735 79516 69253 305323 
544720 167500 227111 705045 566006 247822 846519 18397 442175 535605 ,544720 167500 227111 705045 566006 247822 846519 18397 442175 535605 
941538 125911 739886 507171 575601 338798 679096 531797 722979 493273 ,941538 125911 739886 507171 575601 338798 679096 531797 722979 493273 
377630 616673 770129 890977 384298 415799 770142 818943 190263 895674 ,377630 616673 770129 890977 384298 415799 770142 818943 190263 895674 
609298 162277 778057 932527 747377 135576 414570 593625 259811 165830 ,609298 162277 778057 932527 747377 135576 414570 593625 259811 165830 
994335 529837 761343 255927 845732 603974 616333 957530 493515 909332 ,994335 529837 761343 255927 845732 603974 616333 957530 493515 909332 
1952 532970 680959 35984 760408 627578 786660 229021 507837 906018 ,1952 532970 680959 35984 760408 627578 786660 229021 507837 906018 
404485 75138 706826 440796 265969 127515 128864 635121 930024 387531 ,404485 75138 706826 440796 265969 127515 128864 635121 930024 387531 
339904 396218 10686 162115 509580 178817 770382 985360 292494 159676 ,339904 396218 10686 162115 509580 178817 770382 985360 292494 159676 
497257 358975 339446 86109 236916 132450 906328 392012 434890 854575 ,497257 358975 339446 86109 236916 132450 906328 392012 434890 854575 
122530 564119 433544 960787 90053 679399 387000 614659 31502 430515 ,122530 564119 433544 960787 90053 679399 387000 614659 31502 430515 
717398 119447 920437 876496 758043 27814 572025 334943 325670 60513 ,717398 119447 920437 876496 758043 27814 572025 334943 325670 60513 
156137 343234 503281 73811 114840 359521 309546 487498 954474 832949 ,156137 343234 503281 73811 114840 359521 309546 487498 954474 832949 
764477 794697 299730 354205 367248 575186 283798 884322 628845 467697 ,764477 794697 299730 354205 367248 575186 283798 884322 628845 467697 
638799 273599 561481 439441 938563 1770 383988 561434 546207 482684 ,638799 273599 561481 439441 938563 1770 383988 561434 546207 482684 
269328 636684 94145 246584 501590 761541 112699 269289 68792 306186 ,269328 636684 94145 246584 501590 761541 112699 269289 68792 306186 
627800 849058 859534 262067 958804 303333 829476 140416 359020 835602 ,627800 849058 859534 262067 958804 303333 829476 140416 359020 835602 
468029 478533 697252 172078 477322 318289 190878 286149 504436 689466 ,468029 478533 697252 172078 477322 318289 190878 286149 504436 689466 
830682 762472 870880 605254 712526 638683 789777 762479 594748 871322 ,830682 762472 870880 605254 712526 638683 789777 762479 594748 871322 
837316 995670 577859 780945 355093 574199 650489 345646 830753 848674 ,837316 995670 577859 780945 355093 574199 650489 345646 830753 848674 
407398 94419 432227 3790 770382 415744 88087 350665 193136 126014 ,407398 94419 432227 3790 770382 415744 88087 350665 193136 126014 
540409 571728 189869 382887 389362 851590 682155 472692 475899 975910 ,540409 571728 189869 382887 389362 851590 682155 472692 475899 975910 
918832 310987 545266 563093 14994 587547 831851 223807 544957 359370 ,918832 310987 545266 563093 14994 587547 831851 223807 544957 359370 
482684 236283 73306 561481 197192 598294 859641 383988 227096 1770 ,482684 236283 73306 561481 197192 598294 859641 383988 227096 1770 
365860 616369 204790 323435 747039 745587 490686 125911 528859 712878 ,365860 616369 204790 323435 747039 745587 490686 125911 528859 712878 
758826 970205 895044 822180 457418 325231 390090 868906 858424 405869 ,758826 970205 895044 822180 457418 325231 390090 868906 858424 405869 
380817 935029 988762 330129 209147 292342 168614 30544 210513 516857 ,380817 935029 988762 330129 209147 292342 168614 30544 210513 516857 
610516 524977 777268 522608 293237 502360 796696 154072 304695 336859 ,610516 524977 777268 522608 293237 502360 796696 154072 304695 336859 
815375 815392 279137 487401 397432 420682 186326 350755 942281 952633 ,815375 815392 279137 487401 397432 420682 186326 350755 942281 952633 
552347 283251 292342 100765 760024 393715 435839 580925 532211 502864 ,552347 283251 292342 100765 760024 393715 435839 580925 532211 502864 
325231 192614 509915 907961 375248 846384 97354 710969 343755 620699 ,325231 192614 509915 907961 375248 846384 97354 710969 343755 620699 
734424 248445 329462 852728 354080 960355 82486 837429 36090 557763 ,734424 248445 329462 852728 354080 960355 82486 837429 36090 557763 
323692 350547 415476 672945 142116 175483 549611 69706 178950 166675 ,350547 415476 672945 142116 175483 549611 69706 178950 166675 9345 
914249 518376 753643 742529 973091 387242 577958 415540 423522 246898 ,914249 518376 753643 742529 973091 387242 577958 415540 423522 246898 
832967 449018 921482 918830 955999 906268 958412 277298 223904 190620 ,832967 449018 921482 918830 955999 906268 958412 277298 223904 190620 
732083 474774 4967 480265 708685 834144 300736 494917 51497 831998 ,732083 474774 4967 480265 708685 834144 300736 494917 51497 831998 
123317 252255 770510 157981 102818 963054 612630 193550 191671 660215 ,123317 252255 770510 157981 102818 963054 612630 193550 191671 660215 
972124 957791 258716 978892 939592 444275 931978 905024 948267 102995 ,972124 957791 258716 978892 939592 444275 931978 905024 948267 102995 
390756 18383 430176 528363 154124 630122 385689 495592 99958 208773 ,390756 18383 430176 528363 154124 630122 385689 495592 99958 208773 
269044 627118 793047 871738 134703 981600 606027 746931 39722 373893 ,269044 627118 793047 871738 134703 981600 606027 746931 39722 373893 
892565 258160 634946 375835 967545 405444 777779 221567 679756 393969 ,892565 258160 634946 375835 967545 405444 777779 221567 679756 393969 
32524 279579 781565 765243 361039 498380 868624 500150 724228 631653 ,32524 279579 781565 765243 361039 498380 868624 500150 724228 631653 
374283 6629 45982 911240 201322 791265 824075 640881 98870 100999 ,374283 6629 45982 911240 201322 791265 824075 640881 98870 100999 
458536 966934 261917 427362 840475 898352 985735 455910 440868 350705 ,458536 966934 261917 427362 840475 898352 985735 455910 440868 350705 
990816 756226 564680 99439 344259 646700 481858 112776 993211 782021 ,990816 756226 564680 99439 344259 646700 481858 112776 782021 793620 
716810 524565 716677 88330 843387 523228 725525 219800 647869 719698 ,716810 524565 716677 88330 843387 523228 725525 219800 647869 719698 
787459 639709 637814 516073 694019 12433 112082 435410 684708 529923 ,787459 639709 637814 516073 694019 12433 112082 435410 684708 529923 
570190 92321 884384 310934 437957 261001 193851 314154 639202 253123 ,570190 92321 884384 310934 437957 261001 193851 314154 639202 253123 
890632 474041 340515 243885 629790 672115 333314 234007 298191 811912 ,890632 474041 340515 243885 629790 672115 333314 234007 298191 811912 
684213 452277 903071 724693 58892 379459 529592 725950 818058 338957 ,684213 452277 903071 724693 58892 379459 529592 725950 818058 338957 
399762 913010 503776 205782 503409 937787 974225 200597 942819 649513 ,399762 913010 503776 205782 503409 937787 974225 200597 942819 649513 
895135 886717 823360 330478 33666 625919 964595 406065 141941 174563 ,895135 886717 823360 330478 33666 625919 964595 406065 141941 174563 
539561 734936 910711 919463 476177 980434 372617 831513 302381 927850 ,539561 734936 910711 919463 476177 980434 372617 831513 302381 927850 
223837 602358 271894 382919 583876 488449 991060 614039 691001 369819 ,223837 602358 271894 382919 583876 488449 991060 614039 691001 369819 
525324 467845 261647 87023 662683 74197 834700 658202 658248 66492 ,525324 467845 261647 87023 662683 74197 834700 658202 658248 66492 
553421 424620 601839 218601 149762 912692 665640 327901 50170 781264 ,553421 424620 601839 218601 912692 665640 327901 50170 781264 737604 
66077 464624 867770 393990 287136 839683 41733 678843 554487 919423 ,66077 464624 867770 393990 287136 839683 41733 678843 554487 919423 
32587 549052 161093 735204 549365 317721 617894 47249 170420 727491 ,32587 549052 161093 735204 549365 317721 617894 47249 170420 727491 
193023 308688 971814 134248 491621 17456 698799 570657 584155 151724 ,193023 308688 971814 134248 491621 17456 698799 570657 584155 151724 
843586 516378 893222 604434 539883 965832 549516 987919 382919 777758 ,843586 516378 893222 604434 539883 965832 549516 987919 382919 777758 
480617 887659 324808 577690 593662 992808 138978 254628 708009 201670 ,480617 887659 324808 577690 593662 992808 138978 254628 708009 201670 
69992 271162 420753 16368 947206 554487 283440 438591 495256 295826 ,69992 271162 420753 16368 947206 554487 283440 438591 495256 295826 
997491 640889 675407 675543 674591 474135 555658 250470 213475 939741 ,997491 640889 675407 675543 674591 474135 555658 250470 213475 939741 
620014 18272 226466 121284 210106 520781 182396 395095 312844 525370 ,620014 18272 226466 121284 210106 520781 182396 395095 312844 525370 
106550 838635 683142 11581 372275 878491 966392 853570 942586 641578 ,106550 838635 683142 11581 372275 878491 966392 853570 942586 641578 
327743 794823 714304 978511 894506 737768 807286 114888 85096 70051 ,327743 794823 714304 978511 894506 737768 807286 114888 85096 70051 
534523 473536 618139 602480 756515 577574 423807 336884 41503 668752 ,534523 473536 618139 602480 756515 577574 423807 336884 41503 668752 
428625 903131 474066 220314 658598 313682 571235 712453 265883 569585 ,428625 903131 474066 220314 658598 313682 571235 712453 265883 569585 
96411 473328 12614 241457 988612 380286 192507 800014 859074 105787 ,96411 473328 12614 241457 988612 380286 192507 800014 859074 105787 
171696 19190 13647 205398 748252 261244 842683 15121 989088 562917 ,171696 19190 13647 205398 748252 261244 842683 15121 989088 562917 
335584 861201 334723 132928 658598 367186 83901 428625 474066 156613 ,335584 861201 334723 132928 658598 367186 83901 428625 474066 156613 
757949 642164 417502 641300 555375 657411 657064 881388 609874 604775 ,757949 642164 417502 641300 555375 657411 657064 881388 609874 604775 
560484 409056 460929 61002 991348 375871 552115 545333 402021 967932 ,560484 409056 460929 61002 991348 375871 552115 545333 402021 967932 
807785 923507 95054 322983 214568 475642 343129 255817 524322 390186 ,807785 923507 95054 322983 214568 475642 343129 255817 524322 390186 
510844 210106 734987 435972 744135 687066 939944 668549 539081 394824 ,510844 210106 734987 435972 744135 687066 939944 668549 539081 394824 
154659 53048 873870 659162 489555 779808 895996 322824 777289 901162 ,154659 53048 873870 659162 489555 779808 895996 322824 777289 901162 
286348 540513 270205 376991 529649 95640 544386 659377 432882 858903 ,286348 540513 270205 376991 529649 95640 544386 659377 432882 858903 
898782 744739 260534 118509 702514 123193 50971 497519 935847 410121 ,898782 744739 260534 118509 702514 123193 50971 497519 935847 410121 
754281 105787 313798 603405 754012 524904 5406 719143 723252 365608 ,754281 105787 313798 603405 754012 524904 5406 719143 723252 365608 
462955 529072 105224 105244 517046 223978 736264 456017 324820 269884 ,462955 529072 105224 105244 517046 223978 736264 456017 324820 269884 
132334 540341 100025 713478 629699 277989 201687 163076 284966 395685 ,132334 540341 100025 713478 629699 277989 163076 284966 395685 383841 
238947 292124 255409 279563 749191 886111 321961 458059 406391 968551 ,238947 292124 255409 279563 749191 886111 321961 458059 406391 968551 
70307 183465 223241 522663 150413 91871 253580 43940 936529 263543 ,70307 183465 223241 522663 150413 91871 253580 43940 936529 263543 
404281 449071 726470 968146 298956 414571 475396 934274 196478 232704 ,404281 449071 726470 968146 298956 414571 475396 934274 196478 232704 
922327 519261 207485 112134 545310 376341 190533 225299 403440 856314 ,922327 519261 207485 112134 545310 376341 190533 225299 403440 856314 
113754 638837 276986 778978 609585 373236 691224 373455 236302 636975 ,113754 638837 276986 778978 609585 373236 691224 373455 236302 636975 
760670 167069 409980 307709 972680 876880 281261 374212 969085 80314 ,760670 167069 409980 307709 972680 876880 281261 374212 969085 80314 
694782 87524 337168 519848 725299 82170 735003 84461 467904 845920 ,694782 87524 337168 519848 725299 82170 735003 84461 467904 845920 
895865 890053 478435 298374 777289 914250 238112 913114 979860 607107 ,895865 890053 478435 298374 777289 914250 238112 913114 979860 607107 
918852 128454 130138 59302 469962 2589 836219 63094 208939 873837 ,918852 128454 130138 59302 469962 2589 836219 63094 208939 873837 
178181 715126 766416 457785 863322 160024 815968 219370 677277 624204 ,178181 715126 766416 457785 863322 160024 815968 219370 677277 624204 
745539 961021 918648 413408 207386 136884 949719 214198 668610 133236 ,745539 961021 918648 413408 207386 136884 949719 214198 668610 133236 
184628 16388 390012 18402 501200 887229 492632 397132 234377 486779 ,184628 16388 390012 18402 501200 887229 492632 397132 234377 486779 
20768 808598 615563 264743 80871 215081 429872 77051 54398 719333 ,20768 808598 615563 264743 80871 215081 429872 77051 54398 719333 
81731 113568 564327 160171 657267 404275 257980 316383 172144 872253 ,81731 113568 564327 160171 657267 404275 257980 316383 172144 872253 
198263 270061 697289 4122 578427 78332 634467 809594 742928 372154 ,198263 270061 697289 4122 578427 78332 634467 809594 742928 372154 
653141 444193 298983 634377 936189 471519 947879 714776 528423 980148 ,653141 444193 298983 634377 936189 471519 947879 714776 528423 980148 
173276 215263 226975 848656 963661 780406 410914 409584 49877 615658 ,173276 215263 226975 848656 963661 780406 410914 409584 49877 615658 
963661 215263 659436 149177 376268 47182 110947 780406 317716 241691 ,963661 215263 659436 149177 376268 47182 110947 780406 317716 241691 
319253 799399 686413 525768 229818 153348 33108 255623 530625 917183 ,319253 799399 686413 525768 229818 153348 33108 255623 530625 917183 
52434 695903 460204 891636 814472 602016 988093 365410 510675 423957 ,52434 695903 460204 891636 814472 602016 988093 365410 510675 423957 
58793 373987 131194 143641 207384 944816 950954 374003 374058 934906 ,58793 373987 131194 143641 207384 944816 950954 374003 374058 934906 
177965 143477 15446 802578 403670 887229 33579 297388 551664 277475 ,177965 143477 15446 802578 403670 887229 33579 297388 551664 277475 
906054 257545 14314 920295 411553 405977 529474 564024 60421 918797 ,906054 257545 14314 920295 411553 405977 529474 564024 60421 918797 
60811 227771 252348 143127 954562 526355 389243 411060 61291 600764 ,60811 227771 252348 143127 954562 526355 389243 411060 61291 600764 
703794 752395 429771 393646 678065 382499 389618 8105 611261 21353 ,703794 752395 429771 393646 678065 382499 389618 8105 611261 21353 
185422 877331 33579 550582 659085 580534 865663 155262 843207 184628 ,185422 877331 33579 550582 659085 580534 865663 155262 843207 184628 
202757 747853 677854 907254 47159 639434 901631 157660 743028 267644 ,202757 747853 677854 907254 47159 639434 901631 157660 743028 267644 
932523 232971 2386 501323 63051 305025 10306 197933 186222 291593 ,932523 232971 2386 501323 63051 305025 10306 197933 186222 291593 
710904 638785 403315 664196 506664 12074 709588 498363 590810 746065 ,710904 638785 403315 664196 506664 12074 709588 498363 590810 746065 
596536 137612 225062 680570 599018 231890 619200 570921 143318 303704 ,596536 137612 225062 680570 599018 231890 619200 570921 143318 303704 
564819 542064 678291 398307 457896 871275 174579 383404 531608 717529 ,564819 542064 678291 398307 457896 871275 174579 383404 531608 717529 
274749 716942 110694 741074 383120 755029 442539 714557 919325 914555 ,274749 716942 110694 741074 383120 755029 442539 714557 919325 914555 
843787 471655 776298 845633 657112 219660 10956 244638 844986 653161 ,843787 471655 776298 845633 657112 219660 10956 244638 844986 653161 
392008 881103 704045 598081 883540 23058 507672 708133 413881 684077 ,392008 881103 704045 598081 883540 23058 507672 708133 413881 684077 
558090 790644 472799 789070 401591 820566 207068 824278 715494 215997 ,558090 790644 472799 789070 401591 820566 207068 824278 715494 215997 
966787 932527 20551 44099 459868 803888 599544 4215 820848 322527 ,966787 932527 20551 44099 459868 803888 599544 4215 820848 322527 
412643 164119 394950 169601 516070 544149 659145 766295 320 15737 ,412643 164119 394950 169601 516070 544149 659145 766295 320 15737 
597197 521976 599186 288753 851127 410314 332370 169759 514207 525018 ,597197 521976 599186 288753 851127 410314 332370 169759 514207 525018 
231669 635121 632681 562527 710588 1944 620317 65382 618458 741074 ,231669 635121 632681 562527 710588 1944 620317 65382 618458 741074 
886978 520699 9190 392869 434893 432858 790447 950832 110128 573170 ,886978 520699 9190 392869 434893 432858 790447 950832 110128 573170 
711661 747438 903059 952555 588214 525214 653494 193144 414043 975132 ,711661 747438 903059 952555 588214 525214 653494 193144 414043 975132 
617286 302638 770378 463561 565500 730482 186222 991211 34417 806415 ,617286 302638 770378 463561 565500 730482 186222 991211 34417 806415 
682442 292829 648051 363603 673775 374984 305037 647259 861433 354591 ,682442 292829 648051 363603 673775 374984 305037 647259 861433 354591 
875997 392836 263675 345358 49099 582837 453231 266894 494010 68636 ,875997 392836 263675 345358 49099 582837 453231 266894 494010 68636 
985804 618079 645659 389580 622902 1004 586601 128396 496264 269734 ,985804 618079 645659 389580 622902 1004 586601 128396 496264 269734 
86463 804123 901006 626508 294813 893448 404084 922991 225331 500435 ,86463 804123 901006 626508 294813 893448 404084 922991 225331 500435 
639866 443328 824621 822888 684850 445970 280799 666872 941687 666797 ,639866 443328 824621 822888 684850 445970 280799 666872 941687 666797 
987573 90481 101215 1004 544415 196001 511500 59135 861074 563412 ,987573 90481 101215 1004 544415 196001 511500 59135 861074 563412 
856365 655237 188160 709822 656246 605701 721156 882069 981977 862062 ,856365 655237 188160 709822 656246 605701 721156 882069 981977 862062 
305704 222402 921565 254467 208554 512559 113008 377873 154992 169720 ,305704 222402 921565 254467 208554 512559 113008 377873 154992 169720 
431637 551702 806114 724348 270436 580255 167082 385015 823312 736138 ,431637 551702 806114 724348 270436 580255 167082 385015 823312 736138 
536472 292067 445360 888234 246529 979135 665954 615130 261515 281551 ,536472 292067 445360 888234 246529 979135 665954 615130 261515 281551 
451091 48648 675953 224715 157809 408094 790464 56479 584147 151080 ,451091 48648 224715 157809 408094 790464 56479 584147 151080 625134 
395067 844103 950509 939377 127718 594336 206936 682540 899682 806640 ,395067 844103 950509 939377 127718 206936 682540 899682 806640 130138 
240559 630461 227914 875870 82278 506589 317653 493343 344192 711657 ,240559 630461 227914 875870 82278 506589 317653 493343 344192 711657 
1796 683010 171992 742134 704353 478523 380070 203637 267915 634087 ,1796 683010 171992 742134 704353 478523 380070 267915 203637 634087 
751128 179421 584227 51942 341076 237643 122915 188754 113178 912112 ,751128 179421 584227 51942 341076 237643 122915 188754 113178 912112 
230736 852876 680601 684093 986451 510425 194946 453304 170929 844404 ,230736 852876 680601 684093 986451 510425 194946 453304 170929 844404 
580890 137059 527123 749336 912845 819858 128615 161893 510753 167940 ,580890 137059 527123 912845 819858 128615 161893 510753 167940 176986 
537781 274589 904101 735942 882476 195362 320794 317595 629957 72780 ,537781 274589 904101 735942 882476 195362 320794 317595 629957 72780 
389325 776645 47328 736052 775189 548511 986859 780269 408179 301128 ,389325 776645 47328 736052 775189 548511 986859 780269 408179 301128 
568085 869318 903915 566547 607762 861642 767926 791740 655163 911542 ,568085 869318 903915 566547 607762 767926 791740 655163 911542 656683 
92553 20724 60998 126843 711203 794752 338087 492065 467657 513153 ,92553 20724 60998 126843 711203 794752 338087 492065 467657 513153 
87584 229563 666806 831597 8550 94379 548640 984426 630887 719398 ,87584 229563 666806 831597 8550 94379 548640 984426 630887 719398 
968678 263159 666220 779326 405676 546975 85299 613915 494286 287762 ,968678 263159 666220 779326 405676 546975 85299 613915 494286 287762 
167784 526092 422290 286253 122915 309415 228190 471901 11865 68420 ,167784 526092 422290 286253 122915 309415 228190 471901 11865 68420 
621312 304564 493343 637519 174512 243991 317816 186783 641545 185285 ,621312 304564 493343 637519 174512 243991 317816 186783 641545 671365 
602995 215161 908041 820733 558462 711000 555495 768620 189211 539574 ,602995 215161 908041 820733 558462 711000 555495 768620 189211 539574 
940645 725467 716818 668471 19304 502239 698687 82675 576694 121985 ,940645 725467 716818 668471 19304 502239 698687 82675 576694 121985 
862554 269539 886540 22382 762424 889364 385520 878371 777093 703677 ,862554 269539 886540 22382 762424 889364 385520 878371 777093 703677 
399859 467614 286795 249604 271183 607364 299546 800638 377324 198779 ,399859 467614 286795 249604 271183 607364 299546 800638 377324 198779 
613148 672377 750599 613031 674486 676375 672436 816606 672576 543529 ,613148 672377 750599 613031 674486 676375 672436 816606 672576 543529 
630288 531155 224407 948906 428360 398976 143431 882586 232149 805249 ,630288 531155 224407 948906 428360 398976 143431 882586 232149 805249 
236112 494946 211018 418618 271854 730389 708044 510012 430873 667769 ,236112 494946 211018 418618 271854 730389 708044 510012 430873 667769 
181926 816633 262391 633356 157388 174165 693437 816319 487413 158028 ,181926 816633 262391 633356 157388 174165 693437 816319 487413 158028 
146260 118251 584495 98058 277243 679999 882272 65294 368440 773609 ,146260 118251 584495 98058 277243 679999 882272 65294 368440 773609 
390578 127991 816633 514984 269908 898689 511735 630218 810870 60035 ,390578 127991 816633 514984 269908 898689 511735 630218 810870 60035 
780449 893271 576491 705237 907833 356845 104585 406950 926041 677120 ,780449 893271 576491 705237 907833 356845 104585 406950 926041 677120 
808293 60223 473978 922214 414272 875115 405069 154027 326011 398074 ,808293 60223 473978 922214 414272 875115 405069 154027 326011 398074 
669559 174772 697797 686096 925538 625991 940723 702239 563269 519725 ,669559 174772 697797 686096 625991 940723 702239 563269 519725 987711 
608299 339276 471357 53226 30775 52135 305611 96002 789462 279239 ,608299 339276 471357 53226 30775 52135 305611 96002 789462 279239 
450653 566409 55538 429871 406574 699271 123627 791401 669782 516549 ,450653 566409 55538 429871 406574 699271 123627 791401 669782 516549 
709366 833722 704992 331902 480426 271548 62961 124185 520177 895123 ,709366 833722 704992 331902 480426 271548 62961 124185 520177 895123 
515382 408976 332036 76017 390023 19729 230293 27816 518716 436972 ,515382 408976 332036 76017 390023 19729 230293 27816 518716 436972 
608585 212294 948337 484097 211872 613863 389602 970707 296845 274609 ,608585 212294 948337 484097 211872 613863 389602 970707 296845 274609 
129856 899305 933176 462042 895707 400838 545048 688126 327492 610652 ,129856 899305 933176 462042 895707 400838 545048 688126 327492 610652 
710200 656332 911078 824226 655696 446176 654563 568134 903886 929214 ,710200 656332 911078 824226 655696 446176 654563 568134 903886 929214 
685838 533707 107367 313778 261748 21289 179913 271400 172103 180734 ,685838 533707 107367 313778 261748 21289 179913 271400 172103 180734 
305971 231064 609836 305453 698578 520483 859393 768147 351408 278902 ,305971 231064 609836 305453 698578 520483 859393 768147 351408 278902 
846433 130640 371443 126323 58584 592594 735315 745558 324563 419975 ,846433 130640 371443 126323 58584 592594 735315 745558 324563 419975 
572922 299548 185356 31627 621529 367088 346944 21289 548486 866893 ,572922 299548 185356 31627 621529 367088 346944 21289 548486 866893 
930684 559098 33508 756368 658927 466107 30647 32873 341406 975805 ,930684 559098 33508 756368 658927 466107 30647 32873 341406 975805 
461065 630648 496195 3228 465651 746074 168756 945503 678824 573579 ,461065 630648 496195 3228 465651 746074 168756 945503 678824 573579 
230167 617262 926579 842730 65079 798813 393243 114090 845598 192461 ,230167 617262 926579 842730 65079 798813 393243 114090 845598 192461 
969054 225772 9629 55059 561463 871173 471984 99982 888593 705571 ,969054 225772 9629 55059 561463 871173 471984 99982 888593 705571 
613777 334924 119797 403944 855364 713681 551050 576970 597264 328671 ,613777 334924 119797 403944 855364 713681 551050 576970 597264 328671 
690340 483367 530479 300974 174781 192570 570249 343559 411589 70891 ,690340 483367 530479 300974 174781 192570 570249 343559 411589 70891 
389864 507410 81184 433671 270364 389833 460415 246983 670763 628912 ,389864 507410 81184 433671 270364 389833 460415 246983 670763 628912 
833821 197914 947061 162445 281892 547498 822489 439329 401186 351705 ,833821 197914 947061 162445 281892 547498 822489 439329 401186 351705 
282824 938514 42491 875244 172082 710719 497764 490421 516110 170160 ,282824 938514 42491 875244 172082 710719 497764 490421 516110 170160 
885516 490386 562727 628085 563808 200306 195921 542413 843131 985198 ,885516 490386 562727 628085 563808 200306 195921 542413 843131 985198 
653180 649355 714384 825526 953939 824186 787719 775616 28163 717191 ,653180 649355 714384 825526 953939 824186 787719 775616 28163 717191 
543741 573299 527964 813509 988274 844385 362471 867828 22034 971802 ,543741 573299 527964 813509 988274 844385 362471 867828 22034 971802 
357380 938936 307121 212983 247299 461413 104644 965878 859871 906755 ,357380 938936 307121 212983 247299 461413 104644 965878 859871 906755 
839087 969054 701442 321011 782756 595722 314357 264292 503325 117327 ,839087 969054 701442 321011 782756 595722 314357 264292 503325 117327 
235518 951787 641804 402638 41185 477948 723670 377565 480487 404473 ,235518 951787 641804 402638 41185 477948 723670 377565 480487 404473 
499903 247194 689880 860272 850300 770923 414453 777857 275442 533306 ,499903 247194 689880 860272 850300 770923 414453 777857 275442 533306 
749830 961709 117411 114302 340145 542786 272988 176137 298887 483285 ,749830 961709 117411 114302 340145 542786 272988 176137 298887 483285 
396743 277701 27627 911646 231798 80954 114560 181190 222806 772499 ,396743 277701 27627 911646 231798 80954 114560 181190 222806 772499 
758427 711096 855048 587039 373854 38456 478632 964348 751474 374202 ,758427 711096 855048 587039 373854 38456 478632 964348 751474 374202 
620598 394192 599143 779057 977462 343072 834860 102222 72936 909115 ,620598 394192 599143 779057 977462 343072 834860 102222 72936 909115 
323932 488309 502069 724697 527754 509326 385000 306558 973364 20783 ,323932 488309 502069 724697 527754 385000 306558 973364 20783 236032 
137348 284777 546695 488975 755705 675191 145385 859818 226070 398066 ,137348 284777 546695 488975 755705 675191 145385 859818 226070 398066 
490332 20973 336859 493373 869785 627803 305206 84462 857495 502196 ,490332 20973 336859 493373 869785 627803 305206 84462 857495 502196 
907385 229734 207657 655568 476864 656893 424122 120325 876502 296080 ,907385 229734 207657 655568 476864 656893 424122 120325 876502 296080 
864005 421459 451006 776126 944332 109568 55978 307121 648231 16051 ,864005 421459 451006 776126 944332 109568 55978 307121 648231 16051 
343857 78871 651819 366551 744490 60476 55894 439837 853938 304109 ,78871 651819 366551 744490 60476 55894 439837 853938 304109 453600 
305126 350809 292133 279202 523367 991794 497144 429685 367030 254253 ,305126 350809 292133 279202 523367 991794 497144 429685 367030 254253 
629881 906281 417305 876201 407915 77751 319333 128322 803229 552207 ,629881 906281 417305 876201 407915 77751 319333 128322 803229 552207 
280988 897916 30917 525817 385755 500563 232455 997438 168982 835191 ,280988 897916 30917 525817 385755 500563 232455 997438 168982 835191 
397246 24392 637373 671951 468666 442526 6436 772167 358098 229796 ,397246 24392 637373 671951 468666 442526 6436 772167 358098 229796 
916375 393042 508130 854705 382680 248950 602618 201945 693101 747525 ,916375 393042 508130 854705 382680 248950 602618 201945 693101 747525 
148092 153301 346793 492397 899366 29178 250009 702512 532055 876412 ,148092 153301 346793 492397 899366 29178 250009 702512 532055 876412 
79553 29958 348803 5555 702967 620751 540613 95777 325277 480475 ,79553 29958 348803 5555 702967 620751 540613 95777 325277 480475 
872229 618603 805122 393027 822061 255439 521 199707 662614 174542 ,872229 618603 805122 393027 822061 255439 521 199707 662614 174542 
464995 694746 493122 703117 517066 522718 307232 801497 337957 423830 ,464995 694746 493122 703117 517066 522718 307232 801497 337957 423830 
80537 113764 535438 12074 535488 239482 573317 374780 55612 763955 ,80537 113764 535438 12074 535488 239482 573317 374780 55612 763955 
150124 69817 69636 886909 224670 623615 996371 839555 124837 844267 ,150124 69817 69636 886909 224670 623615 996371 839555 124837 844267 
530369 192151 933130 380047 666157 504610 379472 84398 496592 10686 ,530369 192151 933130 380047 666157 504610 379472 84398 496592 10686 
100053 545950 559497 744389 5569 66611 310987 916485 435763 905524 ,100053 545950 559497 744389 5569 66611 310987 916485 435763 905524 
622692 410761 771789 733365 656755 448651 541263 101491 286836 536312 ,622692 410761 771789 733365 656755 448651 541263 101491 286836 536312 
151067 79744 455321 451975 502196 487499 461523 262114 341021 364495 ,151067 79744 455321 451975 502196 487499 461523 262114 341021 364495 
403120 800213 458150 499637 210899 81749 972155 10508 66781 974925 ,403120 800213 458150 499637 210899 81749 972155 10508 66781 974925 
704772 322656 30079 990050 404727 893418 714375 608428 921103 255976 ,704772 322656 30079 990050 404727 893418 714375 608428 921103 255976 
222648 909867 753385 120853 648323 981953 300547 145129 561019 747401 ,222648 909867 753385 120853 648323 981953 300547 145129 561019 747401 
219981 774807 229739 810867 444478 855632 300008 848167 818763 584454 ,219981 774807 229739 810867 444478 855632 300008 848167 818763 584454 
300008 636828 824593 949613 943677 216081 254884 91222 822677 389201 ,300008 636828 824593 949613 943677 216081 254884 91222 822677 389201 
454700 597026 484436 657468 237231 521695 319974 9696 910116 724272 ,454700 597026 484436 657468 237231 521695 319974 9696 910116 724272 
714866 737489 46168 525395 566755 559694 360130 789668 163821 859063 ,714866 737489 46168 525395 566755 559694 360130 789668 163821 859063 
832801 497591 280211 741614 675363 871671 430227 748682 306317 86127 ,832801 497591 280211 741614 675363 871671 430227 748682 306317 86127 
674595 627189 153983 367303 330106 841434 578005 411805 164941 521119 ,674595 627189 153983 367303 330106 841434 578005 411805 164941 521119 
839945 653688 890040 10388 610998 139136 243940 32993 345440 683822 ,839945 653688 890040 10388 610998 139136 243940 32993 345440 683822 
843404 870649 62312 810129 923948 40030 61049 142076 458808 850433 ,843404 870649 62312 810129 923948 40030 61049 142076 458808 850433 
871671 91921 587864 226517 724562 386134 20088 285065 273702 809614 ,871671 91921 587864 226517 724562 386134 20088 285065 273702 809614 
758734 758747 145502 837581 404177 274483 766053 801114 848765 332470 ,758734 758747 145502 837581 404177 274483 766053 801114 848765 332470 
101612 340203 269661 615829 227508 408738 56021 188705 921103 333666 ,101612 340203 269661 615829 227508 408738 56021 188705 921103 333666 
395372 439213 179157 781858 996151 725688 289415 16765 722219 716845 ,395372 439213 179157 781858 996151 725688 289415 16765 722219 716845 
503698 748238 898101 100867 955757 95667 936527 833767 545251 918255 ,503698 748238 898101 100867 955757 95667 936527 833767 545251 918255 
388002 705697 802957 123767 89310 490487 159723 908293 639038 878903 ,388002 705697 802957 123767 89310 490487 159723 908293 639038 878903 
124113 890080 540310 409081 477042 473467 572227 377029 50964 366487 ,124113 890080 540310 409081 477042 473467 572227 377029 50964 366487 
421803 405726 498554 9065 994404 882130 500396 368494 852456 920471 ,421803 405726 498554 9065 994404 882130 500396 368494 852456 920471 
145171 859750 858592 966349 812606 830344 876719 922566 774471 236699 ,145171 859750 858592 966349 812606 830344 876719 922566 774471 236699 
454141 70109 948427 47927 977434 808037 901006 633234 318437 820982 ,454141 70109 948427 47927 977434 808037 901006 633234 318437 820982 
649832 654441 655146 644413 759012 829624 474272 399625 902910 187247 ,649832 654441 655146 644413 759012 829624 474272 399625 902910 187247 
693085 753005 571998 370427 584009 831363 154202 399787 22488 778529 ,693085 753005 571998 370427 584009 831363 154202 399787 22488 778529 
863331 864996 15369 131480 99456 196726 323575 882973 919163 972155 ,863331 864996 15369 131480 99456 196726 323575 882973 919163 972155 
603291 880842 206583 89097 796968 982682 152074 880307 350282 274019 ,603291 880842 206583 89097 796968 982682 152074 880307 350282 274019 
77320 899179 690811 112573 391366 793839 618815 199579 988877 392933 ,77320 899179 690811 112573 391366 793839 618815 199579 988877 392933 
990383 315449 619121 818091 929086 224651 224590 635831 401790 770844 ,990383 315449 619121 818091 929086 224651 224590 635831 401790 43714 
422832 787691 30420 338084 473509 443460 122744 997973 189263 761523 ,422832 787691 30420 338084 473509 443460 122744 997973 189263 761523 
342625 814166 55451 217876 789348 458345 559256 140904 188160 978044 ,342625 814166 55451 217876 789348 458345 559256 140904 188160 978044 
425445 39378 476147 769741 389664 918665 476376 685466 477426 917820 ,425445 39378 476147 769741 389664 918665 476376 685466 477426 917820 
658262 364706 192168 363924 830857 408738 121977 269661 321583 322336 ,658262 364706 192168 363924 830857 408738 121977 269661 321583 322336 
901583 113573 651005 874960 859727 195176 307122 603882 796056 182102 ,901583 113573 651005 874960 859727 195176 307122 603882 796056 182102 
873319 408889 96918 411457 528807 547091 719135 186536 280211 699300 ,873319 408889 96918 411457 528807 547091 719135 186536 280211 699300 
643053 256926 698435 272198 405726 211849 664295 603908 919986 233542 ,643053 256926 698435 272198 405726 211849 664295 603908 919986 233542 
982691 341247 156869 31361 510707 459179 893770 615345 823677 413811 ,982691 341247 156869 31361 510707 459179 893770 615345 823677 413811 
855017 986566 217219 857091 947566 931998 852475 995859 911029 572142 ,855017 986566 217219 857091 947566 931998 852475 995859 911029 572142 
54816 639486 640037 768604 406861 379230 37787 905612 103770 896305 ,54816 639486 640037 768604 406861 379230 37787 905612 103770 896305 
892920 776913 989610 277079 966349 145171 185668 199203 830344 347558 ,892920 776913 989610 277079 966349 145171 185668 199203 830344 347558 
553078 585091 354488 837581 688651 274483 667322 160941 198914 395747 ,553078 585091 354488 837581 688651 274483 667322 160941 198914 395747 
573206 363479 974807 196317 608914 337400 111202 748723 305186 898498 ,573206 363479 974807 196317 608914 337400 111202 748723 305186 898498 
760537 911829 412017 659324 602575 224244 794381 271559 92034 885117 ,760537 911829 412017 659324 602575 224244 794381 271559 92034 885117 
655481 667388 446957 465051 643136 952534 410090 887583 475035 615191 ,655481 667388 446957 465051 643136 952534 410090 887583 475035 615191 
199203 522891 77649 440220 472720 64208 589878 796325 576423 68732 ,199203 522891 77649 440220 472720 64208 589878 796325 576423 68732 
42403 15090 191607 753132 879998 560888 315537 132956 739121 449280 ,42403 15090 191607 753132 879998 560888 315537 132956 739121 449280 
852258 861946 224448 821114 657848 15369 842597 538594 108815 885926 ,852258 861946 224448 821114 657848 15369 842597 538594 108815 885926 
416668 554407 731565 36230 481164 553442 725087 686539 733957 403151 ,416668 554407 731565 36230 481164 553442 725087 686539 733957 403151 
919550 540578 956401 904208 605719 868294 496662 223984 224939 842597 ,919550 540578 956401 904208 605719 868294 496662 223984 224939 842597 
950708 472557 672635 448302 373820 447339 672643 190708 190780 666872 ,950708 472557 672635 448302 373820 447339 672643 190708 190780 666872 
756769 443304 543291 44590 684850 190708 899268 446171 447339 835501 ,756769 443304 543291 44590 684850 190708 899268 446171 447339 835501 
548805 91764 199203 124755 243394 99456 257842 705617 558142 784569 ,548805 91764 199203 124755 243394 99456 257842 705617 558142 784569 
845078 46658 45745 379180 963712 52266 54844 260196 355179 666776 ,845078 46658 45745 379180 963712 52266 54844 260196 355179 666776 
465039 350659 321624 599103 546384 188825 795639 130804 429745 658386 ,465039 350659 321624 599103 546384 188825 795639 130804 429745 658386 
841262 401812 952814 492291 163249 352123 13583 519040 194551 339800 ,841262 401812 952814 492291 163249 352123 13583 519040 194551 339800 
857300 637314 294457 225412 191485 855562 544912 940606 858343 219521 ,857300 637314 294457 225412 191485 855562 544912 940606 858343 219521 
475697 856469 978754 479569 875205 136606 440781 456687 55214 334942 ,475697 856469 978754 479569 875205 136606 440781 456687 55214 334942 
970369 983996 889896 190642 785106 959962 837940 780515 919449 885909 ,970369 983996 889896 190642 785106 959962 837940 780515 919449 885909 
856745 673996 190617 446929 896596 190830 544976 836557 141433 768024 ,856745 673996 190617 446929 896596 190830 544976 836557 141433 768024 
408332 79648 430252 384232 89623 270334 157333 124745 185180 117533 ,408332 79648 430252 384232 89623 270334 157333 124745 185180 117533 
432375 518699 515895 336738 400676 363373 567860 187072 94749 634054 ,432375 518699 515895 336738 400676 363373 567860 187072 94749 634054 
541923 263012 534144 254247 92672 223663 522147 609204 997634 402558 ,541923 263012 534144 254247 92672 223663 522147 609204 997634 402558 
509911 496853 601006 94441 430252 997641 965995 384232 79648 238616 ,509911 496853 601006 94441 430252 997641 965995 384232 79648 238616 
242337 432077 952863 541682 125167 505377 749782 175746 228796 563236 ,242337 432077 952863 541682 125167 505377 749782 175746 228796 563236 
834640 620866 152215 635849 585878 663806 175298 784504 627928 573888 ,834640 620866 152215 635849 585878 663806 175298 784504 627928 573888 
29565 144945 686794 301947 622167 582847 205061 160995 277089 76492 ,29565 144945 686794 301947 622167 582847 205061 160995 277089 76492 
162969 406757 135018 184872 608691 86564 438881 664489 343298 681092 ,162969 406757 135018 184872 608691 86564 438881 664489 343298 681092 
807859 221258 762974 794755 77848 733838 755497 812340 779037 54518 ,807859 221258 762974 794755 77848 733838 755497 812340 779037 54518 
945657 14873 395782 522840 184872 160316 1764 77154 198394 13891 ,945657 14873 395782 522840 184872 160316 1764 77154 198394 13891 
472369 756268 536481 317898 238621 519708 699384 104982 549336 715596 ,472369 756268 536481 317898 238621 519708 699384 104982 549336 951271 
420062 90820 480587 228378 658133 390202 868129 965995 288728 215506 ,420062 90820 480587 228378 658133 390202 868129 965995 288728 215506 
969165 128261 850514 589380 513992 544912 58856 94467 225869 450044 ,969165 128261 850514 589380 513992 544912 58856 94467 225869 450044 
890533 656138 643706 23819 218451 608670 590817 759238 921356 815548 ,890533 656138 643706 23819 218451 608670 590817 759238 921356 815548 
232655 844133 108288 584138 655156 225321 106866 229289 25520 780183 ,232655 844133 108288 584138 655156 225321 106866 229289 25520 780183 
628615 18721 995995 398649 421544 422115 582555 196615 916876 390165 ,628615 18721 995995 398649 421544 422115 582555 196615 916876 390165 
16367 512640 965629 554912 884011 254921 766840 899507 930498 541578 ,16367 512640 965629 554912 884011 254921 766840 899507 930498 541578 
889231 556711 902423 974326 600083 476516 718369 831257 612143 48787 ,889231 556711 902423 974326 600083 476516 718369 831257 612143 48787 
938463 687176 60623 940578 204765 844131 269670 883513 489791 844162 ,938463 687176 60623 940578 204765 844131 269670 883513 489791 844162 
961885 891189 833050 537925 637733 828871 652750 837676 900960 290239 ,961885 891189 833050 537925 637733 828871 837676 900960 290239 795272 
555864 151421 502896 460458 555230 905157 344211 786567 64611 347448 ,555864 151421 502896 460458 555230 905157 344211 786567 64611 347448 
63993 499026 16040 59554 942514 11809 353083 519498 843160 435391 ,63993 499026 16040 59554 942514 11809 353083 519498 843160 435391 
627264 486868 187272 600469 737713 743804 22676 795249 914725 893649 ,627264 486868 187272 600469 737713 743804 22676 795249 914725 893649 
989557 249160 141592 774653 357769 40376 430950 28531 991969 64453 ,989557 249160 141592 774653 357769 40376 430950 28531 991969 64453 
186514 452173 899098 861865 561943 808647 83248 512761 425492 893359 ,186514 452173 899098 861865 561943 808647 83248 512761 425492 893359 
9892 883435 719093 164596 69029 387260 747638 573740 212460 252222 ,9892 883435 719093 164596 69029 387260 747638 573740 212460 252222 
820065 444126 146614 683522 19658 449420 252170 428963 192726 938954 ,444126 146614 683522 19658 449420 252170 428963 192726 938954 258904 
198799 18721 639696 486211 725684 754866 702271 668217 892469 528913 ,198799 18721 639696 486211 725684 754866 702271 668217 892469 528913 
217149 788582 357074 248028 39925 633712 906292 942772 952379 513162 ,217149 788582 357074 248028 39925 633712 906292 942772 952379 513162 
505231 823603 819739 614732 441619 238943 641700 225707 412490 302550 ,505231 823603 819739 614732 441619 238943 641700 225707 412490 302550 
114739 634187 865281 803463 753691 909284 483439 549336 187695 713015 ,114739 634187 865281 803463 753691 909284 483439 549336 187695 713015 
604316 996714 839952 569768 870441 667362 702274 830440 768326 190650 ,604316 996714 839952 569768 870441 667362 702274 830440 768326 190650 
218074 512932 535333 38002 604316 638615 424420 192132 768326 773034 ,218074 512932 535333 38002 604316 638615 424420 192132 768326 773034 
650793 189074 824987 653731 567850 905914 825347 983151 854122 986236 ,650793 189074 824987 653731 567850 905914 825347 983151 854122 986236 
914467 166385 84901 777139 921872 900748 243883 569013 54774 939160 ,914467 166385 84901 777139 921872 900748 243883 569013 54774 939160 
638544 604725 35011 848612 923619 852262 111835 614527 102234 203266 ,638544 604725 35011 848612 923619 852262 111835 614527 102234 203266 
890007 703195 889959 521977 218250 963938 247761 178996 501350 298972 ,890007 703195 889959 521977 218250 963938 247761 178996 501350 298972 
205322 95571 738815 117385 194764 572756 424682 416218 9600 526016 ,205322 95571 738815 117385 194764 572756 424682 416218 9600 526016 
53275 379912 556938 41424 2964 784180 635124 230983 916765 396181 ,53275 379912 556938 41424 2964 784180 635124 230983 916765 396181 
249730 242326 822183 144908 178503 170608 122049 952912 351413 246343 ,249730 242326 822183 144908 178503 170608 122049 952912 351413 246343 
717477 42431 716657 990933 737260 261627 886921 252 842719 74308 ,717477 42431 716657 990933 737260 261627 886921 252 842719 74308 
454159 842177 679194 510963 242824 159402 108667 152514 265518 928786 ,454159 842177 679194 510963 242824 159402 108667 152514 265518 928786 
161642 925386 520909 747868 181040 175427 419337 174734 724159 474634 ,161642 925386 520909 747868 181040 175427 419337 174734 724159 474634 
948540 476536 250271 481999 483684 188903 83022 294777 526679 943682 ,948540 476536 250271 481999 483684 188903 83022 294777 526679 943682 
468029 205407 376539 147125 902441 955573 260837 995525 52488 239626 ,468029 205407 376539 147125 902441 955573 260837 995525 52488 239626 
636749 650723 636284 555705 575823 474742 983658 48661 596577 873679 ,636749 650723 636284 555705 575823 474742 983658 48661 596577 873679 
920351 822209 658881 828231 755661 571026 12576 602365 101618 949163 ,920351 822209 658881 828231 755661 571026 12576 602365 101618 949163 
956741 209578 177163 40533 717584 175334 326725 913102 584838 716887 ,956741 209578 177163 40533 717584 175334 326725 913102 584838 716887 
956170 631839 260953 830319 960352 703718 85075 263627 440125 650819 ,956170 631839 260953 830319 960352 703718 85075 263627 440125 650819 
867646 556699 223895 17020 405895 20844 987216 36116 572989 197272 ,867646 223895 17020 405895 20844 987216 36116 572989 197272 845799 
662917 722712 312595 604180 627250 410634 534736 928716 297913 518935 ,662917 722712 312595 604180 627250 410634 534736 928716 297913 518935 
394920 996840 380696 796891 866591 711105 680799 679454 60325 410382 ,394920 996840 380696 796891 866591 711105 680799 679454 60325 410382 
220034 53694 210920 458303 351287 29701 223781 572356 516385 284600 ,220034 53694 210920 458303 351287 29701 223781 572356 516385 284600 
541682 516549 535070 965995 50363 1449 823560 754012 306632 990138 ,541682 516549 965995 50363 1449 823560 754012 306632 990138 256362 
689994 532501 961640 646166 127338 782222 862372 853233 51312 551370 ,689994 532501 961640 646166 127338 782222 862372 853233 51312 551370 
531690 668806 177739 376938 326418 206161 224627 723978 16443 764142 ,531690 668806 177739 376938 326418 206161 224627 723978 16443 764142 
991506 647904 646770 5846 834229 611234 879576 720260 877918 829432 ,991506 647904 646770 5846 834229 611234 879576 877918 829432 652474 
64886 56892 405858 172317 449108 6191 307232 387820 66552 781135 ,64886 56892 405858 449108 6191 307232 387820 66552 781135 204900 
271894 294457 272817 725592 42957 522388 15431 839542 895565 369019 ,271894 294457 272817 725592 42957 522388 15431 839542 895565 369019 
188537 898181 11427 224521 1511 90392 882795 240535 511441 30152 ,188537 898181 11427 224521 1511 90392 882795 240535 511441 30152 
738938 415291 566707 458284 518722 312569 940910 769376 953076 615670 ,738938 415291 566707 458284 518722 312569 940910 769376 953076 615670 
124563 457002 125064 802509 758758 375279 111514 832982 871581 758328 ,124563 457002 125064 802509 758758 375279 111514 832982 871581 758328 
559587 246532 559637 23592 369985 90232 536882 738635 523330 433853 ,559587 246532 559637 23592 369985 90232 536882 738635 523330 433853 
668431 820836 30212 79384 819321 470621 365830 630177 182618 429545 ,668431 820836 30212 79384 819321 470621 365830 630177 182618 429545 
699956 261758 111921 104889 815414 87485 129755 526571 429542 279788 ,699956 261758 111921 104889 815414 87485 129755 526571 429542 279788 
393223 168944 598082 266342 269728 712299 394790 334811 830800 333486 ,393223 168944 598082 266342 269728 712299 394790 334811 830800 333486 
681403 457041 6585 343066 798348 164000 275631 380418 77583 985116 ,681403 457041 6585 343066 798348 164000 275631 380418 77583 985116 
936205 831604 905442 831566 849508 11063 841377 686999 121932 744965 ,936205 831604 905442 849508 831566 11063 841377 686999 121932 744965 
810837 852293 959069 561819 772403 771616 375235 962400 772668 716841 ,810837 852293 959069 561819 772403 771616 375235 962400 772668 716841 
116226 535513 272022 836466 82760 508311 560374 78945 399271 518802 ,116226 535513 272022 836466 82760 508311 560374 78945 399271 518802 
914698 128410 987488 495362 354818 836536 198394 737266 802625 690760 ,914698 128410 987488 495362 354818 836536 198394 737266 802625 690760 
696822 328336 311915 173498 991916 16367 232907 418676 304056 252043 ,696822 328336 311915 173498 991916 16367 232907 418676 304056 252043 
468487 23588 892041 426447 708759 563907 536414 638079 599145 450653 ,468487 23588 892041 426447 708759 563907 536414 638079 599145 450653 
962400 843968 348473 716841 930113 104148 399733 641751 489910 996378 ,962400 843968 348473 716841 930113 104148 399733 641751 489910 996378 
399733 356306 248253 2964 954910 914532 653855 208970 601144 877988 ,399733 356306 248253 2964 954910 914532 653855 208970 601144 877988 
970175 32419 974814 947662 241677 550573 951453 522611 798633 27357 ,970175 32419 974814 947662 241677 550573 951453 522611 798633 27357 
40262 206 67408 426447 304988 501866 614921 790727 4569 321743 ,40262 206 67408 426447 304988 501866 614921 790727 4569 321743 
75867 330730 65478 684588 869743 841563 229701 15745 629515 202361 ,75867 330730 65478 684588 869743 841563 229701 15745 629515 202361 
996788 905442 744965 703038 730825 862379 265033 690760 717797 58668 ,996788 905442 744965 703038 730825 862379 265033 690760 717797 58668 
886056 671160 678425 6854 851819 202537 560330 399362 277639 746993 ,886056 671160 678425 6854 851819 202537 560330 399362 277639 746993 
143165 983308 986153 505548 256062 979516 272354 398354 434269 899737 ,143165 983308 986153 505548 256062 979516 272354 398354 434269 899737 
82318 582121 681693 34253 617109 332721 982412 70575 546348 548761 ,82318 582121 681693 34253 617109 332721 982412 70575 546348 548761 
71746 737850 440051 854562 185826 154230 394435 948775 419680 967621 ,71746 737850 440051 854562 185826 154230 394435 948775 419680 967621 
548709 803234 370490 684710 659522 895834 729910 485496 741038 518731 ,548709 803234 370490 684710 659522 895834 729910 485496 741038 518731 
542507 140914 511890 458019 714238 412843 534379 30233 910968 617109 ,542507 140914 511890 458019 714238 412843 30233 910968 617109 363939 
236889 428121 247297 497400 429531 326875 686293 378939 51434 601224 ,236889 428121 247297 497400 429531 326875 686293 378939 51434 601224 
660833 560726 810312 826161 772195 522021 632820 647769 572765 959359 ,660833 560726 810312 826161 772195 522021 632820 647769 572765 959359 
479575 809344 604194 914033 375567 579677 201504 388746 384275 465856 ,479575 809344 604194 914033 375567 579677 201504 388746 384275 465856 
259915 342887 374331 66781 636615 289733 94758 143773 159462 425878 ,259915 342887 374331 66781 636615 289733 94758 143773 159462 425878 
566272 920600 521858 429855 363923 106508 450653 426447 482510 84616 ,566272 920600 521858 429855 363923 106508 450653 426447 482510 84616 
663158 501212 372401 566304 530351 242187 83724 130334 514088 227191 ,663158 501212 372401 566304 530351 242187 83724 130334 514088 227191 
558135 55396 500645 111632 532682 35540 355214 56709 279715 111985 ,558135 55396 500645 111632 532682 35540 355214 56709 279715 111985 
933486 141123 781218 527624 56046 311051 812863 198394 901611 717797 ,933486 141123 781218 527624 56046 311051 812863 198394 901611 717797 
95416 792348 809716 146325 169775 7849 929942 862796 364319 567822 ,95416 792348 809716 146325 169775 7849 929942 862796 364319 567822 
742831 898908 191124 683154 236060 765273 24618 915106 199372 265787 ,742831 898908 191124 683154 236060 765273 24618 915106 199372 265787 
595867 16367 268523 915914 40372 346855 417404 569698 71801 886949 ,595867 16367 268523 915914 40372 346855 417404 569698 71801 886949 
228778 689820 68369 521858 514088 227191 519086 168558 130334 53644 ,228778 689820 68369 521858 514088 227191 519086 168558 130334 53644 
130757 914033 297426 633728 889693 205065 384670 556368 636291 736051 ,130757 914033 297426 633728 889693 205065 384670 556368 636291 736051 
973920 178447 397784 119635 26168 118838 634695 514815 233860 368038 ,973920 178447 397784 119635 26168 118838 634695 514815 233860 368038 
793020 920708 969283 671199 627793 770421 411907 763526 429409 422847 ,793020 920708 969283 671199 627793 770421 411907 763526 429409 422847 
271461 561733 425878 680894 142075 837352 415217 246290 60550 332207 ,271461 561733 425878 680894 142075 837352 415217 246290 60550 332207 
334248 80590 731547 11027 89577 226866 849827 347075 410634 700505 ,334248 80590 731547 11027 89577 226866 849827 347075 410634 700505 
861330 323046 614972 274688 105156 840894 283709 846634 94207 748669 ,861330 323046 614972 274688 105156 840894 283709 846634 94207 748669 
4849 207088 417556 212601 890338 43074 207062 191124 768211 898908 ,4849 207088 417556 212601 890338 43074 207062 191124 768211 898908 
833597 729698 483238 770632 583852 291770 991565 945837 95375 387013 ,833597 729698 483238 770632 583852 291770 991565 945837 95375 387013 
624506 325723 159681 578271 111797 402931 299684 454902 507055 888844 ,624506 325723 159681 578271 111797 402931 299684 454902 507055 888844 
654231 804531 850298 37725 791407 826093 826076 667224 122412 446200 ,654231 804531 850298 37725 791407 826093 826076 667224 122412 446200 
267282 668535 354156 22313 788164 568186 750939 251847 401820 737879 ,267282 668535 354156 22313 788164 568186 750939 251847 401820 737879 
614619 494013 298319 814897 178601 575115 11940 883986 634473 737326 ,614619 494013 298319 814897 178601 575115 11940 883986 634473 737326 
100909 857686 215810 834774 798938 836917 892274 45745 929630 539921 ,100909 857686 215810 834774 798938 836917 892274 45745 929630 539921 
502733 786958 809364 312756 793735 322857 353602 958274 50867 807117 ,502733 786958 809364 312756 793735 322857 353602 958274 50867 807117 
452529 161397 538738 322307 366540 667824 755335 263686 782091 428963 ,452529 161397 538738 322307 366540 667824 755335 263686 782091 428963 
231702 987455 902845 159243 532930 2547 376691 482510 89280 83000 ,231702 987455 902845 159243 532930 2547 376691 482510 89280 83000 
95510 754728 69262 278014 140914 721140 60127 513 928413 81791 ,95510 754728 69262 278014 140914 721140 60127 513 928413 81791 
150866 553773 52689 801124 471876 54866 540197 963904 409200 518179 ,150866 553773 52689 801124 471876 54866 540197 963904 409200 518179 
267006 265823 824154 84608 660632 237945 489257 475890 498189 92061 ,267006 265823 824154 84608 660632 237945 489257 475890 498189 92061 
888296 197802 889693 933921 989581 176495 182701 403593 116774 835647 ,888296 197802 889693 933921 989581 176495 182701 403593 116774 835647 
500516 640940 282792 449695 543448 770508 477689 410499 56956 642842 ,500516 640940 282792 449695 543448 770508 477689 410499 56956 642842 
759315 901909 824861 819588 190830 412883 987963 918269 641557 702436 ,759315 901909 824861 819588 190830 412883 987963 918269 641557 702436 
246972 410598 849088 898324 887124 539313 666774 810383 773043 768046 ,246972 410598 849088 898324 887124 539313 666774 810383 773043 768046 
560921 451392 161273 723478 241562 214734 842918 70039 509616 942574 ,560921 451392 161273 723478 241562 214734 842918 70039 509616 942574 
945259 544114 190935 612103 420609 637671 123052 703517 516749 30722 ,945259 544114 190935 612103 420609 637671 123052 703517 516749 30722 
572721 499372 22671 6026 720189 31204 570143 977324 482949 469560 ,572721 499372 22671 6026 720189 31204 570143 977324 482949 469560 
97551 292266 463035 260276 318999 249207 658386 760899 74028 526086 ,97551 292266 463035 260276 318999 249207 658386 760899 74028 526086 
44527 217512 636128 830197 500182 551570 282281 535245 224188 704488 ,44527 217512 636128 830197 500182 551570 282281 535245 224188 704488 
475871 342041 50962 422196 910288 762885 153304 471814 404318 53373 ,475871 342041 50962 422196 910288 762885 153304 471814 404318 53373 
359519 756551 362201 489732 163290 608605 160915 796229 774829 983466 ,359519 756551 362201 489732 163290 608605 160915 796229 774829 983466 
936494 704473 842871 670642 145127 880396 193076 941640 504686 11827 ,936494 704473 842871 670642 145127 880396 193076 941640 504686 11827 
39255 487147 155871 64610 342133 58424 933921 456287 997619 594153 ,39255 487147 155871 64610 342133 58424 933921 456287 997619 594153 
355991 361718 817447 547091 698768 364938 700607 669276 464131 273038 ,355991 361718 817447 547091 698768 364938 700607 669276 464131 273038 
312034 239561 143212 221 134479 974019 806728 580837 810190 377458 ,312034 239561 143212 221 134479 974019 806728 580837 810190 377458 
448352 723116 480452 251458 260770 738348 123846 510312 200722 496096 ,448352 723116 480452 251458 260770 738348 123846 510312 200722 496096 
183995 275571 175782 552066 507703 687208 785984 195353 475928 299997 ,183995 275571 175782 552066 507703 687208 785984 195353 475928 180156 
447424 24425 996571 666741 672514 448275 534425 824058 997781 545747 ,447424 24425 996571 666741 672514 448275 534425 824058 997781 545747 
804744 507813 685137 89850 678528 119637 733079 886979 669529 695981 ,804744 507813 685137 89850 678528 119637 733079 886979 669529 695981 
972716 851677 823148 334624 640083 766264 810687 560993 340760 894600 ,972716 851677 823148 334624 640083 766264 810687 560993 340760 894600 
763256 822809 823682 35133 391020 719417 46811 251673 107972 328333 ,763256 822809 823682 35133 391020 719417 46811 251673 107972 328333 
21153 97969 469990 5808 288067 982051 371908 117331 531577 605779 ,21153 97969 469990 5808 288067 982051 371908 117331 531577 605779 
890503 898806 740812 868685 205777 17314 853254 504741 966913 625187 ,890503 898806 740812 868685 205777 17314 853254 504741 966913 625187 
93138 788563 124199 256236 493923 760733 359141 967403 743640 64531 ,93138 788563 124199 256236 493923 760733 359141 967403 743640 64531 
898236 926587 301614 166237 353617 164168 18767 608811 513407 669429 ,898236 926587 301614 166237 353617 164168 18767 608811 513407 669429 
235809 914710 600736 427266 166887 104748 62298 5948 221902 634744 ,235809 914710 600736 427266 166887 104748 62298 5948 221902 634744 
17691 606758 782969 351642 535214 51399 637442 112831 174394 587428 ,17691 606758 782969 351642 535214 51399 637442 112831 174394 587428 
714557 746784 110694 148274 961021 832173 761967 793146 431704 273687 ,714557 746784 110694 148274 961021 832173 761967 793146 431704 273687 
584746 397147 389573 416239 958998 772974 771616 832267 856952 921094 ,584746 397147 389573 416239 958998 772974 771616 832267 856952 921094 
358463 468480 27317 86018 24929 543528 627369 205628 741674 266967 ,358463 468480 27317 86018 24929 543528 627369 205628 741674 266967 
962882 485292 170995 366445 868581 89942 928423 791336 750841 515906 ,962882 485292 170995 366445 868581 89942 928423 791336 750841 515906 
855599 280091 633510 786510 86023 472775 81732 979857 898250 222217 ,855599 280091 633510 786510 86023 472775 81732 979857 898250 222217 
350739 635829 426515 97732 704655 738989 419969 503281 916647 226072 ,350739 635829 426515 97732 704655 738989 419969 503281 916647 226072 
974097 760718 735103 429591 76590 60830 819119 152676 272051 790899 ,974097 760718 735103 429591 76590 60830 819119 152676 272051 790899 
301398 188161 127577 146986 880286 90594 745948 77493 998983 695675 ,301398 188161 127577 146986 880286 90594 745948 77493 998983 695675 
848571 919688 641015 900881 389573 934928 770834 835371 890741 142927 ,848571 919688 641015 900881 389573 934928 770834 835371 890741 142927 
274071 89946 16824 635772 660358 262774 969192 740630 466768 88784 ,274071 89946 16824 635772 660358 262774 969192 740630 466768 88784 
869180 453539 609697 363376 606758 738630 358836 236161 452978 22026 ,869180 453539 609697 363376 606758 738630 358836 236161 452978 22026 
539593 264349 422344 57259 38135 683142 978678 539555 105059 622945 ,539593 264349 422344 57259 38135 683142 978678 539555 105059 622945 
703443 109292 194619 990109 963230 160774 86018 868836 272312 843214 ,703443 109292 194619 990109 963230 160774 86018 868836 272312 843214 
27676 141852 580034 143131 296718 109529 368170 600483 674007 664657 ,27676 141852 580034 143131 296718 109529 368170 600483 674007 664657 
772904 173045 618697 308748 167639 276409 35502 938862 645200 801965 ,772904 173045 618697 308748 167639 276409 35502 938862 645200 801965 
506418 66462 8339 743304 442201 432822 26666 140006 454098 183338 ,506418 66462 8339 743304 442201 432822 26666 140006 454098 183338 
12505 832578 596101 124989 851193 85460 771616 271909 508511 513458 ,12505 832578 596101 124989 851193 85460 771616 271909 508511 513458 
505833 177951 111554 45463 944033 391430 277861 585523 130181 813205 ,505833 177951 111554 45463 944033 391430 277861 585523 130181 813205 
73016 857667 404991 478882 599381 943849 957890 63858 869970 659094 ,73016 857667 404991 478882 599381 943849 957890 63858 869970 659094 
358334 118015 888788 705810 95492 152115 295684 439188 564710 312267 ,358334 118015 888788 705810 95492 152115 295684 439188 564710 312267 
88916 498123 481052 106458 468323 107452 728894 533707 321099 739161 ,88916 498123 481052 106458 468323 107452 728894 533707 321099 739161 
618007 331127 661248 343071 170524 354448 230157 333693 520077 364068 ,618007 331127 661248 343071 170524 354448 230157 333693 520077 364068 
92030 415326 718462 744527 499716 348252 956861 99040 434629 585417 ,92030 415326 718462 744527 499716 348252 956861 99040 434629 585417 
134502 281770 354520 389095 79518 301855 464810 322356 324214 361724 ,134502 281770 354520 389095 79518 301855 464810 322356 324214 361724 
686650 602364 874988 246942 629122 485904 708075 205818 577847 706181 ,686650 602364 874988 246942 629122 485904 708075 205818 577847 706181 
394757 325724 256236 753458 395623 394064 498102 74339 505599 936346 ,394757 325724 256236 753458 395623 394064 498102 74339 505599 936346 
500254 401266 716351 165997 612571 241610 231457 602112 315113 405900 ,500254 401266 716351 165997 612571 241610 231457 602112 315113 405900 
363189 868889 987478 124171 712735 594661 868427 842560 879717 920647 ,363189 868889 987478 124171 712735 594661 868427 842560 879717 920647 
473335 14314 862259 267593 868103 576980 842560 732765 513758 497061 ,473335 14314 862259 267593 868103 576980 842560 732765 513758 497061 
454709 578461 581535 39149 939654 562119 557323 455198 230311 451624 ,454709 578461 581535 39149 939654 562119 557323 455198 230311 451624 
194096 101242 534623 782969 569758 657949 560400 947611 453539 637365 ,194096 101242 534623 782969 569758 657949 560400 947611 453539 637365 
199747 254493 870700 875780 635438 84314 411330 553409 282023 321571 ,199747 254493 870700 875780 635438 84314 411330 553409 282023 321571 
637345 763041 246592 529072 156622 96151 815303 658192 566270 186290 ,637345 763041 246592 529072 156622 96151 815303 658192 566270 186290 
757838 895382 757250 992390 627925 240681 296718 675579 433142 561243 ,757838 895382 757250 992390 627925 240681 296718 675579 433142 561243 
448357 573703 17673 122875 925390 571989 965059 841436 528459 430519 ,448357 573703 17673 122875 925390 571989 965059 841436 528459 430519 
884288 223734 124171 868427 940639 73785 842369 251819 270874 931877 ,884288 223734 124171 868427 940639 73785 842369 251819 270874 931877 
730697 730609 618697 470554 898028 658808 823227 585523 570596 267480 ,730697 730609 618697 470554 898028 658808 823227 585523 570596 267480 
811249 83999 841050 225026 237601 824318 675726 131797 668489 854955 ,811249 83999 841050 225026 237601 824318 675726 131797 668489 854955 
849503 842348 752552 936966 201386 905441 73785 879801 931707 480428 ,849503 842348 752552 936966 201386 905441 73785 879801 931707 480428 
182703 705635 982804 389991 918887 18772 869865 14783 169158 888133 ,182703 705635 982804 389991 918887 18772 869865 14783 169158 888133 
181649 522866 241888 551303 662089 531592 534355 939903 151540 246073 ,181649 522866 241888 551303 662089 531592 534355 939903 151540 246073 
342930 93363 954491 748117 682836 62097 500636 916035 286371 618115 ,342930 93363 954491 748117 682836 62097 500636 916035 286371 618115 
519018 255450 295226 458685 260024 518107 242565 711474 684329 616369 ,519018 255450 295226 458685 260024 518107 242565 711474 684329 616369 
304992 526463 401263 83125 885036 663979 550626 599075 279028 691199 ,304992 526463 401263 83125 885036 663979 550626 599075 279028 691199 
186052 582124 812117 415865 759522 409466 806666 624773 157320 7013 ,186052 582124 812117 415865 759522 409466 806666 624773 157320 7013 
910823 313482 134078 906985 640120 918643 479188 714456 910904 544262 ,910823 313482 134078 906985 640120 918643 479188 714456 910904 544262 
550713 545390 55996 430675 520566 497082 362353 887820 732424 748850 ,545390 55996 430675 520566 497082 362353 887820 732424 748850 151269 
554503 799849 74812 701180 170725 697177 750841 968909 986298 45334 ,554503 799849 74812 701180 170725 697177 750841 968909 986298 45334 
752994 429039 73917 711152 720163 998983 968909 231878 230230 754350 ,752994 429039 73917 711152 720163 998983 968909 231878 230230 754350 
814154 932753 490992 799316 979419 655087 732889 877039 91201 247138 ,814154 932753 490992 799316 655087 732889 877039 91201 247138 479195 
236520 823227 124199 398858 754434 554825 932753 975072 295582 829973 ,236520 823227 124199 398858 754434 554825 932753 975072 295582 829973 
273331 593814 765742 402381 163525 562456 780315 160595 689280 213508 ,273331 593814 765742 402381 163525 562456 780315 160595 689280 213508 
848283 443810 852359 853469 251819 270874 883202 997301 190524 993483 ,848283 443810 852359 853469 251819 270874 883202 997301 190524 993483 
852239 889095 768227 544978 899008 768804 224926 124171 681908 644421 ,852239 889095 768227 544978 899008 768804 224926 124171 681908 644421 
185980 20938 386048 508821 421429 275429 121014 90988 217320 920563 ,185980 20938 386048 508821 421429 275429 121014 90988 217320 920563 
211856 472513 222403 583084 622156 669732 482841 434323 50087 534123 ,211856 472513 222403 583084 622156 669732 482841 434323 50087 534123 
115576 392237 595113 531893 288905 358378 769678 366890 205721 629982 ,115576 392237 595113 531893 288905 358378 769678 366890 205721 629982 
638483 971283 259110 677214 758305 570584 651498 794892 423959 312188 ,638483 971283 259110 677214 758305 570584 651498 794892 423959 312188 
748646 518802 465009 755689 163909 307756 510190 150374 806918 738529 ,748646 518802 465009 755689 163909 307756 510190 150374 806918 738529 
188398 285700 213636 384252 796554 268603 497259 326011 871138 629003 ,188398 285700 213636 384252 796554 268603 497259 326011 871138 629003 
160385 532665 827398 167950 893544 622627 118951 276849 896441 81992 ,160385 532665 827398 167950 893544 622627 118951 276849 896441 81992 
892135 111137 260013 44760 59056 268198 193737 426986 562263 529969 ,892135 111137 260013 44760 59056 268198 193737 426986 562263 529969 
783502 431675 994280 132562 466854 106267 265769 62192 398341 460206 ,783502 431675 994280 132562 466854 106267 265769 62192 398341 460206 
807225 796817 305131 186880 287047 50912 784790 512326 55167 874566 ,807225 796817 305131 186880 287047 50912 784790 512326 55167 874566 
295631 966233 663499 492332 1982 730500 720946 841514 198558 181211 ,295631 966233 663499 492332 1982 730500 720946 841514 198558 181211 
479439 446356 837308 636826 447346 656541 655097 960049 410864 102623 ,479439 446356 837308 636826 447346 656541 655097 960049 410864 102623 
961155 429910 869489 5737 121911 308460 711792 692123 271112 51357 ,961155 429910 869489 5737 121911 308460 711792 692123 271112 51357 
196722 926650 85318 614764 504634 260728 280666 690222 157772 116194 ,196722 926650 85318 614764 504634 260728 280666 690222 157772 116194 
340776 225648 273628 281462 181956 355915 466918 295106 302879 525120 ,340776 225648 273628 281462 181956 355915 466918 295106 302879 525120 
271222 925580 882822 510831 826821 779044 284571 857372 158565 342153 ,271222 925580 882822 510831 826821 779044 284571 857372 158565 342153 
244166 363958 232833 738509 991735 824073 790008 557543 305690 920674 ,244166 363958 232833 738509 991735 824073 790008 557543 305690 920674 
308460 355943 66209 283420 776987 948669 323522 426893 17999 669790 ,308460 355943 66209 283420 776987 948669 323522 426893 17999 669790 
769935 43941 299659 411376 820849 111237 247415 769776 158326 262378 ,769935 43941 299659 411376 820849 111237 247415 769776 158326 262378 
765727 290147 720613 450958 583239 735672 661516 105737 810500 357761 ,765727 290147 720613 450958 583239 735672 661516 105737 810500 357761 
597521 30791 662974 21263 550321 734913 910736 525033 496918 1545 ,597521 30791 662974 21263 550321 734913 910736 525033 496918 1545 
242088 399468 690059 869212 176198 645681 209036 586351 281631 26625 ,242088 399468 690059 869212 176198 645681 209036 586351 281631 26625 
526868 182139 548865 951944 637879 293028 600734 435956 728003 607438 ,526868 182139 548865 951944 637879 293028 600734 435956 728003 607438 
299843 454743 66492 525557 724272 384233 780010 74197 431654 286513 ,299843 454743 66492 525557 724272 384233 780010 74197 431654 286513 
178610 987745 364363 243964 46432 925943 5111 873319 39667 966891 ,178610 987745 364363 243964 46432 925943 5111 873319 39667 966891 
616653 430029 329597 449164 801200 271383 379492 855226 333996 170122 ,616653 430029 329597 449164 801200 271383 379492 855226 333996 170122 
594702 887719 207580 538689 867751 627895 970091 544978 848913 481240 ,594702 887719 207580 538689 867751 627895 970091 544978 848913 481240 
655625 864634 319839 605254 117808 366850 44980 839036 367320 818429 ,655625 864634 319839 605254 117808 366850 44980 839036 367320 818429 
931773 431934 505262 951808 921171 811800 883509 274803 483797 931707 ,931773 431934 505262 951808 921171 811800 883509 274803 483797 931707 
754776 128427 336500 773470 734898 775399 187893 908009 490116 254717 ,754776 128427 336500 773470 734898 775399 187893 908009 490116 254717 
905147 227640 271209 694002 403058 941164 304695 336906 699658 350474 ,905147 227640 271209 694002 403058 941164 304695 336906 699658 350474 
940934 293466 110155 232445 554532 293411 462268 804496 529911 450124 ,940934 293466 110155 232445 554532 293411 462268 804496 529911 450124 
53312 54723 962737 910590 743834 52854 677518 867075 666217 631019 ,53312 54723 962737 910590 743834 52854 677518 867075 666217 631019 
200203 560942 705453 14839 842104 905442 987053 207435 739784 391053 ,200203 560942 705453 14839 842104 905442 987053 207435 739784 391053 
596247 795683 349048 135947 752844 181378 12830 886949 842319 901508 ,596247 795683 349048 135947 752844 181378 12830 886949 842319 901508 
799586 520456 974974 329014 893715 81795 929722 220699 721355 895381 ,799586 520456 974974 329014 893715 81795 929722 220699 721355 895381 
250211 683394 162776 597521 822674 550321 578904 242627 203825 431585 ,250211 683394 162776 597521 822674 550321 578904 242627 203825 431585 
522525 920942 127465 322685 523040 678951 790838 767201 160417 389288 ,522525 920942 127465 322685 523040 678951 790838 767201 160417 389288 
856108 301741 360514 360877 926868 233297 422525 689984 842980 489522 ,856108 301741 360514 360877 926868 233297 422525 689984 842980 489522 
228649 485342 622360 485024 594652 932356 282696 836851 181211 701503 ,228649 485342 622360 485024 594652 932356 282696 836851 181211 701503 
641218 999474 991870 810417 774390 378867 478357 675309 706695 385692 ,641218 999474 991870 810417 774390 378867 478357 675309 706695 385692 
123800 525718 616826 524433 87370 280783 689808 98729 435097 417235 ,123800 525718 616826 524433 87370 280783 689808 98729 435097 417235 
171626 938274 887266 972295 125017 881770 821159 106697 698870 123480 ,171626 938274 887266 972295 125017 881770 821159 106697 698870 123480 
577560 664424 495448 334143 109979 739332 451167 563165 236703 730500 ,577560 664424 495448 334143 109979 739332 451167 563165 236703 730500 
788517 222182 312647 141431 213887 275684 64928 114583 197263 956474 ,788517 222182 312647 141431 213887 275684 64928 114583 197263 956474 
286030 267384 266225 976830 463120 819024 83552 540999 604499 895209 ,286030 267384 266225 976830 463120 819024 83552 540999 604499 895209 
587260 26369 866775 646278 739335 29364 51929 591577 446101 24808 ,587260 26369 866775 646278 739335 29364 51929 591577 446101 24808 
210397 15867 564119 670278 824960 934716 868851 906501 681984 215673 ,210397 15867 564119 670278 824960 934716 868851 906501 681984 215673 
208435 366041 678843 596247 798036 627710 12775 199606 272094 16323 ,208435 366041 678843 596247 798036 627710 12775 199606 272094 16323 
773902 674873 855185 985799 613933 161091 553065 841960 307095 992916 ,773902 674873 855185 985799 613933 161091 553065 841960 307095 992916 
473208 522661 720970 506790 731416 20329 153036 465701 281631 609417 ,473208 522661 720970 506790 731416 20329 153036 465701 281631 609417 
629812 474269 513121 483660 463817 527044 406950 176198 461496 287298 ,629812 474269 513121 483660 463817 527044 406950 176198 461496 287298 
190471 702149 647545 40609 309541 358369 668296 972680 779875 716240 ,190471 702149 647545 40609 309541 358369 668296 972680 779875 716240 
211533 532368 549050 770861 526495 870440 971285 169304 398489 271068 ,211533 532368 549050 770861 526495 870440 971285 169304 398489 271068 
213711 912885 887428 810171 354462 912239 770646 506214 979771 942542 ,213711 912885 887428 810171 912239 770646 506214 979771 942542 430616 
350502 188418 389347 82378 521380 806078 723252 325185 823923 513707 ,350502 188418 389347 82378 521380 806078 723252 325185 823923 513707 
191113 210486 957385 861019 929536 917563 831604 970367 200117 964670 ,191113 210486 957385 861019 929536 917563 831604 970367 200117 964670 
722974 109995 869248 296663 875987 987451 172250 691460 751362 520408 ,722974 109995 869248 296663 875987 987451 172250 691460 751362 520408 
722625 225682 594627 522318 201704 101215 2665 32269 149216 115094 ,722625 225682 594627 522318 201704 101215 2665 32269 149216 115094 
543377 622173 879748 71505 934276 917563 861019 594283 425360 594645 ,543377 622173 879748 71505 934276 917563 861019 594283 425360 594645 
195117 473957 187208 251804 844595 209709 897334 821528 880392 642311 ,195117 473957 187208 251804 844595 209709 897334 821528 880392 642311 
515637 751858 692051 431962 119561 933223 865628 27099 626748 175764 ,515637 751858 692051 431962 119561 933223 865628 27099 626748 175764 
445449 593388 667362 415713 796107 702274 849094 478615 827171 446171 ,445449 593388 667362 415713 796107 702274 849094 478615 827171 446171 
835370 176248 800731 583782 874520 888344 883752 162234 66329 251329 ,835370 176248 800731 583782 874520 888344 883752 162234 66329 251329 
556089 271154 227111 149216 313863 940698 581622 495811 991521 562805 ,556089 271154 227111 149216 313863 940698 581622 495811 991521 562805 
812541 492271 274581 951394 610915 66952 563349 469094 746798 36907 ,812541 492271 274581 951394 610915 66952 563349 469094 746798 36907 
728112 908305 724311 630298 492321 426672 104815 589735 565724 503362 ,728112 908305 724311 630298 492321 426672 104815 589735 565724 503362 
223669 697964 223901 873669 99955 966447 681872 909117 380584 540503 ,223669 697964 223901 873669 99955 966447 681872 909117 380584 540503 
431196 704389 988124 1233 271363 775304 242244 313018 364076 350581 ,431196 704389 988124 1233 271363 775304 242244 313018 364076 350581 
968313 260329 748222 483739 81156 529188 433970 345126 128328 968881 ,968313 260329 748222 483739 81156 529188 433970 345126 128328 968881 
767830 335371 594283 843911 63348 713081 819615 391349 15302 966233 ,767830 335371 594283 843911 63348 713081 819615 391349 15302 966233 
413411 391294 493976 345890 34370 395233 3241 63817 966202 680807 ,413411 391294 493976 345890 34370 395233 3241 63817 966202 680807 
17577 419736 512837 484880 525606 708934 350502 868107 473369 151537 ,17577 419736 512837 484880 525606 708934 350502 868107 473369 151537 
410567 627953 555104 853444 900960 144767 957131 810889 829219 537925 ,410567 627953 555104 853444 900960 144767 957131 810889 829219 537925 
205832 59153 803536 867709 473957 560980 269540 69634 392168 987052 ,205832 59153 803536 867709 473957 560980 269540 69634 392168 987052 
496378 802922 211918 10517 666509 630988 190024 197661 681887 14977 ,496378 802922 211918 10517 666509 630988 190024 197661 681887 14977 
851720 846063 926525 445691 749302 342368 129602 668743 791015 254248 ,851720 846063 926525 445691 749302 342368 129602 668743 791015 254248 
82856 524500 516395 704213 323249 264398 283985 106348 264783 518085 ,82856 524500 516395 704213 323249 264398 283985 106348 264783 518085 
15903 839683 987052 198200 957385 998128 888133 842556 863986 89152 ,15903 839683 987052 198200 957385 998128 888133 842556 863986 89152 
744242 473957 924175 632706 338410 509011 338599 306597 506005 539737 ,744242 473957 924175 632706 338410 509011 338599 306597 506005 539737 
683279 731621 584399 26201 282106 502239 455068 533463 308594 576794 ,683279 731621 584399 26201 282106 502239 455068 533463 308594 576794 
86835 105479 107250 432443 405482 701137 194536 196767 920883 90081 ,86835 105479 107250 432443 405482 701137 194536 196767 920883 90081 
366396 413633 927037 57340 861666 664954 800279 270906 837645 514550 ,366396 413633 927037 57340 861666 664954 800279 270906 837645 514550 
402687 657659 42381 900506 667587 303620 638748 758328 832459 26098 ,402687 657659 42381 900506 667587 303620 638748 758328 832459 26098 
143414 853032 973644 41209 561567 836251 731553 992437 954159 315342 ,143414 853032 973644 41209 561567 836251 731553 992437 954159 315342 
66543 198200 627990 67742 843244 946657 572901 872999 596941 620771 ,66543 198200 627990 67742 843244 946657 572901 872999 596941 620771 
593145 373283 572787 993509 219665 713958 674208 533405 334848 737270 ,593145 373283 572787 993509 219665 713958 674208 533405 334848 737270 
295271 723252 82378 799382 427460 806078 339347 350502 108248 336937 ,295271 723252 82378 799382 427460 806078 339347 350502 108248 336937 
953645 293845 292613 202429 497172 784883 646912 255306 112967 60763 ,953645 293845 292613 202429 497172 784883 646912 255306 112967 60763 
654979 655097 446067 823535 862343 536901 787918 642521 215675 905897 ,654979 655097 446067 823535 862343 536901 787918 642521 215675 905897 
804283 468060 161381 488827 420321 690025 565724 468374 258070 512938 ,804283 468060 161381 488827 420321 690025 565724 468374 258070 512938 
419738 724435 83543 681343 380915 304056 685913 478558 49875 415015 ,419738 724435 83543 681343 380915 304056 685913 478558 49875 415015 
716188 968273 255499 935950 423066 736934 823040 24043 993819 800460 ,716188 968273 255499 935950 423066 736934 823040 24043 993819 800460 
900137 970328 881310 52267 533039 932927 5400 906811 244650 445185 ,900137 970328 881310 52267 533039 932927 5400 906811 244650 445185 
870954 391878 477607 606844 694950 72678 433360 911884 254260 363482 ,870954 391878 477607 606844 694950 72678 433360 911884 254260 363482 
31811 345381 826273 610157 79872 339250 309759 862665 564275 103521 ,31811 345381 826273 610157 79872 339250 309759 862665 564275 103521 
583024 110870 128328 33895 234868 485045 112700 313037 457235 369990 ,583024 110870 128328 33895 234868 485045 112700 313037 457235 369990 
814843 899255 217492 834287 976534 957371 789988 881356 411237 807643 ,814843 899255 217492 834287 976534 957371 789988 881356 411237 807643 
929322 834336 445552 891379 445139 187727 379746 975992 678707 667100 ,929322 834336 445552 891379 445139 187727 379746 975992 678707 667100 
30573 2993 726252 262848 357335 452816 90606 720068 261574 40560 ,30573 2993 726252 262848 357335 452816 90606 720068 261574 40560 
182570 570334 813768 712018 322542 518454 536302 944362 809796 320522 ,182570 570334 813768 712018 322542 518454 536302 944362 809796 320522 
375886 472926 989837 251230 652750 671258 533806 643344 93484 475285 ,375886 472926 989837 251230 652750 671258 533806 643344 93484 475285 
887911 26360 55811 512583 431191 633346 914543 410844 213464 902456 ,887911 26360 55811 512583 431191 633346 914543 410844 213464 902456 
275113 715128 304996 507561 438118 93979 228009 987451 849790 594991 ,275113 715128 304996 507561 438118 93979 228009 987451 849790 594991 
672282 436094 861542 881103 838909 646294 985641 853372 545086 499026 ,672282 436094 861542 881103 838909 646294 985641 853372 545086 499026 
146116 720462 198995 869209 474664 60722 158028 962804 748442 603491 ,146116 720462 198995 869209 474664 60722 158028 962804 748442 603491 
697010 214629 803077 270118 449310 702853 7369 204994 86578 18206 ,697010 214629 803077 270118 449310 702853 7369 204994 86578 18206 
39202 476694 672513 103195 971224 207113 448056 652821 673548 886148 ,39202 476694 672513 103195 971224 207113 448056 652821 673548 886148 
389477 843301 83708 958998 670495 843244 57989 771910 14977 265161 ,389477 843301 83708 958998 670495 843244 57989 771910 14977 265161 
470793 517994 975895 222519 314777 625696 354288 819615 270295 828891 ,470793 517994 975895 222519 314777 625696 354288 819615 270295 828891 
825044 648889 251230 58523 591062 17039 418338 865489 74210 603995 ,825044 648889 251230 58523 591062 17039 418338 865489 74210 603995 
49008 994481 333200 631012 274128 728007 462161 349125 481598 994553 ,49008 994481 333200 631012 274128 728007 462161 349125 481598 994553 
526356 9409 378783 90585 540184 461067 989239 663764 111985 172172 ,526356 9409 378783 90585 540184 461067 989239 663764 111985 172172 
340483 402687 586051 955177 128531 144573 673309 395160 374166 588081 ,340483 402687 586051 955177 128531 144573 673309 395160 374166 588081 
312679 659415 236681 807233 128328 366843 773817 313714 355108 714924 ,312679 659415 236681 807233 128328 366843 773817 313714 355108 714924 
811497 126692 96413 686350 71003 630298 120764 180562 246358 466421 ,811497 126692 96413 686350 71003 630298 120764 180562 246358 466421 
64706 947678 455633 165350 614352 630128 424720 91446 669161 513916 ,64706 947678 455633 165350 614352 630128 424720 91446 669161 513916 
431962 97230 804416 689953 466800 169658 182839 339290 843953 942265 ,431962 97230 804416 689953 466800 169658 182839 339290 843953 942265 
87670 40208 880809 242438 61022 874410 879306 837740 833075 738336 ,87670 40208 880809 242438 61022 874410 879306 837740 833075 738336 
595592 338963 868205 918839 265525 597621 394053 624922 617938 646285 ,595592 338963 868205 918839 265525 597621 394053 624922 617938 646285 
930329 166546 265108 3543 718079 594645 198960 598554 534334 267301 ,930329 166546 265108 3543 718079 594645 198960 598554 534334 267301 
776097 389622 598168 571904 740458 232353 301546 93567 182082 905919 ,776097 389622 598168 571904 740458 232353 301546 93567 182082 905919 
52746 248694 121963 240390 121921 84335 566409 91972 51096 770642 ,52746 248694 121963 240390 121921 84335 566409 91972 51096 770642 
827538 881375 884806 734469 311774 432156 924341 67403 381340 405610 ,827538 881375 884806 734469 311774 432156 924341 67403 381340 405610 
433082 949796 979541 903131 232260 809292 176054 19658 700471 544777 ,433082 949796 979541 903131 232260 809292 176054 19658 700471 544777 
468250 804667 242429 635909 419567 120827 238854 721094 271505 45781 ,468250 804667 242429 635909 419567 120827 238854 721094 271505 45781 
450802 337230 698091 598087 677836 131736 156891 830084 464860 131101 ,450802 337230 698091 598087 677836 131736 156891 830084 464860 131101 
843353 223888 60430 16066 543071 867876 193275 195784 333486 986807 ,843353 223888 60430 16066 543071 867876 193275 195784 986807 44481 
654105 334254 818550 28094 348570 335525 133018 953466 27914 328262 ,654105 334254 818550 28094 348570 335525 133018 953466 27914 328262 
836620 372110 407229 664717 712691 849117 697093 153330 377140 449698 ,836620 372110 407229 664717 712691 849117 697093 153330 377140 449698 
225761 448958 673636 732345 755734 73440 997527 471923 934893 897253 ,225761 448958 673636 732345 755734 73440 997527 471923 934893 897253 
37791 847576 460163 540401 874347 45451 59666 701671 175722 629288 ,37791 847576 460163 540401 874347 45451 59666 701671 175722 629288 
772182 622530 950954 772835 673645 766921 543207 777721 627953 763223 ,772182 622530 950954 772835 673645 766921 543207 777721 627953 763223 
250887 625173 35108 303078 474875 404863 836196 460650 846681 984280 ,250887 625173 35108 303078 474875 404863 836196 460650 846681 984280 
692115 261697 261935 451382 298568 18400 105378 242142 419592 790906 ,692115 261697 261935 451382 298568 18400 105378 242142 419592 790906 
298646 422071 963822 737901 222773 535892 682165 129303 326658 190739 ,298646 422071 963822 737901 222773 535892 682165 129303 326658 190739 
938157 483148 600381 140589 520258 522450 180660 180655 949735 298777 ,483148 600381 140589 520258 522450 180660 180655 949735 298777 676839 
272252 469190 600616 198466 698770 615244 496682 788064 292312 685398 ,272252 469190 600616 198466 698770 615244 496682 788064 292312 685398 
987058 641265 667599 669251 39401 640521 904968 642351 37741 754435 ,987058 641265 667599 669251 39401 640521 904968 642351 37741 754435 
260302 507117 589553 397269 744238 925779 199632 924697 507178 481588 ,260302 507117 589553 397269 744238 925779 199632 924697 507178 481588 
929813 388965 669622 310728 966170 265560 629230 243739 4246 741367 ,929813 388965 669622 310728 966170 265560 629230 243739 4246 741367 
267490 181458 403670 359370 195648 595947 95747 869140 234077 387265 ,267490 181458 403670 359370 195648 595947 95747 869140 234077 387265 
120525 373466 464428 847329 423806 211529 733275 566281 609287 50585 ,120525 373466 464428 847329 423806 211529 733275 566281 609287 50585 
298167 576387 605509 352702 605993 248734 673465 691085 459262 322527 ,298167 576387 605509 352702 605993 248734 673465 691085 459262 322527 
116316 988883 894382 203621 893687 902074 441492 638186 376876 768018 ,116316 988883 894382 203621 893687 902074 441492 638186 376876 768018 
984837 93298 393907 590988 961538 864101 99198 695641 252118 788861 ,984837 93298 393907 590988 961538 864101 99198 695641 252118 788861 
305226 524763 30035 499801 815325 567860 363476 364056 636834 350391 ,305226 524763 30035 499801 815325 567860 363476 364056 636834 350391 
495978 682546 14913 87113 110499 128216 912547 572141 707286 89815 ,495978 682546 14913 87113 110499 128216 912547 572141 707286 89815 
429526 48483 350403 407580 690017 762006 615563 229898 188997 23604 ,429526 48483 350403 407580 690017 762006 615563 229898 188997 23604 
529242 234129 719163 196894 716510 931479 958884 513707 780858 401003 ,529242 234129 719163 196894 716510 931479 958884 513707 780858 401003 
826528 861459 857303 946877 161449 666827 673058 534546 880484 379663 ,826528 861459 857303 946877 161449 666827 673058 534546 880484 379663 
87486 186266 724941 546377 995499 363373 515493 526618 780571 321576 ,87486 186266 724941 546377 995499 363373 515493 526618 780571 321576 
515790 519230 794640 917695 42355 123802 719949 39635 302666 37355 ,515790 519230 794640 917695 42355 123802 719949 39635 302666 37355 
887049 657917 442800 716856 122413 941986 569853 397303 452460 460421 ,887049 657917 442800 716856 122413 941986 569853 397303 452460 460421 
256697 907673 309443 599662 389862 415198 610682 5902 68472 862415 ,256697 907673 309443 599662 389862 415198 610682 5902 68472 862415 
244344 550823 778150 592440 46913 662658 516512 479838 296536 211593 ,244344 550823 778150 592440 46913 662658 516512 479838 296536 211593 
687952 131078 408911 200600 947028 862415 263498 997835 913230 464805 ,687952 131078 408911 200600 947028 862415 263498 997835 913230 464805 
76882 411085 152782 146043 60096 82358 540155 807710 190222 633540 ,76882 411085 152782 146043 60096 82358 540155 807710 190222 633540 
280018 175746 787685 261496 94667 486208 738989 506605 440419 188755 ,280018 175746 787685 261496 94667 486208 738989 506605 440419 188755 
120162 692223 29097 162483 206761 148702 971096 166381 128444 291796 ,120162 692223 29097 162483 206761 148702 971096 166381 128444 291796 
153982 78337 665114 214439 859632 258074 356622 439741 557864 559604 ,153982 78337 665114 214439 859632 258074 356622 439741 557864 559604 
682085 968961 541402 473819 871277 950442 286910 297232 601277 624142 ,682085 968961 541402 473819 871277 950442 286910 297232 601277 624142 
392147 659891 486160 887385 324059 270139 17175 597967 473363 489976 ,392147 659891 486160 887385 324059 270139 17175 597967 473363 489976 
267294 159890 463951 241121 718639 665456 183000 498218 477918 613165 ,267294 159890 463951 241121 718639 665456 183000 498218 477918 613165 
181042 731358 500443 152358 830587 498138 515781 777111 61097 151931 ,181042 731358 500443 152358 830587 498138 515781 777111 61097 151931 
672386 911084 559557 673730 653260 673329 762458 674862 840205 279269 ,672386 911084 559557 673730 653260 673329 762458 674862 840205 279269 
310413 256081 440419 865041 363509 430252 426515 337092 278949 792248 ,310413 256081 440419 865041 363509 430252 426515 337092 278949 792248 
577850 344135 909719 550912 82558 275450 574921 440224 948967 949578 ,577850 344135 909719 550912 82558 275450 574921 440224 948967 949578 
895462 626261 31124 571582 382887 568865 55412 789848 583815 388823 ,895462 626261 31124 571582 382887 568865 55412 789848 583815 388823 
237263 225766 636684 956760 797396 714102 836639 553407 663978 392485 ,237263 225766 636684 956760 797396 714102 836639 553407 663978 392485 
218374 275676 940837 733615 587975 345982 665116 149488 225607 772400 ,218374 275676 940837 733615 587975 345982 665116 149488 225607 772400 
742198 363961 519420 79112 965967 748804 535023 546885 430252 931031 ,742198 363961 519420 79112 965967 748804 535023 546885 430252 931031 
115049 312614 337688 570181 285607 411867 787911 516715 274441 228762 ,115049 312614 337688 570181 285607 411867 787911 516715 274441 228762 
515906 488597 399133 976064 218788 208615 432816 151589 573147 986066 ,515906 488597 399133 976064 218788 208615 432816 151589 573147 986066 
846914 954040 314832 36434 354144 249450 343174 601196 566501 548761 ,846914 954040 314832 36434 354144 249450 343174 601196 566501 548761 
530273 508704 201848 453740 158651 104870 924162 199067 47711 465786 ,530273 508704 201848 453740 158651 104870 924162 199067 47711 465786 
524177 389262 293864 849672 757246 488648 459897 390023 666351 354461 ,524177 389262 293864 849672 757246 488648 459897 390023 666351 354461 
598025 859263 533929 247801 402962 892023 49928 400565 392519 842399 ,598025 859263 533929 247801 402962 892023 49928 400565 392519 842399 
983275 15108 538954 99554 261215 868045 180722 124325 153107 955366 ,983275 15108 538954 99554 261215 868045 180722 124325 153107 955366 
538287 87655 489402 687554 897326 526216 607978 901093 789848 759987 ,538287 87655 489402 687554 897326 526216 607978 901093 789848 759987 
854206 758872 373787 659381 872454 174479 989497 10725 629035 149720 ,854206 758872 373787 659381 872454 174479 989497 10725 629035 149720 
390259 610598 426493 179303 686471 126861 809080 377720 14 153153 ,390259 610598 426493 179303 686471 126861 809080 377720 14 153153 
308191 328251 718668 440419 220945 738555 81158 708942 306607 543116 ,308191 328251 718668 440419 220945 738555 81158 708942 306607 543116 
887904 189622 525538 229807 189733 257986 990789 249480 506472 755723 ,887904 189622 525538 229807 189733 257986 990789 249480 506472 755723 
876315 684599 616950 923785 663365 875313 551132 278174 275916 170423 ,876315 684599 616950 923785 663365 875313 551132 278174 275916 170423 
457906 138490 948563 327652 411912 334253 678486 307825 733079 737221 ,457906 138490 948563 327652 411912 334253 678486 307825 733079 737221 
547402 94741 429685 104970 430759 132470 474374 100938 90943 989659 ,547402 94741 429685 104970 430759 132470 474374 100938 90943 989659 
182585 519420 965967 724792 216818 292494 431726 430252 576513 707599 ,182585 519420 965967 724792 216818 292494 431726 430252 576513 707599 
290425 859649 843525 393520 598603 526000 167060 396362 658405 580534 ,290425 859649 843525 393520 598603 526000 167060 396362 658405 580534 
685540 271554 542987 628736 651574 285113 838183 373787 625757 703510 ,685540 271554 542987 628736 651574 285113 838183 373787 625757 703510 
312157 817720 446548 443303 538049 646348 541532 654226 447034 447469 ,312157 817720 446548 443303 538049 646348 541532 654226 447034 447469 
395684 247232 868349 800444 866650 309839 998965 180722 740581 919823 ,395684 247232 868349 800444 866650 309839 998965 180722 740581 919823 
954236 88123 736675 890807 674678 130124 964128 320046 674069 137631 ,954236 88123 736675 890807 674678 130124 964128 320046 674069 137631 
476635 768873 579806 258300 297159 852797 39729 6017 708263 183143 ,476635 768873 579806 258300 297159 852797 39729 6017 708263 183143 
244769 462280 852866 246277 553412 438486 571864 199094 348882 21628 ,244769 462280 852866 246277 553412 438486 571864 199094 348882 21628 
924769 633540 895784 463103 744817 988072 277685 464888 203222 450140 ,924769 633540 895784 463103 744817 988072 277685 464888 203222 450140 
631821 501688 689645 576948 280994 578720 265408 522605 980782 34139 ,631821 501688 689645 576948 280994 578720 265408 522605 980782 34139 
252724 708395 750599 150756 139613 629923 798451 229134 834274 602971 ,252724 708395 750599 150756 139613 629923 798451 229134 834274 602971 
950458 112525 645733 810142 471777 368859 837438 308761 315696 181443 ,950458 112525 645733 810142 471777 368859 837438 308761 315696 181443 
519450 831970 483481 685244 713875 795249 134111 40213 554866 119809 ,519450 831970 483481 685244 713875 795249 134111 40213 554866 119809 
38633 569853 539629 905736 373585 667400 321952 246538 469501 82686 ,38633 569853 539629 905736 373585 667400 321952 246538 469501 82686 
131431 274045 941595 432487 692703 77572 113612 724074 134836 945656 ,131431 274045 941595 432487 692703 77572 113612 724074 134836 945656 
24387 638200 47059 855728 656457 556686 913419 891177 386658 674109 ,24387 638200 47059 855728 656457 556686 913419 891177 386658 674109 
126895 793877 794380 892663 612629 63654 986738 732073 906822 613935 ,126895 793877 794380 892663 612629 63654 986738 732073 906822 613935 
5751 76466 330242 554453 340428 468462 232194 552100 209783 139837 ,5751 76466 330242 554453 340428 468462 232194 552100 209783 139837 
896616 563961 833225 483240 268519 917140 15270 971184 622265 618142 ,896616 563961 833225 483240 268519 917140 15270 971184 622265 618142 
917135 830744 413363 782242 205990 669944 944197 420363 973678 198798 ,917135 830744 413363 782242 205990 669944 944197 420363 973678 198798 
206228 9227 605335 823812 435757 561036 543129 204568 198449 967671 ,206228 9227 605335 823812 435757 561036 543129 204568 198449 967671 
464049 473936 512165 937663 778994 90204 28901 505307 234014 190419 ,464049 473936 512165 937663 778994 90204 28901 505307 234014 190419 
679580 166774 807352 322498 988330 682081 525182 497419 4878 429586 ,679580 166774 807352 322498 988330 682081 525182 497419 4878 429586 
753884 514667 364486 105156 305031 299733 693994 224153 969365 603081 ,753884 514667 364486 105156 305031 299733 693994 224153 969365 603081 
893894 409758 617050 265859 826186 320511 220972 381568 694773 457407 ,893894 409758 617050 265859 826186 320511 220972 381568 694773 457407 
543771 613187 967785 88441 738897 681697 459316 13608 12460 299009 ,543771 613187 967785 88441 738897 681697 459316 13608 12460 299009 
66379 466415 697144 474529 683611 804753 356050 630548 180451 561416 ,66379 466415 697144 474529 683611 804753 356050 630548 180451 561416 
184606 409244 430299 686234 776517 831160 49124 848871 910288 8440 ,184606 409244 430299 686234 776517 831160 49124 910288 8440 376564 
107202 663675 515619 226292 175569 36870 520684 337071 895673 278527 ,107202 663675 515619 226292 175569 36870 520684 337071 895673 278527 
30670 219410 151346 27921 770642 698880 227946 96815 496563 965916 ,30670 219410 151346 27921 770642 698880 227946 96815 496563 965916 
963581 387573 620855 381391 677796 907669 365432 136083 114921 434333 ,963581 387573 620855 381391 677796 907669 365432 136083 114921 434333 
754681 665733 540423 823532 901655 952858 788014 236561 543217 937900 ,754681 665733 540423 823532 901655 952858 788014 236561 543217 937900 
969689 941212 885715 499351 653581 351076 836067 81692 640349 828300 ,969689 941212 885715 499351 653581 351076 836067 81692 640349 828300 
283125 821262 771776 548271 846685 352012 791462 381312 235764 223743 ,283125 821262 771776 548271 846685 352012 791462 381312 235764 223743 
852341 332456 108091 102163 840265 521943 811642 535605 779727 287762 ,852341 332456 108091 102163 840265 521943 811642 535605 779727 287762 
621828 137696 179823 360048 569425 388884 935333 715997 148990 624602 ,621828 137696 179823 360048 569425 388884 935333 715997 148990 624602 
654857 605120 446624 446142 788001 446184 447290 447040 769996 445888 ,654857 605120 446624 446142 788001 446184 447290 447040 769996 445888 
60196 971714 953767 204649 965825 601317 527185 875115 629798 493052 ,60196 971714 953767 204649 965825 601317 527185 875115 629798 493052 
999166 776858 834094 614797 835100 852826 830464 757135 673045 852691 ,999166 776858 834094 614797 835100 852826 830464 757135 673045 852691 
538930 603678 383824 231791 130156 15663 925779 113568 171601 880578 ,538930 603678 383824 231791 130156 15663 925779 113568 171601 880578 
654857 446184 446142 605120 447290 446624 191345 445888 571595 447040 ,654857 446184 446142 605120 447290 446624 191345 445888 571595 447040 
174553 13933 734288 464414 407798 184404 169502 250327 470053 681245 ,174553 13933 734288 464414 407798 184404 169502 250327 470053 681245 
536360 42195 843148 768773 717503 149722 744448 376676 480576 109843 ,536360 42195 843148 768773 717503 149722 744448 376676 480576 109843 
55855 94353 180447 380778 105128 317574 989540 698770 90003 615244 ,55855 94353 180447 380778 105128 317574 989540 698770 90003 615244 
69046 181033 518884 392585 338091 196950 453883 455923 3748 292333 ,69046 181033 518884 392585 338091 196950 453883 455923 3748 292333 
229900 499280 84970 971523 287235 582097 914033 722528 808251 691823 ,229900 499280 84970 971523 287235 582097 914033 722528 808251 691823 
495640 432475 613938 943153 883961 351370 329332 399514 134033 563789 ,495640 432475 613938 943153 883961 351370 329332 399514 134033 563789 
197490 231191 466544 502903 546655 275649 868140 921216 346033 386717 ,197490 231191 466544 502903 546655 275649 868140 921216 346033 386717 
641074 640551 599871 410921 345133 35785 494375 699800 64597 165499 ,641074 640551 599871 410921 345133 35785 494375 699800 64597 165499 
747451 478308 747171 800065 202694 563802 513657 536646 536992 135938 ,747451 478308 747171 800065 202694 563802 513657 536646 536992 135938 
980582 482360 272347 754561 260395 199929 271118 221440 978862 55734 ,980582 482360 272347 754561 260395 199929 271118 221440 978862 55734 
665146 111341 657733 15089 948389 940651 694636 613651 202638 227678 ,665146 111341 657733 15089 948389 940651 694636 613651 202638 227678 
888377 160548 297805 2314 751569 904728 126353 377956 92130 316573 ,888377 160548 297805 2314 751569 904728 126353 377956 92130 316573 
241181 262816 732561 690569 940686 550370 998435 994656 702602 101592 ,241181 262816 732561 690569 940686 550370 998435 994656 702602 101592 
950792 236994 104284 245616 702602 503643 190809 985524 508990 297421 ,950792 236994 104284 245616 702602 503643 190809 985524 508990 297421 
559703 281378 68938 450433 410557 972532 939984 207543 789960 922439 ,559703 281378 68938 450433 410557 972532 939984 207543 789960 922439 
404794 761052 830224 577806 775968 831444 731496 117439 592363 328778 ,404794 761052 830224 577806 775968 831444 731496 117439 592363 328778 
651766 999166 310548 128520 757135 614797 397878 811631 756086 849779 ,651766 999166 310548 128520 757135 614797 397878 811631 756086 849779 
317905 102069 389619 605776 208422 21799 833278 929266 202178 355179 ,317905 102069 389619 605776 208422 21799 833278 929266 202178 355179 
576697 635895 64451 178963 701761 604843 748596 723583 158779 503714 ,576697 635895 64451 178963 701761 604843 748596 723583 158779 503714 
643877 996121 865664 767894 189309 565876 571642 640947 687307 763810 ,643877 996121 865664 767894 189309 565876 571642 640947 687307 763810 
815313 261999 601541 784799 524763 815260 30021 523158 563418 995499 ,815313 261999 601541 784799 524763 815260 30021 523158 563418 995499 
639479 216234 985863 603298 981861 559280 887983 863548 763810 186282 ,639479 216234 985863 603298 981861 559280 887983 863548 763810 186282 
12583 795317 951071 725430 416670 94035 984803 249058 713049 882556 ,12583 795317 951071 725430 416670 94035 984803 249058 713049 882556 
553868 555836 807720 226691 909423 689268 999070 569698 699877 478824 ,553868 555836 807720 226691 909423 689268 999070 569698 699877 478824 
661607 32091 989154 688723 961164 220396 629494 935868 372437 816697 ,661607 32091 989154 688723 961164 220396 629494 935868 372437 816697 
114855 18684 78964 518504 458004 293243 80776 459868 557180 498162 ,114855 18684 78964 518504 458004 293243 80776 459868 557180 498162 
872613 756509 167530 98234 724102 466750 791627 625045 332690 284589 ,872613 756509 167530 98234 724102 466750 791627 625045 332690 284589 
909019 543470 793532 8012 619423 832092 773712 663044 863510 319977 ,909019 543470 793532 8012 619423 832092 773712 663044 863510 319977 
208168 929199 514088 178990 789204 423508 227156 563418 486696 265216 ,208168 929199 514088 178990 789204 423508 227156 563418 486696 265216 
962256 63792 271915 596044 783285 346521 465179 582571 72746 720357 ,962256 63792 271915 596044 783285 346521 465179 582571 720357 240523 
471753 276983 338670 421151 888125 269312 259706 860462 694980 864653 ,471753 276983 338670 421151 888125 269312 259706 860462 694980 864653 
249482 874106 249046 672790 193759 39404 986694 351892 216680 897205 ,249482 874106 249046 672790 193759 39404 986694 351892 216680 897205 
612828 862942 853147 374085 830147 653905 852134 29221 99311 614797 ,612828 862942 853147 374085 830147 653905 852134 29221 99311 614797 
289995 122950 578688 556996 51467 891967 990672 265642 866866 99016 ,289995 122950 578688 556996 51467 891967 990672 265642 866866 99016 
384315 142318 737984 36814 954435 289274 495947 369898 335293 447695 ,384315 142318 737984 36814 954435 289274 495947 369898 335293 447695 
140766 429625 36671 690546 354239 536595 478685 279552 83036 727949 ,140766 429625 36671 690546 354239 536595 478685 279552 83036 727949 
211631 70725 297865 587500 157675 223586 437768 44353 835477 707287 ,211631 70725 297865 587500 157675 223586 437768 44353 835477 707287 
743028 991323 732014 440031 243405 239210 707428 538827 689142 927420 ,743028 991323 732014 440031 243405 239210 707428 538827 689142 927420 
399988 252159 811239 912105 560238 883353 210551 954313 11368 867740 ,399988 252159 811239 912105 560238 883353 210551 954313 11368 867740 
569311 520810 352276 29963 420682 529572 282130 279580 709138 889945 ,569311 520810 352276 29963 420682 529572 282130 279580 709138 889945 
783694 260705 25722 975709 365250 212345 618018 929620 969467 29075 ,783694 260705 25722 975709 365250 212345 618018 929620 969467 29075 
660159 767438 539804 68724 856247 405090 544386 371429 923180 36193 ,660159 767438 539804 68724 856247 405090 544386 371429 923180 36193 
206657 502237 557180 305110 496875 168113 821932 293502 82971 736533 ,206657 502237 557180 305110 496875 168113 821932 293502 82971 736533 
497354 52746 90715 68889 732365 69657 905162 99289 518939 339360 ,497354 52746 90715 68889 732365 69657 905162 99289 518939 339360 
35352 684529 865621 915118 426001 640070 157635 591184 168281 888348 ,35352 684529 865621 915118 426001 640070 157635 591184 168281 888348 
370117 489269 644217 89356 350236 97606 342531 794158 78516 750772 ,370117 489269 644217 89356 350236 97606 342531 794158 78516 750772 
757375 870119 32235 76377 92767 241147 819880 648175 201714 857855 ,757375 870119 32235 76377 92767 241147 819880 648175 201714 857855 
569580 322617 235685 560965 130402 365337 192761 96198 369169 688137 ,569580 322617 235685 560965 130402 365337 192761 96198 369169 688137 
535489 97998 791599 906995 752363 551153 335349 876403 258583 545397 ,535489 97998 791599 906995 752363 551153 335349 876403 258583 545397 
674979 907187 610901 852043 761052 980296 817315 398686 906359 885591 ,674979 907187 610901 852043 761052 980296 817315 398686 906359 885591 
900912 578533 330705 797256 310771 741605 505744 761272 39944 813791 ,900912 578533 330705 797256 310771 741605 505744 761272 39944 813791 
447717 447403 889907 539680 768059 773042 373771 830147 996284 855103 ,447717 447403 889907 539680 768059 773042 373771 830147 996284 855103 
596069 849082 841848 657227 173179 273971 456680 515465 269379 440470 ,596069 849082 841848 657227 173179 273971 456680 515465 269379 440470 
599246 908889 446184 571595 446142 787910 769996 191345 654857 190957 ,599246 908889 446184 571595 446142 787910 769996 191345 654857 190957 
641514 824045 272870 538113 931273 475994 927691 410631 652839 42560 ,641514 824045 272870 538113 931273 475994 927691 410631 652839 42560 
534057 502429 259778 202473 203926 873679 32756 532055 412897 59315 ,534057 502429 259778 202473 203926 873679 32756 532055 412897 59315 
790767 523985 805587 804490 518499 321615 396939 978551 927035 352382 ,790767 523985 805587 804490 518499 321615 396939 978551 927035 352382 
909077 703409 856181 444975 868609 541869 854235 681819 190795 973273 ,909077 703409 856181 444975 868609 541869 854235 681819 190795 973273 
731033 70891 780257 750537 20962 511661 307639 607041 16349 123212 ,731033 70891 780257 750537 20962 511661 307639 607041 16349 123212 
963286 400707 804087 62281 687403 317046 903091 256295 344591 531362 ,963286 400707 804087 62281 687403 317046 903091 256295 344591 531362 
888977 123684 685328 544495 519848 116652 232097 509326 728552 345505 ,888977 123684 685328 519848 116652 232097 728552 345505 905084 931017 
320812 998983 230193 580568 410563 299031 249125 624869 527409 852287 ,320812 998983 230193 580568 410563 299031 249125 624869 527409 852287 
990558 846013 297596 671951 198744 510743 373146 520492 8339 401102 ,990558 846013 297596 671951 198744 510743 373146 520492 8339 401102 
375051 885193 853445 190714 612805 445851 870686 374780 573317 830180 ,375051 885193 853445 190714 612805 445851 870686 374780 573317 830180 
919355 830836 332457 884462 497832 848627 273188 876745 411289 556126 ,919355 830836 332457 884462 497832 848627 273188 876745 411289 556126 
466528 831411 280700 661528 788289 688493 463573 369173 543094 746615 ,466528 831411 280700 661528 788289 688493 463573 369173 543094 746615 
874029 806081 814839 686339 663726 724686 738553 602085 51175 125478 ,874029 806081 663726 51175 125478 487832 85847 521493 348803 566296 
63984 370254 669892 863148 63109 85911 480913 390187 264037 833342 ,63984 370254 669892 863148 63109 85911 480913 264037 833342 196926 
533154 391864 255013 518773 85195 473895 422128 854224 780931 257856 ,533154 391864 255013 518773 85195 473895 422128 854224 780931 257856 
760807 478833 474836 345880 227715 465189 399540 131659 295773 331052 ,760807 478833 474836 345880 227715 465189 399540 131659 295773 331052 
832291 832505 613718 170468 841014 841434 847811 591510 991154 680834 ,832291 832505 613718 170468 841014 841434 847811 591510 991154 680834 
15090 560888 223976 236397 704083 659283 251064 753132 206583 546036 ,15090 560888 223976 236397 704083 659283 251064 753132 206583 546036 
712877 96619 710341 841486 22404 385192 242421 88090 149044 485194 ,712877 96619 710341 841486 22404 385192 242421 88090 149044 485194 
66725 749958 747401 974061 431459 745052 377715 561019 186130 432472 ,66725 749958 747401 974061 431459 745052 377715 561019 186130 432472 
560989 106822 213242 91692 448788 720798 748412 748410 471406 58345 ,560989 106822 213242 91692 448788 720798 748412 748410 471406 58345 
656217 802527 996009 903885 642499 790510 446715 906101 655894 446957 ,656217 802527 996009 903885 642499 790510 446715 906101 655894 446957 
646429 803796 647635 474272 817118 423352 649832 427946 654441 650563 ,646429 803796 647635 474272 817118 423352 649832 427946 654441 650563 
416058 404652 913136 357274 716804 319516 295929 614375 9376 325561 ,416058 404652 913136 357274 716804 319516 295929 614375 9376 325561 
799540 159102 889906 445301 443304 447528 341364 672643 543291 443452 ,799540 159102 889906 445301 443304 447528 341364 672643 543291 443452 
317212 245864 315449 359678 836200 990383 182705 781172 161616 234045 ,317212 245864 315449 359678 836200 990383 182705 781172 161616 234045 
10880 44076 280972 192596 502817 455967 269329 124277 43255 635954 ,10880 44076 280972 192596 502817 455967 269329 124277 43255 635954 
288179 922942 405970 201704 914187 58692 326437 226135 375847 227971 ,288179 922942 405970 201704 914187 58692 326437 226135 375847 227971 
774471 126329 343741 274483 569977 543901 748564 716796 352872 585091 ,774471 126329 343741 274483 569977 543901 748564 716796 352872 585091 
99900 492831 59479 684072 629077 722378 607978 803309 840742 816516 ,99900 492831 59479 684072 629077 722378 607978 803309 840742 816516 
904620 597962 965220 538985 697813 150366 263517 212567 212255 482185 ,904620 597962 965220 538985 697813 150366 263517 212567 212255 482185 
84123 489510 815259 964707 815299 152552 815288 425907 111801 523777 ,84123 489510 815259 964707 815299 152552 815288 425907 111801 523777 
930136 731565 482185 210238 506403 218204 965220 936320 635764 692970 ,930136 731565 482185 210238 506403 218204 965220 936320 635764 692970 
318311 947657 898907 654084 572319 156026 508592 822640 556620 341674 ,318311 947657 898907 654084 572319 156026 508592 822640 556620 341674 
396966 938838 348151 594995 743640 735384 520101 369410 996694 225641 ,938838 348151 594995 743640 735384 520101 369410 996694 225641 800490 
972263 403830 437768 330262 307687 725087 68133 893852 350039 833992 ,972263 403830 437768 330262 307687 725087 68133 893852 350039 833992 
628303 692387 485002 871003 630564 97933 225755 980547 452972 553739 ,628303 692387 485002 871003 630564 97933 225755 980547 452972 553739 
448883 275839 698656 647804 484494 872496 274689 336800 232129 523319 ,448883 275839 698656 647804 484494 872496 274689 232129 523319 524556 
369035 174573 32995 275109 488745 300501 291327 391954 745508 377459 ,369035 174573 32995 275109 488745 300501 291327 391954 745508 377459 
431032 788989 753746 367307 555230 972038 363620 436256 694063 464788 ,431032 788989 753746 367307 555230 972038 363620 436256 694063 464788 
522147 842918 876461 912180 193654 272470 263012 139142 929132 920412 ,522147 842918 876461 912180 193654 272470 263012 139142 929132 920412 
316027 625674 269488 807447 505053 437295 729317 743517 686213 164289 ,316027 625674 269488 807447 505053 437295 729317 743517 686213 164289 
817038 983151 39969 653731 24217 279731 808724 915223 825347 650291 ,817038 983151 39969 653731 24217 279731 808724 915223 825347 650291 
263668 588889 883087 800809 24852 448648 876894 787850 140545 259278 ,263668 588889 883087 800809 24852 448648 876894 787850 140545 259278 
502621 244526 366519 366442 31823 496452 851125 708642 390716 573868 ,502621 244526 366519 366442 31823 496452 851125 708642 390716 573868 
62374 505984 370052 948491 317290 947440 342564 68668 90746 823135 ,62374 505984 370052 948491 317290 947440 342564 68668 90746 823135 
886974 832280 433254 340582 957641 14963 866897 61856 350330 985894 ,886974 832280 433254 340582 957641 14963 866897 61856 350330 985894 
914725 826867 39778 257960 414015 689926 873407 24587 826745 697937 ,914725 826867 39778 257960 414015 689926 873407 24587 826745 697937 
312157 541923 809469 624528 856615 910937 40781 446684 585858 638099 ,312157 541923 809469 624528 856615 910937 40781 446684 585858 638099 
465591 32185 635299 804872 532133 191974 233688 708317 169979 378469 ,465591 32185 635299 804872 532133 191974 233688 708317 169979 378469 
194224 960379 317043 227476 59248 401649 279670 464926 228762 585708 ,194224 960379 317043 227476 59248 401649 279670 464926 228762 585708 
303828 22268 390682 260184 574288 857727 521951 835322 301849 565293 ,303828 22268 390682 260184 574288 857727 521951 835322 301849 565293 
436309 170900 110993 331337 435270 141790 834436 171653 959307 393904 ,436309 170900 110993 331337 435270 141790 834436 171653 959307 393904 
652574 551354 399530 61599 838863 519986 986570 793802 897770 314383 ,652574 551354 399530 61599 838863 519986 986570 793802 897770 314383 
553814 560334 686621 657720 986232 912756 375359 656047 713341 47212 ,553814 560334 686621 657720 986232 912756 375359 656047 713341 47212 
267672 1771 613891 618013 504818 538452 204343 503069 931077 839935 ,267672 1771 613891 618013 504818 538452 204343 503069 931077 839935 
500235 814861 540197 96168 253451 412727 801058 808200 54678 613181 ,500235 814861 540197 96168 253451 412727 801058 808200 54678 613181 
686003 834553 934166 582321 489094 992414 420450 432815 988197 565835 ,686003 834553 934166 582321 489094 992414 420450 432815 988197 565835 
12499 916126 85064 697811 468454 533212 946663 795130 111152 497303 ,12499 916126 85064 697811 468454 533212 946663 795130 111152 497303 
260817 390389 584442 538667 777091 920748 188810 885686 960900 60420 ,260817 390389 584442 538667 777091 920748 188810 885686 960900 60420 
103688 757250 975847 9990 129501 785624 767151 673388 642786 141249 ,103688 757250 975847 9990 129501 785624 767151 673388 642786 141249 
75293 65125 264999 829651 284441 200639 520321 230750 754208 636504 ,75293 65125 264999 829651 284441 200639 520321 230750 754208 636504 
272988 609031 402554 840103 139176 749830 775863 322480 961709 154763 ,272988 609031 402554 840103 139176 749830 775863 322480 961709 154763 
522774 687591 746516 519605 271246 540684 216577 72432 363803 774193 ,522774 687591 746516 519605 271246 540684 216577 72432 363803 774193 
749824 927027 475908 476001 695568 472692 700594 473386 504539 507383 ,749824 927027 475908 476001 695568 472692 700594 473386 504539 507383 
911648 375198 604578 654976 643979 801330 447104 607883 6163 5337 ,911648 375198 604578 654976 643979 801330 447104 607883 6163 5337 
317907 768577 702740 326968 675738 750864 135724 38334 438116 166615 ,317907 768577 702740 326968 675738 750864 135724 38334 438116 166615 
885686 515323 742339 60420 56520 538667 777091 220040 541323 541662 ,885686 515323 742339 60420 56520 538667 777091 220040 541323 541662 
868250 245897 13677 170900 304289 15085 134091 625980 920143 743527 ,868250 245897 13677 170900 304289 15085 134091 625980 920143 743527 
199707 947494 964774 193228 74014 565977 796791 521 150857 809733 ,199707 947494 964774 193228 74014 565977 796791 521 150857 809733 
681819 459525 573097 278113 522530 588466 205213 618661 831710 531690 ,681819 459525 573097 278113 522530 588466 205213 618661 831710 531690 
673707 410654 57333 442711 59642 709916 537170 191260 604263 810552 ,673707 410654 57333 442711 59642 709916 537170 191260 604263 810552 
44283 672916 246598 210926 331911 340371 272009 123563 442913 792272 ,44283 672916 246598 210926 331911 340371 272009 123563 442913 792272 
85965 97535 246472 708613 937376 404934 803426 764399 119851 35583 ,85965 97535 246472 708613 937376 404934 803426 764399 119851 35583 
131545 6003 612155 39745 904473 410955 985728 847788 991773 411888 ,131545 6003 612155 39745 904473 410955 985728 847788 991773 411888 
588520 194060 227039 873207 128654 299336 869844 297675 796716 844029 ,588520 194060 227039 873207 128654 299336 869844 297675 796716 844029 
488736 749208 402677 975131 519495 772499 546264 401801 964038 253538 ,488736 749208 402677 975131 519495 772499 546264 401801 964038 253538 
439334 305703 137582 244 161041 461730 489663 283305 572030 756107 ,439334 305703 137582 244 161041 461730 489663 283305 572030 756107 
98900 754813 42808 234460 893371 482236 462315 779138 113758 767459 ,98900 754813 42808 234460 893371 482236 462315 779138 113758 767459 
583996 980383 502551 434416 361817 693132 348081 228762 12526 264128 ,583996 980383 502551 434416 361817 693132 348081 228762 12526 264128 
944835 60318 217757 939042 694618 748981 23 866474 670452 120544 ,944835 60318 217757 939042 694618 748981 23 866474 670452 120544 
238670 562189 850411 604629 695609 841015 109375 986948 384657 85572 ,238670 562189 850411 604629 695609 841015 109375 986948 384657 85572 
824267 207618 207587 931852 921210 903896 867698 955116 190552 851695 ,824267 207618 207587 931852 921210 903896 867698 955116 190552 851695 
525042 703531 700611 833781 397007 694694 986948 843421 355197 420987 ,525042 703531 700611 833781 397007 694694 986948 843421 355197 420987 
150196 49263 355413 48267 136050 412382 852472 581515 946044 115107 ,150196 49263 355413 48267 136050 412382 852472 581515 946044 115107 
83410 92921 23504 350468 488334 363764 615119 815277 250236 256082 ,83410 92921 23504 350468 488334 363764 615119 815277 250236 256082 
993810 33480 305206 272577 255403 61303 277255 283952 667728 821936 ,993810 33480 305206 272577 255403 61303 277255 283952 667728 821936 
408912 541760 183565 550069 699533 785376 940641 966775 849277 865530 ,408912 541760 183565 550069 699533 785376 940641 966775 849277 865530 
154692 108374 331827 349024 368044 456978 778998 284541 728734 380133 ,154692 108374 331827 349024 368044 456978 778998 284541 728734 380133 
511098 779138 274629 241903 42808 662579 611143 517122 711636 534358 ,511098 779138 274629 241903 42808 662579 611143 517122 711636 534358 
963956 49885 900195 154989 803889 275551 373610 377737 962112 472513 ,963956 49885 900195 154989 803889 275551 377737 962112 472513 473916 
522519 601396 698869 791186 47181 420988 596934 944514 987729 50362 ,522519 601396 698869 791186 47181 420988 596934 944514 987729 50362 
406879 59592 905442 227125 919421 870171 207587 852387 904536 99226 ,406879 59592 905442 227125 919421 870171 207587 852387 904536 99226 
182701 845048 200694 185892 594107 888828 210644 183376 488931 973881 ,182701 845048 200694 185892 594107 888828 210644 183376 488931 973881 
904927 647768 443706 673762 653004 653058 684311 21972 634940 446490 ,904927 647768 443706 673762 653004 653058 684311 21972 634940 446490 
872576 535133 499946 179630 472085 668954 422435 338653 969253 880274 ,872576 535133 499946 179630 472085 668954 422435 338653 969253 880274 
476194 38099 938455 876412 478502 940173 227908 829374 479679 937556 ,476194 38099 938455 876412 478502 940173 227908 829374 479679 937556 
982096 419746 269445 482655 940641 954866 628289 737609 793258 58152 ,982096 419746 269445 482655 940641 954866 628289 737609 793258 58152 
453956 806024 469044 299014 721672 168601 732905 295890 175886 480727 ,453956 806024 469044 299014 721672 168601 732905 295890 175886 480727 
305866 427352 138411 242816 364020 452959 815846 96282 289228 828040 ,305866 427352 138411 242816 364020 452959 815846 96282 289228 828040 
348803 70380 180503 296367 9103 351329 809386 547793 153631 663689 ,348803 70380 180503 296367 9103 351329 809386 547793 153631 663689 
210960 960766 915470 334578 978434 983068 921281 224749 272354 259422 ,210960 960766 915470 334578 978434 983068 921281 224749 272354 259422 
807489 897196 747472 59642 882554 419529 413380 801291 113758 693827 ,807489 897196 747472 59642 882554 419529 413380 801291 113758 693827 
777821 500076 820886 299321 249073 363875 841031 362731 727103 249548 ,777821 500076 820886 299321 249073 363875 841031 362731 727103 249548 
440690 560726 516510 483807 20975 682481 645304 627834 406038 458425 ,440690 560726 516510 483807 20975 682481 645304 627834 406038 458425 
392825 91115 267373 753029 940586 247216 933193 295968 131340 680844 ,392825 91115 267373 753029 940586 247216 933193 295968 131340 680844 
685055 348742 428270 772167 911790 146444 691052 47769 339649 848995 ,685055 348742 428270 772167 911790 146444 691052 47769 339649 848995 
658789 111377 484642 89344 343888 21600 562333 130253 798616 865583 ,658789 111377 484642 89344 343888 21600 562333 130253 798616 865583 
62538 193157 269890 613214 76396 696186 16257 559191 120306 616801 ,62538 193157 269890 613214 76396 696186 16257 559191 120306 616801 
31815 256664 681635 772051 161461 555584 734901 821299 499923 883901 ,31815 256664 681635 772051 161461 555584 734901 821299 499923 883901 
309727 190218 583809 697972 996721 74973 869159 484636 527764 254968 ,309727 190218 583809 697972 996721 74973 869159 484636 527764 254968 
420869 815277 83410 511356 5555 488334 427601 615119 111921 141828 ,420869 815277 83410 511356 5555 488334 427601 615119 111921 141828 
993629 719845 262328 168601 123480 364498 683703 59315 317472 799093 ,993629 719845 262328 168601 123480 364498 683703 59315 317472 799093 
974494 176381 296144 587146 55408 453366 459587 128316 847948 867190 ,974494 176381 296144 587146 55408 453366 459587 128316 847948 867190 
952997 85319 97267 769242 987084 59721 467081 140123 973871 471027 ,952997 85319 97267 769242 987084 59721 467081 140123 973871 471027 
26699 729975 245283 336857 805217 666534 547435 362973 636981 322648 ,26699 729975 245283 336857 805217 666534 547435 362973 636981 322648 
570709 883048 714584 980890 438057 741677 943188 842883 71710 32977 ,570709 883048 714584 980890 438057 741677 943188 842883 71710 32977 
412142 88557 364705 34624 111867 459906 931273 388667 298591 537960 ,412142 88557 364705 34624 111867 459906 931273 388667 298591 537960 
253715 398479 204106 390167 492868 932741 236533 234683 53972 925106 ,253715 398479 204106 390167 492868 932741 236533 234683 53972 925106 
343774 921080 860996 125256 249181 830468 555640 557525 909775 332635 ,343774 921080 860996 125256 249181 830468 555640 557525 909775 332635 
188674 858446 964774 540665 62994 880651 504885 544445 730419 263569 ,188674 858446 964774 540665 62994 880651 504885 544445 730419 263569 
542737 390115 336824 526600 420148 430625 80397 232153 363419 452766 ,542737 390115 336824 526600 420148 430625 80397 232153 363419 452766 
531691 696715 932130 380157 786377 221320 863983 176574 705181 372168 ,531691 696715 932130 380157 786377 221320 863983 176574 705181 372168 
951595 235386 449392 392177 85386 577889 616498 886531 197786 252995 ,951595 235386 449392 392177 85386 577889 616498 886531 197786 252995 
994271 297145 771081 876947 999042 253715 198671 918237 768901 481858 ,994271 297145 771081 876947 999042 253715 198671 918237 768901 481858 
5134 453889 527250 420144 100661 631082 539252 940173 189770 84201 ,5134 453889 527250 420144 100661 631082 539252 940173 189770 84201 
439837 373050 721759 577878 26268 154281 915596 132013 494398 166907 ,439837 373050 721759 577878 26268 154281 915596 132013 494398 166907 
849277 840277 970091 126203 848627 893046 443009 594708 922587 254395 ,849277 840277 970091 126203 848627 893046 443009 594708 922587 254395 
830671 956965 971666 407143 421953 922443 190880 824638 46446 963006 ,830671 956965 971666 407143 421953 922443 190880 824638 46446 963006 
979419 732169 444963 711463 186398 997550 37591 11234 941114 915526 ,979419 732169 444963 711463 186398 997550 37591 11234 941114 915526 
295852 608479 15541 810552 882794 10492 107836 193982 863834 952217 ,295852 608479 15541 810552 882794 10492 107836 193982 863834 952217 
566252 713933 826998 604296 641260 889581 102523 445276 130909 899410 ,566252 713933 826998 604296 641260 889581 102523 445276 130909 899410 
926663 363948 480689 719665 23463 280046 815406 815286 95131 815424 ,926663 363948 480689 719665 23463 280046 815406 815286 95131 815424 
524524 298310 872157 19579 71819 114054 732863 141925 908594 830801 ,524524 298310 872157 19579 71819 114054 732863 141925 908594 830801 
484453 174561 202537 867933 520564 270497 569909 973251 981539 705844 ,484453 174561 202537 867933 520564 270497 569909 973251 981539 705844 
618986 866812 8001 357454 741522 167470 860181 565645 252992 849460 ,618986 866812 8001 357454 741522 167470 860181 565645 252992 849460 
366158 678208 949894 738639 278821 95529 814775 122647 752855 809730 ,366158 678208 949894 738639 278821 95529 814775 122647 752855 809730 
178996 84382 252239 209476 573194 169775 179626 259196 146325 272588 ,178996 84382 252239 209476 573194 169775 179626 259196 146325 272588 
9834 809038 322786 933240 673370 890484 140817 654226 672290 447506 ,9834 809038 322786 933240 673370 890484 140817 654226 672290 447506 
188698 908474 67214 707628 604183 930325 512571 756489 415725 543276 ,188698 908474 67214 707628 604183 930325 512571 756489 415725 543276 
14323 426447 638079 672207 535229 4585 95166 524968 598086 480689 ,426447 638079 672207 535229 4585 95166 567784 77683 83000 602996 
83864 823967 94396 745840 520730 635111 617323 936460 534642 815199 ,83864 823967 94396 745840 520730 635111 617323 936460 534642 815199 
922099 433371 457796 429704 71888 689974 81575 144448 495396 643593 ,922099 433371 457796 71888 689974 81575 144448 495396 643593 801065 
359509 765707 926138 212198 988935 214117 954162 612263 557664 944036 ,359509 765707 926138 212198 988935 214117 954162 612263 557664 944036 
338367 542538 613308 822722 567426 785669 121427 338782 974159 664866 ,338367 542538 613308 822722 567426 785669 121427 338782 974159 664866 
291218 235635 948573 936573 867520 84460 114434 172867 281631 324675 ,291218 235635 948573 936573 867520 84460 114434 172867 281631 324675 
527587 684204 431428 825410 892717 494856 521862 956446 151489 613964 ,527587 684204 431428 825410 892717 494856 521862 956446 151489 613964 
854265 362505 929737 857684 886221 376266 480316 916943 253540 929633 ,854265 362505 929737 857684 886221 376266 480316 916943 929633 725072 
246043 581592 925329 213138 423568 181716 711588 697767 489355 298513 ,246043 581592 925329 213138 423568 181716 711588 697767 489355 298513 
102131 41178 64165 870976 11010 8667 880233 723577 889296 982148 ,102131 41178 64165 870976 11010 8667 880233 723577 889296 982148 
262049 19513 382755 179612 169042 804307 174907 283494 152110 393978 ,262049 19513 382755 179612 169042 804307 174907 283494 152110 393978 
710176 919531 787715 669868 842092 103600 858265 756065 861549 333085 ,710176 919531 787715 669868 842092 103600 858265 756065 861549 333085 
704602 875429 671224 691461 682238 707696 82800 917249 31617 270917 ,704602 875429 671224 691461 682238 707696 82800 917249 31617 270917 
294478 279090 220155 910865 272814 398341 529078 330098 707293 708456 ,294478 279090 220155 910865 272814 398341 529078 330098 707293 708456 
795003 176142 545927 514989 498379 190453 635099 547247 750639 151411 ,795003 176142 545927 514989 498379 190453 635099 547247 750639 151411 
493906 401820 265131 329085 432466 836324 485760 81500 953554 9185 ,493906 401820 265131 329085 432466 836324 485760 81500 953554 9185 
154059 496998 742663 236399 493289 240390 306361 306830 505220 238503 ,154059 496998 742663 236399 493289 240390 306361 306830 505220 238503 
274470 860467 913075 495215 905416 81774 470857 501087 249859 246183 ,274470 860467 913075 495215 905416 81774 470857 501087 249859 246183 
629418 644929 813533 137476 621881 382851 699427 953545 744873 688054 ,629418 644929 813533 137476 621881 382851 699427 953545 744873 688054 
543358 543231 769934 797049 46942 536831 643344 461957 222214 46914 ,543358 543231 769934 797049 46942 536831 643344 461957 222214 46914 
820066 635546 835648 89072 155662 291731 597243 695667 527847 387287 ,820066 635546 835648 89072 155662 291731 597243 695667 527847 387287 
184713 18690 575349 95836 986580 185804 21663 70650 795002 627209 ,184713 18690 575349 95836 986580 185804 21663 70650 795002 627209 
269972 66780 397405 640070 731871 180485 929813 378516 176570 945016 ,269972 66780 397405 640070 731871 180485 929813 378516 176570 945016 
947274 96392 269215 970338 457896 854051 618017 957530 225581 941383 ,947274 96392 269215 970338 457896 854051 618017 957530 225581 941383 
257792 619423 248121 400119 745736 546627 308625 812089 204620 960042 ,257792 619423 248121 400119 745736 546627 308625 812089 204620 960042 
987019 931117 552006 472743 130073 576550 898612 824478 125982 286149 ,987019 931117 552006 472743 130073 576550 898612 824478 125982 286149 
265807 420897 488416 420973 45696 142533 238464 123476 454260 876608 ,265807 488416 420897 420973 45696 142533 238464 123476 454260 876608 
162407 126898 400931 936016 776302 63543 543824 970886 680714 770872 ,162407 126898 400931 936016 776302 63543 543824 970886 680714 770872 
381666 511528 63427 471452 643379 44522 144617 637052 29167 212951 ,381666 511528 63427 471452 643379 44522 144617 637052 29167 212951 
674383 642291 674258 676519 717988 887440 766067 969134 673367 331973 ,674383 642291 674258 676519 717988 887440 766067 969134 673367 331973 
308993 559187 87369 797437 105133 435383 89780 621066 694921 425017 ,308993 559187 87369 797437 105133 435383 89780 621066 694921 425017 
84587 418509 137743 811075 155062 820440 799821 873346 353731 807643 ,84587 418509 137743 811075 155062 820440 799821 873346 353731 807643 
534351 473125 534356 379746 834037 244032 738260 513924 595354 611466 ,534351 473125 534356 379746 834037 244032 738260 513924 595354 611466 
659613 190701 328251 636049 793200 941961 647894 667432 336978 831529 ,659613 190701 328251 636049 793200 941961 647894 667432 336978 831529 
843086 657910 19529 282012 630870 754709 375005 628869 168712 882201 ,843086 657910 19529 282012 630870 754709 375005 628869 168712 882201 
629849 616893 480025 476469 49011 824693 914620 925024 746533 924226 ,629849 616893 480025 476469 49011 824693 914620 925024 746533 924226 
759250 851360 752084 540422 881114 900318 811153 559262 477085 955907 ,759250 851360 752084 540422 881114 900318 811153 559262 477085 955907 
704772 96693 791912 516823 43282 953256 292942 54428 498155 40878 ,704772 96693 791912 516823 43282 953256 292942 54428 498155 40878 
459790 474237 273007 459864 933251 538920 746568 138537 146583 117193 ,459790 474237 273007 459864 933251 538920 746568 138537 146583 117193 
834416 69298 598672 380255 573930 272554 865314 465778 100789 932755 ,834416 69298 598672 380255 573930 272554 865314 465778 100789 932755 
679503 398419 708173 540602 728771 928322 989057 865983 61749 262653 ,679503 398419 708173 540602 728771 928322 989057 865983 61749 262653 
708397 268978 811847 78855 739954 876838 526261 698359 705818 452733 ,708397 268978 811847 78855 739954 876838 526261 698359 705818 452733 
704389 261925 176251 77959 170823 822119 286514 495332 706422 613976 ,704389 261925 176251 77959 170823 822119 286514 495332 706422 613976 
107148 119179 545675 657089 445473 107947 694805 384396 116591 284741 ,107148 119179 545675 657089 445473 107947 694805 384396 116591 284741 
365033 241746 497094 180669 690103 713567 440418 683675 81213 532542 ,365033 241746 497094 180669 690103 713567 440418 683675 81213 532542 
838164 841665 187682 326493 379283 640831 244032 75501 445881 752050 ,838164 841665 187682 326493 379283 640831 244032 75501 445881 752050 
389897 305124 531312 83036 719884 518640 509974 322297 668281 880268 ,389897 305124 531312 83036 719884 518640 509974 322297 668281 880268 
436908 324803 272936 152793 339967 96861 176643 494171 795848 128073 ,436908 324803 272936 152793 339967 96861 176643 494171 795848 128073 
262976 531312 363763 416960 524681 540813 499141 518640 254300 363754 ,262976 531312 363763 416960 524681 540813 499141 518640 254300 363754 
824226 893387 667383 657721 825584 657796 26214 653431 44526 637059 ,824226 893387 667383 657721 825584 657796 26214 653431 44526 637059 
611552 155790 796855 76421 577375 74757 256832 195724 161026 241715 ,611552 155790 796855 76421 577375 74757 256832 195724 161026 241715 
903685 43311 400375 686262 777285 83658 109565 382268 418344 104499 ,903685 43311 400375 686262 777285 83658 109565 382268 418344 104499 
812607 734784 905569 102081 191358 963709 745089 144328 834416 481858 ,812607 734784 905569 191358 963709 745089 144328 834416 481858 392825 
533625 940753 269215 716466 515574 596943 861293 193645 804581 376384 ,533625 940753 269215 716466 515574 596943 861293 193645 804581 376384 
553560 146816 680437 895369 620730 326329 665199 914975 875150 562474 ,553560 680437 895369 620730 326329 665199 914975 875150 562474 110170 
518657 583998 30006 470717 754324 390153 122004 740510 188418 808325 ,518657 583998 30006 470717 754324 390153 122004 740510 188418 808325 
953256 322297 516823 704772 316689 54862 321661 54428 499141 518395 ,953256 322297 516823 704772 316689 54862 321661 54428 499141 518395 
968397 389612 930740 494877 682091 598767 181926 633356 367264 969041 ,968397 389612 930740 494877 682091 598767 181926 633356 367264 969041 
172376 312477 37514 701064 483307 162607 886884 646476 349653 95899 ,172376 312477 37514 701064 483307 162607 886884 646476 349653 95899 
180808 242438 1294 501431 128033 628748 618425 453663 634515 866418 ,180808 242438 1294 501431 128033 628748 618425 453663 634515 866418 
541964 404085 793285 679314 206772 557931 531129 224330 869079 353500 ,541964 404085 793285 679314 206772 557931 531129 224330 869079 353500 
540198 952030 856708 373771 477128 536590 908128 996680 754626 604550 ,540198 952030 856708 373771 477128 536590 908128 996680 754626 604550 
602618 673601 219813 66357 929392 105432 739652 261322 373446 581174 ,602618 673601 219813 66357 929392 105432 739652 261322 373446 581174 
214570 905407 605872 854180 889681 100999 861643 199196 508210 386868 ,214570 905407 605872 854180 889681 100999 861643 199196 508210 386868 
215697 44985 915085 696934 789418 410483 216563 673701 638268 424210 ,215697 44985 915085 696934 789418 410483 216563 673701 638268 424210 
51394 213065 56972 305289 472415 759855 665484 736617 639822 687856 ,51394 213065 56972 305289 472415 759855 665484 736617 639822 687856 
569967 777453 914 23070 435852 195104 383585 450157 221598 456284 ,569967 777453 914 23070 435852 195104 383585 450157 221598 456284 
892610 508034 754852 182551 389830 398059 32244 104980 787237 350426 ,892610 508034 754852 182551 389830 398059 32244 104980 787237 350426 
297263 634205 83329 887219 516073 548881 342957 323594 594639 728792 ,297263 634205 83329 887219 516073 548881 342957 323594 594639 728792 
162871 756368 216868 595876 654641 802153 995926 912654 717000 105133 ,162871 756368 216868 595876 654641 802153 995926 912654 717000 105133 
522318 16036 772343 193100 971609 856717 918839 969368 635076 854885 ,522318 16036 772343 193100 971609 856717 918839 969368 635076 854885 
20844 106657 564326 20605 988709 797839 877556 617999 868178 317213 ,20844 106657 564326 20605 988709 797839 877556 617999 868178 317213 
350899 279228 254116 338233 158471 591205 497907 227293 307161 720212 ,350899 279228 254116 338233 158471 591205 497907 227293 307161 720212 
457866 213088 52558 278985 180717 97295 719949 63427 52247 884587 ,457866 213088 52558 278985 180717 97295 719949 63427 52247 884587 
245330 627323 214300 368615 201255 291712 694720 878342 671158 314993 ,245330 627323 214300 368615 201255 291712 694720 878342 671158 314993 
828827 517618 390008 370109 680720 181912 233905 264482 688506 944315 ,828827 517618 390008 370109 680720 181912 233905 264482 688506 944315 
481387 919350 478907 595235 681887 102685 970732 966233 990072 852475 ,481387 919350 478907 595235 681887 102685 970732 966233 990072 852475 
238839 503727 116242 404790 569997 833415 454052 47941 345563 256418 ,238839 503727 116242 404790 569997 833415 454052 47941 345563 256418 
956987 977022 418697 896767 843171 925765 898234 423390 401681 995857 ,956987 977022 418697 896767 843171 925765 898234 423390 401681 995857 
340864 732324 228401 431095 731475 465435 270756 803106 297619 208860 ,340864 732324 228401 431095 731475 465435 270756 803106 297619 208860 
112700 421733 271603 5833 75058 180658 530961 122732 292083 470701 ,112700 421733 271603 5833 75058 180658 530961 292083 470701 270988 
881806 681876 885851 846063 853516 446911 837377 831849 103776 763101 ,881806 681876 885851 846063 853516 446911 837377 831849 103776 763101 
928184 941977 224082 449783 941163 905569 680241 72360 906811 595235 ,928184 941977 224082 449783 941163 905569 680241 72360 906811 595235 
485713 841665 838164 75501 952491 716281 444499 286666 217218 668095 ,485713 841665 838164 75501 952491 716281 444499 286666 217218 668095 
467517 453696 659500 280750 589973 368587 720515 465903 490613 439850 ,467517 453696 659500 280750 589973 368587 720515 465903 490613 439850 
695505 473334 501365 318084 143033 16429 508905 525884 865317 210292 ,695505 473334 501365 318084 143033 16429 508905 525884 865317 210292 
455899 319409 907165 392278 312590 132165 731660 128305 263366 617435 ,455899 319409 907165 392278 312590 132165 731660 128305 263366 617435 
448651 133695 536312 211529 547524 62544 659900 954310 212951 640188 ,448651 133695 536312 211529 547524 62544 659900 954310 212951 640188 
670111 345686 821816 319316 833870 976175 831270 664459 579364 229116 ,670111 345686 821816 319316 833870 976175 831270 664459 579364 229116 
786811 617927 431395 985678 473558 947439 285719 997677 887798 268245 ,786811 617927 431395 985678 473558 947439 285719 997677 887798 268245 
236827 68720 607342 451647 238504 355017 113062 887147 128056 441057 ,236827 68720 607342 451647 238504 355017 113062 887147 128056 441057 
903244 547331 398323 443294 602568 880806 972705 692904 876194 904975 ,903244 547331 398323 443294 602568 880806 972705 692904 876194 904975 
826827 963007 469184 649055 629447 888440 958940 199887 219767 970597 ,826827 963007 469184 649055 629447 888440 958940 199887 219767 970597 
20130 947439 358769 596228 381354 456056 125439 196460 867121 843986 ,20130 947439 358769 596228 381354 456056 125439 196460 867121 843986 
969505 730338 237923 331837 222341 499387 279508 435843 257497 988017 ,969505 730338 237923 331837 222341 499387 279508 435843 257497 988017 
374271 74812 537923 984616 674798 241402 706562 989820 227706 241794 ,374271 74812 537923 984616 674798 241402 706562 989820 227706 241794 
950555 944704 78397 283347 314009 90594 75719 745948 851396 335066 ,950555 944704 78397 283347 314009 90594 75719 745948 851396 335066 
827861 570054 448110 657642 215900 639795 446313 655212 654780 657045 ,827861 570054 448110 657642 215900 639795 446313 655212 654780 657045 
358445 51692 799635 205468 753547 426823 423653 966790 482453 348252 ,358445 51692 799635 205468 753547 426823 423653 966790 482453 348252 
53651 821774 476715 56490 289980 52549 480055 512591 896672 610590 ,53651 821774 476715 56490 289980 52549 480055 512591 896672 610590 
165997 202966 267244 320101 185227 281396 44791 499160 838679 344907 ,165997 202966 267244 320101 185227 281396 44791 499160 838679 344907 
153120 983805 133820 982877 17314 989250 741074 343613 691769 62755 ,153120 983805 133820 982877 17314 989250 741074 343613 691769 62755 
979943 302729 166437 779490 278172 204478 572701 941667 40917 374122 ,979943 302729 166437 779490 278172 204478 572701 941667 40917 374122 
649070 77063 675916 850898 271253 941119 830220 650214 453129 79478 ,649070 77063 675916 850898 271253 941119 830220 650214 453129 79478 
295649 466990 377619 966906 465819 555711 60143 123919 269559 377873 ,295649 466990 377619 966906 465819 555711 60143 123919 269559 377873 
892078 756871 462021 608266 850618 718615 677760 709163 33819 831257 ,892078 756871 462021 608266 850618 718615 677760 709163 33819 831257 
453540 101484 79478 238056 459655 988154 722082 977594 711541 80683 ,453540 101484 79478 238056 459655 988154 722082 977594 711541 80683 
247761 525230 363376 787640 23991 621991 99040 732548 233457 426515 ,247761 525230 363376 787640 23991 621991 99040 732548 233457 426515 
861519 645184 831844 255236 633217 971649 366173 249371 815212 862533 ,861519 645184 831844 255236 633217 971649 366173 249371 815212 862533 
566147 834774 933754 415120 336421 415032 379746 667498 369572 452689 ,566147 834774 933754 415120 336421 415032 379746 667498 369572 452689 
552117 477661 264349 481555 105059 54427 639327 191656 472223 834388 ,552117 477661 264349 481555 105059 54427 639327 191656 472223 834388 
899027 16605 780051 719587 539689 677799 739170 762013 392658 680079 ,899027 16605 780051 719587 539689 677799 739170 762013 392658 680079 
766866 86698 184552 128904 652258 242800 700424 882610 135831 317100 ,766866 86698 184552 128904 652258 242800 700424 882610 135831 317100 
64887 172325 142188 231467 757319 841528 308802 626068 102587 404607 ,64887 172325 142188 231467 841528 626068 102587 404607 48323 402379 
992052 543207 557753 627953 442610 775119 940638 911747 386346 692425 ,992052 543207 557753 627953 442610 775119 940638 911747 386346 692425 
134435 832819 364430 175432 923177 32736 145866 937550 834627 21662 ,134435 832819 364430 175432 923177 32736 145866 937550 834627 21662 
748753 665790 887313 752821 188312 853197 967631 812437 851642 589744 ,748753 665790 887313 752821 188312 853197 967631 812437 851642 589744 
120894 735208 331486 377241 859642 151309 105046 157115 353068 860022 ,120894 735208 331486 377241 859642 151309 105046 157115 353068 860022 
490003 509063 257497 190483 711478 83474 340327 164069 796024 528583 ,490003 509063 257497 190483 711478 83474 340327 164069 796024 528583 
106335 461490 838975 801658 985419 659748 720827 582322 886361 440602 ,106335 461490 838975 801658 985419 659748 720827 582322 886361 440602 
702246 105522 305710 329479 168903 636033 615959 897746 498745 193440 ,702246 105522 305710 329479 168903 636033 615959 897746 498745 193440 
562757 696751 52248 978499 432738 332815 36845 406036 914621 44870 ,562757 696751 52248 978499 432738 332815 36845 406036 914621 44870 
858702 324686 755495 74217 330757 778117 257133 686805 839289 835346 ,858702 324686 755495 74217 330757 778117 257133 686805 839289 835346 
633196 402474 302904 600463 530445 89616 201352 85095 629291 725736 ,633196 402474 302904 600463 530445 89616 201352 85095 629291 725736 
481177 397769 222380 936179 630468 994634 323455 731300 667809 462280 ,481177 397769 222380 936179 630468 994634 323455 731300 667809 462280 
96205 104789 518846 662651 42048 122833 942779 145352 751222 297362 ,96205 104789 518846 662651 42048 122833 942779 145352 751222 297362 
649832 428226 675021 654441 187247 651499 718742 649870 769939 657210 ,649832 428226 675021 654441 187247 651499 718742 649870 769939 657210 
69805 853495 736226 670715 634554 720522 681984 709181 890921 69909 ,69805 853495 736226 670715 634554 720522 681984 709181 890921 69909 
433003 730380 685841 367490 59234 95269 432577 522795 552183 841382 ,433003 730380 685841 367490 59234 95269 432577 522795 552183 841382 
429032 885007 163944 438570 558576 789806 126141 505427 147185 451193 ,429032 885007 163944 438570 558576 789806 126141 505427 147185 451193 
682202 961184 384921 692599 321773 523570 636033 870079 305431 102597 ,682202 961184 384921 692599 321773 523570 636033 870079 305431 102597 
611726 596415 434509 698478 111600 700369 748297 90277 853899 426487 ,611726 596415 434509 111600 700369 748297 90277 853899 426487 222191 
194986 360492 269707 822767 98602 286247 984616 671440 723461 595279 ,194986 360492 269707 822767 98602 286247 984616 671440 723461 595279 
332254 127002 346065 570441 692000 872849 556718 311492 795570 673536 ,332254 127002 346065 570441 692000 872849 556718 311492 795570 673536 
102573 655397 885317 767869 407256 293283 848083 767908 413855 216141 ,102573 655397 885317 767869 407256 293283 848083 767908 413855 216141 
259144 258176 890741 827268 159102 833242 855601 833833 443516 443139 ,259144 258176 890741 827268 159102 833242 855601 833833 443516 443139 
207068 541743 644503 541586 421614 912355 767911 925424 411945 417482 ,207068 541743 644503 541586 421614 912355 767911 925424 411945 417482 
18597 192281 952759 361876 879309 421203 795704 936887 574555 970193 ,18597 192281 952759 361876 879309 421203 795704 936887 574555 970193 
859316 868427 539253 663514 223791 961282 842090 223734 538689 768227 ,859316 868427 539253 663514 223791 961282 842090 223734 538689 768227 
409093 522528 948912 971062 736390 68639 637342 532602 49429 392116 ,409093 522528 948912 971062 736390 68639 637342 532602 49429 392116 
322751 617775 958643 409839 204405 688065 47182 494636 959036 692187 ,322751 617775 958643 409839 204405 688065 47182 494636 959036 692187 
19718 107859 195879 544412 548199 466046 465483 521948 940590 488956 ,19718 107859 195879 544412 548199 466046 465483 521948 940590 488956 
655850 423067 558511 736300 740266 370620 271253 227414 534853 889078 ,655850 423067 558511 736300 740266 370620 271253 227414 534853 889078 
605433 254530 401780 333728 884177 882056 769026 499160 150967 959242 ,605433 254530 401780 333728 884177 882056 769026 499160 150967 959242 
155018 753488 303813 493948 457407 847764 348577 527887 361022 506954 ,155018 753488 303813 493948 457407 847764 348577 527887 361022 506954 
994984 710127 43128 250967 347990 559053 425131 284880 548680 246917 ,994984 710127 43128 250967 347990 559053 425131 284880 548680 246917 
245332 901846 645214 292428 306047 863588 376795 726453 470682 481092 ,245332 901846 645214 292428 306047 863588 376795 726453 470682 481092 
306930 346000 282366 280614 79392 664430 557067 664433 93759 151160 ,306930 346000 282366 280614 79392 664430 557067 664433 93759 151160 
83382 502234 726378 710088 103759 36674 189132 189022 713544 689896 ,83382 502234 726378 710088 103759 36674 189132 189022 713544 689896 
853197 376593 477428 803155 20936 531872 608192 325850 126769 301484 ,853197 376593 477428 803155 20936 531872 608192 325850 126769 301484 
957276 483174 516224 880741 520045 207560 596020 866568 679295 224008 ,957276 483174 516224 880741 520045 207560 596020 866568 679295 224008 
256752 377671 201111 757319 832399 177676 890269 908431 638113 623334 ,256752 377671 201111 757319 832399 177676 890269 908431 638113 623334 
489572 836219 371545 988311 690254 522401 83270 406305 883686 417226 ,489572 836219 371545 988311 690254 522401 83270 406305 883686 417226 
942184 459397 323413 504585 542636 3241 671554 689507 950554 180089 ,942184 459397 323413 504585 542636 3241 671554 689507 950554 180089 
744645 82557 641536 918320 275780 603802 39622 938392 790610 873407 ,744645 82557 641536 918320 275780 603802 39622 938392 790610 873407 
973560 277918 993249 206556 840776 105313 916022 959149 433782 14512 ,973560 277918 993249 206556 840776 105313 916022 959149 433782 14512 
375889 540463 823978 93256 847913 60441 814268 189594 753559 207189 ,375889 540463 823978 93256 847913 60441 814268 189594 753559 207189 
589333 997339 876034 493608 316642 502894 617763 963210 492261 170725 ,589333 997339 876034 493608 316642 502894 617763 963210 492261 170725 
405990 63195 71682 486347 749073 441633 513970 543988 157787 268685 ,405990 63195 71682 486347 749073 441633 513970 543988 157787 268685 
962142 72011 436202 404419 824871 264448 295173 561409 15438 543847 ,962142 72011 436202 404419 824871 264448 295173 561409 15438 543847 
90066 13504 632527 494882 524109 722513 224751 957875 181991 802466 ,90066 13504 632527 494882 524109 722513 224751 957875 181991 802466 
920300 557779 777138 70504 102707 713031 87556 975930 863294 612786 ,920300 557779 777138 70504 102707 713031 87556 975930 863294 612786 
2783 513718 831625 561838 846515 287197 672394 9576 219564 899667 ,2783 513718 831625 561838 846515 287197 672394 9576 219564 899667 
39975 431425 882391 407835 616835 52248 555385 516281 84069 581176 ,39975 431425 882391 407835 616835 52248 555385 516281 84069 581176 
790989 305007 658871 977336 491716 279732 339118 499049 90443 472302 ,790989 305007 658871 977336 491716 279732 339118 499049 90443 472302 
814497 57112 473465 914014 363284 868121 91086 45113 36258 9121 ,814497 57112 473465 914014 363284 868121 91086 45113 36258 9121 
819619 572250 504736 225248 562333 786696 149142 957875 752200 870144 ,819619 572250 504736 225248 562333 786696 149142 957875 752200 870144 
997085 920647 485455 911711 886540 994330 207619 842259 644421 121932 ,997085 920647 485455 911711 886540 994330 207619 842259 644421 121932 
526313 574508 576958 81702 695619 621991 471135 660338 970760 898677 ,526313 574508 576958 81702 695619 621991 471135 660338 970760 898677 
378638 437506 39691 293134 92065 105643 125069 773078 851313 363661 ,378638 437506 39691 293134 92065 105643 125069 773078 851313 363661 
519451 87977 84061 684249 361724 174956 440923 272051 344592 174675 ,519451 87977 84061 684249 361724 174956 440923 272051 344592 174675 
9089 978634 851070 86655 764679 387169 300093 34089 150694 623965 ,9089 978634 851070 86655 764679 387169 300093 34089 150694 623965 
274431 993336 745197 58870 332469 389007 744665 61871 96340 526898 ,274431 993336 745197 58870 332469 389007 744665 61871 96340 526898 
996933 768227 443324 851564 846163 791094 960656 867686 756342 768169 ,996933 768227 443324 851564 846163 791094 960656 867686 756342 768169 
600332 116092 778998 691446 338744 950554 323413 52503 395536 801359 ,600332 116092 778998 691446 338744 950554 323413 52503 395536 801359 
224669 946586 763159 326017 692714 33262 285408 264435 584542 510311 ,224669 946586 763159 326017 692714 33262 285408 264435 584542 510311 
190839 234614 184606 952378 384414 832680 800668 674041 839147 837916 ,190839 234614 184606 952378 384414 832680 800668 674041 839147 837916 
164963 913338 936247 202348 366329 381995 519716 178469 384679 232932 ,164963 913338 936247 202348 366329 381995 519716 178469 384679 232932 
169900 162516 589991 578637 831320 392512 927792 303553 139700 631580 ,169900 162516 589991 578637 831320 392512 927792 303553 139700 631580 
46118 480761 354144 304695 386533 70939 585322 910852 341017 961184 ,46118 480761 354144 304695 386533 70939 585322 910852 341017 961184 
275975 391586 148165 948507 140361 354428 33945 812540 478775 757465 ,275975 391586 148165 948507 140361 354428 33945 812540 478775 757465 
933321 36911 349225 381824 488064 773246 208433 843879 182626 926115 ,933321 36911 349225 381824 488064 773246 208433 843879 182626 926115 
460251 671397 889887 198781 896754 266027 228206 276953 186799 53062 ,460251 671397 889887 198781 896754 266027 228206 276953 186799 53062 
346679 499792 156496 82149 108291 53060 719337 563418 87692 94678 ,346679 499792 156496 82149 108291 53060 719337 563418 87692 94678 
292380 873187 307189 651923 61252 899456 101259 498738 364054 24134 ,292380 873187 307189 651923 61252 899456 101259 498738 364054 24134 
46106 295834 279579 182584 635459 472440 970646 1808 722980 224395 ,46106 295834 279579 182584 635459 472440 970646 1808 722980 224395 
181353 869074 865892 299190 303144 129244 498821 149462 696013 901846 ,181353 869074 865892 299190 303144 129244 498821 149462 696013 901846 
848774 810686 994983 973650 563091 560940 819296 882978 58870 893539 ,848774 810686 994983 973650 563091 560940 819296 882978 58870 893539 
44804 895939 357164 204106 513650 775119 890066 469046 903852 51531 ,44804 895939 357164 204106 513650 775119 890066 469046 903852 51531 
180889 618400 135722 793469 985943 364336 979301 889786 809110 574094 ,180889 618400 135722 793469 985943 364336 979301 889786 809110 574094 
614374 877460 229201 885776 91769 101645 1997 985417 363347 890921 ,614374 877460 229201 885776 91769 101645 1997 985417 363347 890921 
361724 814598 748297 5554 466822 815318 521855 815401 815262 815259 ,361724 814598 748297 5554 466822 815318 521855 815401 815262 815259 
630259 693889 194986 394969 85594 77848 16315 196860 272014 403454 ,630259 693889 194986 394969 85594 77848 16315 196860 272014 403454 
127577 155391 379292 541010 617763 198799 704252 362354 334884 73917 ,127577 155391 379292 541010 617763 198799 704252 362354 334884 73917 
685104 357233 154146 506954 677067 844709 93374 281897 70042 551571 ,685104 357233 154146 506954 677067 844709 93374 281897 70042 551571 
37271 453883 305448 858310 321737 510241 79443 700312 462428 865293 ,37271 453883 305448 858310 321737 510241 79443 700312 462428 865293 
844962 154718 779361 150562 455001 747654 948849 385306 630266 588572 ,844962 154718 779361 150562 455001 747654 948849 385306 630266 588572 
998122 541357 996791 821774 610590 649431 247044 812663 54954 445008 ,998122 541357 996791 821774 610590 649431 247044 812663 54954 445008 
135208 622246 776811 728718 451932 76542 861963 552768 92227 871965 ,135208 622246 776811 728718 451932 76542 861963 552768 92227 871965 
227844 97383 146448 677951 220716 485058 629103 851070 194629 665095 ,227844 97383 146448 677951 220716 485058 629103 851070 194629 665095 
949460 76179 949788 949793 171619 729209 250646 81105 804661 940968 ,949460 76179 949788 949793 171619 729209 250646 81105 804661 940968 
997123 997170 573273 800956 541909 960656 511923 917447 864453 815190 ,997123 997170 573273 800956 541909 960656 511923 917447 864453 815190 
588572 2600 352616 59462 31266 406535 172325 721216 206084 822444 ,588572 2600 352616 59462 31266 406535 172325 721216 206084 822444 
378235 633146 63310 122582 176164 3012 595702 977340 680742 453930 ,378235 633146 63310 122582 176164 3012 595702 977340 680742 453930 
21565 107469 163709 742674 812728 639327 199744 453395 96711 791598 ,21565 107469 163709 742674 812728 639327 199744 453395 96711 791598 
59804 337605 694044 598990 525357 22243 816130 236960 153063 528650 ,59804 337605 694044 598990 525357 22243 816130 236960 153063 528650 
630551 655889 806844 67293 569818 395536 802820 769026 418960 861267 ,630551 655889 806844 67293 569818 395536 802820 769026 418960 861267 
289197 746650 242393 161784 2431 475396 592048 303192 3274 515222 ,289197 746650 242393 161784 2431 475396 592048 303192 3274 515222 
79230 732820 202689 815148 78091 575014 678327 482016 824436 852305 ,79230 732820 202689 815148 78091 575014 678327 482016 824436 852305 
990886 673084 664509 126586 477377 687376 890780 993611 328370 385634 ,990886 673084 664509 126586 477377 687376 890780 993611 328370 385634 
196104 991034 537657 384328 302417 950683 699799 541140 173758 454213 ,196104 991034 537657 384328 302417 950683 699799 541140 173758 454213 
426515 554602 325463 239396 98891 364494 232665 429539 336911 923801 ,426515 554602 325463 239396 98891 364494 232665 429539 336911 923801 
864183 137232 950265 377887 17919 629111 712659 960135 144034 242356 ,864183 137232 950265 377887 17919 629111 712659 960135 144034 242356 
636553 373812 765682 72164 211125 761970 609864 555969 661809 402479 ,636553 373812 765682 72164 211125 761970 609864 555969 661809 402479 
511086 511009 387257 630398 378757 637012 608625 561630 984082 310181 ,511086 511009 387257 630398 378757 637012 608625 561630 984082 310181 
849567 211666 132385 902909 556771 303053 546207 103800 654771 859839 ,849567 211666 132385 902909 556771 303053 546207 654771 859839 217925 
195694 442070 321006 234835 214728 592416 333546 865942 406950 549099 ,195694 442070 321006 234835 214728 592416 865942 406950 549099 876629 
107365 804288 601639 801261 52589 132562 750741 284373 293264 280235 ,804288 601639 801261 52589 132562 750741 284373 293264 280235 556006 
598200 822528 165202 359401 585656 348651 390689 997701 522419 498017 ,598200 822528 165202 359401 585656 348651 390689 997701 522419 498017 
538689 970091 932476 407703 886252 224756 48071 363187 546579 513582 ,538689 970091 932476 407703 886252 224756 48071 363187 546579 513582 
804040 107337 719186 477521 416912 693784 597521 806145 390251 525127 ,804040 107337 719186 477521 416912 693784 597521 806145 390251 525127 
395802 281631 190205 282611 279958 549770 298057 929209 434850 618544 ,395802 281631 190205 282611 279958 549770 298057 929209 434850 618544 
600886 823512 157611 422588 295141 809945 964980 430988 949538 160417 ,600886 823512 157611 422588 295141 809945 964980 430988 949538 160417 
323634 366433 262734 709367 264864 253978 249499 823745 51326 80880 ,323634 366433 262734 709367 264864 253978 249499 823745 51326 80880 
665167 576413 880842 561213 269144 854777 359370 648710 822941 443009 ,665167 576413 880842 561213 269144 854777 359370 648710 822941 443009 
470660 637157 322737 474642 525045 694001 516473 68253 171837 292903 ,470660 637157 322737 474642 525045 694001 516473 68253 171837 292903 
507188 503281 407008 452674 352861 208199 702834 80880 151307 323113 ,507188 503281 407008 452674 208199 702834 80880 151307 323113 422278 
209926 104669 159684 320851 392078 856711 691565 253635 400956 393367 ,209926 104669 159684 320851 392078 856711 691565 253635 400956 393367 
855161 443587 842195 642787 895394 770511 756242 830551 862338 443852 ,855161 443587 842195 642787 895394 756242 830551 862338 443852 856411 
824796 202389 41193 124113 145422 997909 407634 912951 476035 646358 ,824796 202389 41193 124113 145422 407634 912951 476035 646358 770287 
374102 314001 374720 767442 783043 922118 256664 985799 397546 546005 ,374102 314001 374720 767442 783043 922118 256664 985799 397546 546005 
483664 327463 294338 590452 860646 481425 952662 181906 254749 852002 ,483664 327463 294338 590452 860646 481425 952662 181906 254749 852002 
27903 13167 672200 1323 1151 880316 840887 542272 432473 125980 ,27903 13167 672200 1323 1151 880316 840887 542272 432473 125980 
947076 17399 596945 111621 483815 766623 267487 286610 109280 728056 ,947076 17399 596945 111621 483815 766623 267487 286610 109280 728056 
687001 652631 442332 190771 186614 914334 792513 417728 442662 657320 ,687001 652631 442332 190771 186614 914334 792513 417728 442662 657320 
857758 846585 997489 885876 852887 919283 846314 444893 949341 773908 ,857758 846585 997489 885876 852887 919283 846314 444893 949341 773908 
170826 356384 406977 201553 660100 378489 150951 658854 932504 114307 ,170826 356384 406977 201553 660100 378489 150951 658854 932504 114307 
104019 995033 754340 716686 887583 430870 216527 49250 428756 824073 ,104019 995033 754340 716686 887583 430870 216527 49250 428756 824073 
131057 263511 667100 244523 853476 970199 190806 28638 948029 672613 ,131057 263511 667100 244523 853476 970199 190806 28638 948029 672613 
128056 480129 528442 274393 469175 334848 93934 110406 603251 284672 ,128056 480129 528442 274393 469175 334848 93934 110406 603251 284672 
903931 911944 428791 521350 891487 47260 682558 586667 388491 834287 ,903931 911944 428791 521350 891487 47260 682558 586667 388491 834287 
119690 890508 834895 854804 63210 321029 426105 637747 736089 499192 ,119690 890508 834895 854804 63210 321029 426105 637747 736089 499192 
676984 970771 774053 874825 971627 545848 69790 731578 110622 613161 ,676984 970771 774053 874825 971627 545848 69790 731578 110622 613161 
599719 79240 921970 654297 502993 69289 879821 210128 368746 832870 ,599719 79240 921970 654297 502993 69289 879821 210128 368746 832870 
971285 490989 842862 77499 721991 12759 529871 393269 493035 647959 ,971285 490989 842862 77499 721991 12759 529871 393269 493035 647959 
802694 660244 796966 843115 360593 980798 791039 916182 975682 805678 ,802694 660244 796966 843115 360593 980798 791039 916182 975682 805678 
970328 51026 75072 370579 932927 263828 305659 995598 971039 172784 ,970328 51026 75072 370579 932927 263828 305659 995598 971039 172784 
752407 906879 244917 310562 203686 166643 201309 240654 622295 114347 ,752407 906879 244917 310562 203686 166643 201309 240654 622295 114347 
979505 8435 634205 896767 904872 832539 213437 810068 884821 721640 ,979505 8435 634205 896767 904872 832539 213437 810068 884821 721640 
840248 574925 49341 135099 965899 500991 756765 586272 611129 12474 ,840248 574925 49341 135099 965899 500991 756765 586272 611129 12474 
572011 753083 468890 675552 398817 537488 270161 839967 289705 125117 ,572011 753083 468890 675552 398817 537488 270161 839967 289705 125117 
511397 58522 91234 908971 571435 904105 224891 662031 991730 491046 ,511397 91234 908971 571435 904105 224891 662031 991730 491046 172784 
593137 555125 920847 985181 824701 632366 376884 315929 3719 703308 ,593137 555125 920847 985181 824701 632366 376884 315929 3719 703308 
454416 474264 399554 180281 73471 786225 584033 915638 734655 947095 ,454416 474264 399554 180281 73471 786225 584033 915638 734655 947095 
868004 386100 795830 632681 69348 180670 845267 195828 829273 881927 ,868004 386100 795830 632681 69348 180670 845267 195828 829273 881927 
937450 974366 145557 452684 556699 752369 887229 695468 450622 2702 ,937450 974366 145557 452684 752369 887229 695468 450622 2702 929443 
404297 818532 123454 655940 540714 710705 850116 215336 990667 751705 ,404297 818532 123454 655940 540714 710705 850116 215336 751705 825747 
97969 78397 317129 132203 900058 335372 561894 771733 729360 74466 ,97969 78397 317129 132203 900058 335372 561894 771733 729360 74466 
869828 140980 848312 857236 897925 941382 867793 980613 3654 967983 ,869828 140980 848312 857236 897925 941382 867793 980613 3654 967983 
925969 430421 893698 296751 527522 783400 695766 946450 531497 484663 ,925969 430421 893698 296751 527522 783400 695766 946450 531497 484663 
859545 834828 137697 21101 472475 978592 283971 781781 836167 82860 ,859545 834828 137697 21101 472475 978592 283971 781781 836167 82860 
180780 453532 466123 958686 20755 519456 511548 229270 734658 965595 ,180780 453532 466123 958686 20755 519456 511548 229270 734658 965595 
315761 617605 713749 480233 579827 164295 156850 20662 137320 314889 ,315761 617605 713749 480233 579827 164295 156850 20662 137320 314889 
676575 677301 676093 649888 845423 778275 623585 677708 620555 374974 ,676575 677301 676093 649888 845423 778275 623585 677708 620555 374974 
828933 915576 667856 203310 800489 704692 594707 878313 533929 863018 ,828933 915576 667856 203310 800489 704692 594707 878313 533929 863018 
920730 879722 895024 11588 950752 443545 542230 961456 432354 224484 ,920730 879722 895024 11588 950752 443545 542230 961456 432354 224484 
40905 290430 492636 40917 417876 114267 904859 491957 896718 872051 ,40905 290430 492636 40917 417876 114267 904859 491957 896718 872051 
292809 90224 595508 631365 56620 490892 778150 293949 987984 974341 ,292809 90224 595508 631365 56620 490892 778150 293949 987984 974341 
725972 745538 863599 883689 207386 635193 49997 635377 728108 902172 ,725972 745538 863599 883689 207386 635193 49997 635377 728108 902172 
842348 668415 203987 917438 269142 879954 917937 104162 110166 669923 ,842348 668415 203987 917438 269142 879954 917937 104162 110166 669923 
806433 351436 197924 910552 586695 984280 632681 263885 22715 498520 ,806433 351436 197924 910552 586695 984280 632681 263885 22715 498520 
521917 601073 746706 799434 475022 500772 703437 464980 80323 415458 ,521917 601073 746706 799434 475022 500772 703437 464980 80323 415458 
740989 333318 297135 940817 328715 786887 416983 526216 233010 700065 ,740989 333318 297135 940817 328715 786887 416983 526216 233010 700065 
973399 851758 862028 683923 563655 161198 555337 934040 834729 436964 ,973399 851758 862028 683923 563655 161198 555337 934040 834729 436964 
232200 196366 404806 96568 539599 109531 83222 58522 135601 42090 ,232200 196366 404806 96568 539599 109531 83222 58522 135601 42090 
370317 223699 223598 147961 181042 162379 780303 904587 205580 811708 ,370317 223699 223598 147961 181042 162379 780303 904587 205580 811708 
262008 640142 547416 107754 854544 30373 591881 911119 638340 323704 ,262008 640142 547416 107754 854544 30373 591881 911119 638340 323704 
186514 611383 913176 768316 875465 768961 804517 866695 888287 666669 ,186514 611383 913176 768316 875465 768961 804517 866695 888287 666669 
77742 127287 309925 784789 63929 89047 495801 369321 685120 426310 ,77742 127287 309925 784789 63929 89047 495801 369321 685120 426310 
947552 158705 617956 575159 348333 260716 162635 679133 152948 77366 ,947552 158705 617956 575159 348333 260716 162635 679133 152948 77366 
628334 15012 333414 552100 323193 113251 276290 770625 510990 160511 ,628334 15012 333414 552100 323193 113251 276290 770625 510990 160511 
364806 249503 906773 556436 555813 278130 79112 62269 21982 341968 ,364806 249503 906773 556436 555813 278130 79112 62269 21982 341968 
47663 958984 779296 470622 100547 987975 226208 580028 7772 990559 ,47663 958984 779296 470622 100547 987975 580028 226208 7772 990559 
911119 732430 40245 889224 53357 443728 869242 107754 391948 648637 ,911119 732430 40245 889224 53357 443728 869242 107754 391948 648637 
332742 151430 972937 724668 190933 802582 88982 722340 23481 686471 ,332742 151430 972937 724668 190933 802582 88982 722340 23481 686471 
867740 832774 554708 57081 376759 915389 846305 876982 849082 851148 ,867740 832774 554708 57081 376759 915389 846305 876982 849082 851148 
264154 941368 80012 734277 321920 736646 193390 95959 468291 994498 ,264154 941368 80012 734277 321920 736646 193390 95959 468291 994498 
290417 716692 73600 814162 216821 705232 473131 984426 281710 757652 ,290417 716692 73600 814162 216821 705232 473131 984426 281710 757652 
463355 98580 454466 750772 538855 842274 365196 710680 522907 371429 ,463355 98580 454466 750772 538855 842274 365196 710680 522907 371429 
196647 200959 563626 696274 658562 979636 503137 141638 991325 987363 ,196647 200959 563626 696274 658562 979636 503137 141638 991325 987363 
690850 943113 548663 652578 256804 597025 288166 597925 567151 799100 ,690850 943113 548663 652578 256804 597025 288166 597925 567151 799100 
929530 46945 86998 77206 733915 28646 860875 811543 531012 241452 ,929530 46945 86998 77206 733915 28646 860875 811543 531012 241452 
695994 311899 203575 406526 851642 409971 68233 349224 679378 130988 ,695994 311899 203575 406526 851642 409971 68233 349224 679378 130988 
3769 542807 269752 958196 494062 899503 895078 543470 915497 832092 ,3769 542807 269752 958196 494062 899503 895078 543470 915497 832092 
69687 893172 364494 216629 337539 561929 566766 293238 321562 351146 ,69687 893172 364494 216629 337539 561929 566766 293238 321562 351146 
827496 944363 387103 429319 81374 507986 59730 367213 914005 363454 ,827496 944363 387103 429319 81374 507986 59730 367213 914005 363454 
332660 695796 105458 979552 766242 711387 130683 245194 107463 692372 ,332660 695796 105458 979552 766242 711387 130683 245194 107463 692372 
771880 354387 182313 771776 195638 229000 610090 170187 769372 62364 ,771880 354387 182313 771776 195638 229000 610090 170187 769372 62364 
772469 698400 837946 484782 923961 990135 183537 833214 19039 590568 ,772469 698400 837946 484782 923961 990135 183537 833214 19039 590568 
899575 722524 12914 591661 752921 87697 43522 627963 933486 129201 ,899575 722524 12914 591661 752921 87697 43522 627963 933486 129201 
693214 497019 837262 655278 42199 428756 655575 768297 907439 908127 ,693214 497019 837262 655278 42199 428756 655575 768297 907439 908127 
116436 8958 212150 307622 307975 876660 855874 468752 846685 757137 ,116436 8958 212150 307622 307975 876660 855874 468752 846685 757137 
693279 123309 629798 187533 489858 76139 281738 923332 420381 23 ,693279 123309 629798 187533 489858 76139 281738 923332 420381 23 
737554 540648 86770 337048 785020 673357 628518 491510 520371 300891 ,737554 540648 86770 337048 785020 673357 628518 520371 300891 431481 
664614 281378 160124 288742 233032 472318 535302 978149 456586 867786 ,664614 281378 160124 288742 233032 472318 535302 978149 456586 867786 
355659 136838 602763 686043 579239 390957 154146 726149 731834 547707 ,136838 602763 686043 579239 390957 154146 726149 731834 547707 845911 
54680 380778 114602 821933 480690 782841 406576 79451 337230 468062 ,54680 380778 114602 821933 480690 406576 79451 337230 468062 728412 
713738 929249 701197 297421 861605 717363 116078 787543 869852 107469 ,713738 929249 701197 297421 861605 717363 116078 787543 869852 107469 
761052 759514 112851 775968 610279 667619 866774 577806 798489 217578 ,761052 759514 112851 775968 610279 667619 866774 577806 798489 217578 
373473 715482 698105 810583 222217 777472 442346 132107 224247 537000 ,373473 715482 698105 810583 222217 777472 442346 132107 224247 537000 
522959 515371 171449 800194 700890 70837 141216 518086 366170 826936 ,522959 515371 171449 800194 700890 70837 141216 518086 366170 826936 
116078 869852 428756 42199 861605 42678 655575 900986 48881 815083 ,116078 869852 428756 42199 861605 42678 655575 900986 48881 815083 
391204 85075 511108 549601 920518 511700 181458 73132 59649 519904 ,391204 85075 511108 549601 920518 511700 181458 73132 59649 519904 
317212 103446 562529 311899 855842 911524 688393 150693 970375 679378 ,317212 103446 562529 311899 855842 911524 688393 150693 970375 679378 
959477 48881 127063 386658 742140 841757 715432 654613 208065 146567 ,959477 48881 127063 386658 742140 841757 715432 654613 208065 146567 
446510 445782 953335 816550 656546 445793 767979 654460 424096 445455 ,446510 445782 953335 816550 656546 445793 767979 654460 424096 445455 
255326 397146 882789 518581 309610 770116 512167 830609 827571 239318 ,255326 397146 882789 518581 309610 770116 512167 830609 827571 239318 
560964 649414 197545 688567 701390 431586 213405 491327 812777 280864 ,560964 649414 197545 688567 701390 431586 213405 491327 812777 280864 
820065 890269 141014 76170 43510 917743 233285 858249 191543 138433 ,820065 890269 141014 76170 43510 917743 233285 858249 191543 138433 
854619 995933 803112 603887 892676 666761 773042 994831 878677 766383 ,854619 995933 803112 603887 892676 666761 773042 994831 878677 766383 
944024 72454 366255 440674 206656 504044 197723 230938 448654 188746 ,944024 72454 366255 440674 206656 504044 197723 230938 448654 188746 
933682 181716 172922 171097 162635 336424 587321 940578 308167 691534 ,933682 181716 172922 171097 162635 336424 587321 940578 308167 691534 
915732 102114 484210 194583 324380 223485 480608 936419 853692 480932 ,915732 102114 484210 194583 324380 223485 480608 936419 853692 480932 
21374 228200 554092 695765 629013 181017 275355 926986 357409 306056 ,21374 228200 554092 695765 629013 181017 275355 926986 357409 306056 
173110 160034 303011 793339 429541 293009 154024 112093 177315 275839 ,173110 160034 303011 793339 429541 293009 154024 112093 177315 275839 
85699 265847 82956 515781 153982 746849 413863 481487 454042 82650 ,85699 265847 82956 515781 153982 746849 413863 481487 454042 82650 
537986 900608 899645 110075 538395 820304 402402 381314 488001 600178 ,537986 900608 899645 110075 538395 820304 402402 381314 488001 600178 
369726 232781 472380 716557 232665 616621 730634 450372 339972 292100 ,369726 232781 472380 716557 232665 616621 730634 450372 339972 292100 
523552 84292 370059 295847 20355 141701 793563 515208 305638 751002 ,523552 84292 370059 295847 20355 141701 793563 515208 305638 751002 
702888 672515 246524 550350 485064 32481 246662 834562 772093 963680 ,702888 672515 246524 550350 485064 32481 246662 834562 772093 963680 
326852 990521 268127 222526 693984 61989 688762 70049 771176 20355 ,326852 990521 268127 222526 693984 61989 688762 70049 771176 20355 
233741 635854 473832 70838 203449 87797 79495 408332 738577 81331 ,233741 635854 473832 70838 203449 87797 79495 408332 738577 81331 
24184 655412 568915 672684 802006 373912 998291 610385 159894 761857 ,24184 655412 568915 672684 802006 373912 998291 610385 159894 761857 
180773 560812 60610 120997 990939 690107 485913 195091 60129 726969 ,180773 560812 60610 120997 990939 690107 485913 195091 60129 726969 
86076 860794 377944 225431 978890 989422 225869 903300 184080 699877 ,86076 860794 377944 225431 978890 989422 225869 903300 184080 699877 
661745 532126 666265 239183 321618 600226 134504 764661 978846 755754 ,661745 532126 666265 239183 321618 600226 134504 764661 978846 755754 
12766 458324 730020 903677 654661 100122 514225 469015 295968 74261 ,12766 458324 730020 903677 654661 100122 514225 469015 295968 74261 
665384 587121 300902 485619 221508 17476 823338 12722 925409 668487 ,665384 587121 300902 485619 221508 17476 823338 12722 925409 668487 
639210 95664 812228 785008 363992 93139 292836 964901 527373 292702 ,639210 95664 812228 785008 363992 93139 292836 964901 527373 292702 
338422 473832 415463 224459 350955 228130 689808 701526 231377 472380 ,338422 473832 415463 224459 350955 228130 689808 701526 231377 472380 
354578 860180 588387 851794 154927 372811 692141 180121 114897 65620 ,354578 860180 851794 154927 372811 692141 180121 114897 65620 319176 
422547 526670 16456 566297 616621 280731 79415 91946 825974 452032 ,422547 526670 16456 566297 616621 280731 79415 91946 825974 452032 
400988 727903 830910 815217 143690 586822 621394 727351 278547 294779 ,400988 727903 830910 815217 143690 586822 621394 727351 278547 294779 
324334 337092 227546 461557 608944 301756 335618 605639 497770 915308 ,324334 337092 227546 461557 608944 301756 335618 605639 497770 915308 
673442 481831 158369 212135 417088 831101 378324 280412 240531 838709 ,673442 481831 158369 212135 417088 831101 378324 280412 240531 838709 
833353 226062 504736 64531 904728 628736 547619 787472 863095 228201 ,833353 226062 504736 64531 904728 628736 547619 787472 863095 228201 
352902 499306 123974 494993 1959 565977 324114 262393 725436 68710 ,352902 499306 123974 494993 1959 565977 324114 262393 725436 68710 
833088 622419 970671 833026 833050 541681 614626 962900 750647 858685 ,833088 622419 970671 833026 833050 541681 614626 962900 750647 858685 
712591 34918 615742 483893 81333 304121 945064 306281 43510 806870 ,712591 34918 615742 483893 81333 304121 945064 306281 43510 806870 
654475 661584 116706 9647 780872 998543 977762 617963 426396 607139 ,654475 661584 116706 9647 780872 998543 977762 617963 426396 607139 
467995 436065 175258 296373 172404 548931 510075 705819 753765 94129 ,467995 436065 175258 296373 172404 548931 510075 705819 753765 94129 
233542 953806 564178 560096 951712 757715 272292 272224 561641 92672 ,233542 953806 564178 560096 951712 757715 272292 272224 561641 92672 
485185 423439 119887 938134 577811 378920 521 822453 169104 533398 ,485185 423439 119887 938134 577811 378920 521 822453 169104 533398 
579895 503278 601681 213619 584314 584022 473732 417212 54729 754868 ,579895 503278 601681 213619 584314 584022 473732 417212 54729 754868 
345035 399424 275650 345408 126179 193720 110981 643344 972926 388728 ,345035 399424 275650 345408 126179 193720 110981 643344 972926 388728 
696457 191068 25148 673332 603869 6797 814360 604316 764138 667095 ,696457 191068 25148 673332 603869 6797 814360 604316 764138 667095 
77315 629452 95604 1483 95246 970528 620945 731519 844054 577060 ,77315 629452 95604 1483 95246 970528 620945 731519 844054 577060 
461545 98776 483616 291882 322247 82254 585708 689808 305903 516473 ,461545 98776 483616 291882 322247 82254 585708 689808 305903 516473 
889259 39369 253715 877661 947096 997170 809741 678708 227719 12723 ,889259 39369 253715 877661 947096 997170 809741 678708 227719 12723 
984840 156396 362799 713238 9628 228762 696179 297578 432487 40422 ,984840 156396 362799 713238 9628 228762 696179 297578 432487 40422 
922154 731257 10032 352722 577713 939216 559257 413339 53639 355946 ,922154 731257 10032 352722 577713 939216 559257 413339 53639 355946 
496412 775145 70381 224468 231417 529541 811858 302550 545634 17213 ,496412 775145 70381 224468 231417 529541 811858 302550 545634 17213 
132425 759545 361525 50213 970409 375395 542035 631416 540546 128444 ,132425 759545 361525 50213 970409 375395 542035 631416 540546 128444 
307691 89076 607978 703517 91935 499091 428226 802645 350842 340269 ,307691 89076 607978 703517 91935 499091 428226 802645 350842 340269 
170423 49387 245955 490921 306606 964143 180509 181617 988796 260449 ,170423 49387 245955 490921 306606 964143 180509 181617 988796 260449 
872311 641935 269942 525908 410659 416642 39781 241610 808444 952258 ,872311 641935 269942 525908 410659 416642 39781 241610 808444 952258 
276166 306427 708884 565863 828040 24357 566696 217594 654142 242260 ,276166 306427 708884 565863 828040 24357 566696 217594 654142 242260 
496900 324369 29567 742164 664168 279269 278117 465980 785011 292150 ,496900 324369 29567 742164 664168 279269 278117 465980 785011 292150 
250956 914244 880333 765224 166437 878366 74261 766133 940936 886080 ,250956 914244 880333 765224 166437 878366 74261 766133 940936 886080 
578632 906360 761701 786567 652277 95601 867067 33650 419838 934404 ,578632 906360 761701 786567 652277 95601 867067 33650 419838 934404 
340710 456462 282631 356455 321956 974642 381487 97777 31242 385206 ,340710 456462 282631 356455 321956 974642 381487 97777 31242 385206 
638621 862091 769006 710501 39050 870077 779759 768178 147500 770383 ,638621 862091 769006 710501 39050 870077 779759 768178 147500 770383 
870468 584347 656422 254732 877564 15985 435423 143736 29799 489621 ,870468 584347 656422 254732 877564 15985 435423 143736 29799 489621 
198394 223152 194399 391154 886930 347781 637252 179210 221839 595233 ,198394 223152 194399 391154 886930 347781 637252 179210 221839 595233 
369901 232170 144413 836200 163639 285526 170880 613706 835150 114980 ,369901 232170 144413 836200 163639 285526 170880 613706 835150 114980 
769761 533007 696186 825043 452448 941009 674455 902854 343788 352722 ,769761 533007 696186 825043 452448 941009 674455 902854 343788 352722 
354259 364240 382190 174979 262109 179227 991241 242797 365840 816367 ,354259 364240 382190 174979 262109 179227 991241 242797 365840 816367 
630400 392837 72348 407274 680035 623259 271816 338530 967405 585505 ,630400 392837 72348 407274 680035 623259 271816 338530 967405 585505 
404679 625386 656574 640294 184355 755752 381696 102322 996025 762626 ,404679 625386 656574 640294 184355 755752 381696 102322 996025 762626 
608923 82933 593075 438226 484214 513629 749848 836712 225858 9531 ,608923 82933 593075 438226 484214 513629 749848 836712 225858 9531 
573763 249336 110870 660439 323943 228988 25271 227186 363433 89907 ,573763 249336 110870 660439 323943 228988 25271 227186 363433 89907 
450159 965636 725833 965536 930185 526496 276254 752199 901431 844566 ,450159 965636 725833 965536 930185 526496 276254 752199 901431 844566 
155552 717281 982588 311032 491540 229285 601681 796710 162454 681400 ,155552 717281 982588 311032 491540 229285 601681 796710 162454 681400 
816590 717165 816514 487605 774704 525841 288961 175109 749516 607342 ,816590 717165 816514 487605 774704 525841 288961 175109 749516 607342 
498050 57208 909140 526086 489444 442141 430355 740328 481466 343694 ,498050 57208 909140 526086 489444 442141 430355 740328 481466 343694 
683017 842293 741558 56983 961020 842957 862083 948287 739122 560942 ,683017 842293 741558 56983 961020 842957 862083 948287 739122 560942 
419397 742677 95611 292786 686168 215175 351826 432155 430629 664599 ,419397 742677 95611 292786 686168 215175 351826 432155 430629 664599 
386745 672676 373912 672684 833770 759901 657160 895911 610385 567545 ,386745 672676 373912 672684 833770 759901 657160 895911 610385 567545 
38055 390790 554003 401595 571681 699616 585671 415591 212433 878757 ,38055 390790 554003 401595 571681 699616 585671 415591 212433 878757 
970570 660740 424711 13837 660020 712755 15517 181177 246280 252940 ,970570 660740 424711 13837 660020 712755 15517 181177 246280 252940 
26896 922595 922975 232589 344860 681323 663365 918001 326210 920649 ,26896 922595 922975 232589 344860 681323 663365 918001 326210 920649 
261033 133757 595938 817585 893640 253950 50368 964114 91066 840670 ,261033 133757 595938 817585 893640 253950 50368 964114 91066 840670 
30791 725299 468133 176350 449293 263778 726059 176198 182631 175483 ,30791 725299 468133 176350 449293 263778 726059 176198 182631 175483 
871606 853624 946551 415582 504025 236860 222814 42134 292786 146567 ,871606 853624 946551 415582 504025 236860 222814 42134 292786 146567 
497693 569971 725272 868869 13267 532476 21781 518497 480425 123887 ,497693 569971 725272 868869 13267 532476 21781 518497 480425 123887 
453565 336890 547463 872312 406205 233616 232589 498214 693848 745826 ,453565 336890 547463 872312 406205 233616 232589 498214 693848 745826 
852443 367042 98305 421648 874183 678728 408048 700858 834561 910323 ,852443 367042 98305 421648 874183 678728 408048 700858 834561 910323 
397958 869743 627783 861718 89162 543456 10433 899288 796826 972520 ,397958 869743 627783 861718 89162 543456 10433 899288 796826 972520 
601554 919340 564401 877262 571982 839089 537072 979283 561246 946850 ,601554 919340 564401 877262 571982 839089 537072 979283 561246 946850 
402402 600178 362073 800642 884385 820304 682610 293944 983640 683328 ,402402 600178 362073 800642 884385 820304 682610 293944 983640 683328 
674052 708974 131257 6274 748281 592654 648306 850288 258340 822908 ,674052 708974 131257 6274 748281 592654 648306 850288 258340 822908 
629308 297677 598580 565005 93509 935560 151730 169744 520048 699595 ,629308 297677 598580 565005 93509 935560 151730 169744 520048 699595 
34918 532432 162665 421256 71830 549454 603000 184008 351901 731004 ,34918 532432 162665 421256 71830 549454 603000 184008 351901 731004 
739837 524651 744243 868460 270158 556896 100986 636494 551877 461304 ,739837 524651 744243 868460 270158 556896 100986 636494 551877 461304 
554386 417800 641320 807913 811064 853430 642101 558628 869638 563577 ,554386 417800 641320 807913 811064 853430 642101 558628 869638 563577 
398571 78119 283032 908340 433708 368316 249641 115126 621698 254928 ,398571 78119 283032 908340 433708 368316 249641 115126 621698 254928 
967512 579261 36796 256006 151958 105847 238869 173231 462917 92640 ,967512 579261 36796 256006 151958 105847 238869 173231 462917 92640 
777229 258375 145967 55525 533361 988762 532391 150105 694076 751994 ,777229 258375 145967 55525 533361 988762 532391 150105 694076 751994 
595985 8292 619250 277574 279242 125257 457836 8387 734390 300478 ,595985 8292 619250 277574 279242 125257 457836 8387 734390 300478 
988415 595985 364989 881903 970801 555289 986369 695834 129856 119178 ,988415 595985 364989 881903 970801 555289 986369 695834 129856 119178 
352116 402512 579403 328290 583240 760910 230231 152860 398571 524322 ,352116 402512 579403 328290 583240 760910 230231 152860 398571 524322 
753890 274019 997565 654004 275898 530354 706199 307972 815217 918852 ,753890 274019 997565 654004 275898 530354 706199 307972 815217 918852 
943263 463561 895437 631082 735337 539414 170522 871204 955271 779579 ,943263 463561 895437 631082 735337 539414 170522 871204 955271 779579 
280091 194536 947996 82252 728480 439771 946801 873484 801241 416903 ,280091 194536 947996 82252 728480 439771 946801 873484 801241 416903 
56041 613317 773142 29505 675319 709027 599189 15471 524651 351935 ,56041 613317 773142 29505 675319 709027 599189 15471 524651 351935 
381633 502998 659348 420572 151503 772604 29343 423619 114872 740827 ,381633 502998 659348 420572 151503 772604 29343 423619 114872 740827 
101283 930073 702221 555272 836437 825097 656838 614202 830065 824848 ,101283 930073 702221 555272 836437 825097 656838 614202 830065 824848 
403917 573387 515395 975326 146639 449641 926708 721583 941855 867876 ,403917 573387 515395 975326 146639 449641 926708 721583 941855 867876 
447927 446869 375333 952857 603759 759493 673094 768262 448043 902886 ,447927 446869 375333 952857 603759 759493 673094 768262 448043 902886 
639430 571474 639058 546642 765680 256475 131356 101866 44289 831636 ,639430 571474 639058 546642 765680 256475 131356 101866 44289 831636 
757977 839216 622167 247660 952368 794131 469127 138956 664938 252155 ,757977 839216 622167 247660 952368 794131 469127 138956 664938 252155 
545785 213196 413034 193187 23229 476126 258859 860083 982608 595512 ,545785 213196 413034 193187 23229 476126 258859 860083 982608 595512 
904587 297619 405604 508506 629876 547965 754254 662144 686024 421100 ,904587 297619 405604 508506 629876 547965 754254 662144 686024 421100 
475873 285866 66228 807317 659066 821949 54985 81508 709060 977142 ,475873 285866 66228 807317 659066 821949 54985 81508 709060 977142 
170848 185987 346870 696856 669161 462218 418302 591768 635855 299548 ,170848 185987 346870 696856 669161 462218 418302 591768 635855 299548 
200081 797532 540775 503787 528804 778901 880445 461459 577405 919847 ,200081 797532 540775 503787 528804 778901 880445 461459 577405 919847 
696838 681426 672122 970886 696281 565640 860409 126380 180235 327406 ,696838 681426 672122 970886 696281 565640 860409 126380 180235 327406 
375010 907254 47159 747853 794741 23314 616806 905902 314197 839206 ,375010 907254 47159 747853 794741 23314 616806 905902 314197 839206 
714986 768258 609912 145909 841211 894527 535714 256304 795590 952267 ,714986 768258 609912 145909 841211 894527 535714 256304 795590 952267 
389277 63543 140052 389349 188161 12052 524366 124103 696838 626067 ,389277 63543 140052 389349 188161 12052 524366 124103 696838 626067 
251005 48041 348413 310402 842713 919272 913920 256956 800955 204185 ,251005 48041 348413 310402 842713 919272 913920 256956 800955 204185 
474286 12336 444593 162614 329182 375847 844637 837814 264892 945845 ,474286 12336 444593 162614 329182 375847 844637 837814 264892 945845 
639902 104293 640618 640691 641395 641961 643228 640613 634887 641086 ,639902 104293 640618 640691 641395 641961 643228 640613 634887 641086 
603654 570444 547144 397099 979572 38633 227169 667346 850455 292502 ,603654 570444 547144 397099 979572 38633 227169 667346 850455 292502 
450535 659381 561493 681967 376778 185565 793253 595079 732097 594824 ,450535 659381 561493 681967 376778 185565 793253 595079 732097 594824 
338299 233985 647632 117399 167271 803581 324481 162400 165349 546440 ,338299 233985 647632 117399 167271 803581 324481 162400 165349 546440 
404285 277702 83176 402304 4412 774060 13590 76011 513027 111894 ,404285 277702 83176 402304 4412 774060 13590 76011 513027 111894 
258272 179237 295880 635099 560070 417007 725555 410814 459569 723203 ,258272 179237 295880 635099 560070 417007 725555 410814 459569 723203 
239955 647738 724303 128369 64997 226894 708059 601138 137704 881140 ,239955 647738 724303 128369 64997 226894 708059 601138 137704 881140 
832361 192614 41049 142577 125256 123450 570498 109183 228002 120830 ,832361 192614 41049 142577 125256 123450 570498 109183 228002 120830 
188879 758543 289970 831395 808936 352337 517870 255004 475058 216205 ,188879 758543 289970 831395 808936 352337 517870 255004 475058 216205 
391354 921215 716311 342897 492206 856858 367233 45093 11423 828801 ,391354 921215 716311 342897 492206 856858 367233 45093 11423 828801 
926643 619983 564065 60973 777464 931868 628330 334118 413849 880033 ,926643 619983 564065 60973 777464 931868 628330 334118 413849 880033 
232669 525691 262165 233024 914613 194475 279776 845764 298752 364329 ,232669 525691 262165 233024 914613 194475 279776 845764 298752 364329 
318769 516764 774257 956067 314492 734975 608463 385529 500974 294122 ,318769 516764 774257 956067 314492 734975 608463 385529 500974 294122 
998188 271603 637354 89123 90132 87153 509580 89314 822091 785810 ,998188 271603 637354 89123 90132 87153 509580 89314 822091 785810 
521348 708707 853607 579998 538653 129117 285327 802487 108361 677101 ,521348 708707 853607 579998 538653 129117 285327 802487 108361 677101 
477547 105882 750373 393460 416249 882305 414336 29877 41922 306645 ,477547 105882 750373 393460 416249 882305 414336 29877 41922 306645 
776815 809116 936887 514746 351548 593489 699161 500969 23722 317570 ,776815 809116 936887 514746 351548 593489 699161 500969 23722 317570 
51321 9490 212747 886249 557498 899328 6219 638958 513085 577039 ,51321 9490 212747 886249 557498 899328 6219 638958 513085 577039 
271222 576796 984906 948103 320147 270145 806719 299978 486500 607625 ,271222 576796 984906 948103 320147 270145 806719 299978 486500 607625 
664259 513027 747031 371695 535714 930051 649449 743000 206811 585144 ,664259 513027 747031 371695 535714 930051 649449 743000 206811 585144 
291593 854672 228223 461523 530909 795354 95121 52063 773853 579630 ,291593 854672 228223 461523 530909 795354 95121 52063 773853 579630 
804123 307633 571165 308006 145640 664180 718369 961924 433929 60440 ,804123 307633 571165 308006 145640 664180 718369 961924 433929 60440 
421576 716915 809503 541057 592303 433671 408981 599296 5164 80191 ,421576 716915 809503 541057 592303 433671 408981 599296 5164 80191 
374257 38233 685861 640751 105782 878481 823505 44526 106368 862037 ,374257 38233 685861 640751 105782 878481 823505 44526 106368 862037 
993133 955961 27039 766010 893510 995226 143690 710588 681944 954460 ,993133 955961 27039 766010 893510 995226 143690 710588 681944 954460 
693194 617058 381483 747926 310816 630237 100469 455563 162250 62349 ,693194 617058 381483 747926 310816 630237 100469 455563 162250 62349 
132703 373434 24802 117098 185686 143528 900655 676331 73763 460391 ,132703 373434 24802 117098 185686 143528 900655 676331 73763 460391 
833606 646611 943875 653459 649277 893496 674856 648272 65191 340799 ,833606 646611 943875 653459 649277 893496 674856 648272 65191 340799 
886088 102877 641700 640831 640876 445803 669116 853880 709233 826853 ,886088 102877 641700 640831 640876 445803 669116 853880 709233 826853 
586897 826575 277934 805810 551520 342526 453420 393055 924496 903689 ,586897 826575 277934 805810 551520 342526 453420 393055 924496 903689 
855691 971272 529878 181726 806740 172103 480466 598516 550991 596003 ,855691 971272 529878 181726 806740 172103 480466 598516 550991 596003 
870274 972680 258045 277072 504568 718449 792251 198049 418979 241293 ,870274 972680 258045 277072 504568 718449 792251 198049 418979 241293 
519370 204331 158071 179504 505236 731574 991952 705459 321994 737920 ,519370 204331 158071 179504 505236 731574 991952 705459 321994 737920 
837920 657726 285327 853607 470377 405190 298484 521348 853048 570517 ,837920 657726 285327 853607 470377 405190 298484 521348 853048 570517 
518735 594460 664554 21803 73731 532969 202568 510577 123964 844634 ,518735 594460 664554 21803 73731 532969 202568 510577 123964 844634 
212429 63583 466358 863524 604547 580110 935304 631908 134329 906765 ,212429 63583 466358 863524 604547 580110 935304 631908 134329 906765 
587413 190798 836708 88964 91271 70820 127891 197092 392403 679698 ,587413 190798 836708 88964 91271 70820 127891 197092 392403 679698 
628715 978578 830185 238594 136827 732054 282229 617979 621456 255116 ,628715 978578 830185 238594 136827 732054 282229 617979 621456 255116 
901796 849627 834409 918839 330116 236750 894276 25730 825167 79537 ,901796 849627 834409 918839 330116 236750 894276 25730 825167 79537 
479001 52495 210214 687216 632399 31073 128056 911534 461523 598088 ,479001 52495 210214 687216 632399 31073 128056 911534 461523 598088 
375010 616806 468890 47159 907254 794741 23314 836827 314197 571922 ,375010 616806 468890 47159 907254 794741 23314 836827 314197 571922 
431919 943576 466611 508069 171429 659438 17388 193219 293311 746836 ,431919 943576 466611 508069 171429 659438 17388 193219 293311 746836 
285021 361985 129639 167734 978729 791564 664300 376483 333616 90253 ,285021 361985 129639 167734 978729 791564 664300 376483 333616 90253 
16573 714647 255723 272288 516328 206274 132739 588007 901709 45069 ,16573 714647 255723 272288 516328 206274 132739 588007 901709 45069 
885855 827315 573077 19133 18080 688391 929181 224365 960765 808528 ,885855 827315 573077 19133 18080 688391 929181 224365 960765 808528 
658599 414545 833819 578455 395646 468524 116563 707832 536146 271548 ,658599 414545 833819 578455 395646 468524 116563 707832 536146 271548 
853210 104143 863250 833647 672848 767699 603759 614052 375051 831497 ,853210 104143 863250 833647 672848 767699 603759 614052 375051 831497 
9949 959813 230053 875465 114863 882623 737286 405535 854617 988521 ,9949 959813 230053 875465 114863 882623 737286 405535 854617 988521 
664564 85442 634546 305809 88639 815429 529043 772035 722977 95621 ,664564 85442 634546 305809 88639 815429 529043 772035 722977 95621 
860869 980223 839517 790188 507602 259867 77772 605040 858518 50488 ,860869 980223 839517 790188 507602 259867 77772 605040 858518 50488 
409472 55654 499905 888228 328928 747677 946203 614156 300866 133959 ,409472 55654 499905 888228 328928 747677 946203 614156 300866 133959 
818528 249431 263935 454609 41614 32712 717727 138448 891207 41794 ,818528 249431 263935 454609 41614 32712 717727 138448 891207 41794 
781870 834531 448525 991075 48167 555447 245565 318146 255896 506437 ,781870 834531 448525 991075 48167 555447 245565 318146 255896 506437 
824140 970444 857806 842328 994235 548158 993353 191843 857201 997000 ,824140 970444 857806 842328 994235 548158 993353 191843 857201 997000 
928971 963381 795663 141495 134307 186966 582882 4817 144262 857606 ,928971 963381 795663 141495 134307 186966 582882 4817 144262 857606 
481858 9620 943172 971169 959813 81391 846063 737286 666180 610419 ,481858 9620 943172 971169 959813 81391 846063 737286 666180 610419 
390999 960656 277958 976618 560887 957385 885506 71520 191113 875986 ,390999 960656 277958 976618 560887 957385 885506 71520 191113 875986 
770861 347863 974024 387174 862771 169516 89011 925651 274983 693241 ,770861 347863 974024 387174 862771 169516 89011 925651 274983 693241 
881613 789814 471316 464474 467371 724386 516712 436961 974236 397225 ,881613 789814 471316 464474 467371 724386 516712 436961 974236 397225 
233410 326634 324399 400697 798457 342467 562129 663091 369170 160844 ,233410 326634 324399 400697 798457 342467 562129 663091 369170 160844 
916136 694535 415197 513017 203164 802535 920168 499928 810632 375503 ,916136 694535 415197 513017 203164 802535 920168 499928 810632 375503 
483177 509148 268084 431746 285762 538982 283955 278363 687673 728400 ,483177 509148 268084 431746 285762 538982 283955 278363 687673 728400 
912756 9465 698636 976338 972895 553814 560334 400762 632499 246683 ,912756 9465 698636 976338 972895 553814 560334 400762 632499 246683 
409549 882562 913953 764121 849153 993083 5984 909247 413349 807732 ,409549 882562 913953 764121 849153 993083 5984 909247 413349 807732 
814875 847891 993375 421853 864585 927027 766093 749824 794792 766026 ,814875 847891 993375 421853 864585 927027 766093 749824 794792 766026 
493292 560985 235535 497726 599186 17061 184985 743108 202939 629427 ,493292 560985 235535 497726 599186 17061 184985 743108 202939 629427 
556693 413976 658716 566407 556709 808239 292444 234694 92395 516614 ,556693 413976 658716 566407 556709 808239 292444 92395 516614 860392 
149899 529076 85600 435978 683441 262055 182838 549234 713813 519702 ,149899 529076 85600 435978 683441 262055 182838 549234 713813 519702 
543248 249276 119500 245131 197162 954707 849682 749501 89519 502243 ,543248 249276 119500 245131 197162 954707 849682 749501 89519 502243 
111179 535442 718366 933754 382960 396242 817 331865 713144 867661 ,111179 535442 718366 933754 382960 396242 817 331865 713144 867661 
294294 705887 84091 421253 169353 254220 106711 59582 841387 707345 ,294294 705887 84091 421253 169353 254220 106711 59582 707345 95919 
95326 158326 305222 236929 305866 279415 337940 306005 305151 131334 ,95326 158326 305222 236929 305866 279415 337940 306005 305151 131334 
638475 894762 858733 203857 146346 661664 144484 939978 798978 744870 ,638475 894762 858733 203857 146346 661664 144484 939978 798978 744870 
647814 858103 361196 928471 108331 747998 349766 136232 861267 410383 ,647814 858103 361196 928471 108331 747998 349766 136232 861267 410383 
396136 862810 416653 578139 829988 681022 923591 490209 600859 235881 ,396136 862810 416653 578139 829988 681022 923591 490209 600859 235881 
127517 54149 594343 730775 435858 101322 583501 85843 524665 823757 ,127517 54149 594343 730775 435858 101322 583501 85843 524665 823757 
786018 584050 602969 807061 994433 497382 431723 805122 831863 424696 ,786018 584050 602969 807061 994433 497382 431723 805122 831863 424696 
904536 11181 856182 253313 850682 380717 921158 846288 919022 190526 ,904536 11181 856182 253313 850682 380717 921158 846288 919022 190526 
415380 912290 223321 576408 543282 269314 706850 771660 316395 327203 ,415380 912290 223321 576408 543282 269314 706850 771660 316395 327203 
684474 280731 422928 261442 29963 105578 351738 874029 951859 30325 ,684474 280731 422928 261442 29963 105578 351738 874029 951859 30325 
39038 59582 745301 628189 313338 490227 440803 381081 324114 279105 ,39038 59582 745301 628189 313338 490227 440803 381081 324114 279105 
514097 604671 751245 988386 538875 502805 938642 834312 872143 488612 ,514097 604671 751245 988386 538875 502805 938642 834312 872143 488612 
630815 223488 155697 267822 855890 225442 277090 879840 845818 539754 ,630815 223488 155697 267822 855890 225442 277090 879840 845818 539754 
300757 927200 550573 173192 631678 572105 765610 192666 142169 119244 ,300757 927200 550573 173192 631678 572105 765610 192666 142169 119244 
802478 421870 689208 861218 603800 172207 471681 892485 172751 92009 ,802478 421870 689208 861218 603800 172207 471681 892485 172751 92009 
832279 988969 449125 705160 941006 759823 59248 676340 981164 312854 ,832279 988969 449125 705160 941006 759823 59248 676340 981164 312854 
879324 112133 887766 885837 225878 660254 896623 158049 988275 867743 ,879324 112133 887766 885837 225878 660254 896623 158049 988275 867743 
893090 189770 56336 499542 657976 441766 288329 215179 783250 517293 ,893090 189770 56336 499542 657976 441766 288329 215179 783250 517293 
830205 822407 830191 134782 623293 374609 858952 257540 244233 885472 ,830205 822407 830191 134782 623293 374609 858952 257540 244233 885472 
372285 253488 603107 649585 917973 844498 696808 140908 331446 631567 ,372285 253488 603107 649585 917973 844498 696808 140908 331446 631567 
44860 45370 69193 491438 748181 717016 77375 229399 241987 342979 ,44860 45370 69193 491438 748181 717016 77375 229399 770781 534690 
973191 850201 309197 708828 21979 747888 8828 551670 600758 82232 ,973191 850201 309197 708828 21979 747888 8828 551670 600758 82232 
426007 704654 906778 598590 687561 269753 731984 282735 888920 78650 ,426007 704654 906778 598590 687561 269753 731984 282735 888920 78650 
461958 798564 207900 518334 233297 563626 472085 935731 709357 15145 ,461958 798564 207900 518334 233297 563626 472085 935731 15145 931640 
979038 506402 895246 670285 313299 298617 830679 230161 716368 963036 ,979038 506402 895246 670285 313299 298617 830679 230161 716368 963036 
344756 136625 394819 751337 179532 874771 815769 582700 597463 914890 ,344756 136625 394819 751337 179532 874771 815769 582700 597463 914890 
692615 941383 634271 860467 229453 13345 876876 594033 274470 841576 ,692615 941383 634271 860467 229453 13345 876876 594033 274470 841576 
640494 642650 644025 641264 905471 644632 640394 883055 540799 911734 ,640494 642650 644025 641264 905471 644632 640394 883055 540799 911734 
676266 332184 843086 815144 668655 750349 383576 40285 612319 168074 ,676266 332184 843086 815144 668655 750349 383576 40285 612319 168074 
442897 460617 844553 896746 421349 405443 146510 687983 549077 548257 ,442897 460617 844553 896746 421349 405443 146510 687983 549077 548257 
597988 748806 792807 16718 453337 190342 585193 816101 324358 180032 ,597988 748806 792807 16718 453337 190342 585193 816101 324358 180032 
982705 908998 479128 136168 206742 831337 721524 975184 700086 477205 ,982705 908998 479128 136168 206742 831337 721524 975184 700086 477205 
283049 624869 190878 866923 559332 7525 810864 852176 286149 768830 ,283049 624869 190878 866923 559332 7525 810864 852176 286149 768830 
497156 227431 215564 292942 473011 227293 22269 153659 368734 910843 ,497156 227431 215564 292942 473011 227293 22269 153659 368734 910843 
27621 50081 51074 39241 687808 768205 460060 968618 557044 492226 ,27621 50081 51074 39241 687808 768205 460060 968618 557044 492226 
475350 724573 583998 378695 666419 639756 518657 599237 336911 389095 ,475350 724573 583998 378695 666419 639756 518657 599237 336911 389095 
992676 103992 905194 826677 824733 799392 656699 619263 640877 747605 ,992676 103992 905194 826677 824733 799392 656699 619263 640877 747605 
241863 208798 181324 680464 699679 573037 43493 390355 485305 457896 ,241863 208798 181324 680464 699679 573037 43493 390355 485305 457896 
203713 252043 797839 460254 703382 3013 81934 173040 160500 971901 ,203713 252043 797839 460254 703382 3013 81934 173040 160500 971901 
17248 367972 114350 205659 137060 153386 725957 127390 725106 242548 ,17248 114350 137060 153386 725957 127390 725106 242548 588366 272607 
712536 155662 620571 632500 344244 902367 101598 866862 357676 951565 ,712536 155662 620571 632500 344244 902367 101598 866862 357676 951565 
744851 20786 166234 28162 805897 208461 121372 782589 204235 307823 ,744851 20786 166234 28162 805897 208461 121372 782589 204235 307823 
940722 176511 227932 305210 890856 193193 795249 54862 241302 274731 ,940722 176511 227932 305210 890856 193193 795249 54862 241302 274731 
215659 615244 693903 889056 724527 560164 106836 960684 426750 30234 ,215659 615244 693903 889056 724527 560164 106836 960684 426750 30234 
811265 826831 348831 170026 243637 149450 30330 494630 815395 520726 ,811265 826831 348831 170026 243637 149450 30330 494630 815395 520726 
754852 722420 459446 314657 202230 292369 639250 153672 684145 685219 ,754852 722420 459446 314657 202230 292369 639250 153672 684145 685219 
498247 376049 151598 482821 8648 716505 54415 233419 237788 170462 ,498247 376049 151598 482821 8648 716505 54415 233419 237788 170462 
699674 41922 761698 40393 866884 881976 202141 418697 547642 186992 ,699674 41922 761698 40393 866884 881976 202141 418697 547642 186992 
31269 128572 115436 348831 480475 356448 31300 421733 283557 385299 ,31269 128572 115436 348831 480475 356448 31300 421733 283557 385299 
676874 677306 616262 539564 646586 555616 449673 572159 900170 401184 ,676874 677306 616262 539564 646586 555616 449673 572159 900170 401184 
960684 637671 435383 350632 481820 106836 433627 107069 133217 945323 ,960684 637671 435383 350632 481820 106836 433627 107069 133217 945323 
494877 125001 788683 261805 232848 175609 261728 131438 968397 695895 ,494877 125001 788683 261805 232848 175609 261728 131438 968397 695895 
228163 719365 972946 814759 785124 967066 784821 526379 152107 174996 ,228163 719365 972946 814759 785124 967066 784821 526379 152107 174996 
450119 733832 385504 220918 183646 102423 736417 159717 292445 154938 ,450119 733832 385504 220918 183646 102423 736417 159717 292445 154938 
911944 297470 233529 569539 412517 62247 289224 667432 574274 429657 ,911944 297470 233529 569539 412517 62247 289224 667432 574274 429657 
145930 921494 684685 208196 511367 518930 845070 884437 965191 96307 ,145930 921494 684685 208196 511367 518930 845070 884437 965191 96307 
570203 666400 371686 755711 620858 890818 10041 885193 717688 110763 ,570203 666400 371686 755711 620858 890818 10041 885193 717688 110763 
570389 59870 68720 274545 756978 1717 870725 522218 482383 274754 ,570389 59870 68720 274545 756978 1717 870725 522218 482383 274754 
676324 622006 289629 275700 620379 883963 250397 370790 571871 583022 ,676324 622006 289629 275700 620379 883963 250397 370790 571871 583022 
551748 601071 449282 464831 424819 271437 510330 724555 425327 662670 ,551748 601071 449282 464831 424819 271437 510330 724555 425327 662670 
339416 478922 815404 787505 140272 151445 821923 157735 790753 348831 ,339416 478922 815404 787505 140272 151445 821923 157735 790753 348831 
349083 833563 112544 853363 375782 22268 246377 819236 353671 722730 ,349083 833563 112544 853363 375782 22268 246377 819236 353671 722730 
851619 691012 528746 507243 270839 491845 795986 169791 199929 75553 ,851619 691012 528746 507243 270839 491845 795986 169791 199929 75553 
208242 863258 191001 960661 725448 521870 42219 911175 587547 983781 ,208242 863258 191001 960661 725448 521870 42219 911175 587547 983781 
351465 189435 516048 609990 278635 427362 569332 599802 685504 563918 ,351465 189435 516048 609990 278635 427362 569332 599802 685504 563918 
344277 340778 40220 340153 429565 210850 132083 965705 354054 189435 ,344277 340778 40220 340153 429565 210850 132083 965705 354054 189435 
672377 613031 863366 672282 557539 374214 976200 837581 965106 374371 ,672377 613031 863366 672282 557539 374214 976200 837581 965106 374371 
6823 768341 536442 852022 791407 42567 280462 971646 676279 326784 ,6823 768341 536442 852022 791407 42567 280462 971646 676279 326784 
880852 885543 955782 879861 418507 779495 550366 584387 956074 41693 ,880852 885543 955782 879861 418507 779495 550366 584387 956074 41693 
889146 563484 98863 472085 248194 69611 670707 773314 444943 103958 ,889146 563484 98863 472085 248194 69611 670707 773314 444943 103958 
520623 691297 498214 498713 432823 98813 59901 585008 755295 206031 ,520623 691297 498214 498713 432823 98813 59901 585008 755295 206031 
69629 802313 36125 855576 822323 486157 47384 45414 135226 241606 ,69629 802313 36125 855576 822323 486157 47384 45414 135226 241606 
954873 503569 344635 761632 363453 488438 661723 256362 408910 866395 ,954873 503569 344635 761632 363453 488438 661723 256362 408910 866395 
635559 514088 993807 514061 45777 400623 30382 719257 725913 84967 ,635559 514088 993807 514061 45777 400623 30382 719257 725913 84967 
404866 567091 568322 146550 760066 233303 659743 610862 760158 755419 ,404866 567091 568322 146550 760066 233303 659743 610862 760158 755419 
948452 14966 936911 598020 822662 932755 455039 988411 202328 224117 ,948452 14966 936911 598020 822662 932755 455039 988411 202328 224117 
131699 373462 569475 460421 129191 667193 814188 913214 661723 704376 ,131699 373462 569475 460421 129191 667193 814188 913214 661723 704376 
110822 463447 450578 979451 543691 679200 989417 563633 28361 944642 ,110822 463447 450578 979451 543691 679200 989417 563633 28361 944642 
970550 970731 563061 820815 533003 65662 631400 664902 854942 963060 ,970550 970731 563061 820815 533003 65662 631400 664902 854942 963060 
103655 562283 682001 245398 286903 547328 802113 131768 162471 277790 ,103655 562283 682001 245398 286903 547328 802113 131768 162471 277790 
818151 453968 328512 995948 725612 612599 952962 693083 31766 393295 ,818151 453968 328512 995948 725612 612599 952962 693083 31766 393295 
662337 787505 470717 436828 84603 517479 806087 194887 522195 532542 ,662337 787505 470717 436828 84603 517479 806087 194887 522195 532542 
865171 447084 759057 768046 447374 666752 768035 541511 890741 667095 ,865171 447084 759057 768046 447374 666752 768035 541511 890741 667095 
228050 880232 968139 372833 974469 798642 917280 112402 877216 804256 ,228050 880232 968139 372833 974469 798642 917280 112402 877216 804256 
425492 284405 487840 22985 871035 570862 316192 99766 583752 257062 ,425492 284405 487840 22985 871035 570862 316192 99766 583752 257062 
147764 679451 807720 734619 919255 713081 873501 14966 622138 678478 ,147764 679451 807720 734619 919255 713081 873501 14966 622138 678478 
62955 174799 635588 449542 504974 168959 238663 327079 37122 171373 ,62955 174799 635588 449542 504974 168959 238663 327079 37122 171373 
430681 528509 660995 748630 955897 79810 720793 516434 968321 690922 ,430681 528509 660995 748630 955897 79810 720793 516434 968321 690922 
9939 862665 249337 269743 573994 24053 907724 718398 265247 309759 ,9939 862665 249337 269743 573994 24053 907724 718398 265247 309759 
604160 648299 714968 761821 675092 755833 424646 567206 674839 717841 ,604160 648299 714968 761821 675092 755833 424646 567206 674839 717841 
100160 492510 660838 821140 379230 491624 193580 562668 41816 534168 ,100160 492510 660838 821140 379230 491624 193580 562668 41816 534168 
52723 705563 220199 295082 270080 128551 9490 247965 260196 850304 ,52723 705563 220199 295082 270080 128551 9490 247965 260196 850304 
638952 905510 795523 894339 993131 716734 546314 412122 785705 107596 ,638952 905510 795523 894339 993131 716734 546314 412122 785705 107596 
69208 337670 823808 650540 645747 369055 860239 673373 809530 284071 ,69208 337670 823808 650540 645747 369055 860239 673373 809530 284071 
833022 673332 443415 217498 890741 862208 545714 539313 848660 190705 ,833022 673332 443415 217498 890741 862208 545714 539313 848660 190705 
230917 628666 288126 579403 180349 383077 106352 22562 393301 382360 ,230917 628666 288126 579403 180349 383077 106352 22562 393301 382360 
804660 845724 693988 245450 500643 2140 2995 708810 754533 635685 ,804660 845724 693988 245450 500643 2140 2995 708810 754533 635685 
931755 857602 541983 377866 578433 843627 917702 684238 398493 931973 ,931755 857602 541983 377866 578433 843627 917702 684238 398493 931973 
490956 181641 141942 272672 929695 842395 665447 248825 222442 929664 ,490956 181641 141942 272672 929695 842395 665447 248825 222442 929664 
453777 168569 458735 427308 458729 805762 427533 209222 345484 294547 ,453777 168569 458735 427308 458729 805762 427533 209222 345484 294547 
303694 468454 876838 804948 528023 21663 178308 147321 536591 514063 ,303694 468454 876838 804948 528023 21663 178308 147321 536591 514063 
569480 733136 261765 469274 170267 188369 603357 662646 668862 496648 ,569480 733136 261765 469274 170267 188369 603357 662646 668862 496648 
850779 333314 315986 609315 329736 591547 7440 356297 638605 475909 ,850779 333314 315986 609315 329736 591547 7440 356297 638605 475909 
414970 744524 767809 405480 489175 829241 399424 795313 304210 512196 ,414970 744524 767809 405480 489175 829241 399424 795313 304210 512196 
242064 113255 360154 219324 172800 36515 431675 240062 142274 737842 ,242064 113255 360154 219324 172800 36515 431675 240062 142274 737842 
496898 192631 68720 607342 246579 321821 693102 83184 716568 482383 ,496898 192631 68720 607342 246579 321821 693102 83184 482383 364161 
244130 577063 165241 10388 276884 828402 394160 519702 938567 135454 ,244130 577063 165241 10388 276884 828402 394160 519702 938567 135454 
550209 527728 587491 916117 688037 926528 276167 208520 987597 46015 ,550209 527728 587491 916117 688037 926528 276167 208520 987597 46015 
84967 560301 451914 542827 637571 719257 366120 703379 45777 448740 ,84967 560301 451914 542827 637571 719257 366120 703379 45777 448740 
132859 655021 646885 655710 604353 757570 820766 713982 449929 571508 ,132859 655021 646885 655710 604353 757570 820766 713982 449929 571508 
399425 60320 421294 475515 232380 49875 406249 260866 705563 494720 ,399425 60320 421294 475515 232380 49875 406249 260866 705563 494720 
597473 116311 8831 591909 377687 358022 435622 767277 407077 713008 ,597473 116311 8831 591909 377687 358022 435622 767277 407077 713008 
933576 92139 819280 914228 2584 938907 952654 961597 907907 933172 ,933576 92139 819280 914228 2584 938907 952654 961597 907907 933172 
744524 795313 174539 106097 934861 910225 81115 469908 703986 600332 ,744524 795313 174539 106097 934861 910225 81115 469908 703986 600332 
734998 429319 932301 106691 22080 29631 204950 269228 529033 655330 ,734998 429319 932301 106691 22080 29631 269228 204950 529033 655330 
996758 896710 447556 8615 907972 379746 37826 474637 835226 669376 ,996758 896710 447556 8615 907972 379746 37826 474637 835226 669376 
8243 169375 272582 105049 879502 991940 610558 435361 103569 219060 ,8243 169375 272582 105049 879502 991940 610558 435361 103569 219060 
934749 279733 223567 761522 960697 292380 662776 685600 429116 279228 ,934749 279733 223567 761522 960697 292380 662776 685600 429116 279228 
529766 356642 29793 898929 744986 288256 298067 350780 216446 691349 ,529766 356642 29793 898929 744986 288256 298067 350780 216446 691349 
939765 228333 313469 671247 722267 424778 200515 944020 14111 184756 ,939765 228333 313469 671247 722267 424778 200515 944020 14111 184756 
349738 684294 216729 336675 388125 197447 906303 366275 450185 121896 ,349738 684294 216729 336675 388125 197447 906303 366275 450185 121896 
546107 702171 582672 334471 315751 996158 801596 770124 792064 891331 ,546107 702171 582672 334471 315751 996158 801596 770124 792064 891331 
873287 157388 168448 133722 199451 307425 472554 284477 87766 965365 ,873287 157388 168448 133722 199451 307425 472554 284477 87766 965365 
410943 773999 411280 5400 448151 44199 246972 901262 964038 911434 ,410943 773999 411280 5400 448151 44199 246972 901262 964038 911434 
927781 191708 420760 251391 839214 651751 665116 928840 146942 314218 ,927781 191708 420760 251391 839214 651751 665116 928840 146942 314218 
596843 196958 244605 401652 73794 803477 271156 7353 924909 114379 ,596843 196958 244605 401652 73794 803477 271156 7353 924909 114379 
953326 905813 210561 554602 188219 982861 337828 443655 776964 586619 ,953326 905813 210561 554602 188219 982861 337828 443655 776964 586619 
870424 439269 839429 453337 842386 544040 774452 785208 920051 61022 ,870424 439269 839429 453337 842386 544040 774452 785208 920051 61022 
367213 122346 849035 950672 488761 336036 988341 798557 429319 979539 ,367213 122346 849035 950672 336036 988341 798557 429319 979539 69131 
189643 633554 167904 623222 554003 187959 735547 706860 762628 921869 ,189643 633554 167904 623222 554003 187959 735547 706860 762628 921869 
586717 573324 140914 724936 104383 8828 243825 207418 554827 982624 ,586717 573324 140914 724936 104383 243825 207418 554827 982624 840202 
975634 666136 298183 927951 115016 549342 508439 248700 254148 404584 ,975634 666136 298183 927951 115016 549342 508439 248700 254148 404584 
755068 85841 940267 861895 219060 272582 124809 549742 179929 201904 ,755068 85841 940267 861895 219060 272582 124809 549742 179929 201904 
266203 506576 425186 371935 664989 801663 941212 101081 688654 393295 ,266203 506576 425186 371935 664989 801663 941212 101081 688654 393295 
650641 462381 905494 656659 464984 874493 187258 738947 343865 66598 ,650641 462381 905494 656659 464984 874493 187258 738947 343865 66598 
293440 346295 499868 639494 744932 509932 716420 90928 709732 553846 ,293440 346295 499868 639494 744932 509932 716420 90928 709732 553846 
971646 841181 837951 940256 234387 305419 472707 517106 451306 689304 ,971646 841181 837951 940256 234387 305419 472707 517106 451306 689304 
621946 399694 482772 821529 396027 391583 176055 176508 83691 105128 ,621946 399694 482772 821529 396027 391583 176055 176508 83691 105128 
808936 672377 827359 453148 570943 824583 256170 602011 672282 892583 ,808936 672377 827359 453148 570943 824583 256170 602011 672282 892583 
105066 525373 82502 86980 87905 406521 615081 685353 182139 130069 ,105066 525373 82502 86980 87905 406521 615081 685353 182139 130069 
756353 444110 889078 742821 812991 609703 647635 788492 785078 716008 ,756353 444110 889078 742821 812991 609703 647635 788492 785078 716008 
569424 270014 128747 509874 943166 24224 269559 710133 907165 10388 ,569424 270014 128747 509874 943166 24224 269559 710133 907165 10388 
469407 568235 328588 857169 759551 137980 589410 38322 977908 374202 ,469407 568235 328588 857169 759551 137980 589410 38322 977908 374202 
288703 65037 117566 88963 688073 771332 759993 916559 769275 285116 ,288703 65037 117566 88963 688073 771332 759993 916559 769275 285116 
645382 136167 108493 625305 25057 335266 213301 182689 180926 324330 ,645382 136167 108493 625305 25057 335266 213301 182689 180926 324330 
177581 130069 420731 107882 730314 132616 748222 431026 547305 259902 ,177581 130069 420731 107882 730314 132616 748222 431026 547305 259902 
919931 176665 597579 82718 862059 526255 91906 304992 246579 81708 ,919931 176665 597579 82718 862059 526255 91906 304992 246579 81708 
219981 255511 758534 132830 247748 757144 838330 1321 755650 143212 ,219981 255511 758534 132830 247748 757144 838330 1321 755650 143212 
200146 668778 535432 833311 612051 7405 824960 962899 606607 680013 ,200146 668778 535432 833311 612051 7405 824960 962899 606607 680013 
824806 808922 237979 646573 309103 942182 933684 961520 192019 146342 ,824806 808922 237979 646573 309103 942182 933684 961520 192019 146342 
810411 375889 58917 476976 68812 597340 459803 299634 555955 605334 ,810411 375889 58917 476976 68812 597340 459803 299634 555955 605334 
684316 859311 431455 201759 662725 229371 139380 44759 59393 977336 ,684316 859311 431455 201759 662725 229371 139380 44759 59393 977336 
320756 176109 204749 847266 294309 800215 499976 312212 872311 807885 ,320756 176109 204749 847266 294309 800215 499976 312212 872311 807885 
846719 820077 675888 974434 829131 766254 220322 613178 666683 143226 ,846719 820077 675888 974434 829131 766254 220322 613178 666683 143226 
157780 238466 46914 646131 543231 541366 476471 546905 472944 558729 ,157780 238466 46914 646131 543231 541366 476471 546905 472944 558729 
266249 169941 112013 297814 712834 315118 200166 173865 171118 484776 ,266249 169941 112013 297814 712834 315118 200166 173865 171118 484776 
92521 397020 630405 933921 371730 193971 457332 786685 507565 396416 ,92521 397020 630405 933921 371730 193971 457332 786685 507565 396416 
755650 793353 365093 444249 1321 943411 462607 837899 806487 389093 ,755650 793353 365093 444249 1321 943411 462607 837899 806487 389093 
924911 500137 723790 751016 862059 5652 446173 262750 258367 713981 ,924911 500137 723790 751016 862059 5652 446173 262750 258367 713981 
855471 706645 937301 444706 474503 561160 855576 205500 885653 881365 ,855471 706645 937301 444706 474503 561160 855576 205500 885653 881365 
248521 754822 412161 255381 57557 897196 770095 537349 637595 446895 ,248521 754822 412161 255381 57557 897196 770095 537349 637595 446895 
914601 847913 814471 907812 820584 770725 6163 560212 762262 795857 ,914601 847913 814471 907812 820584 770725 6163 560212 762262 795857 
292380 350899 619039 140388 647071 448506 39601 373483 412003 628514 ,292380 350899 619039 140388 647071 448506 39601 373483 412003 628514 
333314 22991 771903 174447 832870 10941 291470 456011 984528 297636 ,333314 22991 771903 174447 832870 10941 291470 456011 984528 297636 
98761 940873 779080 647547 574922 647580 979505 647884 173730 985399 ,98761 940873 779080 647547 574922 647580 979505 647884 173730 985399 
126160 843460 240622 899721 472085 608806 379934 888828 703414 199811 ,126160 843460 240622 899721 472085 608806 379934 888828 703414 199811 
794173 123249 728923 813388 381995 46077 684950 714804 178308 273120 ,794173 123249 728923 813388 381995 46077 684950 714804 178308 273120 
886165 179101 223155 443923 341798 527364 436336 218170 251037 648127 ,886165 179101 223155 443923 341798 527364 436336 218170 251037 648127 
904013 699290 666561 65145 82309 279093 432739 206396 968748 143455 ,904013 699290 666561 65145 82309 279093 432739 206396 968748 143455 
283251 383642 689953 511833 234219 891142 24013 448594 80634 337670 ,283251 383642 689953 511833 234219 891142 24013 448594 80634 337670 
87978 421917 436170 449282 337159 604294 995561 40822 684145 73600 ,87978 421917 436170 449282 337159 604294 995561 40822 684145 73600 
668233 562146 42404 777641 187084 916014 360252 160170 420824 255040 ,668233 562146 42404 777641 187084 916014 360252 160170 420824 255040 
680013 995188 910904 854414 216190 855017 716732 910871 766481 885826 ,680013 995188 910904 854414 216190 855017 716732 910871 766481 885826 
337459 352836 69150 196707 115256 2894 293455 468727 727093 261483 ,337459 352836 69150 196707 115256 2894 293455 468727 727093 261483 
898252 470518 378266 797480 409873 135938 951793 410895 366039 674438 ,898252 470518 378266 797480 409873 135938 951793 410895 366039 674438 
977299 15733 200043 620350 919574 268705 470857 771167 967728 565575 ,977299 15733 200043 620350 919574 268705 470857 771167 967728 565575 
366525 788684 190365 369187 512360 250661 576571 122519 352607 66508 ,366525 788684 190365 369187 512360 250661 576571 122519 352607 66508 
219800 748324 214551 298455 833205 142274 530838 903235 261574 153012 ,219800 748324 214551 298455 833205 142274 530838 903235 261574 153012 
756381 749555 913664 991564 962519 946743 973108 621952 621746 961499 ,756381 749555 913664 991564 962519 946743 973108 621952 621746 961499 
438236 573704 535728 169731 176251 171339 270647 22982 748470 184834 ,438236 573704 535728 169731 176251 171339 270647 22982 748470 184834 
196707 981016 105067 980835 322643 192596 510275 711792 275577 206826 ,196707 981016 105067 980835 322643 192596 510275 711792 275577 206826 
480027 413546 463501 637057 226517 41065 91806 891586 126464 625435 ,480027 413546 463501 637057 226517 41065 91806 891586 126464 625435 
674684 402234 131768 265741 967200 572983 694387 141924 200043 772754 ,674684 402234 131768 265741 967200 572983 694387 141924 200043 772754 
98921 929969 756256 98912 662067 837726 459724 749534 924816 793005 ,98921 929969 756256 98912 662067 837726 459724 749534 924816 793005 
185390 739385 303369 107660 976247 746258 126298 902064 806048 703787 ,185390 739385 303369 107660 976247 746258 126298 902064 806048 703787 
30234 515709 280783 232473 425576 211279 525240 567859 305628 814679 ,30234 515709 280783 232473 425576 211279 525240 567859 305628 814679 
647625 318370 233854 900843 701905 860877 377394 608806 481107 992092 ,647625 318370 233854 900843 701905 860877 377394 608806 481107 992092 
947388 407693 67992 739430 308661 635339 411591 344145 490925 71220 ,947388 407693 67992 739430 308661 635339 411591 344145 490925 71220 
543802 939814 546698 434472 783941 546395 333008 967548 317224 493254 ,543802 939814 546698 434472 783941 546395 333008 967548 317224 493254 
151214 982416 124453 107465 82812 131101 815318 521855 815262 522276 ,151214 982416 124453 107465 82812 131101 815318 521855 815262 522276 
135389 695856 812437 630951 32945 848691 259931 283640 988463 571716 ,135389 695856 812437 630951 32945 848691 259931 283640 988463 571716 
277264 165738 186780 390808 349197 378462 870505 779694 780833 668610 ,277264 165738 186780 390808 349197 378462 870505 779694 780833 668610 
637970 850810 241466 561896 791598 236946 814182 517213 164834 54041 ,637970 850810 241466 561896 791598 236946 814182 517213 164834 54041 
761735 594397 973195 995474 759804 681445 328204 612211 384165 855624 ,761735 594397 973195 995474 759804 681445 328204 612211 384165 855624 
911530 293631 982708 923994 81735 868842 380584 110975 191248 862259 ,911530 293631 982708 923994 81735 868842 380584 110975 191248 862259 
385779 608153 352269 176071 524454 407462 682176 792978 595934 793508 ,385779 608153 352269 176071 524454 407462 792978 595934 793508 694857 
367417 510911 310293 320145 821019 327263 485778 799955 862433 714838 ,510911 310293 320145 821019 327263 485778 799955 862433 714838 756654 
414594 453656 332815 943451 870952 384456 461645 592316 415095 391291 ,414594 453656 332815 943451 870952 384456 461645 592316 415095 391291 
3909 996237 266972 798203 681628 254004 291274 414119 185241 232480 ,3909 996237 266972 798203 681628 254004 291274 414119 185241 232480 
599016 963515 134825 778081 87223 549015 64853 691442 32522 686438 ,599016 963515 134825 778081 87223 549015 64853 691442 32522 686438 
849653 894693 406391 212244 292365 41400 976769 529090 489641 961401 ,849653 894693 406391 212244 292365 41400 976769 529090 489641 961401 
237258 560850 842235 129447 862259 402814 44481 95546 515474 208348 ,237258 560850 842235 129447 862259 402814 44481 95546 515474 208348 
886063 559974 427118 485496 422546 4701 227695 343235 30080 51344 ,886063 559974 427118 485496 422546 4701 227695 343235 30080 51344 
259144 833833 258176 159102 659620 713849 641015 904198 900881 542434 ,259144 833833 258176 159102 659620 713849 641015 904198 900881 542434 
393893 508802 819510 75435 3343 13570 362367 735260 705862 271179 ,393893 508802 819510 75435 3343 13570 362367 735260 705862 271179 
279260 782408 281690 654266 24156 608924 304643 854469 298124 584580 ,279260 782408 281690 654266 24156 608924 304643 854469 298124 584580 
942767 749993 16925 462397 314391 172778 803253 624962 879801 271999 ,942767 749993 16925 462397 314391 172778 624962 879801 271999 12781 
153452 517078 486703 457261 543802 396473 185668 310162 150850 951443 ,153452 517078 486703 457261 543802 396473 185668 310162 150850 951443 
900313 435995 67744 931778 168617 272330 513709 887501 223533 60426 ,900313 435995 67744 931778 168617 272330 513709 887501 223533 60426 
581679 705457 664548 987990 671230 644929 714557 834552 761610 165005 ,581679 705457 664548 987990 671230 644929 714557 834552 761610 165005 
68887 958136 95556 95468 844073 855719 81954 834487 401211 855965 ,68887 958136 95556 95468 844073 855719 81954 834487 401211 855965 
410095 338228 685028 822042 96834 258368 337605 875893 96388 81533 ,410095 338228 685028 822042 96834 258368 337605 875893 96388 81533 
308814 354109 480576 633118 545428 456017 690845 423673 176004 529242 ,308814 354109 480576 633118 545428 456017 690845 423673 176004 402576 
935837 694357 701168 802696 789978 368811 528318 967548 675849 486125 ,935837 694357 701168 802696 789978 368811 528318 967548 675849 486125 
618238 278102 376887 868111 258418 678258 43447 962498 982407 299113 ,618238 278102 376887 868111 258418 678258 43447 962498 982407 299113 
