GT,Result
644026 83127 132728 352552 663655 489072 661922 39778 112384 444523 ,132728 352552 661922 112384 444523 215517 79037 899872 203413 216527 
874415 120835 666371 556925 287300 939317 480276 478122 593283 732236 ,667130 950907 259387 201900 249344 623120 299052 140887 345498 666187 
636826 406319 120232 423269 960049 415989 638046 159472 496862 191289 ,960049 415989 496862 559142 571469 40771 468938 123115 767979 861859 
80033 291221 280460 310413 429407 363475 75460 363484 516877 79037 ,80033 291221 310413 363475 75460 363484 79037 227313 279580 256081 
502280 881142 142907 837849 842359 261168 684378 845676 820034 459469 ,502280 881142 261168 684378 820034 459469 538859 317 879764 670738 
311276 886315 869750 383288 50092 781775 148683 164834 972667 51468 ,311276 886315 869750 50092 148683 164834 102573 675615 599286 753547 
235086 953333 646071 627331 620838 961509 878366 148897 263531 969877 ,235086 646071 627331 620838 961509 878366 148897 551047 730020 751145 
345682 766707 834274 970695 567312 971519 768724 990038 314376 12808 ,766707 834274 404679 978145 317659 710588 444519 123775 594357 212298 
27422 75100 364646 203944 134435 413771 125501 731663 461557 944442 ,203944 134435 413771 461557 160034 114855 468257 806995 730968 33145 
537122 768245 255858 530441 269798 64409 107001 529649 141887 961206 ,537122 255858 530441 141887 961206 106910 140751 13672 594628 230249 
383228 880392 173540 453661 727512 183913 736094 425516 606104 195226 ,383228 839509 878366 448958 471923 18077 725282 850541 720604 904198 
448591 660215 249235 53630 641700 864662 661969 968018 682287 346407 ,448591 660215 249235 641700 864662 661969 968018 682287 346407 171883 
416591 475851 334610 759318 870441 577419 373887 410477 633567 767641 ,373887 410477 633567 767641 57748 758456 934196 944156 768040 151978 
125756 144361 272047 481945 840647 276676 822974 619290 981295 340517 ,125756 272047 840647 981295 256236 504736 360250 512240 618697 435864 
883468 357233 971846 436138 35763 753488 353287 172929 33031 987397 ,353287 739001 984957 938173 314865 784304 508252 786630 932187 627869 
984350 99964 904198 902887 304253 633567 758456 370648 410477 826751 ,758456 801454 886607 768040 252434 934196 692425 764262 665606 259042 
150164 175251 999817 40792 859510 321799 291114 740909 900457 40333 ,150164 175251 40792 859510 321799 291114 740909 900457 40333 679576 
551047 144010 949526 295635 626257 619478 111560 739990 726094 252919 ,551047 626257 619478 111560 739990 726094 252919 317832 627331 148897 
763615 83184 294042 423522 545667 453540 488285 307160 278762 453351 ,83184 294042 423522 545667 488285 307160 278762 453351 102099 246853 
835002 208284 722327 725972 664548 745538 539982 413436 539877 763171 ,208284 722327 664548 539982 763171 310163 890851 192359 60768 688539 
725380 725282 473669 899197 895868 150164 652079 974279 879734 783183 ,725380 725282 158146 399562 529649 619505 880000 154234 871337 996494 
238407 177405 823247 335228 170361 662181 574136 135108 953134 790681 ,238407 177405 335228 662181 574136 790681 777874 61204 844899 263778 
941602 400653 27057 721060 831622 384087 638243 1850 286390 838189 ,941602 27057 721060 831622 384087 638243 1850 286390 838189 834013 
93584 67708 188090 726655 660215 721464 392523 801556 851064 260218 ,93584 67708 726655 88343 72940 81851 616923 318218 365057 69274 
69384 121977 790266 315762 55661 107452 552600 350848 364706 868123 ,790266 315762 107452 350848 518913 338992 128438 390035 42841 495229 
679543 301302 285958 92479 668338 221079 678039 434404 91186 618178 ,92479 668338 221079 678039 434404 725299 511354 699585 497032 519637 
637382 688100 844220 165832 797395 909781 228470 172104 273762 515487 ,637382 165832 797395 228470 172104 273762 863433 814661 874100 867032 
681566 268429 229285 755723 33281 362300 779572 32914 772752 624274 ,681566 268429 229285 755723 33281 779572 32914 811289 993479 657711 
65141 1298 29259 14700 292903 408210 468045 429485 941458 437003 ,1298 468045 1256 384232 66885 474776 946551 516392 506447 98143 
21066 2363 848988 604786 903676 302270 438187 449392 973848 958196 ,2363 438187 416115 759887 680653 353306 160915 286196 487485 752678 
557604 991114 764540 718738 839583 992756 979857 604129 443157 765158 ,557604 991114 718738 839583 979857 604129 443157 765158 920349 863078 
133716 347592 790617 890987 837745 246972 250852 796107 869371 611267 ,347592 890987 837745 246972 796107 869371 756769 447339 447210 445852 
242904 73114 372145 783306 580255 214022 134102 432124 62856 182764 ,242904 372145 214022 432124 62856 968435 731637 680811 371116 246499 
889785 880279 666231 143033 852393 552206 644852 871579 868165 728561 ,889785 880279 143033 552206 644852 868165 866698 895578 627146 865501 
666231 550590 462426 871579 880557 955782 508905 880279 215541 400968 ,666231 550590 462426 955782 508905 930644 631251 623760 143033 171210 
375651 861686 231798 155875 27627 954039 568567 624175 674059 481209 ,861686 231798 155875 27627 954039 624175 831552 452553 484524 755368 
194842 841377 160995 341292 630941 506533 81774 224117 690542 110671 ,3013 624025 399250 991554 924324 399284 169650 259755 793759 345471 
472726 738030 929392 676273 317520 189463 187388 102622 677361 647889 ,472726 189463 102622 912444 406182 607805 452203 721443 924196 112764 
13246 275850 154455 716109 367503 275514 797503 310934 731325 214990 ,13246 275850 716109 367503 797503 731325 214990 20294 796988 182188 
351708 844852 499538 515549 341506 6683 604877 763533 423043 30006 ,499538 515549 341506 6683 604877 763533 151537 547550 860101 698943 
819940 733435 17078 187727 9928 970326 563741 929419 431643 493099 ,819940 17078 187727 9928 970326 563741 929419 431643 493099 975992 
27065 578669 40956 685759 874821 543282 149420 126236 472112 316763 ,27065 578669 40956 685759 543282 149420 126236 316763 311048 55128 
764381 640780 52776 541365 866795 157898 125546 211492 361911 637459 ,764381 640780 52776 541365 866795 361911 637459 113046 20294 361087 
866795 569884 951126 730667 637090 145999 664604 113046 55458 284846 ,569884 951126 730667 637090 145999 664604 113046 55458 630938 210238 
517997 331921 720950 525421 839680 142000 6838 410582 83996 830857 ,517997 720950 525421 839680 142000 410582 83996 830857 697814 321875 
639716 501981 806139 495281 351119 111713 163910 668862 525421 697898 ,501981 806139 495281 351119 111713 163910 668862 525421 697898 524788 
615812 434962 118163 528533 342612 30466 728004 352659 973364 679310 ,434962 118163 528533 342612 973364 406901 716810 263008 724693 279349 
267689 435059 461175 15849 564323 710129 595702 531690 31515 663973 ,267689 15849 564323 595702 31515 692737 915444 762962 813225 701144 
833462 55854 89525 306384 90606 873847 518085 545433 82718 68381 ,55854 89525 306384 545433 68381 46908 408886 305772 499273 998798 
528533 434962 151286 263008 719181 283022 234918 514088 679310 276770 ,528533 434962 151286 263008 719181 283022 234918 276770 118163 6683 
624869 259567 717472 863514 454011 496132 977528 629510 143056 855579 ,717472 863514 454011 496132 629510 855579 419011 540698 241903 472112 
911173 29793 291535 203872 216595 310172 53855 780305 47228 972123 ,911173 216595 310172 591228 584515 211136 742821 324330 309711 878187 
610558 711136 710957 993509 727721 366735 710408 777919 674208 434234 ,47379 701352 953582 938563 827559 756368 716013 26444 904789 310172 
996941 833886 396916 517548 226852 519702 27400 796991 418618 153012 ,996941 833886 396916 517548 27400 796991 418618 153012 92267 512185 
352269 692720 178174 491845 947244 67144 246326 314451 600309 225305 ,352269 692720 178174 491845 67144 246326 314451 600309 225305 182929 
42521 377876 546942 731949 571160 419850 106806 633554 795304 912388 ,42521 377876 546942 731949 571160 912388 753873 808293 541593 94252 
466291 35019 677494 370396 73733 203175 836434 480781 10697 66641 ,35019 370396 203175 480781 66641 563484 840265 177395 956227 10601 
570279 452338 174203 41360 212165 687983 86294 10437 497135 455815 ,452338 174203 41360 86294 10437 497135 455815 346901 83959 478162 
935778 625943 987668 562035 964646 218944 181679 92715 984404 216193 ,987668 562035 964646 218944 181679 92715 984404 216193 806048 225321 
747472 190806 897397 969333 971224 837093 810728 113269 823785 813339 ,190806 969333 971224 837093 810728 113269 823785 559501 672613 896510 
101510 178865 364674 263790 513061 612066 433970 834373 230197 178149 ,364674 263790 612066 433970 421421 551806 1321 232319 813387 499724 
695043 104943 107367 272964 595459 232811 822732 266810 987100 88330 ,104943 595459 822732 987100 88330 607026 111 265318 106742 504571 
970328 683014 738547 671115 533039 744242 401470 621606 811984 696214 ,970328 738547 671115 533039 744242 401470 621606 811984 593562 582819 
83861 488583 303171 497600 528442 497135 248125 731294 747597 487962 ,488583 303171 497600 497135 248125 747597 596479 701607 107087 863993 
233497 929985 33895 499645 237971 701834 1321 342979 66938 791690 ,499645 237971 701834 1321 103912 334262 825320 110870 23897 110407 
868050 12759 450957 819712 298066 837790 130611 45734 226060 271183 ,12759 819712 837790 130611 271183 428 941212 841551 550678 244253 
927893 420152 116173 485024 357349 256352 234139 918398 963047 965384 ,234139 918398 963047 774621 681302 389477 460272 90367 824922 185906 
730500 493523 988149 868841 15691 681893 570001 393990 553956 189987 ,988149 15691 681893 393990 189987 923 183886 44223 273289 664356 
448856 465995 121624 275416 861458 520033 480129 279225 568976 254102 ,448856 121624 275416 480129 568976 254102 323417 434595 95981 230410 
225207 774806 165435 180682 696424 515315 124932 596576 611947 266895 ,774806 515315 596576 611947 266895 258049 30880 64377 569559 88085 
127464 256082 278669 977304 480422 723500 807157 422983 228357 815131 ,127464 278669 723500 807157 422983 815131 227834 467095 363371 156333 
747408 957385 781410 876511 249064 678724 869865 677879 69992 947257 ,747408 957385 781410 876511 678724 869865 677879 69992 845177 961020 
763189 190844 566916 906900 714994 991759 974421 40916 907085 900987 ,566916 714994 974421 900987 41327 994199 795877 453308 667063 186553 
97361 688808 36695 559944 741666 729689 284007 639554 56012 108427 ,97361 688808 559944 741666 639554 108427 128802 387044 399455 38923 
80093 351108 466326 83591 303018 264201 146597 770753 448885 603382 ,80093 351108 83591 146597 770753 448885 603382 353935 99516 675697 
811613 982543 217057 922283 849310 662500 544312 972904 36431 848699 ,982543 217057 662500 36431 824480 597128 487290 42533 74242 768258 
643948 789029 900987 638716 537181 901561 450001 567949 190844 675304 ,643948 789029 900987 638716 537181 901561 450001 567949 190844 994199 
466316 97419 201742 357159 240564 512176 388738 309314 5170 702843 ,97419 388738 702843 679509 250096 68755 120067 96110 74197 795292 
44218 464527 977396 92071 691453 447960 264892 224023 936353 474161 ,264892 224023 45559 830300 489180 982936 10445 464523 678980 509228 
479901 753974 52161 537380 617776 454280 807913 987689 723973 499188 ,479901 753974 52161 537380 617776 454280 807913 987689 499188 145535 
496172 331048 12580 907670 415346 476177 156615 94039 476999 86322 ,331048 415346 476177 156615 476999 86322 53315 419073 910711 638769 
293717 277726 272238 33730 254851 526847 174369 27625 399459 944642 ,293717 277726 272238 33730 254851 27625 140345 942660 949669 347700 
807731 86746 143650 465562 204019 905833 91088 567372 848186 303053 ,86746 465562 91088 123970 186150 59820 358513 104383 608446 648428 
523287 790600 701620 853757 781601 36379 943737 526883 649608 982121 ,36379 913932 460388 552377 200735 8962 15260 126521 80819 807485 
170929 546238 900027 864584 802963 946526 939226 581098 455334 2751 ,900027 271235 146597 687515 767589 185262 470241 465995 392366 438549 
806455 985742 698607 661369 434133 240439 632059 403075 117261 594765 ,985742 698607 117261 594765 689662 624387 432473 727147 98331 413542 
699483 578568 185084 117695 143670 748350 488493 88348 615161 110155 ,699483 185084 117695 615161 110155 263180 192161 725182 629875 533349 
43875 363371 524805 518085 133216 815408 98044 127464 81561 305111 ,363371 133216 127464 426986 130505 723500 815316 527396 689961 127779 
265059 266580 222380 229035 887912 292615 558362 60537 301822 941343 ,229035 292615 60537 157146 271674 448844 629014 235205 512825 172702 
581073 210768 368352 272449 237581 741747 329325 467584 299517 384940 ,581073 237581 329325 299517 384940 211808 515375 80520 461571 966065 
405990 10290 687561 774255 773628 896860 36749 739727 961504 905611 ,405990 687561 773628 36749 961504 499912 932741 204106 3892 444898 
788344 716707 766678 766321 594894 250284 805330 461730 876897 419195 ,716707 766321 805330 876897 259578 920055 256401 620407 995827 800862 
558132 530286 334182 798674 606743 658457 523176 276191 187211 10689 ,798674 658457 187211 10689 502374 975996 701828 833668 180574 126315 
803229 107090 843996 729531 797703 15062 10759 795654 10600 388689 ,107090 795654 986557 166312 826932 265282 274948 813509 345201 634647 
260639 484043 670431 11844 197742 815045 758488 462416 253798 219836 ,484043 11844 758488 253798 219836 38613 666379 539571 449254 841379 
500495 196170 107084 125178 985247 608670 456854 815875 900748 947700 ,500495 125178 985247 456854 815875 947700 755383 860562 324112 582990 
146670 54476 133082 8123 509901 564961 787080 379141 875548 426219 ,133082 8123 509901 787080 875548 426219 441581 50632 265266 142071 
369492 390920 221261 185212 40955 333585 66167 949207 734224 395245 ,369492 390920 221261 40955 333585 66167 268690 283232 741401 450993 
597988 285014 748806 365420 417907 563427 726506 607073 670917 719587 ,597988 285014 748806 563427 607073 975249 466234 919212 564286 867115 
280686 485266 326731 933213 588567 872028 729144 75828 354462 46854 ,485266 326731 933213 588567 729144 146333 671199 458794 353376 727454 
309063 449142 843289 965615 810910 904498 872507 428749 842272 705084 ,309063 449142 843289 965615 872507 428749 252043 494024 869929 43969 
113089 224342 780183 405885 436964 232655 562747 853911 696386 522522 ,113089 224342 780183 232655 562747 853911 696386 522522 975950 620043 
513783 618525 664467 253448 682385 520434 85006 173038 861897 22303 ,618525 664467 253448 85006 173038 411288 851433 875452 424388 947232 
517243 168402 94526 279350 791507 210929 245616 691607 151165 215571 ,168402 245616 151165 495801 237971 75460 76443 876773 724021 213405 
375244 450132 207992 12113 11706 119352 29097 47159 785489 469309 ,375244 450132 12113 11706 119352 29097 469309 12257 388684 836755 
972527 674729 836118 782685 221917 816230 674894 22596 593082 966336 ,836118 782685 221917 816230 674894 593082 966336 594709 984697 367547 
504236 800517 661624 589716 788832 382298 64860 668069 57896 910587 ,589716 382298 64860 668069 57896 990186 143441 479291 641693 202553 
376357 797388 238024 431575 408043 728863 196894 598285 331968 268089 ,797388 431575 728863 196894 268089 334558 949835 663423 760293 461117 
764602 917564 870248 538689 349621 990743 592344 560970 523525 223520 ,764602 870248 349621 592344 223520 233176 14903 272781 522353 988897 
798523 805377 844724 174985 777828 990872 212449 409354 802517 428020 ,798523 844724 174985 777828 990872 212449 428020 576287 979331 542727 
597429 85075 679205 199955 15086 746381 862980 809824 405415 510964 ,199955 15086 862980 510964 59188 511700 193076 256670 416319 206694 
326553 773427 275147 966026 260558 408544 45398 772968 854788 26790 ,326553 773427 260558 408544 45398 26790 341154 25722 373766 127915 
522198 662087 429054 993419 248805 125712 295452 506038 413233 281348 ,522198 662087 429054 993419 248805 125712 295452 506038 413233 241184 
210755 308102 281543 458477 511670 515068 234639 326293 99551 308068 ,210755 308102 281543 511670 515068 234639 326293 99551 432489 998477 
308038 919550 960901 496679 14032 938364 59900 121739 916592 886434 ,308038 919550 960901 496679 14032 938364 59900 916592 886434 143033 
402446 567816 498496 243637 942682 487834 29950 805039 449937 305190 ,567816 243637 748074 809614 730557 487832 296646 306383 466822 82812 
149909 335949 751251 412362 737383 70832 442385 501237 805520 102574 ,149909 751251 412362 737383 70832 442385 501237 805520 102574 627932 
715962 99718 698861 664689 78337 111754 311581 431637 309483 662141 ,715962 99718 698861 664689 78337 111754 311581 431637 876908 350531 
641489 101668 634746 569524 200395 73368 833588 541848 748411 398692 ,641489 101668 73368 833588 541848 748411 398692 58315 103485 922325 
371167 969187 797736 958301 617877 560793 835221 639473 839560 497805 ,371167 797736 958301 560793 835221 839560 430036 335137 845185 542843 
936003 49823 344980 200824 478506 500416 47729 937928 963435 146599 ,936003 344980 478506 937928 963435 167358 956196 853277 360503 227523 
723993 472026 430866 418344 134102 270436 778529 498496 208854 423765 ,778529 432487 434022 15148 871233 602575 230607 698861 264288 195176 
296718 609450 672735 782010 781274 969779 993264 289718 402138 775520 ,296718 672735 782010 781274 993264 402138 775520 677284 335420 954498 
148928 164309 117128 698998 208854 572905 376003 340763 498496 972940 ,117128 698998 432069 809614 967998 516482 323999 130289 157123 189431 
196527 107243 222873 547349 425640 433907 595460 823677 130798 876841 ,107243 547349 425640 433907 595460 823677 130798 876841 7164 804072 
36725 809141 498496 208859 391828 658262 264288 416218 323999 713777 ,36725 498496 208859 391828 658262 264288 416218 323999 713777 525404 
207814 579574 428006 726954 898806 6017 479202 200855 768275 775880 ,207814 579574 428006 898806 6017 479202 200855 768275 775880 820675 
240648 900318 482500 59642 542522 856722 619499 848054 849659 886142 ,240648 59642 542522 856722 619499 848054 849659 447457 90353 849095 
821736 814770 473623 191211 322993 444918 281551 429749 493663 781655 ,821736 814770 444918 473536 762088 321583 80146 930073 987104 731 
896533 277369 843862 405336 217219 246643 670325 868684 403368 435638 ,896533 277369 843862 405336 217219 246643 670325 405412 943005 985510 
942666 947667 66076 513160 842620 868684 856301 132010 852258 367965 ,942666 66076 856301 852258 36586 822310 813521 859316 707417 405970 
854929 748055 407767 947213 305580 264822 529447 504635 430891 397826 ,504635 15571 539202 572905 603733 616177 386443 323431 525404 972940 
763944 468601 798633 29593 805039 917912 176621 353013 381641 956035 ,763944 798633 29593 805039 917912 353013 381641 956035 940573 95444 
506215 429495 611520 389926 381641 487393 280395 658262 291896 552067 ,506215 429495 389926 381641 487393 280395 658262 291896 552067 878164 
982467 938364 848597 853185 443340 848510 496679 71883 791365 881461 ,938364 848597 853185 443340 496679 791365 881461 916592 931661 973181 
718345 91268 973778 87991 199022 153757 94182 562435 311383 869074 ,91268 87991 94182 562435 311383 887130 334560 307606 748552 11924 
654645 902652 190047 878008 216081 804394 652592 996428 423381 824714 ,216081 423381 655064 656145 905612 244813 536574 677500 217389 913420 
814770 780641 210563 544717 639864 525404 615329 762088 473536 803733 ,814770 780641 544717 639864 525404 615329 762088 803733 322165 102694 
656246 476911 207688 814310 447225 477177 656588 709822 654803 721156 ,656246 476911 207688 814310 447225 656588 709822 721156 666925 130905 
141593 577847 972835 595190 309064 328561 799061 435974 598855 115282 ,141593 595190 328561 799061 598855 115282 482707 550715 623602 843572 
836420 626884 302037 884158 156128 819639 832121 735720 267489 839141 ,836420 626884 302037 884158 156128 819639 832121 735720 267489 439866 
937109 313778 744243 747558 311581 516501 234270 744256 798735 169558 ,313778 744243 311581 234270 67886 917912 322085 470889 309169 602575 
562734 450351 167339 682966 965388 119474 152358 236045 485064 946395 ,562734 450351 167339 965388 119474 551725 370052 972762 818287 731599 
524177 414357 433951 230922 827950 413932 452197 70918 207571 439704 ,433951 230922 827950 413932 70918 207571 202166 482627 681408 744876 
852598 843166 652259 196475 204731 847586 812862 543922 41860 558321 ,852598 843166 196475 847586 543922 41860 775733 825747 404297 699544 
525884 703274 877017 190642 272300 60814 848187 983018 853185 910019 ,703274 877017 190642 272300 60814 848187 910019 919490 969181 443005 
815217 923220 805016 170217 598752 629056 586695 790377 970530 844162 ,815217 923220 170217 844162 853185 949444 919490 561146 520434 345756 
563173 865594 289406 34355 606275 625767 125274 637574 173691 410869 ,563173 865594 289406 606275 625767 125274 637574 173691 410869 702845 
882373 454987 519850 797391 105907 945657 892915 46212 494415 933306 ,882373 454987 519850 105907 945657 892915 494415 933306 84038 150164 
56620 55130 911983 55447 715661 284115 447723 560076 391634 590075 ,56620 911983 284115 447723 391634 590075 777514 204079 420136 434260 
205888 777465 254510 294178 775145 868024 773427 2633 596593 741954 ,205888 777465 294178 775145 773427 2633 596593 741954 90653 812404 
109040 358973 967830 257986 124896 72294 91371 977439 285526 798376 ,109040 358973 967830 257986 124896 72294 91371 977439 170255 613706 
561929 254116 134863 251976 385177 92328 59919 979524 477318 572856 ,561929 254116 134863 385177 979524 43679 233529 667400 79667 731729 
684141 799395 106600 802575 771987 634496 614921 469759 467667 107357 ,684141 802575 469759 467667 107357 982354 352539 351999 195220 227809 
736771 427731 685271 478865 740549 905762 461244 134503 451519 443794 ,736771 427731 478865 740549 905762 443794 415480 953191 30872 669368 
227186 249336 740656 314763 990028 307615 742221 920674 773556 800216 ,227186 314763 307615 920674 800216 544295 609971 127063 947879 506473 
529240 377459 467684 684699 350441 669925 351026 127977 433160 225648 ,529240 377459 467684 684699 350441 351026 225648 903290 116194 669234 
503698 350120 963404 796063 879675 223078 842284 60363 855972 157443 ,350120 963404 796063 879675 842284 60363 157443 872047 11009 868466 
684312 64410 149479 380979 187533 948697 621936 228535 484266 803183 ,684312 64410 149479 380979 187533 948697 621936 228535 484266 803183 
911049 404842 835957 905170 87697 837268 186339 995632 896526 834853 ,911049 905170 837268 186339 896526 834853 944096 972781 761570 661041 
265698 77329 406755 363225 958734 18184 214631 203862 297824 331352 ,77329 363225 214631 297824 434953 42627 373099 414561 332192 389325 
225648 330898 174993 631202 616465 272636 364809 71027 96478 63664 ,225648 330898 174993 631202 616465 272636 364809 71027 96478 214912 
631362 311945 77089 724289 896803 517882 105244 360717 605135 12964 ,311945 360717 358137 730367 829502 791280 965231 971784 363663 861510 
798470 833336 573837 839244 418840 486223 302038 576316 209622 695186 ,418840 576316 574323 431301 840265 355460 217726 191843 260638 251662 
584588 720753 542426 79777 12964 411060 1123 724102 209339 823472 ,584588 720753 542426 79777 411060 1123 724102 823472 473902 262790 
49722 416814 907254 747853 740039 54093 622905 627751 813652 918508 ,49722 416814 907254 747853 54093 622905 813652 918508 802487 99799 
653141 653418 278702 653873 424051 305760 662919 158220 702344 791658 ,653141 653418 278702 424051 305760 662919 158220 702344 791658 765069 
40715 940984 880192 516378 971342 258884 912383 366709 789960 767699 ,40715 880192 971342 258884 912383 366709 789960 767699 700478 662784 
76502 390079 244564 932001 435182 120786 475635 315840 239375 469833 ,76502 390079 244564 435182 120786 475635 315840 239375 469833 278007 
797030 31813 629024 133714 584764 177587 158279 464573 879070 981410 ,797030 629024 584764 177587 464573 879070 981410 495769 465861 190232 
94749 131103 566270 547053 12925 425575 5977 495387 771503 124935 ,94749 131103 547053 12925 425575 5977 495387 771503 124935 110891 
396051 160548 262876 887600 92130 662234 578272 530354 229134 710588 ,396051 92130 662234 530354 229134 710588 941994 710832 874215 824968 
773853 708771 236695 347445 156436 291593 361546 95325 248518 353438 ,773853 708771 291593 429455 734896 228223 112053 338627 862001 514615 
345474 917866 162088 21881 672122 590917 530354 743971 797403 812791 ,917866 162088 21881 797403 812791 956564 366895 64808 488833 975907 
592478 567599 28666 863917 871369 441077 139384 140887 610517 242223 ,592478 567599 28666 863917 871369 441077 242223 554013 986523 835457 
359814 451325 426331 376049 759087 323197 778428 637440 730277 720001 ,451325 426331 759087 720001 684699 104585 729086 701293 99118 686767 
380202 651848 839952 116660 998122 960459 116210 760595 774191 569768 ,998122 926426 270201 882726 191097 386869 858903 646807 676942 509004 
405098 420078 152559 518738 495030 110891 623017 807100 232495 337801 ,495030 110891 547053 12925 82378 215031 112053 131103 599217 524763 
209339 178109 913950 601303 845278 58730 314300 237960 721043 855110 ,601303 58730 314300 237960 513153 751128 498064 584227 179610 227946 
758432 783002 656366 970375 577275 75196 868466 752193 522202 853641 ,75196 868466 836009 896526 905653 45501 890879 202345 735955 616293 
278875 292823 559008 609848 216739 636826 452299 502542 742238 385988 ,278875 292823 559008 502542 385988 423806 540687 657164 762209 920792 
969085 565041 959314 936067 503543 663923 510079 700121 775427 116242 ,959314 503543 510079 700121 328588 240814 140525 635046 374202 39977 
904090 667728 306595 526529 567556 742468 772195 324446 748222 717047 ,904090 306595 526529 324446 748222 717047 799955 546581 353664 694373 
115886 408167 483806 923745 699830 945389 946553 361939 442105 722979 ,115886 923745 945389 722979 519099 169077 1808 866296 3672 480773 
902607 598053 905256 538631 882769 149165 214452 195343 882445 682225 ,902607 598053 149165 214452 195343 682225 477506 176106 798546 926213 
198252 277068 204620 19791 145345 353411 360983 877213 396416 435133 ,277068 204620 19791 145345 360983 877213 435133 561492 736196 836291 
80761 30330 65496 370773 567753 524825 108201 117784 305012 400625 ,30330 65496 370773 567753 524825 108201 117784 305012 400625 80716 
987584 52119 929416 613218 358023 249973 813339 214718 861874 910904 ,52119 613218 249973 813339 910904 124571 796357 77848 801170 689442 
306595 105432 472362 709043 741784 510901 352286 634967 717047 748952 ,105432 709043 634967 502069 742468 602618 520408 929119 849653 535214 
740482 322764 430615 352008 146479 875570 613154 934438 975724 251141 ,740482 322764 430615 352008 146479 934438 200063 514984 208293 963456 
480261 843684 241794 812069 552549 976310 269707 44419 28608 462638 ,552549 416738 955177 594627 722465 825262 224561 271100 535733 60940 
388081 798021 954768 70641 271331 401294 159032 629295 164578 834998 ,271331 401294 834998 209339 601435 108985 682687 48082 866301 466742 
86174 279508 72838 490868 88005 261483 321481 996019 496947 771345 ,86174 72838 88005 321481 996019 815274 354520 90635 346148 52511 
973650 793005 880083 837707 46404 982877 659593 662067 166557 251462 ,973650 793005 880083 46404 659593 662067 251462 42177 652391 955085 
186588 401574 888018 207725 909011 650548 415183 856475 471866 108904 ,186588 888018 856475 108904 615362 656698 217492 559708 961480 907597 
885969 686517 876754 353731 228832 689246 194004 862451 151980 626956 ,876754 228832 194004 862451 626956 514682 914776 410490 139591 603141 
931633 915889 224926 843682 886540 472274 931877 268264 931707 653263 ,931633 915889 843682 886540 653263 126324 840393 140559 872646 125516 
947854 780342 59852 934557 61077 53776 518372 154628 46077 407102 ,947854 780342 154628 498111 438098 372432 170827 412687 80494 146719 
511522 662810 739188 254377 480825 964941 177916 678616 982996 200062 ,511522 662810 480825 177916 678616 982996 106458 125310 356219 671245 
634967 80494 601063 728441 111582 457772 208593 334335 741784 232316 ,601063 728441 111582 457772 208593 334335 56115 346551 187218 502069 
302608 634859 339612 411860 76995 732404 321240 904105 193125 230578 ,302608 634859 339612 411860 76995 732404 321240 230578 295084 62231 
225991 933509 364147 328506 899080 12759 170015 661182 690359 101081 ,933509 364147 12759 101081 596512 576077 585832 108711 558704 289993 
982590 86180 353731 56884 525081 678347 105046 293134 210926 913114 ,982590 86180 353731 56884 678347 293134 975055 139591 977655 892025 
796767 457378 794313 452883 884120 740482 687247 670374 809458 972906 ,796767 457378 452883 687247 809458 972906 860897 321070 930215 178490 
587178 422617 490672 898884 500723 217676 80590 821735 231129 243839 ,587178 422617 490672 898884 500723 217676 821735 85502 60874 389047 
719587 700529 703677 273746 185028 708075 40792 696904 991554 174363 ,700529 703677 185028 708075 696904 991554 174363 434178 861350 748577 
120514 941343 234500 599355 194004 505877 420772 601435 223998 404025 ,725467 291880 16848 929119 520408 174015 285731 697979 351642 689915 
561389 863513 479414 782193 346275 920656 69529 407775 804595 276612 ,863513 920656 69529 276612 831651 240554 963037 906471 216189 2150 
668417 3864 631188 264240 580729 336547 921494 993259 414105 13371 ,3864 631188 264240 993259 13371 879930 658000 497212 594319 622156 
377930 277147 636001 432750 771340 273726 541919 671920 294471 874531 ,377930 277147 92521 845014 408616 266107 591384 669313 533806 126870 
779369 210794 960376 130245 458921 910843 240446 386314 836225 414222 ,779369 210794 960376 130245 910843 240446 836225 414222 660403 55604 
323903 211799 344729 89577 747377 170280 672373 40822 806111 144298 ,89577 170280 672373 40822 806111 106592 197769 211263 525089 485064 
864846 258003 965565 399940 19090 839683 450748 931623 546579 394626 ,864846 965565 399940 161933 170249 496559 381479 226224 843460 153237 
645004 908009 544465 912984 641265 984430 259526 838300 996759 21813 ,908009 544465 984430 259526 21813 533698 348541 632307 385355 900137 
273372 337710 678057 285866 527745 278682 914171 132286 993392 293117 ,337710 285866 527745 278682 914171 132286 993392 293117 352071 705193 
96177 625322 824901 102990 119428 762677 513017 415197 778707 810632 ,96177 625322 824901 102990 119428 762677 513017 415197 778707 810632 
419147 943477 495755 737711 323443 297636 235877 29088 229396 898445 ,419147 495755 737711 323443 235877 29088 229396 898445 975169 860869 
242227 348609 658599 311103 235034 103358 888349 616653 36815 124932 ,242227 348609 658599 235034 103358 888349 616653 36815 460705 774515 
683679 649511 540231 810889 54871 444391 903852 536657 44289 830128 ,903852 44289 37750 764138 158755 374609 919688 38225 604196 896507 
179101 29688 114596 170252 127264 196570 62660 313204 261921 334443 ,179101 29688 114596 170252 127264 62660 313204 936917 589850 242994 
763955 113269 735237 886142 539684 443515 902886 409738 24884 888649 ,757021 672808 858100 535453 895565 57459 51555 968406 817320 36695 
90906 261925 151442 419992 440686 214313 114542 732923 435103 308695 ,90906 151442 419992 440686 214313 114542 435103 308695 104898 415429 
862370 791989 764605 900772 203665 553888 856337 876201 747994 190506 ,862370 791989 764605 900772 203665 553888 856337 747994 223825 119428 
224332 523573 16551 872229 698134 924866 723158 276063 509132 773853 ,224332 523573 16551 698134 924866 276063 509132 512704 890745 563646 
48268 52135 735049 961096 292436 635860 479662 786228 717824 638470 ,52135 735049 961096 292436 635860 479662 786228 717824 638470 443581 
37413 12393 777901 58845 704992 282011 884292 463411 16573 21552 ,37413 12393 777901 58845 704992 282011 884292 16573 271548 830084 
203665 460097 312208 224433 407703 940171 539737 104866 594579 577873 ,203665 460097 312208 407703 940171 104866 594579 869528 274983 222906 
880547 671869 594579 190819 996761 53445 804457 671258 323443 58523 ,880547 671869 594579 190819 996761 53445 804457 671258 323443 478373 
169242 797949 860851 212983 804944 833819 344644 506850 165045 823796 ,169242 797949 860851 212983 165045 780524 591249 663844 546569 801946 
305159 740827 68472 279545 518276 504816 525639 405405 780206 381633 ,305159 740827 279545 504816 525639 405405 780206 381633 799852 826343 
560943 919449 542655 878134 889896 889296 854911 857277 544161 853469 ,560943 919449 878134 889896 889296 857277 544161 190642 859028 773411 
681749 873837 975320 562577 285719 60421 970367 268148 885506 738612 ,873837 975320 562577 285719 60421 970367 268148 885506 738612 491043 
754254 521657 192936 438083 669368 968347 855572 421080 354314 861467 ,669368 354314 98185 136348 473369 605994 809503 791338 80933 701368 
536494 889945 964710 432069 129288 189726 177751 104931 170024 406574 ,889945 964710 129288 189726 177751 104931 170024 406574 923213 799269 
391358 542951 211497 455137 200227 985708 46269 568021 237742 861981 ,391358 542951 211497 455137 46269 568021 237742 861981 568248 42678 
737711 824901 597840 539363 448874 855726 330511 857294 742822 899763 ,737711 824901 597840 539363 448874 855726 330511 899763 478867 597587 
220882 468023 537638 332814 415170 808293 595909 721905 43746 959449 ,220882 537638 332814 595909 721905 43746 959449 119366 978500 793324 
57944 762974 451359 801685 744628 573317 794755 227111 800401 667082 ,57944 762974 451359 801685 744628 573317 794755 667082 39111 5655 
899590 275035 629633 959299 219052 473445 547620 392120 619423 124325 ,899590 275035 629633 473445 392120 124325 779854 627302 968408 766037 
202230 989428 577977 201159 449380 129933 950527 806009 513804 510386 ,202230 989428 577977 201159 449380 129933 950527 806009 513804 510386 
40905 569997 458941 628715 979160 253321 271222 795803 494186 855726 ,795803 883852 45093 53813 664509 7872 521488 61002 217752 543207 
137704 175764 174050 210214 16031 523573 459298 685240 521447 96141 ,137704 175764 174050 16031 523573 459298 521447 96141 108661 405368 
834586 870615 940709 831766 789988 308006 503787 519450 459070 702845 ,834586 870615 940709 831766 789988 308006 503787 459070 702845 477824 
367088 460705 261748 382087 35600 169242 258523 563592 429605 344644 ,460705 382087 35600 169242 258523 563592 429605 826531 129840 444640 
876826 853558 943172 772797 959813 846063 908553 846179 374102 843715 ,876826 838165 665930 646882 882623 481858 292636 903852 158755 734985 
26032 62296 904594 888825 945827 973528 167339 694730 589312 144349 ,26032 62296 904594 945827 973528 167339 694730 589312 144349 498144 
453695 586146 358057 412812 855572 855379 98657 762381 718040 755921 ,586146 358057 412812 855572 855379 98657 762381 755921 508506 617893 
944228 745753 285056 782619 260770 187533 527465 279343 862816 683154 ,944228 745753 285056 782619 187533 527465 279343 683154 293411 488547 
914171 619019 67217 3216 509132 544952 375845 286638 795237 692940 ,914171 619019 67217 3216 509132 544952 375845 286638 795237 692940 
665266 54871 919688 873457 683679 417566 483733 458941 810889 800275 ,665266 54871 919688 873457 683679 417566 483733 458941 800275 601080 
177751 297618 841499 844810 133920 115451 638649 353197 467813 408267 ,177751 297618 841499 844810 638649 228189 189431 916773 495940 237861 
182024 809503 559918 233365 132449 217316 452318 658262 143922 809945 ,182024 809503 559918 132449 217316 452318 658262 143922 297618 54680 
384031 491385 248996 508611 917628 875031 484535 740827 111384 804901 ,917628 740827 111384 923908 736251 430355 691040 183487 157257 68472 
725555 596862 273598 432823 946303 174734 633165 29343 435161 945175 ,725555 596862 432823 946303 174734 29343 435161 945175 340989 329112 
566531 199887 653372 811317 672649 23329 673329 772038 833606 189584 ,566531 199887 653372 811317 672649 23329 772038 833606 189584 143031 
479387 409334 809858 909133 853115 490707 739155 643274 450520 978502 ,409334 853115 739155 188265 478074 556676 190357 787270 501090 106241 
618354 670193 639867 42403 892986 605597 615822 843084 482813 750771 ,618354 670193 42403 892986 605597 750771 375847 318752 112573 570195 
52854 477257 629739 51115 378496 630624 40480 39999 207152 902972 ,477257 51115 630624 40480 207152 409339 918069 421430 829209 363147 
434440 739630 550787 681184 136482 629080 115173 668013 221129 142608 ,550787 115173 557751 917137 685412 868322 937742 832811 240396 395518 
309657 366843 731038 868042 60424 939272 607059 517016 82520 632314 ,868042 60424 607059 82520 332006 277832 884566 526279 304528 560787 
695080 515046 681493 158188 431203 548424 408204 570320 187369 130996 ,695080 681493 158188 431203 548424 408204 187369 130996 201020 996131 
469867 793649 658763 321003 362010 403063 940993 853734 10851 2772 ,853734 10851 947173 887647 624875 67465 207234 37944 342526 17021 
737569 48377 49290 409583 476693 633036 637483 301648 328563 789296 ,409583 633036 301648 789296 180292 832604 428348 622755 317288 532087 
79477 567955 662775 122064 153279 951858 29963 815363 815425 772729 ,79477 567955 662775 122064 815363 815425 413052 88067 686338 311334 
996589 295852 385712 443164 895190 512167 916876 807651 201900 433717 ,295852 385712 443164 512167 318153 255326 555887 142684 187994 225974 
263417 697187 291501 712899 482062 999903 645237 197924 57037 563763 ,263417 645237 197924 57037 253077 939021 272422 771842 62277 214748 
976639 957117 888427 81732 706068 440056 907008 482705 292199 93814 ,976639 706068 482705 579301 638812 300467 433587 94837 449271 631916 
919827 604789 609819 445176 641453 851524 102433 102862 668265 855255 ,919827 604789 445176 851524 102433 102862 855255 905015 915576 255562 
141982 474774 478761 326576 480265 991522 193901 610166 974928 996891 ,141982 474774 478761 480265 974928 996891 536357 487425 753477 146982 
224690 629895 195924 596114 44527 661378 560847 989024 725535 603533 ,629895 195924 596114 661378 560847 39843 942581 266369 21629 25369 
114905 733210 944549 10740 637406 729657 475499 571955 551738 863262 ,114905 944549 10740 571955 638792 696105 467342 711709 344373 598704 
378638 777249 502259 101241 663103 127735 659182 276787 510126 555436 ,378638 777249 276787 510126 516463 306909 512779 246523 960697 52153 
40608 263755 315631 943027 556947 61528 868204 801685 751174 74738 ,40608 263755 315631 943027 556947 61528 751174 74738 442087 302273 
363948 703239 527817 516600 40262 716640 105495 518846 664564 615680 ,363948 703239 40262 716640 105495 614921 93007 749481 23463 43073 
996813 190842 732279 117716 217835 986371 795185 655300 970404 570873 ,996813 190842 986371 795185 655300 970404 570873 542645 202908 672443 
82540 89280 500381 284539 653703 251274 804525 468083 111965 786219 ,82540 653703 468083 523372 796197 86721 82634 702190 870109 82241 
608299 350983 721052 62440 497246 94428 673899 355017 132484 243580 ,608299 350983 721052 497246 94428 673899 132484 742629 336867 804239 
535513 749875 149443 459046 89804 518399 448357 107323 733343 359521 ,535513 749875 518399 448357 359521 725789 305352 381260 738815 107069 
278936 278650 264864 366067 20830 795049 122094 341739 172654 94528 ,278650 366067 20830 795049 122094 341739 94528 566304 155787 40533 
803244 736251 698459 93934 360793 907214 594008 294729 815670 496653 ,803244 736251 698459 93934 360793 907214 294729 729568 68720 336761 
185720 497287 146325 516262 614972 429749 474680 998814 307199 279137 ,185720 146325 516262 614972 474680 998814 307199 866262 519583 12198 
608999 394089 395954 598060 628199 701619 284409 36116 345065 808795 ,608999 628199 701619 284409 36116 808795 655565 788013 175247 269101 
86013 389574 342594 23045 632583 178769 349933 82241 270374 460984 ,389574 23045 632583 178769 270374 468083 929942 84945 161380 79660 
479748 423813 52689 698884 540216 907744 770024 899299 642524 870211 ,479748 423813 540216 907744 770024 899299 642524 870211 907501 553773 
425765 196132 272249 764256 238062 209728 180955 869531 598371 522400 ,425765 196132 272249 180955 522400 942604 542655 543275 919752 368776 
929322 834774 892274 411281 952510 38948 769879 539921 36180 650885 ,834774 892274 411281 952510 38948 769879 539921 36180 650885 445765 
910794 306212 504469 255165 664564 799404 89804 29952 429563 525505 ,306212 504469 255165 664564 799404 525505 336971 723083 52561 472861 
797319 329306 875411 559270 953415 415366 174022 595719 329016 692662 ,329306 875411 559270 953415 415366 836183 165427 456399 952474 451712 
10696 180921 95756 264805 89338 439069 738388 37159 58809 797994 ,180921 95756 89338 439069 738388 58809 749022 179979 65837 488772 
29952 664564 723083 698478 720942 116 566270 321510 472861 52561 ,29952 800128 89804 354743 703437 118248 614921 309443 566272 401320 
527371 941147 861896 72715 331798 518399 86626 909173 604627 123657 ,527371 331798 86626 604627 123657 120975 785903 174185 460854 454977 
671638 167191 137464 308355 5373 496878 699176 857029 226421 682086 ,671638 137464 308355 496878 226421 752661 169470 89015 162256 146653 
445505 781134 673219 554870 857029 112357 143029 672308 451804 292581 ,445505 673219 857029 112357 143029 672308 451804 292581 716881 492247 
408403 967205 72715 624190 61301 884438 284841 483033 66808 362305 ,408403 624190 61301 884438 284841 483033 66808 362305 310900 875411 
828460 173680 937707 925354 554661 766020 175122 888867 623786 282197 ,828460 173680 937707 925354 554661 766020 888867 623786 70675 272251 
706560 702436 55396 587040 754646 885939 231747 539717 902441 448242 ,702436 55396 231747 539717 888208 218031 246973 122961 638807 891863 
992617 169289 213196 943634 203409 1218 316950 598658 594283 86986 ,169289 203409 1218 316950 598658 86986 482661 842565 945029 331012 
172630 485324 753117 987216 915495 294783 1536 618587 871441 89649 ,172630 987216 915495 294783 1536 618587 871441 899179 905831 130156 
68898 336757 86230 997696 1792 89804 271747 724754 365392 527817 ,336757 365392 467805 669975 703758 809717 977349 66330 363948 708456 
612926 201001 456345 704867 317457 77459 72858 284613 425639 479310 ,612926 201001 456345 704867 72858 284613 425639 479310 131316 528374 
461367 584385 132586 340079 357433 141461 404219 573831 161113 366551 ,461367 584385 340079 357433 404219 573831 161113 366551 362345 647181 
697474 199884 756897 477213 688935 882654 468202 465165 537527 763981 ,697474 756897 477213 688935 468202 465165 537527 763981 107265 754292 
412239 702274 304796 864086 958503 109227 856858 888951 843984 942283 ,864086 109227 843984 537454 388831 241868 414449 390167 880763 880687 
70551 30152 299014 355700 694554 509620 13621 213509 948638 806785 ,30152 299014 694554 13621 213509 719254 756651 462628 176816 702934 
660167 830362 248385 32712 300610 259607 984099 460650 788483 148410 ,660167 248385 32712 148410 242909 172034 567115 988709 225101 101620 
387488 679469 639760 24523 752192 831710 838125 163784 863154 72882 ,387488 679469 639760 24523 752192 163784 72882 169019 719449 628234 
965462 685055 513244 508775 466918 542468 527329 234237 470889 93888 ,965462 685055 513244 508775 466918 527329 234237 93888 563406 636504 
517676 49797 665429 207515 75070 329521 187632 239822 618912 785131 ,517676 49797 665429 207515 75070 329521 239822 618912 785131 566953 
541682 452151 518504 441029 514767 432069 686266 327082 352538 990138 ,452151 514767 686266 352538 106768 232085 55041 520499 431355 111713 
583966 487024 400015 297145 751356 531115 530364 771596 21347 403680 ,400015 751356 531115 530364 21347 403680 481858 461367 734985 16829 
789070 8266 904969 659392 701459 218858 40495 609851 537822 650488 ,8266 904969 659392 701459 218858 40495 609851 537822 572269 207063 
243329 892435 106653 21000 726943 37289 950578 888231 512752 532972 ,106653 21000 37289 950578 888231 512752 532972 688296 184308 433707 
823307 51409 580994 316047 76396 510354 314680 99316 92085 492335 ,823307 51409 580994 316047 76396 510354 314680 99316 492335 527949 
277726 758089 433142 4174 530280 522530 531690 871003 652305 277662 ,277726 758089 4174 522530 871003 567940 309821 618661 653504 665818 
379626 718780 952217 558289 96656 642585 930569 651766 468073 632447 ,718780 952217 558289 96656 930569 651766 468073 632447 924546 464664 
261263 526069 950578 121735 71757 554511 978002 903782 480674 15394 ,261263 950578 71757 554511 903782 15394 799965 33239 402638 694618 
460958 320761 729326 744464 965427 844936 987919 691453 679073 964591 ,320761 729326 987919 691453 845400 9112 225507 809975 307665 742214 
60185 833915 756280 944061 18255 306586 216237 122623 466711 599440 ,833915 756280 216237 943163 903721 925970 846248 677662 610180 466575 
848818 190894 443809 984373 644421 856105 996900 124171 885709 909523 ,848818 190894 443809 984373 644421 856105 996900 124171 885709 909523 
987899 919287 679089 527949 652647 65099 831092 66829 143556 339253 ,679089 527949 652647 65099 831092 66829 106687 772594 157871 909004 
541662 908441 268863 403927 959963 539535 987106 914971 893777 12891 ,541662 268863 403927 959963 914971 12891 564284 60420 661621 541323 
758089 173976 462080 107848 689836 13640 750227 433142 328919 790933 ,758089 107848 689836 750227 790933 567940 89871 811883 19302 652077 
39017 505991 927691 409870 272870 380498 512495 930509 315907 723430 ,409870 380498 930509 315907 520448 415718 596936 601298 269886 513207 
827948 26022 665930 681728 766165 473853 849240 879236 206586 5799 ,827948 26022 665930 681728 766165 473853 969383 565735 36971 606629 
198511 181762 268084 160486 430508 474285 561100 563126 496368 754494 ,160486 430508 561100 496368 189001 541323 318264 526958 914 317266 
284600 40185 863227 43724 458303 536858 220034 523586 959687 178320 ,284600 40185 863227 43724 458303 220034 178320 317044 666503 601114 
273372 5902 286953 874138 471472 196950 264783 439363 202344 97882 ,286953 471472 636750 719379 535986 811133 118014 911106 408281 294060 
414477 825562 627861 30401 409360 702132 996493 445355 91274 714613 ,627861 30401 702132 628783 956264 982393 861992 102270 143521 439486 
460867 504842 14827 276938 931749 102177 176642 561456 463355 564018 ,14827 931749 102177 176642 496568 411809 60205 929231 865202 732309 
139404 628818 60205 627963 790330 960043 569983 705878 112563 561456 ,139404 628818 627963 790330 569983 865202 543364 76262 60277 829552 
547175 485908 111582 777749 149825 313917 364534 252445 339290 79262 ,547175 485908 777749 79262 141478 265486 752749 130282 265312 56117 
469115 536330 446848 373771 190673 539693 447869 949151 247691 758954 ,469115 536330 446848 373771 190673 539693 447869 949151 247691 758954 
967827 620422 73600 94265 968483 975424 821438 245429 851634 930090 ,73600 94265 968483 975424 821438 274964 565952 861269 468128 531761 
708330 742266 312559 927790 77071 257601 99016 753015 354289 103078 ,742266 312559 927790 257601 99016 753015 478785 157890 34896 317959 
835113 368843 281294 697591 331551 608526 703216 962123 261481 279251 ,608526 780188 516551 527001 861279 781026 84331 864422 293065 59866 
963063 451548 458790 322701 100155 90716 963542 40042 186354 486197 ,458790 100155 963542 40042 130611 102135 949938 222911 19839 881874 
475616 402076 167 727972 9791 687446 90819 645535 63779 248694 ,475616 402076 167 687446 63779 248694 94330 708754 694755 156311 
458799 782453 526779 237815 951279 982055 690075 933412 106267 466775 ,458799 782453 526779 237815 690075 106267 575388 136408 90165 500571 
584180 540592 325361 945845 89243 877337 958137 973848 539535 411979 ,584180 945845 89243 877337 958137 539535 411979 18342 628246 882963 
870594 881000 654419 913051 656525 417556 960168 674450 428761 449616 ,870594 881000 913051 656525 417556 960168 428761 449616 604218 657955 
484880 529409 528841 515086 972278 153704 859339 505944 500109 544125 ,529409 515086 972278 153704 859339 505944 500109 544125 723253 109189 
656335 813339 856708 220322 673758 232776 684778 339398 903865 521126 ,220322 903865 521126 113269 604263 518581 962014 556996 773042 837802 
850116 11182 39909 973400 923015 833309 778280 849670 531567 756342 ,850116 11182 39909 973400 923015 833309 778280 531567 443688 616265 
41693 924958 112337 145127 912984 59269 787542 269098 210908 932537 ,41693 112337 145127 787542 269098 932537 896177 877894 643344 504686 
76015 499653 97661 395060 941025 225707 574147 391424 598148 928527 ,76015 97661 395060 941025 574147 391424 598148 928527 613126 204240 
879720 140437 678059 919291 861214 886223 583753 13795 678594 668987 ,879720 678059 919291 886223 13795 678594 668987 276407 507418 497925 
489744 529384 551140 580172 261748 914318 658204 663057 937176 26528 ,529384 580172 914318 658204 663057 26528 332195 285819 954768 429807 
719008 953639 735063 413940 716422 922194 762965 822391 320645 895663 ,953639 735063 413940 716422 762965 822391 320645 895663 905344 293284 
823667 815282 637197 69888 293047 514846 322311 84310 156495 637671 ,823667 637197 293047 514846 322311 156495 637671 523644 449194 744751 
976969 570143 547211 361528 24176 180926 26029 346304 755466 28157 ,976969 570143 547211 24176 180926 755466 28157 800381 54712 351402 
871797 261967 493492 79779 733508 31019 98971 684237 200017 478798 ,79779 733508 98971 200017 478798 654201 459346 818482 795406 420973 
920599 89945 296863 525111 165480 364143 560327 525043 79779 291890 ,920599 89945 296863 525111 165480 364143 560327 79779 291890 484682 
121606 235146 267775 72210 256679 269205 375344 192501 629496 912984 ,121606 72210 269205 629496 394006 61962 769140 749611 17452 495881 
866091 11107 503688 860752 915172 126320 531417 868134 620509 595031 ,866091 11107 503688 860752 126320 531417 868134 595031 865018 790516 
696739 437337 920847 543379 344873 433717 531690 169854 239173 202050 ,696739 543379 169854 20844 573680 875659 429672 141051 210204 690472 
876593 670977 727680 216894 138236 218833 303133 642640 962459 557931 ,876593 670977 727680 216894 218833 642640 962459 557931 595031 893640 
793781 603776 963911 175164 418176 1550 647946 969813 155543 189074 ,793781 647946 969813 155543 220291 607522 911084 720600 118491 433531 
673502 852657 233673 413286 889562 575351 734821 167026 25520 533781 ,233673 167026 25520 533781 991564 677338 756363 659364 855914 593980 
834987 639530 343708 527830 562449 735950 86812 800429 891244 980820 ,639530 527830 735950 800429 891244 987738 106092 38042 239327 218930 
870595 602995 26214 639026 89419 638627 912162 980837 895663 652719 ,870595 768247 38664 446067 637059 655631 872365 676045 217748 659900 
970369 886223 879604 507418 777599 678594 912688 541822 515351 207876 ,970369 886223 879604 507418 777599 678594 912688 541822 515351 207876 
881375 490079 311516 450518 275577 439395 415545 787784 248361 485195 ,881375 439395 787784 248361 330311 252819 744022 256058 413869 502896 
5928 243547 562908 358127 63017 998229 913109 867433 9390 883409 ,243547 63017 867433 340479 910288 702310 632643 312032 455102 582783 
160573 367550 343767 578179 299968 173572 473947 369537 169090 21732 ,160573 343767 299968 173572 369537 21732 559668 625059 990718 552019 
496535 196789 106190 707441 977048 963911 470408 449912 621756 13956 ,196789 707441 977048 963911 470408 13956 132340 300161 510480 632478 
80801 221542 734710 874740 716422 320645 864257 192631 953639 522952 ,80801 874740 716422 320645 192631 953639 522952 2167 501716 422974 
900889 819187 2038 348333 935543 935780 860219 400214 99766 574410 ,935780 99766 574410 632285 987738 266334 218074 385279 14562 561025 
486578 684861 507160 78154 728282 270008 682248 631793 105705 489612 ,486578 507160 78154 270008 682248 105705 489612 617337 49536 553978 
522428 513122 778974 684619 742820 143140 18119 549454 940978 577813 ,513122 684619 18119 549454 577813 362358 8230 435353 293356 151288 
716280 997028 419999 762322 841828 691765 981144 37532 963250 681124 ,716280 419999 762322 841828 691765 37532 963250 265072 752120 486169 
883798 822974 323049 13183 845851 225564 36586 843562 678059 705474 ,883798 845851 843562 678059 13583 886223 988079 59595 711365 825322 
187811 484682 406521 156495 89945 823667 547615 517052 419871 80761 ,187811 484682 406521 156495 89945 823667 547615 517052 308225 719929 
695009 787093 278676 953159 469757 226772 344635 249336 334696 309192 ,695009 787093 953159 469757 226772 344635 309192 957355 221 428778 
697326 229185 865006 22893 356332 442278 533851 281846 153915 233123 ,229185 865006 442278 291325 483641 927562 9862 520543 212859 661890 
723920 926997 106929 690705 79956 485327 322360 663154 4811 966877 ,723920 106929 79956 485327 322360 4811 94787 699511 420036 285532 
798300 734323 942574 317959 668943 758669 53673 487239 939824 54339 ,798300 734323 942574 317959 668943 758669 53673 54339 244839 556996 
181899 528346 478798 740396 284796 751606 21110 458156 851125 256784 ,181899 528346 478798 740396 284796 851125 506336 629491 538402 785507 
945362 791499 691750 89952 721897 913434 648161 414527 343721 222921 ,945362 691750 89952 721897 913434 222921 747136 240522 543824 809939 
5652 80761 411021 825973 30001 89525 699436 662924 104967 153704 ,5652 825973 30001 89525 699436 662924 104967 505944 60263 98971 
298499 352123 734283 964313 218921 202050 621618 696413 406764 222276 ,298499 218921 406764 473732 342133 198554 288894 114220 389268 12732 
19696 129546 27055 398271 242825 401607 294468 790620 485384 703478 ,19696 129546 27055 398271 401607 294468 790620 485384 827757 325354 
667095 673332 890987 696457 810889 218074 674726 541511 541395 445602 ,696457 810889 254922 536657 666797 673347 545714 919884 543046 375078 
484368 584117 488909 910143 111178 561838 13962 504459 564291 842587 ,484368 584117 561838 13962 504459 564291 883686 810267 263900 867139 
656060 907241 791172 376811 211115 607480 42678 446957 822413 447181 ,656060 907241 791172 376811 211115 607480 42678 446957 822413 447181 
119677 834233 646492 401962 747259 842748 623591 765713 846328 542654 ,119677 834233 646492 401962 747259 842748 765713 846328 542654 755294 
800489 732286 219494 800603 867728 225944 947505 960900 870150 919272 ,219494 800603 867728 225944 947505 960900 870150 919272 873161 566136 
380424 542102 276524 786928 901568 946382 302332 613746 78397 123817 ,276524 946382 613746 123817 918610 803747 916083 334435 375275 415210 
676836 282349 905477 655630 821701 850428 383044 88238 673021 628215 ,282349 655630 821701 850428 383044 88238 673021 628215 789988 607480 
17482 98095 732286 752330 888666 983066 841610 849770 219494 515464 ,17482 98095 752330 983066 849770 219494 515464 637400 263958 668233 
519716 280993 361987 493560 262728 554050 412848 692529 645542 222239 ,519716 554050 691294 739694 416521 713008 659375 182764 805488 280944 
937897 654769 453129 610558 271258 547234 144896 169375 913091 569952 ,610558 271258 913091 569952 355368 978155 895113 474552 288892 759855 
463355 260408 580377 358314 65100 108364 260730 19713 565773 239379 ,260730 224117 18233 153246 882026 603679 578043 767219 877133 970429 
804224 306722 401209 467387 679026 59154 833462 363365 763205 609200 ,804224 306722 467387 679026 59154 363365 763205 20627 337243 510312 
458708 227951 5170 352907 653615 698507 481602 132252 73811 97827 ,458708 227951 653615 97827 723772 123846 295910 326446 594100 205749 
719337 739375 936912 723182 310413 68312 773735 79516 69253 305323 ,739375 936912 723182 310413 68312 773735 79516 69253 305323 337243 
544720 167500 227111 705045 566006 247822 846519 18397 442175 535605 ,167500 705045 566006 247822 846519 18397 421435 84806 780561 932387 
941538 125911 739886 507171 575601 338798 679096 531797 722979 493273 ,575601 338798 531797 589 707829 267475 59929 471912 664934 558361 
377630 616673 770129 890977 384298 415799 770142 818943 190263 895674 ,616673 770129 415799 770142 818943 190263 580633 473841 37643 745762 
609298 162277 778057 932527 747377 135576 414570 593625 259811 165830 ,162277 932527 135576 593625 259811 310900 526490 949954 256788 702190 
994335 529837 761343 255927 845732 603974 616333 957530 493515 909332 ,994335 255927 262207 661583 882646 618154 159370 332168 392586 346251 
1952 532970 680959 35984 760408 627578 786660 229021 507837 906018 ,1952 229021 906018 515553 684462 234666 440302 155788 694121 839466 
404485 75138 706826 440796 265969 127515 128864 635121 930024 387531 ,404485 75138 706826 440796 265969 127515 930024 387531 223972 166596 
339904 396218 10686 162115 509580 178817 770382 985360 292494 159676 ,396218 162115 509580 178817 770382 159676 416841 128103 531667 464987 
497257 358975 339446 86109 236916 132450 906328 392012 434890 854575 ,497257 358975 339446 86109 236916 132450 906328 434890 237972 132252 
122530 564119 433544 960787 90053 679399 387000 614659 31502 430515 ,564119 433544 960787 90053 387000 614659 31502 200281 269778 241150 
717398 119447 920437 876496 758043 27814 572025 334943 325670 60513 ,119447 920437 876496 758043 572025 325670 60513 798515 613472 325465 
156137 343234 503281 73811 114840 359521 309546 487498 954474 832949 ,156137 343234 503281 73811 114840 359521 309546 954474 263205 530200 
764477 794697 299730 354205 367248 575186 283798 884322 628845 467697 ,575186 372299 603545 306543 920674 195206 865999 109964 352442 313139 
638799 273599 561481 439441 938563 1770 383988 561434 546207 482684 ,439441 1770 383988 482684 385497 191865 859641 457346 926763 473277 
269328 636684 94145 246584 501590 761541 112699 269289 68792 306186 ,269328 636684 94145 246584 501590 761541 112699 269289 68792 306186 
627800 849058 859534 262067 958804 303333 829476 140416 359020 835602 ,849058 859534 262067 303333 829476 140416 359020 567640 609892 24348 
468029 478533 697252 172078 477322 318289 190878 286149 504436 689466 ,468029 478533 172078 477322 318289 190878 286149 689466 898827 328780 
830682 762472 870880 605254 712526 638683 789777 762479 594748 871322 ,830682 762472 870880 605254 712526 638683 789777 762479 594748 871322 
837316 995670 577859 780945 355093 574199 650489 345646 830753 848674 ,837316 995670 577859 780945 355093 574199 650489 830753 837483 242100 
407398 94419 432227 3790 770382 415744 88087 350665 193136 126014 ,94419 432227 770382 415744 88087 350665 193136 126014 507303 364164 
540409 571728 189869 382887 389362 851590 682155 472692 475899 975910 ,540409 571728 189869 382887 389362 851590 682155 475899 975910 410580 
918832 310987 545266 563093 14994 587547 831851 223807 544957 359370 ,918832 310987 545266 14994 831851 544957 883119 725247 857380 517552 
482684 236283 73306 561481 197192 598294 859641 383988 227096 1770 ,482684 236283 73306 859641 383988 227096 1770 385497 414429 587333 
365860 616369 204790 323435 747039 745587 490686 125911 528859 712878 ,365860 204790 323435 745587 490686 125911 712878 73306 843076 214092 
758826 970205 895044 822180 457418 325231 390090 868906 858424 405869 ,895044 457418 325231 390090 868906 470658 895807 988086 632870 883651 
380817 935029 988762 330129 209147 292342 168614 30544 210513 516857 ,988762 330129 292342 833898 460102 265218 315501 429937 713771 45566 
610516 524977 777268 522608 293237 502360 796696 154072 304695 336859 ,524977 777268 522608 293237 502360 154072 304695 429825 441210 494228 
815375 815392 279137 487401 397432 420682 186326 350755 942281 952633 ,815375 815392 397432 952633 5087 540616 472861 429871 521866 25784 
552347 283251 292342 100765 760024 393715 435839 580925 532211 502864 ,552347 292342 100765 760024 393715 435839 532211 502864 256788 245001 
325231 192614 509915 907961 375248 846384 97354 710969 343755 620699 ,907961 620699 889376 880106 842911 459081 33671 508784 268624 393882 
734424 248445 329462 852728 354080 960355 82486 837429 36090 557763 ,734424 852728 82486 837429 557763 829774 135586 82175 378139 673821 
323692 350547 415476 672945 142116 175483 549611 69706 178950 166675 ,415476 142116 69706 166675 397215 488882 819127 96891 401770 823713 
914249 518376 753643 742529 973091 387242 577958 415540 423522 246898 ,914249 518376 753643 742529 973091 423522 246898 740327 964416 293949 
832967 449018 921482 918830 955999 906268 958412 277298 223904 190620 ,832967 449018 921482 955999 906268 958412 277298 223904 190620 380718 
732083 474774 4967 480265 708685 834144 300736 494917 51497 831998 ,732083 474774 4967 480265 708685 51497 831998 685726 8116 999003 
123317 252255 770510 157981 102818 963054 612630 193550 191671 660215 ,123317 252255 770510 963054 193550 191671 660215 837002 977762 192359 
972124 957791 258716 978892 939592 444275 931978 905024 948267 102995 ,258716 444275 931978 948267 102995 709633 837558 391494 505729 634554 
390756 18383 430176 528363 154124 630122 385689 495592 99958 208773 ,630122 143266 185919 223888 370327 664489 810455 549888 832346 100693 
269044 627118 793047 871738 134703 981600 606027 746931 39722 373893 ,269044 627118 793047 871738 134703 39722 373893 850753 178380 670739 
892565 258160 634946 375835 967545 405444 777779 221567 679756 393969 ,393969 28580 634335 21066 505666 840195 61101 425990 120361 515106 
32524 279579 781565 765243 361039 498380 868624 500150 724228 631653 ,279579 765243 361039 868624 30642 74698 865497 6506 312103 508033 
374283 6629 45982 911240 201322 791265 824075 640881 98870 100999 ,45982 201322 791265 824075 98870 100999 653017 856317 250614 539774 
458536 966934 261917 427362 840475 898352 985735 455910 440868 350705 ,458536 966934 840475 455910 350705 18683 112967 419368 489086 452901 
990816 756226 564680 99439 344259 646700 481858 112776 993211 782021 ,756226 564680 99439 793620 900306 629469 618731 699533 359940 656418 
716810 524565 716677 88330 843387 523228 725525 219800 647869 719698 ,716810 716677 88330 219800 647869 719698 466818 172228 482906 822690 
787459 639709 637814 516073 694019 12433 112082 435410 684708 529923 ,639709 516073 12433 435410 279461 948638 524788 166294 834754 505982 
570190 92321 884384 310934 437957 261001 193851 314154 639202 253123 ,92321 884384 261001 193851 314154 253123 904455 759952 27440 823495 
890632 474041 340515 243885 629790 672115 333314 234007 298191 811912 ,474041 340515 243885 672115 298191 582155 692236 705261 770364 378170 
684213 452277 903071 724693 58892 379459 529592 725950 818058 338957 ,684213 379459 725950 947061 786969 453851 108797 833462 272963 658366 
399762 913010 503776 205782 503409 937787 974225 200597 942819 649513 ,399762 913010 503776 205782 503409 200597 942819 529441 845266 25726 
895135 886717 823360 330478 33666 625919 964595 406065 141941 174563 ,895135 330478 33666 625919 964595 406065 141941 174563 664964 860347 
539561 734936 910711 919463 476177 980434 372617 831513 302381 927850 ,910711 919463 476177 980434 372617 831513 302381 120026 542953 650193 
223837 602358 271894 382919 583876 488449 991060 614039 691001 369819 ,223837 271894 583876 488449 991060 691001 369819 555339 843210 703672 
525324 467845 261647 87023 662683 74197 834700 658202 658248 66492 ,525324 467845 74197 658202 66492 406194 127464 247215 732495 423173 
553421 424620 601839 218601 149762 912692 665640 327901 50170 781264 ,553421 424620 601839 912692 665640 50170 781264 767758 347504 978708 
66077 464624 867770 393990 287136 839683 41733 678843 554487 919423 ,66077 393990 839683 678843 730500 541478 157708 941141 96331 194776 
32587 549052 161093 735204 549365 317721 617894 47249 170420 727491 ,735204 549365 617894 727491 17574 966606 351545 376044 781709 242472 
193023 308688 971814 134248 491621 17456 698799 570657 584155 151724 ,971814 637146 907724 869380 929250 46268 915141 336886 941548 56828 
843586 516378 893222 604434 539883 965832 549516 987919 382919 777758 ,539883 382919 777758 157708 796714 594418 391053 209531 173810 512031 
480617 887659 324808 577690 593662 992808 138978 254628 708009 201670 ,324808 577690 593662 254628 107487 403904 17990 998662 918295 872545 
69992 271162 420753 16368 947206 554487 283440 438591 495256 295826 ,16368 947206 554487 283440 424734 393990 939245 535168 963597 843827 
997491 640889 675407 675543 674591 474135 555658 250470 213475 939741 ,640889 675407 555658 250470 213475 939741 186514 357549 246810 893222 
620014 18272 226466 121284 210106 520781 182396 395095 312844 525370 ,18272 226466 121284 117261 395889 739796 231687 213850 148963 59302 
106550 838635 683142 11581 372275 878491 966392 853570 942586 641578 ,106550 838635 683142 966392 853570 857674 139364 629929 610662 978678 
327743 794823 714304 978511 894506 737768 807286 114888 85096 70051 ,327743 794823 978511 894506 737768 114888 85096 288770 260439 900731 
534523 473536 618139 602480 756515 577574 423807 336884 41503 668752 ,534523 618139 756515 336884 41503 279777 658317 25594 104796 657988 
428625 903131 474066 220314 658598 313682 571235 712453 265883 569585 ,903131 474066 220314 265883 569585 71736 374641 607816 840511 791765 
96411 473328 12614 241457 988612 380286 192507 800014 859074 105787 ,473328 12614 988612 380286 192507 105787 6020 528459 208392 103336 
171696 19190 13647 205398 748252 261244 842683 15121 989088 562917 ,170017 366874 634229 259674 704955 765525 727697 416492 482907 520233 
335584 861201 334723 132928 658598 367186 83901 428625 474066 156613 ,335584 132928 658598 367186 156613 166339 742295 85295 327177 86999 
757949 642164 417502 641300 555375 657411 657064 881388 609874 604775 ,757949 642164 417502 641300 657411 657064 881388 604775 789619 373793 
560484 409056 460929 61002 991348 375871 552115 545333 402021 967932 ,560484 460929 375871 552115 545333 402021 744656 77583 420455 517441 
807785 923507 95054 322983 214568 475642 343129 255817 524322 390186 ,923507 95054 322983 214568 343129 524322 577941 518089 432648 31061 
510844 210106 734987 435972 744135 687066 939944 668549 539081 394824 ,510844 734987 435972 744135 687066 668549 539081 931129 183944 703129 
154659 53048 873870 659162 489555 779808 895996 322824 777289 901162 ,53048 659162 489555 779808 895996 322824 901162 550952 949952 636019 
286348 540513 270205 376991 529649 95640 544386 659377 432882 858903 ,540513 529649 544386 659377 432882 534301 569727 217752 983256 402742 
898782 744739 260534 118509 702514 123193 50971 497519 935847 410121 ,744739 260534 118509 935847 736989 483767 331486 477943 547453 498248 
754281 105787 313798 603405 754012 524904 5406 719143 723252 365608 ,313798 603405 754012 524904 5406 365608 784787 689850 629876 473328 
462955 529072 105224 105244 517046 223978 736264 456017 324820 269884 ,462955 529072 105224 105244 517046 456017 324820 272950 363540 151852 
132334 540341 100025 713478 629699 277989 201687 163076 284966 395685 ,132334 100025 713478 629699 163076 284966 383841 194986 494185 748570 
238947 292124 255409 279563 749191 886111 321961 458059 406391 968551 ,238947 292124 255409 279563 886111 321961 458059 968551 248270 565333 
70307 183465 223241 522663 150413 91871 253580 43940 936529 263543 ,70307 183465 223241 522663 150413 91871 253580 263543 638837 102430 
404281 449071 726470 968146 298956 414571 475396 934274 196478 232704 ,404281 968146 232704 161171 633030 538705 634967 171364 735003 829954 
922327 519261 207485 112134 545310 376341 190533 225299 403440 856314 ,545310 403440 856314 223791 853635 670256 784583 400253 208257 677799 
113754 638837 276986 778978 609585 373236 691224 373455 236302 636975 ,113754 638837 276986 778978 373236 236302 636975 504289 352491 191332 
760670 167069 409980 307709 972680 876880 281261 374212 969085 80314 ,760670 167069 409980 307709 876880 281261 374212 675774 873308 974717 
694782 87524 337168 519848 725299 82170 735003 84461 467904 845920 ,694782 87524 337168 725299 82170 735003 84461 467904 498302 131467 
895865 890053 478435 298374 777289 914250 238112 913114 979860 607107 ,895865 238112 297554 773435 532720 254157 850768 729063 678024 902285 
918852 128454 130138 59302 469962 2589 836219 63094 208939 873837 ,918852 128454 469962 836219 63094 208939 873837 71505 843353 701000 
178181 715126 766416 457785 863322 160024 815968 219370 677277 624204 ,766416 160024 815968 677277 624204 656713 857756 935085 50058 945464 
745539 961021 918648 413408 207386 136884 949719 214198 668610 133236 ,745539 961021 918648 413408 136884 949719 214198 668610 133236 417436 
184628 16388 390012 18402 501200 887229 492632 397132 234377 486779 ,184628 390012 501200 492632 397132 234377 486779 260753 858257 870122 
20768 808598 615563 264743 80871 215081 429872 77051 54398 719333 ,20768 808598 615563 264743 80871 215081 77051 54398 719333 421815 
81731 113568 564327 160171 657267 404275 257980 316383 172144 872253 ,81731 113568 564327 160171 657267 404275 316383 172144 917117 520434 
198263 270061 697289 4122 578427 78332 634467 809594 742928 372154 ,93138 405151 967084 865636 225248 710588 18009 874813 589893 615842 
653141 444193 298983 634377 936189 471519 947879 714776 528423 980148 ,653141 634377 936189 471519 947879 714776 528423 980148 972893 861414 
173276 215263 226975 848656 963661 780406 410914 409584 49877 615658 ,173276 215263 848656 963661 780406 49877 615658 709343 110947 603716 
963661 215263 659436 149177 376268 47182 110947 780406 317716 241691 ,963661 215263 659436 149177 376268 110947 780406 603716 48328 173276 
319253 799399 686413 525768 229818 153348 33108 255623 530625 917183 ,319253 799399 525768 33108 255623 33309 637081 851686 723720 189138 
52434 695903 460204 891636 814472 602016 988093 365410 510675 423957 ,52434 460204 891636 814472 602016 988093 365410 510675 423957 448697 
58793 373987 131194 143641 207384 944816 950954 374003 374058 934906 ,373987 143641 207384 950954 374003 374058 976517 830247 901655 765680 
177965 143477 15446 802578 403670 887229 33579 297388 551664 277475 ,143477 15446 802578 403670 887229 33579 297388 551664 277475 195156 
906054 257545 14314 920295 411553 405977 529474 564024 60421 918797 ,906054 411553 529474 60421 918797 523542 883408 921781 217236 129201 
60811 227771 252348 143127 954562 526355 389243 411060 61291 600764 ,60811 227771 252348 143127 954562 526355 389243 600764 743019 10111 
703794 752395 429771 393646 678065 382499 389618 8105 611261 21353 ,703794 752395 429771 393646 678065 382499 389618 611261 21353 371805 
185422 877331 33579 550582 659085 580534 865663 155262 843207 184628 ,877331 33579 550582 659085 865663 155262 843207 184628 15446 143477 
202757 747853 677854 907254 47159 639434 901631 157660 743028 267644 ,747853 677854 47159 639434 901631 743028 378151 721695 374893 670003 
932523 232971 2386 501323 63051 305025 10306 197933 186222 291593 ,232971 2386 63051 305025 10306 197933 237347 909554 825853 923265 
710904 638785 403315 664196 506664 12074 709588 498363 590810 746065 ,403315 664196 506664 12074 709588 498363 590810 746065 404931 185213 
596536 137612 225062 680570 599018 231890 619200 570921 143318 303704 ,596536 137612 225062 680570 599018 231890 303704 920244 154107 892741 
564819 542064 678291 398307 457896 871275 174579 383404 531608 717529 ,678291 398307 383404 531608 717529 987142 949136 377587 238243 203395 
274749 716942 110694 741074 383120 755029 442539 714557 919325 914555 ,274749 716942 741074 383120 755029 442539 914555 58441 902003 746109 
843787 471655 776298 845633 657112 219660 10956 244638 844986 653161 ,843787 471655 219660 10956 244638 653161 123290 731931 195943 524559 
392008 881103 704045 598081 883540 23058 507672 708133 413881 684077 ,392008 704045 598081 883540 507672 708133 684077 707286 886541 832431 
558090 790644 472799 789070 401591 820566 207068 824278 715494 215997 ,558090 790644 472799 789070 401591 820566 715494 215997 768421 606496 
966787 932527 20551 44099 459868 803888 599544 4215 820848 322527 ,932527 459868 803888 599544 4215 820848 322527 869667 2926 778428 
412643 164119 394950 169601 516070 544149 659145 766295 320 15737 ,164119 394950 169601 516070 659145 15737 933838 698659 795308 437187 
597197 521976 599186 288753 851127 410314 332370 169759 514207 525018 ,597197 521976 851127 169759 514207 525018 532411 260850 808222 137855 
231669 635121 632681 562527 710588 1944 620317 65382 618458 741074 ,635121 632681 1944 620317 741074 773427 831132 278125 995267 106617 
886978 520699 9190 392869 434893 432858 790447 950832 110128 573170 ,9190 392869 950832 110128 510378 197909 95597 605535 451514 194869 
711661 747438 903059 952555 588214 525214 653494 193144 414043 975132 ,747438 903059 952555 588214 653494 193144 975132 808840 16678 526292 
617286 302638 770378 463561 565500 730482 186222 991211 34417 806415 ,302638 730482 186222 34417 806415 155007 687419 472799 954268 142584 
682442 292829 648051 363603 673775 374984 305037 647259 861433 354591 ,292829 354591 621680 48635 557934 788766 339009 856324 800203 836327 
875997 392836 263675 345358 49099 582837 453231 266894 494010 68636 ,263675 453231 68636 835305 841714 663383 370427 277714 391471 458859 
985804 618079 645659 389580 622902 1004 586601 128396 496264 269734 ,645659 389580 1004 586601 128396 707417 21332 587446 913046 825646 
86463 804123 901006 626508 294813 893448 404084 922991 225331 500435 ,86463 804123 901006 626508 294813 404084 922991 225331 500435 454238 
639866 443328 824621 822888 684850 445970 280799 666872 941687 666797 ,443328 822888 684850 280799 666872 941687 666909 570151 477409 903852 
987573 90481 101215 1004 544415 196001 511500 59135 861074 563412 ,987573 544415 59135 861074 881927 128214 871515 719547 395058 895563 
856365 655237 188160 709822 656246 605701 721156 882069 981977 862062 ,188160 709822 656246 882069 981977 862062 805520 536368 518584 656588 
305704 222402 921565 254467 208554 512559 113008 377873 154992 169720 ,305704 921565 254467 208554 377873 154992 169720 698826 246080 607734 
431637 551702 806114 724348 270436 580255 167082 385015 823312 736138 ,431637 806114 724348 270436 823312 403122 651071 771963 230607 180386 
536472 292067 445360 888234 246529 979135 665954 615130 261515 281551 ,445360 888234 246529 665954 615130 261515 281551 473623 68610 292502 
451091 48648 675953 224715 157809 408094 790464 56479 584147 151080 ,48648 224715 157809 408094 790464 56479 874035 878945 309990 402452 
395067 844103 950509 939377 127718 594336 206936 682540 899682 806640 ,844103 939377 127718 682540 598081 980473 853841 853546 888295 879248 
240559 630461 227914 875870 82278 506589 317653 493343 344192 711657 ,240559 630461 317653 344192 455167 797875 328466 151015 177400 240615 
1796 683010 171992 742134 704353 478523 380070 203637 267915 634087 ,683010 742134 704353 380070 267915 203637 634087 183810 83170 534008 
751128 179421 584227 51942 341076 237643 122915 188754 113178 912112 ,751128 179421 584227 188754 113178 699421 410320 176859 79777 601303 
230736 852876 680601 684093 986451 510425 194946 453304 170929 844404 ,230736 852876 986451 194946 453304 93917 109983 752195 693576 71357 
580890 137059 527123 749336 912845 819858 128615 161893 510753 167940 ,580890 137059 527123 912845 819858 128615 161893 510753 132714 511836 
537781 274589 904101 735942 882476 195362 320794 317595 629957 72780 ,193479 545302 95186 615842 990554 613915 317856 241864 589786 882416 
389325 776645 47328 736052 775189 548511 986859 780269 408179 301128 ,776645 47328 408179 136536 461968 806941 790949 162251 502230 508298 
568085 869318 903915 566547 607762 861642 767926 791740 655163 911542 ,869318 607762 791740 655163 911542 894010 654666 552058 817227 655192 
92553 20724 60998 126843 711203 794752 338087 492065 467657 513153 ,92553 20724 126843 820928 717086 67065 310243 537200 179610 58730 
87584 229563 666806 831597 8550 94379 548640 984426 630887 719398 ,87584 831597 8550 94379 984426 219688 945425 684724 368355 90307 
968678 263159 666220 779326 405676 546975 85299 613915 494286 287762 ,263159 546975 85299 613915 663554 98371 355767 36488 320634 360212 
167784 526092 422290 286253 122915 309415 228190 471901 11865 68420 ,167784 228190 68420 106413 708083 522336 58730 730655 516710 389752 
621312 304564 493343 637519 174512 243991 317816 186783 641545 185285 ,493343 637519 243991 641545 671365 340043 316783 75599 928854 554491 
602995 215161 908041 820733 558462 711000 555495 768620 189211 539574 ,215161 558462 711000 852958 656772 421727 476416 794215 657016 445778 
940645 725467 716818 668471 19304 502239 698687 82675 576694 121985 ,576694 924389 556114 338992 974018 22104 458706 546251 527493 923715 
862554 269539 886540 22382 762424 889364 385520 878371 777093 703677 ,862554 886540 22382 777093 140559 188949 868796 276640 657330 868507 
399859 467614 286795 249604 271183 607364 299546 800638 377324 198779 ,467614 286795 377324 198779 330605 799199 99500 481228 194710 71278 
613148 672377 750599 613031 674486 676375 672436 816606 672576 543529 ,613148 672377 613031 674486 676375 672436 672576 543529 619610 151013 
630288 531155 224407 948906 428360 398976 143431 882586 232149 805249 ,630288 531155 224407 948906 143431 882586 805249 953034 178514 548490 
236112 494946 211018 418618 271854 730389 708044 510012 430873 667769 ,418618 730389 430873 367097 473369 532162 435843 823790 343235 414909 
181926 816633 262391 633356 157388 174165 693437 816319 487413 158028 ,181926 633356 487413 779709 716183 430951 947841 255966 268754 530883 
146260 118251 584495 98058 277243 679999 882272 65294 368440 773609 ,721761 396578 394457 706910 994677 925815 965457 198435 154217 731394 
390578 127991 816633 514984 269908 898689 511735 630218 810870 60035 ,127991 514984 898689 682772 798779 127699 81677 730177 600051 16401 
780449 893271 576491 705237 907833 356845 104585 406950 926041 677120 ,780449 576491 705237 356845 406950 942503 563592 242594 193630 63956 
808293 60223 473978 922214 414272 875115 405069 154027 326011 398074 ,808293 60223 473978 922214 414272 405069 154027 326011 154285 257084 
669559 174772 697797 686096 925538 625991 940723 702239 563269 519725 ,669559 174772 697797 686096 625991 940723 563269 519725 987711 435084 
608299 339276 471357 53226 30775 52135 305611 96002 789462 279239 ,608299 339276 471357 30775 52135 305611 96002 279239 640641 292436 
450653 566409 55538 429871 406574 699271 123627 791401 669782 516549 ,450653 566409 406574 123627 219714 524025 567816 518103 108486 515212 
709366 833722 704992 331902 480426 271548 62961 124185 520177 895123 ,709366 833722 704992 480426 271548 62961 124185 520177 895123 589093 
515382 408976 332036 76017 390023 19729 230293 27816 518716 436972 ,515382 408976 76017 390023 19729 436972 268060 498155 534857 129996 
608585 212294 948337 484097 211872 613863 389602 970707 296845 274609 ,608585 212294 211872 613863 389602 296845 274609 569997 539363 544432 
129856 899305 933176 462042 895707 400838 545048 688126 327492 610652 ,129856 899305 933176 462042 545048 91667 975326 394303 683031 600012 
710200 656332 911078 824226 655696 446176 654563 568134 903886 929214 ,710200 656332 655696 446176 654563 903886 929214 907535 905286 823505 
685838 533707 107367 313778 261748 21289 179913 271400 172103 180734 ,533707 107367 313778 21289 179913 180734 206326 4536 748053 960725 
305971 231064 609836 305453 698578 520483 859393 768147 351408 278902 ,305971 231064 609836 305453 698578 520483 768147 278902 941466 24418 
846433 130640 371443 126323 58584 592594 735315 745558 324563 419975 ,837469 883758 571922 484956 63195 40315 817981 632006 89214 225026 
572922 299548 185356 31627 621529 367088 346944 21289 548486 866893 ,572922 299548 185356 621529 346944 21289 548486 866893 162723 616653 
930684 559098 33508 756368 658927 466107 30647 32873 341406 975805 ,930684 559098 466107 30647 32873 341406 173350 726824 436372 37288 
461065 630648 496195 3228 465651 746074 168756 945503 678824 573579 ,465651 249480 180474 285828 366873 392259 263589 933468 100140 795907 
230167 617262 926579 842730 65079 798813 393243 114090 845598 192461 ,230167 845598 796790 413387 682344 137021 549338 691154 697980 177071 
969054 225772 9629 55059 561463 871173 471984 99982 888593 705571 ,561463 393111 268414 929270 689279 100490 273972 14241 867792 283758 
613777 334924 119797 403944 855364 713681 551050 576970 597264 328671 ,613777 334924 119797 403944 713681 551050 576970 597264 406934 379475 
690340 483367 530479 300974 174781 192570 570249 343559 411589 70891 ,690340 530479 300974 192570 570249 411589 294478 806081 422883 322648 
389864 507410 81184 433671 270364 389833 460415 246983 670763 628912 ,389864 507410 270364 389833 460415 246983 91005 340849 824177 215301 
833821 197914 947061 162445 281892 547498 822489 439329 401186 351705 ,197914 162445 822489 401186 434191 359690 379543 525214 86950 453244 
282824 938514 42491 875244 172082 710719 497764 490421 516110 170160 ,282824 938514 42491 875244 172082 710719 490421 516110 170160 42355 
885516 490386 562727 628085 563808 200306 195921 542413 843131 985198 ,628085 563808 200306 195921 843131 985198 853703 669815 52848 964430 
653180 649355 714384 825526 953939 824186 787719 775616 28163 717191 ,714384 824186 717191 896466 190845 568262 791558 212926 908910 654971 
543741 573299 527964 813509 988274 844385 362471 867828 22034 971802 ,543741 573299 527964 22034 971802 739001 230656 233925 137950 687862 
357380 938936 307121 212983 247299 461413 104644 965878 859871 906755 ,212983 247299 104644 965878 859871 906755 780524 401186 493180 314136 
839087 969054 701442 321011 782756 595722 314357 264292 503325 117327 ,839087 969054 701442 782756 595722 94057 390012 627984 261099 28176 
235518 951787 641804 402638 41185 477948 723670 377565 480487 404473 ,235518 951787 641804 402638 477948 480487 404473 831289 454470 410278 
499903 247194 689880 860272 850300 770923 414453 777857 275442 533306 ,689880 860272 777857 275442 487499 90542 213259 294072 351329 894201 
749830 961709 117411 114302 340145 542786 272988 176137 298887 483285 ,961709 272988 298887 137584 840103 438800 6357 783162 757383 894689 
396743 277701 27627 911646 231798 80954 114560 181190 222806 772499 ,396743 277701 911646 231798 80954 114560 772499 321359 653827 263876 
758427 711096 855048 587039 373854 38456 478632 964348 751474 374202 ,212981 905759 571474 827827 909052 316841 235960 583421 325142 412539 
620598 394192 599143 779057 977462 343072 834860 102222 72936 909115 ,620598 394192 599143 779057 977462 834860 102222 72936 909115 663469 
323932 488309 502069 724697 527754 509326 385000 306558 973364 20783 ,323932 488309 724697 385000 306558 20783 236032 648119 804001 179216 
137348 284777 546695 488975 755705 675191 145385 859818 226070 398066 ,398066 47010 535988 838029 76421 295582 916521 113764 109226 906135 
490332 20973 336859 493373 869785 627803 305206 84462 857495 502196 ,490332 20973 493373 869785 305206 857495 464996 180720 993810 496890 
907385 229734 207657 655568 476864 656893 424122 120325 876502 296080 ,40705 496638 215827 920507 721156 539597 516481 342709 676683 119615 
864005 421459 451006 776126 944332 109568 55978 307121 648231 16051 ,864005 421459 451006 944332 109568 55978 16051 744617 83346 562823 
343857 78871 651819 366551 744490 60476 55894 439837 853938 304109 ,744490 55894 439837 304109 441137 909602 48273 406490 796253 490644 
305126 350809 292133 279202 523367 991794 497144 429685 367030 254253 ,305126 350809 292133 279202 523367 497144 367030 254253 514767 232209 
629881 906281 417305 876201 407915 77751 319333 128322 803229 552207 ,906281 417305 407915 552207 794092 193438 907275 37396 935840 705571 
280988 897916 30917 525817 385755 500563 232455 997438 168982 835191 ,280988 897916 30917 525817 385755 500563 232455 311072 43622 646340 
397246 24392 637373 671951 468666 442526 6436 772167 358098 229796 ,468666 442526 601121 993811 410092 460054 353742 933947 946094 324605 
916375 393042 508130 854705 382680 248950 602618 201945 693101 747525 ,916375 508130 854705 382680 602618 693101 747525 599158 709027 627719 
148092 153301 346793 492397 899366 29178 250009 702512 532055 876412 ,153301 899366 250009 702512 876412 500818 61596 480466 647328 255654 
79553 29958 348803 5555 702967 620751 540613 95777 325277 480475 ,79553 348803 5555 540613 95777 480475 23463 5976 360359 42714 
872229 618603 805122 393027 822061 255439 521 199707 662614 174542 ,521 199707 662614 224098 879439 95879 37465 504256 515162 533222 
464995 694746 493122 703117 517066 522718 307232 801497 337957 423830 ,464995 493122 703117 517066 307232 801497 337957 929392 953024 837075 
80537 113764 535438 12074 535488 239482 573317 374780 55612 763955 ,535438 535488 239482 573317 374780 55612 763955 54464 50657 823951 
150124 69817 69636 886909 224670 623615 996371 839555 124837 844267 ,69817 69636 168756 214726 204185 845802 586310 473335 844432 554807 
530369 192151 933130 380047 666157 504610 379472 84398 496592 10686 ,530369 192151 933130 380047 504610 379472 474946 95996 920169 976768 
100053 545950 559497 744389 5569 66611 310987 916485 435763 905524 ,545950 559497 5569 66611 916485 255125 48784 62063 361513 874988 
622692 410761 771789 733365 656755 448651 541263 101491 286836 536312 ,410761 771789 733365 656755 286836 461523 41658 826998 960167 55617 
151067 79744 455321 451975 502196 487499 461523 262114 341021 364495 ,151067 79744 455321 451975 502196 487499 461523 262114 341021 364495 
403120 800213 458150 499637 210899 81749 972155 10508 66781 974925 ,403120 800213 458150 499637 210899 81749 972155 686015 856464 212867 
704772 322656 30079 990050 404727 893418 714375 608428 921103 255976 ,704772 322656 30079 990050 404727 893418 714375 608428 921103 255976 
222648 909867 753385 120853 648323 981953 300547 145129 561019 747401 ,222648 753385 648323 300547 145129 561019 174514 562941 682006 143699 
219981 774807 229739 810867 444478 855632 300008 848167 818763 584454 ,774807 229739 810867 444478 848167 818763 584454 3031 402037 21563 
300008 636828 824593 949613 943677 216081 254884 91222 822677 389201 ,254884 389201 305996 933180 285447 410767 359798 562061 584454 91826 
454700 597026 484436 657468 237231 521695 319974 9696 910116 724272 ,454700 597026 484436 319974 9696 910116 419385 696461 806712 956657 
714866 737489 46168 525395 566755 559694 360130 789668 163821 859063 ,714866 737489 525395 559694 360130 789668 163821 859063 44486 906906 
832801 497591 280211 741614 675363 871671 430227 748682 306317 86127 ,832801 497591 280211 741614 675363 871671 430227 306317 86127 467059 
674595 627189 153983 367303 330106 841434 578005 411805 164941 521119 ,153983 367303 330106 841434 578005 521119 177639 345802 119207 693085 
839945 653688 890040 10388 610998 139136 243940 32993 345440 683822 ,839945 653688 890040 610998 243940 32993 345440 341134 65640 256723 
843404 870649 62312 810129 923948 40030 61049 142076 458808 850433 ,870649 62312 923948 61049 142076 209003 966269 115501 199776 194905 
871671 91921 587864 226517 724562 386134 20088 285065 273702 809614 ,871671 587864 226517 724562 20088 809614 81926 478685 585385 749691 
758734 758747 145502 837581 404177 274483 766053 801114 848765 332470 ,145502 837581 274483 766053 801114 332470 774471 639151 609879 993264 
101612 340203 269661 615829 227508 408738 56021 188705 921103 333666 ,321583 472905 151923 436945 451083 291972 911069 437003 29963 854622 
395372 439213 179157 781858 996151 725688 289415 16765 722219 716845 ,439213 179157 996151 725688 16765 722219 716845 938361 595200 418125 
503698 748238 898101 100867 955757 95667 936527 833767 545251 918255 ,748238 898101 100867 955757 95667 833767 545251 918255 620588 224940 
388002 705697 802957 123767 89310 490487 159723 908293 639038 878903 ,705697 802957 89310 159723 908293 639038 878903 204414 256926 901786 
124113 890080 540310 409081 477042 473467 572227 377029 50964 366487 ,572227 70297 544915 689236 978002 678697 398074 209247 897731 698861 
421803 405726 498554 9065 994404 882130 500396 368494 852456 920471 ,405726 994404 500396 852456 842088 487239 482402 70417 405336 240897 
145171 859750 858592 966349 812606 830344 876719 922566 774471 236699 ,145171 859750 966349 812606 876719 774471 236699 284279 880633 585091 
454141 70109 948427 47927 977434 808037 901006 633234 318437 820982 ,454141 948427 47927 977434 808037 901006 633234 563086 554565 11319 
649832 654441 655146 644413 759012 829624 474272 399625 902910 187247 ,649832 654441 655146 644413 759012 829624 474272 902910 187247 402063 
693085 753005 571998 370427 584009 831363 154202 399787 22488 778529 ,753005 571998 370427 154202 399787 22488 778529 794052 788970 330737 
863331 864996 15369 131480 99456 196726 323575 882973 919163 972155 ,15369 882973 919163 868096 563976 14576 190506 170018 796968 596697 
603291 880842 206583 89097 796968 982682 152074 880307 350282 274019 ,89097 796968 982682 152074 350282 274019 36586 842597 517238 98649 
77320 899179 690811 112573 391366 793839 618815 199579 988877 392933 ,77320 690811 112573 391366 793839 618815 988877 458150 800213 604303 
990383 315449 619121 818091 929086 224651 224590 635831 401790 770844 ,818091 998004 749581 749624 116063 271966 560528 464624 529825 202251 
422832 787691 30420 338084 473509 443460 122744 997973 189263 761523 ,761523 609990 386505 861521 336682 247771 292836 658386 110135 414230 
342625 814166 55451 217876 789348 458345 559256 140904 188160 978044 ,789348 188160 978044 644027 898861 230563 476911 80605 678975 964844 
425445 39378 476147 769741 389664 918665 476376 685466 477426 917820 ,425445 830609 735278 446031 51971 409738 102282 308679 810014 830956 
658262 364706 192168 363924 830857 408738 121977 269661 321583 322336 ,658262 192168 363924 408738 269661 322336 686025 136881 412819 340203 
901583 113573 651005 874960 859727 195176 307122 603882 796056 182102 ,901583 113573 651005 859727 603882 796056 555268 646804 82578 604096 
873319 408889 96918 411457 528807 547091 719135 186536 280211 699300 ,873319 408889 96918 528807 280211 699300 296393 280396 716504 507946 
643053 256926 698435 272198 405726 211849 664295 603908 919986 233542 ,643053 256926 698435 272198 405726 211849 603908 12885 226355 632743 
982691 341247 156869 31361 510707 459179 893770 615345 823677 413811 ,341247 510707 823677 161132 123513 779859 865230 506196 714866 535474 
855017 986566 217219 857091 947566 931998 852475 995859 911029 572142 ,986566 217219 857091 931998 852475 995859 911029 572142 833035 10059 
54816 639486 640037 768604 406861 379230 37787 905612 103770 896305 ,54816 639486 640037 768604 379230 905612 770492 174269 846518 655064 
892920 776913 989610 277079 966349 145171 185668 199203 830344 347558 ,892920 776913 989610 277079 966349 145171 830344 347558 238907 199102 
553078 585091 354488 837581 688651 274483 667322 160941 198914 395747 ,553078 585091 354488 837581 688651 274483 198914 395747 244062 145502 
573206 363479 974807 196317 608914 337400 111202 748723 305186 898498 ,363479 974807 196317 608914 111202 748723 898498 155512 254163 47090 
760537 911829 412017 659324 602575 224244 794381 271559 92034 885117 ,412017 602575 794381 271559 92034 885117 995218 953671 519533 274356 
655481 667388 446957 465051 643136 952534 410090 887583 475035 615191 ,655481 667388 465051 643136 952534 410090 475035 615191 649539 655842 
199203 522891 77649 440220 472720 64208 589878 796325 576423 68732 ,199203 440220 64208 589878 68732 836333 391464 937935 257219 240955 
42403 15090 191607 753132 879998 560888 315537 132956 739121 449280 ,15090 753132 879998 560888 315537 739121 449280 923950 3122 265395 
852258 861946 224448 821114 657848 15369 842597 538594 108815 885926 ,98649 867959 541471 804732 739121 563015 509521 36586 276672 71516 
416668 554407 731565 36230 481164 553442 725087 686539 733957 403151 ,36230 481164 725087 403151 58294 280799 199912 14576 710778 859812 
919550 540578 956401 904208 605719 868294 496662 223984 224939 842597 ,919550 540578 956401 904208 605719 496662 223984 224939 842597 44224 
950708 472557 672635 448302 373820 447339 672643 190708 190780 666872 ,666872 190915 822888 684850 538514 477409 479952 115641 448295 280799 
756769 443304 543291 44590 684850 190708 899268 446171 447339 835501 ,446171 672643 832364 114996 955574 903852 970484 570151 298735 755878 
548805 91764 199203 124755 243394 99456 257842 705617 558142 784569 ,548805 91764 243394 99456 257842 705617 558142 784569 169746 316991 
845078 46658 45745 379180 963712 52266 54844 260196 355179 666776 ,46658 963712 260196 666776 578681 414741 994404 902854 842088 487239 
465039 350659 321624 599103 546384 188825 795639 130804 429745 658386 ,465039 350659 599103 188825 795639 130804 429745 658386 336712 337400 
841262 401812 952814 492291 163249 352123 13583 519040 194551 339800 ,841262 401812 492291 163249 352123 519040 194551 92672 203481 321026 
857300 637314 294457 225412 191485 855562 544912 940606 858343 219521 ,294457 225412 219521 14735 101767 563997 224365 356476 193654 843562 
475697 856469 978754 479569 875205 136606 440781 456687 55214 334942 ,856469 978754 479569 875205 136606 456687 55214 334942 571145 398348 
970369 983996 889896 190642 785106 959962 837940 780515 919449 885909 ,970369 630356 515351 269540 886223 690476 777681 854911 547469 938463 
856745 673996 190617 446929 896596 190830 544976 836557 141433 768024 ,673996 190617 896596 190830 768024 672725 113269 833647 767968 6834 
408332 79648 430252 384232 89623 270334 157333 124745 185180 117533 ,408332 502284 533349 104718 364706 84996 86355 532645 294346 82241 
432375 518699 515895 336738 400676 363373 567860 187072 94749 634054 ,432375 518699 515895 336738 400676 363373 567860 94749 305944 544118 
541923 263012 534144 254247 92672 223663 522147 609204 997634 402558 ,92672 522147 402558 937138 930498 895372 702273 382689 563997 401812 
509911 496853 601006 94441 430252 997641 965995 384232 79648 238616 ,509911 496853 502284 104718 82241 365407 554870 636896 958512 732365 
242337 432077 952863 541682 125167 505377 749782 175746 228796 563236 ,242337 432077 541682 125167 505377 175746 618275 173344 682911 432995 
834640 620866 152215 635849 585878 663806 175298 784504 627928 573888 ,152215 585878 784504 498138 840120 973034 725439 830587 637671 30874 
29565 144945 686794 301947 622167 582847 205061 160995 277089 76492 ,29565 144945 301947 205061 208568 958971 218121 743138 966890 565886 
162969 406757 135018 184872 608691 86564 438881 664489 343298 681092 ,135018 343298 592843 679697 154144 183986 694822 846666 754302 161639 
807859 221258 762974 794755 77848 733838 755497 812340 779037 54518 ,807859 221258 762974 794755 812340 54518 478053 204105 53326 754416 
945657 14873 395782 522840 184872 160316 1764 77154 198394 13891 ,14873 522840 160316 1764 198394 74716 264673 266650 929109 583070 
472369 756268 536481 317898 238621 519708 699384 104982 549336 715596 ,472369 756268 536481 238621 519708 104982 549336 951271 972038 906187 
420062 90820 480587 228378 658133 390202 868129 965995 288728 215506 ,420062 90820 480587 390202 965995 288728 635996 365180 391742 391321 
969165 128261 850514 589380 513992 544912 58856 94467 225869 450044 ,513992 58424 214355 678059 515351 843562 42404 274352 555086 929536 
890533 656138 643706 23819 218451 608670 590817 759238 921356 815548 ,890533 656138 643706 23819 218451 590817 759238 921356 815548 402608 
232655 844133 108288 584138 655156 225321 106866 229289 25520 780183 ,232655 108288 584138 655156 225321 229289 780183 272997 699433 749630 
628615 18721 995995 398649 421544 422115 582555 196615 916876 390165 ,628615 18721 995995 398649 421544 422115 196615 916876 390165 385033 
16367 512640 965629 554912 884011 254921 766840 899507 930498 541578 ,512640 965629 254921 766840 899507 541578 962949 831497 554218 401812 
889231 556711 902423 974326 600083 476516 718369 831257 612143 48787 ,889231 556711 902423 600083 476516 718369 397303 43069 900571 944911 
938463 687176 60623 940578 204765 844131 269670 883513 489791 844162 ,938463 687176 60623 940578 204765 269670 862300 183950 197112 108216 
961885 891189 833050 537925 637733 828871 652750 837676 900960 290239 ,637733 828871 101866 334706 192132 917377 834144 666810 28025 416746 
555864 151421 502896 460458 555230 905157 344211 786567 64611 347448 ,460458 905157 344211 786567 93849 954129 107357 713871 725439 400676 
63993 499026 16040 59554 942514 11809 353083 519498 843160 435391 ,63993 59554 11809 353083 843160 239074 874948 128460 406048 214395 
627264 486868 187272 600469 737713 743804 22676 795249 914725 893649 ,627264 486868 187272 737713 743804 22676 795249 893649 634321 410121 
989557 249160 141592 774653 357769 40376 430950 28531 991969 64453 ,249160 357769 40376 28531 64453 381987 961145 722416 272997 403661 
186514 452173 899098 861865 561943 808647 83248 512761 425492 893359 ,452173 899098 861865 561943 808647 83248 512761 893359 504482 416400 
9892 883435 719093 164596 69029 387260 747638 573740 212460 252222 ,9892 883435 719093 164596 69029 573740 212460 252222 356879 130613 
820065 444126 146614 683522 19658 449420 252170 428963 192726 938954 ,683522 19658 449420 252170 192726 938954 258904 191731 596030 551723 
198799 18721 639696 486211 725684 754866 702271 668217 892469 528913 ,198799 18721 639696 486211 754866 702271 892469 78776 278350 398649 
217149 788582 357074 248028 39925 633712 906292 942772 952379 513162 ,217149 788582 357074 39925 906292 942772 952379 851429 257831 658810 
505231 823603 819739 614732 441619 238943 641700 225707 412490 302550 ,823603 614732 641700 225707 412490 302550 824994 833304 541044 445430 
114739 634187 865281 803463 753691 909284 483439 549336 187695 713015 ,803463 753691 909284 483439 549336 91352 886379 10384 931536 412706 
604316 996714 839952 569768 870441 667362 702274 830440 768326 190650 ,768326 558557 810889 701666 666810 764138 445116 536657 445743 38002 
218074 512932 535333 38002 604316 638615 424420 192132 768326 773034 ,512932 38002 604316 638615 424420 192132 830795 190807 190650 639430 
650793 189074 824987 653731 567850 905914 825347 983151 854122 986236 ,189074 824987 653731 567850 905914 825347 983151 854122 26028 542457 
914467 166385 84901 777139 921872 900748 243883 569013 54774 939160 ,243883 569013 54774 939160 804281 742856 226333 928530 981566 859888 
638544 604725 35011 848612 923619 852262 111835 614527 102234 203266 ,638544 604725 35011 848612 923619 852262 111835 614527 102234 26652 
890007 703195 889959 521977 218250 963938 247761 178996 501350 298972 ,963938 501350 115918 493122 480570 888619 331214 523243 370489 122359 
205322 95571 738815 117385 194764 572756 424682 416218 9600 526016 ,205322 117385 9600 526016 392813 82173 682220 198877 370489 787711 
53275 379912 556938 41424 2964 784180 635124 230983 916765 396181 ,2964 784180 186810 734555 574924 907223 99523 182356 718450 985694 
249730 242326 822183 144908 178503 170608 122049 952912 351413 246343 ,249730 178503 246343 429563 107243 703239 79655 964903 232400 631155 
717477 42431 716657 990933 737260 261627 886921 252 842719 74308 ,42431 716657 737260 886921 252 74308 654207 276671 638792 896033 
454159 842177 679194 510963 242824 159402 108667 152514 265518 928786 ,159402 884437 939553 854911 781797 129028 518555 186008 690911 199460 
161642 925386 520909 747868 181040 175427 419337 174734 724159 474634 ,161642 747868 181040 419337 174734 724159 474634 287583 159022 154393 
948540 476536 250271 481999 483684 188903 83022 294777 526679 943682 ,948540 481999 294777 953380 713054 324723 364843 717824 694545 223997 
468029 205407 376539 147125 902441 955573 260837 995525 52488 239626 ,888208 369344 90276 55396 331594 564582 410524 274867 102898 851203 
636749 650723 636284 555705 575823 474742 983658 48661 596577 873679 ,636749 650723 555705 495695 903813 365889 727019 982055 72436 788915 
920351 822209 658881 828231 755661 571026 12576 602365 101618 949163 ,920351 822209 658881 828231 12576 602365 101618 949163 545470 656883 
956741 209578 177163 40533 717584 175334 326725 913102 584838 716887 ,209578 40533 717584 175334 913102 584838 735270 21520 72919 377220 
956170 631839 260953 830319 960352 703718 85075 263627 440125 650819 ,631839 260953 830319 703718 263627 440125 650819 764724 288805 969842 
867646 556699 223895 17020 405895 20844 987216 36116 572989 197272 ,867646 17020 405895 987216 36116 197272 845799 268624 871441 890640 
662917 722712 312595 604180 627250 410634 534736 928716 297913 518935 ,662917 722712 410634 534736 928716 444444 824062 463546 559565 615425 
394920 996840 380696 796891 866591 711105 680799 679454 60325 410382 ,394920 996840 380696 796891 866591 60325 410382 538200 736530 479851 
220034 53694 210920 458303 351287 29701 223781 572356 516385 284600 ,572356 116232 887301 635434 582015 452839 850629 601114 663937 699962 
541682 516549 535070 965995 50363 1449 823560 754012 306632 990138 ,50363 1449 754012 990138 494608 356019 246532 564133 917855 527710 
689994 532501 961640 646166 127338 782222 862372 853233 51312 551370 ,689994 961640 782222 862372 853233 560805 842887 741350 49780 729315 
531690 668806 177739 376938 326418 206161 224627 723978 16443 764142 ,668806 376938 206161 723978 16443 764142 554579 531882 543937 332723 
991506 647904 646770 5846 834229 611234 879576 720260 877918 829432 ,991506 5846 611234 877918 652474 792983 637029 614889 814877 787856 
64886 56892 405858 172317 449108 6191 307232 387820 66552 781135 ,64886 56892 405858 6191 66552 781135 155389 197548 882733 883373 
271894 294457 272817 725592 42957 522388 15431 839542 895565 369019 ,271894 294457 272817 725592 42957 522388 15431 895873 594444 431231 
188537 898181 11427 224521 1511 90392 882795 240535 511441 30152 ,11427 224521 1511 30152 947061 525522 197131 109729 407873 70974 
738938 415291 566707 458284 518722 312569 940910 769376 953076 615670 ,738938 415291 458284 312569 940910 769376 953076 615670 575450 341470 
124563 457002 125064 802509 758758 375279 111514 832982 871581 758328 ,124563 125064 802509 758758 375279 832982 871581 758328 567321 936074 
559587 246532 559637 23592 369985 90232 536882 738635 523330 433853 ,559587 246532 559637 23592 90232 536882 738635 523330 50779 68675 
668431 820836 30212 79384 819321 470621 365830 630177 182618 429545 ,79384 470621 630177 763533 180916 168629 392171 68675 892278 518443 
699956 261758 111921 104889 815414 87485 129755 526571 429542 279788 ,261758 111921 87485 526571 429542 511356 305110 158933 429256 154152 
393223 168944 598082 266342 269728 712299 394790 334811 830800 333486 ,269728 394790 830800 273972 813997 561927 327166 842220 564324 689217 
681403 457041 6585 343066 798348 164000 275631 380418 77583 985116 ,681403 77583 801107 633499 427201 417566 705433 684179 41377 945160 
936205 831604 905442 831566 849508 11063 841377 686999 121932 744965 ,121932 744965 916943 271461 239518 858683 512136 842427 647095 191298 
810837 852293 959069 561819 772403 771616 375235 962400 772668 716841 ,810837 959069 561819 771616 375235 962400 716841 667799 640226 824312 
116226 535513 272022 836466 82760 508311 560374 78945 399271 518802 ,535513 82760 547799 809717 464862 5113 602021 752862 231032 464831 
914698 128410 987488 495362 354818 836536 198394 737266 802625 690760 ,914698 128410 987488 495362 354818 737266 128352 933486 664838 691313 
696822 328336 311915 173498 991916 16367 232907 418676 304056 252043 ,696822 328336 311915 232907 252043 515320 636713 477065 414936 630577 
468487 23588 892041 426447 708759 563907 536414 638079 599145 450653 ,468487 23588 892041 426447 563907 536414 638079 599145 450653 429855 
962400 843968 348473 716841 930113 104148 399733 641751 489910 996378 ,962400 348473 716841 930113 104148 641751 996378 640226 849689 954910 
399733 356306 248253 2964 954910 914532 653855 208970 601144 877988 ,399733 356306 248253 2964 954910 914532 653855 208970 877988 944001 
970175 32419 974814 947662 241677 550573 951453 522611 798633 27357 ,974814 947662 241677 798633 392722 575052 400944 753924 909140 187395 
40262 206 67408 426447 304988 501866 614921 790727 4569 321743 ,749481 279788 151232 420680 809717 23463 635111 525052 452711 420312 
75867 330730 65478 684588 869743 841563 229701 15745 629515 202361 ,75867 330730 65478 869743 841563 15745 202361 916319 171244 423568 
996788 905442 744965 703038 730825 862379 265033 690760 717797 58668 ,996788 744965 730825 265033 690760 58668 548896 224939 668103 60550 
886056 671160 678425 6854 851819 202537 560330 399362 277639 746993 ,886056 678425 851819 560330 399362 277639 312181 957963 879247 398322 
143165 983308 986153 505548 256062 979516 272354 398354 434269 899737 ,986153 505548 979516 272354 398354 899737 68328 869094 681403 700176 
82318 582121 681693 34253 617109 332721 982412 70575 546348 548761 ,82318 582121 681693 34253 617109 332721 982412 70575 700044 903345 
71746 737850 440051 854562 185826 154230 394435 948775 419680 967621 ,71746 737850 440051 185826 394435 419680 967621 497336 75041 378482 
548709 803234 370490 684710 659522 895834 729910 485496 741038 518731 ,548709 803234 895834 729910 485496 741038 518731 21365 579261 509621 
542507 140914 511890 458019 714238 412843 534379 30233 910968 617109 ,623870 529386 58278 953709 247417 432633 458477 79540 82185 833815 
236889 428121 247297 497400 429531 326875 686293 378939 51434 601224 ,326875 601224 236918 569329 246619 323582 905727 194882 698932 153659 
660833 560726 810312 826161 772195 522021 632820 647769 572765 959359 ,660833 826161 632820 647769 572765 959359 194096 566246 428228 781695 
479575 809344 604194 914033 375567 579677 201504 388746 384275 465856 ,809344 914033 579677 411345 592475 578111 108405 403130 457041 275140 
259915 342887 374331 66781 636615 289733 94758 143773 159462 425878 ,259915 66781 289733 143773 159462 425878 401779 255392 634889 840265 
566272 920600 521858 429855 363923 106508 450653 426447 482510 84616 ,920600 521858 429855 363923 106508 426447 482510 518293 42549 524011 
663158 501212 372401 566304 530351 242187 83724 130334 514088 227191 ,663158 501212 372401 530351 242187 83724 130334 227191 521858 501866 
558135 55396 500645 111632 532682 35540 355214 56709 279715 111985 ,558135 55396 500645 111632 532682 35540 355214 56709 797325 326763 
933486 141123 781218 527624 56046 311051 812863 198394 901611 717797 ,933486 781218 56046 311051 812863 198394 901611 130156 858265 246779 
95416 792348 809716 146325 169775 7849 929942 862796 364319 567822 ,95416 809716 146325 169775 7849 862796 364319 567822 262003 564292 
742831 898908 191124 683154 236060 765273 24618 915106 199372 265787 ,742831 898908 191124 236060 765273 24618 915106 199372 604269 753642 
595867 16367 268523 915914 40372 346855 417404 569698 71801 886949 ,595867 346855 886949 836813 459388 868016 732666 633859 595105 271461 
228778 689820 68369 521858 514088 227191 519086 168558 130334 53644 ,228778 689820 68369 521858 227191 519086 168558 130334 53644 480728 
130757 914033 297426 633728 889693 205065 384670 556368 636291 736051 ,130757 297426 633728 889693 556368 997637 193875 798618 302 384110 
973920 178447 397784 119635 26168 118838 634695 514815 233860 368038 ,973920 119635 118838 634695 514815 233860 368038 82692 517998 205671 
793020 920708 969283 671199 627793 770421 411907 763526 429409 422847 ,793020 920708 969283 627793 770421 411907 763526 422847 759014 322916 
271461 561733 425878 680894 142075 837352 415217 246290 60550 332207 ,271461 142075 415217 60550 332207 362505 780498 594635 376266 598020 
334248 80590 731547 11027 89577 226866 849827 347075 410634 700505 ,731547 11027 89577 849827 700505 345483 303875 62768 324631 505414 
861330 323046 614972 274688 105156 840894 283709 846634 94207 748669 ,861330 846634 25784 440227 522242 143484 520143 396739 353466 815199 
4849 207088 417556 212601 890338 43074 207062 191124 768211 898908 ,4849 417556 212601 890338 43074 207062 191124 768211 898908 742831 
833597 729698 483238 770632 583852 291770 991565 945837 95375 387013 ,729698 483238 291770 991565 945837 387013 619280 224058 147178 34208 
624506 325723 159681 578271 111797 402931 299684 454902 507055 888844 ,325723 159681 578271 111797 402931 299684 454902 507055 888844 741330 
654231 804531 850298 37725 791407 826093 826076 667224 122412 446200 ,654231 804531 37725 667224 122412 446200 953335 655150 892863 656668 
267282 668535 354156 22313 788164 568186 750939 251847 401820 737879 ,267282 354156 22313 788164 568186 750939 251847 737879 320453 577912 
614619 494013 298319 814897 178601 575115 11940 883986 634473 737326 ,614619 494013 298319 814897 178601 575115 997700 450838 43320 48958 
100909 857686 215810 834774 798938 836917 892274 45745 929630 539921 ,834774 892274 539921 839347 606072 638807 38948 996890 976988 232700 
502733 786958 809364 312756 793735 322857 353602 958274 50867 807117 ,502733 786958 809364 312756 793735 807117 236060 502563 614811 356455 
452529 161397 538738 322307 366540 667824 755335 263686 782091 428963 ,452529 161397 538738 752855 338298 324055 334248 791000 432470 876362 
231702 987455 902845 159243 532930 2547 376691 482510 89280 83000 ,482510 89280 517739 303875 154081 359521 832931 464831 106267 435956 
95510 754728 69262 278014 140914 721140 60127 513 928413 81791 ,140914 931528 893218 785396 750639 70575 916117 860153 834003 734235 
150866 553773 52689 801124 471876 54866 540197 963904 409200 518179 ,553773 801124 471876 963904 409200 518179 706394 413350 10413 756612 
267006 265823 824154 84608 660632 237945 489257 475890 498189 92061 ,267006 824154 84608 660632 237945 489257 475890 498189 92061 56956 
888296 197802 889693 933921 989581 176495 182701 403593 116774 835647 ,197802 933921 989581 176495 403593 116774 835647 225441 858448 934023 
500516 640940 282792 449695 543448 770508 477689 410499 56956 642842 ,500516 640940 449695 477689 410499 642842 862598 477429 183460 264645 
759315 901909 824861 819588 190830 412883 987963 918269 641557 702436 ,901909 824861 190830 918269 702436 313595 752632 888208 55396 246992 
246972 410598 849088 898324 887124 539313 666774 810383 773043 768046 ,246972 410598 849088 898324 887124 539313 810383 768046 373735 545714 
560921 451392 161273 723478 241562 214734 842918 70039 509616 942574 ,451392 161273 723478 241562 214734 842918 942574 490940 63249 588313 
945259 544114 190935 612103 420609 637671 123052 703517 516749 30722 ,945259 190935 703517 30722 130936 480914 526255 176350 253206 379342 
572721 499372 22671 6026 720189 31204 570143 977324 482949 469560 ,499372 6026 720189 570143 977324 454276 547325 458025 458481 168277 
97551 292266 463035 260276 318999 249207 658386 760899 74028 526086 ,463035 260276 760899 74028 247954 292981 652817 210981 330044 574963 
44527 217512 636128 830197 500182 551570 282281 535245 224188 704488 ,830197 551570 282281 535245 704488 875824 407970 258136 4343 521196 
475871 342041 50962 422196 910288 762885 153304 471814 404318 53373 ,475871 50962 762885 153304 471814 404318 567469 218541 111496 874460 
359519 756551 362201 489732 163290 608605 160915 796229 774829 983466 ,756551 489732 774829 483399 288010 193318 288894 844656 193593 417671 
936494 704473 842871 670642 145127 880396 193076 941640 504686 11827 ,704473 145127 880392 662165 14089 914596 203192 620819 809506 895024 
39255 487147 155871 64610 342133 58424 933921 456287 997619 594153 ,155871 64610 342133 58424 456287 594153 451307 235975 513992 180281 
355991 361718 817447 547091 698768 364938 700607 669276 464131 273038 ,361718 817447 547091 464131 79950 434288 53670 82561 702870 743843 
312034 239561 143212 221 134479 974019 806728 580837 810190 377458 ,143212 221 134479 806728 580837 377458 239365 945490 809710 513150 
448352 723116 480452 251458 260770 738348 123846 510312 200722 496096 ,723116 251458 738348 510312 200722 496096 261697 114840 520032 684146 
183995 275571 175782 552066 507703 687208 785984 195353 475928 299997 ,183995 275571 175782 552066 785984 195353 180156 581396 260582 486492 
447424 24425 996571 666741 672514 448275 534425 824058 997781 545747 ,447424 24425 996571 666741 672514 448275 534425 997781 545747 768052 
804744 507813 685137 89850 678528 119637 733079 886979 669529 695981 ,507813 685137 89850 678528 733079 311032 581445 406652 927168 790359 
972716 851677 823148 334624 640083 766264 810687 560993 340760 894600 ,972716 823148 334624 640083 810687 560993 894600 890837 625606 64930 
763256 822809 823682 35133 391020 719417 46811 251673 107972 328333 ,763256 822809 719417 46811 107972 183922 665239 348172 266242 201964 
21153 97969 469990 5808 288067 982051 371908 117331 531577 605779 ,5808 418049 861899 517299 917405 57459 619025 558427 238092 714304 
890503 898806 740812 868685 205777 17314 853254 504741 966913 625187 ,868685 625187 376063 875318 706878 944704 483470 970418 97218 575822 
93138 788563 124199 256236 493923 760733 359141 967403 743640 64531 ,93138 124199 256236 967403 890308 391397 398858 512240 406558 272047 
898236 926587 301614 166237 353617 164168 18767 608811 513407 669429 ,926587 301614 353617 164168 513407 669429 806666 80694 465890 355019 
235809 914710 600736 427266 166887 104748 62298 5948 221902 634744 ,600736 62298 277712 541033 308811 34039 823770 74444 89873 243357 
17691 606758 782969 351642 535214 51399 637442 112831 174394 587428 ,17691 606758 351642 535214 51399 637442 587428 22026 825958 522327 
714557 746784 110694 148274 961021 832173 761967 793146 431704 273687 ,746784 148274 961021 832173 761967 431704 539982 349197 644929 623792 
584746 397147 389573 416239 958998 772974 771616 832267 856952 921094 ,584746 397147 416239 771616 921094 223718 450624 583425 483306 538732 
358463 468480 27317 86018 24929 543528 627369 205628 741674 266967 ,468480 24929 543528 627369 205628 266967 219925 203730 37416 264591 
962882 485292 170995 366445 868581 89942 928423 791336 750841 515906 ,868581 89942 928423 868889 228002 221209 605387 982822 858959 733843 
855599 280091 633510 786510 86023 472775 81732 979857 898250 222217 ,855599 280091 633510 86023 472775 898250 728480 382426 213671 602179 
350739 635829 426515 97732 704655 738989 419969 503281 916647 226072 ,350739 426515 704655 738989 419969 916647 226072 621991 452978 179695 
974097 760718 735103 429591 76590 60830 819119 152676 272051 790899 ,760718 429591 60830 819119 272051 790899 364260 905017 611209 167988 
301398 188161 127577 146986 880286 90594 745948 77493 998983 695675 ,301398 188161 127577 880286 745948 77493 998983 695675 429102 385173 
848571 919688 641015 900881 389573 934928 770834 835371 890741 142927 ,641015 900881 890741 611886 698762 460578 145638 825236 409011 962066 
274071 89946 16824 635772 660358 262774 969192 740630 466768 88784 ,274071 89946 16824 635772 740630 466768 168625 4712 907638 969286 
869180 453539 609697 363376 606758 738630 358836 236161 452978 22026 ,351206 174933 17691 569758 249336 518635 201660 778856 554607 81546 
539593 264349 422344 57259 38135 683142 978678 539555 105059 622945 ,539593 264349 422344 57259 38135 105059 622945 891569 771098 849046 
703443 109292 194619 990109 963230 160774 86018 868836 272312 843214 ,703443 194619 990109 963230 86018 868836 843214 778372 663767 745831 
27676 141852 580034 143131 296718 109529 368170 600483 674007 664657 ,27676 141852 580034 143131 296718 109529 368170 674007 664657 645625 
772904 173045 618697 308748 167639 276409 35502 938862 645200 801965 ,772904 173045 308748 276409 645200 801965 741074 646879 899743 391397 
506418 66462 8339 743304 442201 432822 26666 140006 454098 183338 ,26666 140006 454098 183338 264533 720139 55991 785398 215352 292264 
12505 832578 596101 124989 851193 85460 771616 271909 508511 513458 ,832578 596101 771616 239460 735866 475191 406174 671397 346864 940904 
505833 177951 111554 45463 944033 391430 277861 585523 130181 813205 ,505833 944033 391430 277861 585523 130181 496590 74587 426028 515782 
73016 857667 404991 478882 599381 943849 957890 63858 869970 659094 ,404991 478882 599381 659094 152489 33261 466768 215352 706801 138644 
358334 118015 888788 705810 95492 152115 295684 439188 564710 312267 ,358334 118015 888788 295684 564710 247545 271917 245823 179108 325759 
88916 498123 481052 106458 468323 107452 728894 533707 321099 739161 ,88916 481052 468323 107452 739161 716515 519831 547380 272051 925390 
618007 331127 661248 343071 170524 354448 230157 333693 520077 364068 ,932761 578043 705489 243678 9779 299986 937723 802005 299964 563002 
92030 415326 718462 744527 499716 348252 956861 99040 434629 585417 ,92030 415326 744527 499716 348252 434629 585417 61252 964787 965811 
134502 281770 354520 389095 79518 301855 464810 322356 324214 361724 ,134502 322356 516659 419903 808645 329181 25615 474880 634584 724317 
686650 602364 874988 246942 629122 485904 708075 205818 577847 706181 ,686650 602364 874988 246942 629122 485904 706181 908349 3515 986980 
394757 325724 256236 753458 395623 394064 498102 74339 505599 936346 ,394757 256236 753458 394064 74339 505599 124199 236520 526649 530607 
500254 401266 716351 165997 612571 241610 231457 602112 315113 405900 ,500254 401266 716351 165997 612571 241610 231457 315113 405900 157811 
363189 868889 987478 124171 712735 594661 868427 842560 879717 920647 ,363189 868889 987478 868427 879717 60414 107584 224295 923791 876982 
473335 14314 862259 267593 868103 576980 842560 732765 513758 497061 ,473335 14314 862259 267593 868103 576980 842560 732765 513758 497061 
454709 578461 581535 39149 939654 562119 557323 455198 230311 451624 ,454709 578461 581535 39149 939654 562119 455198 230311 451624 559404 
194096 101242 534623 782969 569758 657949 560400 947611 453539 637365 ,101242 657949 560400 947611 453539 637365 772038 43940 923205 308208 
199747 254493 870700 875780 635438 84314 411330 553409 282023 321571 ,823356 909711 28486 562757 936102 102616 346905 549168 625168 735337 
637345 763041 246592 529072 156622 96151 815303 658192 566270 186290 ,637345 763041 246592 156622 96151 815303 658192 589156 487378 82812 
757838 895382 757250 992390 627925 240681 296718 675579 433142 561243 ,895382 757250 627925 675579 433142 561243 889874 666689 407476 631569 
448357 573703 17673 122875 925390 571989 965059 841436 528459 430519 ,571989 841436 528459 430519 690078 137868 748078 323341 497190 600477 
884288 223734 124171 868427 940639 73785 842369 251819 270874 931877 ,223734 868427 73785 842369 270874 882077 806912 931707 387883 842348 
730697 730609 618697 470554 898028 658808 823227 585523 570596 267480 ,898028 658808 823227 570596 267480 664641 306559 222876 762479 368432 
811249 83999 841050 225026 237601 824318 675726 131797 668489 854955 ,811249 83999 841050 225026 237601 824318 131797 668489 854955 375112 
849503 842348 752552 936966 201386 905441 73785 879801 931707 480428 ,849503 842348 752552 936966 201386 905441 73785 480428 11255 883350 
182703 705635 982804 389991 918887 18772 869865 14783 169158 888133 ,982804 918887 830820 399484 680079 940928 545939 712330 847487 874753 
181649 522866 241888 551303 662089 531592 534355 939903 151540 246073 ,181649 522866 531592 534355 151540 481937 518107 279028 583913 301855 
342930 93363 954491 748117 682836 62097 500636 916035 286371 618115 ,682836 782389 885995 63680 13412 877134 123775 932761 251819 548980 
519018 255450 295226 458685 260024 518107 242565 711474 684329 616369 ,255450 295226 458685 518107 242565 684329 173889 635770 238697 838043 
304992 526463 401263 83125 885036 663979 550626 599075 279028 691199 ,401263 885036 550626 532036 299142 87209 96358 82812 361724 435843 
186052 582124 812117 415865 759522 409466 806666 624773 157320 7013 ,186052 812117 415865 759522 409466 806666 624773 157320 7013 285538 
910823 313482 134078 906985 640120 918643 479188 714456 910904 544262 ,910823 134078 906985 479188 714456 544262 665349 193954 716949 735596 
550713 545390 55996 430675 520566 497082 362353 887820 732424 748850 ,748850 306092 606964 464980 175295 364007 785124 77959 502124 931246 
554503 799849 74812 701180 170725 697177 750841 968909 986298 45334 ,799849 74812 170725 697177 750841 968909 986298 185820 326842 541010 
752994 429039 73917 711152 720163 998983 968909 231878 230230 754350 ,429039 73917 711152 720163 998983 968909 231878 230230 754350 553094 
814154 932753 490992 799316 979419 655087 732889 877039 91201 247138 ,814154 799316 655087 732889 91201 247138 792187 144781 163026 248609 
236520 823227 124199 398858 754434 554825 932753 975072 295582 829973 ,823227 124199 754434 554825 295582 348987 732889 406558 530607 512240 
273331 593814 765742 402381 163525 562456 780315 160595 689280 213508 ,273331 593814 765742 402381 163525 562456 780315 160595 689280 213508 
848283 443810 852359 853469 251819 270874 883202 997301 190524 993483 ,443810 251819 851881 542371 782389 60814 877134 63680 203987 769586 
852239 889095 768227 544978 899008 768804 224926 124171 681908 644421 ,768227 544978 768804 644421 768169 855556 387883 842090 919550 251819 
185980 20938 386048 508821 421429 275429 121014 90988 217320 920563 ,185980 20938 386048 275429 121014 217320 596890 226783 527185 732602 
211856 472513 222403 583084 622156 669732 482841 434323 50087 534123 ,211856 472513 222403 583084 622156 669732 482841 434323 50087 534123 
115576 392237 595113 531893 288905 358378 769678 366890 205721 629982 ,392237 595113 531893 288905 769678 166196 897472 883548 655767 440155 
638483 971283 259110 677214 758305 570584 651498 794892 423959 312188 ,758305 570584 794485 426829 445665 906900 792207 287946 537376 654304 
748646 518802 465009 755689 163909 307756 510190 150374 806918 738529 ,748646 518802 163909 510190 150374 603545 669014 955111 281631 136007 
188398 285700 213636 384252 796554 268603 497259 326011 871138 629003 ,188398 285700 384252 268603 326011 871138 629003 203928 179575 508910 
160385 532665 827398 167950 893544 622627 118951 276849 896441 81992 ,893544 118951 276849 896441 238682 316598 377044 438843 278385 770441 
892135 111137 260013 44760 59056 268198 193737 426986 562263 529969 ,44760 59056 529969 514290 993942 923495 265595 81791 144096 494794 
783502 431675 994280 132562 466854 106267 265769 62192 398341 460206 ,783502 431675 106267 460206 251835 987448 133216 497125 876838 110872 
807225 796817 305131 186880 287047 50912 784790 512326 55167 874566 ,807225 796817 305131 186880 50912 784790 55167 874566 895440 700265 
295631 966233 663499 492332 1982 730500 720946 841514 198558 181211 ,663499 730500 181211 918702 883912 770734 844314 788517 142227 984097 
479439 446356 837308 636826 447346 656541 655097 960049 410864 102623 ,445918 826998 654304 655902 820554 894377 287946 762262 783250 421614 
961155 429910 869489 5737 121911 308460 711792 692123 271112 51357 ,961155 429910 5737 692123 529013 293921 516572 528776 471784 307259 
196722 926650 85318 614764 504634 260728 280666 690222 157772 116194 ,196722 926650 85318 504634 157772 82312 272811 107401 660565 967754 
340776 225648 273628 281462 181956 355915 466918 295106 302879 525120 ,273628 466918 523040 69227 920942 740360 353964 760730 734910 340849 
271222 925580 882822 510831 826821 779044 284571 857372 158565 342153 ,925580 510831 826821 779044 342153 336266 198017 75582 351632 971250 
244166 363958 232833 738509 991735 824073 790008 557543 305690 920674 ,244166 363958 232833 738509 991735 824073 790008 504551 373217 601031 
308460 355943 66209 283420 776987 948669 323522 426893 17999 669790 ,355943 66209 776987 426893 669790 525201 442203 51357 365409 513861 
769935 43941 299659 411376 820849 111237 247415 769776 158326 262378 ,43941 299659 820849 247415 158326 262378 475842 305866 606817 258830 
765727 290147 720613 450958 583239 735672 661516 105737 810500 357761 ,765727 720613 450958 583239 735672 661516 810500 357761 66795 270197 
597521 30791 662974 21263 550321 734913 910736 525033 496918 1545 ,662974 21263 734913 910736 525033 496918 1545 844423 862831 599484 
242088 399468 690059 869212 176198 645681 209036 586351 281631 26625 ,242088 690059 176198 645681 209036 586351 281631 955111 342446 217320 
526868 182139 548865 951944 637879 293028 600734 435956 728003 607438 ,526868 548865 951944 293028 600734 607438 298788 777194 903171 846773 
299843 454743 66492 525557 724272 384233 780010 74197 431654 286513 ,299843 66492 525557 724272 384233 74197 431654 123935 547582 533909 
178610 987745 364363 243964 46432 925943 5111 873319 39667 966891 ,364363 46432 5111 873319 39667 510438 582127 370312 9819 236986 
616653 430029 329597 449164 801200 271383 379492 855226 333996 170122 ,430029 329597 449164 801200 250211 264310 399975 162776 573343 514493 
594702 887719 207580 538689 867751 627895 970091 544978 848913 481240 ,594702 862379 157708 12842 883652 391053 886299 36303 209531 407703 
655625 864634 319839 605254 117808 366850 44980 839036 367320 818429 ,319839 605254 117808 366850 44980 839036 667503 580833 744971 675103 
931773 431934 505262 951808 921171 811800 883509 274803 483797 931707 ,431934 951808 921171 811800 274803 223869 16078 281419 393717 543690 
754776 128427 336500 773470 734898 775399 187893 908009 490116 254717 ,754776 128427 336500 773470 775399 187893 908009 254717 174371 533698 
905147 227640 271209 694002 403058 941164 304695 336906 699658 350474 ,905147 694002 403058 941164 304695 336906 699658 350474 408500 306070 
940934 293466 110155 232445 554532 293411 462268 804496 529911 450124 ,940934 293466 110155 232445 554532 462268 804496 529911 450124 125084 
53312 54723 962737 910590 743834 52854 677518 867075 666217 631019 ,53312 962737 910590 677518 631019 740668 892066 250720 48942 768779 
200203 560942 705453 14839 842104 905442 987053 207435 739784 391053 ,200203 560942 14839 842104 987053 739784 391053 842319 402150 899252 
596247 795683 349048 135947 752844 181378 12830 886949 842319 901508 ,842319 14839 364656 880842 862780 442863 603291 930960 920744 532517 
799586 520456 974974 329014 893715 81795 929722 220699 721355 895381 ,220699 488852 41837 850706 712518 194776 460591 552377 542155 242718 
250211 683394 162776 597521 822674 550321 578904 242627 203825 431585 ,250211 683394 162776 822674 203825 87057 328103 75934 662700 21263 
522525 920942 127465 322685 523040 678951 790838 767201 160417 389288 ,920942 127465 322685 523040 678951 767201 160417 389288 910736 770631 
856108 301741 360514 360877 926868 233297 422525 689984 842980 489522 ,856108 301741 360514 360877 926868 233297 689984 842980 876981 13371 
228649 485342 622360 485024 594652 932356 282696 836851 181211 701503 ,228649 932356 836851 701503 202537 208372 183755 566033 513495 315760 
641218 999474 991870 810417 774390 378867 478357 675309 706695 385692 ,641218 991870 810417 378867 478357 675309 385692 353829 754418 807966 
123800 525718 616826 524433 87370 280783 689808 98729 435097 417235 ,616826 689808 98729 435097 417235 522525 827417 806877 322376 186698 
171626 938274 887266 972295 125017 881770 821159 106697 698870 123480 ,171626 938274 887266 972295 125017 106697 123480 171718 986184 887747 
577560 664424 495448 334143 109979 739332 451167 563165 236703 730500 ,664424 109979 739332 451167 822434 265656 267093 209539 864082 687439 
788517 222182 312647 141431 213887 275684 64928 114583 197263 956474 ,788517 222182 312647 956474 856330 958979 316109 584173 918720 392078 
286030 267384 266225 976830 463120 819024 83552 540999 604499 895209 ,286030 267384 463120 83552 540999 604499 137202 284571 258637 302776 
587260 26369 866775 646278 739335 29364 51929 591577 446101 24808 ,26369 866775 739335 29364 51929 591577 446101 24808 605915 608625 
210397 15867 564119 670278 824960 934716 868851 906501 681984 215673 ,210397 15867 564119 670278 906501 681984 215673 879919 199740 544908 
208435 366041 678843 596247 798036 627710 12775 199606 272094 16323 ,208435 678843 798036 627710 12775 272094 16323 490885 713515 804996 
773902 674873 855185 985799 613933 161091 553065 841960 307095 992916 ,773902 674873 855185 985799 161091 841960 307095 391057 659634 845732 
473208 522661 720970 506790 731416 20329 153036 465701 281631 609417 ,473208 720970 506790 153036 609417 473048 690069 88006 504834 756670 
629812 474269 513121 483660 463817 527044 406950 176198 461496 287298 ,629812 474269 513121 483660 463817 527044 176198 461496 316870 997771 
190471 702149 647545 40609 309541 358369 668296 972680 779875 716240 ,40609 959651 758074 837464 942023 272244 886068 99964 979293 218028 
211533 532368 549050 770861 526495 870440 971285 169304 398489 271068 ,211533 532368 870440 971285 455628 522625 575285 384013 652837 690870 
213711 912885 887428 810171 354462 912239 770646 506214 979771 942542 ,912885 912239 506214 979771 430616 929250 860694 994143 948080 356877 
350502 188418 389347 82378 521380 806078 723252 325185 823923 513707 ,188418 389347 82378 823923 513707 12925 790727 815402 40560 42882 
191113 210486 957385 861019 929536 917563 831604 970367 200117 964670 ,191113 210486 957385 861019 917563 200117 791553 477172 889114 929918 
722974 109995 869248 296663 875987 987451 172250 691460 751362 520408 ,722974 875987 172250 691460 751362 296163 903806 325648 75904 694306 
722625 225682 594627 522318 201704 101215 2665 32269 149216 115094 ,522318 201704 101215 695654 896928 911030 269095 565743 932585 924740 
543377 622173 879748 71505 934276 917563 861019 594283 425360 594645 ,543377 622173 879748 917563 861019 594283 594645 482133 855611 253339 
195117 473957 187208 251804 844595 209709 897334 821528 880392 642311 ,473957 251804 642311 563754 390619 960928 160038 427 531490 757451 
515637 751858 692051 431962 119561 933223 865628 27099 626748 175764 ,515637 119561 818575 433778 284804 933537 182839 139369 8331 489764 
445449 593388 667362 415713 796107 702274 849094 478615 827171 446171 ,445449 593388 796107 478615 827171 256448 615769 240654 672920 716240 
835370 176248 800731 583782 874520 888344 883752 162234 66329 251329 ,176248 583782 874520 66329 251329 711707 365615 93708 48533 312483 
556089 271154 227111 149216 313863 940698 581622 495811 991521 562805 ,149216 313863 581622 550561 421162 289386 452153 295795 879809 708705 
812541 492271 274581 951394 610915 66952 563349 469094 746798 36907 ,812541 492271 274581 563349 36907 703934 578311 21273 260427 140151 
728112 908305 724311 630298 492321 426672 104815 589735 565724 503362 ,728112 630298 492321 104815 565724 503362 595266 630733 19480 26260 
223669 697964 223901 873669 99955 966447 681872 909117 380584 540503 ,223669 697964 223901 873669 99955 681872 909117 540503 83176 369 
431196 704389 988124 1233 271363 775304 242244 313018 364076 350581 ,1233 424703 485921 610168 97655 106266 273309 520425 71619 491705 
968313 260329 748222 483739 81156 529188 433970 345126 128328 968881 ,968313 748222 483739 128328 22328 632121 825320 363441 110407 516364 
767830 335371 594283 843911 63348 713081 819615 391349 15302 966233 ,767830 335371 843911 63348 713081 819615 15302 104022 952302 243076 
413411 391294 493976 345890 34370 395233 3241 63817 966202 680807 ,413411 391294 493976 63817 680807 534073 25520 238323 916699 290927 
17577 419736 512837 484880 525606 708934 350502 868107 473369 151537 ,17577 419736 512837 473369 151537 698375 323249 784792 111963 498654 
410567 627953 555104 853444 900960 144767 957131 810889 829219 537925 ,853444 900960 144767 957131 829219 537925 447161 443405 447554 654205 
205832 59153 803536 867709 473957 560980 269540 69634 392168 987052 ,205832 59153 803536 867709 269540 392168 665178 401843 180169 213389 
496378 802922 211918 10517 666509 630988 190024 197661 681887 14977 ,496378 802922 211918 10517 666509 630988 197661 681887 14977 521817 
851720 846063 926525 445691 749302 342368 129602 668743 791015 254248 ,851720 846063 926525 445691 749302 342368 129602 668743 791015 254248 
82856 524500 516395 704213 323249 264398 283985 106348 264783 518085 ,82856 516395 704213 323249 264398 106348 40560 627921 17577 208790 
15903 839683 987052 198200 957385 998128 888133 842556 863986 89152 ,89152 269540 902150 223904 494831 843562 515351 678059 513992 892023 
744242 473957 924175 632706 338410 509011 338599 306597 506005 539737 ,744242 473957 924175 632706 509011 257062 202148 710238 784508 196477 
683279 731621 584399 26201 282106 502239 455068 533463 308594 576794 ,683279 731621 26201 282106 502239 533463 308594 576794 340009 522529 
86835 105479 107250 432443 405482 701137 194536 196767 920883 90081 ,86835 105479 107250 405482 194536 920883 90081 466960 788392 303171 
366396 413633 927037 57340 861666 664954 800279 270906 837645 514550 ,366396 413633 927037 57340 861666 664954 270906 972926 956680 518588 
402687 657659 42381 900506 667587 303620 638748 758328 832459 26098 ,402687 657659 42381 900506 667587 303620 638748 758328 832459 26098 
143414 853032 973644 41209 561567 836251 731553 992437 954159 315342 ,41209 561567 954159 65810 569964 142512 758030 162771 294491 590833 
66543 198200 627990 67742 843244 946657 572901 872999 596941 620771 ,843244 872999 596941 620771 514701 15883 199489 1699 917473 960928 
593145 373283 572787 993509 219665 713958 674208 533405 334848 737270 ,373283 713958 674208 533405 33250 677629 416879 249337 597727 661700 
295271 723252 82378 799382 427460 806078 339347 350502 108248 336937 ,108248 790727 293672 40560 996018 401582 450185 540616 389347 261574 
953645 293845 292613 202429 497172 784883 646912 255306 112967 60763 ,953645 293845 292613 497172 784883 646912 112967 60763 236681 960658 
654979 655097 446067 823535 862343 536901 787918 642521 215675 905897 ,654979 446067 823535 862343 536901 787918 642521 215675 905897 657721 
804283 468060 161381 488827 420321 690025 565724 468374 258070 512938 ,804283 690025 619019 202230 158646 276003 10124 240002 158694 721202 
419738 724435 83543 681343 380915 304056 685913 478558 49875 415015 ,419738 83543 681343 380915 685913 49875 494093 223773 708445 555052 
716188 968273 255499 935950 423066 736934 823040 24043 993819 800460 ,377687 820658 628498 656683 677809 696979 6754 677361 799965 850381 
900137 970328 881310 52267 533039 932927 5400 906811 244650 445185 ,900137 970328 881310 52267 533039 932927 5400 445185 8014 827544 
870954 391878 477607 606844 694950 72678 433360 911884 254260 363482 ,694950 72678 911884 282049 175764 985735 497935 241880 634967 600852 
31811 345381 826273 610157 79872 339250 309759 862665 564275 103521 ,31811 345381 610157 79872 862665 940256 506190 238206 504223 780554 
583024 110870 128328 33895 234868 485045 112700 313037 457235 369990 ,110870 128328 485045 112700 313037 457235 369990 764693 323943 322087 
814843 899255 217492 834287 976534 957371 789988 881356 411237 807643 ,814843 899255 217492 976534 957371 789988 411237 616406 801578 820535 
929322 834336 445552 891379 445139 187727 379746 975992 678707 667100 ,929322 834336 445552 891379 445139 187727 379746 975992 678707 667100 
30573 2993 726252 262848 357335 452816 90606 720068 261574 40560 ,321918 385015 106348 231130 70959 519456 200937 406521 323896 82170 
182570 570334 813768 712018 322542 518454 536302 944362 809796 320522 ,182570 570334 813768 712018 322542 518454 809796 320522 924011 681591 
375886 472926 989837 251230 652750 671258 533806 643344 93484 475285 ,375886 472926 989837 251230 671258 533806 643344 93484 475285 800365 
887911 26360 55811 512583 431191 633346 914543 410844 213464 902456 ,164658 452078 436801 204079 955545 598533 232038 836437 481598 612671 
275113 715128 304996 507561 438118 93979 228009 987451 849790 594991 ,275113 438118 93979 594991 188944 810284 249069 257138 117270 575796 
672282 436094 861542 881103 838909 646294 985641 853372 545086 499026 ,672282 838909 646294 985641 853372 545086 858387 394239 34358 120018 
146116 720462 198995 869209 474664 60722 158028 962804 748442 603491 ,146116 60722 158028 962804 603491 95237 352517 527301 321848 46015 
697010 214629 803077 270118 449310 702853 7369 204994 86578 18206 ,86578 331838 704676 841568 193409 938394 828251 760523 600559 297620 
39202 476694 672513 103195 971224 207113 448056 652821 673548 886148 ,103195 971224 113269 447927 155568 76756 76921 443515 912423 221743 
389477 843301 83708 958998 670495 843244 57989 771910 14977 265161 ,389477 843301 83708 958998 57989 771910 14977 668296 14166 274352 
470793 517994 975895 222519 314777 625696 354288 819615 270295 828891 ,470793 517994 222519 314777 354288 468890 592153 635470 590569 296135 
825044 648889 251230 58523 591062 17039 418338 865489 74210 603995 ,825044 251230 58523 591062 17039 865489 817685 495954 375886 889764 
49008 994481 333200 631012 274128 728007 462161 349125 481598 994553 ,49008 631012 274128 728007 462161 481598 178149 472084 173276 216750 
526356 9409 378783 90585 540184 461067 989239 663764 111985 172172 ,9409 378783 540184 461067 989239 663764 570824 987169 200736 216340 
340483 402687 586051 955177 128531 144573 673309 395160 374166 588081 ,402687 586051 955177 128531 144573 374166 588081 568099 527749 611124 
312679 659415 236681 807233 128328 366843 773817 313714 355108 714924 ,312679 236681 128328 773817 313714 355108 714924 481509 313037 369990 
811497 126692 96413 686350 71003 630298 120764 180562 246358 466421 ,126692 96413 246358 466421 165361 383642 109534 163875 548523 563887 
64706 947678 455633 165350 614352 630128 424720 91446 669161 513916 ,947678 669161 137464 848895 943507 442019 359192 35005 106266 119821 
431962 97230 804416 689953 466800 169658 182839 339290 843953 942265 ,431962 804416 689953 169658 182839 339290 843953 942265 683821 300699 
87670 40208 880809 242438 61022 874410 879306 837740 833075 738336 ,880809 837740 833075 738336 60940 950863 481757 882846 435391 146779 
595592 338963 868205 918839 265525 597621 394053 624922 617938 646285 ,918839 265525 394053 624922 540513 62560 942870 841659 885776 761720 
930329 166546 265108 3543 718079 594645 198960 598554 534334 267301 ,690476 989308 267067 889665 713081 755287 844162 664793 546073 770861 
776097 389622 598168 571904 740458 232353 301546 93567 182082 905919 ,598168 232353 874310 524188 531304 549353 874520 888725 21557 85197 
52746 248694 121963 240390 121921 84335 566409 91972 51096 770642 ,52746 121963 121921 84335 566409 91972 770642 90636 517202 763533 
827538 881375 884806 734469 311774 432156 924341 67403 381340 405610 ,884806 734469 311774 924341 67403 898026 764047 501140 74852 143595 
433082 949796 979541 903131 232260 809292 176054 19658 700471 544777 ,433082 949796 903131 232260 809292 700471 970992 244187 804667 831320 
468250 804667 242429 635909 419567 120827 238854 721094 271505 45781 ,468250 419567 45781 289839 85295 212225 744500 389906 585816 538705 
450802 337230 698091 598087 677836 131736 156891 830084 464860 131101 ,450802 337230 698091 598087 131736 830084 131101 56020 123763 170385 
843353 223888 60430 16066 543071 867876 193275 195784 333486 986807 ,843353 60430 16066 867876 193275 44481 272372 519050 193509 994330 
654105 334254 818550 28094 348570 335525 133018 953466 27914 328262 ,818550 953466 676628 701020 814133 954924 29730 606603 933770 118016 
836620 372110 407229 664717 712691 849117 697093 153330 377140 449698 ,449698 521497 68429 192507 182884 96848 305593 498302 708734 456392 
225761 448958 673636 732345 755734 73440 997527 471923 934893 897253 ,225761 755734 934893 897253 201334 361249 931706 670911 508843 453640 
37791 847576 460163 540401 874347 45451 59666 701671 175722 629288 ,701671 175722 629288 693103 899388 671060 233874 683961 72843 183830 
772182 622530 950954 772835 673645 766921 543207 777721 627953 763223 ,950954 772835 627953 763223 849195 386813 443516 190678 667262 443139 
250887 625173 35108 303078 474875 404863 836196 460650 846681 984280 ,250887 625173 35108 836196 846681 577974 960568 551949 67832 892040 
692115 261697 261935 451382 298568 18400 105378 242142 419592 790906 ,261697 261935 419592 790906 113891 174394 540814 690143 82035 607057 
298646 422071 963822 737901 222773 535892 682165 129303 326658 190739 ,298646 422071 963822 737901 222773 535892 682165 129303 190739 867433 
938157 483148 600381 140589 520258 522450 180660 180655 949735 298777 ,483148 600381 140589 520258 522450 180660 180655 949735 298777 271996 
272252 469190 600616 198466 698770 615244 496682 788064 292312 685398 ,685398 615279 552426 520354 771678 960650 206746 815454 720105 54680 
987058 641265 667599 669251 39401 640521 904968 642351 37741 754435 ,987058 667599 669251 640521 754435 643817 37976 448079 572223 961346 
260302 507117 589553 397269 744238 925779 199632 924697 507178 481588 ,507117 925779 924697 481588 17428 76642 930096 3854 861679 855480 
929813 388965 669622 310728 966170 265560 629230 243739 4246 741367 ,388965 669622 310728 966170 265560 629230 4246 741367 749168 448897 
267490 181458 403670 359370 195648 595947 95747 869140 234077 387265 ,267490 403670 195648 95747 234077 387265 336408 13036 203958 225136 
120525 373466 464428 847329 423806 211529 733275 566281 609287 50585 ,120525 373466 464428 847329 423806 211529 733275 566281 50585 675599 
298167 576387 605509 352702 605993 248734 673465 691085 459262 322527 ,298167 576387 691085 365707 652924 230508 247769 202240 413812 732548 
116316 988883 894382 203621 893687 902074 441492 638186 376876 768018 ,894382 902074 376876 768018 7268 440956 937253 897666 675250 769019 
984837 93298 393907 590988 961538 864101 99198 695641 252118 788861 ,961538 695641 788861 126960 39401 227719 259343 602893 368677 365837 
305226 524763 30035 499801 815325 567860 363476 364056 636834 350391 ,305226 30035 499801 815325 363476 636834 350391 86347 130334 79089 
495978 682546 14913 87113 110499 128216 912547 572141 707286 89815 ,495978 682546 14913 110499 128216 912547 572141 899120 982410 511158 
429526 48483 350403 407580 690017 762006 615563 229898 188997 23604 ,429526 690017 762006 229898 23604 364049 113695 690143 305024 461127 
529242 234129 719163 196894 716510 931479 958884 513707 780858 401003 ,234129 719163 401003 255000 529293 606830 805143 87396 344849 469955 
826528 861459 857303 946877 161449 666827 673058 534546 880484 379663 ,861459 857303 161449 666827 673058 534546 880484 379663 869988 824147 
87486 186266 724941 546377 995499 363373 515493 526618 780571 321576 ,87486 186266 724941 546377 995499 363373 526618 780571 321576 815504 
515790 519230 794640 917695 42355 123802 719949 39635 302666 37355 ,515790 794640 917695 123802 719949 302666 37355 213930 680603 369366 
887049 657917 442800 716856 122413 941986 569853 397303 452460 460421 ,887049 657917 442800 716856 122413 941986 569853 397303 452460 460421 
256697 907673 309443 599662 389862 415198 610682 5902 68472 862415 ,610682 698368 529486 691918 487907 701526 449293 619256 98719 175724 
244344 550823 778150 592440 46913 662658 516512 479838 296536 211593 ,244344 550823 778150 592440 662658 516512 251704 23500 322830 405280 
687952 131078 408911 200600 947028 862415 263498 997835 913230 464805 ,687952 131078 408911 200600 862415 263498 997835 464805 847329 90878 
76882 411085 152782 146043 60096 82358 540155 807710 190222 633540 ,411085 146043 700468 478354 283176 599402 110221 87893 578948 66536 
280018 175746 787685 261496 94667 486208 738989 506605 440419 188755 ,280018 94667 738989 506605 279088 788791 522043 804072 129099 4581 
120162 692223 29097 162483 206761 148702 971096 166381 128444 291796 ,120162 692223 29097 162483 206761 148702 971096 166381 128444 291796 
153982 78337 665114 214439 859632 258074 356622 439741 557864 559604 ,665114 214439 258074 439741 559604 228130 266066 453054 33112 93840 
682085 968961 541402 473819 871277 950442 286910 297232 601277 624142 ,682085 968961 541402 473819 871277 950442 286910 297232 601277 312046 
392147 659891 486160 887385 324059 270139 17175 597967 473363 489976 ,659891 887385 17175 597967 911079 402414 869181 522770 497641 380816 
267294 159890 463951 241121 718639 665456 183000 498218 477918 613165 ,241121 718639 665456 183000 498218 860899 158272 605132 424388 495538 
181042 731358 500443 152358 830587 498138 515781 777111 61097 151931 ,152358 515781 61097 206656 504423 293116 771984 427131 740776 502073 
672386 911084 559557 673730 653260 673329 762458 674862 840205 279269 ,911084 559557 673329 762458 840205 279269 746791 143029 786358 105809 
310413 256081 440419 865041 363509 430252 426515 337092 278949 792248 ,310413 256081 440419 363509 426515 278949 889117 983153 179695 524681 
577850 344135 909719 550912 82558 275450 574921 440224 948967 949578 ,344135 82558 275450 574921 440224 948967 949578 111152 758371 91935 
895462 626261 31124 571582 382887 568865 55412 789848 583815 388823 ,895462 626261 31124 571582 382887 55412 789848 583815 388823 966252 
237263 225766 636684 956760 797396 714102 836639 553407 663978 392485 ,636684 956760 836639 663978 392485 834638 435368 210513 305714 76609 
218374 275676 940837 733615 587975 345982 665116 149488 225607 772400 ,218374 665116 762974 144271 316088 808925 910101 254247 779037 217902 
742198 363961 519420 79112 965967 748804 535023 546885 430252 931031 ,742198 363961 79112 965967 748804 535023 430252 931031 906773 724792 
115049 312614 337688 570181 285607 411867 787911 516715 274441 228762 ,312614 337688 570181 285607 411867 805767 555230 69567 100402 466780 
515906 488597 399133 976064 218788 208615 432816 151589 573147 986066 ,976064 218788 573147 206301 398419 728371 511780 560980 179850 795381 
846914 954040 314832 36434 354144 249450 343174 601196 566501 548761 ,954040 314832 354144 249450 601196 566501 246684 648563 591881 967799 
530273 508704 201848 453740 158651 104870 924162 199067 47711 465786 ,453740 968777 400277 600190 691257 351846 98957 524025 264346 22671 
524177 389262 293864 849672 757246 488648 459897 390023 666351 354461 ,524177 389262 293864 849672 757246 488648 459897 390023 666351 354461 
598025 859263 533929 247801 402962 892023 49928 400565 392519 842399 ,247801 392519 720428 784639 508479 732344 937702 869507 680182 233821 
983275 15108 538954 99554 261215 868045 180722 124325 153107 955366 ,983275 15108 538954 868045 180722 124325 153107 751433 203192 504301 
538287 87655 489402 687554 897326 526216 607978 901093 789848 759987 ,538287 87655 489402 687554 897326 526216 901093 789848 458108 496750 
854206 758872 373787 659381 872454 174479 989497 10725 629035 149720 ,149720 966717 802005 206238 857482 116960 22687 619478 217281 45334 
390259 610598 426493 179303 686471 126861 809080 377720 14 153153 ,390259 426493 179303 126861 809080 14 153153 240313 515781 117611 
308191 328251 718668 440419 220945 738555 81158 708942 306607 543116 ,718668 220945 738555 708942 306607 452389 369116 336688 713875 68286 
887904 189622 525538 229807 189733 257986 990789 249480 506472 755723 ,189622 229807 189733 257986 990789 506472 755723 247245 179085 126522 
876315 684599 616950 923785 663365 875313 551132 278174 275916 170423 ,876315 684599 616950 923785 663365 551132 278174 275916 254558 304360 
457906 138490 948563 327652 411912 334253 678486 307825 733079 737221 ,138490 948563 334253 678486 307825 737221 298446 183285 527351 286978 
547402 94741 429685 104970 430759 132470 474374 100938 90943 989659 ,547402 94741 104970 132470 100938 90943 989659 233323 737874 435518 
182585 519420 965967 724792 216818 292494 431726 430252 576513 707599 ,965967 724792 216818 576513 707599 809991 742198 615552 449591 684194 
290425 859649 843525 393520 598603 526000 167060 396362 658405 580534 ,167060 580534 584873 669820 177838 781102 786394 402414 94144 619942 
685540 271554 542987 628736 651574 285113 838183 373787 625757 703510 ,685540 542987 628736 651574 285113 838183 414269 872454 10502 203341 
312157 817720 446548 443303 538049 646348 541532 654226 447034 447469 ,654226 446435 825257 190613 190594 952510 839347 448242 116678 587040 
395684 247232 868349 800444 866650 309839 998965 180722 740581 919823 ,247232 800444 180722 740581 360213 574744 783057 727086 196475 678077 
954236 88123 736675 890807 674678 130124 964128 320046 674069 137631 ,954236 128549 39944 702072 914121 897394 883470 939830 132170 629100 
476635 768873 579806 258300 297159 852797 39729 6017 708263 183143 ,579806 297159 852797 39729 708263 691938 345098 987947 552100 765651 
244769 462280 852866 246277 553412 438486 571864 199094 348882 21628 ,244769 246277 438486 199094 175680 862085 77515 63242 502799 33112 
924769 633540 895784 463103 744817 988072 277685 464888 203222 450140 ,924769 633540 895784 744817 277685 464888 203222 450140 621286 988723 
631821 501688 689645 576948 280994 578720 265408 522605 980782 34139 ,631821 501688 280994 578720 265408 980782 34139 992409 83889 717114 
252724 708395 750599 150756 139613 629923 798451 229134 834274 602971 ,252724 708395 798451 834274 602971 136890 910552 577084 806824 759921 
950458 112525 645733 810142 471777 368859 837438 308761 315696 181443 ,950458 112525 645733 810142 837438 315696 181443 459234 335873 521268 
519450 831970 483481 685244 713875 795249 134111 40213 554866 119809 ,685244 134111 40213 554866 119809 781624 266807 561850 520509 673925 
38633 569853 539629 905736 373585 667400 321952 246538 469501 82686 ,38633 569853 539629 373585 667400 321952 246538 941986 632534 801497 
131431 274045 941595 432487 692703 77572 113612 724074 134836 945656 ,941595 432487 77572 134836 301776 127077 88916 976453 812740 382554 
24387 638200 47059 855728 656457 556686 913419 891177 386658 674109 ,24387 638200 556686 444785 777627 710501 446444 656057 642307 643029 
126895 793877 794380 892663 612629 63654 986738 732073 906822 613935 ,126895 793877 794380 892663 612629 63654 986738 732073 613935 765970 
5751 76466 330242 554453 340428 468462 232194 552100 209783 139837 ,5751 76466 554453 340428 468462 232194 552100 139837 640945 518316 
896616 563961 833225 483240 268519 917140 15270 971184 622265 618142 ,833225 483240 268519 917140 15270 971184 622265 618142 506180 239939 
917135 830744 413363 782242 205990 669944 944197 420363 973678 198798 ,830744 413363 205990 669944 973678 773600 896307 919449 220431 962716 
206228 9227 605335 823812 435757 561036 543129 204568 198449 967671 ,206228 823812 435757 561036 543129 204568 198449 224971 918453 156523 
464049 473936 512165 937663 778994 90204 28901 505307 234014 190419 ,464049 473936 937663 778994 90204 505307 234014 702044 162130 949178 
679580 166774 807352 322498 988330 682081 525182 497419 4878 429586 ,679580 166774 322498 988330 682081 4878 429586 524003 163479 394751 
753884 514667 364486 105156 305031 299733 693994 224153 969365 603081 ,693994 363754 11120 364011 232452 411376 511582 262877 279146 408659 
893894 409758 617050 265859 826186 320511 220972 381568 694773 457407 ,409758 617050 265859 826186 320511 220972 694773 351370 127256 987397 
543771 613187 967785 88441 738897 681697 459316 13608 12460 299009 ,543771 967785 88441 738897 681697 299009 376759 883540 971446 999514 
66379 466415 697144 474529 683611 804753 356050 630548 180451 561416 ,466415 683611 804753 356050 180451 561416 561119 477064 977759 779403 
184606 409244 430299 686234 776517 831160 49124 848871 910288 8440 ,409244 686234 776517 831160 49124 8440 123860 212810 595419 871712 
107202 663675 515619 226292 175569 36870 520684 337071 895673 278527 ,663675 515619 226292 36870 520684 895673 558288 599489 516904 270211 
30670 219410 151346 27921 770642 698880 227946 96815 496563 965916 ,30670 219410 151346 698880 227946 496563 965916 237960 58700 188406 
963581 387573 620855 381391 677796 907669 365432 136083 114921 434333 ,963581 620855 907669 434333 343177 836118 623491 896405 108094 316558 
754681 665733 540423 823532 901655 952858 788014 236561 543217 937900 ,901655 952858 236561 543217 3520 673412 765680 655998 90701 447999 
969689 941212 885715 499351 653581 351076 836067 81692 640349 828300 ,969689 885715 836067 81692 640349 828300 251663 401894 555599 474916 
283125 821262 771776 548271 846685 352012 791462 381312 235764 223743 ,283125 821262 771776 846685 352012 791462 381312 235764 70837 454847 
852341 332456 108091 102163 840265 521943 811642 535605 779727 287762 ,852341 332456 108091 102163 840265 521943 811642 779727 113105 182038 
621828 137696 179823 360048 569425 388884 935333 715997 148990 624602 ,621828 137696 179823 360048 569425 935333 715997 624602 715925 626112 
654857 605120 446624 446142 788001 446184 447290 447040 769996 445888 ,654857 605120 446624 446142 788001 446184 447290 447040 769996 445888 
60196 971714 953767 204649 965825 601317 527185 875115 629798 493052 ,204649 965825 601317 527185 493052 172011 500076 256056 139893 596073 
999166 776858 834094 614797 835100 852826 830464 757135 673045 852691 ,999166 776858 834094 614797 852826 830464 757135 673045 852691 34879 
538930 603678 383824 231791 130156 15663 925779 113568 171601 880578 ,603678 130156 15663 925779 113568 171601 880578 876874 82212 711049 
654857 446184 446142 605120 447290 446624 191345 445888 571595 447040 ,654857 446184 446142 605120 447290 446624 191345 445888 447040 207103 
174553 13933 734288 464414 407798 184404 169502 250327 470053 681245 ,174553 13933 734288 407798 184404 169502 470053 251081 353380 256196 
536360 42195 843148 768773 717503 149722 744448 376676 480576 109843 ,744448 376676 525541 607801 404406 473976 316451 261394 149360 196950 
55855 94353 180447 380778 105128 317574 989540 698770 90003 615244 ,55855 94353 180447 380778 105128 317574 989540 698770 90003 615244 
69046 181033 518884 392585 338091 196950 453883 455923 3748 292333 ,69046 181033 518884 392585 338091 455923 292333 450509 872775 733275 
229900 499280 84970 971523 287235 582097 914033 722528 808251 691823 ,229900 499280 84970 971523 582097 914033 722528 179922 798669 220972 
495640 432475 613938 943153 883961 351370 329332 399514 134033 563789 ,613938 943153 329332 399514 563789 866587 946 374312 180221 194218 
197490 231191 466544 502903 546655 275649 868140 921216 346033 386717 ,197490 231191 466544 502903 275649 868140 346033 386717 888213 908390 
641074 640551 599871 410921 345133 35785 494375 699800 64597 165499 ,641074 640551 599871 410921 345133 699800 64597 165499 478116 456177 
747451 478308 747171 800065 202694 563802 513657 536646 536992 135938 ,747451 478308 747171 202694 563802 536646 536992 135938 535123 807554 
980582 482360 272347 754561 260395 199929 271118 221440 978862 55734 ,980582 482360 272347 260395 199929 221440 978862 55734 276144 197328 
665146 111341 657733 15089 948389 940651 694636 613651 202638 227678 ,665146 657733 940651 943153 394981 77216 577131 666462 790061 676766 
888377 160548 297805 2314 751569 904728 126353 377956 92130 316573 ,888377 2314 751569 126353 377956 92130 316573 831132 366424 87850 
241181 262816 732561 690569 940686 550370 998435 994656 702602 101592 ,241181 262816 732561 690569 550370 994656 702602 101592 911069 190809 
950792 236994 104284 245616 702602 503643 190809 985524 508990 297421 ,236994 104284 702602 190809 508990 297421 732561 367702 846685 348565 
559703 281378 68938 450433 410557 972532 939984 207543 789960 922439 ,281378 410557 972532 922439 811631 582223 627145 259106 286296 614443 
404794 761052 830224 577806 775968 831444 731496 117439 592363 328778 ,404794 761052 830224 577806 775968 831444 328778 42036 935880 620614 
651766 999166 310548 128520 757135 614797 397878 811631 756086 849779 ,651766 128520 397878 580092 852134 803571 789960 899860 862942 834094 
317905 102069 389619 605776 208422 21799 833278 929266 202178 355179 ,317905 605776 833278 903590 239318 153165 122950 850390 520434 337798 
576697 635895 64451 178963 701761 604843 748596 723583 158779 503714 ,576697 635895 178963 701761 604843 748596 158779 503714 806449 272525 
643877 996121 865664 767894 189309 565876 571642 640947 687307 763810 ,996121 865664 767894 189309 640947 763810 102666 985863 814648 854374 
815313 261999 601541 784799 524763 815260 30021 523158 563418 995499 ,815313 261999 784799 815260 30021 523158 563418 995499 15508 499801 
639479 216234 985863 603298 981861 559280 887983 863548 763810 186282 ,639479 216234 985863 603298 981861 887983 863548 763810 186282 957298 
12583 795317 951071 725430 416670 94035 984803 249058 713049 882556 ,12583 795317 725430 416670 94035 249058 713049 882556 143621 32978 
553868 555836 807720 226691 909423 689268 999070 569698 699877 478824 ,553868 555836 226691 689268 999070 699877 478824 558609 842831 29815 
661607 32091 989154 688723 961164 220396 629494 935868 372437 816697 ,32091 989154 688723 220396 629494 935868 386609 333074 699742 623644 
114855 18684 78964 518504 458004 293243 80776 459868 557180 498162 ,114855 78964 293243 80776 321709 83953 560471 343980 777025 429744 
872613 756509 167530 98234 724102 466750 791627 625045 332690 284589 ,167530 98234 466750 332690 172647 723583 591249 508001 151346 687861 
909019 543470 793532 8012 619423 832092 773712 663044 863510 319977 ,543470 793532 8012 832092 773712 319977 200072 912762 545035 621418 
208168 929199 514088 178990 789204 423508 227156 563418 486696 265216 ,208168 929199 178990 227156 563418 486696 265216 266660 164009 484277 
962256 63792 271915 596044 783285 346521 465179 582571 72746 720357 ,962256 63792 271915 596044 783285 465179 720357 240523 17856 144297 
471753 276983 338670 421151 888125 269312 259706 860462 694980 864653 ,276983 338670 888125 269312 860462 864653 204274 74991 568671 507937 
249482 874106 249046 672790 193759 39404 986694 351892 216680 897205 ,874106 672790 193759 39404 986694 351892 216680 897205 853826 3902 
612828 862942 853147 374085 830147 653905 852134 29221 99311 614797 ,972532 447717 852743 29404 858010 901245 651766 849944 856328 442886 
289995 122950 578688 556996 51467 891967 990672 265642 866866 99016 ,122950 578688 556996 99016 809642 685273 300939 419880 808020 821114 
384315 142318 737984 36814 954435 289274 495947 369898 335293 447695 ,384315 142318 737984 36814 954435 369898 335293 902601 499472 811912 
140766 429625 36671 690546 354239 536595 478685 279552 83036 727949 ,140766 36671 690546 536595 478685 279552 797414 76377 54795 805308 
211631 70725 297865 587500 157675 223586 437768 44353 835477 707287 ,211631 70725 297865 587500 223586 437768 835477 799686 440593 510450 
743028 991323 732014 440031 243405 239210 707428 538827 689142 927420 ,743028 991323 732014 239210 707428 538827 689142 971446 676769 153729 
399988 252159 811239 912105 560238 883353 210551 954313 11368 867740 ,252159 811239 912105 560238 883353 954313 11368 867740 376759 916499 
569311 520810 352276 29963 420682 529572 282130 279580 709138 889945 ,420682 529572 282130 709138 889945 784793 62680 5526 995499 815313 
783694 260705 25722 975709 365250 212345 618018 929620 969467 29075 ,783694 260705 25722 975709 212345 929620 969467 29075 645391 770667 
660159 767438 539804 68724 856247 405090 544386 371429 923180 36193 ,660159 767438 539804 68724 371429 36193 103717 762829 919016 757190 
206657 502237 557180 305110 496875 168113 821932 293502 82971 736533 ,502237 557180 496875 821932 293502 82971 647045 279538 178149 965764 
497354 52746 90715 68889 732365 69657 905162 99289 518939 339360 ,497354 90715 69657 99289 518939 339360 30670 292155 724178 291944 
35352 684529 865621 915118 426001 640070 157635 591184 168281 888348 ,35352 865621 915118 157635 342041 311357 307720 324584 35239 760889 
370117 489269 644217 89356 350236 97606 342531 794158 78516 750772 ,370117 489269 644217 89356 350236 794158 460823 656366 970375 812420 
757375 870119 32235 76377 92767 241147 819880 648175 201714 857855 ,32235 92767 243196 601329 421473 563342 404127 631590 28172 387540 
569580 322617 235685 560965 130402 365337 192761 96198 369169 688137 ,569580 235685 560965 130402 365337 192761 96198 369169 688137 46223 
535489 97998 791599 906995 752363 551153 335349 876403 258583 545397 ,551153 545397 783979 798979 853794 539991 193063 524422 21383 115125 
674979 907187 610901 852043 761052 980296 817315 398686 906359 885591 ,817315 885591 830224 568040 24813 627069 139584 887533 986893 355633 
900912 578533 330705 797256 310771 741605 505744 761272 39944 813791 ,330705 797256 310771 741605 505744 761272 39944 813791 609100 476009 
447717 447403 889907 539680 768059 773042 373771 830147 996284 855103 ,835946 699018 824903 544466 373852 858010 862942 882978 672986 401394 
596069 849082 841848 657227 173179 273971 456680 515465 269379 440470 ,596069 849082 515465 440470 701082 342685 561050 967988 481693 908409 
599246 908889 446184 571595 446142 787910 769996 191345 654857 190957 ,599246 908889 446184 571595 191345 654857 190957 605120 447040 935138 
641514 824045 272870 538113 931273 475994 927691 410631 652839 42560 ,641514 824045 272870 475994 410631 42560 887930 968619 83230 634086 
534057 502429 259778 202473 203926 873679 32756 532055 412897 59315 ,534057 502429 259778 202473 412897 59315 453885 391711 233158 469376 
790767 523985 805587 804490 518499 321615 396939 978551 927035 352382 ,523985 321615 484637 16514 520566 178516 780164 42714 832910 140985 
909077 703409 856181 444975 868609 541869 854235 681819 190795 973273 ,854235 396531 842576 232885 785107 538924 935211 871003 21331 831340 
731033 70891 780257 750537 20962 511661 307639 607041 16349 123212 ,215389 259137 408820 490209 684636 513440 44865 930406 170312 497760 
963286 400707 804087 62281 687403 317046 903091 256295 344591 531362 ,804087 687403 903091 256295 152400 178053 602085 243261 966622 451395 
888977 123684 685328 544495 519848 116652 232097 509326 728552 345505 ,123684 345505 931017 466918 531280 204325 92017 306297 809967 87148 
320812 998983 230193 580568 410563 299031 249125 624869 527409 852287 ,320812 998983 230193 580568 410563 299031 527409 231878 55771 96910 
990558 846013 297596 671951 198744 510743 373146 520492 8339 401102 ,297596 671951 373146 8339 401102 813426 317672 870307 247299 575529 
375051 885193 853445 190714 612805 445851 870686 374780 573317 830180 ,375051 190714 374780 573317 830180 145385 445742 228244 856317 374402 
919355 830836 332457 884462 497832 848627 273188 876745 411289 556126 ,919355 884462 497832 273188 876745 865513 886358 967804 83177 855696 
466528 831411 280700 661528 788289 688493 463573 369173 543094 746615 ,831411 280700 661528 688493 463573 369173 543094 912896 112046 265955 
874029 806081 814839 686339 663726 724686 738553 602085 51175 125478 ,874029 806081 487832 85847 348803 566296 105578 4645 532542 469484 
63984 370254 669892 863148 63109 85911 480913 390187 264037 833342 ,63984 370254 669892 863148 63109 85911 480913 196926 342558 726420 
533154 391864 255013 518773 85195 473895 422128 854224 780931 257856 ,854224 780931 85767 683675 631007 431333 109532 230607 916190 470500 
760807 478833 474836 345880 227715 465189 399540 131659 295773 331052 ,760807 478833 465189 399540 295773 331052 860963 109897 128625 33958 
832291 832505 613718 170468 841014 841434 847811 591510 991154 680834 ,170468 841434 847811 991154 149503 574560 143768 784132 5585 789497 
15090 560888 223976 236397 704083 659283 251064 753132 206583 546036 ,560888 223976 236397 704083 659283 251064 753132 546036 872953 879998 
712877 96619 710341 841486 22404 385192 242421 88090 149044 485194 ,96619 710341 841486 242421 485194 284925 497591 379631 503894 271821 
66725 749958 747401 974061 431459 745052 377715 561019 186130 432472 ,974061 745052 561019 186130 432472 866542 752221 245437 657227 390148 
560989 106822 213242 91692 448788 720798 748412 748410 471406 58345 ,560989 213242 448788 748410 471406 667973 508905 108917 899089 316563 
656217 802527 996009 903885 642499 790510 446715 906101 655894 446957 ,656217 996009 790510 446715 906101 655894 766183 446341 721248 190171 
646429 803796 647635 474272 817118 423352 649832 427946 654441 650563 ,646429 803796 647635 817118 649832 427946 654441 187247 672887 566825 
416058 404652 913136 357274 716804 319516 295929 614375 9376 325561 ,416058 404652 913136 357274 716804 319516 614375 9376 244540 817265 
799540 159102 889906 445301 443304 447528 341364 672643 543291 443452 ,543291 443452 190708 756769 447339 594024 446088 246972 673666 886300 
317212 245864 315449 359678 836200 990383 182705 781172 161616 234045 ,317212 245864 315449 359678 990383 781172 161616 234045 979241 619725 
10880 44076 280972 192596 502817 455967 269329 124277 43255 635954 ,192596 502817 455967 269329 124277 635954 101491 56259 329054 789348 
288179 922942 405970 201704 914187 58692 326437 226135 375847 227971 ,288179 922942 405970 914187 58692 226135 226355 755152 876719 546939 
774471 126329 343741 274483 569977 543901 748564 716796 352872 585091 ,774471 343741 274483 569977 543901 748564 716796 585091 945828 639151 
99900 492831 59479 684072 629077 722378 607978 803309 840742 816516 ,59479 684072 629077 722378 840742 698693 784881 528450 529874 420037 
904620 597962 965220 538985 697813 150366 263517 212567 212255 482185 ,965220 150366 263517 212567 212255 482185 109443 936320 697183 386874 
84123 489510 815259 964707 815299 152552 815288 425907 111801 523777 ,84123 489510 815259 964707 815299 152552 815288 425907 111801 523777 
930136 731565 482185 210238 506403 218204 965220 936320 635764 692970 ,930136 731565 482185 506403 692970 441818 657227 482345 42064 480998 
318311 947657 898907 654084 572319 156026 508592 822640 556620 341674 ,508592 856424 226770 506403 895563 826516 709673 483317 475708 856612 
396966 938838 348151 594995 743640 735384 520101 369410 996694 225641 ,938838 735384 231267 134566 752042 371422 810430 197082 73901 360414 
972263 403830 437768 330262 307687 725087 68133 893852 350039 833992 ,403830 437768 330262 725087 68133 833992 813521 605321 334239 597539 
628303 692387 485002 871003 630564 97933 225755 980547 452972 553739 ,485002 124781 17209 11809 63993 867315 924020 239074 374070 335747 
448883 275839 698656 647804 484494 872496 274689 336800 232129 523319 ,275839 698656 484494 274689 523319 524556 969600 741999 328346 634819 
369035 174573 32995 275109 488745 300501 291327 391954 745508 377459 ,174573 488745 300501 291327 771001 31095 179623 285607 557294 526308 
431032 788989 753746 367307 555230 972038 363620 436256 694063 464788 ,431032 788989 753746 367307 555230 972038 436256 694063 464788 220941 
522147 842918 876461 912180 193654 272470 263012 139142 929132 920412 ,842918 876461 912180 263012 139142 920412 506543 989268 265351 77377 
316027 625674 269488 807447 505053 437295 729317 743517 686213 164289 ,625674 269488 727070 873352 986572 32327 525354 246188 688779 180212 
817038 983151 39969 653731 24217 279731 808724 915223 825347 650291 ,817038 983151 653731 24217 279731 808724 825347 815753 455184 789538 
263668 588889 883087 800809 24852 448648 876894 787850 140545 259278 ,263668 588889 883087 800809 24852 448648 876894 787850 259278 722904 
502621 244526 366519 366442 31823 496452 851125 708642 390716 573868 ,366519 708642 573868 431489 202472 238616 192759 232986 571032 526102 
62374 505984 370052 948491 317290 947440 342564 68668 90746 823135 ,62374 505984 370052 342564 823135 215086 679006 208821 164873 980801 
886974 832280 433254 340582 957641 14963 866897 61856 350330 985894 ,832280 61856 350330 985894 841649 636484 180281 859440 919874 772661 
914725 826867 39778 257960 414015 689926 873407 24587 826745 697937 ,826867 39778 689926 873407 24587 826745 697937 872333 123841 752991 
312157 541923 809469 624528 856615 910937 40781 446684 585858 638099 ,312157 541923 809469 624528 856615 446684 585858 638099 852960 115239 
465591 32185 635299 804872 532133 191974 233688 708317 169979 378469 ,465591 635299 804872 532133 191974 233688 378469 554124 926926 888825 
194224 960379 317043 227476 59248 401649 279670 464926 228762 585708 ,194224 227476 401649 464926 379731 86863 524231 430668 573242 229273 
303828 22268 390682 260184 574288 857727 521951 835322 301849 565293 ,303828 390682 574288 857727 565293 836969 603841 985637 461232 3345 
436309 170900 110993 331337 435270 141790 834436 171653 959307 393904 ,436309 170900 110993 331337 435270 141790 834436 171653 393904 708613 
652574 551354 399530 61599 838863 519986 986570 793802 897770 314383 ,652574 551354 399530 519986 793802 948601 572489 510711 737624 706202 
553814 560334 686621 657720 986232 912756 375359 656047 713341 47212 ,553814 686621 657720 986232 912756 375359 656047 713341 47212 698636 
267672 1771 613891 618013 504818 538452 204343 503069 931077 839935 ,267672 1771 504818 538452 204343 503069 931077 839935 778884 506544 
500235 814861 540197 96168 253451 412727 801058 808200 54678 613181 ,500235 814861 540197 253451 412727 801058 808200 37316 416653 739282 
686003 834553 934166 582321 489094 992414 420450 432815 988197 565835 ,834553 420450 432815 988197 565835 706747 932755 864657 461654 815573 
12499 916126 85064 697811 468454 533212 946663 795130 111152 497303 ,468454 414006 331711 115160 29793 770077 298332 94318 324330 70116 
260817 390389 584442 538667 777091 920748 188810 885686 960900 60420 ,390389 920748 188810 885686 960900 60420 665256 540703 541323 742339 
103688 757250 975847 9990 129501 785624 767151 673388 642786 141249 ,103688 129501 767151 673388 141249 539344 758076 541596 560666 757976 
75293 65125 264999 829651 284441 200639 520321 230750 754208 636504 ,75293 65125 829651 284441 520321 754208 636504 429694 170430 30325 
272988 609031 402554 840103 139176 749830 775863 322480 961709 154763 ,272988 840103 139176 775863 322480 154763 849235 853621 830669 15071 
522774 687591 746516 519605 271246 540684 216577 72432 363803 774193 ,519605 216577 774193 925712 93482 508262 583309 101118 493122 169353 
749824 927027 475908 476001 695568 472692 700594 473386 504539 507383 ,749824 927027 695568 700594 473386 507383 234836 384025 538519 648558 
911648 375198 604578 654976 643979 801330 447104 607883 6163 5337 ,643979 6163 762262 37639 657534 38006 445778 937735 804495 655902 
317907 768577 702740 326968 675738 750864 135724 38334 438116 166615 ,702740 348654 471446 114017 990268 989732 930955 990054 771437 345890 
885686 515323 742339 60420 56520 538667 777091 220040 541323 541662 ,541323 782214 960900 955085 880274 920973 541822 994256 921210 724442 
868250 245897 13677 170900 304289 15085 134091 625980 920143 743527 ,170900 15085 625980 743527 483911 153844 911099 110993 861214 539606 
199707 947494 964774 193228 74014 565977 796791 521 150857 809733 ,964774 809733 780011 963398 988409 883680 188296 75029 122556 19873 
681819 459525 573097 278113 522530 588466 205213 618661 831710 531690 ,681819 459525 573097 522530 588466 205213 831710 1879 196617 948040 
673707 410654 57333 442711 59642 709916 537170 191260 604263 810552 ,693233 897196 445458 824924 888205 295852 351812 996513 479025 673388 
44283 672916 246598 210926 331911 340371 272009 123563 442913 792272 ,44283 672916 246598 331911 340371 272009 123563 442913 400762 570332 
85965 97535 246472 708613 937376 404934 803426 764399 119851 35583 ,85965 246472 708613 937376 35583 209714 45588 424891 107090 166845 
131545 6003 612155 39745 904473 410955 985728 847788 991773 411888 ,131545 6003 612155 410955 985728 847788 44083 310863 474447 322898 
588520 194060 227039 873207 128654 299336 869844 297675 796716 844029 ,194060 873207 128654 297675 796716 844029 793221 89871 326968 947834 
488736 749208 402677 975131 519495 772499 546264 401801 964038 253538 ,488736 749208 402677 975131 546264 964038 51998 248418 457475 191059 
439334 305703 137582 244 161041 461730 489663 283305 572030 756107 ,439334 244 489663 283305 572030 664110 649563 774978 142633 306857 
98900 754813 42808 234460 893371 482236 462315 779138 113758 767459 ,98900 754813 42808 234460 893371 482236 462315 779138 113758 767459 
583996 980383 502551 434416 361817 693132 348081 228762 12526 264128 ,583996 980383 434416 693132 348081 12526 264128 464926 907341 86863 
944835 60318 217757 939042 694618 748981 23 866474 670452 120544 ,944835 60318 217757 939042 23 866474 670452 120544 584883 459044 
238670 562189 850411 604629 695609 841015 109375 986948 384657 85572 ,21938 697898 214943 524433 109579 525421 86174 858446 111713 532542 
824267 207618 207587 931852 921210 903896 867698 955116 190552 851695 ,921210 917840 668643 904536 158049 620816 349622 210616 922587 769118 
525042 703531 700611 833781 397007 694694 986948 843421 355197 420987 ,525042 703531 397007 420987 977349 510431 452060 941804 926 690052 
150196 49263 355413 48267 136050 412382 852472 581515 946044 115107 ,150196 49263 355413 48267 136050 852472 946044 971025 257223 630673 
83410 92921 23504 350468 488334 363764 615119 815277 250236 256082 ,83410 92921 23504 350468 488334 615119 815277 111921 363956 719441 
993810 33480 305206 272577 255403 61303 277255 283952 667728 821936 ,993810 305206 255403 277255 283952 821936 813999 36677 821053 490332 
408912 541760 183565 550069 699533 785376 940641 966775 849277 865530 ,526944 254395 118467 682503 522388 585644 129118 935359 840306 868426 
154692 108374 331827 349024 368044 456978 778998 284541 728734 380133 ,154692 108374 331827 349024 368044 456978 728734 380133 34250 373452 
511098 779138 274629 241903 42808 662579 611143 517122 711636 534358 ,511098 779138 42808 517122 711636 892438 482236 594391 665298 511995 
963956 49885 900195 154989 803889 275551 373610 377737 962112 472513 ,900195 803889 473916 961226 244821 173750 702656 667991 498499 602533 
522519 601396 698869 791186 47181 420988 596934 944514 987729 50362 ,522519 601396 791186 47181 420988 596934 944514 987729 50362 317716 
406879 59592 905442 227125 919421 870171 207587 852387 904536 99226 ,904536 888133 929761 960900 678478 917840 210616 100329 956916 472336 
182701 845048 200694 185892 594107 888828 210644 183376 488931 973881 ,200694 185892 888828 183376 488931 840393 360514 681700 888581 14139 
904927 647768 443706 673762 653004 653058 684311 21972 634940 446490 ,647768 673762 653058 684311 21972 634940 446490 23806 722892 806151 
872576 535133 499946 179630 472085 668954 422435 338653 969253 880274 ,872576 535133 179630 472085 668954 422435 338653 880274 955085 415854 
476194 38099 938455 876412 478502 940173 227908 829374 479679 937556 ,38099 938455 876412 478502 227908 829374 479679 937556 811067 124166 
982096 419746 269445 482655 940641 954866 628289 737609 793258 58152 ,982096 419746 269445 482655 940641 954866 628289 737609 416726 618380 
453956 806024 469044 299014 721672 168601 732905 295890 175886 480727 ,453956 469044 299014 168601 732905 175886 940695 84857 548800 422842 
305866 427352 138411 242816 364020 452959 815846 96282 289228 828040 ,305866 427352 138411 364020 452959 815846 96282 828040 337940 961165 
348803 70380 180503 296367 9103 351329 809386 547793 153631 663689 ,348803 180503 9103 547793 663689 556301 88052 605193 181646 518183 
210960 960766 915470 334578 978434 983068 921281 224749 272354 259422 ,960766 915470 334578 978434 983068 921281 259422 664178 331337 834312 
807489 897196 747472 59642 882554 419529 413380 801291 113758 693827 ,807489 747472 59642 882554 419529 413380 113758 693827 413353 57333 
777821 500076 820886 299321 249073 363875 841031 362731 727103 249548 ,777821 500076 820886 299321 249073 363875 841031 362731 249548 690582 
440690 560726 516510 483807 20975 682481 645304 627834 406038 458425 ,440690 560726 516510 483807 682481 645304 627834 406038 322025 512972 
392825 91115 267373 753029 940586 247216 933193 295968 131340 680844 ,91115 267373 753029 940586 247216 933193 680844 484912 195616 748201 
685055 348742 428270 772167 911790 146444 691052 47769 339649 848995 ,685055 348742 428270 772167 911790 146444 47769 339649 905060 297596 
658789 111377 484642 89344 343888 21600 562333 130253 798616 865583 ,343888 130253 798616 202115 471753 339253 86683 51668 635224 503382 
62538 193157 269890 613214 76396 696186 16257 559191 120306 616801 ,193157 613214 16257 559191 616801 664301 40470 773739 123858 370265 
31815 256664 681635 772051 161461 555584 734901 821299 499923 883901 ,31815 256664 681635 772051 161461 555584 821299 499923 883901 944459 
309727 190218 583809 697972 996721 74973 869159 484636 527764 254968 ,309727 190218 583809 996721 74973 869159 484636 527764 254968 589861 
420869 815277 83410 511356 5555 488334 427601 615119 111921 141828 ,511356 111921 525680 283100 261758 4697 982663 350468 429542 23545 
993629 719845 262328 168601 123480 364498 683703 59315 317472 799093 ,993629 262328 168601 123480 799093 698803 951521 982873 487836 280563 
974494 176381 296144 587146 55408 453366 459587 128316 847948 867190 ,176381 296144 587146 459587 128316 867190 71362 205889 826960 321933 
952997 85319 97267 769242 987084 59721 467081 140123 973871 471027 ,97267 769242 467081 471027 631844 82142 458509 455967 422880 56054 
26699 729975 245283 336857 805217 666534 547435 362973 636981 322648 ,26699 245283 805217 362973 636981 322648 400749 702934 189138 147572 
570709 883048 714584 980890 438057 741677 943188 842883 71710 32977 ,13640 841728 855881 834436 539606 963871 402490 782214 426074 472085 
412142 88557 364705 34624 111867 459906 931273 388667 298591 537960 ,851324 451236 612657 630815 111621 249322 817902 455013 876392 483815 
253715 398479 204106 390167 492868 932741 236533 234683 53972 925106 ,204106 390167 932741 234683 925106 515343 987935 535385 978969 232374 
343774 921080 860996 125256 249181 830468 555640 557525 909775 332635 ,921080 860996 125256 249181 830468 555640 332635 362956 613363 512257 
188674 858446 964774 540665 62994 880651 504885 544445 730419 263569 ,188674 858446 964774 62994 544445 263569 763341 788722 170609 79564 
542737 390115 336824 526600 420148 430625 80397 232153 363419 452766 ,542737 390115 336824 526600 232153 363419 452766 840788 567809 690452 
531691 696715 932130 380157 786377 221320 863983 176574 705181 372168 ,380157 221320 372168 792718 432815 145067 56107 938358 180726 565174 
951595 235386 449392 392177 85386 577889 616498 886531 197786 252995 ,951595 235386 449392 392177 616498 29404 323894 411800 686317 90469 
994271 297145 771081 876947 999042 253715 198671 918237 768901 481858 ,297145 481858 158755 876826 837699 665930 655688 643235 734985 676106 
5134 453889 527250 420144 100661 631082 539252 940173 189770 84201 ,5134 453889 527250 420144 940173 84201 460887 146564 904434 565027 
439837 373050 721759 577878 26268 154281 915596 132013 494398 166907 ,439837 373050 721759 26268 154281 915596 132013 494398 166907 799338 
849277 840277 970091 126203 848627 893046 443009 594708 922587 254395 ,849277 840277 970091 848627 443009 254395 668411 385667 14141 484116 
830671 956965 971666 407143 421953 922443 190880 824638 46446 963006 ,830671 956965 46446 654976 960167 820554 783250 626319 826998 700317 
979419 732169 444963 711463 186398 997550 37591 11234 941114 915526 ,732169 444963 186398 997550 37591 941114 915526 987662 472216 877009 
295852 608479 15541 810552 882794 10492 107836 193982 863834 952217 ,608479 15541 810552 882794 10492 107836 193982 55921 785951 148240 
566252 713933 826998 604296 641260 889581 102523 445276 130909 899410 ,604296 445276 655902 826236 937735 974046 38006 442681 424149 657534 
926663 363948 480689 719665 23463 280046 815406 815286 95131 815424 ,336757 964799 42048 713616 429563 261483 567813 95529 524968 95166 
524524 298310 872157 19579 71819 114054 732863 141925 908594 830801 ,524524 298310 872157 19579 71819 114054 732863 141925 830801 319225 
484453 174561 202537 867933 520564 270497 569909 973251 981539 705844 ,484453 867933 270497 289116 974840 233389 635620 206490 329106 469634 
618986 866812 8001 357454 741522 167470 860181 565645 252992 849460 ,618986 8001 167470 565645 252992 849460 748666 895415 400230 483853 
366158 678208 949894 738639 278821 95529 814775 122647 752855 809730 ,95529 262070 422591 88617 261483 997991 83394 429563 84207 404091 
178996 84382 252239 209476 573194 169775 179626 259196 146325 272588 ,178996 84382 252239 209476 573194 169775 179626 146325 513503 344265 
9834 809038 322786 933240 673370 890484 140817 654226 672290 447506 ,9834 809038 322786 933240 890484 140817 672290 673447 877902 603868 
188698 908474 67214 707628 604183 930325 512571 756489 415725 543276 ,188698 67214 707628 604183 756489 415725 543276 831360 673164 365683 
14323 426447 638079 672207 535229 4585 95166 524968 598086 480689 ,638079 672207 535229 4585 77683 23588 709136 519086 708754 615679 
83864 823967 94396 745840 520730 635111 617323 936460 534642 815199 ,823967 745840 520730 635111 815199 168558 365393 518097 521858 365392 
922099 433371 457796 429704 71888 689974 81575 144448 495396 643593 ,922099 433371 457796 689974 81575 144448 495396 801065 458259 618500 
359509 765707 926138 212198 988935 214117 954162 612263 557664 944036 ,926138 214117 954162 612263 557664 944036 271264 805280 97322 794409 
338367 542538 613308 822722 567426 785669 121427 338782 974159 664866 ,822722 974159 664866 942240 270589 666124 765936 8668 535552 85973 
291218 235635 948573 936573 867520 84460 114434 172867 281631 324675 ,235635 84460 114434 281631 976079 64722 338374 421984 227775 487497 
527587 684204 431428 825410 892717 494856 521862 956446 151489 613964 ,527587 431428 494856 519086 23463 158171 106508 93007 332611 188529 
854265 362505 929737 857684 886221 376266 480316 916943 253540 929633 ,362505 857684 376266 916943 929633 548896 892740 681894 99523 843289 
246043 581592 925329 213138 423568 181716 711588 697767 489355 298513 ,246043 581592 925329 711588 697767 489355 298513 681615 186109 378548 
102131 41178 64165 870976 11010 8667 880233 723577 889296 982148 ,870976 889296 515325 842125 970785 130156 491870 886858 416038 887898 
262049 19513 382755 179612 169042 804307 174907 283494 152110 393978 ,262049 19513 382755 179612 804307 283494 393978 758273 725835 779122 
710176 919531 787715 669868 842092 103600 858265 756065 861549 333085 ,710176 669868 842092 858265 333085 963396 58077 243095 829295 378013 
704602 875429 671224 691461 682238 707696 82800 917249 31617 270917 ,704602 671224 682238 31617 270917 579991 441376 106267 196908 382755 
294478 279090 220155 910865 272814 398341 529078 330098 707293 708456 ,910865 330098 708456 400679 175779 195476 84124 232400 815647 158158 
795003 176142 545927 514989 498379 190453 635099 547247 750639 151411 ,795003 545927 498379 547247 750639 603392 369391 751968 199708 323048 
493906 401820 265131 329085 432466 836324 485760 81500 953554 9185 ,432466 836324 485760 81500 953554 194974 929204 750939 278198 160625 
154059 496998 742663 236399 493289 240390 306361 306830 505220 238503 ,496998 742663 493289 306361 505220 238503 496736 427362 766812 350945 
274470 860467 913075 495215 905416 81774 470857 501087 249859 246183 ,905416 81774 946969 664793 13399 931910 539737 538680 179099 223477 
629418 644929 813533 137476 621881 382851 699427 953545 744873 688054 ,699427 744873 944439 757639 898215 160388 116848 919821 242438 877939 
543358 543231 769934 797049 46942 536831 643344 461957 222214 46914 ,543358 543231 769934 46942 536831 222214 46914 85290 66828 66286 
820066 635546 835648 89072 155662 291731 597243 695667 527847 387287 ,635546 835648 89072 291731 597243 695667 387287 535177 91950 552828 
184713 18690 575349 95836 986580 185804 21663 70650 795002 627209 ,18690 575349 95836 185804 795002 75892 262076 500638 252676 159804 
269972 66780 397405 640070 731871 180485 929813 378516 176570 945016 ,66780 397405 176570 500527 183553 432730 595004 764831 349162 15962 
947274 96392 269215 970338 457896 854051 618017 957530 225581 941383 ,947274 96392 970338 854051 618017 957530 225581 941383 470857 594645 
257792 619423 248121 400119 745736 546627 308625 812089 204620 960042 ,619423 960042 270670 997677 3652 966532 671258 608331 507289 4272 
987019 931117 552006 472743 130073 576550 898612 824478 125982 286149 ,987019 931117 552006 130073 898612 824478 125982 691298 787179 152857 
265807 420897 488416 420973 45696 142533 238464 123476 454260 876608 ,265807 488416 420897 45696 142533 238464 123476 454260 763627 660222 
162407 126898 400931 936016 776302 63543 543824 970886 680714 770872 ,126898 400931 776302 63543 543824 970886 770872 681426 146672 679195 
381666 511528 63427 471452 643379 44522 144617 637052 29167 212951 ,381666 63427 471452 643379 144617 29167 511631 657473 247272 617968 
674383 642291 674258 676519 717988 887440 766067 969134 673367 331973 ,674383 642291 676519 717988 887440 766067 969134 890634 352081 399348 
308993 559187 87369 797437 105133 435383 89780 621066 694921 425017 ,308993 87369 89780 621066 694921 425017 384945 684620 774 423976 
84587 418509 137743 811075 155062 820440 799821 873346 353731 807643 ,418509 811075 155062 799821 91598 497161 577018 409893 328069 891159 
534351 473125 534356 379746 834037 244032 738260 513924 595354 611466 ,473125 534356 244032 738260 513924 595354 611466 820208 481388 889257 
659613 190701 328251 636049 793200 941961 647894 667432 336978 831529 ,647894 607480 449219 540960 698743 911588 966306 569539 376811 279756 
843086 657910 19529 282012 630870 754709 375005 628869 168712 882201 ,657910 19529 282012 630870 76879 754755 461624 168678 731451 394623 
629849 616893 480025 476469 49011 824693 914620 925024 746533 924226 ,49011 914620 925024 777138 43659 880306 812387 212138 797396 393888 
759250 851360 752084 540422 881114 900318 811153 559262 477085 955907 ,759250 851360 540422 881114 477085 955907 560758 767648 834508 38575 
704772 96693 791912 516823 43282 953256 292942 54428 498155 40878 ,96693 516823 953256 292942 54428 269328 540724 295228 823665 48483 
459790 474237 273007 459864 933251 538920 746568 138537 146583 117193 ,459790 273007 933251 538920 746568 138537 146583 117193 394623 273122 
834416 69298 598672 380255 573930 272554 865314 465778 100789 932755 ,834416 380255 272554 865314 465778 100789 224117 146304 241287 629643 
679503 398419 708173 540602 728771 928322 989057 865983 61749 262653 ,708173 781462 173854 399711 620326 883720 320281 238582 308630 597547 
708397 268978 811847 78855 739954 876838 526261 698359 705818 452733 ,708397 268978 811847 78855 526261 698359 705818 452733 578369 944885 
704389 261925 176251 77959 170823 822119 286514 495332 706422 613976 ,261925 176251 77959 822119 286514 495332 706422 185356 577063 533978 
107148 119179 545675 657089 445473 107947 694805 384396 116591 284741 ,107148 657089 107947 284741 354344 566015 177370 752445 627559 46670 
365033 241746 497094 180669 690103 713567 440418 683675 81213 532542 ,365033 241746 497094 180669 690103 440418 532542 980854 130870 603116 
838164 841665 187682 326493 379283 640831 244032 75501 445881 752050 ,838164 841665 187682 379283 640831 75501 445881 444499 709233 9643 
389897 305124 531312 83036 719884 518640 509974 322297 668281 880268 ,389897 305124 531312 719884 509974 668281 349402 416960 448482 470717 
436908 324803 272936 152793 339967 96861 176643 494171 795848 128073 ,436908 324803 272936 152793 339967 96861 795848 822419 78630 439607 
262976 531312 363763 416960 524681 540813 499141 518640 254300 363754 ,262976 363763 416960 524681 540813 499141 518640 254300 363754 246982 
824226 893387 667383 657721 825584 657796 26214 653431 44526 637059 ,893387 215675 604296 937735 477177 654819 213065 656347 684870 217748 
611552 155790 796855 76421 577375 74757 256832 195724 161026 241715 ,256832 241715 736030 862271 863410 919978 123862 348987 212747 556996 
903685 43311 400375 686262 777285 83658 109565 382268 418344 104499 ,903685 400375 777285 83658 109565 382268 104499 339952 390037 87369 
812607 734784 905569 102081 191358 963709 745089 144328 834416 481858 ,812607 905569 745089 144328 757843 535748 521256 833146 208421 774076 
533625 940753 269215 716466 515574 596943 861293 193645 804581 376384 ,533625 940753 269215 716466 515574 861293 193645 804581 376384 660759 
553560 146816 680437 895369 620730 326329 665199 914975 875150 562474 ,680437 895369 326329 875150 4517 49819 655797 640377 546167 274103 
518657 583998 30006 470717 754324 390153 122004 740510 188418 808325 ,518657 583998 30006 470717 754324 122004 188418 104859 524756 170267 
953256 322297 516823 704772 316689 54862 321661 54428 499141 518395 ,953256 322297 516823 316689 321661 54428 518395 295228 448779 96693 
968397 389612 930740 494877 682091 598767 181926 633356 367264 969041 ,968397 389612 930740 682091 598767 181926 633356 367264 834485 233173 
172376 312477 37514 701064 483307 162607 886884 646476 349653 95899 ,172376 312477 37514 483307 886884 646476 89985 860868 621979 978852 
180808 242438 1294 501431 128033 628748 618425 453663 634515 866418 ,1294 501431 628748 453663 634515 871406 454244 267949 719282 391061 
541964 404085 793285 679314 206772 557931 531129 224330 869079 353500 ,541964 404085 793285 206772 531129 224330 869079 353500 270130 193294 
540198 952030 856708 373771 477128 536590 908128 996680 754626 604550 ,540198 952030 373771 477128 536590 908128 996680 754626 604550 768185 
602618 673601 219813 66357 929392 105432 739652 261322 373446 581174 ,602618 673601 219813 929392 105432 739652 261322 373446 581174 191332 
214570 905407 605872 854180 889681 100999 861643 199196 508210 386868 ,214570 905407 605872 854180 199196 386868 306113 916521 453663 490040 
215697 44985 915085 696934 789418 410483 216563 673701 638268 424210 ,215697 44985 696934 410483 673701 424210 767893 558090 675092 864115 
51394 213065 56972 305289 472415 759855 665484 736617 639822 687856 ,213065 472415 759855 656347 891488 482167 649540 311127 330905 426870 
569967 777453 914 23070 435852 195104 383585 450157 221598 456284 ,456284 657306 967285 386664 771898 94244 86018 689671 462676 383002 
892610 508034 754852 182551 389830 398059 32244 104980 787237 350426 ,892610 398059 956762 488860 366907 153672 989236 809503 106331 122766 
297263 634205 83329 887219 516073 548881 342957 323594 594639 728792 ,297263 634205 83329 548881 342957 594639 728792 394941 234219 63088 
162871 756368 216868 595876 654641 802153 995926 912654 717000 105133 ,162871 216868 595876 654641 995926 912654 717000 683879 128527 27759 
522318 16036 772343 193100 971609 856717 918839 969368 635076 854885 ,918839 969728 515843 911030 191429 725448 617927 61479 798232 407973 
20844 106657 564326 20605 988709 797839 877556 617999 868178 317213 ,20605 877556 868178 317213 15697 962923 684685 255648 863723 13583 
350899 279228 254116 338233 158471 591205 497907 227293 307161 720212 ,350899 279228 254116 720212 941986 574274 910843 569853 55553 570088 
457866 213088 52558 278985 180717 97295 719949 63427 52247 884587 ,457866 213088 52558 278985 180717 97295 719949 63427 52247 884587 
245330 627323 214300 368615 201255 291712 694720 878342 671158 314993 ,245330 627323 214300 368615 291712 878342 671158 121441 499724 507118 
828827 517618 390008 370109 680720 181912 233905 264482 688506 944315 ,828827 517618 390008 181912 688506 944315 124770 143853 547331 163282 
481387 919350 478907 595235 681887 102685 970732 966233 990072 852475 ,561389 821480 6337 585492 140434 899706 905051 594403 416239 899109 
238839 503727 116242 404790 569997 833415 454052 47941 345563 256418 ,238839 503727 116242 404790 569997 833415 454052 345563 256418 832385 
956987 977022 418697 896767 843171 925765 898234 423390 401681 995857 ,956987 418697 896767 843171 925765 898234 423390 401681 995857 654581 
340864 732324 228401 431095 731475 465435 270756 803106 297619 208860 ,340864 732324 431095 731475 270756 803106 297619 208860 998286 482167 
112700 421733 271603 5833 75058 180658 530961 122732 292083 470701 ,112700 5833 180658 470701 270988 341739 432861 81572 448779 482333 
881806 681876 885851 846063 853516 446911 837377 831849 103776 763101 ,881806 681876 885851 846063 446911 831849 103776 820387 444588 801824 
928184 941977 224082 449783 941163 905569 680241 72360 906811 595235 ,928184 941163 905569 680241 906811 671568 774076 636942 260398 883715 
485713 841665 838164 75501 952491 716281 444499 286666 217218 668095 ,485713 841665 838164 75501 952491 217218 668095 846547 202620 326493 
467517 453696 659500 280750 589973 368587 720515 465903 490613 439850 ,467517 453696 659500 280750 720515 465903 490613 637199 30318 802528 
695505 473334 501365 318084 143033 16429 508905 525884 865317 210292 ,473334 501365 508905 525884 865317 210292 890345 932910 619415 987634 
455899 319409 907165 392278 312590 132165 731660 128305 263366 617435 ,319409 907165 132165 263366 269559 957985 937897 12575 467517 780851 
448651 133695 536312 211529 547524 62544 659900 954310 212951 640188 ,46854 430026 899826 657796 385767 236827 487625 567395 42694 29167 
670111 345686 821816 319316 833870 976175 831270 664459 579364 229116 ,345686 821816 319316 833870 976175 831270 664459 579364 229116 946882 
786811 617927 431395 985678 473558 947439 285719 997677 887798 268245 ,202004 921205 224268 181547 313354 987485 392825 797503 944448 837099 
236827 68720 607342 451647 238504 355017 113062 887147 128056 441057 ,238504 887147 128056 441057 467517 723023 759855 232588 298415 30341 
903244 547331 398323 443294 602568 880806 972705 692904 876194 904975 ,547331 443294 602568 972705 692904 876194 241450 810777 442408 873178 
826827 963007 469184 649055 629447 888440 958940 199887 219767 970597 ,826827 963007 469184 629447 958940 199887 547453 398834 611034 262411 
20130 947439 358769 596228 381354 456056 125439 196460 867121 843986 ,358769 843986 705030 12103 328204 868022 746950 217820 767704 238955 
969505 730338 237923 331837 222341 499387 279508 435843 257497 988017 ,969505 730338 222341 499387 279508 435843 257497 567748 174394 662495 
374271 74812 537923 984616 674798 241402 706562 989820 227706 241794 ,74812 984616 674798 227706 241794 936346 453516 674260 218931 266100 
950555 944704 78397 283347 314009 90594 75719 745948 851396 335066 ,950555 944704 283347 90594 745948 851396 335066 153637 862354 100634 
827861 570054 448110 657642 215900 639795 446313 655212 654780 657045 ,215900 639795 654780 657045 476926 655698 374180 720985 655266 417727 
358445 51692 799635 205468 753547 426823 423653 966790 482453 348252 ,358445 799635 205468 966790 482453 348252 510893 639327 95595 818704 
53651 821774 476715 56490 289980 52549 480055 512591 896672 610590 ,53651 821774 476715 56490 289980 52549 480055 512591 896672 610590 
165997 202966 267244 320101 185227 281396 44791 499160 838679 344907 ,165997 202966 267244 320101 185227 281396 44791 499160 838679 344907 
153120 983805 133820 982877 17314 989250 741074 343613 691769 62755 ,153120 502894 858867 514435 270958 499544 859799 15735 616457 60252 
979943 302729 166437 779490 278172 204478 572701 941667 40917 374122 ,166437 204478 941667 40917 374122 916168 103388 356991 374884 956249 
649070 77063 675916 850898 271253 941119 830220 650214 453129 79478 ,77063 675916 271253 941119 830220 453129 948993 423471 738458 818752 
295649 466990 377619 966906 465819 555711 60143 123919 269559 377873 ,466990 377619 555711 60143 823905 10409 351043 515710 315406 143613 
892078 756871 462021 608266 850618 718615 677760 709163 33819 831257 ,892078 462021 608266 850618 718615 677760 33819 708543 550933 709249 
453540 101484 79478 238056 459655 988154 722082 977594 711541 80683 ,453540 238056 459655 977594 711541 55494 923267 79870 338442 421343 
247761 525230 363376 787640 23991 621991 99040 732548 233457 426515 ,99040 732548 265514 261438 720654 292523 506012 647159 305120 55698 
861519 645184 831844 255236 633217 971649 366173 249371 815212 862533 ,645184 633217 971649 366173 249371 842553 741364 520952 695653 91689 
566147 834774 933754 415120 336421 415032 379746 667498 369572 452689 ,834774 336421 667498 452689 753865 232700 880830 551981 220738 754434 
552117 477661 264349 481555 105059 54427 639327 191656 472223 834388 ,477661 264349 105059 54427 639327 191656 472223 423657 541661 602180 
899027 16605 780051 719587 539689 677799 739170 762013 392658 680079 ,16605 780051 762013 680079 777502 669867 227063 639688 204864 122503 
766866 86698 184552 128904 652258 242800 700424 882610 135831 317100 ,766866 86698 184552 128904 652258 242800 700424 882610 317100 575001 
64887 172325 142188 231467 757319 841528 308802 626068 102587 404607 ,172325 231467 841528 48323 402379 975309 69300 181871 81161 117020 
992052 543207 557753 627953 442610 775119 940638 911747 386346 692425 ,543207 442610 775119 940638 692425 612806 571834 44606 959242 901603 
134435 832819 364430 175432 923177 32736 145866 937550 834627 21662 ,364430 175432 32736 145866 21662 116371 3088 233278 120514 306277 
748753 665790 887313 752821 188312 853197 967631 812437 851642 589744 ,748753 665790 752821 853197 967631 589744 229202 918140 753451 96603 
120894 735208 331486 377241 859642 151309 105046 157115 353068 860022 ,322948 296374 236593 550416 716916 531696 232424 247761 148062 372270 
490003 509063 257497 190483 711478 83474 340327 164069 796024 528583 ,257497 190483 340327 796024 517630 903614 493922 311238 518442 127793 
106335 461490 838975 801658 985419 659748 720827 582322 886361 440602 ,461490 838975 801658 985419 659748 720827 582322 886361 440602 294458 
702246 105522 305710 329479 168903 636033 615959 897746 498745 193440 ,702246 636033 615959 498745 193440 863065 79870 289946 158667 411560 
562757 696751 52248 978499 432738 332815 36845 406036 914621 44870 ,562757 978499 625168 885570 385394 27550 431425 465679 629157 443115 
858702 324686 755495 74217 330757 778117 257133 686805 839289 835346 ,858702 324686 755495 74217 330757 257133 839289 835346 149658 946862 
633196 402474 302904 600463 530445 89616 201352 85095 629291 725736 ,402474 302904 600463 530445 201352 261688 197166 83492 501719 226507 
481177 397769 222380 936179 630468 994634 323455 731300 667809 462280 ,481177 397769 936179 630468 994634 667809 520623 234915 154548 854536 
96205 104789 518846 662651 42048 122833 942779 145352 751222 297362 ,96205 104789 518846 662651 42048 122833 145352 751222 297362 519837 
649832 428226 675021 654441 187247 651499 718742 649870 769939 657210 ,649832 428226 675021 654441 187247 651499 718742 769939 657210 652990 
69805 853495 736226 670715 634554 720522 681984 709181 890921 69909 ,69805 853495 736226 670715 634554 720522 681984 890921 69909 868404 
433003 730380 685841 367490 59234 95269 432577 522795 552183 841382 ,730380 367490 59234 522795 720838 908940 694782 844809 923801 389671 
429032 885007 163944 438570 558576 789806 126141 505427 147185 451193 ,429032 885007 163944 438570 789806 451193 754288 783940 428062 121465 
682202 961184 384921 692599 321773 523570 636033 870079 305431 102597 ,294042 83184 181793 742529 278762 516531 423522 242565 659999 609848 
611726 596415 434509 698478 111600 700369 748297 90277 853899 426487 ,90277 853899 222191 995624 977244 179256 174956 817707 919314 105754 
194986 360492 269707 822767 98602 286247 984616 671440 723461 595279 ,194986 360492 269707 286247 984616 723461 595279 524219 14186 921857 
332254 127002 346065 570441 692000 872849 556718 311492 795570 673536 ,332254 127002 556718 311492 795570 673536 882607 668286 178533 675787 
102573 655397 885317 767869 407256 293283 848083 767908 413855 216141 ,102573 767869 56044 656480 105571 171798 426873 891031 605912 689246 
259144 258176 890741 827268 159102 833242 855601 833833 443516 443139 ,259144 258176 890741 159102 833242 855601 833833 443516 443139 374122 
207068 541743 644503 541586 421614 912355 767911 925424 411945 417482 ,421614 676279 768279 537376 920349 467524 410421 736803 445778 794190 
18597 192281 952759 361876 879309 421203 795704 936887 574555 970193 ,421203 795704 574555 795250 205354 412674 271104 765765 81915 209055 
859316 868427 539253 663514 223791 961282 842090 223734 538689 768227 ,859316 868427 842090 223734 768227 544978 914116 919550 387265 387883 
409093 522528 948912 971062 736390 68639 637342 532602 49429 392116 ,522528 948912 971062 736390 637342 532602 49429 261688 553146 716000 
322751 617775 958643 409839 204405 688065 47182 494636 959036 692187 ,322751 617775 958643 409839 688065 959036 692187 289076 922076 47943 
19718 107859 195879 544412 548199 466046 465483 521948 940590 488956 ,662651 942373 119078 272601 246012 597732 562214 270560 238797 719796 
655850 423067 558511 736300 740266 370620 271253 227414 534853 889078 ,423067 558511 370620 534853 889078 845885 452141 907132 97814 364828 
605433 254530 401780 333728 884177 882056 769026 499160 150967 959242 ,150967 890487 904062 240594 253853 610334 829139 409011 626800 414613 
155018 753488 303813 493948 457407 847764 348577 527887 361022 506954 ,155018 303813 847764 348577 217183 174138 762815 189601 320101 483376 
994984 710127 43128 250967 347990 559053 425131 284880 548680 246917 ,14822 559493 772732 270174 790998 189439 968408 596512 585492 241584 
245332 901846 645214 292428 306047 863588 376795 726453 470682 481092 ,245332 901846 645214 376795 726453 470682 584422 265652 405465 484902 
306930 346000 282366 280614 79392 664430 557067 664433 93759 151160 ,282366 527927 220747 306682 237925 721067 634967 351642 929119 647967 
83382 502234 726378 710088 103759 36674 189132 189022 713544 689896 ,36674 189022 713544 689896 42841 402577 458549 528796 177562 911876 
853197 376593 477428 803155 20936 531872 608192 325850 126769 301484 ,853197 376593 803155 20936 301484 988463 630548 868217 135389 302071 
957276 483174 516224 880741 520045 207560 596020 866568 679295 224008 ,596020 866568 679295 968408 241584 739897 896094 634859 405580 156605 
256752 377671 201111 757319 832399 177676 890269 908431 638113 623334 ,256752 377671 908431 623334 163493 984722 25030 850038 159145 925682 
489572 836219 371545 988311 690254 522401 83270 406305 883686 417226 ,836219 873837 727697 730500 201088 367830 810267 318863 425360 3241 
942184 459397 323413 504585 542636 3241 671554 689507 950554 180089 ,942184 323413 3241 689507 950554 180089 275303 15537 505091 316043 
744645 82557 641536 918320 275780 603802 39622 938392 790610 873407 ,744645 82557 641536 918320 275780 603802 39622 938392 790610 873407 
973560 277918 993249 206556 840776 105313 916022 959149 433782 14512 ,993249 755287 987477 919186 846163 933684 561168 966470 270874 892583 
375889 540463 823978 93256 847913 60441 814268 189594 753559 207189 ,290077 473499 807519 559142 51387 191196 990471 862430 906581 770508 
589333 997339 876034 493608 316642 502894 617763 963210 492261 170725 ,589333 997339 876034 493608 316642 502894 617763 963210 492261 170725 
405990 63195 71682 486347 749073 441633 513970 543988 157787 268685 ,486347 441633 513970 543988 157787 400885 404330 228206 659289 722528 
962142 72011 436202 404419 824871 264448 295173 561409 15438 543847 ,962142 72011 436202 404419 824871 264448 15438 543847 495949 484715 
90066 13504 632527 494882 524109 722513 224751 957875 181991 802466 ,13504 494882 957875 61595 526561 83599 598443 14069 387265 258987 
920300 557779 777138 70504 102707 713031 87556 975930 863294 612786 ,557779 777138 70504 975930 944170 934821 407497 264198 466395 621745 
2783 513718 831625 561838 846515 287197 672394 9576 219564 899667 ,2783 513718 831625 672394 899667 2109 634168 863809 990352 797809 
39975 431425 882391 407835 616835 52248 555385 516281 84069 581176 ,581176 59365 27550 387713 466916 424266 114748 187187 941982 845885 
790989 305007 658871 977336 491716 279732 339118 499049 90443 472302 ,790989 305007 658871 977336 491716 279732 339118 499049 90443 140551 
814497 57112 473465 914014 363284 868121 91086 45113 36258 9121 ,814497 57112 473465 91086 45113 36258 9121 491863 413743 539891 
819619 572250 504736 225248 562333 786696 149142 957875 752200 870144 ,819619 572250 504736 225248 786696 149142 957875 752200 482200 129447 
997085 920647 485455 911711 886540 994330 207619 842259 644421 121932 ,920647 544978 387883 919550 100232 203440 830953 667756 204864 680079 
526313 574508 576958 81702 695619 621991 471135 660338 970760 898677 ,526313 576958 695619 621991 660338 885453 567642 547642 552278 988713 
378638 437506 39691 293134 92065 105643 125069 773078 851313 363661 ,378638 437506 39691 293134 105643 363661 262314 180111 47102 508223 
519451 87977 84061 684249 361724 174956 440923 272051 344592 174675 ,174675 105754 797414 170385 665788 127728 357 153372 521855 134660 
9089 978634 851070 86655 764679 387169 300093 34089 150694 623965 ,9089 851070 34089 690730 334639 864088 986042 559473 310085 12546 
274431 993336 745197 58870 332469 389007 744665 61871 96340 526898 ,274431 993336 745197 58870 744665 61871 526898 679888 877291 45345 
996933 768227 443324 851564 846163 791094 960656 867686 756342 768169 ,996933 768227 851564 791094 867686 768169 847145 996986 855504 855556 
600332 116092 778998 691446 338744 950554 323413 52503 395536 801359 ,600332 116092 950554 323413 320700 802820 35310 175394 319469 784105 
224669 946586 763159 326017 692714 33262 285408 264435 584542 510311 ,946586 763159 692714 33262 285408 584542 465371 173289 110110 355293 
190839 234614 184606 952378 384414 832680 800668 674041 839147 837916 ,190839 234614 952378 384414 832680 674041 837916 799938 135007 984616 
164963 913338 936247 202348 366329 381995 519716 178469 384679 232932 ,164963 936247 202348 366329 381995 519716 384679 993911 75948 145866 
169900 162516 589991 578637 831320 392512 927792 303553 139700 631580 ,169900 589991 831320 392512 927792 303553 139700 631580 360489 169542 
46118 480761 354144 304695 386533 70939 585322 910852 341017 961184 ,46118 304695 386533 910852 341017 961184 309852 497804 784154 292403 
275975 391586 148165 948507 140361 354428 33945 812540 478775 757465 ,275975 391586 148165 948507 140361 354428 33945 812540 478775 757465 
933321 36911 349225 381824 488064 773246 208433 843879 182626 926115 ,36911 349225 182626 662564 150850 739896 332065 722614 330030 963210 
460251 671397 889887 198781 896754 266027 228206 276953 186799 53062 ,905656 417137 941032 611886 997170 669007 890487 846430 215392 747647 
346679 499792 156496 82149 108291 53060 719337 563418 87692 94678 ,53060 719337 782969 128251 404991 931031 351043 184386 177546 522031 
292380 873187 307189 651923 61252 899456 101259 498738 364054 24134 ,873187 307189 61252 899456 101259 498738 364054 24134 523930 41181 
46106 295834 279579 182584 635459 472440 970646 1808 722980 224395 ,46106 295834 279579 182584 472440 970646 224395 976030 58845 174675 
181353 869074 865892 299190 303144 129244 498821 149462 696013 901846 ,181353 869074 865892 299190 303144 129244 696013 901846 319152 63568 
848774 810686 994983 973650 563091 560940 819296 882978 58870 893539 ,810686 994983 973650 563091 819296 58870 893539 210931 857892 685939 
44804 895939 357164 204106 513650 775119 890066 469046 903852 51531 ,895939 357164 204106 513650 775119 352631 479332 266972 541345 39301 
180889 618400 135722 793469 985943 364336 979301 889786 809110 574094 ,180889 618400 135722 985943 979301 889786 809110 574094 623717 523918 
614374 877460 229201 885776 91769 101645 1997 985417 363347 890921 ,614374 877460 229201 101645 1997 363347 890921 304834 670715 235171 
361724 814598 748297 5554 466822 815318 521855 815401 815262 815259 ,361724 814598 466822 521855 815262 815259 609415 68485 814658 82812 
630259 693889 194986 394969 85594 77848 16315 196860 272014 403454 ,319494 19299 740409 843149 198607 670092 591675 224039 513095 486985 
127577 155391 379292 541010 617763 198799 704252 362354 334884 73917 ,127577 155391 379292 541010 617763 704252 362354 334884 73917 32637 
685104 357233 154146 506954 677067 844709 93374 281897 70042 551571 ,685104 844709 780864 572250 454510 836727 462327 89143 533254 3055 
37271 453883 305448 858310 321737 510241 79443 700312 462428 865293 ,865293 59029 173264 516569 281790 191196 81695 791691 500022 736670 
844962 154718 779361 150562 455001 747654 948849 385306 630266 588572 ,844962 154718 779361 747654 948849 630266 497228 59462 327624 151980 
998122 541357 996791 821774 610590 649431 247044 812663 54954 445008 ,821774 610590 835170 476767 949550 735238 232532 541345 453289 223844 
135208 622246 776811 728718 451932 76542 861963 552768 92227 871965 ,135208 728718 76542 871965 96322 209237 633032 481009 265832 310898 
227844 97383 146448 677951 220716 485058 629103 851070 194629 665095 ,227844 485058 949550 408216 313581 539027 402099 928655 278102 618238 
949460 76179 949788 949793 171619 729209 250646 81105 804661 940968 ,949793 458228 401345 102573 656698 22328 864793 807643 562826 56044 
997123 997170 573273 800956 541909 960656 511923 917447 864453 815190 ,997123 997170 573273 800956 541909 917447 864453 815190 613796 36125 
588572 2600 352616 59462 31266 406535 172325 721216 206084 822444 ,352616 406535 206084 485144 448824 193207 166669 174636 779361 948849 
378235 633146 63310 122582 176164 3012 595702 977340 680742 453930 ,378235 633146 122582 176164 392078 395860 380584 626393 467889 995386 
21565 107469 163709 742674 812728 639327 199744 453395 96711 791598 ,983596 335166 101624 863820 293283 700930 949793 900382 760690 191656 
59804 337605 694044 598990 525357 22243 816130 236960 153063 528650 ,59804 337605 694044 525357 22243 816130 236960 153063 613872 235462 
630551 655889 806844 67293 569818 395536 802820 769026 418960 861267 ,630551 655889 806844 569818 802820 769026 418960 861267 784105 116092 
289197 746650 242393 161784 2431 475396 592048 303192 3274 515222 ,289197 2431 475396 592048 480126 631423 176048 83308 874847 875344 
79230 732820 202689 815148 78091 575014 678327 482016 824436 852305 ,815148 482016 824436 782974 846485 522264 251683 630548 687 899667 
990886 673084 664509 126586 477377 687376 890780 993611 328370 385634 ,990886 673084 126586 477377 993611 328370 385634 546617 326028 552430 
196104 991034 537657 384328 302417 950683 699799 541140 173758 454213 ,196104 441561 616948 537250 478079 229529 350048 241610 887823 120712 
426515 554602 325463 239396 98891 364494 232665 429539 336911 923801 ,426515 325463 239396 364494 232665 429539 923801 487808 114855 458549 
864183 137232 950265 377887 17919 629111 712659 960135 144034 242356 ,864183 137232 712659 960135 242356 621416 134241 244960 675679 721714 
636553 373812 765682 72164 211125 761970 609864 555969 661809 402479 ,636553 373812 765682 72164 211125 761970 661809 402479 882822 931023 
511086 511009 387257 630398 378757 637012 608625 561630 984082 310181 ,511086 511009 387257 630398 378757 561630 310181 764313 189155 506158 
849567 211666 132385 902909 556771 303053 546207 103800 654771 859839 ,849567 211666 556771 654771 217925 488363 365037 472444 477863 879506 
195694 442070 321006 234835 214728 592416 333546 865942 406950 549099 ,442070 234835 592416 865942 406950 549099 702335 301424 394348 329471 
107365 804288 601639 801261 52589 132562 750741 284373 293264 280235 ,804288 601639 801261 52589 284373 280235 177387 272022 555503 817063 
598200 822528 165202 359401 585656 348651 390689 997701 522419 498017 ,598200 348651 292126 584562 630575 967152 662791 817978 796168 720793 
538689 970091 932476 407703 886252 224756 48071 363187 546579 513582 ,407703 886252 224756 546579 443009 481240 992019 919593 190694 842402 
804040 107337 719186 477521 416912 693784 597521 806145 390251 525127 ,804040 107337 719186 806145 525127 253747 963582 74511 600886 720970 
395802 281631 190205 282611 279958 549770 298057 929209 434850 618544 ,395802 281631 549770 618544 994807 352756 123664 955111 244092 430407 
600886 823512 157611 422588 295141 809945 964980 430988 949538 160417 ,600886 823512 157611 422588 964980 160417 129999 722939 790735 225429 
323634 366433 262734 709367 264864 253978 249499 823745 51326 80880 ,262734 249499 823745 51326 80880 725475 272813 601236 524119 526131 
665167 576413 880842 561213 269144 854777 359370 648710 822941 443009 ,576413 269144 648710 822941 443009 697206 955483 836813 473817 181378 
470660 637157 322737 474642 525045 694001 516473 68253 171837 292903 ,470660 525045 694001 171837 763030 179575 717765 235096 185980 187724 
507188 503281 407008 452674 352861 208199 702834 80880 151307 323113 ,507188 407008 702834 80880 422278 25644 471354 513861 272813 721282 
209926 104669 159684 320851 392078 856711 691565 253635 400956 393367 ,209926 159684 320851 392078 856711 253635 457503 736877 473875 842171 
855161 443587 842195 642787 895394 770511 756242 830551 862338 443852 ,855161 443587 642787 756242 862338 856411 846322 104024 641787 444689 
824796 202389 41193 124113 145422 997909 407634 912951 476035 646358 ,824796 202389 41193 124113 407634 912951 770287 711688 754580 83033 
374102 314001 374720 767442 783043 922118 256664 985799 397546 546005 ,374102 314001 374720 783043 922118 256664 985799 397546 546005 911495 
483664 327463 294338 590452 860646 481425 952662 181906 254749 852002 ,952662 210446 236443 454821 360638 303828 705812 984082 637012 324382 
27903 13167 672200 1323 1151 880316 840887 542272 432473 125980 ,27903 13167 1323 840887 432473 568223 919439 621570 929231 835384 
947076 17399 596945 111621 483815 766623 267487 286610 109280 728056 ,483815 766623 286610 906995 870432 329584 790666 565416 431624 753846 
687001 652631 442332 190771 186614 914334 792513 417728 442662 657320 ,687001 652631 442332 190771 186614 914334 792513 442662 657320 775639 
857758 846585 997489 885876 852887 919283 846314 444893 949341 773908 ,857758 852887 846314 444893 949341 773908 274848 397546 566378 107481 
170826 356384 406977 201553 660100 378489 150951 658854 932504 114307 ,170826 201553 660100 378489 150951 658854 932504 114307 486267 316223 
104019 995033 754340 716686 887583 430870 216527 49250 428756 824073 ,104019 754340 430870 216527 49250 824073 681030 557543 794427 42290 
131057 263511 667100 244523 853476 970199 190806 28638 948029 672613 ,190806 672613 699235 823338 611637 847799 115239 255867 41775 560940 
128056 480129 528442 274393 469175 334848 93934 110406 603251 284672 ,128056 480129 274393 469175 334848 93934 110406 603251 284672 243085 
903931 911944 428791 521350 891487 47260 682558 586667 388491 834287 ,903931 911944 428791 521350 47260 682558 388491 834287 539613 657239 
119690 890508 834895 854804 63210 321029 426105 637747 736089 499192 ,119690 890508 63210 321029 426105 637747 736089 499192 200409 61022 
676984 970771 774053 874825 971627 545848 69790 731578 110622 613161 ,676984 970771 774053 874825 971627 545848 110622 613161 786876 863660 
599719 79240 921970 654297 502993 69289 879821 210128 368746 832870 ,599719 79240 210128 832870 61976 905058 367587 274722 166546 898895 
971285 490989 842862 77499 721991 12759 529871 393269 493035 647959 ,971285 842862 721991 529871 647959 842495 197749 966696 622936 152198 
802694 660244 796966 843115 360593 980798 791039 916182 975682 805678 ,802694 796966 360593 980798 497868 2705 703731 326369 361315 152198 
970328 51026 75072 370579 932927 263828 305659 995598 971039 172784 ,970328 75072 370579 932927 172784 829923 795735 516362 832809 590888 
752407 906879 244917 310562 203686 166643 201309 240654 622295 114347 ,201309 240654 460609 54410 961863 680413 266545 321278 28130 412177 
979505 8435 634205 896767 904872 832539 213437 810068 884821 721640 ,979505 8435 634205 896767 904872 832539 213437 810068 884821 721640 
840248 574925 49341 135099 965899 500991 756765 586272 611129 12474 ,840248 574925 49341 965899 756765 586272 611129 12474 49057 127878 
572011 753083 468890 675552 398817 537488 270161 839967 289705 125117 ,572011 753083 468890 675552 537488 270161 839967 289705 125117 849313 
511397 58522 91234 908971 571435 904105 224891 662031 991730 491046 ,91234 662031 491046 207175 480203 92043 468177 375867 538004 865022 
593137 555125 920847 985181 824701 632366 376884 315929 3719 703308 ,555125 985181 824701 632366 376884 3719 762345 974184 828936 69689 
454416 474264 399554 180281 73471 786225 584033 915638 734655 947095 ,474264 73471 854884 101863 265525 139 877184 986011 594702 299495 
868004 386100 795830 632681 69348 180670 845267 195828 829273 881927 ,868004 386100 632681 69348 195828 829273 881927 755955 273199 486605 
937450 974366 145557 452684 556699 752369 887229 695468 450622 2702 ,937450 695468 838183 990708 728371 573147 63238 403656 551759 991353 
404297 818532 123454 655940 540714 710705 850116 215336 990667 751705 ,404297 818532 123454 655940 540714 751705 825747 671680 333897 882313 
97969 78397 317129 132203 900058 335372 561894 771733 729360 74466 ,132203 771733 666528 83816 340428 552100 361180 210289 631170 348843 
869828 140980 848312 857236 897925 941382 867793 980613 3654 967983 ,140980 848312 857236 897925 941382 867793 3654 619123 979784 419238 
925969 430421 893698 296751 527522 783400 695766 946450 531497 484663 ,296751 783400 695766 531497 993182 779226 932795 534493 336991 718185 
859545 834828 137697 21101 472475 978592 283971 781781 836167 82860 ,834828 978592 836167 250387 128729 30932 269280 440937 530495 175875 
180780 453532 466123 958686 20755 519456 511548 229270 734658 965595 ,180780 453532 958686 511548 965595 535446 503675 292943 61502 511364 
315761 617605 713749 480233 579827 164295 156850 20662 137320 314889 ,315761 617605 713749 480233 579827 164295 156850 20662 137320 314889 
676575 677301 676093 649888 845423 778275 623585 677708 620555 374974 ,676575 397716 776680 140980 860468 405736 856681 952959 957945 604786 
828933 915576 667856 203310 800489 704692 594707 878313 533929 863018 ,594707 863018 190588 393520 158226 970530 877134 633958 960673 102901 
920730 879722 895024 11588 950752 443545 542230 961456 432354 224484 ,895024 950752 961456 943908 868598 68851 547019 126525 89152 606953 
40905 290430 492636 40917 417876 114267 904859 491957 896718 872051 ,40905 896718 47701 255248 442839 571664 416959 356197 56693 802090 
292809 90224 595508 631365 56620 490892 778150 293949 987984 974341 ,90224 490892 778150 293949 987984 291590 914249 697884 373454 525608 
725972 745538 863599 883689 207386 635193 49997 635377 728108 902172 ,725972 745538 883689 49997 635377 728108 902172 633236 876268 981738 
842348 668415 203987 917438 269142 879954 917937 104162 110166 669923 ,842348 203987 917438 269142 917937 110166 669923 99153 23834 842014 
806433 351436 197924 910552 586695 984280 632681 263885 22715 498520 ,806433 351436 632681 263885 22715 498520 846666 185984 565983 229134 
521917 601073 746706 799434 475022 500772 703437 464980 80323 415458 ,521917 415480 954342 571032 18942 814032 408881 104891 658133 567760 
740989 333318 297135 940817 328715 786887 416983 526216 233010 700065 ,740989 297135 940817 328715 233010 700065 433604 85207 476850 638962 
973399 851758 862028 683923 563655 161198 555337 934040 834729 436964 ,973399 862028 683923 563655 555337 69261 744176 604273 594797 99153 
232200 196366 404806 96568 539599 109531 83222 58522 135601 42090 ,232200 404806 96568 109531 83222 680417 226286 840955 742110 72452 
370317 223699 223598 147961 181042 162379 780303 904587 205580 811708 ,370317 162379 701027 767159 431594 313976 193639 96896 90199 262111 
262008 640142 547416 107754 854544 30373 591881 911119 638340 323704 ,262008 547416 107754 591881 638340 149783 607154 601196 780487 854123 
186514 611383 913176 768316 875465 768961 804517 866695 888287 666669 ,186514 913176 768316 768961 804517 888287 666669 311313 103723 640521 
77742 127287 309925 784789 63929 89047 495801 369321 685120 426310 ,309925 63929 495801 400622 262626 226482 36340 111718 426386 639756 
947552 158705 617956 575159 348333 260716 162635 679133 152948 77366 ,158705 77366 391154 199457 512441 678486 76813 873348 62069 899384 
628334 15012 333414 552100 323193 113251 276290 770625 510990 160511 ,552100 510990 204817 190511 596631 417812 528345 453055 331517 205775 
364806 249503 906773 556436 555813 278130 79112 62269 21982 341968 ,364806 249503 556436 555813 278130 79112 341968 365351 696537 360951 
47663 958984 779296 470622 100547 987975 226208 580028 7772 990559 ,958984 779296 7772 990559 682568 429479 60688 663365 756150 464987 
911119 732430 40245 889224 53357 443728 869242 107754 391948 648637 ,732430 869242 107754 391948 567262 655104 134410 103510 288961 607154 
332742 151430 972937 724668 190933 802582 88982 722340 23481 686471 ,332742 151430 972937 190933 802582 722340 686471 155712 390259 273175 
867740 832774 554708 57081 376759 915389 846305 876982 849082 851148 ,867740 832774 554708 376759 846305 849082 984218 960336 195801 879701 
264154 941368 80012 734277 321920 736646 193390 95959 468291 994498 ,941368 80012 736646 193390 994498 599917 632325 407767 174003 2679 
290417 716692 73600 814162 216821 705232 473131 984426 281710 757652 ,290417 814162 216821 473131 281710 498935 892638 618654 20471 588097 
463355 98580 454466 750772 538855 842274 365196 710680 522907 371429 ,454466 842274 365196 710680 89244 522522 488222 411809 583921 883408 
196647 200959 563626 696274 658562 979636 503137 141638 991325 987363 ,196647 200959 563626 696274 503137 141638 991325 876871 164163 896669 
690850 943113 548663 652578 256804 597025 288166 597925 567151 799100 ,943113 652578 288166 597925 177231 135873 695667 31623 796194 871780 
929530 46945 86998 77206 733915 28646 860875 811543 531012 241452 ,531012 971714 885987 941105 697591 557819 82939 529785 514802 257204 
695994 311899 203575 406526 851642 409971 68233 349224 679378 130988 ,695994 311899 203575 406526 679378 959953 334201 403912 289043 317872 
3769 542807 269752 958196 494062 899503 895078 543470 915497 832092 ,269752 494062 899503 895078 543470 832092 782136 619423 863583 540366 
69687 893172 364494 216629 337539 561929 566766 293238 321562 351146 ,364494 566766 48234 191054 283945 987391 365415 36455 293243 431008 
827496 944363 387103 429319 81374 507986 59730 367213 914005 363454 ,827496 387103 429319 81374 914005 247137 195230 821705 671814 453139 
332660 695796 105458 979552 766242 711387 130683 245194 107463 692372 ,695796 766242 711387 107463 177574 912537 258543 680179 892581 147111 
771880 354387 182313 771776 195638 229000 610090 170187 769372 62364 ,771880 354387 182313 771776 195638 229000 610090 170187 62364 244197 
772469 698400 837946 484782 923961 990135 183537 833214 19039 590568 ,837946 484782 923961 833214 19039 571953 29815 684677 481018 261214 
899575 722524 12914 591661 752921 87697 43522 627963 933486 129201 ,899575 722524 591661 43522 627963 140590 60525 61758 514604 463355 
693214 497019 837262 655278 42199 428756 655575 768297 907439 908127 ,693214 497019 837262 655278 42199 768297 907439 908127 474852 446300 
116436 8958 212150 307622 307975 876660 855874 468752 846685 757137 ,116436 212150 876660 855874 468752 846685 757137 340619 958753 296747 
693279 123309 629798 187533 489858 76139 281738 923332 420381 23 ,693279 123309 489858 76139 923332 420381 285361 17010 869971 926236 
737554 540648 86770 337048 785020 673357 628518 491510 520371 300891 ,737554 540648 86770 337048 520371 603336 662896 803987 420910 734812 
664614 281378 160124 288742 233032 472318 535302 978149 456586 867786 ,664614 281378 160124 472318 535302 456586 867786 80953 250955 972532 
355659 136838 602763 686043 579239 390957 154146 726149 731834 547707 ,136838 686043 931002 338565 273234 919096 202449 59175 366164 959794 
54680 380778 114602 821933 480690 782841 406576 79451 337230 468062 ,380778 406576 79451 521855 55855 177641 708977 89080 180447 247139 
713738 929249 701197 297421 861605 717363 116078 787543 869852 107469 ,713738 297421 861605 717363 869852 275120 452187 802988 603603 238946 
761052 759514 112851 775968 610279 667619 866774 577806 798489 217578 ,761052 759514 775968 610279 577806 217578 620614 849993 798979 935880 
373473 715482 698105 810583 222217 777472 442346 132107 224247 537000 ,373473 810583 222217 777472 442346 132107 224247 537000 828196 149584 
522959 515371 171449 800194 700890 70837 141216 518086 366170 826936 ,522959 515371 800194 700890 518086 366170 826936 746915 805906 151277 
116078 869852 428756 42199 861605 42678 655575 900986 48881 815083 ,42199 861605 48881 815083 914977 474852 929249 446300 717363 655278 
391204 85075 511108 549601 920518 511700 181458 73132 59649 519904 ,511700 181458 59649 519904 596379 170097 542412 600705 916779 870921 
317212 103446 562529 311899 855842 911524 688393 150693 970375 679378 ,317212 562529 311899 855842 150693 679378 402231 539804 242149 108238 
959477 48881 127063 386658 742140 841757 715432 654613 208065 146567 ,739810 249336 239083 545238 249178 946551 44209 191349 307615 539564 
446510 445782 953335 816550 656546 445793 767979 654460 424096 445455 ,446510 445782 953335 816550 656546 445793 767979 654460 424096 445455 
255326 397146 882789 518581 309610 770116 512167 830609 827571 239318 ,187994 906698 890797 465348 770821 801655 67990 227097 851782 858 
560964 649414 197545 688567 701390 431586 213405 491327 812777 280864 ,649414 197545 701390 431586 812777 688110 624501 29877 442185 752683 
820065 890269 141014 76170 43510 917743 233285 858249 191543 138433 ,890269 141014 76170 233285 191543 257178 603339 547228 27390 499461 
854619 995933 803112 603887 892676 666761 773042 994831 878677 766383 ,854619 995933 803112 892676 773042 994831 878677 766383 951712 905236 
944024 72454 366255 440674 206656 504044 197723 230938 448654 188746 ,944024 504044 197723 230938 448654 188746 357595 686169 340471 924057 
933682 181716 172922 171097 162635 336424 587321 940578 308167 691534 ,933682 172922 171097 162635 336424 587321 940578 308167 691534 425185 
915732 102114 484210 194583 324380 223485 480608 936419 853692 480932 ,102114 484210 324380 223485 853692 480932 774961 888562 198712 433258 
21374 228200 554092 695765 629013 181017 275355 926986 357409 306056 ,21374 228200 629013 181017 926986 306056 365750 266284 305578 123309 
173110 160034 303011 793339 429541 293009 154024 112093 177315 275839 ,293009 112093 63929 903803 262626 400622 517069 834788 36340 102015 
85699 265847 82956 515781 153982 746849 413863 481487 454042 82650 ,85699 265847 82956 515781 746849 481487 82650 252687 437173 93496 
537986 900608 899645 110075 538395 820304 402402 381314 488001 600178 ,537986 900608 899645 110075 538395 820304 402402 381314 600178 796413 
369726 232781 472380 716557 232665 616621 730634 450372 339972 292100 ,472380 232665 616621 114855 531415 263778 93126 690991 532645 91946 
523552 84292 370059 295847 20355 141701 793563 515208 305638 751002 ,523552 84292 370059 295847 141701 793563 305638 751002 353264 501114 
702888 672515 246524 550350 485064 32481 246662 834562 772093 963680 ,702888 246524 485064 32481 255455 512880 82526 496733 435353 818482 
326852 990521 268127 222526 693984 61989 688762 70049 771176 20355 ,61989 771176 20355 238091 767159 990028 695778 439741 137513 133061 
233741 635854 473832 70838 203449 87797 79495 408332 738577 81331 ,70838 79495 738577 660459 506512 525920 780464 472380 448489 531415 
24184 655412 568915 672684 802006 373912 998291 610385 159894 761857 ,24184 672684 802006 373912 998291 610385 159894 761857 833770 818164 
180773 560812 60610 120997 990939 690107 485913 195091 60129 726969 ,180773 560812 60610 990939 690107 485913 195091 60129 97997 530624 
86076 860794 377944 225431 978890 989422 225869 903300 184080 699877 ,86076 860794 377944 225431 978890 989422 225869 903300 184080 699877 
661745 532126 666265 239183 321618 600226 134504 764661 978846 755754 ,661745 532126 666265 239183 321618 600226 764661 755754 529968 200682 
12766 458324 730020 903677 654661 100122 514225 469015 295968 74261 ,654661 469015 74261 632285 561025 470857 186487 452234 932322 574410 
665384 587121 300902 485619 221508 17476 823338 12722 925409 668487 ,823338 762974 775603 670888 963859 790254 607395 593300 304283 668426 
639210 95664 812228 785008 363992 93139 292836 964901 527373 292702 ,639210 812228 785008 363992 93139 964901 527373 292702 278918 518425 
338422 473832 415463 224459 350955 228130 689808 701526 231377 472380 ,338422 473832 415463 224459 350955 689808 231377 472380 285970 410076 
354578 860180 588387 851794 154927 372811 692141 180121 114897 65620 ,354578 860180 851794 154927 372811 692141 180121 65620 319176 343238 
422547 526670 16456 566297 616621 280731 79415 91946 825974 452032 ,422547 526670 16456 566297 616621 280731 79415 91946 452032 55856 
400988 727903 830910 815217 143690 586822 621394 727351 278547 294779 ,400988 727903 830910 815217 143690 586822 621394 278547 294779 403367 
324334 337092 227546 461557 608944 301756 335618 605639 497770 915308 ,227546 499660 245616 305472 189587 59866 248870 188932 270211 254232 
673442 481831 158369 212135 417088 831101 378324 280412 240531 838709 ,673442 212135 417088 831101 378324 280412 384669 841658 722971 408589 
833353 226062 504736 64531 904728 628736 547619 787472 863095 228201 ,628736 787472 228201 596603 727903 980270 721867 710261 46545 142512 
352902 499306 123974 494993 1959 565977 324114 262393 725436 68710 ,611132 275839 429418 365082 90820 219714 354239 825684 367826 337303 
833088 622419 970671 833026 833050 541681 614626 962900 750647 858685 ,833088 622419 970671 833050 614626 962900 750647 858685 878325 531648 
712591 34918 615742 483893 81333 304121 945064 306281 43510 806870 ,712591 34918 615742 81333 306281 806870 917743 37131 964815 530425 
654475 661584 116706 9647 780872 998543 977762 617963 426396 607139 ,654475 116706 9647 780872 998543 607139 613362 186095 588679 930159 
467995 436065 175258 296373 172404 548931 510075 705819 753765 94129 ,467995 436065 296373 172404 705819 799034 521658 818339 109128 109501 
233542 953806 564178 560096 951712 757715 272292 272224 561641 92672 ,953806 564178 560096 757715 272292 272224 561641 92672 514899 997483 
485185 423439 119887 938134 577811 378920 521 822453 169104 533398 ,521 118844 591292 375891 832603 169208 492913 173273 324114 926077 
579895 503278 601681 213619 584314 584022 473732 417212 54729 754868 ,579895 503278 601681 584314 584022 473732 54729 754868 239318 546924 
345035 399424 275650 345408 126179 193720 110981 643344 972926 388728 ,345035 399424 275650 193720 643344 972926 388728 385282 334613 871229 
696457 191068 25148 673332 603869 6797 814360 604316 764138 667095 ,190915 886345 44590 827618 950708 983497 905943 673666 884950 259042 
77315 629452 95604 1483 95246 970528 620945 731519 844054 577060 ,95604 1483 95246 970528 515619 306127 688749 132495 464481 192443 
461545 98776 483616 291882 322247 82254 585708 689808 305903 516473 ,16653 675330 294346 64510 694044 232665 16456 91946 128438 428703 
889259 39369 253715 877661 947096 997170 809741 678708 227719 12723 ,889259 39369 253715 877661 947096 997170 809741 12723 769878 373626 
984840 156396 362799 713238 9628 228762 696179 297578 432487 40422 ,362799 713238 432487 37419 987646 489597 284083 140574 238717 840397 
922154 731257 10032 352722 577713 939216 559257 413339 53639 355946 ,922154 731257 352722 577713 939216 559257 413339 53639 355946 735447 
496412 775145 70381 224468 231417 529541 811858 302550 545634 17213 ,496412 775145 70381 224468 231417 529541 302550 545634 17213 597226 
132425 759545 361525 50213 970409 375395 542035 631416 540546 128444 ,132425 759545 361525 970409 375395 542035 631416 540546 128444 331855 
307691 89076 607978 703517 91935 499091 428226 802645 350842 340269 ,703517 91935 499091 402063 379342 364441 152391 193443 44787 266398 
170423 49387 245955 490921 306606 964143 180509 181617 988796 260449 ,170423 49387 245955 490921 306606 964143 180509 181617 988796 260449 
872311 641935 269942 525908 410659 416642 39781 241610 808444 952258 ,641935 269942 525908 39781 241610 808444 952258 505483 695751 422075 
276166 306427 708884 565863 828040 24357 566696 217594 654142 242260 ,276166 306427 708884 565863 828040 24357 566696 217594 654142 242260 
496900 324369 29567 742164 664168 279269 278117 465980 785011 292150 ,324369 29567 664168 279269 278117 785011 292150 414230 365731 213037 
250956 914244 880333 765224 166437 878366 74261 766133 940936 886080 ,250956 914244 880333 166437 74261 766133 940936 886080 425245 121894 
578632 906360 761701 786567 652277 95601 867067 33650 419838 934404 ,578632 906360 652277 95601 934404 738725 175942 650481 703620 686433 
340710 456462 282631 356455 321956 974642 381487 97777 31242 385206 ,321956 974642 237352 314763 456934 377997 862524 820434 422818 332008 
638621 862091 769006 710501 39050 870077 779759 768178 147500 770383 ,638621 862091 769006 710501 39050 870077 779759 768178 147500 770383 
870468 584347 656422 254732 877564 15985 435423 143736 29799 489621 ,870468 254732 877564 15985 143736 29799 114135 69670 485372 583753 
198394 223152 194399 391154 886930 347781 637252 179210 221839 595233 ,194399 886930 637252 179210 595233 76485 685017 904204 68885 844127 
369901 232170 144413 836200 163639 285526 170880 613706 835150 114980 ,144413 835150 731902 765689 394793 953673 720827 233673 295356 529048 
769761 533007 696186 825043 452448 941009 674455 902854 343788 352722 ,769761 825043 452448 941009 902854 343788 352722 257771 465530 269105 
354259 364240 382190 174979 262109 179227 991241 242797 365840 816367 ,354259 364240 382190 174979 179227 991241 242797 365840 816367 262326 
630400 392837 72348 407274 680035 623259 271816 338530 967405 585505 ,392837 623259 271816 967405 587891 554092 795188 8392 193090 575337 
404679 625386 656574 640294 184355 755752 381696 102322 996025 762626 ,404679 625386 656574 184355 102322 996025 529 776546 819028 708349 
608923 82933 593075 438226 484214 513629 749848 836712 225858 9531 ,608923 438226 484214 836712 225858 9531 790254 899098 529659 372408 
573763 249336 110870 660439 323943 228988 25271 227186 363433 89907 ,573763 110870 660439 323943 228988 25271 227186 870381 272719 689934 
450159 965636 725833 965536 930185 526496 276254 752199 901431 844566 ,450159 965636 725833 930185 526496 752199 844566 813004 994798 735691 
155552 717281 982588 311032 491540 229285 601681 796710 162454 681400 ,155552 717281 491540 601681 162454 189641 926472 196283 270644 497747 
816590 717165 816514 487605 774704 525841 288961 175109 749516 607342 ,717165 487605 525841 288961 175109 749516 262094 694254 59479 491963 
498050 57208 909140 526086 489444 442141 430355 740328 481466 343694 ,430355 130850 659755 278918 859393 817677 93139 680275 889873 279269 
683017 842293 741558 56983 961020 842957 862083 948287 739122 560942 ,961020 560942 720428 872431 899252 99153 541872 206989 919404 390739 
419397 742677 95611 292786 686168 215175 351826 432155 430629 664599 ,61162 241181 150998 283406 742140 444785 517076 923804 282050 761240 
386745 672676 373912 672684 833770 759901 657160 895911 610385 567545 ,567056 26638 673104 863235 673092 857704 111318 238273 246337 417137 
38055 390790 554003 401595 571681 699616 585671 415591 212433 878757 ,390790 554003 571681 585671 212433 878757 260212 38961 768985 298940 
970570 660740 424711 13837 660020 712755 15517 181177 246280 252940 ,970570 660740 424711 13837 15517 181177 252940 848545 551571 275706 
26896 922595 922975 232589 344860 681323 663365 918001 326210 920649 ,26896 922595 922975 344860 614372 83397 224307 466692 930689 94465 
261033 133757 595938 817585 893640 253950 50368 964114 91066 840670 ,261033 595938 817585 893640 253950 50368 964114 91066 840670 546247 
30791 725299 468133 176350 449293 263778 726059 176198 182631 175483 ,725299 263778 726059 182631 175483 820812 490695 159001 804023 518497 
871606 853624 946551 415582 504025 236860 222814 42134 292786 146567 ,504025 236860 222814 42134 292786 146567 99683 123607 434461 406831 
497693 569971 725272 868869 13267 532476 21781 518497 480425 123887 ,497693 532476 512880 778081 26467 932361 694694 538402 813071 723790 
453565 336890 547463 872312 406205 233616 232589 498214 693848 745826 ,453565 336890 547463 406205 233616 693848 255817 797165 436266 530589 
852443 367042 98305 421648 874183 678728 408048 700858 834561 910323 ,367042 98305 421648 700858 725439 296255 151931 588323 925860 617720 
397958 869743 627783 861718 89162 543456 10433 899288 796826 972520 ,397958 869743 627783 861718 89162 543456 10433 899288 796826 911886 
601554 919340 564401 877262 571982 839089 537072 979283 561246 946850 ,571982 980105 911235 660004 53052 689749 141523 902854 195479 858 
402402 600178 362073 800642 884385 820304 682610 293944 983640 683328 ,402402 884385 820304 293944 647071 983141 506246 813961 223993 900608 
674052 708974 131257 6274 748281 592654 648306 850288 258340 822908 ,592654 553186 646852 249336 133343 394298 466644 325426 728552 717171 
629308 297677 598580 565005 93509 935560 151730 169744 520048 699595 ,629308 297677 565005 93509 935560 151730 169744 288136 465343 858514 
34918 532432 162665 421256 71830 549454 603000 184008 351901 731004 ,34918 162665 549454 603000 184008 731004 945032 21222 780863 71223 
739837 524651 744243 868460 270158 556896 100986 636494 551877 461304 ,100986 636494 551877 461304 157110 99790 345556 823242 237616 31769 
554386 417800 641320 807913 811064 853430 642101 558628 869638 563577 ,554386 641320 807913 853430 642101 297210 459529 39766 138489 554115 
398571 78119 283032 908340 433708 368316 249641 115126 621698 254928 ,398571 283032 433708 368316 249641 115126 621698 378865 501193 929599 
967512 579261 36796 256006 151958 105847 238869 173231 462917 92640 ,579261 36796 256006 151958 105847 173231 462917 92640 738361 2993 
777229 258375 145967 55525 533361 988762 532391 150105 694076 751994 ,55525 988762 532391 150105 694076 751994 140670 460904 813214 144493 
595985 8292 619250 277574 279242 125257 457836 8387 734390 300478 ,595985 279242 457836 8387 825225 109326 547782 970791 21070 506437 
988415 595985 364989 881903 970801 555289 986369 695834 129856 119178 ,595985 555289 986369 695834 559230 293157 670075 171782 358449 525354 
352116 402512 579403 328290 583240 760910 230231 152860 398571 524322 ,352116 402512 328290 230231 467813 495202 176151 130193 502508 749243 
753890 274019 997565 654004 275898 530354 706199 307972 815217 918852 ,753890 274019 997565 654004 307972 918852 522558 90776 327170 843015 
943263 463561 895437 631082 735337 539414 170522 871204 955271 779579 ,943263 170522 871204 955271 779579 955260 726476 952919 785046 635565 
280091 194536 947996 82252 728480 439771 946801 873484 801241 416903 ,280091 947996 728480 23989 421630 431201 309267 634967 100873 789606 
56041 613317 773142 29505 675319 709027 599189 15471 524651 351935 ,56041 613317 773142 29505 675319 709027 599189 15471 351935 923882 
381633 502998 659348 420572 151503 772604 29343 423619 114872 740827 ,381633 502998 420572 772604 29343 423619 740827 928918 600852 823141 
101283 930073 702221 555272 836437 825097 656838 614202 830065 824848 ,930073 555272 825097 824848 307633 803557 656275 982713 722814 678024 
403917 573387 515395 975326 146639 449641 926708 721583 941855 867876 ,403917 573387 515395 146639 449641 721583 867876 898124 670075 72721 
447927 446869 375333 952857 603759 759493 673094 768262 448043 902886 ,447927 446869 375333 952857 603759 759493 673094 768262 448043 902886 
639430 571474 639058 546642 765680 256475 131356 101866 44289 831636 ,639430 639058 765680 256475 44289 755136 673067 813801 6997 983853 
757977 839216 622167 247660 952368 794131 469127 138956 664938 252155 ,247660 860714 320411 661070 158755 225026 814133 752014 446241 403300 
545785 213196 413034 193187 23229 476126 258859 860083 982608 595512 ,545785 413034 476126 258859 860083 982608 595512 843418 824841 825720 
904587 297619 405604 508506 629876 547965 754254 662144 686024 421100 ,508506 629876 547965 754254 662144 686024 421100 265882 790486 780097 
475873 285866 66228 807317 659066 821949 54985 81508 709060 977142 ,475873 285866 66228 659066 81508 709060 977142 716731 682185 79637 
170848 185987 346870 696856 669161 462218 418302 591768 635855 299548 ,170848 185987 346870 669161 418302 299548 597353 174635 327807 21289 
200081 797532 540775 503787 528804 778901 880445 461459 577405 919847 ,200081 797532 540775 503787 528804 461459 434268 473575 327646 435981 
696838 681426 672122 970886 696281 565640 860409 126380 180235 327406 ,681426 970886 696281 860409 282945 734144 617051 63543 479050 400931 
375010 907254 47159 747853 794741 23314 616806 905902 314197 839206 ,375010 907254 47159 747853 794741 23314 616806 905902 314197 839206 
714986 768258 609912 145909 841211 894527 535714 256304 795590 952267 ,714986 768258 609912 894527 256304 952267 716779 924619 122209 946767 
389277 63543 140052 389349 188161 12052 524366 124103 696838 626067 ,389277 140052 524366 124103 626067 99190 578654 695334 872900 143057 
251005 48041 348413 310402 842713 919272 913920 256956 800955 204185 ,251005 48041 348413 842713 919272 913920 800955 204185 843015 947023 
474286 12336 444593 162614 329182 375847 844637 837814 264892 945845 ,12336 162614 329182 844637 837814 264892 99793 572835 670380 275619 
639902 104293 640618 640691 641395 641961 643228 640613 634887 641086 ,639902 104293 640618 640691 641395 643228 640613 634887 641086 191142 
603654 570444 547144 397099 979572 38633 227169 667346 850455 292502 ,603654 570444 547144 397099 979572 38633 667346 850455 566224 397303 
450535 659381 561493 681967 376778 185565 793253 595079 732097 594824 ,450535 561493 376778 793253 595079 732097 594824 840782 209672 706357 
338299 233985 647632 117399 167271 803581 324481 162400 165349 546440 ,117399 324481 584062 338087 526117 607419 455542 249827 796592 209236 
404285 277702 83176 402304 4412 774060 13590 76011 513027 111894 ,404285 277702 83176 402304 4412 13590 513027 495141 307972 36003 
258272 179237 295880 635099 560070 417007 725555 410814 459569 723203 ,179237 295880 560070 723203 804133 70891 169482 305388 473328 932589 
239955 647738 724303 128369 64997 226894 708059 601138 137704 881140 ,724303 128369 64997 226894 601138 627285 395800 138955 589875 185333 
832361 192614 41049 142577 125256 123450 570498 109183 228002 120830 ,41049 142577 109183 228002 618876 281653 136827 238594 724146 302386 
188879 758543 289970 831395 808936 352337 517870 255004 475058 216205 ,758543 289970 808936 517870 216205 401625 716973 618099 354465 841108 
391354 921215 716311 342897 492206 856858 367233 45093 11423 828801 ,921215 492206 367233 628112 569997 579823 653194 766543 404766 416757 
926643 619983 564065 60973 777464 931868 628330 334118 413849 880033 ,926643 619983 564065 60973 777464 931868 628330 334118 413849 880033 
232669 525691 262165 233024 914613 194475 279776 845764 298752 364329 ,232669 262165 233024 494271 261322 518529 321661 50363 316689 199791 
318769 516764 774257 956067 314492 734975 608463 385529 500974 294122 ,318769 774257 385529 500974 549505 719424 231089 483222 216492 360707 
998188 271603 637354 89123 90132 87153 509580 89314 822091 785810 ,998188 89123 87153 89314 822091 785810 85442 295675 528650 130336 
521348 708707 853607 579998 538653 129117 285327 802487 108361 677101 ,521348 708707 853607 579998 129117 285327 108361 677101 682678 217169 
477547 105882 750373 393460 416249 882305 414336 29877 41922 306645 ,477547 105882 750373 393460 416249 882305 414336 29877 802966 437847 
776815 809116 936887 514746 351548 593489 699161 500969 23722 317570 ,809116 936887 351548 699161 23722 317570 509065 861467 44245 546455 
51321 9490 212747 886249 557498 899328 6219 638958 513085 577039 ,9490 212747 886249 899328 425577 554218 667508 469244 843776 635522 
271222 576796 984906 948103 320147 270145 806719 299978 486500 607625 ,162395 45623 753948 54220 889405 747491 194626 606503 976839 513458 
664259 513027 747031 371695 535714 930051 649449 743000 206811 585144 ,664259 513027 371695 930051 649449 585144 470090 252195 257815 298786 
291593 854672 228223 461523 530909 795354 95121 52063 773853 579630 ,291593 228223 461523 530909 95121 52063 579630 94263 504164 346227 
804123 307633 571165 308006 145640 664180 718369 961924 433929 60440 ,307633 571165 145640 664180 718369 433929 60440 287351 407097 522680 
421576 716915 809503 541057 592303 433671 408981 599296 5164 80191 ,421576 716915 433671 408981 5164 415445 295675 531279 81187 522336 
374257 38233 685861 640751 105782 878481 823505 44526 106368 862037 ,767971 376122 868120 539565 905286 434260 446067 478159 755451 320685 
993133 955961 27039 766010 893510 995226 143690 710588 681944 954460 ,993133 955961 27039 766010 893510 995226 143690 681944 992062 542985 
693194 617058 381483 747926 310816 630237 100469 455563 162250 62349 ,693194 617058 381483 310816 630237 100469 162250 102703 310691 697172 
132703 373434 24802 117098 185686 143528 900655 676331 73763 460391 ,132703 24802 185686 143528 900655 676331 73763 409016 795744 646859 
833606 646611 943875 653459 649277 893496 674856 648272 65191 340799 ,646611 653459 649277 893496 674856 648272 65191 435984 564113 672895 
886088 102877 641700 640831 640876 445803 669116 853880 709233 826853 ,886088 102877 640831 640876 445803 669116 709233 826853 187653 713636 
586897 826575 277934 805810 551520 342526 453420 393055 924496 903689 ,826575 805810 903689 194042 522417 947966 598220 460550 696946 628527 
855691 971272 529878 181726 806740 172103 480466 598516 550991 596003 ,971272 529878 181726 806740 172103 480466 598516 185686 622003 453018 
870274 972680 258045 277072 504568 718449 792251 198049 418979 241293 ,870274 198049 241293 710579 825236 424813 133853 396792 403300 63195 
519370 204331 158071 179504 505236 731574 991952 705459 321994 737920 ,158071 179504 505236 321994 458758 631081 306447 46571 60440 527465 
837920 657726 285327 853607 470377 405190 298484 521348 853048 570517 ,657726 285327 853607 405190 298484 521348 853048 570517 199043 150154 
518735 594460 664554 21803 73731 532969 202568 510577 123964 844634 ,518735 594460 664554 73731 510577 123964 844634 52495 679833 840890 
212429 63583 466358 863524 604547 580110 935304 631908 134329 906765 ,863524 604547 631908 134329 906765 968800 997094 200903 425571 219918 
587413 190798 836708 88964 91271 70820 127891 197092 392403 679698 ,88964 70820 679698 271501 192685 355394 989106 35829 895778 238933 
628715 978578 830185 238594 136827 732054 282229 617979 621456 255116 ,628715 978578 830185 238594 136827 732054 617979 621456 255116 638888 
901796 849627 834409 918839 330116 236750 894276 25730 825167 79537 ,901796 849627 834409 330116 236750 25730 856457 997167 554273 861584 
479001 52495 210214 687216 632399 31073 128056 911534 461523 598088 ,479001 632399 31073 128056 911534 598088 262607 262461 92076 107087 
375010 616806 468890 47159 907254 794741 23314 836827 314197 571922 ,375010 616806 468890 907254 794741 23314 836827 314197 571922 130640 
431919 943576 466611 508069 171429 659438 17388 193219 293311 746836 ,431919 466611 293311 746836 803969 519830 175636 352 304043 466577 
285021 361985 129639 167734 978729 791564 664300 376483 333616 90253 ,361985 129639 167734 978729 376483 333616 90253 457217 308311 765818 
16573 714647 255723 272288 516328 206274 132739 588007 901709 45069 ,16573 714647 255723 272288 206274 132739 588007 901709 45069 676703 
885855 827315 573077 19133 18080 688391 929181 224365 960765 808528 ,885855 573077 224365 960765 704105 899309 541843 930179 224922 852961 
658599 414545 833819 578455 395646 468524 116563 707832 536146 271548 ,658599 578455 395646 116563 707832 536146 271548 789606 247375 533695 
853210 104143 863250 833647 672848 767699 603759 614052 375051 831497 ,863250 833647 831497 212747 443515 800401 735237 952217 971224 539684 
9949 959813 230053 875465 114863 882623 737286 405535 854617 988521 ,959813 875465 114863 405535 854617 988521 836801 908553 849457 772113 
664564 85442 634546 305809 88639 815429 529043 772035 722977 95621 ,30874 108248 963519 69889 815392 678125 826048 214361 947406 254243 
860869 980223 839517 790188 507602 259867 77772 605040 858518 50488 ,860869 839517 790188 507602 605040 50488 96568 962607 979468 232200 
409472 55654 499905 888228 328928 747677 946203 614156 300866 133959 ,409472 55654 499905 888228 747677 300866 133959 713392 611775 628770 
818528 249431 263935 454609 41614 32712 717727 138448 891207 41794 ,249431 263935 454609 41614 717727 138448 891207 597463 264001 141990 
781870 834531 448525 991075 48167 555447 245565 318146 255896 506437 ,781870 834531 448525 48167 555447 255896 506437 394303 359374 804461 
824140 970444 857806 842328 994235 548158 993353 191843 857201 997000 ,970444 997000 546631 947023 854545 867729 768804 879836 807933 547301 
928971 963381 795663 141495 134307 186966 582882 4817 144262 857606 ,928971 141495 134307 773808 144349 189738 757213 120923 219372 252285 
481858 9620 943172 971169 959813 81391 846063 737286 666180 610419 ,481858 943172 959813 846063 666180 216506 536547 75072 486028 843715 
390999 960656 277958 976618 560887 957385 885506 71520 191113 875986 ,277958 976618 560887 957385 885506 71520 191113 875986 192976 738612 
770861 347863 974024 387174 862771 169516 89011 925651 274983 693241 ,770861 347863 974024 387174 862771 274983 577284 561244 480375 973446 
881613 789814 471316 464474 467371 724386 516712 436961 974236 397225 ,881613 789814 471316 467371 724386 516712 436961 397225 515608 198261 
233410 326634 324399 400697 798457 342467 562129 663091 369170 160844 ,400697 562129 290927 319316 560980 533781 247673 747259 916699 829658 
916136 694535 415197 513017 203164 802535 920168 499928 810632 375503 ,916136 694535 513017 203164 920168 499928 810632 375503 864186 609028 
483177 509148 268084 431746 285762 538982 283955 278363 687673 728400 ,509148 431746 285762 278363 687673 3472 15547 456780 99793 372790 
912756 9465 698636 976338 972895 553814 560334 400762 632499 246683 ,912756 9465 698636 976338 972895 553814 400762 189343 452744 50721 
409549 882562 913953 764121 849153 993083 5984 909247 413349 807732 ,409549 882562 913953 764121 5984 413349 807732 184985 648636 436271 
814875 847891 993375 421853 864585 927027 766093 749824 794792 766026 ,814875 864585 927027 766093 749824 538501 88394 768760 213051 332249 
493292 560985 235535 497726 599186 17061 184985 743108 202939 629427 ,235535 497726 184985 743108 629427 254081 18350 449784 218217 84520 
556693 413976 658716 566407 556709 808239 292444 234694 92395 516614 ,556693 385048 477926 90799 911943 803071 30578 509957 474620 229462 
149899 529076 85600 435978 683441 262055 182838 549234 713813 519702 ,435978 262055 549234 295947 154824 173466 708978 419325 497446 173651 
543248 249276 119500 245131 197162 954707 849682 749501 89519 502243 ,543248 249276 245131 197162 749501 89519 502243 146867 3246 578787 
111179 535442 718366 933754 382960 396242 817 331865 713144 867661 ,111179 535442 718366 382960 396242 817 331865 713144 73068 487976 
294294 705887 84091 421253 169353 254220 106711 59582 841387 707345 ,294294 385591 72630 987983 64886 260858 127730 281500 56892 630370 
95326 158326 305222 236929 305866 279415 337940 306005 305151 131334 ,95326 158326 305222 236929 305866 279415 337940 306005 305151 305016 
638475 894762 858733 203857 146346 661664 144484 939978 798978 744870 ,638475 894762 203857 146346 661664 744870 985637 829776 605915 711932 
647814 858103 361196 928471 108331 747998 349766 136232 861267 410383 ,647814 858103 928471 108331 349766 136232 861267 410383 573213 419949 
396136 862810 416653 578139 829988 681022 923591 490209 600859 235881 ,681022 235881 763335 685054 529008 838855 17458 110604 435922 141307 
127517 54149 594343 730775 435858 101322 583501 85843 524665 823757 ,594343 435858 101322 823757 611917 948743 575908 119316 739529 947578 
786018 584050 602969 807061 994433 497382 431723 805122 831863 424696 ,786018 602969 807061 497382 431723 424696 544445 448476 243589 417550 
904536 11181 856182 253313 850682 380717 921158 846288 919022 190526 ,904536 11181 253313 380717 921158 846288 919022 851695 921210 207587 
415380 912290 223321 576408 543282 269314 706850 771660 316395 327203 ,223321 543282 269314 771660 316395 327203 736787 59342 807879 82882 
684474 280731 422928 261442 29963 105578 351738 874029 951859 30325 ,684474 280731 422928 261442 105578 351738 951859 30325 82365 526114 
39038 59582 745301 628189 313338 490227 440803 381081 324114 279105 ,59582 745301 628189 313338 279105 888231 121990 800685 805237 19873 
514097 604671 751245 988386 538875 502805 938642 834312 872143 488612 ,751245 538875 502805 834312 872143 496822 876201 633190 845188 681700 
630815 223488 155697 267822 855890 225442 277090 879840 845818 539754 ,223488 539754 233547 957751 140259 895272 87762 441733 197028 389407 
300757 927200 550573 173192 631678 572105 765610 192666 142169 119244 ,631678 765610 142169 119244 917962 540684 598485 127730 805237 749068 
802478 421870 689208 861218 603800 172207 471681 892485 172751 92009 ,802478 421870 689208 861218 172207 172751 654398 472032 258011 926926 
832279 988969 449125 705160 941006 759823 59248 676340 981164 312854 ,832279 449125 705160 759823 676340 981164 271246 746516 340126 924058 
879324 112133 887766 885837 225878 660254 896623 158049 988275 867743 ,879324 112133 225878 660254 896623 158049 988275 867743 190587 997919 
893090 189770 56336 499542 657976 441766 288329 215179 783250 517293 ,56336 499542 783250 56054 406374 442880 794733 120325 46446 902572 
830205 822407 830191 134782 623293 374609 858952 257540 244233 885472 ,830191 858952 238285 662038 334613 866774 496369 664964 256143 968234 
372285 253488 603107 649585 917973 844498 696808 140908 331446 631567 ,844498 140908 331446 972845 98052 578787 601989 131743 231330 472750 
44860 45370 69193 491438 748181 717016 77375 229399 241987 342979 ,44860 505933 256362 364468 490668 247085 104719 414136 392171 153142 
973191 850201 309197 708828 21979 747888 8828 551670 600758 82232 ,973191 850201 82232 903648 5135 800776 159420 129010 631844 730929 
426007 704654 906778 598590 687561 269753 731984 282735 888920 78650 ,426007 906778 598590 269753 731984 888920 78650 699745 127243 486 
461958 798564 207900 518334 233297 563626 472085 935731 709357 15145 ,461958 798564 207900 518334 472085 935731 15145 868665 879233 175147 
979038 506402 895246 670285 313299 298617 830679 230161 716368 963036 ,506402 895246 298617 830679 716368 882872 709386 723557 240569 232385 
344756 136625 394819 751337 179532 874771 815769 582700 597463 914890 ,344756 751337 179532 815769 914890 938145 571814 581565 699402 603268 
692615 941383 634271 860467 229453 13345 876876 594033 274470 841576 ,692615 941383 876876 594033 274470 841576 14332 934455 877239 913075 
640494 642650 644025 641264 905471 644632 640394 883055 540799 911734 ,642650 641264 905471 644632 640394 540799 911734 890627 641239 226671 
676266 332184 843086 815144 668655 750349 383576 40285 612319 168074 ,332184 843086 460967 454842 296536 385200 636138 950053 244664 322643 
442897 460617 844553 896746 421349 405443 146510 687983 549077 548257 ,460617 844553 405443 549077 381100 924612 808040 457866 144617 421336 
597988 748806 792807 16718 453337 190342 585193 816101 324358 180032 ,597988 748806 792807 453337 585193 816101 324358 874673 870674 521628 
982705 908998 479128 136168 206742 831337 721524 975184 700086 477205 ,908998 479128 831337 477205 647071 400799 2140 136520 888619 845724 
283049 624869 190878 866923 559332 7525 810864 852176 286149 768830 ,283049 190878 7525 810864 852176 286149 768830 339021 476805 863514 
497156 227431 215564 292942 473011 227293 22269 153659 368734 910843 ,215564 292942 227293 22269 153659 368734 910843 720212 663338 540724 
27621 50081 51074 39241 687808 768205 460060 968618 557044 492226 ,27621 50081 51074 39241 768205 460060 557044 492226 289480 115320 
475350 724573 583998 378695 666419 639756 518657 599237 336911 389095 ,475350 724573 583998 378695 666419 639756 599237 336911 389095 524756 
992676 103992 905194 826677 824733 799392 656699 619263 640877 747605 ,992676 103992 905194 826677 824733 799392 656699 747605 765898 552381 
241863 208798 181324 680464 699679 573037 43493 390355 485305 457896 ,573037 43493 390355 485305 594403 621776 411703 268924 512591 891191 
203713 252043 797839 460254 703382 3013 81934 173040 160500 971901 ,203713 252043 460254 255880 106455 164538 806734 989272 699402 708910 
17248 367972 114350 205659 137060 153386 725957 127390 725106 242548 ,153386 725957 520049 27820 504428 801155 178983 710784 104948 84522 
712536 155662 620571 632500 344244 902367 101598 866862 357676 951565 ,155662 632500 344244 866862 584700 179605 628745 99819 3701 237520 
744851 20786 166234 28162 805897 208461 121372 782589 204235 307823 ,20786 28162 121372 782589 204235 366353 898297 200974 632461 616720 
940722 176511 227932 305210 890856 193193 795249 54862 241302 274731 ,230955 791912 540813 524681 889117 428778 283984 82686 293276 458018 
215659 615244 693903 889056 724527 560164 106836 960684 426750 30234 ,615244 693903 889056 724527 560164 426750 818254 891005 151598 8648 
811265 826831 348831 170026 243637 149450 30330 494630 815395 520726 ,149450 520726 279137 996018 815402 108248 567768 815474 365033 188418 
754852 722420 459446 314657 202230 292369 639250 153672 684145 685219 ,754852 459446 202230 684145 358193 662494 307073 686262 603792 182551 
498247 376049 151598 482821 8648 716505 54415 233419 237788 170462 ,498247 151598 482821 8648 716505 233419 237788 170462 690103 70891 
699674 41922 761698 40393 866884 881976 202141 418697 547642 186992 ,547642 794374 424869 307594 432733 929584 107469 334182 377635 386314 
31269 128572 115436 348831 480475 356448 31300 421733 283557 385299 ,31269 348831 480475 356448 421733 385299 732214 210438 484065 509877 
676874 677306 616262 539564 646586 555616 449673 572159 900170 401184 ,677306 616262 539564 555616 572159 913272 716259 449204 912907 217373 
960684 637671 435383 350632 481820 106836 433627 107069 133217 945323 ,106836 525235 965059 748850 473369 736948 720041 306092 683899 808938 
494877 125001 788683 261805 232848 175609 261728 131438 968397 695895 ,494877 125001 261805 232848 261728 718208 280576 112787 783312 470701 
228163 719365 972946 814759 785124 967066 784821 526379 152107 174996 ,785124 525235 366230 4805 187871 637671 19668 548868 771391 468063 
450119 733832 385504 220918 183646 102423 736417 159717 292445 154938 ,450119 385504 220918 183646 102423 736417 159717 762483 320210 507252 
911944 297470 233529 569539 412517 62247 289224 667432 574274 429657 ,911944 297470 233529 412517 62247 289224 667432 574274 429657 515736 
145930 921494 684685 208196 511367 518930 845070 884437 965191 96307 ,145930 511367 518930 965191 96307 723097 484914 304525 843525 192573 
570203 666400 371686 755711 620858 890818 10041 885193 717688 110763 ,10041 870686 41794 881114 985056 758092 752084 862271 738238 534874 
570389 59870 68720 274545 756978 1717 870725 522218 482383 274754 ,570389 1717 522218 482383 179639 234916 53605 327829 501290 900095 
676324 622006 289629 275700 620379 883963 250397 370790 571871 583022 ,571871 678765 474248 298896 862540 660020 561509 697412 72687 598810 
551748 601071 449282 464831 424819 271437 510330 724555 425327 662670 ,424819 544473 451357 469044 967764 684222 791954 86174 697898 830857 
339416 478922 815404 787505 140272 151445 821923 157735 790753 348831 ,354520 668862 684222 525421 697898 532542 540613 520016 524788 283100 
349083 833563 112544 853363 375782 22268 246377 819236 353671 722730 ,112544 853363 375782 722730 326022 450919 750190 234247 620909 796756 
851619 691012 528746 507243 270839 491845 795986 169791 199929 75553 ,851619 691012 528746 270839 491845 795986 75553 456237 193076 823599 
208242 863258 191001 960661 725448 521870 42219 911175 587547 983781 ,208242 863258 191001 960661 725448 521870 42219 911175 983781 904536 
351465 189435 516048 609990 278635 427362 569332 599802 685504 563918 ,351465 236399 210850 292613 143411 221020 232316 132083 673329 440330 
344277 340778 40220 340153 429565 210850 132083 965705 354054 189435 ,344277 340778 429565 210850 132083 965705 354054 974730 553478 685504 
672377 613031 863366 672282 557539 374214 976200 837581 965106 374371 ,863366 672282 965106 993154 620379 675627 869038 251303 808936 250397 
6823 768341 536442 852022 791407 42567 280462 971646 676279 326784 ,280462 570349 812105 86066 540687 350126 823563 103752 48420 672840 
880852 885543 955782 879861 418507 779495 550366 584387 956074 41693 ,880852 885543 879861 418507 779495 550366 41693 611119 670642 540570 
889146 563484 98863 472085 248194 69611 670707 773314 444943 103958 ,889146 563484 98863 472085 248194 69611 670707 773314 444943 103958 
520623 691297 498214 498713 432823 98813 59901 585008 755295 206031 ,520623 691297 498214 498713 59901 206031 997834 430548 519798 179807 
69629 802313 36125 855576 822323 486157 47384 45414 135226 241606 ,69629 802313 36125 855576 822323 47384 45414 241606 135370 641591 
954873 503569 344635 761632 363453 488438 661723 256362 408910 866395 ,503569 344635 761632 363453 488438 661723 256362 408910 866395 497404 
635559 514088 993807 514061 45777 400623 30382 719257 725913 84967 ,490209 306384 176653 274182 525680 105404 366120 379459 556301 272963 
404866 567091 568322 146550 760066 233303 659743 610862 760158 755419 ,404866 567091 146550 233303 659743 610862 755419 331628 757722 129573 
948452 14966 936911 598020 822662 932755 455039 988411 202328 224117 ,932755 224117 260730 632906 539606 708095 94103 313354 911099 693359 
131699 373462 569475 460421 129191 667193 814188 913214 661723 704376 ,131699 373462 569475 129191 667193 814188 913214 661723 704376 642520 
110822 463447 450578 979451 543691 679200 989417 563633 28361 944642 ,110822 450578 979451 543691 679200 28361 502684 86131 806577 365209 
970550 970731 563061 820815 533003 65662 631400 664902 854942 963060 ,970550 970731 533003 65662 631400 664902 854942 963060 793043 488291 
103655 562283 682001 245398 286903 547328 802113 131768 162471 277790 ,562283 682001 245398 286903 547328 131768 277790 13227 437388 323501 
818151 453968 328512 995948 725612 612599 952962 693083 31766 393295 ,818151 817606 249 740702 326500 56154 689507 795988 788396 27895 
662337 787505 470717 436828 84603 517479 806087 194887 522195 532542 ,517479 806087 522195 532542 351200 94780 215041 526569 703064 30141 
865171 447084 759057 768046 447374 666752 768035 541511 890741 667095 ,447084 768046 447374 666752 768035 541511 890741 667095 667365 779949 
228050 880232 968139 372833 974469 798642 917280 112402 877216 804256 ,228050 880232 968139 974469 798642 112402 804256 240162 569997 731565 
425492 284405 487840 22985 871035 570862 316192 99766 583752 257062 ,22985 570862 316192 99766 611119 126411 58871 909902 106038 261213 
147764 679451 807720 734619 919255 713081 873501 14966 622138 678478 ,713081 622138 486487 984908 533001 169304 422565 368671 706409 843244 
62955 174799 635588 449542 504974 168959 238663 327079 37122 171373 ,62955 174799 504974 168959 238663 327079 37122 171373 15010 223155 
430681 528509 660995 748630 955897 79810 720793 516434 968321 690922 ,430681 528509 660995 955897 516434 690922 736995 681537 126763 611348 
9939 862665 249337 269743 573994 24053 907724 718398 265247 309759 ,9939 862665 940256 701288 989544 46268 275577 821140 139969 915141 
604160 648299 714968 761821 675092 755833 424646 567206 674839 717841 ,604160 714968 761821 675092 755833 424646 567206 674839 717841 849489 
100160 492510 660838 821140 379230 491624 193580 562668 41816 534168 ,660838 821140 322322 249337 50975 228928 570349 837446 655097 736337 
52723 705563 220199 295082 270080 128551 9490 247965 260196 850304 ,52723 705563 220199 295082 270080 128551 850304 409012 270752 116180 
638952 905510 795523 894339 993131 716734 546314 412122 785705 107596 ,638952 905510 795523 894339 993131 546314 412122 785705 107596 641084 
69208 337670 823808 650540 645747 369055 860239 673373 809530 284071 ,69208 170280 246524 800322 707034 24013 736573 84536 684619 83072 
833022 673332 443415 217498 890741 862208 545714 539313 848660 190705 ,833022 443415 217498 890741 545714 539313 848660 446462 447339 443186 
230917 628666 288126 579403 180349 383077 106352 22562 393301 382360 ,230917 628666 288126 579403 180349 106352 602249 752847 417931 936930 
804660 845724 693988 245450 500643 2140 2995 708810 754533 635685 ,228641 485436 197644 279461 268658 958445 544516 253159 200639 368067 
931755 857602 541983 377866 578433 843627 917702 684238 398493 931973 ,931755 857602 541983 578433 917702 398493 931973 398917 682735 599860 
490956 181641 141942 272672 929695 842395 665447 248825 222442 929664 ,181641 141942 272672 929695 842395 248825 929664 405090 353419 704312 
453777 168569 458735 427308 458729 805762 427533 209222 345484 294547 ,21915 780670 715375 519275 513026 204950 336728 451647 762262 415271 
303694 468454 876838 804948 528023 21663 178308 147321 536591 514063 ,303694 876838 804948 528023 21663 147321 536591 169375 943450 272582 
569480 733136 261765 469274 170267 188369 603357 662646 668862 496648 ,331 224407 518136 684222 424310 390304 771961 341227 947060 532542 
850779 333314 315986 609315 329736 591547 7440 356297 638605 475909 ,315986 609315 329736 591547 7440 356297 638605 620003 360023 568341 
414970 744524 767809 405480 489175 829241 399424 795313 304210 512196 ,106097 230883 320756 968631 586516 272877 79240 734224 276830 113494 
242064 113255 360154 219324 172800 36515 431675 240062 142274 737842 ,242064 113255 360154 219324 36515 142274 737842 584835 176208 31400 
496898 192631 68720 607342 246579 321821 693102 83184 716568 482383 ,496898 192631 607342 321821 482383 364161 364579 69131 938753 734998 
244130 577063 165241 10388 276884 828402 394160 519702 938567 135454 ,165241 276884 394160 135454 727490 755195 521974 136681 74798 169712 
550209 527728 587491 916117 688037 926528 276167 208520 987597 46015 ,916117 688037 926528 208520 987597 46015 319409 71931 869223 247137 
84967 560301 451914 542827 637571 719257 366120 703379 45777 448740 ,703379 106348 40560 719100 17577 834003 685121 146238 426750 406521 
132859 655021 646885 655710 604353 757570 820766 713982 449929 571508 ,757570 895731 539564 477252 249178 445919 364270 536965 876286 217411 
399425 60320 421294 475515 232380 49875 406249 260866 705563 494720 ,399425 60320 421294 475515 232380 49875 406249 260866 494720 54767 
597473 116311 8831 591909 377687 358022 435622 767277 407077 713008 ,597473 116311 8831 435622 713008 240640 22614 525776 873720 292254 
933576 92139 819280 914228 2584 938907 952654 961597 907907 933172 ,933576 907907 933172 646492 111673 652749 254638 821001 260877 543409 
744524 795313 174539 106097 934861 910225 81115 469908 703986 600332 ,744524 795313 106097 910225 469908 703986 600332 608680 294309 125718 
734998 429319 932301 106691 22080 29631 204950 269228 529033 655330 ,734998 429319 932301 106691 22080 29631 269228 529033 1994 57355 
996758 896710 447556 8615 907972 379746 37826 474637 835226 669376 ,996758 896710 447556 8615 907972 37826 474637 835226 669376 947127 
8243 169375 272582 105049 879502 991940 610558 435361 103569 219060 ,8243 169375 272582 105049 879502 991940 103569 219060 804948 631792 
934749 279733 223567 761522 960697 292380 662776 685600 429116 279228 ,934749 279733 223567 761522 662776 685600 993900 854021 839183 254116 
529766 356642 29793 898929 744986 288256 298067 350780 216446 691349 ,744986 547211 683806 352719 110449 83184 480169 66598 934355 982640 
939765 228333 313469 671247 722267 424778 200515 944020 14111 184756 ,228333 671247 424778 200515 944020 14111 426923 997594 331311 801131 
349738 684294 216729 336675 388125 197447 906303 366275 450185 121896 ,349738 450185 613446 350407 30042 510278 121963 350421 151252 566409 
546107 702171 582672 334471 315751 996158 801596 770124 792064 891331 ,582672 996158 792064 113389 475465 410895 392962 527375 668778 612210 
873287 157388 168448 133722 199451 307425 472554 284477 87766 965365 ,133722 307425 965365 151239 546191 734235 183750 414670 233741 286642 
410943 773999 411280 5400 448151 44199 246972 901262 964038 911434 ,773999 448151 246972 964038 921772 296250 979752 667365 984543 627953 
927781 191708 420760 251391 839214 651751 665116 928840 146942 314218 ,927781 191708 420760 251391 839214 651751 928840 146942 314218 255167 
596843 196958 244605 401652 73794 803477 271156 7353 924909 114379 ,596843 196958 244605 401652 73794 803477 271156 75788 204412 330772 
953326 905813 210561 554602 188219 982861 337828 443655 776964 586619 ,210561 188219 337828 443655 776964 422542 609567 292754 4460 79542 
870424 439269 839429 453337 842386 544040 774452 785208 920051 61022 ,544040 217930 947524 386910 481107 308461 2153 35370 519850 848370 
367213 122346 849035 950672 488761 336036 988341 798557 429319 979539 ,798557 844891 694882 719820 985423 982570 605066 968340 23744 821390 
189643 633554 167904 623222 554003 187959 735547 706860 762628 921869 ,189643 167904 554003 187959 735547 706860 467569 647809 39034 490832 
586717 573324 140914 724936 104383 8828 243825 207418 554827 982624 ,586717 140914 724936 207418 554827 982624 825436 778974 829468 152688 
975634 666136 298183 927951 115016 549342 508439 248700 254148 404584 ,975634 666136 298183 927951 115016 254148 404584 745005 271394 889384 
755068 85841 940267 861895 219060 272582 124809 549742 179929 201904 ,755068 85841 861895 219060 272582 124809 179929 201904 755114 567504 
266203 506576 425186 371935 664989 801663 941212 101081 688654 393295 ,266203 506576 371935 801663 688654 946647 985397 617927 98111 158475 
650641 462381 905494 656659 464984 874493 187258 738947 343865 66598 ,650641 462381 905494 464984 874493 187258 343865 66598 567691 458341 
293440 346295 499868 639494 744932 509932 716420 90928 709732 553846 ,346295 709732 826298 885969 716816 218859 647894 725704 730091 65189 
971646 841181 837951 940256 234387 305419 472707 517106 451306 689304 ,837951 522952 963676 915286 327291 298526 738947 9939 891311 628973 
621946 399694 482772 821529 396027 391583 176055 176508 83691 105128 ,176055 176508 577811 635367 687797 439616 973583 566119 170289 184207 
808936 672377 827359 453148 570943 824583 256170 602011 672282 892583 ,808936 672377 827359 453148 570943 824583 256170 602011 898360 761519 
105066 525373 82502 86980 87905 406521 615081 685353 182139 130069 ,30006 813999 525680 429347 540613 82089 858446 306384 525421 791158 
756353 444110 889078 742821 812991 609703 647635 788492 785078 716008 ,756353 444110 889078 742821 812991 609703 647635 788492 785078 716008 
569424 270014 128747 509874 943166 24224 269559 710133 907165 10388 ,569424 270014 509874 943166 24224 135454 380765 518155 967280 987105 
469407 568235 328588 857169 759551 137980 589410 38322 977908 374202 ,301475 812860 248595 732692 174308 921080 235601 741429 761724 647341 
288703 65037 117566 88963 688073 771332 759993 916559 769275 285116 ,916559 882026 64409 704738 698812 638375 683922 932755 237919 93458 
645382 136167 108493 625305 25057 335266 213301 182689 180926 324330 ,645382 136167 108493 625305 335266 182689 654026 758397 211483 534558 
177581 130069 420731 107882 730314 132616 748222 431026 547305 259902 ,177581 130069 420731 748222 431026 547305 407119 293526 534570 823537 
919931 176665 597579 82718 862059 526255 91906 304992 246579 81708 ,834003 326197 449117 860153 948311 647012 806093 350433 372771 93544 
219981 255511 758534 132830 247748 757144 838330 1321 755650 143212 ,255511 758534 132830 247748 838330 1321 755650 774857 763932 797718 
200146 668778 535432 833311 612051 7405 824960 962899 606607 680013 ,200146 668778 535432 833311 612051 7405 824960 962899 606607 995566 
824806 808922 237979 646573 309103 942182 933684 961520 192019 146342 ,237979 933684 673813 585724 561146 402858 190971 253226 540602 989708 
810411 375889 58917 476976 68812 597340 459803 299634 555955 605334 ,810411 375889 68812 299634 555955 605334 189667 189594 727860 170827 
684316 859311 431455 201759 662725 229371 139380 44759 59393 977336 ,684316 859311 229371 59393 833815 269228 663373 673062 94717 566220 
320756 176109 204749 847266 294309 800215 499976 312212 872311 807885 ,641461 878123 493908 93789 866314 640780 744524 692332 381469 92338 
846719 820077 675888 974434 829131 766254 220322 613178 666683 143226 ,974434 672986 835946 212747 856615 765327 959243 889608 652821 792565 
157780 238466 46914 646131 543231 541366 476471 546905 472944 558729 ,157780 238466 46914 646131 543231 541366 476471 546905 472944 558729 
266249 169941 112013 297814 712834 315118 200166 173865 171118 484776 ,266249 112013 173865 484776 236340 58798 79235 235738 440017 821011 
92521 397020 630405 933921 371730 193971 457332 786685 507565 396416 ,397020 630405 371730 193971 786685 507565 793709 60891 436600 957456 
755650 793353 365093 444249 1321 943411 462607 837899 806487 389093 ,793353 365093 444249 1321 943411 462607 837899 806487 389093 386015 
924911 500137 723790 751016 862059 5652 446173 262750 258367 713981 ,449117 733343 464831 754633 860153 364198 806093 834003 790727 624214 
855471 706645 937301 444706 474503 561160 855576 205500 885653 881365 ,855471 706645 937301 444706 474503 855576 205500 885653 881365 36125 
248521 754822 412161 255381 57557 897196 770095 537349 637595 446895 ,248521 754822 412161 255381 57557 537349 637595 446895 468999 535005 
914601 847913 814471 907812 820584 770725 6163 560212 762262 795857 ,907812 762262 537376 675525 213065 655097 535427 421731 216353 971283 
292380 350899 619039 140388 647071 448506 39601 373483 412003 628514 ,163727 768869 685546 363432 604227 474779 568262 687591 197068 646702 
333314 22991 771903 174447 832870 10941 291470 456011 984528 297636 ,22991 771903 174447 832870 409848 861142 19775 289207 263701 120528 
98761 940873 779080 647547 574922 647580 979505 647884 173730 985399 ,98761 940873 779080 647547 574922 647580 647884 173730 985399 450500 
126160 843460 240622 899721 472085 608806 379934 888828 703414 199811 ,126160 608806 379934 199811 210198 333747 771554 860877 941556 377394 
794173 123249 728923 813388 381995 46077 684950 714804 178308 273120 ,123249 381995 714804 273120 631096 740992 399434 330060 729161 561804 
886165 179101 223155 443923 341798 527364 436336 218170 251037 648127 ,611964 351442 201495 432236 201956 15010 551149 323137 826211 175284 
904013 699290 666561 65145 82309 279093 432739 206396 968748 143455 ,904013 699290 666561 65145 82309 279093 206396 968748 687591 305958 
283251 383642 689953 511833 234219 891142 24013 448594 80634 337670 ,383642 689953 511833 234219 891142 24013 448594 80634 337670 800322 
87978 421917 436170 449282 337159 604294 995561 40822 684145 73600 ,436170 984091 6838 796821 903905 791954 932183 657581 256895 86174 
668233 562146 42404 777641 187084 916014 360252 160170 420824 255040 ,668233 42404 777641 187084 360252 420824 255040 879861 883590 452836 
680013 995188 910904 854414 216190 855017 716732 910871 766481 885826 ,680013 995188 910904 854414 216190 855017 716732 910871 766481 885826 
337459 352836 69150 196707 115256 2894 293455 468727 727093 261483 ,352836 196707 115256 293455 468727 727093 546373 169506 505420 233419 
898252 470518 378266 797480 409873 135938 951793 410895 366039 674438 ,797480 328588 579432 374202 192089 510079 155402 418263 140525 270677 
977299 15733 200043 620350 919574 268705 470857 771167 967728 565575 ,977299 15733 200043 620350 919574 771167 967728 565575 671834 950404 
366525 788684 190365 369187 512360 250661 576571 122519 352607 66508 ,788684 250661 576571 122519 352607 66508 20688 940256 174696 20840 
219800 748324 214551 298455 833205 142274 530838 903235 261574 153012 ,219800 748324 214551 298455 833205 142274 530838 903235 261574 153012 
756381 749555 913664 991564 962519 946743 973108 621952 621746 961499 ,756381 749555 913664 946743 973108 621952 961499 252196 674770 619124 
438236 573704 535728 169731 176251 171339 270647 22982 748470 184834 ,438236 573704 535728 169731 270647 22982 748470 272307 230267 551667 
196707 981016 105067 980835 322643 192596 510275 711792 275577 206826 ,275577 540669 508008 307425 829059 834734 742272 414670 52901 147010 
480027 413546 463501 637057 226517 41065 91806 891586 126464 625435 ,413546 637057 91806 891586 126464 625435 489671 99628 899688 276563 
674684 402234 131768 265741 967200 572983 694387 141924 200043 772754 ,674684 402234 131768 265741 141924 200043 772754 601422 487200 645751 
98921 929969 756256 98912 662067 837726 459724 749534 924816 793005 ,98921 929969 756256 98912 662067 837726 459724 749534 793005 959883 
185390 739385 303369 107660 976247 746258 126298 902064 806048 703787 ,303369 703787 916681 399825 16374 613863 552611 582907 513600 880987 
30234 515709 280783 232473 425576 211279 525240 567859 305628 814679 ,232473 613446 291880 683675 323431 425099 30216 993807 292631 306383 
647625 318370 233854 900843 701905 860877 377394 608806 481107 992092 ,647625 318370 233854 900843 701905 860877 377394 608806 481107 992092 
947388 407693 67992 739430 308661 635339 411591 344145 490925 71220 ,947388 71220 618962 285077 84580 210518 432899 316459 288369 452539 
543802 939814 546698 434472 783941 546395 333008 967548 317224 493254 ,939814 1150 32302 150850 162289 751671 197873 1186 486703 511786 
151214 982416 124453 107465 82812 131101 815318 521855 815262 522276 ,82812 521855 815262 815259 487832 52511 487378 774442 466822 815313 
135389 695856 812437 630951 32945 848691 259931 283640 988463 571716 ,135389 812437 259931 988463 578662 818683 20936 332481 11395 434987 
277264 165738 186780 390808 349197 378462 870505 779694 780833 668610 ,277264 186780 390808 349197 378462 870505 779694 210348 544581 47985 
637970 850810 241466 561896 791598 236946 814182 517213 164834 54041 ,814182 742690 366240 106459 101624 105571 789619 632896 307189 112328 
761735 594397 973195 995474 759804 681445 328204 612211 384165 855624 ,328204 855624 868022 448120 141850 405171 3055 561626 35502 90107 
911530 293631 982708 923994 81735 868842 380584 110975 191248 862259 ,911530 293631 982708 81735 110975 862259 756856 889786 23393 884450 
385779 608153 352269 176071 524454 407462 682176 792978 595934 793508 ,407462 543988 597397 179780 289844 269428 860904 502383 678737 202689 
367417 510911 310293 320145 821019 327263 485778 799955 862433 714838 ,320145 431184 694852 544252 123067 809416 861467 248270 263212 366593 
414594 453656 332815 943451 870952 384456 461645 592316 415095 391291 ,414594 453656 332815 943451 870952 384456 461645 592316 391291 859588 
3909 996237 266972 798203 681628 254004 291274 414119 185241 232480 ,3909 996237 798203 254004 291274 414119 232480 76332 124717 477686 
599016 963515 134825 778081 87223 549015 64853 691442 32522 686438 ,413874 170011 235762 79498 121401 9656 352015 435740 614707 234845 
849653 894693 406391 212244 292365 41400 976769 529090 489641 961401 ,406391 212244 292365 41400 529090 342834 309077 288494 44605 218030 
237258 560850 842235 129447 862259 402814 44481 95546 515474 208348 ,237258 560850 842235 208348 573340 13102 94499 859553 868103 14247 
886063 559974 427118 485496 422546 4701 227695 343235 30080 51344 ,886063 559974 427118 485496 422546 4701 227695 343235 30080 7805 
259144 833833 258176 159102 659620 713849 641015 904198 900881 542434 ,713849 641015 900881 223844 911524 718950 51292 858200 94827 890741 
393893 508802 819510 75435 3343 13570 362367 735260 705862 271179 ,508802 819510 75435 13570 362367 705862 425786 400253 628481 988416 
279260 782408 281690 654266 24156 608924 304643 854469 298124 584580 ,654266 24156 608924 854469 298124 584580 31857 293540 498971 762080 
942767 749993 16925 462397 314391 172778 803253 624962 879801 271999 ,942767 314391 172778 12781 174116 354698 21438 481955 918397 931148 
153452 517078 486703 457261 543802 396473 185668 310162 150850 951443 ,153452 517078 486703 310162 150850 271999 172532 177228 488804 421151 
900313 435995 67744 931778 168617 272330 513709 887501 223533 60426 ,435995 67744 931778 168617 272330 513709 887501 526383 919787 976617 
581679 705457 664548 987990 671230 644929 714557 834552 761610 165005 ,581679 705457 664548 671230 214198 208284 865095 821148 544581 376818 
68887 958136 95556 95468 844073 855719 81954 834487 401211 855965 ,68887 95556 81954 855965 786696 757583 927830 717909 26323 201841 
410095 338228 685028 822042 96834 258368 337605 875893 96388 81533 ,410095 338228 685028 822042 258368 337605 81533 570275 354396 235462 
308814 354109 480576 633118 545428 456017 690845 423673 176004 529242 ,480576 111303 458527 426188 233252 443387 58974 560166 168607 80397 
935837 694357 701168 802696 789978 368811 528318 967548 675849 486125 ,694357 701168 802696 789978 528318 675849 486125 920969 225060 921292 
618238 278102 376887 868111 258418 678258 43447 962498 982407 299113 ,618238 278102 868111 258418 678258 43447 962498 299113 540319 539798 
