GT,Result
298128 32302 234040 359692 709800 972864 375329 330853 575877 497920 ,298128 32302 234040 359692 972864 330853 575877 497920 195665 194577 
452098 157615 168706 46811 197202 773609 433556 126281 818707 466692 ,452098 157615 46811 433556 126281 466692 887322 788391 916638 727321 
172042 968598 478688 407558 276941 201654 965832 623229 67293 663767 ,478688 407558 623229 663767 679295 510608 351890 130623 297298 681126 
801156 466395 31570 950855 812749 959449 89912 981164 77353 655454 ,466395 812749 959449 89912 981164 77353 655454 157615 301935 693448 
250527 417113 272353 849601 164471 130716 204645 323967 468019 379071 ,250527 272353 849601 164471 130716 204645 323967 379071 227097 257108 
714824 891515 697177 170725 502894 241158 43112 260952 589333 967392 ,891515 697177 170725 502894 241158 43112 967392 727087 617763 492261 
221429 699984 663290 694044 555021 716575 586942 199582 29329 850244 ,221429 663290 694044 555021 199582 199744 179182 938615 458112 405833 
805617 682565 420381 239083 263573 754983 348286 911681 236593 347039 ,805617 420381 239083 263573 754983 348286 911681 236593 347039 489638 
83184 305007 339118 281353 248391 102597 278762 658267 90443 248013 ,305007 339118 248391 102597 278762 90443 248013 491716 790989 984745 
389808 522327 663475 823528 294346 816469 466004 79579 999589 563418 ,389808 663475 823528 294346 816469 79579 999589 563418 694044 192787 
568168 760605 963169 969968 797339 404811 568413 667687 568218 569114 ,568168 760605 963169 969968 797339 404811 568413 667687 568218 569114 
390739 968119 14902 858565 678070 839391 831813 734521 226575 861953 ,390739 968119 14902 858565 678070 831813 226575 861953 997085 219599 
232288 170970 262598 256895 236341 767142 237340 272109 470288 200663 ,232288 170970 262598 236341 237340 272109 200663 660764 158491 450761 
978974 380740 805468 313060 18910 610682 639756 689808 798009 322404 ,978974 380740 805468 18910 610682 689808 798009 322404 176641 520048 
601024 924687 341891 532096 63926 600866 592874 311193 271610 419552 ,601024 924687 341891 532096 600866 592874 311193 271610 419552 189 
114602 278928 521494 390173 263061 500109 29963 815392 525207 563936 ,278928 521494 263061 500109 815392 563936 489510 526670 525752 815262 
534901 12378 884478 671920 231159 208328 9877 483988 623143 392297 ,534901 12378 884478 9877 483988 931404 133968 480750 75894 731310 
655412 808882 960561 666669 143220 219792 606104 833770 833833 771480 ,219792 606104 833770 833833 771480 971514 839190 626705 39775 981009 
196292 660459 506512 401057 106724 721362 747322 904587 223899 432187 ,196292 660459 401057 223899 669801 519420 369947 780288 364530 321969 
727168 175724 716576 954006 378523 740549 430472 520751 725272 497988 ,175724 716576 954006 430472 520751 725272 497988 600221 132036 778081 
756560 992308 622281 755946 848545 190654 765326 790036 249871 662324 ,756560 992308 622281 755946 848545 190654 790036 662324 780569 190574 
545308 312757 321795 149577 832814 365953 18010 394713 171914 232741 ,312757 321795 149577 18010 394713 171914 679270 713481 86349 384941 
842084 374224 219501 751461 587415 863706 782986 861 804237 143220 ,842084 374224 219501 751461 587415 863706 861 804237 434179 869181 
485021 389256 997226 1974 202776 706980 763467 671882 835 409757 ,485021 997226 1974 706980 763467 409757 151875 646366 152611 420260 
809741 823884 769878 531402 773034 791456 474711 227719 886585 791475 ,809741 823884 769878 531402 773034 791456 474711 791475 941032 224806 
424084 693848 560087 524619 249829 748849 840054 708759 211158 599897 ,424084 693848 524619 249829 708759 662629 731530 157983 306127 776990 
982597 666380 603728 394768 195681 649297 601603 298129 647205 578600 ,982597 666380 603728 394768 649297 601603 298129 578600 504005 576548 
822475 245310 492729 312027 358899 133477 353947 393511 443525 299195 ,822475 245310 312027 358899 133477 353947 443525 299195 666389 61672 
745026 543242 540532 687397 878064 987923 543599 915871 374762 545891 ,745026 543242 540532 878064 987923 543599 915871 374762 545891 673155 
304513 256767 867718 658093 603250 414925 819521 144945 544691 771624 ,256767 867718 658093 603250 819521 144945 544691 771624 878325 844709 
921108 286162 494660 508704 285004 919770 247646 998046 239250 399799 ,921108 286162 508704 285004 919770 247646 998046 239250 399799 402237 
989277 873348 183913 393109 195749 728438 841377 185919 116525 125251 ,873348 393109 728438 116525 125251 843792 331976 539038 520327 194083 
511854 413110 38489 8771 43190 38484 235443 827845 38530 747493 ,511854 38489 8771 43190 827845 38530 747493 971540 637004 426025 
248102 280866 470751 59919 215010 348671 239426 659422 717356 551637 ,248102 280866 470751 59919 215010 348671 239426 659422 717356 551637 
94394 691711 507098 306952 106809 504992 122878 413811 748065 685399 ,94394 691711 507098 306952 504992 122878 748065 685399 337049 244290 
275450 21268 928811 80542 743843 310694 398522 915286 527191 97585 ,275450 21268 398522 915286 97585 949578 364307 320355 324330 198867 
136373 178653 90042 943108 501979 69801 482710 741632 988826 587121 ,136373 178653 90042 943108 482710 988826 587121 581152 316082 434803 
460819 505228 467385 339320 138361 767142 224273 122205 271355 273763 ,460819 505228 467385 224273 122205 271355 273763 947571 915308 913367 
799025 231460 334576 119445 686535 48205 285147 749314 475356 538182 ,231460 119445 686535 48205 285147 749314 538182 403937 395833 214113 
803309 741392 20755 130669 573069 79950 189454 452437 394770 745113 ,803309 741392 130669 573069 79950 189454 452437 394770 455387 794133 
52195 203869 292007 142441 484712 280120 659755 293170 292548 854873 ,52195 292007 142441 484712 659755 292548 854873 336998 306185 677599 
735719 809242 728518 475851 360381 414700 96369 747536 358463 876403 ,735719 728518 475851 360381 414700 96369 747536 876403 326759 272244 
207401 984780 698179 702569 553720 617633 204899 410999 333851 55684 ,984780 698179 702569 617633 204899 410999 333851 411065 469219 147684 
845501 765992 869008 854126 962014 375685 650983 673413 900439 759315 ,554218 128389 859137 374629 949606 413067 627768 542433 207961 831497 
448164 37821 640865 448210 224806 880137 887019 187893 773034 809741 ,448164 37821 640865 448210 224806 880137 887019 773034 809741 941032 
997085 882730 873082 211021 480979 809673 210148 851902 330154 822798 ,997085 882730 873082 480979 210148 851902 330154 822798 482865 331055 
24013 414340 702106 283963 691315 727168 392887 294424 182934 823606 ,702106 691315 392887 823606 526421 341244 723384 331408 755488 33338 
304210 798311 982303 244289 750337 291536 128649 537657 386768 299941 ,304210 798311 982303 244289 291536 128649 299941 666332 409742 670052 
772308 155651 187810 99270 903068 768753 188719 738444 426463 420081 ,772308 155651 903068 768753 188719 738444 426463 30574 55856 684552 
508213 159949 107537 38554 593483 61491 354390 509356 747956 180627 ,508213 38554 61491 354390 509356 747956 180627 315268 513177 49256 
969181 561977 955580 876810 997208 723577 853625 504882 997144 594829 ,969181 561977 955580 876810 997208 504882 997144 594829 206989 207147 
84206 523607 823198 580254 916412 809163 619857 417112 390271 785491 ,523607 823198 580254 809163 619857 390271 785491 859470 698658 803331 
376925 841794 56482 506821 645160 234941 188717 585272 800238 516252 ,376925 841794 506821 645160 188717 585272 800238 516252 202058 554193 
381823 910133 519277 10309 451621 92358 519981 917347 789058 935969 ,519277 10309 92358 519981 917347 789058 935969 804380 837185 949422 
753886 543046 637549 886519 51214 596336 331384 43362 637368 582865 ,543046 637549 886519 51214 596336 331384 43362 582865 375582 562635 
134081 249562 282716 915542 193619 853890 856675 490714 936418 640847 ,282716 915542 193619 853890 490714 603076 844637 792737 123003 845874 
206633 223600 594590 224922 4412 14437 300 243348 871003 903940 ,594590 224922 4412 300 903940 550779 801377 16348 948534 997522 
851918 996162 632137 478121 994225 677073 928323 669544 752359 495510 ,851918 996162 632137 478121 677073 928323 669544 495510 520693 926386 
932604 864172 219945 15874 919196 144469 861841 628234 503163 516350 ,932604 219945 15874 919196 144469 503163 826575 825914 863759 224119 
703290 544952 261436 526048 285866 448894 780207 468063 733343 254243 ,703290 544952 261436 285866 448894 780207 468063 254243 422883 1526 
475604 95960 762839 583972 4761 39681 891609 479124 725705 469935 ,475604 95960 762839 4761 39681 479124 725705 922074 212599 356877 
754010 132812 832574 417566 215985 796107 104344 594369 468829 914352 ,754010 132812 832574 215985 796107 104344 594369 468829 914352 763956 
931283 730798 523562 474290 593676 678027 518442 621529 577062 953099 ,730798 523562 474290 678027 518442 621529 577062 953099 760760 459513 
906899 207747 986325 846211 907801 222845 827255 800657 953055 716461 ,906899 207747 986325 846211 907801 222845 827255 800657 953055 716461 
109531 969383 13698 697720 875465 204937 269215 256983 14538 163354 ,109531 875465 204937 269215 14538 163354 232467 16072 745089 916 
115825 624809 403703 370027 269397 487315 981901 781827 98094 13564 ,403703 370027 981901 781827 98094 13564 580764 310053 977335 781558 
698499 100181 528745 859472 282043 122021 82424 61075 365033 172134 ,698499 100181 528745 859472 282043 122021 61075 365033 172134 85363 
220559 136404 684649 80545 614883 169361 123626 521917 527537 393835 ,220559 136404 80545 614883 521917 527537 393835 141357 179237 954342 
419024 285877 610863 577005 366528 405035 235924 400152 165589 470056 ,419024 610863 577005 405035 400152 165589 470056 739779 613721 460400 
94508 82227 247871 249158 601626 877773 321490 566227 238504 379243 ,94508 249158 877773 321490 566227 238504 379243 351917 471357 461523 
793355 607480 615191 209230 657379 673936 242353 826519 502322 757073 ,793355 607480 615191 209230 673936 826519 502322 757073 953022 656945 
374102 772797 772530 824484 675636 853558 905492 114863 854813 876826 ,374102 772797 772530 824484 675636 853558 905492 114863 854813 846063 
424402 915085 187107 410483 789418 400810 471994 375572 218211 453260 ,424402 915085 187107 410483 789418 400810 471994 375572 218211 453260 
218579 186682 460682 480720 684093 751874 900840 900620 476571 204079 ,598294 276063 529712 864649 153301 53335 55617 351329 687983 861725 
128763 336735 451868 364056 546387 363574 132542 524658 953229 246532 ,128763 336735 364056 546387 363574 132542 524658 246532 219714 151151 
314106 271047 53690 218728 551199 201690 919791 735957 805007 597011 ,314106 53690 218728 201690 597011 52283 963733 631948 85877 335187 
125906 797900 117939 158844 635978 680316 180055 105080 866454 326017 ,797900 117939 635978 180055 105080 866454 538850 963185 682185 798691 
600695 612058 637796 798691 600677 446722 788195 354978 985657 361065 ,600695 637796 798691 600677 446722 788195 354978 361065 336867 337364 
612374 713054 324723 479662 441700 49918 48692 854579 615392 616369 ,713054 324723 479662 441700 49918 48692 854579 615392 788037 786228 
643344 692569 61141 587242 66828 361335 284219 689541 600104 79317 ,643344 692569 61141 587242 66828 284219 689541 600104 79317 754310 
440175 638588 638649 826937 310524 948742 941538 436847 432828 21828 ,638649 310524 436847 21828 326933 388804 215204 324259 182024 60744 
778428 281015 270362 511892 164580 361228 15219 630557 754217 904553 ,511892 15219 630557 904553 720497 923975 724083 928716 494973 261698 
545740 151629 113043 294576 151561 837591 502230 837285 533723 536547 ,545740 151629 113043 294576 151561 837591 533723 536547 487326 61344 
236962 228366 871187 47186 79603 158113 814995 488312 826716 698631 ,228366 871187 47186 79603 158113 814995 488312 826716 698631 12726 
68908 95694 218083 350689 188642 30051 95537 524983 554626 83687 ,68908 218083 188642 524983 554626 83687 548424 560741 698410 174948 
14925 458826 64106 921493 894972 858474 71883 805708 15215 203578 ,14925 458826 64106 921493 858474 15215 203578 217347 108163 202598 
623693 533853 840254 371289 205410 659625 298066 619880 647421 497843 ,623693 533853 371289 659625 298066 619880 21332 932557 659760 511924 
302073 635741 532446 404191 811151 832801 472678 309679 722957 364171 ,302073 532446 404191 811151 832801 364171 277882 439314 306317 471131 
355238 983069 510973 213136 653535 600778 777363 208689 587730 686631 ,355238 983069 213136 653535 600778 777363 208689 587730 686631 244797 
230204 459347 300242 129099 379491 771376 716868 341795 791586 96776 ,230204 300242 379491 771376 341795 808709 180651 79719 836678 991242 
519994 515630 148747 14241 832377 192868 894535 462293 413034 126788 ,519994 515630 148747 832377 192868 894535 462293 413034 894742 274687 
480692 606123 177592 712979 269843 429054 878945 789296 617775 281348 ,480692 606123 177592 712979 269843 429054 878945 789296 617775 281348 
666405 175870 16118 400914 710571 20623 172757 469329 174727 32925 ,666405 16118 400914 20623 172757 174727 497453 316821 70639 514991 
587 326040 400469 22832 236311 747401 14601 620488 330263 972155 ,587 326040 400469 22832 747401 14601 620488 330263 972155 811 
511271 897205 574887 544977 959076 57233 414767 53756 148747 580599 ,511271 897205 959076 414767 53756 148747 857890 298735 839058 375574 
335198 553680 932839 696332 598205 412980 971484 763767 62869 946538 ,696332 598205 971484 367695 666292 663243 274192 331168 195385 283631 
993496 707619 203309 258663 875572 992874 983998 533247 947099 64961 ,875572 947099 707286 923950 853185 410070 956451 190979 170524 208399 
875322 732733 88690 257330 229026 874878 986966 89291 194877 273693 ,875322 88690 257330 229026 874878 986966 89291 194877 273693 923640 
981977 7675 637167 674287 718220 721156 656246 657300 657644 994082 ,981977 7675 674287 718220 721156 656246 657300 657644 994082 882069 
462242 526930 437379 456692 440674 11959 60615 503044 120609 731184 ,462242 526930 437379 456692 11959 60615 503044 731184 168906 288587 
205755 397977 139296 149715 600104 74665 477900 402750 119523 185662 ,205755 397977 149715 600104 74665 477900 402750 400817 696185 931550 
618354 696666 605597 847515 272664 968946 910598 632866 958301 853519 ,618354 696666 605597 847515 272664 910598 632866 853519 858858 392043 
169885 18767 17140 466471 515663 76666 210295 941349 93153 378494 ,466471 210295 941349 378494 270479 831218 987574 206598 170867 432924 
460279 601682 257689 817685 389225 778473 421259 882056 380486 254376 ,460279 601682 389225 778473 421259 882056 380486 66247 552099 389235 
351294 310237 599012 261689 679478 326053 209704 789439 630238 949822 ,351294 310237 599012 261689 326053 209704 630238 354972 520899 772472 
109944 270564 11242 606564 204137 99684 129890 220401 509569 705606 ,109944 270564 11242 606564 204137 99684 129890 220401 509569 705606 
844900 525678 724058 62225 177193 143971 20088 193562 526351 929127 ,844900 525678 724058 62225 143971 929127 804074 681742 266894 798870 
956513 30927 526677 665927 87917 528890 352413 108383 210475 368471 ,956513 30927 526677 87917 528890 108383 210475 368471 243132 340203 
627255 671882 860047 399685 950275 671602 302342 317754 496607 144562 ,627255 860047 671602 302342 496607 144562 697463 402255 677501 628976 
950806 123880 731051 899773 842615 683135 84265 397662 439145 829546 ,950806 123880 731051 899773 842615 683135 84265 397662 439145 829546 
879326 921200 563976 497163 964670 885687 2607 223991 60460 899275 ,879326 563976 497163 2607 223991 729463 36145 838485 879866 894742 
228885 915019 627942 376184 237001 804072 264970 537085 599492 201188 ,228885 915019 627942 376184 804072 537085 599492 201188 562402 468054 
466949 626218 175052 539077 484436 497209 515641 187819 31045 3034 ,466949 626218 175052 539077 484436 497209 515641 187819 31045 3034 
657099 903450 949822 342373 534695 923397 131241 719451 470233 113934 ,657099 903450 949822 342373 534695 131241 719451 113934 699114 927017 
640524 640649 640182 641686 641906 641428 246514 852577 104631 793814 ,640524 640649 640182 641686 641906 641428 246514 852577 793814 640809 
827442 770309 882594 559169 760868 55971 83430 980609 994333 885434 ,770309 310552 681323 52484 83035 506366 921424 858501 383760 57634 
38448 108534 39498 512543 259888 574886 917820 38447 39378 38457 ,702273 467556 672832 665133 567415 830609 820576 915025 540084 116279 
637130 818479 487834 489510 815393 29971 815343 815259 29950 815288 ,489510 815343 815259 815288 516560 995302 524763 110891 815299 29945 
525182 313895 208483 524983 82812 231978 730558 213510 711186 151203 ,313895 208483 524983 231978 730558 711186 466819 295346 495857 486013 
780461 883527 580832 956628 368056 522486 683552 64956 110977 459026 ,780461 956628 522486 64956 459026 377029 283479 273637 611328 264294 
17186 438800 36230 230907 520351 441776 917958 342897 351742 870940 ,17186 438800 36230 230907 520351 441776 917958 342897 684327 747555 
510288 815199 637961 261431 800176 753923 784932 533310 636698 169180 ,510288 815199 546066 88639 466822 29950 89314 815319 730557 94965 
321807 612852 159852 432627 254157 57634 39881 567694 449483 124893 ,321807 612852 159852 432627 254157 39881 449483 124893 282365 279971 
827816 467190 19061 892978 9897 459320 952559 272198 142400 536629 ,827816 467190 9897 952559 142400 536629 413290 202586 840088 392136 
297150 452903 615628 221556 83470 615413 517184 701939 299181 458353 ,221556 517184 698840 526751 649478 810655 975310 989878 140754 740416 
636740 102241 791426 423725 445902 447438 656145 217389 902400 788040 ,656145 217389 130905 996428 666925 112763 659614 856134 190047 476911 
943319 431552 282216 195228 316821 852351 796621 205526 702532 69683 ,943319 431552 282216 195228 316821 205526 69683 727857 392415 635811 
194888 227502 109907 462183 569926 791996 94061 508608 957729 237018 ,194888 227502 462183 569926 94061 508608 957729 237018 81978 772461 
931782 80902 95444 84071 798412 946303 36625 122959 287221 120974 ,931782 280046 180740 255518 305365 88639 140379 432207 840506 149878 
704041 797564 264062 819562 77733 788079 893418 220429 110135 838312 ,704041 797564 264062 77733 788079 893418 220429 110135 838312 709194 
955447 359014 765878 355341 430036 42457 605597 989941 871808 388566 ,955447 359014 765878 355341 989941 388566 234096 500767 608711 392294 
655922 677741 715379 363565 48366 958701 698668 497361 227255 489141 ,497361 829941 742222 924330 517184 509482 140754 796775 571534 975310 
349550 346141 272249 201161 197000 13744 937894 870100 842389 276885 ,272249 201161 197000 13744 937894 870100 842389 276885 49781 108815 
3097 870502 997676 533669 70677 924077 20406 132978 997070 237449 ,3097 870502 370018 856239 636152 573818 731565 843404 481164 521096 
186713 715465 387453 603091 779542 353355 817641 386109 965583 418132 ,715465 387453 603091 779542 817641 386109 965583 954183 449321 951562 
526957 741322 297276 59117 722848 228445 862653 513497 484452 354034 ,526957 741322 59117 722848 228445 513497 484452 354034 684638 812413 
29693 208975 252446 88560 519994 713113 274472 541839 254023 998004 ,252446 88560 519994 274472 254023 206304 664297 844331 210121 491043 
95692 910370 235222 604715 599731 989200 415381 773831 197809 770892 ,235222 604715 599731 989200 415381 773831 197809 291356 492777 427678 
826716 964986 102241 130905 654178 974526 667074 554713 936862 190846 ,826716 130905 654178 667074 554713 936862 719820 112763 824559 23728 
617331 209255 620488 128160 855864 508139 586479 403174 910301 102762 ,209255 620488 128160 855864 403174 910301 102762 241706 35032 274019 
172490 806335 237807 172592 686700 261479 330367 720197 159187 680085 ,172490 806335 237807 172592 261479 720197 159187 680085 730930 790805 
332776 497468 512606 457677 189792 670919 112019 90029 438015 23090 ,332776 457677 670919 438015 893315 367119 548798 541767 368716 201718 
193350 251026 507508 150317 174134 546257 463822 565998 270154 20751 ,193350 251026 507508 150317 546257 463822 270154 20751 515891 394707 
589251 535250 989710 481974 326093 83687 518837 273517 87333 740954 ,589251 535250 989710 481974 326093 83687 518837 273517 87333 740954 
796775 309759 761683 24098 846914 496270 655556 551662 36434 895877 ,796775 761683 24098 846914 496270 655556 551662 36434 854783 406274 
720798 628588 256480 265716 15915 14956 703930 301363 143033 71290 ,628588 256480 265716 15915 703930 301363 143033 71290 933773 129327 
750959 485651 900823 231982 677236 959109 996786 890987 891864 588374 ,900823 231982 996786 757166 375552 905943 447718 447670 155569 24957 
633847 484456 965575 787236 777983 257627 262603 65228 882157 609306 ,503310 324186 866546 199022 351644 133602 485853 46197 801235 413468 
523959 529143 401209 678008 292048 662786 754241 784931 351304 280395 ,523959 529143 401209 678008 292048 662786 754241 280395 719401 496655 
322675 313895 481559 319412 261528 30329 419516 719135 249825 350726 ,322675 313895 481559 319412 261528 30329 419516 719135 249825 350726 
307212 153027 87692 525319 23464 563906 350516 23900 14094 292716 ,153027 525319 23464 350516 23900 292716 85073 579003 84462 106101 
39655 125099 33028 520858 610899 901067 786167 611407 601770 139849 ,39655 125099 33028 520858 610899 786167 611407 601770 139849 20132 
989268 919037 147396 781391 498714 963588 661710 430107 971563 561941 ,989268 919037 147396 781391 963588 430107 971563 561941 916614 224423 
73901 510900 892584 49314 98365 856505 998229 705110 862792 190824 ,73901 510900 892584 49314 856505 705110 862792 190824 812284 300842 
637013 216779 902285 237008 151342 122987 279971 254157 608639 153020 ,637013 216779 902285 237008 151342 122987 279971 254157 608639 153020 
742222 627800 922275 281543 611924 560401 330649 242668 985657 237309 ,742222 281543 611924 330649 242668 237309 363565 237286 736294 652962 
782166 357939 537085 8473 5585 717240 399787 376184 722949 13265 ,782166 8473 5585 717240 399787 376184 722949 781713 13265 977389 
876924 587446 820080 766243 542675 958650 811837 922117 985510 850535 ,876924 587446 820080 542675 811837 922117 985510 745231 995148 103169 
733245 259606 246323 179157 751136 289369 65388 649113 19994 154148 ,733245 246323 179157 751136 289369 65388 19994 620378 596280 899403 
435295 879698 542561 977958 396782 20789 911176 108366 15225 58043 ,435295 879698 542561 977958 20789 911176 15225 58043 168328 910069 
732405 561901 758321 777293 694316 104925 409339 377310 441845 757606 ,561901 758321 777293 694316 757606 925355 18985 543826 133602 70038 
317189 815714 10388 817040 170422 615357 89836 284230 293077 710661 ,89836 284230 293077 710661 649133 772257 106294 860295 727481 154155 
42462 201704 907555 535294 227090 868879 197508 879679 543194 264839 ,201704 618323 424380 756628 916634 881588 845105 679127 391366 519395 
278897 281895 247180 278910 570139 565085 225424 943005 881921 915686 ,278897 281895 247180 278910 225424 943005 881921 915686 881588 967994 
403468 994059 826103 73692 871475 721835 82520 62033 304106 753715 ,826103 73692 721835 82520 62033 304106 123242 219807 277832 550971 
414361 26939 288777 826779 477440 963000 675786 629434 299031 970971 ,414361 26939 288777 826779 477440 963000 675786 629434 299031 970971 
685292 381930 872204 19975 44143 460625 27758 5248 942017 923456 ,685292 872204 19975 44143 27758 5248 942017 481005 44626 828552 
781200 890417 14956 472275 678131 744479 121739 502497 868742 543628 ,781200 890417 14956 472275 678131 744479 502497 543628 548896 618815 
64137 769809 685154 670559 670812 710322 963589 11845 523213 809872 ,64137 769809 685154 670559 670812 710322 963589 11845 809872 568972 
606364 748996 586409 404247 479339 776913 968755 587317 869679 914494 ,606364 748996 586409 479339 776913 968755 587317 869679 914494 784222 
723491 942016 78261 261594 504997 297973 187246 364708 430788 73087 ,723491 78261 261594 504997 297973 187246 364708 430788 73087 678497 
818873 481329 182314 713533 517273 743195 66742 910749 769330 94047 ,713533 517273 743195 66742 94047 174948 402446 598254 94393 427750 
503094 222112 458005 560566 218083 484119 22391 502476 131215 363578 ,560566 218083 502476 790427 452428 747270 430486 65664 527576 12964 
223719 736819 872622 668095 666642 536444 919415 670241 213489 260638 ,223719 736819 666642 536444 919415 213489 260638 919157 922792 975416 
626775 786971 572385 190061 438458 522443 53376 621113 384153 506811 ,626775 786971 572385 190061 438458 522443 53376 621113 384153 506811 
778131 339144 633437 321731 237286 249685 237981 79540 563388 982384 ,778131 339144 633437 321731 237286 249685 237981 982384 520251 736337 
206583 878935 207862 102901 925166 534343 617331 758487 781331 227234 ,206583 878935 207862 102901 534343 758487 781331 104613 663243 208159 
95887 315732 146597 235641 599119 229563 679498 972615 920210 340655 ,95887 235641 350893 143316 90514 154596 16469 554384 278746 393531 
388384 713879 520351 301265 470639 492814 166952 907360 786515 845647 ,388384 520351 301265 470639 492814 166952 907360 786515 845647 364411 
972023 523649 59583 780278 974838 156134 209647 413899 240230 572668 ,972023 523649 59583 974838 156134 413899 240230 572668 62133 975525 
402483 224573 44481 124482 975326 63086 877669 523519 377456 68970 ,402483 44481 124482 975326 63086 523519 377456 68970 580738 59309 
245983 134975 394277 200418 75072 932927 795803 390167 316517 24732 ,245983 134975 394277 200418 75072 932927 795803 316517 24732 244359 
162907 503555 12769 183333 956474 265368 438116 246338 472720 598798 ,162907 12769 265368 246338 472720 598798 895337 622111 419243 496874 
280109 471357 677752 609724 788195 215509 799487 313047 931418 806851 ,471357 581297 637146 674373 981839 444270 104788 280972 953598 648065 
459036 989428 723318 436284 365034 723467 438603 927160 633839 465281 ,459036 989428 723318 723467 438603 927160 633839 465281 704340 237534 
261007 664799 49695 288030 284007 470338 129925 74876 57444 849304 ,261007 664799 49695 288030 470338 129925 57444 849304 223737 638611 
461446 883335 58254 679117 488221 915322 987216 915324 556756 987743 ,461446 883335 679117 488221 987743 862215 682001 132956 808533 920524 
698521 515901 19912 258216 181162 139747 258778 151991 744423 751789 ,698521 258216 181162 258778 151991 751789 903092 101375 452800 442014 
935969 186943 507002 792264 677752 66598 854672 232585 62133 846631 ,935969 186943 507002 792264 677752 66598 854672 232585 62133 846631 
374780 603960 996785 852134 862942 863250 896826 863834 587260 601270 ,374780 863250 601270 608773 895986 757021 759298 443515 971224 573317 
284236 487901 435032 96714 171327 912304 146719 138836 407049 900178 ,284236 487901 171327 912304 138836 407049 900178 352336 680976 343872 
553739 442159 553127 404006 811563 981270 716162 335697 132719 902985 ,553739 442159 553127 404006 811563 981270 716162 335697 132719 902985 
496788 21113 777081 918221 264341 11997 511415 92027 745980 977629 ,496788 21113 777081 918221 264341 511415 92027 745980 977629 517901 
693638 637243 79190 545740 482079 9684 771717 334307 536770 185662 ,693638 637243 545740 482079 9684 334307 536770 185662 536547 317258 
550816 880240 896581 855725 858931 808647 809565 589821 895638 892735 ,550816 880240 896581 855725 858931 808647 809565 589821 895638 224449 
46584 279239 792264 452995 292394 62388 140551 46392 605493 687983 ,46584 279239 792264 452995 292394 62388 140551 46392 605493 282088 
21372 458255 421788 348215 964658 878565 776570 340064 731277 695015 ,21372 458255 421788 348215 964658 776570 340064 731277 695015 221978 
228239 417046 245098 412388 450218 330699 467813 845918 123528 511641 ,228239 417046 245098 412388 450218 467813 845918 123528 511641 233484 
876511 502746 854209 869483 157708 448429 390465 842393 947355 480511 ,876511 502746 854209 157708 448429 390465 842393 947355 480511 563999 
723158 694783 878373 263778 179053 145352 795237 419340 419744 826343 ,723158 263778 179053 145352 795237 419340 826343 795047 263880 964808 
226215 48560 259692 678625 157708 224561 985749 703529 129201 69202 ,224561 129201 69202 883408 922170 598702 862370 400218 540445 3645 
294852 503722 924263 279708 357437 924687 690174 660845 84114 364209 ,294852 503722 924263 279708 924687 690174 660845 364209 191811 491718 
524161 441575 670022 632331 860423 956564 921297 205414 215812 201702 ,524161 441575 670022 632331 860423 921297 205414 215812 201702 509594 
427432 350415 518504 424887 502359 262029 506012 717124 452900 658339 ,427432 350415 424887 502359 262029 506012 717124 452900 658339 95637 
25556 960898 386355 959449 396348 159889 564511 204635 380576 894784 ,386355 959449 159889 564511 204635 380576 894784 153427 914426 548307 
653372 242732 672358 846935 653081 646741 26028 672801 292147 833606 ,653372 242732 672358 846935 653081 646741 672801 833606 30017 442388 
616193 781440 641300 911952 761781 442978 714964 996498 755884 766071 ,616193 781440 641300 911952 761781 442978 714964 996498 755884 766071 
916441 854302 507103 15885 852660 940712 879749 965927 854435 12775 ,916441 854302 507103 15885 852660 940712 879749 965927 854435 12775 
842580 628628 141008 472750 486487 842577 632527 835033 194729 199488 ,842580 141008 486487 842577 835033 194729 199488 199893 916623 713081 
755823 442388 650538 143031 338069 783399 833606 672801 646741 615122 ,755823 442388 650538 143031 338069 783399 833606 672801 646741 615122 
763461 970033 322087 567682 637523 786317 128328 17504 421080 83256 ,763461 970033 322087 567682 637523 786317 128328 17504 421080 83256 
980893 26069 361302 718025 910206 666620 109986 160851 9667 358393 ,26069 361302 718025 910206 666620 109986 9667 576054 614448 610517 
503569 940709 480213 641253 278748 292523 107220 991952 326875 785237 ,503569 940709 480213 641253 278748 292523 107220 991952 785237 920342 
965773 132434 82652 409222 200622 128866 639569 204944 46271 184654 ,965773 132434 82652 128866 639569 204944 184654 194946 105479 376915 
606450 35615 564468 64886 534252 566113 89673 516039 393997 769225 ,606450 35615 64886 534252 89673 516039 393997 769225 883373 94711 
392168 402815 573234 815148 541623 225065 777260 264393 856129 925275 ,392168 402815 573234 815148 225065 777260 264393 856129 925275 692345 
424066 394231 635685 40637 122766 498987 971928 689154 424889 122712 ,718698 278527 782784 313797 40547 688953 106128 596230 826626 339179 
914991 685 854595 766010 824434 775145 374812 546975 236562 915420 ,914991 685 854595 766010 824434 775145 374812 546975 236562 915420 
111921 815288 68324 450653 34121 637421 516671 566302 29990 296398 ,111921 815288 68324 450653 34121 637421 516671 566302 29990 296398 
627815 79395 924160 237463 584408 209265 809503 487539 376277 983616 ,627815 79395 924160 237463 209265 487539 983616 279233 240771 502667 
869346 949883 784945 427533 309759 370620 863128 546455 510241 329479 ,869346 949883 784945 427533 370620 863128 546455 510241 329479 529107 
677923 880192 916653 950465 555658 563484 564770 42813 641909 225543 ,677923 880192 916653 950465 563484 564770 42813 641909 776666 24975 
249625 362115 198799 661882 312813 273226 411310 679667 398854 263170 ,249625 362115 198799 661882 312813 273226 411310 679667 398854 263170 
222355 142881 769212 881937 964105 671258 374477 867175 24582 768512 ,769212 964105 671258 374477 24582 2104 247971 107756 29640 762642 
831081 365383 995018 339338 776090 237654 373809 839505 974906 934140 ,831081 365383 995018 339338 776090 237654 373809 839505 974906 934140 
614887 904984 945624 932431 237170 548022 12842 948287 781541 444951 ,614887 904984 945624 932431 237170 548022 12842 948287 781541 396893 
281121 525088 988306 313778 91331 700269 8779 637342 758235 903580 ,281121 525088 988306 313778 91331 700269 8779 637342 758235 903580 
164411 64191 908505 167079 77996 226436 372545 241526 212741 438484 ,164411 64191 908505 167079 226436 372545 212741 80915 468535 9694 
961973 919567 673773 131487 138430 622167 612363 373800 772732 387276 ,919567 673773 131487 138430 622167 612363 373800 387276 878325 750647 
526306 823744 603367 993694 482568 519796 601416 503206 509282 658262 ,526306 823744 603367 993694 482568 519796 601416 503206 509282 658262 
21768 672282 975321 169819 768406 205999 270277 839925 480980 632216 ,21768 672282 975321 169819 768406 205999 270277 839925 480980 733245 
755064 371024 985761 50343 823884 65895 57340 232839 218138 754248 ,50343 823884 391370 862316 480932 911689 984865 603730 12723 223607 
561202 93968 671515 661977 952217 478673 204105 959243 226422 843776 ,561202 93968 661977 952217 478673 204105 959243 226422 843776 243026 
396965 305944 755747 321773 684318 371784 43258 521874 772730 68339 ,396965 305944 755747 321773 684318 371784 43258 521874 772730 68339 
60962 79455 479526 516856 536871 793386 343378 317313 886988 504867 ,60962 79455 516856 536871 793386 343378 317313 504867 903787 247578 
776367 673802 120459 960568 838662 996264 541522 851550 41720 550222 ,673802 120459 960568 838662 996264 41720 550222 819632 375586 834967 
939377 205262 905653 885977 919449 42902 541788 544161 226290 807830 ,939377 205262 905653 885977 919449 42902 541788 544161 226290 807830 
30325 994017 964710 814657 996018 299245 723426 815392 544571 815310 ,30325 964710 814657 996018 299245 723426 815392 544571 815310 723495 
642437 853712 445387 837972 919013 102877 570098 796451 444902 446190 ,642437 853712 445387 837972 919013 102877 570098 796451 444902 446190 
638580 299201 615130 45389 106015 184740 259142 573525 903092 833505 ,638580 45389 184740 259142 903092 833505 101349 77387 812698 140629 
929969 675427 675806 676397 531690 825822 430069 539873 738861 685 ,929969 675427 676397 825822 430069 685 992062 674695 404006 340582 
628749 755788 783863 671663 852639 48510 409839 733815 48357 217524 ,628749 755788 783863 852639 409839 733815 48357 217524 176696 734845 
96773 11972 342656 457643 950755 230195 281508 290237 81944 289726 ,96773 11972 342656 230195 281508 290237 81944 456756 684964 875638 
363373 40560 865838 133216 363371 684161 719796 521874 434313 825820 ,363373 363371 719796 663476 723355 400588 168390 524754 524763 372401 
362328 316378 747880 107157 669453 407198 113823 628749 106861 48357 ,669453 407198 856051 296291 109166 48510 107631 891464 210136 541159 
951512 7869 70080 476205 914620 106806 478082 235535 570906 560985 ,951512 7869 476205 106806 235535 570906 129828 797396 419601 466395 
800275 964646 128419 823904 566572 796297 241584 984772 637710 14822 ,800275 964646 128419 823904 566572 796297 241584 984772 637710 14822 
171570 480674 724963 934662 411189 854890 298564 699323 967001 922214 ,171570 724963 934662 411189 854890 298564 699323 922214 401595 556393 
520275 748884 474516 804860 561196 254888 942408 75544 298870 269617 ,520275 748884 804860 254888 942408 75544 269617 895481 283499 544337 
641042 959651 615095 583068 886068 825712 877101 758074 428875 846063 ,641042 959651 615095 583068 886068 825712 877101 758074 428875 846063 
706431 403567 269968 453836 624208 592899 193943 426221 541631 691683 ,624208 541631 691683 865419 580095 64764 628330 969024 899518 78231 
577744 683142 722581 405069 797131 580447 307420 192147 881744 127843 ,577744 683142 722581 405069 797131 307420 192147 881744 127843 478219 
326063 857598 241457 778843 784770 559918 525968 658598 760333 729930 ,326063 778843 784770 559918 525968 658598 760333 729930 305388 551748 
813387 586194 584408 281789 347392 487705 502667 920342 1321 233022 ,813387 586194 584408 281789 347392 487705 502667 920342 1321 233022 
267176 241633 367872 696460 699318 68472 529057 469840 499756 430208 ,267176 241633 696460 699318 529057 469840 499756 237742 495940 601416 
508378 783502 264947 153945 153012 673373 661785 117579 485911 363948 ,508378 783502 264947 153945 153012 673373 661785 117579 485911 363948 
214755 112064 10125 192907 511184 718698 840896 432958 569512 720539 ,214755 112064 10125 192907 511184 840896 432958 569512 720539 748683 
485612 700384 504190 157787 801273 270664 671094 561169 12505 122605 ,700384 671094 561169 12505 122605 271895 182929 804457 869999 368011 
408104 625355 757213 625350 108747 728190 230591 909738 163078 142512 ,408104 625355 757213 625350 108747 230591 909738 163078 142512 73042 
12497 961804 187895 227384 726453 780276 237029 65181 579690 433094 ,961804 187895 726453 780276 237029 65181 579690 433094 980882 93482 
272152 323113 305196 502139 645270 352538 518086 279435 460427 262029 ,272152 323113 305196 502139 352538 518086 279435 460427 262029 525105 
915584 205147 906215 855443 920143 947316 846227 915387 407703 728245 ,846227 407703 856877 844003 63525 857277 94499 523519 715463 940635 
91667 464523 485002 157708 862379 425705 462099 222237 16650 84985 ,91667 485002 157708 222237 16650 84985 563688 99777 341573 59766 
858346 904771 894452 809686 338924 773232 42813 914657 619608 820636 ,858346 904771 894452 809686 338924 773232 42813 914657 619608 820636 
80660 631349 69545 228555 89347 794330 498573 187158 187352 398074 ,80660 631349 228555 89347 794330 498573 187158 187352 398074 281373 
847805 232316 278640 609836 499705 502440 718040 294782 292613 762512 ,847805 232316 278640 609836 499705 502440 294782 292613 762512 351167 
49687 509740 634527 79753 473063 123754 153575 73731 351313 736251 ,868869 231377 375860 735035 414185 591169 297677 736486 256006 82856 
519410 153575 634527 745961 138836 541698 601303 79753 689152 671702 ,519410 153575 634527 745961 138836 601303 79753 689152 671702 521952 
988759 148272 746610 636093 209198 577338 794034 193362 435205 263597 ,988759 148272 746610 636093 209198 577338 794034 193362 435205 263597 
940606 396893 948349 151680 947240 919306 940635 955307 857300 496662 ,919306 940635 857300 391053 856219 867729 633190 644421 538946 929645 
962760 268918 399980 941780 604660 226060 100189 272198 595143 455493 ,268918 604660 226060 166596 24127 153321 404701 882507 583239 919037 
254074 707628 530819 260793 606042 983795 44289 773327 64567 906719 ,254074 707628 530819 260793 606042 983795 773327 64567 906719 983853 
54423 154183 99740 105416 669306 90644 870131 361915 128863 945444 ,54423 154183 99740 669306 90644 870131 361915 128863 945444 8202 
433970 637955 809503 101375 784198 301188 921965 872692 920342 305196 ,433970 637955 809503 101375 784198 301188 921965 872692 305196 325444 
75326 693571 77583 330756 145623 381872 349754 735719 898445 284219 ,75326 693571 330756 145623 381872 349754 735719 898445 284219 248520 
214355 562323 917398 607932 685524 221159 208258 256663 52810 52500 ,685524 510042 239845 566044 491043 529803 290515 101338 555848 903689 
323443 200686 415676 227826 230578 475285 671392 475414 864313 802467 ,200686 415676 227826 230578 475285 671392 475414 864313 802467 779445 
232452 36455 36373 919847 416899 371208 481055 230522 215430 604328 ,232452 36455 36373 919847 416899 371208 230522 215430 604328 284644 
503301 279233 323428 292502 492617 525141 337671 160492 278636 140629 ,160492 452635 29877 38633 509380 162872 715842 337092 571194 364124 
42052 700415 460929 598175 538983 863396 669456 382656 680437 388121 ,42052 700415 460929 598175 538983 863396 669456 382656 680437 388121 
528654 99097 498654 501078 426312 529161 723426 336857 528493 684302 ,528654 99097 498654 501078 426312 529161 723426 528493 684302 16748 
825680 903677 744881 903866 766921 512641 617979 667807 246244 624387 ,825680 903677 903866 766921 512641 667807 246244 624387 674873 374102 
703042 842891 199868 832630 287109 857757 838960 529803 875932 929821 ,703042 842891 199868 287109 838960 529803 875932 929821 22186 795915 
505139 109740 127988 63474 751559 80797 105416 35902 549601 985046 ,505139 109740 127988 63474 105416 549601 985046 749794 595079 350362 
513537 482149 683023 227954 922805 100072 264780 691320 132280 754561 ,513537 482149 683023 922805 100072 264780 691320 132280 754561 132269 
882176 6269 449158 651371 756923 643706 760630 261798 789776 762402 ,882176 6269 449158 651371 756923 643706 760630 261798 789776 762402 
410595 55308 53364 640589 151905 582819 411280 44289 453527 642339 ,582819 411280 533039 606543 5400 553132 827544 671115 861666 773034 
880662 335528 210616 60603 854676 546600 929749 57051 981809 970367 ,880662 335528 60603 854676 546600 929749 57051 981809 970367 885967 
559919 286828 517202 499098 83724 324172 419736 261235 80007 686148 ,559919 286828 517202 499098 83724 419736 261235 80007 686148 2194 
524301 915136 854928 945684 925471 133828 694646 491947 47066 895904 ,524301 915136 945684 925471 694646 491947 895904 298548 817429 188653 
779642 998122 6997 446814 768263 672470 672932 641040 445116 445008 ,779642 998122 6997 446814 768263 672470 672932 641040 445116 445008 
668324 861784 63085 439169 936595 728245 594630 677970 58024 860796 ,668324 861784 63085 439169 936595 728245 594630 677970 58024 860796 
684467 614931 859835 146238 960725 183205 305308 138668 612257 573784 ,684467 614931 146238 960725 305308 138668 612257 703379 19057 432467 
421097 112994 80012 702066 615750 503409 806513 732923 316278 232669 ,421097 112994 80012 702066 615750 503409 806513 316278 232669 162029 
401368 400266 873860 475515 825058 882524 282164 15510 929316 892080 ,401368 400266 475515 825058 882524 15510 929316 879486 380099 282982 
341080 563788 267429 753047 372440 805791 518289 841211 742997 763826 ,341080 563788 267429 753047 372440 805791 518289 841211 742997 763826 
568221 970896 858449 470169 877834 458451 785131 550857 842023 773752 ,568221 858449 470169 877834 458451 785131 550857 842023 773752 369861 
397110 843639 966223 133124 192614 766883 134580 595723 164625 203606 ,397110 843639 133124 766883 134580 164625 203606 267884 163357 949022 
21262 136517 967695 96975 421190 955835 953219 952302 724947 320582 ,21262 136517 967695 96975 421190 955835 953219 952302 724947 320582 
806851 567652 322142 766333 448900 156482 336867 686716 434564 638470 ,322142 471357 370620 581297 584155 133828 323589 797604 510241 658160 
428689 238962 204865 879865 870150 91667 162973 70965 977549 157881 ,428689 238962 204865 870150 91667 162973 70965 977549 555261 797738 
619468 901666 901035 315635 995522 260706 681194 878825 129041 578929 ,619468 901666 901035 315635 995522 260706 681194 878825 578929 243750 
254941 894149 24533 755335 667040 820065 651387 986161 116531 58145 ,254941 894149 24533 667040 651387 986161 58145 444457 308723 593921 
404 152544 725791 285866 553665 977401 283123 190021 278555 59910 ,404 152544 285866 977401 283123 190021 278555 59910 338347 407750 
772915 38923 215428 493864 240559 450159 955308 265831 933625 255886 ,772915 38923 215428 493864 240559 265831 933625 255886 398385 51409 
935733 951315 324505 114639 664780 753487 849627 246936 934368 89913 ,935733 114639 664780 753487 849627 934368 89913 433141 677923 11945 
338710 909140 274394 358038 847805 778700 51381 504888 978517 869058 ,338710 274394 358038 847805 778700 51381 504888 978517 869058 75939 
573639 43996 909140 193860 60980 109180 409135 468963 306682 687105 ,573639 43996 909140 193860 109180 468963 306682 687105 343025 320892 
350728 96718 122647 122249 728547 341128 30525 175298 568693 157361 ,350728 96718 728547 341128 30525 175298 568693 157361 531968 452891 
559569 672193 810650 620620 20766 709117 296398 635616 467501 905316 ,672193 810650 20766 709117 296398 635616 467501 458463 731540 32170 
686735 501679 712087 362552 143369 34931 728609 708201 419019 335279 ,501679 712087 362552 143369 34931 728609 708201 419019 335279 332875 
355940 501842 321463 547571 815131 405405 700016 41762 493573 398471 ,355940 501842 321463 547571 815131 405405 700016 41762 493573 398471 
457716 233863 63758 532418 184997 18721 773681 21145 574587 182842 ,457716 233863 63758 532418 184997 18721 773681 21145 574587 182842 
313741 610246 618434 151167 351238 511641 621063 347077 836599 703189 ,618434 151167 351238 511641 621063 347077 703189 701525 813060 455137 
943691 976860 944228 122762 481687 203406 109712 596028 2209 204331 ,943691 944228 122762 481687 109712 596028 2209 204331 925298 435103 
25199 913378 299870 169621 732917 480501 162363 452282 592923 551806 ,25199 913378 299870 169621 452282 592923 551806 404148 473328 255840 
898759 632821 213890 222741 921944 265798 918005 51658 653528 908055 ,898759 632821 222741 921944 265798 918005 51658 653528 908055 757601 
577143 20975 773817 911218 351465 112664 947071 305971 249023 140930 ,577143 773817 911218 351465 112664 305971 140930 794996 350510 708921 
703239 375845 636504 123892 977629 663488 291327 113786 106961 697151 ,703239 375845 636504 123892 977629 663488 291327 113786 106961 697151 
709246 681954 227826 804860 555848 671392 200686 967695 660210 483589 ,709246 681954 227826 804860 555848 671392 200686 967695 660210 483589 
684599 71584 604214 219419 684724 927017 707168 591391 834451 299858 ,684599 71584 219419 684724 707168 591391 299858 508223 244874 841267 
658585 630481 549175 94583 472810 542944 89673 664787 86203 63203 ,658585 630481 549175 94583 89673 664787 86203 631537 929714 708672 
112560 64425 738565 83502 404014 796603 276481 844607 803536 876896 ,112560 64425 738565 83502 404014 796603 276481 803536 876896 554980 
79676 450321 175764 781437 924911 662723 107242 195149 16031 184714 ,79676 175764 781437 924911 662723 107242 195149 16031 919481 486641 
446176 667224 446356 639995 826998 891038 905695 43852 654592 655097 ,637348 869582 654563 102523 423637 883294 569487 442355 102965 890060 
875424 661977 362162 809554 395160 669742 219879 886124 843776 237399 ,875424 843776 917117 96656 657267 274382 138417 254867 924129 904268 
171664 191485 257535 909421 256956 842806 885489 924458 769092 851599 ,171664 191485 257535 909421 256956 885489 924458 769092 851599 496767 
742556 948690 884723 440674 363707 466919 616835 532449 242157 468463 ,440674 468463 226087 175122 523307 140065 863406 266926 240230 575294 
814271 911682 799636 897105 286491 987848 82876 537181 107596 311277 ,814271 911682 799636 897105 987848 537181 107596 641084 422259 785705 
348648 64908 192867 463366 939426 938159 73705 576699 372317 753108 ,348648 64908 938159 231094 270174 702617 485154 199410 333012 711425 
213512 609430 40879 786228 528974 83480 388937 470918 894580 201138 ,213512 609430 40879 786228 528974 83480 894580 201138 854483 51281 
634205 766273 913042 700778 555302 570788 202177 565908 506051 226611 ,634205 766273 913042 202177 565908 226611 873663 974327 703888 904872 
32587 685844 533349 973537 96907 395801 754206 123528 299014 823249 ,32587 685844 533349 973537 96907 395801 754206 123528 823249 993675 
286096 858346 597035 464023 415810 13843 884417 252315 242438 69009 ,286096 858346 597035 464023 415810 13843 884417 242438 69009 22725 
928275 980222 405207 189830 593509 596321 345137 507936 608965 556541 ,980222 405207 189830 593509 556541 401718 257608 255290 259541 517045 
853560 640226 910985 849689 666702 104148 444453 962400 994203 444733 ,853560 640226 910985 849689 666702 104148 962400 994203 444733 716841 
439889 989393 439273 199614 189423 65442 722889 689240 421158 722718 ,439889 989393 439273 199614 189423 722889 689240 722718 95532 230363 
498431 929585 267006 479310 797032 265823 922453 908720 634304 627677 ,479310 908720 627677 860504 157137 689683 155661 201001 931498 129796 
483485 482118 233192 326746 682348 948533 511596 259163 359800 162516 ,483485 482118 233192 326746 682348 948533 511596 757579 199273 243423 
502329 72114 2723 441376 875429 661059 368013 796823 469448 458687 ,2723 441376 875429 661059 368013 796823 469448 485263 112846 206721 
971878 613719 789297 47412 833542 49021 913881 856241 235508 192064 ,49021 913881 856241 192064 600809 614294 660672 914157 853112 961788 
254437 667775 640616 59737 892844 632337 110327 641323 884405 842461 ,254437 640616 59737 892844 641323 884405 842461 154763 952396 886407 
110571 199459 419694 289102 963000 557720 920939 442866 855404 469221 ,110571 419694 289102 963000 920939 442866 855404 469221 433485 812250 
502968 736630 77416 78464 934812 95492 92144 90716 343300 546190 ,502968 736630 77416 78464 934812 90716 343300 171759 106822 154694 
695258 149496 779638 14949 813515 409946 167788 540123 138507 161963 ,695258 149496 779638 14949 813515 540123 138507 161963 588873 961767 
571703 192522 512250 315456 519233 449215 110430 427571 659050 178131 ,571703 192522 659050 784882 97245 213165 916982 603056 516073 664588 
652173 909509 986421 786510 433706 550629 694685 649618 204035 654542 ,652173 909509 986421 433706 550629 649618 204035 654542 903813 963904 
392116 381260 512906 740221 454055 682726 359521 182585 739954 305213 ,392116 381260 740221 682726 930710 467690 363562 822157 30344 601753 
108623 273989 489355 550826 196175 67212 840575 419038 161963 115827 ,273989 489355 196175 840575 161963 115827 550559 356458 692670 986479 
233920 224976 861719 143784 328011 381620 275199 808795 237114 123442 ,233920 224976 381620 275199 237114 123442 191509 748806 747085 466234 
504459 702589 197233 119083 414270 291456 630548 695416 958450 400495 ,504459 702589 197233 630548 695416 628584 512550 66959 225485 923493 
966179 714647 764168 607291 398538 27817 401459 738548 748229 131116 ,714647 398538 27817 401459 738548 131116 371531 746318 86411 230525 
364259 811981 58654 535120 305784 205050 266637 79165 195439 810747 ,498248 156311 326354 305782 523355 414690 458644 246626 353734 246575 
632905 645858 719653 632994 732269 514631 225436 305470 360705 345505 ,632905 719653 632994 732269 305470 360705 345505 105495 307916 910794 
933527 416218 370489 194525 46393 851096 492912 465200 227525 518886 ,416218 370489 194525 851096 465200 518886 596698 983724 549257 965662 
727346 463653 726698 748469 225807 254994 685936 822017 798317 529976 ,727346 463653 726698 748469 254994 685936 822017 798317 529976 110583 
986734 517094 857280 772106 997331 842071 36221 542444 843697 746006 ,517094 857280 772106 997331 842071 36221 542444 843697 746006 102131 
685057 478762 973816 306247 670689 517425 262488 339143 281631 525367 ,685057 478762 973816 670689 517425 262488 281631 235635 869215 98462 
236060 356923 859895 716423 8906 515415 100642 947998 602274 316773 ,8906 100642 941052 278692 356513 397428 913727 465142 246021 296374 
427601 285839 116853 96725 97465 726306 850594 94370 330373 364702 ,97465 726306 850594 364702 602270 465838 615704 96917 257145 708799 
201471 152180 142451 271084 916743 789682 384384 193002 575833 886988 ,201471 152180 271084 916743 789682 384384 575833 70125 302363 225345 
503501 291897 684311 607877 337191 294997 732523 351217 567822 487800 ,291897 684311 337191 294997 567822 308191 481855 245153 69448 364319 
780288 671641 152149 597350 542583 16291 720721 809825 264963 548616 ,780288 152149 264963 548616 324878 43073 205671 380774 836183 429563 
570798 27764 790249 649113 2254 815025 229108 920275 909519 816039 ,570798 27764 790249 2254 815025 229108 920275 909519 710780 648430 
533407 474902 828542 480798 651064 629290 223296 722736 71787 613743 ,533407 474902 828542 480798 651064 223296 982896 517425 468496 516786 
905163 206428 614521 611338 15762 653943 113000 990426 970404 115757 ,206428 611338 653943 990426 115757 545743 954259 184892 114894 995283 
778949 503274 613258 89514 589411 574664 28505 81656 498479 462214 ,778949 613258 89514 589411 574664 28505 81656 498479 462214 120580 
684734 62440 608299 22270 469666 536063 536061 321937 428452 23729 ,684734 608299 469666 536063 536061 321937 428452 23729 306507 292354 
871077 229939 622499 415715 470301 931476 912093 138333 863691 30689 ,871077 229939 622499 415715 470301 931476 912093 138333 30689 351494 
885452 474215 789952 755068 459489 386268 448855 612058 593145 78816 ,448855 612058 88280 593676 359388 10412 244223 778449 829502 835634 
547512 224840 871696 210881 336859 974694 241425 900432 174737 502467 ,210881 493233 965583 365034 919362 266322 519458 196926 437899 229687 
589288 193263 807349 769503 366060 347067 808746 36940 944949 414937 ,589288 193263 807349 769503 366060 347067 808746 36940 944949 414937 
907908 509376 457747 933978 928261 750545 349099 75556 2638 700993 ,907908 457747 928261 349099 700993 508791 181016 752605 550035 87186 
870471 584242 535423 343921 230231 668668 577906 261554 355359 199708 ,230231 577906 261554 355359 199708 726321 198180 285626 625550 498655 
471723 991810 911258 567190 322035 632576 733963 616263 645874 417629 ,471723 991810 567190 322035 632576 733963 616263 645874 417629 770656 
802097 593062 573172 110912 962725 995012 590955 34470 709767 873811 ,802097 593062 110912 995012 590955 873811 879502 647385 152180 577029 
533007 262787 494914 263630 461357 666330 491359 468947 166375 862592 ,494914 263630 461357 666330 491359 166375 862592 266028 258488 621796 
969587 128748 963956 402938 285329 550426 302823 554924 75914 419646 ,419646 921068 885212 314970 155417 281773 303594 766330 340531 912892 
547070 724570 323806 221767 508311 600673 675089 564109 246711 413964 ,547070 724570 323806 221767 675089 564109 246711 413964 600671 151653 
497419 239609 539268 441376 969336 2548 599145 402129 63102 465838 ,497419 239609 441376 63102 465838 262467 61860 389192 179596 682093 
251911 852911 332874 730181 377026 358299 76608 973173 394628 697657 ,251911 852911 332874 377026 358299 76608 973173 394628 697657 120755 
975249 457077 20198 710726 510576 861405 563531 795889 541885 123450 ,457077 20198 710726 510576 861405 563531 795889 123450 325548 944169 
436964 842402 53062 99172 986734 899737 921411 781480 938032 58574 ,53062 99172 921411 938032 58574 521890 905272 223943 515325 660176 
228350 302201 500409 252885 634897 2474 213196 501980 801300 424220 ,228350 500409 252885 634897 526574 867933 122278 681795 869187 257001 
161382 53471 57487 287976 39813 57967 250156 478622 721943 120940 ,161382 53471 57487 287976 39813 57967 250156 721943 120940 410791 
834003 44136 685354 672367 698459 68404 400679 68414 16483 29968 ,834003 68404 68414 336761 566318 363576 93934 309443 363592 140914 
332816 900449 973744 290029 87029 841870 942242 931102 687821 620498 ,332816 900449 841870 274902 749905 180018 695868 968185 74132 194282 
856609 987381 44548 844523 956627 66959 973076 203923 226445 458408 ,987381 892908 643091 202537 857685 933968 840229 483750 879247 74374 
305912 497353 530351 279269 503012 60587 633135 156891 502300 663035 ,305912 497353 530351 279269 503012 60587 156891 502300 158295 231230 
377302 563960 172630 856971 199297 494900 22725 955573 853305 260837 ,377302 172630 856971 199297 494900 22725 955573 853305 766915 953545 
959622 558075 911707 211714 827694 657381 189027 425210 643268 643197 ,759467 471727 827633 534589 983678 890338 211428 977189 654477 804686 
572800 88956 640678 839662 936287 901561 955507 572855 994864 28240 ,572800 88956 936287 572855 994864 35631 887048 520510 502297 331329 
777249 518557 363994 254184 254108 351828 356017 253497 694776 26531 ,777249 518557 26531 993778 280488 309252 326875 237287 246716 306909 
136940 954365 115954 168647 605711 416721 355949 135906 656078 530418 ,954365 115954 605711 416721 135906 656078 530418 941147 298838 533713 
227290 340212 273300 379079 56533 762633 982967 89383 647431 891288 ,340212 379079 762633 89383 647431 712588 701647 14305 397166 510852 
942771 787751 808862 609732 209069 653604 102136 208043 767305 103724 ,975847 767768 585052 130156 103600 772119 849134 929347 485324 367739 
127630 683740 60820 872119 61664 311018 857441 170387 924557 65442 ,127630 683740 60820 61664 170387 65442 680222 913343 459525 661085 
736377 653552 526624 193263 506764 532316 944949 149443 417382 156779 ,736377 526624 193263 944949 149443 417382 156779 106498 83603 305352 
728055 664880 928942 127066 725222 571636 173804 129536 272908 944135 ,173804 272908 71249 480697 203278 59018 463761 804693 666177 504253 
669892 151669 753924 70807 705007 734235 143615 408330 336731 478762 ,669892 151669 753924 70807 705007 734235 408330 869215 306649 532425 
616448 409726 668105 75956 173847 813542 223634 196469 486821 840317 ,616448 75956 223634 840317 894167 252043 203582 766013 773726 811781 
842092 879727 598583 973861 632532 675741 620778 728845 710176 758243 ,842092 879727 598583 973861 632532 675741 620778 728845 710176 758243 
405098 125586 459829 397342 16551 282241 177756 573705 659314 364551 ,125586 282241 177756 659314 364551 743503 575053 728476 146323 492736 
996053 103600 758695 444626 852009 890468 877419 666685 650885 103724 ,103600 890468 650885 103724 921805 973861 647603 837827 905978 956677 
208570 100280 521858 351277 17105 548651 504435 84616 636896 534927 ,208570 100280 521858 351277 17105 548651 504435 84616 110739 69665 
157578 325627 487497 547719 173634 515989 133383 630485 181223 466017 ,325627 487497 173634 515989 133383 630485 466017 584917 150754 296881 
710182 842990 842916 259915 491359 90052 848231 347704 813647 725678 ,710182 842990 842916 259915 491359 90052 848231 347704 725678 669051 
486197 58197 697190 980637 881874 943027 135017 640792 455667 899094 ,943027 640792 275336 830725 988388 42109 907640 747605 170171 261202 
221922 206636 22540 465221 353734 509911 430759 699120 222993 322857 ,221922 206636 22540 353734 509911 699120 61219 233361 55362 930781 
83049 85895 732077 696081 254360 699420 971001 859563 593894 85379 ,83049 696081 254360 971001 859563 593894 85379 85527 596110 975701 
678788 190692 947603 746381 919056 984512 889036 857460 130138 722075 ,678788 190692 947603 919056 984512 889036 857460 722075 198546 190633 
527500 188772 353368 367212 998435 105156 343548 998024 30162 495828 ,527500 188772 353368 367212 998435 343548 998024 30162 495828 525043 
758034 569066 759586 758747 569146 569136 568944 143969 758354 569053 ,758034 569066 759586 569146 569136 568944 143969 758354 569053 568875 
704442 324027 702589 835790 18434 195405 121773 357006 760167 590114 ,324027 702589 835790 18434 195405 121773 357006 590114 624705 338569 
784931 815287 522276 638079 525505 29960 95166 337246 723770 815506 ,522276 638079 95166 815506 487392 450653 520730 815286 663727 602996 
18553 696029 290700 750194 801909 179626 984339 168187 268827 969840 ,18553 696029 290700 750194 801909 179626 984339 168187 268827 969840 
57274 761154 998062 213721 386202 853101 851855 606207 812763 996648 ,57274 761154 998062 213721 853101 606207 812763 996648 855426 56237 
732820 64465 434298 9642 704508 202689 371358 259679 524374 481858 ,732820 64465 434298 9642 704508 202689 259679 481858 126653 812231 
280511 98448 352936 76218 343521 431493 463399 389600 848242 519682 ,280511 98448 352936 76218 343521 431493 463399 389600 304258 468528 
498656 240279 110041 333254 762628 924004 613261 353396 408947 353925 ,498656 110041 762628 924004 613261 353396 408947 529811 512880 752847 
643731 656891 944902 641681 814471 907812 442681 656347 409643 793356 ,46135 655732 207980 677500 213065 410767 389201 445517 674287 43302 
17815 763640 573231 303061 121185 573057 494028 810225 801663 546627 ,17815 573231 810225 801663 546627 617927 991312 581615 675596 422372 
69881 224093 452836 989277 513473 480977 975333 758746 353419 998000 ,69881 452836 480977 975333 353419 998000 96754 777641 252482 531559 
312309 348667 863314 559108 841274 801712 882119 381434 880743 434271 ,312309 348667 863314 559108 841274 882119 381434 880743 916609 186614 
722147 750211 122666 751511 483719 484248 728557 395043 929133 147396 ,722147 750211 122666 751511 483719 484248 395043 563642 986399 931183 
142821 614468 461651 526243 182818 32857 965755 828402 394160 693221 ,142821 614468 461651 182818 828402 394160 61638 595876 950010 172717 
552549 484705 706576 696045 754536 571536 415210 906615 874897 825318 ,552549 484705 706576 696045 754536 571536 906615 874897 825318 198376 
474615 394944 527890 58810 21071 334739 359453 17426 748336 369108 ,474615 527890 58810 21071 334739 359453 748336 369108 576635 749335 
600732 328177 569424 780178 51542 901198 521724 338020 768772 151148 ,600732 328177 569424 780178 901198 338020 768772 151148 20908 553478 
175284 321835 496884 95861 31871 683822 707034 771987 89957 596635 ,175284 321835 496884 95861 707034 596635 702937 723992 467415 860153 
951793 128822 590234 31766 282508 153303 818151 469725 298591 828890 ,951793 128822 590234 31766 282508 153303 818151 469725 298591 828890 
508106 201129 206331 754447 483806 193247 522508 695100 696635 997594 ,508106 201129 206331 193247 522508 695100 696635 997594 889186 355830 
966062 294413 388270 618560 494967 568679 115087 531939 734224 744716 ,388270 618560 568679 115087 734224 744716 134811 245813 270887 243813 
984917 317621 290165 946032 299523 339332 981814 129185 918488 471152 ,984917 317621 290165 946032 299523 339332 129185 918488 471152 894658 
162471 991564 373883 675627 257181 374214 589404 710610 756381 82744 ,162471 991564 373883 675627 257181 374214 589404 710610 756381 82744 
600835 723602 747991 691578 235475 5070 863388 200639 218585 364879 ,502460 319747 871606 116138 93629 126763 725540 467604 52195 771987 
668672 600877 351800 509934 699967 453628 464824 404671 193193 338450 ,668672 351800 509934 699967 404671 193193 689008 352310 687591 163727 
891158 945229 221704 324952 221422 227526 688932 686190 938599 983035 ,945229 221704 324952 221422 688932 686190 938599 137844 788368 521848 
206107 683959 601535 748888 17398 668484 69870 168881 264531 732803 ,206107 748888 17398 264531 754852 526979 630101 203759 520565 312754 
29974 68417 525680 780084 510278 348802 685280 825003 140272 69265 ,525680 780084 510278 348802 825003 140272 709117 30006 815356 635559 
251264 833620 831725 655167 140536 347031 712444 994642 829147 481018 ,831725 655167 140536 994642 829147 831651 317715 855057 254620 676020 
748854 812088 948185 881484 324744 249244 831489 325029 295455 16196 ,812088 948185 881484 324744 249244 831489 325029 295455 16196 201121 
621919 539900 795684 998198 826931 60311 790228 590004 936424 99804 ,795684 998198 826931 60311 590004 936424 594708 882972 539875 968119 
528408 610245 739211 511636 523241 158859 214612 297557 808143 284901 ,528408 610245 511636 523241 214612 297557 284901 52945 524566 303584 
369109 314277 751409 293341 510276 273659 319238 343467 510363 153747 ,293341 510363 153747 68510 182082 515688 779709 727491 724541 346959 
449695 893803 401065 540333 301255 775124 774839 447723 763395 616537 ,449695 893803 401065 540333 301255 775124 774839 763395 616537 540531 
174319 560179 88006 80891 306383 525680 348802 86975 292355 754036 ,174319 88006 80891 525680 348802 86975 450185 635559 84907 510278 
807148 805929 863956 563323 266222 644414 787249 455115 218240 957183 ,805929 863956 563323 644414 787249 218240 993958 652573 419167 797926 
33310 836540 413983 365890 441795 222239 32932 108559 777208 283735 ,33310 836540 413983 365890 441795 222239 32932 108559 283735 887665 
511338 703517 502144 17577 502165 226037 796903 529083 683899 732543 ,511338 703517 17577 796903 529083 683899 732543 92448 525541 306384 
576235 858287 703876 358923 809759 573883 983432 575489 227420 436965 ,576235 858287 703876 358923 573883 983432 575489 227420 869572 889608 
192425 226559 25644 146463 392688 452889 889980 182045 523258 954873 ,192425 226559 25644 146463 392688 452889 182045 523258 954873 431547 
566249 350435 40560 80891 105294 566266 517912 75461 350528 92530 ,566249 350435 40560 80891 105294 566266 517912 75461 350528 92530 
852506 789124 189569 947192 830056 815769 618107 878036 117558 144458 ,852506 789124 189569 830056 815769 618107 878036 117558 144458 833308 
756381 755956 756992 946743 751083 676558 761735 913664 767038 374073 ,756381 755956 756992 946743 676558 913664 767038 374073 103655 758384 
629453 629437 173352 681443 937532 773138 124587 486491 518063 518785 ,937532 124587 486491 304287 952000 523455 840828 884496 170550 464204 
60891 491213 43776 202827 225897 948452 489966 21313 943746 411391 ,60891 202827 948452 21313 943746 396243 917537 918986 920546 319250 
483312 67474 170807 224876 706432 15145 771818 60534 951587 945121 ,483312 224876 706432 15145 60534 951587 304213 203352 184994 18829 
906229 616262 217411 445757 191279 189493 428590 568005 654477 760364 ,906229 616262 217411 445757 191279 189493 428590 568005 654477 760364 
490832 340457 386884 559305 881095 575230 772935 189728 459997 997688 ,490832 340457 386884 559305 881095 772935 459997 997688 416688 543437 
548986 351442 935237 127726 204814 25093 577789 783097 680506 518087 ,548986 351442 935237 127726 204814 577789 783097 518087 24013 417931 
733508 532542 169506 724518 502883 293672 337664 33477 397122 429443 ,532542 169506 293672 337664 397122 615560 697898 336732 105405 338266 
867203 699164 601689 813999 455821 172566 833747 464819 560391 323076 ,867203 601689 813999 455821 172566 833747 464819 560391 323076 547242 
393155 268548 263828 263557 224734 371358 196329 384926 495954 405990 ,393155 268548 263557 224734 196329 495954 394971 859937 516362 546050 
854516 826038 768227 824141 769585 857602 768707 224710 854746 919762 ,854516 826038 768227 824141 769585 857602 768707 224710 854746 919762 
878300 714341 821854 79872 426855 517106 31811 310828 421122 936190 ,878300 714341 821854 79872 426855 517106 421122 936190 788684 245183 
400746 396977 720868 99288 559957 690986 292269 280337 452544 365393 ,400746 396977 720868 99288 559957 292269 280337 452544 365393 658845 
649708 175942 283886 146059 881770 861694 96719 763277 612483 629436 ,146059 96719 763277 612483 963760 653942 818094 525303 646661 122249 
515034 630144 200146 195411 514761 670406 791744 731594 536503 133166 ,515034 791744 397379 834038 527375 7405 661070 71341 697971 198044 
755592 756678 445985 443515 627964 756426 207658 604263 446101 666778 ,755592 756678 627964 756426 207658 604263 446101 835173 853346 885193 
306711 546096 97857 520810 497447 616316 31144 790803 807335 279196 ,97857 520810 497447 616316 790803 807335 279196 83036 724263 595803 
175463 810944 504571 634523 170280 723277 355204 242673 88330 293010 ,175463 810944 634523 723277 88330 293010 968435 105128 89704 69208 
821932 474633 729955 337175 292355 547071 86635 297935 638074 995692 ,821932 547071 638074 995692 448552 108201 723253 105066 81708 151252 
284257 662761 152596 530281 389398 15795 397814 55239 703707 336910 ,284257 662761 530281 389398 397814 55239 336910 708767 678612 59311 
349019 271776 692781 71274 938160 172505 195286 333628 707671 224550 ,271776 692781 938160 195286 875101 599593 268955 322028 607278 296973 
963314 969348 752652 509783 425991 683708 921171 58060 174347 156254 ,963314 969348 752652 509783 425991 683708 921171 58060 174347 868508 
459053 515493 942552 967369 148711 528435 464849 977839 406181 608889 ,515493 528435 464849 524805 431654 177262 490423 506723 785030 735834 
441601 540678 761541 105317 269328 534324 94145 684336 46583 441033 ,441601 540678 105317 269328 534324 94145 684336 46583 441033 633440 
98988 647584 846297 677290 583214 647727 919040 647052 305015 271491 ,647584 846297 583214 647727 919040 647052 305015 271491 677343 654604 
404735 760604 190871 25414 567604 568004 568315 835497 568469 140409 ,404735 760604 190871 25414 568004 568315 835497 568469 140409 568734 
558024 838618 873627 749592 651662 567455 835916 778219 835512 132170 ,558024 838618 873627 749592 651662 567455 835916 778219 835512 568581 
798565 21745 374416 407964 532202 709489 62560 359329 72642 619314 ,21745 407964 709489 62560 338598 980025 751713 772266 815193 596302 
276056 504945 364603 685594 107334 417010 927898 551846 88737 459617 ,276056 504945 364603 107334 417010 551846 88737 459617 790814 735034 
823604 832931 601347 605328 836678 389974 988328 846098 105129 429426 ,823604 832931 836678 569409 463817 608409 422552 988040 87395 476796 
845255 900461 208750 854666 894992 988274 544673 623708 596391 505181 ,845255 854666 544673 623708 680777 569657 602844 852823 985392 606822 
190230 824136 715369 569684 909660 552171 654742 44029 443279 216352 ,190230 824136 715369 569684 552171 654742 44029 443279 794427 902877 
960651 238028 861264 443886 170826 795068 670956 670278 881384 291518 ,960651 238028 170826 795068 670278 881384 70732 850615 739193 114307 
394189 242391 104109 687318 102248 843129 220261 846642 10001 859286 ,394189 242391 104109 102248 843129 220261 846642 10001 859286 20466 
708169 714952 752844 202035 902450 16927 826192 254914 594264 515929 ,708169 714952 752844 902450 16927 826192 594264 515929 733246 861092 
392304 287840 307389 727649 489031 844795 316338 519286 956078 353117 ,392304 727649 489031 844795 316338 519286 956078 353117 959302 978082 
384164 255152 919516 254493 144896 255089 246508 559714 764402 376418 ,384164 254493 253148 427492 292383 862170 774168 402717 472187 473700 
862170 537082 581018 359682 92480 310127 60841 255089 412302 287946 ,862170 92480 60841 412302 734401 790780 718564 435675 929442 235664 
354135 783661 383800 901930 300940 234871 86312 246903 904994 665092 ,354135 783661 234871 86312 246903 904994 146525 570857 439259 199046 
861802 67534 131643 908512 113714 217483 401435 431058 63308 70998 ,861802 131643 908512 217483 407125 494766 984971 703110 85054 437558 
725012 677913 727053 215607 481741 539526 361877 329817 955296 919541 ,725012 677913 727053 481741 539526 361877 329817 955296 680790 856108 
559142 423767 6488 707000 855529 896305 823637 763980 685875 207049 ,423767 707000 674665 654463 171422 39822 380237 559923 450001 410435 
406582 572471 901053 373179 479473 446858 852503 655284 207165 817227 ,406582 572471 901053 479473 446858 852503 655284 207165 817227 823562 
568338 844334 342887 989822 466323 598733 184048 492874 199634 993281 ,844334 342887 989822 598733 184048 199634 993281 236683 27878 307818 
856106 868315 876540 9842 947601 787612 861997 785108 546468 921400 ,856106 868315 876540 9842 947601 787612 861997 785108 546468 921400 
658289 68596 219498 615365 760730 885940 615159 615157 761473 350755 ,760730 615159 496918 738530 738535 430646 186326 546755 21263 525127 
458708 543813 453532 452619 662330 776813 599242 611211 237608 843957 ,458708 543813 453532 662330 776813 237608 518361 321968 529602 84336 
196575 810933 194906 199408 560205 763074 865318 84250 722075 129661 ,810933 194906 763074 865318 84250 565819 239335 844314 560238 747368 
843041 191297 441438 396583 80633 14770 880367 522697 956544 874154 ,843041 191297 396583 80633 14770 880367 874154 915760 678980 921400 
708836 150374 755077 431647 401770 96110 559715 670884 202103 429862 ,708836 755077 401770 96110 559715 670884 202103 429862 506291 243623 
858643 296299 773061 421293 746399 280983 498092 950232 882028 541597 ,858643 421293 746399 280983 498092 950232 882028 541597 920208 837803 
844334 568338 402291 101840 22992 282361 280061 752450 911644 27878 ,844334 568338 402291 101840 22992 282361 280061 752450 911644 27878 
708489 619094 131220 400175 394791 593139 462163 729806 659072 565258 ,708489 394791 593139 156302 22339 70051 428916 97107 395763 781828 
975229 548428 368281 91888 976131 672373 91375 520538 958499 31103 ,975229 548428 368281 91888 976131 672373 91375 520538 31103 694167 
976830 960651 885629 249434 58838 960664 910656 363101 920042 3907 ,960651 249434 58838 960664 910656 363101 920042 3907 705243 158565 
192834 522525 79556 43073 612283 518657 68722 175197 261647 517173 ,192834 79556 518657 614913 522342 519830 510313 523040 467095 422983 
22160 176785 774947 229551 799254 381152 68722 204690 354198 465017 ,614913 518657 422983 770382 401209 408533 510313 522342 336970 467095 
158184 854022 279124 740763 380179 427433 515388 112494 352291 307622 ,158184 854022 279124 740763 380179 427433 515388 112494 352291 352615 
982900 824608 824960 639877 45287 275018 881384 232822 660024 825109 ,982900 824608 824960 639877 45287 275018 881384 232822 825109 562356 
794313 522760 941740 420670 191423 699949 500954 281342 465821 501030 ,522760 941740 500954 465821 501030 151364 322034 921539 112289 919524 
210547 274038 82312 300925 522005 321084 955921 197851 168429 548904 ,210547 82312 522005 321084 197851 168429 548904 125911 435839 548133 
190252 44760 152035 485647 631678 554608 683200 593941 832646 379662 ,44760 485647 631678 554608 683200 593941 379662 62250 59056 341271 
315774 343884 729766 45225 535355 851052 721459 888469 663028 685595 ,315774 729766 851052 32624 469399 728376 408593 485630 427439 502909 
786492 104733 734806 500954 292173 501030 840031 320560 30918 953331 ,786492 104733 500954 292173 501030 840031 320560 30918 953331 615416 
735402 974790 695139 456300 248329 70732 732681 489331 768533 929492 ,735402 695139 732681 929492 670278 972846 966146 705243 863598 517443 
184930 421393 92937 567640 472032 769057 39790 98781 222669 944798 ,184930 421393 92937 567640 769057 39790 98781 944798 508820 891642 
797287 952441 761477 27814 147960 145437 761877 374686 853705 676399 ,797287 952441 761477 147960 145437 761877 374686 853705 676399 407182 
911495 833046 654745 481138 922118 845732 397546 616333 628622 197177 ,911495 833046 654745 481138 922118 845732 397546 616333 628622 197177 
449049 907780 647664 557066 644183 717096 874604 425127 906997 429128 ,449049 907780 647664 644183 874604 425127 473768 985822 41643 98926 
678527 43071 678634 490963 124775 582836 984293 479783 994170 4579 ,124775 659812 809541 157803 55308 391370 191252 921772 667099 888319 
620156 991329 191970 651963 715481 802024 646647 233895 374365 978075 ,620156 991329 191970 715481 802024 646647 233895 374365 643629 411237 
34441 382711 471863 545918 36474 119036 27776 687621 504463 454218 ,34441 382711 471863 119036 27776 687621 504463 454218 353976 79317 
901685 127361 620906 278389 868053 292907 109918 667857 572834 872128 ,620906 278389 868053 292907 109918 572834 872128 932248 207592 233056 
357501 394300 612782 781601 943847 912833 118176 475172 284541 149649 ,612782 781601 943847 912833 118176 475172 284541 149649 331996 70730 
631877 523660 66492 617503 85875 294698 15216 192834 221574 489148 ,631877 523660 66492 617503 85875 15216 221574 363105 204283 144096 
526356 381379 616102 240899 2526 921618 940666 51668 949488 195247 ,381379 616102 240899 2526 921618 940666 949488 195247 864858 804582 
768135 102589 870182 655401 218336 216546 709795 602775 411944 770531 ,768135 102589 870182 655401 218336 709795 602775 411944 770531 540223 
486817 358138 80257 79735 241064 939726 197946 290357 412008 9762 ,486817 358138 80257 79735 197946 9762 52719 78946 123673 124350 
83628 306576 83338 869489 122371 663075 86417 87964 159596 517739 ,869489 663075 71735 526298 754891 12616 614712 254299 342645 694309 
733072 789864 732356 315130 63379 343634 392115 6815 805557 960558 ,733072 732356 315130 63379 343634 392115 805557 960558 64156 728847 
673198 159839 389573 943245 415690 574887 284778 544483 217905 946050 ,673198 159839 389573 415690 284778 217905 946050 242342 672833 159671 
876182 948916 166591 925534 132417 711917 720674 303617 517647 780275 ,876182 948916 925534 711917 720674 303617 780275 295742 631654 548286 
935841 664975 524499 678450 777563 536648 748350 160545 305700 488177 ,935841 664975 524499 678450 777563 536648 305700 488177 430599 352220 
889459 481512 923686 366348 487263 410005 437456 510735 690972 103954 ,481512 923686 487263 437456 510735 103954 610019 157916 124196 724466 
881574 666884 444689 846322 544310 191534 648737 639877 445914 826330 ,881574 666884 444689 846322 544310 191534 648737 639877 445914 826330 
258501 991712 57432 767372 39082 615620 45163 554116 381057 642255 ,258501 991712 57432 39082 615620 45163 554116 381057 642255 479499 
196521 944816 477686 160016 606543 490116 821236 255656 812374 947033 ,196521 944816 477686 490116 821236 255656 141166 990046 460031 803544 
738202 590685 739783 328939 876486 361052 926763 947577 612368 271242 ,738202 739783 328939 876486 361052 926763 947577 612368 271242 125017 
712720 547499 601573 245222 729764 292095 303430 36965 624664 698535 ,547499 601573 729764 624664 698535 664337 323589 863898 428167 947281 
604020 225618 457848 634133 753544 527796 711187 682288 185530 27478 ,225618 634133 711187 27478 322393 844679 485647 535539 710011 713388 
749554 305213 223851 191328 435839 10995 274038 837901 18659 635262 ,223851 191328 435839 10995 837901 18659 635262 272811 523976 248210 
605527 891872 427189 775359 775616 781420 450186 602165 178816 736765 ,605527 891872 427189 781420 450186 602165 178816 736765 98987 357257 
552187 632858 864255 677211 492844 187677 632611 869457 688853 587534 ,552187 632858 864255 677211 492844 187677 632611 869457 688853 98867 
274830 874154 272762 246961 842088 331125 396583 416831 852529 566006 ,274830 874154 272762 246961 842088 331125 396583 416831 852529 755248 
764063 104092 147931 788898 939924 476923 978075 422260 410219 936541 ,764063 104092 147931 788898 422260 410219 50802 477242 389537 55810 
246240 987684 759038 735044 295613 489074 470423 617870 455365 522165 ,246240 489074 617870 522165 108573 769495 639107 144093 291777 701843 
922047 823007 8828 492231 211666 521736 737530 16507 631877 987323 ,823007 211666 987323 631521 262305 206893 492945 410004 576686 576768 
555983 715059 71076 286083 979974 951547 21805 619106 530659 369912 ,555983 715059 71076 979974 21805 619106 530659 369912 193765 346936 
978892 730100 226200 907814 566877 552522 444963 951824 597330 645906 ,730100 226200 907814 566877 552522 444963 597330 645906 44737 256991 
457726 8828 122742 649870 852473 415881 567640 825215 796310 303333 ,457726 649870 852473 567640 795642 27132 599159 427946 790919 953302 
965017 68575 509580 321855 293028 111896 281660 389465 298788 532472 ,965017 68575 509580 321855 293028 111896 281660 389465 298788 532472 
569889 616021 80701 439325 904266 789068 429562 160627 363371 414923 ,569889 616021 80701 439325 904266 429562 160627 363371 414923 94976 
534481 706202 337503 941600 514229 488828 434511 432643 429910 450679 ,706202 941600 514229 488828 434511 432643 429910 691334 551671 350722 
84133 985491 798968 590745 125902 763935 458663 81894 673246 990732 ,84133 985491 590745 125902 763935 458663 990732 51197 887463 228142 
225661 281498 452792 735930 92631 581635 603636 509403 465354 950144 ,225661 281498 452792 735930 92631 581635 603636 509403 465354 845789 
49826 890818 286149 643265 682998 784693 247116 960225 733079 398267 ,49826 643265 784693 960225 398267 24808 51912 207474 437084 543432 
964390 539287 539247 127544 664649 492353 428373 584233 343182 803521 ,428544 858943 374703 860670 356197 407139 110981 11793 936234 717066 
605019 409425 259303 490610 718479 588317 464634 326223 558862 776127 ,605019 409425 490610 718479 588317 326223 558862 891776 414848 777829 
583679 70551 30301 836319 222673 548503 105368 30386 599068 661486 ,583679 30301 836319 548503 105368 30386 599068 420692 337095 523318 
140707 414116 546603 809541 993624 885297 75192 639941 664048 636294 ,140707 414116 546603 993624 75192 639941 664048 782307 188664 341475 
351108 293695 976131 694167 167601 548428 715456 368281 770753 686708 ,351108 293695 976131 694167 548428 368281 770753 686708 95172 365339 
41668 476849 654057 151719 861480 783714 49800 971969 683073 895751 ,41668 476849 654057 861480 783714 49800 683073 895751 207165 363958 
848699 996449 716873 443925 659977 444600 826438 207007 444332 581381 ,848699 26136 824480 55243 566953 544312 49797 853880 811613 853422 
850811 824714 824486 823244 601518 423637 421731 442404 442759 655232 ,66834 654463 757171 674665 422916 39822 446245 453873 676974 421541 
315308 377269 230050 659596 409916 8072 161782 646358 685700 733651 ,377269 230050 659596 409916 8072 161782 646358 685700 733651 294958 
766097 148419 114333 796684 316691 234133 986449 884643 676399 383274 ,946648 984715 582239 148941 166825 582334 984093 374703 735136 851043 
471979 526490 414319 649065 622358 648023 763470 534701 227020 650192 ,649065 162516 648504 648092 685554 881160 498183 806868 422892 83718 
610537 967424 749592 496093 838618 161492 56137 591088 404796 826902 ,610537 967424 749592 496093 161492 56137 591088 404796 826902 651662 
55953 701069 397732 964573 189061 337294 948843 134901 108453 235664 ,701069 397732 189061 948843 134901 332619 427330 518910 305131 292592 
480330 538940 561059 481284 441438 523525 223520 423666 564645 309753 ,480330 538940 523525 423666 309753 733939 58734 868232 956451 61054 
188178 713148 974586 408986 789194 978751 96225 420381 746569 54611 ,188178 713148 974586 408986 789194 978751 96225 420381 746569 54611 
685552 560326 437192 122231 560193 599084 524284 498206 4941 525027 ,437192 122231 560193 524284 498206 4941 560301 600991 472901 797667 
749960 170159 226574 17213 635121 813692 857277 874402 104683 608355 ,17213 857277 608355 866315 538940 991325 733939 861996 876871 251819 
430961 231437 684051 631833 504034 379761 382533 496488 3674 430631 ,430961 231437 684051 631833 504034 382533 496488 3674 518919 122737 
455958 783540 486408 880855 121589 289497 438424 267542 751157 880661 ,455958 783540 880855 121589 289497 438424 267542 751157 880661 725037 
75460 560194 100498 52015 601057 372402 560302 372370 785420 176859 ,560194 100498 52015 601057 372402 560302 372370 176859 658903 496488 
639434 134983 735300 113731 397438 629187 999443 168322 416478 721695 ,639434 134983 735300 113731 397438 629187 999443 168322 416478 721695 
903896 870333 426401 832431 191025 732500 14913 223790 960336 251819 ,903896 870333 832431 732500 14913 960336 251819 191084 704225 11219 
380010 282016 517799 428108 69718 344299 684860 382568 987019 74876 ,380010 517799 428108 69718 344299 382568 987019 74876 75834 845399 
106496 603625 58762 69585 235067 990910 913822 69029 516949 396332 ,106496 603625 58762 69585 990910 913822 69029 516949 744749 704662 
768174 952346 447000 446452 952480 534413 534415 191227 752084 949151 ,768174 952346 447000 446452 952480 534413 534415 191227 752084 949151 
806702 931661 93489 61899 983067 628676 751631 629643 90066 200174 ,931661 93489 983067 628676 751631 629643 200174 631785 749960 532243 
278674 708719 292192 243182 291979 803951 52603 611410 609691 126008 ,278674 708719 292192 243182 291979 803951 52603 611410 609691 126008 
497285 411211 166363 188594 544813 11774 888741 327031 814342 866641 ,497285 411211 166363 544813 11774 888741 327031 866641 450662 294814 
858350 432196 933652 281169 76389 14286 842452 425073 378214 698260 ,858350 933652 76389 14286 425073 378214 973174 88213 499797 927881 
364107 291972 723892 859364 109409 291896 904267 240761 337416 170090 ,364107 723892 859364 904267 240761 337416 170090 321849 791864 705470 
840348 72402 439906 802812 126359 152035 122977 195127 515246 467515 ,840348 72402 152035 122977 195127 733520 184713 91225 429434 132259 
247282 529583 807047 380283 184976 736001 141068 274372 578022 361340 ,247282 529583 807047 184976 736001 274372 578022 374311 855695 485981 
905791 889095 832993 915676 861996 191023 905058 430606 885694 960653 ,905791 832993 915676 861996 191023 430606 885694 960653 598749 512000 
447000 446928 446680 375333 375445 607514 448024 446848 758954 768010 ,447000 446928 446680 375333 375445 607514 448024 446848 758954 768010 
524222 73777 297280 977597 339099 500070 202250 268402 10745 646109 ,524222 73777 297280 202250 988994 20447 344540 549441 477883 961948 
889258 244564 536374 360550 916703 510081 262081 499351 563742 115259 ,244564 536374 360550 916703 510081 262081 115259 498834 692184 882726 
536116 5745 536071 202176 42487 38014 571582 946600 410545 770518 ,536116 5745 536071 202176 42487 38014 571582 946600 410545 770518 
918797 730441 852582 741327 538974 780535 598762 872410 61034 633608 ,918797 730441 852582 741327 538974 598762 872410 881013 60421 500767 
917117 246971 407719 533089 270238 377557 892096 436653 560928 693876 ,246971 533089 377557 892096 560928 491907 728364 836741 208422 758016 
725890 503814 193563 283153 258070 572235 242179 668862 688828 233427 ,725890 503814 283153 242179 668862 465823 796705 116966 725 532174 
513639 94039 441398 408776 127797 412313 470431 96650 927692 687904 ,94039 441398 408776 127797 759717 409783 564411 85447 587241 27500 
891417 138287 41467 891636 54937 5232 57622 536215 445017 191095 ,891417 41467 891636 5232 57622 445017 423957 688370 427051 929249 
881784 204739 103186 57359 44631 472012 897033 850313 559019 639901 ,204739 103186 57359 44631 472012 850313 559019 639901 48802 476922 
680246 867740 270873 406015 223529 853627 995343 205261 911709 878372 ,680246 867740 270873 406015 223529 853627 995343 205261 911709 911271 
812653 328060 854804 518315 896118 399459 396322 805937 981151 120133 ,328060 518315 396322 805937 843054 748679 358985 558264 787271 648554 
216234 701091 639479 970905 768538 537716 617773 831736 656687 824759 ,216234 701091 639479 970905 768538 617773 831736 656687 824759 102832 
191023 650755 903896 846686 190533 849194 191084 854217 832993 443005 ,191023 650755 903896 846686 849194 191084 854217 832993 443005 934593 
445888 447290 446229 447394 446142 446184 39068 447040 785514 445380 ,445888 447290 446142 446184 447040 446624 788001 445721 769996 191345 
765178 828629 674794 881924 339450 830141 647896 765680 849905 191097 ,828629 448139 541453 667525 826151 476949 768326 655300 480164 827373 
390779 878824 545096 653016 931991 462723 612019 314272 200292 849915 ,390779 878824 653016 462723 612019 314272 200292 849915 895233 455475 
801820 688745 230346 342917 570606 980243 27624 702072 484030 486898 ,801820 230346 342917 570606 27624 702072 484030 486898 551898 559150 
423143 457112 68256 558221 861248 182450 896186 646389 187476 552105 ,423143 457112 68256 558221 861248 182450 646389 187476 397818 698260 
718064 817336 768598 913722 473477 370709 44993 737930 106536 453968 ,718064 817336 913722 370709 44993 737930 106536 995772 265757 700259 
551547 601317 518661 192673 281294 520209 223562 971465 124044 86415 ,601317 518661 192673 281294 520209 971465 124044 86415 549441 264714 
430864 721292 466663 615582 181255 152275 292155 82918 122963 942779 ,430864 721292 466663 615582 152275 292155 82918 122963 518639 467849 
613651 13751 762265 488561 623714 331219 438424 865651 902457 341427 ,13751 488561 438424 902457 553619 953010 971079 341324 620248 149699 
807145 360160 142584 277007 323617 521057 749355 298954 27936 46854 ,807145 360160 142584 323617 521057 298954 27936 46854 694123 259911 
727766 812417 55408 32597 482936 646139 510806 484266 161776 294960 ,727766 812417 55408 32597 482936 510806 161776 435396 153229 613991 
491487 65361 204787 554427 565811 707643 406151 728950 605987 629917 ,491487 65361 204787 565811 707643 605987 629917 338447 110330 254484 
528913 535892 53260 317478 808472 724783 963822 765129 511075 74881 ,535892 317478 808472 724783 963822 765129 74881 553486 726239 231191 
980153 137626 811631 161906 855492 835100 830464 409892 976782 836375 ,980153 811631 835100 830464 836375 981362 899860 874388 112386 178094 
65984 753150 463229 284372 681158 340266 562120 222229 224682 282220 ,65984 753150 463229 284372 340266 562120 222229 224682 282220 876395 
562800 323978 282024 132056 588837 254105 254818 246516 279676 599775 ,323978 282024 132056 588837 254105 246516 279676 401335 513950 988074 
500928 493152 286157 492067 875063 908344 254626 495640 400970 513657 ,500928 493152 286157 492067 875063 908344 513657 914359 77840 410994 
795356 915187 559179 215996 559198 638068 421092 45985 37774 790645 ,915187 559179 215996 559198 638068 421092 45985 37774 790645 100474 
224342 496568 844830 224194 887813 269798 932817 199883 962017 377628 ,224342 224194 887813 199883 377628 628347 226599 377483 193031 110280 
236707 934300 591708 1548 902891 307088 126970 55476 945355 489366 ,934300 591708 1548 902891 126970 55476 945355 105526 774637 279354 
478685 368479 537533 771431 646139 30021 407077 920620 866624 430227 ,478685 771431 646139 30021 407077 430227 506738 153229 101887 536595 
840586 390601 13961 778508 596536 841215 920586 336044 270090 813658 ,840586 390601 13961 778508 596536 841215 336044 270090 813658 100737 
724352 877893 845399 947561 943397 919745 258150 761423 821386 679398 ,877893 845399 947561 919745 258150 679398 86452 884053 704911 460953 
94807 935790 794456 114014 113573 777543 513548 607846 10543 146837 ,94807 935790 794456 114014 113573 777543 513548 607846 10543 146837 
275870 223321 686328 475063 666595 488730 597158 357185 277358 391263 ,275870 223321 686328 475063 666595 488730 597158 277358 391263 515632 
750073 463169 967727 659547 67229 376978 523609 227252 397319 601317 ,227252 601317 16878 11120 310486 811854 971465 381485 218372 279902 
882666 557240 365389 801493 63050 825333 124129 270105 771776 20600 ,771776 258438 384454 988741 128473 62364 948901 96815 411401 55408 
573025 589134 95039 234909 202171 741636 814934 281159 678056 583818 ,573025 234909 202171 678056 517103 684427 768773 266261 301606 699319 
172365 887214 93596 298166 802067 813645 722975 567278 551904 946022 ,172365 93596 802067 813645 722975 740268 427817 860569 83725 204113 
846720 807636 559019 38752 340338 896305 718126 207628 681958 567981 ,896305 640086 851234 449220 39161 923981 207103 840822 191345 654857 
859306 58051 987295 514591 133336 762367 246386 497162 561591 869938 ,859306 58051 987295 514591 133336 762367 246386 497162 561591 869938 
528957 631833 546389 71331 514163 293673 105754 30486 501009 91981 ,631833 546389 71331 293673 91981 270363 83791 631202 723456 292578 
173027 493039 664519 826111 268137 681615 293567 437390 498470 512438 ,173027 493039 664519 826111 268137 512438 438115 884538 25071 841848 
701082 272691 966230 236220 966162 268137 415392 272301 194090 451501 ,701082 272691 966230 236220 966162 415392 272301 194090 941461 209166 
522580 305224 351862 268421 59625 728118 679310 725131 926864 271378 ,725131 271378 275646 685124 505283 455775 551878 138119 451816 188425 
50812 62711 54142 753659 814221 497161 445845 826519 860908 600429 ,50812 54142 753659 814221 445845 826519 860908 600429 963645 925192 
808787 782784 247135 910793 783350 688953 247139 843344 141145 80055 ,808787 910793 247139 843344 534557 787394 792175 484501 24393 79612 
477009 986667 816786 711135 248991 945352 886237 26072 365176 572448 ,477009 711135 945352 26072 365176 572448 291229 635601 571837 584133 
172327 798337 689867 144357 414402 842530 17958 450461 401129 575929 ,172327 798337 144357 842530 17958 450461 401129 575929 720837 127249 
795280 424949 33262 293637 21664 400300 403537 209254 175351 720837 ,795280 424949 293637 400300 403537 209254 175351 720837 495524 31689 
263917 547350 55790 122231 417006 121372 600991 422129 30279 805451 ,547350 55790 122231 121372 600991 422129 30279 805451 177043 216728 
528837 420874 199848 84429 730859 733004 75460 951060 827605 531189 ,528837 730859 239396 502820 703737 690017 459868 94481 193307 233081 
847272 103013 444548 799599 899058 927953 102788 640953 795336 471759 ,847272 103013 444548 799599 899058 927953 102788 640953 795336 471759 
365158 667630 388967 347500 811533 952545 989881 974594 857565 575379 ,365158 667630 388967 347500 952545 989881 974594 857565 364159 275140 
340036 557614 488390 388953 763234 370626 954267 223538 677604 725087 ,488390 388953 370626 954267 677604 725087 892241 900263 129169 121345 
130156 960090 973994 62537 545320 431045 206844 224448 738451 835142 ,130156 960090 973994 62537 545320 206844 224448 738451 21736 170159 
821693 305058 369218 768767 490641 585778 271383 423431 168694 732394 ,305058 271383 423431 532862 300240 434564 98699 30485 953198 989841 
30866 713560 629141 694932 831802 326691 381930 338434 678780 713555 ,30866 713560 629141 694932 831802 326691 338434 678780 713555 432480 
633475 23768 23873 290765 906922 429203 60368 813645 713642 800257 ,633475 23768 23873 290765 906922 429203 60368 813645 713642 800257 
819335 819666 694945 146383 824937 609652 181681 652979 751350 683093 ,819666 146383 609652 652979 751350 683093 974926 392941 466335 679452 
846844 856383 849194 853627 443810 854354 854973 969105 877710 846686 ,846844 856383 849194 853627 854354 854973 969105 877710 846686 756110 
496644 341375 345224 563960 38206 519223 414060 110564 38346 144638 ,496644 341375 345224 38206 519223 414060 110564 38346 144638 379615 
777484 570841 219029 203455 702503 143052 436174 968722 940085 440607 ,570841 219029 702503 143052 436174 968722 940085 440607 945493 988772 
379150 410413 187946 379743 376537 580282 901360 426422 269304 478855 ,379150 410413 187946 379743 376537 580282 901360 426422 269304 478855 
152974 55571 124273 661572 572750 23618 920792 291492 973831 246564 ,152974 55571 124273 661572 572750 23618 920792 291492 246564 383801 
756450 601893 666965 657309 512777 544446 996698 541340 443242 979589 ,756450 601893 666965 544446 443242 979589 25742 664508 104241 45335 
373777 838744 590456 662414 974873 776634 575781 131478 207774 660159 ,373777 838744 590456 662414 974873 776634 575781 207774 660159 404794 
835439 836253 698884 554925 912306 983917 801280 473989 299955 874177 ,836253 554925 912306 983917 801280 473989 874177 734271 554874 498875 
407557 437888 4941 437455 528918 343962 815639 130585 745741 120557 ,407557 437888 437455 130585 14494 197275 370865 733164 844406 453863 
133336 278558 800654 223991 987295 514591 931595 859306 224342 219620 ,133336 278558 800654 223991 514591 931595 859306 224342 887813 909245 
322727 414989 237330 292523 246501 126793 503894 454723 242627 502237 ,322727 414989 237330 246501 126793 502237 491800 488742 232303 338199 
36395 546696 616995 554418 381061 575274 554115 388781 542188 346450 ,36395 546696 616995 554418 381061 575274 554115 388781 542188 378872 
83680 479509 797800 504462 943054 696751 85456 685622 610487 385747 ,479509 797800 943054 85456 610487 385747 149584 307517 528169 65891 
299193 982659 996698 303608 102944 217290 190824 910383 400132 554013 ,299193 102944 767386 558756 608991 343877 793374 56913 327429 977498 
392492 166092 738069 206476 349829 26962 58734 293731 578580 219227 ,392492 166092 738069 206476 349829 26962 578580 219227 749890 176307 
110091 223531 68926 939212 254473 869751 522995 225129 538930 334822 ,223531 667793 830837 480965 431301 840874 251662 470216 552004 877062 
736634 543204 223321 897287 540984 36294 182932 360151 142967 825221 ,736634 543204 223321 897287 540984 36294 182932 360151 142967 64386 
224616 190621 191084 19121 996895 919503 884133 963071 963474 287632 ,19121 884133 963071 608354 226186 681791 443005 877017 930433 191905 
802433 783844 828609 738072 784658 137853 725430 755954 703326 168322 ,802433 783844 150981 50177 35200 146855 291285 136172 747853 416814 
25323 901720 647216 446518 878197 234014 477360 269685 888276 286978 ,647216 269685 286978 829085 591427 882420 359570 56709 639081 130073 
527064 426331 208461 479838 787575 476655 868107 514118 713865 472376 ,426331 868107 429498 336857 176859 323197 584227 208499 628594 151175 
982149 820274 685110 832076 766488 776871 566472 264503 959605 134724 ,982149 685110 832076 766488 776871 566472 264503 959605 682033 989934 
659420 796325 187842 317653 281545 664243 77029 110577 803911 965067 ,659420 187842 317653 281545 664243 110577 803911 965067 543664 33233 
443005 849194 442830 832993 912762 49970 544643 444352 191393 885694 ,443005 849194 442830 832993 49970 544643 444352 191393 885694 876810 
612481 374028 999166 672395 192264 672536 834041 613723 6207 820164 ,612481 374028 999166 672395 192264 672536 834041 613723 6207 820164 
58002 883120 474489 376759 13086 703274 867740 906156 270873 542075 ,58002 883120 474489 376759 867740 906156 270873 542075 181372 205261 
78001 863520 313913 286819 570775 419651 310442 313391 153953 791462 ,313913 286819 570775 791462 511092 265262 329853 899247 999913 291490 
489343 912151 227008 141018 452362 533516 670044 206657 461804 290873 ,489343 912151 227008 141018 452362 533516 670044 206657 461804 282130 
986949 862033 60421 932867 863714 667715 736281 316563 668787 136467 ,986949 862033 863714 667715 736281 316563 136467 382733 19830 225601 
716581 772070 967477 161613 713728 754076 428016 495412 82971 323197 ,495412 82971 557180 305110 188075 351083 607057 496875 20764 22250 
114445 744421 166100 313390 412388 108330 324579 562492 219981 646506 ,114445 744421 166100 313390 412388 108330 324579 562492 646506 113883 
97230 175483 98462 280995 841036 600997 263269 841170 336821 203272 ,98462 600997 336821 749119 718879 305842 157431 795126 122963 15836 
324558 459860 906835 153577 453753 523736 432610 707440 945003 311137 ,324558 459860 906835 153577 453753 523736 432610 707440 945003 483518 
705232 116194 242233 975800 932527 845813 704356 704983 833184 265100 ,705232 116194 242233 975800 932527 845813 704983 992841 176133 666259 
610272 182020 275110 989928 496098 783894 164003 990358 399288 174539 ,610272 182020 275110 989928 783894 164003 873979 298575 466415 565531 
677247 23768 23873 854331 210997 192441 800257 762079 610340 674225 ,23768 23873 854331 210997 192441 800257 762079 610340 674225 534732 
268137 393108 773712 965958 595476 906929 225507 889964 749722 79098 ,773712 595476 749722 79098 679614 858888 217190 225421 526473 879749 
912702 652460 24848 716460 905853 569161 906109 654705 423910 425722 ,912702 652460 24848 716460 905853 569161 906109 654705 423910 425722 
142729 555232 863655 768130 759197 871829 448139 447223 447631 673861 ,142729 863655 768130 759197 447223 447631 673861 447802 447831 373743 
833288 278830 990983 652582 588837 277541 525610 847240 215651 392038 ,833288 278830 990983 652582 588837 525610 847240 215651 392038 911151 
646139 468168 703617 924214 789357 98462 506738 605459 164232 802812 ,646139 468168 703617 924214 789357 98462 506738 605459 164232 802812 
16412 355179 936319 736230 271049 471743 381770 331770 441706 636673 ,16412 355179 936319 271049 331770 636673 405595 708358 357520 597768 
403232 811063 784301 52314 188165 752758 282823 546823 641211 83571 ,403232 811063 784301 52314 188165 282823 546823 641211 83571 81964 
140129 604369 735955 829831 972781 990301 243887 837590 481846 171502 ,140129 604369 735955 972781 990301 837590 481846 222511 941393 35343 
777180 351862 93648 602440 736272 365007 876300 896803 654769 256383 ,351862 93648 602440 736272 365007 876300 896803 256383 906745 434535 
5850 8540 8958 308007 338444 516322 826730 599580 833018 103442 ,8958 338444 516322 631362 384454 968778 940713 942417 227946 255571 
301789 572303 907687 865582 414840 329733 887499 407197 999347 696155 ,301789 572303 907687 865582 414840 329733 887499 407197 999347 696155 
832644 720574 790813 514248 20828 236944 527163 366525 433916 273372 ,832644 720574 790813 514248 527163 433916 634742 298302 258584 452198 
917166 145741 162302 101696 915174 781230 709205 779772 452968 829413 ,917166 145741 162302 101696 915174 781230 709205 779772 452968 829413 
48500 48420 468823 543866 408272 813236 89645 813643 218198 898821 ,48500 48420 468823 408272 813236 89645 813643 218198 165957 570856 
630542 836825 749261 585618 954267 106335 798457 678327 341552 530347 ,630542 836825 749261 585618 954267 798457 678327 341552 530347 222408 
694798 336642 454777 755858 173961 777047 953644 96268 459868 169775 ,694798 336642 454777 755858 173961 777047 953644 96268 459868 169775 
464888 473545 305611 302346 503737 188864 433584 627915 471027 880954 ,464888 473545 305611 302346 503737 188864 433584 471027 472992 385898 
886398 197856 183845 985632 381414 11367 915617 49984 996994 858157 ,11367 915617 858157 856757 919272 10311 730816 522163 545310 806768 
430515 585447 683874 911030 472963 840579 932431 122616 617927 868730 ,430515 585447 683874 911030 472963 840579 932431 122616 868730 459545 
226969 432862 157114 522306 103379 860667 748656 723481 878038 481072 ,432862 157114 522306 103379 723481 878038 481072 346615 797417 219448 
760364 862524 477612 42678 476661 982667 246619 207788 447181 112374 ,760364 862524 477612 42678 476661 246619 207788 447181 112374 427134 
567708 380284 872847 857268 473035 601355 184711 69193 305220 301889 ,567708 380284 872847 857268 473035 601355 184711 69193 305220 301889 
264499 607830 765273 25760 577601 763460 413932 718873 303771 192427 ,264499 607830 765273 577601 763460 413932 718873 303771 207571 207529 
137582 493603 266861 570523 541835 646234 744716 186832 543231 395105 ,137582 493603 266861 570523 541835 646234 744716 186832 543231 395105 
964981 525007 338060 523446 753504 634133 947242 19455 718138 169051 ,964981 523446 169051 440363 88007 615999 129288 547862 823538 514539 
775960 676000 755652 215876 621789 974373 448885 773399 310421 213369 ,676000 755652 215876 974373 448885 773399 310421 942643 818607 24533 
262029 306845 23764 36298 227837 352524 497424 363391 278876 364319 ,262029 306845 854895 452900 297618 247057 559918 217316 95416 809503 
376657 228658 31427 741290 778529 488953 198577 769269 42149 473048 ,376657 228658 31427 741290 778529 488953 198577 769269 42149 473048 
502318 280359 278800 499141 94426 804060 496059 391757 246529 151472 ,502318 280359 499141 94426 804060 496059 391757 246529 151472 528775 
730775 916190 248475 710489 607057 68919 549382 400701 509282 518504 ,916190 248475 710489 607057 68919 549382 400701 509282 809945 991872 
105473 965773 504044 26283 185459 123721 168906 59953 194015 267427 ,105473 965773 504044 26283 185459 123721 59953 194015 267427 966777 
594148 594622 917070 69909 709282 594869 582054 842271 266212 869398 ,594148 594622 917070 709282 582054 266212 869398 843006 947172 223656 
178415 45447 975704 76386 725823 864441 66008 219690 15427 32093 ,178415 45447 975704 76386 725823 864441 219690 15427 469087 725288 
204246 739596 140780 146896 668363 628715 970707 897102 283552 181918 ,204246 739596 140780 146896 628715 970707 897102 181918 455118 382675 
316210 180396 209723 930391 941307 703585 692150 85883 17178 679952 ,813929 64151 197149 919306 19329 226060 285719 270670 883960 932431 
974413 989898 103872 998738 854335 546870 847467 990162 855029 443336 ,974413 989898 103872 998738 854335 546870 847467 990162 855029 443336 
655434 994826 768192 657153 655507 655102 667048 442340 536574 445981 ,655434 994826 768192 657153 655507 655102 442340 536574 445981 656432 
46914 54919 93590 46349 157108 679287 736952 683966 616719 45600 ,93590 157108 616719 640838 640780 501001 640498 410413 442063 486694 
640257 640401 40054 673367 994879 423205 906422 448760 791728 40402 ,640257 640401 40054 994879 423205 906422 791728 40402 833134 215783 
722512 14791 968058 912011 564333 899429 912273 902550 912647 202614 ,722512 14791 968058 912011 564333 899429 912273 902550 912647 202614 
246509 447134 254232 283827 326054 281410 427141 279228 462009 958950 ,246509 447134 283827 281410 427141 462009 958950 540392 292760 44729 
645158 188786 350378 43761 69209 158550 282577 313894 941504 923213 ,645158 188786 350378 43761 69209 158550 282577 313894 941504 923213 
398763 780524 802297 957901 338706 379539 261496 7039 181563 968347 ,398763 780524 957901 338706 379539 261496 181563 968347 665367 232669 
265432 194434 281809 604547 142858 517542 942195 154060 171580 588442 ,265432 194434 281809 604547 142858 879759 225662 880092 940723 541442 
673987 162748 673081 552430 534491 680717 877603 540455 539790 315672 ,673987 162748 673081 552430 534491 680717 877603 540455 539790 315672 
558695 520759 558515 140903 102067 130904 112374 476661 109170 654759 ,558695 520759 558515 140903 102067 130904 112374 476661 109170 654759 
414247 638072 382300 30530 796052 117494 629903 946903 311947 799560 ,414247 638072 382300 30530 796052 117494 629903 946903 311947 799560 
837758 890662 819630 799976 444891 844837 996417 765167 666687 244784 ,837758 890662 819630 799976 444891 844837 996417 765167 666687 244784 
302219 813778 589460 375274 763405 777399 11084 130124 836059 651848 ,302219 813778 589460 375274 763405 11084 130124 374537 944897 336085 
393653 130108 875325 569106 387706 739794 396473 70494 702750 116837 ,393653 130108 875325 569106 387706 739794 70494 702750 116837 77771 
227125 563983 547301 885858 725448 708751 566136 967336 425145 867729 ,227125 563983 547301 885858 725448 708751 566136 967336 425145 867729 
43447 535484 103783 944882 799338 708861 439837 203440 464353 848627 ,43447 535484 103783 944882 799338 708861 439837 203440 464353 848627 
754705 896000 214219 457504 864652 419485 474958 339669 896128 704935 ,754705 896000 214219 457504 864652 339669 896128 704935 872966 805572 
447904 604296 151383 826333 423479 893323 448105 44474 50551 913313 ,447904 151383 826333 423479 893323 448105 44474 50551 913313 427276 
695685 552214 460963 943645 97894 316942 733492 733358 135943 742822 ,695685 460963 97894 316942 733492 733358 742822 146561 793423 328983 
65468 718234 818342 528296 505599 510700 334147 277400 774042 38157 ,65468 718234 818342 528296 505599 510700 334147 277400 774042 38157 
203881 396678 997146 560945 478728 269333 270874 99523 512441 22746 ,203881 396678 997146 560945 269333 270874 99523 22746 224457 170217 
923948 75956 556077 619511 918842 842271 594869 966269 66076 399244 ,923948 556077 619511 918842 594869 966269 66076 399244 69909 888561 
286648 408084 230607 684195 684232 69291 150983 242413 254806 870355 ,286648 230607 684195 684232 69291 150983 242413 254806 870355 356448 
272151 449715 271917 490160 207809 823021 994367 548660 818864 94053 ,272151 449715 271917 207809 823021 994367 548660 818864 94053 63659 
708275 971415 219918 843656 219968 16062 967851 845048 223544 944294 ,219968 944294 274366 555949 670092 399484 393386 56520 960266 452689 
972350 380215 823432 43923 501229 94181 209473 366824 254335 546223 ,972350 380215 823432 43923 94181 209473 366824 254335 546223 845168 
942614 369321 352524 416960 487700 584408 931631 549012 670712 469665 ,369321 352524 416960 487700 584408 931631 549012 670712 469665 106478 
680437 255640 419616 546617 255397 637649 684720 893298 896507 854714 ,680437 255640 419616 546617 255397 637649 684720 893298 854714 687870 
825747 219559 895936 793670 539013 851450 826789 626720 609799 970883 ,825747 219559 895936 539013 851450 826789 626720 609799 970883 104028 
879728 752347 918842 203665 12953 595867 157130 916338 919312 59454 ,203665 157130 482018 887287 405580 910820 900772 940635 546631 856219 
719261 903173 684145 292009 279466 544354 973014 321615 396939 350893 ,719261 684145 292009 279466 544354 973014 321615 246593 467681 174757 
53347 769639 699604 351095 524270 305854 503737 741399 264274 83377 ,53347 769639 699604 351095 524270 305854 503737 741399 264274 83377 
599696 491531 991551 198916 348403 200781 767814 334006 460989 263142 ,599696 491531 991551 198916 348403 200781 767814 334006 460989 263142 
863274 913279 993375 927593 603804 602252 284839 354727 886939 538638 ,863274 913279 993375 927593 603804 602252 284839 354727 886939 538638 
970511 614815 250328 852252 1346 767781 418528 260420 211315 357764 ,970511 250328 852252 1346 767781 260420 211315 357764 414301 677058 
363194 419485 416733 479177 612219 32777 477772 410994 63195 704719 ,363194 419485 416733 479177 612219 32777 477772 410994 63195 629494 
648589 102065 608773 675103 672292 638683 776858 828642 661071 910021 ,648589 102065 608773 675103 672292 638683 776858 828642 661071 910021 
523532 621273 183923 426294 506922 611906 617720 954180 48510 7143 ,523532 621273 183923 426294 506922 611906 617720 954180 48510 7143 
498433 60299 65114 86654 803868 414427 631866 759123 726960 844390 ,664602 524511 631772 411912 459530 828726 944704 678237 23207 407084 
976050 572983 404605 805062 767548 404753 998997 989742 948044 984342 ,976050 572983 404605 805062 767548 404753 998997 989742 948044 481737 
615684 400468 178156 911616 616638 206271 6178 65538 289274 127450 ,615684 400468 178156 911616 206271 6178 65538 289274 127450 45841 
354376 919125 686794 501943 496033 468484 683031 550044 202847 587716 ,501943 496033 468484 683031 202847 842505 731439 794201 683026 599577 
504714 424045 904172 90275 692141 885257 473512 165929 867561 679577 ,504714 424045 904172 90275 692141 885257 473512 165929 867561 679577 
348803 348831 603410 514099 964710 177028 95777 4737 599062 509282 ,348803 348831 603410 514099 964710 177028 95777 4737 599062 509282 
619332 469366 721882 805918 277934 934076 843627 486326 619511 370315 ,619332 469366 721882 805918 934076 843627 619511 370315 879959 12290 
40232 231494 559604 559727 416521 473035 690464 521743 736596 691710 ,40232 231494 559727 473035 690464 521743 736596 691710 721028 494156 
820761 993795 553723 903404 85690 438447 643375 986055 884809 389270 ,820761 553723 903404 85690 438447 643375 986055 884809 389270 936657 
757033 667766 939213 702995 486077 795395 885506 830953 861378 540445 ,757033 667766 939213 702995 486077 795395 885506 861378 540445 611133 
725574 507959 884097 875353 896849 592710 620813 236804 545507 625332 ,725574 507959 884097 875353 896849 592710 620813 236804 545507 625332 
936424 766203 542958 159053 961643 313053 618876 514225 362969 355019 ,936424 766203 542958 961643 313053 514225 362969 576223 586233 374308 
877755 304415 745783 238197 851688 48510 264944 642597 183923 954180 ,877755 304415 745783 851688 48510 264944 642597 183923 954180 506922 
754386 852693 491180 185212 188315 333828 852706 829853 189646 526838 ,754386 852693 491180 185212 188315 333828 852706 189646 526838 314045 
271558 921077 21748 663091 132011 179099 71035 204937 196802 198590 ,271558 921077 663091 132011 179099 71035 204937 196802 198590 511869 
628945 810691 901298 601080 683679 458941 53813 50027 233815 873457 ,628945 810691 901298 601080 683679 458941 50027 233815 873457 476767 
475792 53318 379027 53347 79260 862037 913660 827014 941883 284706 ,475792 53318 379027 53347 79260 862037 913660 827014 941883 284706 
82532 786397 37579 796555 850428 297209 831766 936696 876263 823050 ,82532 786397 37579 796555 850428 297209 831766 936696 876263 823050 
134329 917070 373641 680243 960632 693149 881610 594308 914948 16173 ,134329 917070 680243 960632 881610 594308 914948 16173 886473 879919 
924447 458037 363609 94413 821838 864041 454490 785132 2752 458230 ,924447 458037 363609 821838 864041 454490 785132 701760 375054 465246 
460762 243674 63956 172176 359005 618797 624590 538672 192699 577162 ,243674 172176 359005 618797 624590 538672 577162 466692 785267 913925 
803897 362298 52308 547558 678670 362073 382633 287549 434848 77375 ,803897 362298 52308 547558 678670 362073 382633 287549 434848 77375 
343898 566199 732406 654995 579725 79250 450049 518442 561800 633297 ,343898 566199 732406 579725 79250 450049 518442 561800 797835 100661 
424245 423756 278896 429778 309191 227771 575184 378309 429268 67989 ,423756 278896 429778 309191 575184 227771 378309 67989 780678 956897 
692436 325799 371910 366551 326870 710191 692150 904272 395822 870090 ,692436 371910 326870 710191 692150 904272 585484 510223 999063 682850 
363456 639210 278640 278918 305186 598088 112100 294782 82035 854722 ,363456 639210 278640 278918 305186 598088 112100 294782 82035 854722 
807592 387222 106972 575274 188602 616642 640919 684716 903404 810317 ,807592 387222 106972 575274 188602 616642 640919 684716 903404 810317 
893477 775764 378720 43718 767075 514486 579559 284706 981514 337386 ,893477 775764 43718 767075 514486 579559 284706 337386 158398 207055 
412275 53508 54059 438535 53903 853022 774810 488073 459529 55447 ,412275 53508 54059 53903 853022 774810 488073 55447 874707 624438 
121723 984060 541843 967336 737182 896616 958294 561337 876458 887719 ,121723 984060 541843 967336 737182 896616 958294 561337 876458 887719 
528748 718390 526216 248125 293485 472692 286638 348872 46913 895674 ,528748 718390 526216 248125 293485 286638 348872 46913 895301 900840 
57487 521795 57368 53469 53471 675921 259516 722203 848874 130786 ,57487 521795 57368 53469 53471 259516 722203 848874 130786 616287 
662002 264899 874465 800433 915030 420894 96455 935680 242693 659184 ,662002 264899 874465 800433 915030 420894 96455 935680 242693 659184 
467959 517497 898498 910874 279674 453361 713008 97952 44073 467762 ,467959 898498 910874 279674 453361 713008 97952 44073 467762 554841 
519191 451322 534570 531849 516303 372753 242859 259938 399158 173654 ,531849 372753 467904 474783 545484 254373 305388 518752 397826 736864 
23764 615563 156457 282653 80146 957578 87128 391778 132449 7849 ,132449 495801 415429 559918 36340 476777 510295 588756 363701 806422 
297917 829011 4614 873720 451614 346286 866177 610627 147730 428887 ,297917 4614 873720 451614 346286 866177 147730 428887 4615 998877 
941368 628169 279346 799443 509292 114604 307896 326101 634651 62146 ,628169 509292 114604 326101 634651 62146 977495 77733 67886 934310 
960558 170280 246593 510604 42841 544354 354520 402577 646517 662610 ,960558 246593 510604 42841 544354 402577 646517 662610 397059 94326 
473499 776136 922577 666433 664492 43395 516455 226821 930376 506978 ,776136 922577 666433 664492 43395 516455 226821 506978 10104 94885 
709215 775046 890217 569338 953315 650995 573735 439907 189263 570452 ,709215 775046 890217 569338 953315 650995 573735 439907 189263 678313 
636981 262477 638013 88781 84603 96094 558368 522623 30387 350672 ,636981 408918 85313 889043 62292 143127 253882 547230 255000 59047 
902048 313639 258077 83786 908452 471761 119907 55386 282452 507435 ,902048 313639 258077 83786 908452 471761 119907 55386 282452 507435 
117460 361119 146219 793145 366927 662895 520108 67222 310474 777964 ,117460 146219 793145 366927 662895 520108 67222 317749 608098 396423 
449088 273583 907390 864781 638674 745439 568066 747127 207608 977884 ,449088 273583 907390 864781 638674 745439 568066 747127 207608 977884 
879837 773600 199720 875153 919780 885653 539980 542005 105893 964107 ,879837 773600 875153 919780 885653 539980 105893 964107 225592 766833 
680363 623380 282823 282004 414272 879149 630804 70923 200786 179605 ,680363 623380 282823 282004 414272 630804 70923 200786 264918 39714 
659715 106795 464353 231560 686538 68768 625916 212763 944151 220393 ,659715 106795 464353 231560 686538 68768 625916 212763 220393 123689 
861930 474987 539530 957725 798772 77848 559787 267363 379564 601423 ,861930 474987 539530 957725 798772 559787 267363 379564 601423 808085 
989990 364570 680097 353223 728703 877032 94436 96151 658192 526355 ,989990 728703 94436 96151 658192 526355 389613 521738 777901 370364 
711355 214168 991233 611133 814255 864010 62537 392008 359865 11063 ,711355 214168 991233 611133 814255 864010 62537 392008 359865 11063 
85039 13237 937212 142100 680491 66821 967162 460052 212983 210194 ,85039 13237 937212 142100 66821 967162 460052 210194 171755 252685 
351143 575789 753787 341238 228256 978743 51334 56970 328746 478000 ,351143 575789 753787 341238 228256 978743 51334 56970 328746 231064 
430202 474848 126129 23615 964981 73374 175284 59598 138890 635949 ,430202 126129 23615 964981 175284 138890 433769 30783 520908 719261 
612280 414393 660242 33774 771588 604811 646744 776036 760155 162752 ,646744 711096 568068 775863 883852 374202 758427 441223 639411 777399 
884169 225842 664762 157574 597883 128555 978713 869786 215902 619423 ,884169 225842 664762 157574 978713 869786 215902 315879 933873 460253 
662166 306076 230563 279576 305785 69131 609744 305611 112882 246504 ,662166 306076 230563 279576 69131 609744 305611 112882 246504 105316 
383289 468854 638436 770466 570349 567966 903886 524603 655141 704799 ,468854 570349 903886 868120 767911 200928 53302 768076 570870 567938 
969561 783641 929086 844607 881059 241492 924923 40696 840579 266425 ,969561 783641 929086 844607 881059 241492 924923 40696 840579 266425 
473408 733181 264499 2140 368860 493122 868588 426882 830674 982830 ,473408 264499 2140 368860 493122 868588 426882 830674 982830 220502 
151972 412812 689886 26679 242413 221842 429871 305388 518097 175475 ,151972 228130 348831 683675 30006 772210 106836 529073 306383 518657 
761180 762651 756485 838844 894290 858575 894801 222623 842505 373358 ,762651 756485 858575 842505 589217 345213 471304 895277 299882 715751 
686818 185480 505671 563699 400400 512381 619911 681616 984674 187197 ,705930 254998 240162 932425 932537 857294 946427 740 215163 24127 
176659 706510 860142 434022 519687 452098 71803 724106 380302 466692 ,176659 706510 860142 519687 452098 71803 829396 60946 731148 789493 
316383 740106 166906 781351 412923 507818 123330 147690 790355 705859 ,316383 740106 166906 781351 412923 147690 790355 17835 318791 226924 
738804 413363 796906 70006 861972 209118 13369 615217 863525 740547 ,738804 413363 796906 861972 209118 13369 615217 863525 740547 907693 
694046 20355 594008 971427 518066 659446 549603 520024 724272 890217 ,694046 594008 971427 518066 549603 890217 20097 13350 254695 526321 
224255 513352 988126 14571 685016 513758 13839 574346 862259 873616 ,224255 513352 513758 13839 574346 862259 873616 62537 610127 749580 
416423 573116 635388 29468 391022 900602 697249 393070 994158 5195 ,416423 635388 900602 393070 405775 350035 396449 92156 223374 605440 
522290 575092 196708 969041 277668 480436 154003 602861 73188 528994 ,522290 575092 196708 969041 277668 480436 154003 602861 73188 528994 
690086 258217 347077 136127 467904 343836 342239 610640 80295 652021 ,690086 347077 136127 467904 343836 342239 610640 80295 652021 110663 
217218 755875 837758 670216 103600 361702 969277 846970 811053 22420 ,217218 755875 837758 670216 103600 361702 969277 846970 811053 22420 
738865 125031 51810 638232 869624 978211 822490 169744 235238 733557 ,738865 125031 51810 638232 978211 169744 235238 733557 554850 356546 
502805 958035 712104 225112 14576 998198 15642 919272 909245 223532 ,502805 712104 225112 14576 998198 15642 919272 909245 223532 484651 
758592 673813 989652 835107 833304 102877 870987 487169 757442 674110 ,758592 673813 989652 835107 833304 102877 870987 487169 757442 674110 
285923 100372 459941 577054 328233 157853 29318 903927 375005 296850 ,285923 459941 577054 157853 375005 296850 681245 648175 92932 497678 
56158 963733 712753 155301 378750 475947 207330 771130 120531 699364 ,56158 712753 155301 378750 475947 207330 771130 120531 699364 82908 
306186 854473 296374 511582 340371 305592 863451 61524 256056 84398 ,306186 854473 296374 511582 340371 305592 863451 61524 256056 871256 
568602 568180 469350 568308 568832 758443 833151 568570 777650 568217 ,568602 568180 469350 568308 568832 758443 833151 568570 777650 568217 
462055 150164 966241 954204 205264 253620 206171 304191 947357 738420 ,462055 150164 966241 954204 205264 253620 206171 304191 738420 749386 
366575 203975 261921 629622 14582 112399 421097 353118 625634 724447 ,203975 629622 14582 112399 421097 353118 625634 724447 131270 171094 
144024 87735 333414 163366 43159 304921 976993 20359 241221 193087 ,144024 87735 163366 43159 304921 976993 20359 241221 193087 99440 
182823 515395 189198 297494 196726 801052 762864 766567 169629 365487 ,182823 515395 189198 297494 196726 766567 169629 365487 404701 229326 
112305 262094 789003 363515 105608 23644 496890 25517 107087 452995 ,112305 262094 789003 363515 105608 23644 496890 25517 452995 603525 
789622 397152 768736 244175 813599 894710 914992 718814 109599 766911 ,220340 871780 386611 793132 537638 958326 904677 281026 793931 896145 
32400 109252 19618 788246 22345 144297 201100 327045 443994 682339 ,32400 109252 19618 788246 22345 144297 201100 327045 443994 682339 
695518 956920 974278 399484 795395 508324 472963 223532 535244 124325 ,695518 956920 399484 795395 508324 472963 223532 124325 698781 72106 
613556 588835 497919 289009 590229 79288 108405 202906 483023 436288 ,613556 588835 497919 590229 108405 202906 483023 485396 140152 166920 
585918 586322 871582 969968 137980 638417 970266 855726 568470 313352 ,568068 646744 161041 783162 775863 374202 29572 958138 137584 130619 
195160 646485 679841 907915 979124 319007 551295 483037 6934 276162 ,195160 646485 679841 907915 979124 319007 483037 6934 276162 195258 
43300 658574 198071 608883 276067 682526 206638 790906 840760 404 ,658574 198071 276067 682526 206638 790906 404 404991 216606 261847 
622366 878684 171026 937866 89011 332540 467955 461393 394906 920660 ,878684 89011 467955 121779 973490 888342 611775 985279 858568 696245 
775330 723745 474035 661993 576491 106644 738865 82167 266040 350713 ,775330 723745 474035 661993 576491 106644 738865 82167 266040 350713 
123476 728012 73598 714081 339121 382633 242359 797947 36556 433529 ,123476 728012 73598 714081 339121 797947 36556 433529 160371 727295 
817646 130904 405695 784942 823980 413799 227458 911677 815083 960376 ,817646 130904 405695 784942 823980 227458 960376 787640 23721 376811 
376331 647710 833318 674512 305583 829500 742600 163575 109252 126561 ,376331 647710 833318 674512 829500 742600 163575 109252 126561 575789 
322639 874757 447408 26721 763054 105147 479307 775679 624367 558378 ,322639 874757 447408 26721 763054 558378 647894 353817 666334 213136 
231386 830674 607830 610741 547333 924682 716138 303771 560083 314297 ,231386 830674 607830 610741 547333 924682 716138 303771 560083 314297 
507435 844904 66076 9911 565140 225248 542112 391649 168640 438176 ,844904 565140 225248 391649 168640 953754 17139 682231 286310 83786 
919739 265655 643554 644334 642315 940904 668927 644744 880218 212412 ,919739 265655 643554 644334 642315 668927 644744 880218 212412 449690 
275809 291307 329733 9227 195246 522825 132727 479114 133688 611759 ,275809 291307 329733 9227 195246 522825 132727 479114 133688 611759 
563169 555730 386503 606448 385982 464888 701141 52892 563079 235 ,563169 555730 386503 606448 385982 464888 701141 52892 563079 235 
750032 175423 720289 653763 893610 223764 417068 542207 217478 181481 ,750032 653763 893610 223764 417068 542207 181481 513758 461827 64251 
544337 659975 480541 984691 422397 384920 270170 379618 691056 560261 ,544337 659975 480541 984691 422397 384920 270170 379618 691056 560261 
833134 894452 41145 214099 69009 589671 25299 570640 834409 93844 ,833134 894452 214099 69009 589671 25299 570640 834409 93844 281666 
563269 395087 680132 828431 224813 936006 669994 826575 213203 575081 ,563269 395087 680132 828431 224813 936006 122308 184262 405637 876258 
603662 714062 682315 667761 530157 322948 506208 58975 532483 913495 ,714062 530157 322948 813990 493122 291880 806786 166640 199744 464995 
561074 735866 484350 121051 225161 475191 424982 425175 132143 577263 ,735866 484350 225161 475191 424982 425175 132143 577263 921941 411885 
728729 948095 482772 663270 483158 272156 657099 801263 531256 886551 ,728729 948095 482772 663270 483158 657099 801263 886551 339285 517002 
561117 688493 404006 462292 720977 881863 304657 604023 573341 276290 ,561117 688493 404006 462292 720977 304657 604023 573341 276290 831232 
795907 75615 703593 465651 303136 178781 727898 12405 240242 349848 ,795907 75615 703593 465651 303136 178781 12405 240242 85148 725336 
566142 604828 354797 141470 170522 323062 985784 809827 309191 168467 ,381965 418618 467539 175363 512837 306481 757794 65682 397752 718316 
710647 502642 142282 75662 629456 577970 74252 527165 422301 171285 ,710647 502642 577970 527165 422301 171285 548871 272049 192999 96895 
326180 561626 209426 723559 619145 331084 248800 275686 751359 325790 ,326180 561626 209426 723559 619145 331084 275686 751359 325790 248001 
591544 653924 433511 41211 660338 247769 433311 718187 449204 983678 ,591544 653924 433511 41211 660338 247769 433311 718187 449204 983678 
462195 992961 392830 868665 832341 803433 547847 803368 915495 459234 ,462195 992961 868665 832341 803433 547847 803368 915495 459234 376756 
729646 620943 604859 934744 861866 963343 719226 842505 699039 272943 ,729646 620943 604859 861866 963343 719226 842505 869181 59136 970375 
508002 138482 721811 280692 815122 784843 347906 143031 149907 244091 ,721811 280692 815122 347906 143031 244091 560814 818291 439741 149548 
986055 903404 616642 747943 993795 553723 479589 718948 807592 381144 ,986055 903404 616642 747943 553723 479589 718948 807592 683857 387222 
453583 688506 466479 855229 729923 278333 449380 327010 474363 289290 ,453583 688506 466479 855229 729923 278333 449380 327010 289290 634924 
192936 658518 146991 15347 228925 358913 952359 23704 130258 420002 ,192936 658518 15347 228925 358913 952359 23704 130258 420002 200226 
877181 480787 975847 677642 167396 499149 772838 958758 158705 94668 ,877181 480787 677642 167396 499149 772838 958758 94668 630263 282310 
925334 989445 541835 639430 582686 791521 251139 284449 755136 724188 ,925334 989445 541835 639430 582686 791521 251139 284449 755136 724188 
800551 641744 641770 814575 86870 774371 767993 888312 965693 936658 ,800551 641744 641770 814575 86870 774371 767993 888312 965693 936658 
10903 82077 890727 430033 890103 370364 488124 812884 132040 107087 ,10903 82077 890727 430033 370364 488124 812884 132040 278890 680097 
47337 353135 301307 468666 461637 159643 580254 254690 365305 294942 ,47337 353135 468666 461637 159643 580254 254690 365305 294942 379105 
228649 92465 341552 427206 750734 319769 723970 379250 888599 122639 ,228649 92465 341552 427206 750734 319769 723970 379250 888599 6934 
680978 905902 285251 166984 148259 912850 184145 508677 163209 165337 ,680978 905902 285251 148259 912850 184145 508677 163209 165337 927646 
233821 580110 871515 227817 142858 247801 296542 791454 921563 580377 ,233821 871515 227817 142858 247801 296542 921563 746039 784639 267649 
691192 415171 920663 170252 58443 172626 876412 194650 196280 691702 ,691192 415171 920663 58443 172626 876412 691702 453018 171905 474237 
807900 539921 535346 952217 813732 448308 477668 674533 248689 933240 ,807900 539921 535346 952217 813732 448308 477668 674533 248689 933240 
130727 864687 630549 98101 483177 335940 283955 18453 700716 185907 ,483177 416924 860736 732139 720945 326906 686096 941624 264892 632492 
207162 53027 840202 408102 719064 196862 476571 584163 133419 893803 ,207162 53027 408102 719064 196862 476571 584163 133419 893803 401074 
556128 398861 574924 593221 478121 99523 925251 559684 62397 194729 ,556128 398861 574924 593221 478121 559684 62397 194729 273545 102595 
695619 933875 46945 826916 416513 409451 866758 913727 934310 880725 ,695619 933875 826916 416513 409451 866758 913727 934310 880725 979364 
494958 79760 532427 111826 339021 276290 494576 492338 344778 100249 ,494958 79760 532427 111826 339021 276290 494576 492338 344778 100249 
483555 563953 62674 144448 88834 502360 662166 246527 924891 603525 ,483555 563953 62674 144448 88834 502360 662166 246527 924891 603525 
618543 533175 840976 397442 452630 752401 250801 566520 840621 704157 ,751828 326101 173696 139999 634924 278982 326572 433970 529687 265287 
124523 187245 437785 459594 518442 427266 139211 487568 630140 21760 ,124523 187245 437785 459594 518442 139211 487568 630140 21760 122571 
582612 670523 595250 408102 341394 415124 791302 668528 699618 618394 ,582612 670523 595250 408102 415124 791302 668528 699618 618394 272969 
274940 872157 974413 546870 496679 545320 791365 202614 324744 877195 ,274940 872157 546870 496679 545320 791365 202614 324744 877195 857843 
724723 974217 940671 293475 357569 355478 704456 408434 453244 948345 ,724723 940671 293475 357569 355478 704456 453244 948345 98185 292515 
427131 421726 582812 61948 420105 95420 78599 449104 279696 484780 ,427131 421726 582812 61948 420105 95420 78599 484780 466780 232951 
990017 366429 484277 152477 485495 271763 193490 436842 685552 513720 ,990017 484277 485495 193490 436842 771688 234110 293448 771181 294646 
88996 97155 975229 485064 672490 930806 90906 94326 322779 130109 ,88996 97155 975229 485064 672490 930806 94326 322779 130109 160157 
736251 514290 606753 712962 233658 722926 323245 101354 363371 833442 ,514290 606753 712962 722926 323245 101354 363371 833442 58625 703313 
843752 207373 470172 564377 703391 245108 388320 719464 129796 314768 ,843752 207373 470172 564377 245108 388320 719464 129796 314768 146043 
23463 683899 719796 337643 70380 363373 799269 295632 337154 815519 ,23463 683899 719796 337643 70380 363373 295632 337154 151203 298454 
246290 193968 983579 758548 595904 534343 562727 564533 906640 560888 ,193968 983579 534343 562727 564533 906640 560888 895377 760971 849089 
122155 682527 180729 51359 547380 524286 351254 79402 765028 789986 ,122155 682527 180729 51359 547380 524286 351254 79402 765028 789986 
272702 351206 370649 460319 516326 81190 97314 96895 97357 427307 ,97357 143808 237742 783477 111429 80933 499756 217316 10879 174597 
938069 405233 201645 468302 878353 200786 44411 807828 65637 129840 ,938069 405233 201645 468302 878353 200786 44411 807828 65637 129840 
838568 609671 697472 250238 56598 213629 369068 130786 506081 55110 ,838568 506081 521387 53503 156668 134259 535038 23314 626211 657250 
945827 390928 806252 751533 896514 324771 449452 610408 353601 26032 ,945827 390928 806252 324771 449452 610408 353601 914362 325021 626233 
775369 717182 473818 929667 736161 122605 267093 594579 542369 61749 ,775369 717182 473818 929667 736161 122605 594579 542369 61749 575014 
891729 858931 295677 100751 626661 851677 131781 970621 773855 132030 ,858931 100751 626661 836567 848004 552595 603912 788344 132420 856845 
504186 135056 979803 546296 464379 310777 933475 701126 387281 680348 ,504186 135056 979803 546296 464379 310777 933475 701126 387281 513638 
864612 866560 611142 81715 313768 254376 424687 833221 227654 522566 ,864612 866560 611142 81715 424687 833221 227654 522566 140657 962066 
351104 462009 292760 281410 278652 305866 292502 254232 278947 350899 ,351104 462009 292760 281410 278652 305866 292502 278947 350899 578478 
335477 407709 864719 778183 795522 902714 925529 912465 879101 35791 ,335477 864719 778183 795522 902714 925529 879101 35791 755147 245957 
521021 642256 412531 520123 410559 740471 488073 383693 412296 188608 ,521021 642256 412531 520123 410559 740471 488073 383693 412296 188608 
43839 554321 900021 43683 307496 123206 228394 93844 536221 80537 ,43839 554321 900021 43683 307496 228394 93844 536221 257785 832750 
318506 300546 391514 99080 101338 916438 659339 289364 664905 336600 ,318506 300546 391514 99080 101338 916438 289364 664905 336600 936112 
982898 896040 618157 767781 250328 373789 468763 254587 611653 852252 ,982898 896040 618157 767781 250328 373789 468763 254587 611653 852252 
447170 655811 475853 837254 655649 445941 446316 445715 446143 445788 ,447170 655811 475853 837254 655649 445941 446316 445715 446143 655067 
845774 990162 854526 990328 854335 848510 632507 850905 264803 780055 ,845774 990162 990328 854335 632507 850905 780055 992014 90575 989598 
682033 226810 10501 952435 975593 595478 919005 499563 229092 535244 ,226810 595478 210644 917117 889513 597542 695518 924262 96656 264503 
542532 957757 860368 210314 994037 815236 17140 922322 542850 111295 ,542532 957757 860368 210314 994037 815236 922322 542850 111295 439164 
460425 878297 966800 830675 287099 969041 91518 826492 686613 916727 ,460425 287099 969041 91518 686613 3216 634377 149907 517683 915285 
836346 555599 936105 717153 916607 896573 731439 106891 224074 39836 ,555599 936105 717153 896573 731439 106891 224074 39836 96539 121589 
632848 622966 510564 100089 170725 460058 792374 812606 842088 701682 ,632848 622966 100089 460058 792374 812606 842088 701682 836087 185194 
652146 432837 122204 911084 23596 102280 826627 30959 314258 516633 ,652146 432837 122204 911084 23596 102280 826627 30959 314258 516633 
636647 31713 178058 528648 998512 468123 843567 608320 945551 822575 ,31713 178058 468123 608320 945551 822575 964925 782301 326522 682465 
895588 171744 185212 274902 826490 731806 484913 543119 928696 154729 ,895588 185212 274902 484913 543119 189423 560922 753416 64172 676202 
322356 236075 84377 64330 6382 784965 494360 524784 81446 30239 ,322356 236075 84377 64330 494360 524784 81446 30239 453584 5775 
340502 770070 282366 571284 299265 305220 350859 540660 479276 93629 ,340502 770070 282366 299265 305220 350859 479276 301889 129271 902259 
673810 219580 961715 811600 752733 133870 543367 871165 919814 257599 ,673810 219580 961715 811600 752733 133870 543367 871165 919814 257599 
459507 282429 208989 682185 721451 460912 777268 504554 754697 90282 ,459507 282429 682185 721451 460912 777268 90282 96342 476844 337459 
143422 415582 754063 124484 163684 203103 547299 881570 783509 109549 ,143422 415582 124484 163684 203103 547299 109549 862524 789890 908532 
964436 291193 590988 400263 61657 421562 488852 964589 253170 253547 ,964436 291193 590988 400263 61657 421562 488852 964589 253170 253547 
699722 280372 828053 188386 198888 614438 620962 985188 35317 762962 ,699722 188386 198888 614438 620962 985188 762962 552153 679688 777587 
658603 496034 404991 392364 13350 394442 752110 709785 526428 658402 ,658603 496034 404991 392364 13350 394442 709785 526428 478676 494877 
517238 560219 826670 808402 931691 973155 844161 353631 190506 207096 ,517238 560219 826670 808402 931691 973155 844161 207096 492489 190979 
14188 570139 965485 121607 208525 835364 247180 102164 906057 66510 ,965485 208525 835364 247180 102164 511625 481018 841102 555006 767517 
469603 305864 639375 958336 534848 363603 683568 560829 771974 25985 ,469603 305864 639375 958336 534848 683568 771974 25985 229360 264487 
160673 717524 62477 281551 101748 471685 825507 556396 854386 278721 ,160673 62477 101748 825507 854386 278721 568612 23664 674283 232846 
678394 527076 729367 19975 535250 597669 599119 323116 367445 381930 ,527076 729367 19975 599119 504956 44866 972978 431976 967470 727436 
269814 683301 919692 96608 486500 449763 735843 33275 153446 371743 ,269814 683301 919692 96608 486500 449763 33275 200732 53323 478253 
333527 144819 329871 309126 924279 408783 239471 520340 482999 66815 ,333527 329871 924279 408783 520340 482999 160612 610509 826959 689395 
554713 540672 588870 924055 964844 860307 207630 23783 222813 406309 ,554713 540672 588870 924055 860307 23783 406309 237286 905063 97814 
29056 609818 621105 374843 662343 847372 625589 660277 893330 780042 ,609818 621105 374843 662343 847372 625589 660277 893330 780042 24996 
672977 891661 852991 667644 768460 191067 803694 820802 534436 666942 ,672977 768460 191067 534436 666942 673738 603712 857694 685466 889907 
903387 122847 371289 462426 89445 903867 846733 78383 393425 498954 ,122847 371289 89445 78383 646155 333530 486997 171184 316364 586756 
900823 891864 905943 880776 800904 901822 538514 534947 820711 890987 ,900823 891864 905943 901822 538514 534947 820711 890987 871391 820645 
414020 850716 500884 744406 391046 99413 783468 436862 685861 473466 ,414020 850716 500884 783468 685861 639028 984111 129137 779447 91718 
106336 843822 865391 505152 975236 16089 298418 960901 844941 852174 ,106336 865391 505152 975236 960901 844941 14199 977075 516886 867959 
827056 1445 790671 964287 623030 257886 223817 875299 319510 574698 ,1445 875299 796505 969558 396189 457677 174571 981299 381868 308309 
974943 731862 124304 318638 879149 731642 941541 133683 506423 293249 ,974943 731862 124304 318638 731642 941541 133683 293249 129168 520059 
518067 655400 260469 974370 998723 841604 944767 39956 776355 665792 ,260469 974370 998723 39956 665792 803652 82710 568972 883818 802923 
286119 233512 197129 231910 473829 661617 689252 925239 344128 136795 ,197129 231910 473829 689252 925239 136795 305962 902250 967049 147951 
22370 416683 748176 35393 723359 716868 572934 180651 465604 176233 ,22370 416683 35393 716868 572934 180651 465604 176233 732516 854622 
972818 488163 311022 725522 300434 90062 785464 88945 198667 704367 ,972818 311022 725522 300434 88945 198667 561428 277210 62389 489722 
984152 166855 37486 195373 489777 512495 847046 553951 460236 402750 ,984152 553951 402750 454213 220972 807508 480998 679724 501308 139551 
911613 339939 668221 833224 568972 507308 614133 837032 43694 208029 ,911613 668221 833224 568972 507308 614133 43694 208029 859444 947043 
57156 942606 414578 482481 906743 53901 462477 106744 46023 455369 ,942606 482481 906743 53901 106744 46023 455369 262442 96793 5690 
883744 780072 932049 579 863000 548896 939637 703891 472275 910069 ,883744 932049 579 548896 472275 910069 542561 543365 60050 561204 
949564 634077 695492 780244 341175 334560 95023 93877 499799 168505 ,949564 634077 695492 341175 499799 168505 977756 286554 168650 95328 
191160 960656 960662 544153 960649 542561 539061 681938 932476 960109 ,960662 544153 960649 542561 539061 681938 932476 960109 722075 851889 
389399 169180 406337 743195 468077 684204 754241 171836 108856 800176 ,406337 743195 468077 754241 171836 94365 658347 261431 534983 547064 
48041 879999 919952 540578 618635 919550 223984 922942 955283 857940 ,48041 540578 919550 223984 955283 857940 562578 756677 904170 276672 
236250 482403 270391 265254 986888 521918 481267 507853 948521 889213 ,482403 270391 265254 986888 521918 507853 889213 876249 372397 383903 
834919 99409 202416 506640 783410 961386 846420 769598 131095 860888 ,834919 202416 506640 769598 102456 888076 927772 898831 624787 594265 
433634 499631 957254 580047 660083 258721 149156 533208 16301 215266 ,499631 660083 533208 123078 526769 229655 195314 308124 78679 636093 
668040 244670 233791 506375 985164 217219 564768 125578 641369 562857 ,668040 244670 233791 506375 985164 217219 125578 641369 840266 234611 
458835 215645 951157 151338 98892 800141 29483 400732 678265 427087 ,458835 951157 151338 98892 29483 400732 678265 427087 177155 427405 
603364 713629 798734 635741 810018 237328 160240 694040 799273 350795 ,713629 635741 810018 237328 694040 799273 350795 508472 241833 488181 
890288 555467 375930 905019 641110 447707 215755 809961 671611 445185 ,890288 555467 375930 641110 447707 809961 671611 445185 448208 234594 
174976 918976 678274 519929 468337 401209 169709 587176 397555 519534 ,174976 169709 587176 519534 146636 67965 483674 551036 636742 459124 
353160 845386 683169 433397 336983 153982 298677 431645 133800 731245 ,433397 559567 437413 280134 304060 826936 247771 440044 341005 363433 
621167 345835 130574 35211 750399 774699 285776 921442 636840 934208 ,345835 130574 774699 285776 921442 128804 482080 250993 840898 600564 
84587 467393 475483 519776 82924 681323 874273 797668 57045 57323 ,84587 467393 519776 681323 874273 797668 57045 57323 409081 476671 
255399 744867 97810 897963 29628 472922 646891 543286 720639 258683 ,255399 744867 897963 472922 720639 258683 442919 361335 194714 917974 
658918 971684 112652 127725 718856 825968 629118 836056 984370 989671 ,658918 112652 825968 984370 989671 186789 125738 547509 531239 526010 
442557 925228 810658 496450 620247 810014 880548 451401 770059 955401 ,442557 925228 810658 810014 880548 770059 809578 673379 379180 754261 
221381 831363 95082 384718 341497 397083 508400 305679 298660 475053 ,831363 95082 384718 341497 397083 508400 475053 44866 515267 729367 
68462 512903 466813 453062 860479 484117 571211 146784 125452 525805 ,512903 466813 453062 860479 484117 571211 146784 525805 389203 122265 
599087 123528 422785 180677 234141 948528 363924 98749 174932 104904 ,599087 123528 422785 180677 234141 363924 174932 792083 782166 9707 
851850 242763 254234 155723 847844 83336 694494 192292 699593 341469 ,851850 242763 254234 155723 83336 341469 107125 181963 117307 177560 
299521 355580 183620 489777 355727 460236 357124 984152 341168 777663 ,299521 355580 183620 489777 355727 357124 984152 521505 298326 360840 
555688 840266 386575 647528 366665 736063 353606 598515 610002 737049 ,555688 840266 386575 366665 736063 353606 598515 737049 9897 245266 
156392 402112 254411 462266 921098 403457 943585 15716 604107 239418 ,402112 254411 462266 921098 403457 15716 933510 300863 351844 386283 
457222 978617 144933 955447 983712 804326 142908 392294 862443 902613 ,457222 978617 144933 955447 983712 392294 128537 565085 618048 112573 
346381 331599 378710 219981 294088 567327 613544 996604 451844 348686 ,331599 378710 567327 613544 996604 451844 348686 68779 396164 8473 
246557 523628 107159 80922 264346 281105 43313 294965 353904 423158 ,246557 107159 353904 423158 352779 81927 525464 540672 276539 609148 
936418 609935 191404 951844 36544 668741 894982 20487 773021 955233 ,191404 55901 36586 191297 674587 973434 668095 620865 205201 972977 
835914 965716 949191 309907 547517 783509 744804 237595 247743 565342 ,835914 965716 949191 547517 744804 237595 247743 785473 582994 212097 
529929 723897 629224 105526 71494 704103 395082 260023 694554 706910 ,529929 723897 629224 105526 71494 704103 260023 227164 456970 527723 
601738 4095 480484 253540 335528 522104 209638 771595 991994 512690 ,601738 4095 335528 209638 771595 991994 512690 857915 376629 383004 
446176 639995 640495 446356 654592 604296 637348 656716 423437 677151 ,446176 604296 654563 655696 710200 656332 826998 913737 249430 601273 
450356 514752 86956 321918 429549 347556 68670 525009 683991 123163 ,450356 514752 86956 321918 347556 703066 89753 638038 411068 385076 
389448 523652 539516 510597 261872 766756 709974 763793 871854 323249 ,523652 510597 261872 766756 763793 323249 547237 140621 297237 154620 
929786 653633 200081 799482 748943 225150 434019 512779 306586 216280 ,929786 653633 200081 799482 748943 512779 306586 216280 541134 112064 
712544 560184 996526 218180 660653 20936 359135 301484 516350 29480 ,712544 560184 996526 660653 20936 359135 301484 516350 29480 717373 
35952 825227 885869 833045 756177 825495 675920 773916 759063 560514 ,35952 825227 885869 833045 756177 825495 675920 773916 759063 560514 
869627 384086 704719 408129 546962 975643 156940 970328 621026 618536 ,869627 384086 704719 408129 546962 975643 970328 621026 7631 59264 
916378 383107 875424 961325 765454 187788 956677 899393 503387 5038 ,383107 875424 961325 765454 956677 899393 503387 668686 837758 239957 
120596 781870 496360 173116 292887 967719 231159 858849 662475 729075 ,120596 781870 173116 292887 967719 858849 662475 729075 239147 415810 
94584 280755 972311 348079 785567 256362 283995 401804 776439 308687 ,94584 280755 972311 348079 785567 256362 283995 401804 776439 308687 
635099 174734 603457 662613 132396 155032 451945 71142 685228 755607 ,174734 662613 132396 155032 451945 71142 24684 193630 425831 159001 
658640 725195 940651 618138 264411 940467 433141 473265 400218 718087 ,658640 725195 940651 618138 940467 433141 400218 718087 538946 860182 
666917 915333 264054 278212 536450 35952 926582 922201 565455 666729 ,666917 915333 264054 278212 536450 35952 926582 922201 565455 666729 
773853 61450 273735 453208 162378 917628 265209 230512 243909 686403 ,773853 61450 273735 453208 917628 265209 230512 243909 686403 195299 
854809 645454 645350 884374 453395 123259 65050 975826 709485 46269 ,645454 453395 123259 975826 709485 46269 442363 920156 42112 870615 
468847 568548 562575 760102 760551 568054 898386 674415 906498 142881 ,468847 568548 562575 760102 760551 568054 898386 674415 906498 142881 
867894 539823 608501 956371 990798 948702 960848 963027 47297 948337 ,608501 990798 960848 963027 47297 948337 668946 205167 235197 502746 
630475 257883 936195 578092 942492 630016 121061 634986 392865 922361 ,630475 257883 578092 942492 121061 392865 607536 243264 395663 738569 
394784 62718 11827 15056 883135 842082 225458 205936 257535 223600 ,394784 62718 11827 15056 883135 225458 257535 256956 528286 540444 
179908 699848 193490 293672 346959 664535 285756 422102 429429 719100 ,699848 293672 346959 664535 429429 719100 111713 106349 993694 823417 
348037 365389 514239 372766 809714 275340 408957 217357 980447 571363 ,348037 365389 514239 372766 809714 217357 934999 509132 913378 810013 
517046 44136 499091 889061 168418 501484 903116 156482 62435 430454 ,517046 44136 499091 889061 168418 501484 903116 156482 430454 94321 
705067 618661 365198 619855 551188 943345 561071 274019 738861 752570 ,473726 269587 835730 929969 563016 685130 843107 398532 64610 812541 
429384 486090 716947 123257 225568 532438 732405 594007 382869 720052 ,486090 716947 123257 225568 382869 623380 264208 699890 509288 308052 
393631 473103 527337 819610 841270 925251 685524 210335 482239 348755 ,393631 473103 527337 841270 925251 685524 326494 101338 400880 655967 
228990 233354 488761 345557 240230 489837 684733 352290 622615 372298 ,228990 233354 345557 240230 684733 352290 468463 267427 466095 363707 
191299 855287 190642 856105 869998 903897 851933 868525 843404 102153 ,191299 855287 190642 856105 903897 868525 843404 102153 852660 867729 
997952 894114 477341 97616 514511 57766 883781 467733 233973 469981 ,477378 374437 57762 206732 901231 687684 321377 310863 612155 208092 
788679 631483 31816 451492 340949 301824 130680 901711 705126 266497 ,788679 631483 451492 301824 130680 901711 705126 923420 532418 145621 
136554 263175 193362 245086 612260 194070 826219 513916 744348 573855 ,136554 263175 193362 245086 612260 513916 744348 723255 723030 203351 
419785 31974 847828 288106 325474 226547 308147 459553 701457 961961 ,31974 847828 325474 308147 961961 105167 281034 905439 931982 130507 
522209 338111 299439 505233 458305 74346 279160 491678 687699 249148 ,522209 338111 299439 505233 458305 279160 687699 249148 274394 659094 
835469 559472 904785 478429 604623 63611 368312 46757 241729 283066 ,835469 559472 904785 478429 604623 63611 368312 46757 241729 797224 
42403 491213 725498 842082 670039 997634 415182 749440 914893 480567 ,42403 725498 842082 670039 997634 415182 914893 480567 162323 66195 
311418 168629 436896 780082 292798 610061 395339 504387 735035 381196 ,311418 168629 780082 292798 504387 351525 747270 279729 455371 351313 
896785 14719 874280 277323 900471 392546 705259 285885 550441 134329 ,896785 874280 392546 550441 134329 513799 895820 548124 503868 274738 
98185 237960 805254 514965 905617 817003 637383 570976 137433 180854 ,237960 805254 514965 905617 817003 137433 601303 776987 415455 168629 
596405 773853 280615 906591 293117 211291 364132 267427 963197 286587 ,280615 906591 293117 364132 267427 963197 286587 481874 562430 197337 
44884 807643 472300 364150 985825 567436 456783 216195 297554 217975 ,44884 472300 364150 985825 567436 456783 216195 472939 452583 789988 
140554 420658 309709 792173 822748 553050 868359 719815 204205 125688 ,140554 420658 309709 822748 553050 868359 719815 204205 125688 129934 
331550 579403 488544 511641 320696 233484 876680 309179 353134 475642 ,331550 579403 488544 511641 320696 233484 876680 353134 475642 345804 
386905 351901 750839 939120 105479 272948 861936 119590 164375 875478 ,105479 405368 407017 377625 854342 634855 115790 185789 580448 200622 
307472 430169 908955 370672 307050 243252 776987 942680 123067 279029 ,307472 430169 908955 370672 307050 243252 776987 123067 279029 790731 
517589 694669 951973 91267 245617 415515 306608 452253 305206 492065 ,517589 951973 415515 305206 913115 323377 845495 599596 30812 30485 
956307 383642 232811 4076 23384 607026 749395 951145 169622 309373 ,956307 383642 23384 607026 749395 169622 309373 271457 153427 522612 
335525 245758 982173 66450 527497 112559 919020 81944 124261 83253 ,245758 66450 527497 112559 919020 81944 83253 519014 455260 51318 
696765 929714 241452 605348 288828 309174 923438 384786 980122 112384 ,696765 929714 605348 288828 309174 923438 384786 980122 112384 956330 
677941 842393 70965 58140 678594 223491 194434 989370 594189 565086 ,677941 842393 70965 58140 194434 940635 225113 204685 428689 293530 
69401 60251 990137 292677 291880 990322 490797 735464 496672 219714 ,69401 60251 990137 291880 990322 490797 496672 219714 80007 518086 
561300 548791 885778 219618 594590 11827 334766 325330 738778 562247 ,561300 548791 885778 219618 325330 738778 562247 879719 958760 869415 
104125 990045 446844 862019 833832 765207 831368 971224 863250 672869 ,104125 446844 862019 765207 971224 863250 672869 883077 831497 607767 
961659 554241 578368 854506 480674 966548 835711 724963 610859 505494 ,854506 966548 835711 724963 505494 214714 476525 481687 298564 464487 
210779 551110 960718 397826 408957 916648 951217 684260 339160 747950 ,210779 551110 960718 408957 916648 951217 684260 339160 747950 912304 
983527 761781 983619 786413 781440 714964 786933 717896 655673 41467 ,983527 761781 983619 786413 781440 714964 786933 717896 655673 996498 
446143 445788 656683 41750 191346 445912 995199 827862 654045 445909 ,446143 41750 191346 445912 995199 827862 654045 445909 654565 217388 
112444 338448 432241 795354 370871 274375 273544 97491 663867 113727 ,338448 432241 370871 274375 273544 663867 113727 324723 972023 346048 
684485 662723 684302 467205 237140 178705 88969 524734 274263 703650 ,662723 684302 467205 237140 88969 524734 703650 528654 845498 658202 
742724 279733 601224 363489 352034 337088 354762 218367 353719 292905 ,742724 601224 363489 352034 354762 218367 423527 353812 237128 246509 
356197 374064 343545 569997 153864 536646 491046 25289 915553 9857 ,374064 343545 569997 153864 536646 491046 25289 915553 9857 758797 
848000 904447 73414 62977 807345 185194 361071 74812 141384 668355 ,73414 807345 185194 74812 668355 77949 362552 601843 711392 941624 
125024 164601 39266 119877 477138 891015 92242 341080 927887 8460 ,317603 872629 963719 8420 590917 57199 49731 270610 969052 205996 
204207 931142 304377 224392 36907 731338 537889 189394 77199 401224 ,204207 931142 537889 189394 77199 632745 860666 406402 72378 943995 
90307 761092 324237 313682 863011 666806 347075 118823 615166 429 ,761092 324237 863011 347075 429 204388 673482 648 105167 905642 
575230 300203 454742 914382 383063 277838 409159 126185 731949 378815 ,575230 300203 454742 914382 383063 277838 409159 126185 378815 879149 
211577 39982 667979 917258 888641 417048 142335 646027 249691 711640 ,211577 39982 667979 888641 417048 142335 646027 249691 711640 609319 
39755 998140 366189 97896 350644 292436 292394 144871 104788 236944 ,366189 292436 292394 104788 181031 133828 491963 336867 255099 187630 
733461 905522 767317 912813 839432 657926 804530 421083 824846 655042 ,770383 447235 640679 824282 887583 767926 129569 566755 446206 900986 
847181 871978 216193 922170 974007 976617 848364 842165 130837 196124 ,847181 922170 848364 842165 130837 196124 14953 889897 840538 747994 
857495 772730 540623 364142 677836 554634 41762 429256 466941 487963 ,857495 772730 540623 364142 554634 41762 429256 487963 429894 302880 
433141 727732 776666 664780 869378 416345 957840 250301 984772 376688 ,433141 727732 776666 664780 250301 984772 376688 214181 513851 64877 
412673 450756 126880 29877 698568 505228 639067 890530 141142 191396 ,450756 126880 29877 698568 505228 639067 890530 191396 255025 351702 
343206 522530 560834 399052 322277 241158 314926 470973 631242 840164 ,554965 846547 919013 536765 554846 69611 692000 929135 103958 685130 
983996 904811 760170 912180 546731 983488 563985 130837 810861 274019 ,546731 274019 878134 940635 768705 868487 190642 857277 919490 791989 
720238 354343 507950 143414 934552 179451 203729 837747 928112 277603 ,720238 507950 934552 179451 203729 837747 277603 511047 811315 930057 
278604 511356 26716 521866 23462 815414 821941 743096 487834 815363 ,511356 521866 815363 780243 524966 54653 30011 845653 815425 29963 
195921 725592 670974 256061 759618 855681 921093 142684 338653 539420 ,725592 670974 256061 759618 921093 142684 338653 539420 817 856425 
596063 194455 273271 224373 332998 15558 979804 488534 502806 260120 ,194455 273271 224373 332998 979804 385712 930431 105706 742456 481268 
204881 722322 311853 590501 926479 681587 276729 531849 865389 854213 ,204881 722322 590501 531849 854213 351931 943932 280367 67451 338454 
139395 367673 942024 632685 862309 512268 98029 191487 418947 813959 ,367673 418947 813959 629054 368044 933873 764399 948619 415420 139855 
526280 469889 187566 510646 105409 111765 699830 284441 883464 480649 ,526280 469889 510646 105409 284441 480649 272963 391910 305680 85915 
551582 209071 947022 17183 487795 797503 40087 107170 538946 823469 ,551582 209071 947022 17183 487795 40087 107170 538946 823469 273535 
641256 46168 70338 397099 657853 105731 552996 947445 216454 547074 ,641256 70338 397099 657853 105731 552996 947445 216454 547074 667346 
854543 350568 279991 600707 22106 640022 336974 546913 546965 780466 ,854543 350568 279991 600707 22106 640022 336974 546913 780466 488379 
52848 539535 140438 554755 683017 880274 885686 541323 555292 36296 ,683017 880274 885686 541323 12812 472202 224921 919114 241913 977045 
700593 78291 400212 482062 101143 603726 160828 47572 441706 202878 ,78291 400212 101143 160828 47572 202878 702656 665310 658214 262433 
922323 546289 889971 180935 188107 895459 16039 538969 804324 450070 ,546289 180935 188107 16039 538969 804324 450070 542766 209123 870009 
98276 670860 594610 598590 727115 951353 3591 229029 883862 588726 ,98276 670860 598590 727115 3591 229029 883862 588726 543884 120135 
440459 356019 624795 748630 83375 821971 471812 503895 529013 429964 ,356019 83375 471812 529013 813999 493373 811582 631905 678679 843564 
643926 792936 644414 890436 855193 644394 410457 40267 993375 425889 ,643926 792936 890436 855193 644394 410457 40267 993375 425889 700293 
779216 912865 737820 268018 101801 288040 104249 432391 967496 31218 ,779216 912865 737820 268018 101801 288040 967496 31218 439326 174764 
367546 716267 792727 646394 531691 241119 767635 143951 365232 271834 ,367546 716267 241119 143951 365232 271834 889539 531331 364933 321840 
512210 1640 3140 732232 287748 524288 823006 293921 367441 493123 ,512210 1640 287748 367441 92679 521570 822186 366433 157998 513691 
79744 889958 270105 663618 365850 673233 652955 350427 638116 79603 ,79744 673233 638116 79603 379218 407052 8173 911370 474393 961729 
57208 998972 951044 839023 999490 654377 605612 558418 501352 103433 ,57208 998972 951044 999490 654377 605612 558418 103433 753612 911582 
590009 708572 96499 191358 932404 830741 118230 505054 594258 388544 ,590009 191358 110671 834416 399250 875084 481773 793759 961082 481858 
979826 836706 571996 761701 471528 649592 85187 540898 811596 132585 ,979826 836706 571996 761701 471528 649592 85187 540898 811596 132585 
270622 296443 646092 440174 90586 397746 939796 897337 523838 528140 ,270622 296443 440174 90586 523838 528140 397662 992912 398370 719598 
530410 549278 252640 747730 66118 748773 747977 835560 603002 795546 ,530410 747730 66118 748773 747977 603002 795546 379966 658534 408450 
212149 128798 132363 475279 610025 113111 611982 227878 598375 353889 ,212149 128798 132363 475279 610025 598375 353889 833162 594669 730586 
154666 608176 421811 179316 969084 804407 85418 702084 865979 410104 ,608176 421811 179316 865979 410104 160900 871610 384263 55830 83048 
821936 635043 421102 745818 124382 432050 411521 262761 745799 780465 ,821936 635043 421102 745818 124382 432050 411521 262761 745799 780465 
349036 91708 390671 359057 680478 326429 615818 725207 210401 807287 ,349036 91708 390671 359057 326429 615818 725207 210401 680844 813119 
764381 492133 494534 387606 617537 320718 372687 125855 415718 501001 ,492133 494534 387606 617537 320718 372687 125855 415718 768274 428208 
675748 895194 772814 614092 235078 360917 901797 616592 774321 837699 ,675748 895194 772814 614092 235078 360917 901797 616592 774321 837699 
161886 241042 424430 364776 440192 240360 299517 180872 665536 129801 ,161886 241042 424430 364776 240360 129801 243655 401186 23132 174777 
907509 446923 446165 821436 447235 816930 447089 446525 816355 447166 ,907509 446923 446165 821436 447235 816930 447089 446525 816355 447166 
909631 520614 157111 573791 924050 200723 605193 459053 518085 78282 ,520614 157111 573791 200723 605193 459053 78282 515104 610488 773040 
305271 361361 490439 504719 184977 498449 266428 630161 136819 142140 ,305271 361361 490439 184977 498449 630161 136819 256164 365971 805278 
733931 409709 158586 43985 107948 101194 388852 680822 635275 100894 ,733931 409709 43985 101194 388852 680822 635275 100894 999899 113046 
644244 825440 47351 961346 232796 81754 641367 448811 837377 885738 ,448811 885738 767335 189417 665930 219837 603937 882477 594168 13123 
900937 897080 517476 738882 634416 521083 747244 628903 385950 750593 ,900937 897080 517476 738882 634416 521083 747244 628903 385950 750593 
612703 452959 910869 305151 44042 714530 163727 21160 158326 292088 ,612703 452959 910869 305151 44042 714530 163727 21160 158326 246556 
525864 734650 267626 195921 711049 560896 561216 390011 60420 899516 ,734650 267626 711049 560896 390011 60420 360982 847194 619283 630681 
654015 537070 804436 994681 762262 965099 913929 445908 445606 424149 ,762262 913929 445606 424149 654102 889581 655568 442340 913420 442681 
270105 555424 846372 471108 971887 846916 887420 512559 929260 892368 ,270105 846372 971887 846916 887420 512559 929260 892368 827713 947203 
79714 804770 155119 550287 110987 365568 972561 528660 279600 515124 ,79714 804770 155119 550287 110987 972561 528660 515124 453956 110688 
923810 708178 391650 893777 732456 541632 59345 780660 172925 807359 ,923810 708178 391650 732456 541632 59345 780660 172925 807359 310675 
431989 704481 949907 610014 753499 810591 503977 202972 208949 122249 ,431989 949907 753499 810591 122249 933439 370493 2470 418216 225778 
690565 722754 736494 261946 255794 24851 910196 534090 173535 671493 ,690565 736494 261946 24851 910196 534090 497164 584050 468382 723019 
930175 239822 9261 255857 431643 658214 487976 481268 709003 247049 ,930175 239822 9261 255857 658214 487976 481268 709003 800396 773314 
517166 892758 122896 80148 404705 719517 176654 390115 7263 80397 ,517166 892758 80148 404705 176654 390115 7263 80397 96538 100835 
232441 176951 502197 203745 539101 810155 177536 132026 767054 875604 ,502197 203745 539101 810155 177536 132026 767054 147490 574155 696059 
217207 765620 763542 979271 837699 850753 668039 239716 165966 672654 ,217207 765620 979271 837699 668039 239716 589753 48368 996687 434568 
390021 850411 846093 93621 844494 401583 188771 811582 548632 90823 ,390021 850411 846093 93621 401583 188771 811582 548632 90823 830626 
973912 194456 954748 947827 566112 86821 106703 868490 107170 276694 ,194456 954748 947827 566112 86821 106703 868490 107170 276694 209071 
930048 668550 79511 834416 390285 321840 920055 90995 19689 810425 ,79511 390285 920055 342434 848368 630815 621762 79934 629377 195188 
628498 458006 740793 354961 193726 780738 432945 30370 314901 924611 ,955831 323756 498630 525624 336968 452325 125084 906744 575454 816805 
477652 309847 656377 298363 593317 302097 565991 912792 304409 612657 ,477652 298363 302097 565991 912792 154763 747036 335371 866021 683852 
403605 171685 228199 361745 458979 238384 283884 69714 594853 239130 ,171685 361745 458979 238384 283884 239130 75489 772773 433052 325540 
427112 526440 536467 563921 947651 478890 964890 329035 9791 547692 ,526440 536467 563921 478890 964890 547692 690825 326198 151914 507410 
825514 351610 750562 653392 653103 101362 31118 284440 443755 323491 ,825514 750562 653392 653103 101362 31118 443755 323491 30176 443460 
723615 481237 408762 91061 818204 588906 396235 76396 277930 361059 ,723615 481237 408762 91061 396235 76396 277930 361059 171624 102091 
262476 699300 419870 151174 927270 153377 98707 663811 994280 629603 ,262476 419870 151174 927270 153377 98707 663811 629603 570519 554603 
517997 607166 268998 427112 487573 363395 365834 265935 471410 296268 ,517997 607166 268998 487573 363395 365834 265935 471410 296268 82365 
596934 654723 454950 954610 737157 48471 210104 49469 788852 264058 ,596934 654723 454950 954610 737157 48471 210104 49469 788852 264058 
740468 363422 277813 490209 602544 504998 305965 658412 109408 151232 ,740468 490209 602544 504998 658412 151232 30007 293308 419870 524970 
550279 941748 379657 28795 784091 952578 70000 609052 358821 480486 ,941748 379657 70000 609052 358821 480486 611741 779328 632906 75916 
869047 646199 273721 194376 978035 645750 681059 108050 226997 390102 ,869047 194376 978035 108050 145370 503683 506544 723732 60297 636711 
259423 216693 940821 119051 997735 821461 103487 933426 649599 433910 ,259423 216693 940821 119051 997735 821461 103487 933426 649599 433910 
270034 212900 212092 960053 343809 806274 739860 28166 325512 260056 ,212900 212092 960053 806274 739860 880831 727592 79576 492554 20879 
376862 972229 43095 827773 636291 660334 110981 382841 359590 484851 ,376862 972229 43095 827773 660334 382841 359590 484851 410776 152168 
980818 839147 239203 44083 504324 736385 870016 6003 769879 824444 ,980818 839147 239203 44083 736385 870016 6003 769879 824444 268662 
636212 562887 427516 429958 821166 122436 528671 240688 993810 455349 ,636212 562887 427516 821166 122436 528671 240688 993810 279598 967514 
684128 754255 525613 484774 273647 79600 510770 953961 724693 208445 ,208445 195289 298726 255528 483412 113930 977349 691842 679425 193754 
612316 637274 144918 977866 373845 637653 663934 545577 365929 400777 ,612316 637274 144918 373845 637653 663934 545577 365929 135724 816946 
375414 827584 824959 994672 211126 75070 671566 642585 357724 612050 ,375414 827584 824959 994672 211126 75070 612050 666849 776766 930569 
526795 604679 419533 500563 311072 351000 985505 232647 677254 897916 ,311072 985505 232647 897916 232455 498030 106156 631844 636814 351773 
919995 72322 405019 242707 338042 893589 688329 763542 258953 144305 ,919995 72322 405019 242707 893589 688329 258953 144305 930499 357277 
54896 732722 140208 193321 963221 649432 517122 487132 517676 114413 ,54896 732722 140208 193321 963221 649432 517122 487132 114413 304082 
872454 854637 266316 896659 32947 835564 812491 85762 954563 171986 ,872454 854637 896659 32947 835564 812491 85762 954563 171986 979048 
17336 948494 194804 923970 284683 113987 576788 943179 230383 13619 ,17336 948494 923970 284683 113987 576788 230383 13619 60208 575481 
1267 289288 87919 321983 695609 785133 719314 498438 280495 187072 ,695609 187072 884427 660209 997421 632659 636504 659223 458303 519721 
95114 160900 507260 218130 975861 380859 479650 204900 980656 7500 ,95114 160900 380859 479650 204900 7500 13349 228338 760725 538919 
631843 414039 523753 406118 89527 940462 126050 82352 939320 197526 ,124734 922687 95869 704505 41287 491863 339901 526215 577591 510970 
254553 102622 339063 254458 373455 323008 354586 322417 792272 423447 ,373455 792272 423447 56177 417726 402669 715392 698895 516680 899927 
628035 887601 973196 176660 757628 134198 220268 159765 184738 221948 ,628035 887601 973196 757628 134198 159765 184738 221948 285704 573387 
101250 495266 263252 423043 279092 331387 336960 487538 292083 278954 ,331387 487538 355795 427121 506125 364495 857495 451975 305206 323674 
799615 566604 495524 209476 183303 714282 510770 493922 523243 182366 ,799615 566604 209476 183303 714282 510770 493922 523243 182366 307813 
876827 666849 612050 443663 853712 589951 946456 445176 103487 915328 ,876827 666849 612050 443663 853712 589951 946456 445176 103487 915328 
84640 452411 217676 304471 628609 354520 129973 528265 109117 519582 ,84640 217676 304471 628609 129973 528265 109117 519582 365273 200683 
47136 698175 644889 614082 428944 637353 284782 186409 909306 765237 ,47136 698175 644889 614082 428944 637353 186409 909306 765237 217581 
506313 65516 238753 680741 171215 941710 561478 696191 992478 622674 ,506313 238753 171215 561478 696191 622674 490180 138264 413626 931754 
195188 805742 167798 194842 18134 545657 333506 846030 145590 347411 ,195188 167798 18134 846030 145590 259755 56907 649954 882475 391593 
17823 511810 413007 519826 300228 380989 823682 495006 846093 747100 ,413007 519826 380989 495006 846093 747100 510431 400992 480475 111719 
216693 837482 542589 57982 851524 775939 837259 275551 933029 496324 ,216693 837482 542589 851524 775939 837259 275551 933029 496324 930159 
174540 17729 273752 856690 215971 212931 433041 422160 65269 169650 ,174540 17729 273752 215971 433041 422160 169650 275693 863814 965410 
294368 354338 52184 471569 658538 942671 288621 662261 55302 227378 ,294368 354338 52184 471569 658538 942671 288621 662261 55302 227378 
300165 799310 517586 391087 84841 730688 947950 299174 48969 522987 ,300165 799310 84841 730688 947950 299174 48969 527847 174141 547886 
573872 88017 103611 95515 694121 65340 233688 198131 276947 572148 ,88017 95515 694121 65340 276947 198131 757164 6171 742283 834258 
354128 261503 780243 70380 111921 663208 360359 306384 821941 829504 ,70380 111921 360359 306384 525680 518183 404635 750164 348803 363419 
298719 154552 361911 197530 900536 889531 275790 215676 774982 157224 ,154552 20294 943965 502691 711432 72936 797711 998805 262981 14933 
221656 204837 255965 647588 745666 755315 19646 993396 653505 650763 ,221656 204837 647588 745666 755315 19646 993396 653505 543962 861660 
201637 480099 181451 614480 801648 226642 930961 563458 539720 53123 ,201637 181451 515325 153080 931379 121740 21748 70273 502783 100329 
934511 120159 510715 628155 83375 200924 608699 938333 873793 239841 ,934511 120159 510715 628155 83375 608699 938333 873793 239841 612727 
519920 221525 946872 562122 648120 158441 732577 989878 29701 497357 ,519920 221525 946872 158441 989878 497357 274426 205131 973191 514410 
187195 904434 745511 596685 520614 91079 84462 606976 708978 724629 ,904434 520614 606976 708978 451679 80911 81627 364324 321821 520219 
144402 181248 929396 888231 756510 905834 167357 142228 238406 309727 ,181248 929396 888231 756510 142228 238406 309727 907610 136554 374445 
476873 106746 778578 105782 558447 856161 104951 173543 38727 447104 ,38727 633307 376401 809990 38956 537615 477273 521351 57385 742652 
932077 786992 370811 639091 771483 611118 677856 315436 683469 659224 ,932077 370811 771483 611118 677856 315436 683469 659224 625878 906422 
922827 900801 998777 187544 59397 913563 696284 126431 938751 185003 ,922827 900801 998777 187544 59397 696284 126431 938751 185003 84139 
12673 454346 407251 466228 203857 870914 996469 841580 799918 827183 ,407251 870914 841580 827183 303590 638475 146073 365987 683614 788885 
921488 885484 904457 914217 881134 487024 51507 670559 540983 670893 ,904457 914217 670559 531966 111879 707982 608083 893376 716253 607279 
905131 780386 720800 443654 81561 791113 293725 214848 428229 123845 ,123845 192634 378675 979767 630180 699014 410092 471902 601633 601121 
405272 33288 823495 880119 374907 738164 214181 375134 898375 153963 ,823495 880119 738164 214181 375134 153963 127842 541941 417446 857525 
60337 594309 174579 832630 949258 385233 841551 880058 392437 680713 ,60337 594309 949258 385233 880058 680713 820390 976685 764399 784171 
791440 20977 612332 758085 947061 195193 140691 119147 194195 404004 ,791440 20977 612332 758085 195193 119147 194195 116097 698624 399180 
256428 438465 551393 941337 481667 262783 798626 952578 481170 725904 ,256428 941337 481667 262783 481170 725904 18768 154147 678437 855425 
443684 870987 785131 192074 776766 443663 445176 853712 833140 443594 ,443684 870987 785131 192074 776766 443663 445176 853712 833140 443594 
365610 292658 803797 870722 306586 648083 777451 446490 953201 716124 ,365610 292658 803797 870722 306586 648083 777451 446490 953201 716124 
331896 444014 907087 581720 304644 354782 444283 733161 720500 443503 ,444283 444223 121896 297596 284499 303332 322025 611727 50779 559587 
426445 556113 366396 934186 288180 5931 431082 556126 72346 905081 ,934186 288180 5931 431082 72346 905081 842529 773189 664178 618837 
845400 791551 267626 481817 173256 690372 793221 831871 124170 211407 ,845400 791551 267626 481817 173256 793221 831871 124170 224403 541888 
411368 468153 631652 487179 84640 204815 861138 262209 296847 898181 ,411368 631652 487179 84640 204815 262209 296847 985029 704221 369436 
631836 532121 403971 729447 1982 663091 677865 11795 710058 481122 ,631836 532121 403971 729447 1982 663091 11795 710058 970779 863759 
552975 83547 50343 442639 534992 783788 751392 74553 872070 804639 ,905081 989664 5931 102714 500623 785128 900729 248203 540060 708579 
102091 813595 93808 396242 267689 741677 947720 878202 522530 136460 ,813595 93808 396242 267689 947720 878202 522530 225974 170440 181059 
560726 923413 98745 483807 794994 910967 422849 748101 825569 322025 ,923413 98745 483807 794994 910967 422849 748101 825569 322025 627833 
75339 130340 987676 955262 105745 328110 407471 729910 926772 432556 ,130340 105745 328110 407471 729910 432556 665368 90371 151617 620549 
151386 90656 612956 151339 97240 771994 232269 216667 412446 188765 ,151386 612956 151339 97240 232269 216667 412446 321822 365439 536613 
539594 231747 355013 712485 637282 539566 781374 334734 610088 948696 ,539594 231747 355013 712485 637282 539566 781374 334734 610088 948696 
306845 807580 527500 495828 277373 809545 157261 958056 120753 433668 ,306845 527500 277373 157261 809716 406943 662618 323469 585097 915106 
314366 464860 465531 979273 125009 12275 468690 551510 389930 323094 ,12275 159243 292465 635392 389956 719212 668701 430500 696069 468373 
541634 611654 955020 829666 413011 920462 230397 112061 400017 996655 ,541634 611654 829666 413011 920462 400017 996655 815190 850775 795018 
369312 467741 795167 514389 483013 290020 338145 81766 598536 945366 ,369312 467741 483013 290020 338145 598536 327255 62918 217477 237815 
225735 108315 14910 165742 355584 626670 203757 108844 207008 859870 ,14910 626670 108844 207008 565216 962750 302838 250087 729836 421190 
454133 704932 272432 691372 178586 567928 269622 224793 168398 852721 ,704932 272432 691372 567928 269622 224793 168398 852721 720185 945294 
984183 781599 193125 667525 53035 277286 563843 204662 268940 71563 ,984183 667525 53035 277286 563843 204662 268940 71563 866239 273760 
477711 75823 61853 428930 625999 133819 983688 165063 59451 190652 ,75823 428930 625999 133819 190652 993104 694880 461681 192341 813224 
198166 282023 61163 255480 157943 893218 510924 532403 83421 95612 ,198166 61163 255480 157943 893218 532403 544724 961084 432469 684567 
352092 292004 96973 324164 728702 625595 248360 248074 850200 499812 ,352092 728702 625595 248360 248074 499812 339180 496759 238002 370749 
697657 928907 833543 16040 126849 334731 533762 623547 568742 670229 ,697657 833543 334731 533762 568742 670229 508639 389741 347180 934520 
347994 481223 710726 459772 424632 259499 563531 890156 949760 142885 ,710726 459772 424632 142885 221718 787665 597988 870293 226487 565903 
674665 186644 43999 826076 654231 452246 824890 654463 654645 654894 ,674665 186644 43999 826076 654231 654463 826093 955507 936287 820551 
969958 964671 678446 932692 957508 724332 561124 987143 880672 518555 ,964671 678446 724332 561124 987143 880672 843561 240025 936421 508699 
774104 296773 442621 773778 888208 951599 341971 882395 627937 951183 ,774104 296773 442621 888208 882395 534490 189684 882348 416609 39063 
203411 813647 561208 526857 880170 16806 226847 500683 366780 711231 ,203411 813647 526857 16806 226847 711231 289733 594635 377607 377484 
49876 868997 839058 563843 958428 309839 711928 261056 57233 828391 ,958428 309839 193542 754619 860729 397947 892531 741591 543276 5471 
141607 853901 89514 332874 149482 710780 154148 318654 453867 799648 ,141607 853901 89514 332874 149482 710780 154148 453867 291511 76608 
298213 126998 11713 284408 55984 269062 198702 750220 682176 785811 ,298213 284408 55984 269062 750220 785811 405563 72651 935508 89281 
363939 910863 279771 609882 518301 53279 188903 272251 791130 131116 ,363939 910863 279771 53279 188903 272251 713054 328854 911093 98001 
387191 327974 531552 689714 437920 798579 822850 66831 725754 110866 ,387191 327974 531552 689714 822850 66831 725754 272250 489355 148553 
850792 381495 867436 392646 720690 763282 741777 670303 44538 70126 ,381495 867436 763282 670303 44538 70126 185826 194620 749459 291707 
18473 904751 37092 708597 114774 697002 784649 156409 86718 32221 ,37092 708597 697002 156409 90891 35703 395364 132965 132731 436950 
421541 640652 39599 654231 768557 893959 46372 646365 207059 655150 ,654231 768557 46372 646365 655150 447567 791407 804531 186644 826093 
105782 54501 686522 520787 171422 699832 770963 639883 865295 543404 ,54501 686522 520787 171422 699832 770963 865295 543404 6597 890055 
105745 452720 452279 485266 42466 126470 283734 81766 524103 238383 ,105745 452279 283734 238383 889118 104758 247670 970030 88956 729940 
525560 4225 527500 480397 243865 528175 734997 465254 894865 437615 ,525560 4225 527500 243865 528175 894865 351594 756626 294997 236918 
779638 483701 239475 505053 343793 42006 126379 243436 99741 506225 ,779638 239475 42006 126379 418124 478594 954483 411309 294110 24512 
881769 249990 194649 576210 86551 92178 801156 418562 981361 620979 ,881769 249990 194649 86551 92178 418562 981361 620979 120911 264419 
846476 102897 562608 610868 668962 708855 993528 709778 113688 367910 ,113688 949333 915761 482156 405995 223011 969165 83807 827084 975096 
92443 151339 296076 523848 497456 530205 893442 227418 942551 509326 ,92443 151339 497456 530205 893442 227418 625595 780259 237138 226797 
452279 530893 283734 366977 458740 77356 698599 351069 279611 94528 ,452279 530893 283734 366977 458740 698599 351069 279611 94528 175376 
17295 214636 997966 693501 729334 94121 725171 129629 369605 23355 ,17295 94121 23355 601449 96725 177645 10610 251329 679250 206636 
84205 283495 415786 188839 265787 743421 379085 893594 112726 129897 ,188839 265787 743421 379085 893594 246619 698932 323582 535120 351945 
789708 45582 164337 676747 985473 646820 896792 382496 789449 638302 ,789708 45582 164337 676747 646820 896792 638302 575163 32130 672972 
796766 754825 721426 706236 416094 125433 937390 931428 54831 597115 ,796766 754825 721426 416094 54831 597115 46836 768548 415315 405573 
93068 894362 750058 301506 858905 845080 981925 249493 727035 164475 ,750058 845080 981925 249493 787423 388594 332816 684200 126284 726624 
116650 224844 936538 417907 16064 34749 947085 998000 272908 76787 ,417907 16064 947085 998000 554921 727071 633831 386986 225009 802105 
80191 125207 737553 617908 698034 560486 172654 467135 16557 524813 ,80191 737553 617908 467135 81515 957578 367871 487656 58817 432070 
629049 800249 450808 571186 902435 939299 902967 616952 478040 902523 ,939299 616952 936247 475396 289197 67381 479364 340905 125590 616067 
367729 220942 903839 547570 308179 678643 469661 337470 322238 504555 ,220942 504555 433409 381983 941772 351642 556882 683416 522617 440905 
159658 797615 255054 335984 956721 107001 241552 295544 682427 879353 ,159658 255054 335984 241552 682427 879353 430881 205432 797062 433214 
481617 188517 98798 529173 152458 295610 397215 831417 587999 241247 ,481617 188517 529173 295610 587999 241247 658131 522119 821958 577918 
662932 306524 850064 554607 419600 429762 511140 351126 429991 940580 ,662932 351126 940580 365539 730140 370501 560191 701734 351001 262803 
486048 681260 345937 874100 85342 504632 558805 999073 113559 66008 ,486048 681260 85342 504632 558805 66008 786250 172509 152700 117527 
94705 533814 453540 248299 182359 525064 321610 785030 305752 219369 ,453540 472302 280015 305890 238056 84734 105597 79681 292206 488356 
526529 742198 517243 989840 214815 270882 770953 804769 80893 188529 ,270882 279129 635359 30555 746864 363550 369739 103378 43879 529430 
283166 448357 982749 454590 297455 499917 192565 833614 312041 531837 ,982749 297455 499917 192565 833614 305834 340544 505489 547724 473918 
102321 444599 716950 643148 888853 642176 445255 641221 103788 443593 ,102321 444599 716950 643148 888853 642176 445255 443593 826021 808845 
308883 670703 20080 569716 224865 174015 468747 233459 365634 435960 ,363530 822631 253580 82855 152864 219034 363550 321646 59749 869620 
859570 688933 800459 540152 332065 330853 543411 412496 812425 936313 ,688933 800459 540152 332065 330853 543411 865111 491777 100354 701905 
321508 104890 121925 818384 188274 321458 449937 30277 87397 426706 ,321508 104890 818384 188274 321458 30277 426706 151283 566296 743095 
200062 264340 230297 966083 526967 483487 789033 497180 530501 73537 ,497180 530501 689707 208989 723512 493922 270233 926424 827160 226635 
487683 103363 349393 353006 341731 552300 970408 619610 901628 186652 ,487683 103363 349393 353006 341731 552300 970408 619610 186652 438670 
51344 80264 464981 524816 80035 551749 176860 467680 55538 566296 ,51344 80264 464981 524816 80035 551749 176860 467680 55538 566296 
855366 604837 885978 609252 854127 443546 606701 853635 960657 190622 ,190554 947036 190524 854355 919550 190996 541725 982467 833767 154618 
623785 439744 883150 663278 969288 208357 68233 618858 679073 185018 ,439744 883150 618858 185018 749571 867603 473307 121472 371984 134018 
808490 904250 91428 698870 109547 99071 965022 435533 454745 85188 ,808490 91428 109547 99071 435533 454745 85188 767291 232921 516905 
90970 832096 69230 201513 983256 154618 276444 146595 724906 781798 ,90970 832096 69230 201513 276444 146595 724906 781798 519045 853495 
570198 418558 571165 339549 231758 704655 325279 98637 873787 961924 ,339549 231758 325279 873787 501858 662716 319470 128251 718393 973014 
169714 783575 771910 124874 345433 135827 130913 150799 513734 784169 ,783575 124874 150799 513734 307871 596018 94827 162219 827372 287627 
705008 224889 609187 21660 711672 844809 196100 400552 833703 595126 ,609187 711672 844809 196100 79068 202542 679774 859995 178244 762943 
838754 749987 868581 399971 529804 113689 497919 893603 881399 844875 ,838754 749987 399971 497919 893603 881399 844875 572635 957553 538740 
313535 777144 356810 308279 39896 102616 556567 410412 61077 218038 ,777144 356810 308279 39896 102616 556567 410412 61077 218038 60441 
121121 166675 187407 390347 524310 467312 385015 474607 105124 530239 ,467312 474607 105124 530239 531295 662785 402070 468433 645214 16653 
751544 569403 290240 566607 99177 806302 100263 740474 298041 337875 ,751544 290240 566607 806302 100263 298041 337875 584158 223144 901294 
185163 342790 903034 801660 185177 547221 314355 782038 841697 590358 ,185163 342790 903034 801660 185177 314355 782038 841697 258726 580427 
429624 206535 270813 694097 350585 720838 978428 484902 125590 223672 ,720838 484902 125590 305592 726378 6416 549293 65025 81205 5740 
239736 728061 529072 79387 21989 736264 370683 175209 929618 4714 ,21989 929618 4714 46908 456017 292203 45777 452033 604877 105292 
983197 893192 985064 744964 566435 769521 857081 246372 893539 993524 ,983197 893192 985064 744964 566435 857081 246372 893539 994197 667793 
823701 4590 87209 692123 202541 967149 285958 663979 520719 493471 ,823701 4590 202541 967149 285958 663979 520719 493471 350466 514206 
629743 93853 265709 651697 726121 2816 203730 629796 439050 282735 ,629743 93853 726121 2816 203730 629796 690860 336177 495554 300962 
437380 676331 296084 419717 45778 151396 943450 315410 629627 849824 ,437380 676331 45778 151396 943450 629627 849824 529809 283161 929758 
949476 396898 1655 318030 125185 806870 172509 620471 127793 1555 ,396898 125185 127793 169043 84645 173289 98058 311518 788709 33082 
166749 381995 975102 860024 721067 775961 722937 324499 483216 480762 ,166749 381995 975102 775961 480762 74297 277196 750349 455917 497253 
704134 71027 785875 210284 578152 686004 648001 563219 510664 70653 ,704134 71027 785875 578152 686004 510664 70653 352381 61355 40409 
586818 487628 93955 476635 317531 516459 45463 117446 450887 277979 ,586818 450887 460163 206298 459449 175722 410207 471036 395685 328669 
409467 196104 51187 441561 764527 847409 478117 887918 578645 54450 ,196104 847409 8734 241610 173758 699799 991034 411345 220972 555566 
755503 992634 828047 980638 999491 833034 755948 762186 404602 192019 ,755503 992634 828047 980638 999491 833034 755948 762186 404602 192019 
83316 241511 451932 628470 148530 683523 397215 804345 811889 754104 ,83316 241511 451932 628470 148530 804345 754104 305605 483930 532078 
711167 977821 84231 413187 92327 522169 872132 82276 525516 439124 ,977821 84231 413187 92327 872132 82276 439124 60439 922891 84094 
469676 94474 129973 799966 338992 370814 153583 600736 532036 477926 ,469676 129973 370814 153583 600736 477926 556010 662605 607039 713047 
679771 840484 270199 399522 868022 794516 618740 888566 594455 730500 ,840484 270199 399522 794516 888566 594455 730771 886686 2456 69299 
365053 351139 206481 265552 480761 515152 108745 128575 683578 954647 ,351139 108745 128575 306059 693102 629157 203872 711167 784542 894274 
166552 100874 271928 790678 466813 700471 185210 321998 630401 105996 ,271928 466813 700471 185210 321998 630401 105996 440398 353837 517038 
921581 640445 878014 389726 588243 263187 670526 795391 216628 913240 ,921581 640445 878014 389726 588243 263187 795391 216628 913240 920848 
857840 913142 958444 909195 515792 299026 847236 426332 781929 580545 ,913142 299026 781929 329479 684427 105244 234212 112537 532743 363540 
240877 936881 739306 185502 205962 722532 330357 390190 503818 380114 ,240877 936881 739306 185502 722532 330357 390190 503818 380114 686693 
13570 4450 844543 431436 466073 735260 707291 187507 160135 436725 ,13570 844543 431436 466073 707291 187507 436725 380834 747855 113911 
682783 616979 45283 944979 227350 361082 216557 642486 891095 891526 ,616979 45283 944979 227350 361082 642486 891095 891526 754798 617007 
309836 10577 407355 350680 550453 296653 431945 469701 843892 837965 ,766217 771417 46619 96038 631154 481475 242046 158929 10343 467315 
322418 358358 517212 128119 291492 981016 254782 918895 921540 717718 ,322418 358358 517212 128119 291492 981016 254782 918895 921540 717718 
319039 478194 414060 204659 37609 537330 57756 554557 407395 733714 ,478194 37609 537330 57756 554557 651008 413880 717359 811455 511098 
876337 216554 878867 546884 972667 488641 670428 322824 327646 792562 ,876337 216554 878867 546884 488641 322824 327646 792562 832419 216201 
869023 959149 665363 750168 385212 110192 749448 595953 89662 971957 ,869023 959149 665363 750168 385212 110192 749448 595953 89662 678495 
589752 943244 587819 544517 588569 644376 231647 784417 168302 826977 ,587819 544517 644376 118885 300301 576720 858573 736950 830326 102010 
932147 882731 961681 583358 472273 36141 962498 873685 31325 521890 ,932147 882731 961681 583358 472273 962498 873685 521890 387265 215833 
416067 499099 432758 174755 633908 292643 188296 544114 31473 495955 ,499099 432758 174755 31473 524692 195151 519047 723662 82812 517046 
770379 5438 381959 378613 983844 546835 640545 37973 410421 480117 ,770379 5438 381959 378613 983844 640545 37973 410421 480117 615551 
905754 657411 837254 6910 893406 539564 657795 698873 789619 736499 ,905754 657411 837254 6910 893406 539564 657795 698873 789619 736499 
971518 315518 329285 436968 269802 356203 583503 428963 369219 939956 ,971518 329285 269802 583503 349044 823796 878765 680210 171433 804944 
482453 485801 405858 976903 376378 289150 289239 75792 680049 172317 ,485801 289239 75792 188279 637810 59919 340905 156460 262314 518111 
860119 341148 987397 73643 965969 838001 775730 95481 574971 499247 ,341148 838001 775730 95481 574971 499247 439188 222188 619129 947705 
39505 38405 610590 478488 605507 54954 902887 512544 667539 477158 ,38405 610590 605507 54954 902887 512544 667539 477158 38502 604170 
682096 722465 247570 284509 538596 47480 480261 275506 706661 497167 ,682096 722465 247570 284509 538596 47480 480261 706661 497167 66827 
541835 73402 345819 539992 55070 727788 925334 39977 951827 539995 ,541835 73402 345819 539992 55070 727788 925334 39977 539995 441704 
85375 730338 237016 349665 524957 62141 795640 498447 498828 966182 ,85375 237016 524957 62141 795640 966182 16873 548867 80035 658192 
648012 651406 65825 990250 892583 217699 672262 991449 918812 609327 ,648012 651406 65825 990250 217699 672262 991449 918812 609327 831206 
144835 497746 673771 613711 904728 275949 953609 736174 165738 390808 ,144835 497746 673771 613711 275949 953609 736174 390808 613764 548302 
569915 864731 31471 336748 436977 634614 513228 744794 866680 94474 ,94474 218017 340964 350400 80494 286662 688060 773625 266859 82434 
368719 27193 13230 518461 580603 859117 896981 654554 290550 679184 ,13230 580603 290550 679184 754254 483117 253911 421861 849396 288672 
332650 984616 648522 360492 340535 300578 60892 462757 269707 328211 ,984616 360492 300578 96558 195870 65730 639747 141799 74812 7090 
265555 995656 495437 874826 331328 139867 684034 468016 314679 698326 ,265555 995656 495437 331328 139867 684034 468016 314679 698326 37999 
756114 708702 719559 77578 719733 149366 577893 796491 556957 349895 ,756114 708702 719733 149366 577893 349895 761765 376714 264409 327914 
5085 818384 4854 815492 121925 815370 524904 53061 446880 815303 ,5085 815492 815303 487832 123163 82812 517898 487378 30277 540615 
775183 923508 417045 886307 777057 530088 264438 886063 905225 744864 ,775183 417045 886307 777057 886063 905225 744864 451844 537282 133542 
969187 533132 881454 653138 287128 621674 241791 330757 842455 771813 ,969187 533132 881454 653138 287128 241791 330757 861381 390136 164573 
46795 909186 421083 994863 443274 552368 656820 608266 655800 839333 ,46795 421083 994863 443274 552368 656820 608266 655800 839333 907975 
737286 807458 326621 290117 776581 970945 266027 361625 47755 826524 ,737286 807458 290117 776581 266027 361625 47755 826524 967121 290013 
103857 148211 290912 411239 341361 367186 738972 744421 795200 328302 ,290912 268111 662932 5767 715975 20454 363532 370698 179125 22884 
45501 96333 238080 889114 877021 271938 385520 893047 288255 730499 ,45501 96333 238080 889114 877021 271938 385520 893047 288255 730499 
667924 273990 297179 385968 126211 22251 665387 560173 145352 87524 ,273990 297179 126211 22251 145352 87524 694072 533799 458897 751222 
986734 645260 709032 831565 855761 140289 102355 935938 772106 103733 ,645260 855761 140289 935938 573273 13171 985631 132021 121 206343 
973091 412148 533901 278858 325734 940486 280015 913707 56123 716568 ,238056 61251 645706 640641 227419 113062 311516 575249 694775 216446 
670805 866673 893180 249122 652391 849443 40662 898804 880083 561041 ,670805 866673 893180 249122 652391 849443 40662 898804 880083 944476 
403191 811646 128385 688552 131491 407411 552562 66006 422975 507425 ,811646 128385 407411 552562 421401 754983 553655 477201 537869 635439 
58469 58401 577316 26388 249103 410835 596191 405493 334830 999311 ,58469 58401 577316 410835 596191 405493 334830 999311 914621 862580 
987846 333735 776738 656514 199768 44532 292158 880858 852424 983111 ,333735 656514 199768 292158 852424 983111 603095 104872 583922 448511 
58676 385080 71358 59070 154384 423128 659547 339534 720905 175927 ,58676 385080 71358 59070 423128 720905 175927 365746 358664 734714 
878372 955944 104683 906521 123543 268686 545631 866039 879684 594656 ,955944 104683 906521 123543 268686 545631 879684 881463 911529 854234 
665239 809942 518163 763580 517898 466702 140351 190522 429886 241457 ,665239 809942 518163 763580 517898 466702 140351 190522 429886 63928 
401575 829469 714904 603850 443142 603682 864115 651455 756679 824421 ,401575 829469 714904 603850 443142 603682 756679 715817 720788 872534 
343922 509645 182271 841436 970190 874624 296483 497693 749473 720139 ,343922 509645 182271 841436 970190 874624 296483 497693 749473 720139 
280604 72123 747460 293103 851396 883521 891103 856669 952378 567403 ,280604 72123 747460 293103 851396 883521 891103 856669 952378 567403 
166675 476837 663290 528220 965912 187680 488269 798779 123399 390290 ,476837 663290 528220 488269 925658 187407 280647 397973 467312 23984 
161891 677737 612957 677740 653717 733023 859612 742468 123399 994449 ,74387 618962 122377 403783 324375 555021 921835 235096 618696 373433 
36938 849366 34579 785399 437105 885056 13248 757250 844378 449816 ,36938 849366 785399 437105 885056 844378 449816 791231 764200 672448 
452072 341505 495229 350428 61236 496947 105156 65496 528650 350448 ,452072 341505 495229 350428 528650 319470 525751 718393 127972 554652 
238143 701753 923445 838738 110014 475626 621497 352239 565867 893636 ,701753 923445 838738 110014 475626 621497 893636 143674 340421 893720 
421993 275780 422292 81964 89774 276563 229502 95485 78815 113155 ,421993 275780 422292 89774 276563 229502 95485 78815 113155 887001 
923802 797010 483800 31584 333012 438591 668047 70409 395377 343271 ,797010 483800 31584 438591 668047 395377 343271 391065 191468 346864 
435747 74747 976860 304309 954564 296825 106273 118529 455152 296614 ,296614 549793 636019 266599 461997 108461 176437 769438 600051 333523 
30433 233301 798803 685150 58835 495199 525254 965059 411220 474678 ,30433 798803 685150 58835 495199 525254 965059 411220 474678 137868 
653433 423651 4492 755416 632280 886111 301757 446364 450102 634836 ,755416 446364 945586 657000 189183 572883 998947 321505 306294 79411 
351156 85295 19194 151713 69034 636805 945568 804561 72121 723095 ,69034 790899 806484 364260 366921 502689 736573 183922 987684 748502 
804701 839147 662270 6003 39479 810754 826992 99382 353661 979581 ,804701 839147 662270 39479 810754 826992 99382 353661 979581 230891 
338233 364054 246565 254232 469673 585271 363994 237166 39754 658327 ,364054 246565 469673 585271 363994 237166 39754 658327 248949 57146 
804769 145352 723154 511684 524638 341227 263778 722957 56020 629333 ,145352 511684 524638 263778 56020 365608 87753 583791 292105 721001 
208284 668610 832212 210968 962283 712746 652726 483820 714557 835002 ,208284 668610 832212 210968 962283 712746 652726 483820 835002 214198 
16821 574351 823555 153806 355069 225347 224303 667924 962712 457313 ,16821 153806 464640 595302 92910 865707 630809 335228 64488 366329 
113754 822302 423656 712358 717984 663130 540686 423773 792449 778856 ,113754 540686 423773 191332 445091 778978 870093 249556 636975 497077 
668296 805170 162059 82361 988390 278489 661643 232105 501638 366041 ,805170 82361 988390 501638 596452 449687 341854 93329 800210 141208 
703496 967110 145985 611152 485489 801658 93908 308692 564605 20194 ,485489 93908 564605 60470 391651 97871 765784 452130 278102 909118 
394750 364336 364484 639035 471253 90402 417913 720310 504402 319110 ,394750 364336 639035 90402 720310 319110 157992 287128 355946 69839 
728480 273352 83488 426379 82077 152460 93450 125068 498104 84213 ,273352 83488 426379 82077 93450 498104 724911 984035 942369 122450 
484043 299191 227119 223773 281562 295682 665593 151562 918744 516625 ,223773 281562 918744 254532 980105 231889 841578 972816 239487 944988 
51114 780380 142308 326394 553409 402186 926599 199831 364594 290775 ,51114 780380 142308 326394 402186 926599 364594 290775 73517 597206 
803420 898884 639565 964815 799342 822013 203905 831320 391766 508731 ,803420 964815 799342 831320 391766 703046 803728 977326 460721 871591 
705086 519532 577389 770738 514638 97280 285923 869589 92174 382521 ,705086 577389 770738 514638 97280 92174 841001 233933 623389 376056 
277749 959036 482105 468358 153568 43284 450606 43587 617775 313675 ,482105 468358 153568 43284 450606 43587 617775 313675 645504 198086 
828938 682294 472213 991286 661248 132921 402300 564937 793421 415239 ,991286 402300 574805 563002 938133 35458 507241 737060 589165 988976 
297602 437899 661342 931016 226507 980379 828028 711474 709112 98983 ,297602 661342 931016 828028 303207 15994 732471 909371 208300 391558 
577893 704945 70006 687 801741 463272 59110 664484 529804 395062 ,577893 704945 70006 687 59110 529804 395062 527261 751628 439943 
547291 880802 765163 380163 107212 779496 107591 925721 294533 722361 ,880802 765163 380163 107212 925721 294533 722361 37416 394386 301804 
16596 436579 368137 666230 841555 99650 96055 281894 221338 555658 ,841555 99650 281894 221338 338722 92714 831745 453312 87681 265222 
353411 857643 772321 338722 755576 848384 848774 27630 809051 858087 ,281894 831043 607460 767699 666689 646879 552103 895382 638597 776842 
390772 926834 201350 727294 946783 705675 658158 512012 842521 918437 ,390772 201350 705675 658158 512012 842521 351613 31857 942266 201880 
33372 621745 404246 551736 125185 346802 153708 392512 882272 219218 ,33372 621745 404246 551736 125185 346802 392512 382376 943254 467315 
431644 234284 200680 481810 230804 64037 333533 630144 200146 405534 ,431644 234284 481810 230804 64037 333533 630144 200146 405534 670185 
133797 878786 643279 92884 155935 783661 246931 897808 715904 643071 ,133797 878786 643279 92884 246931 897808 643071 508731 871044 715819 
362706 161050 922611 333663 363213 774520 692681 714449 821835 776718 ,362706 161050 333663 363213 774520 692681 714449 821835 776718 13463 
718738 816418 762945 904737 826236 40705 663536 589053 826116 772996 ,718738 762945 826236 40705 663536 589053 772996 913929 768759 912355 
150160 548550 75576 775380 160389 297038 539247 635791 773379 903159 ,150160 160389 635791 656073 425143 844833 991034 711924 436138 133375 
127305 476861 424275 569372 56456 763641 535911 416003 654991 229237 ,127305 476861 424275 569372 56456 763641 535911 416003 654991 229237 
554486 824665 238633 378689 555836 497626 720522 231889 41483 595343 ,554486 824665 238633 497626 231889 41483 595343 595305 859976 669875 
799588 320263 205222 300700 881676 801704 412183 779191 291274 517137 ,799588 300700 881676 801704 412183 291274 517137 441633 849231 764342 
340517 47419 843785 843837 119665 499627 69827 922730 618697 679659 ,119665 163026 70051 210179 868596 535024 985188 957338 79325 355969 
203954 886988 201863 303319 904367 221696 94198 865497 156698 808056 ,201863 904367 221696 94198 865497 917441 934931 888397 579071 276550 
255057 569403 705829 48174 224257 83923 920559 680157 125212 548009 ,705829 224257 83923 920559 125212 548009 327927 517501 223144 311518 
478727 399475 441354 245647 555236 784105 877693 891263 809558 406717 ,478727 399475 441354 555236 784105 809558 657991 880644 823979 501976 
99515 918209 200580 155506 284573 414905 283884 52043 879654 914014 ,99515 918209 155506 284573 414905 52043 879654 914014 58825 147002 
768189 447903 308812 427804 96827 40808 124430 536367 541299 826332 ,768189 447903 308812 427804 96827 40808 124430 536367 826332 423773 
162397 413697 975996 162601 161562 609146 292251 504570 609187 702596 ,162397 413697 162601 161562 609146 892925 458629 517213 871094 873407 
68848 157296 175945 835567 861233 21843 573195 826415 94924 19076 ,157296 835567 573195 826415 751791 439756 390189 588743 297711 10685 
822977 21077 361938 459485 731394 22590 396249 432653 276340 268111 ,21077 361938 459485 432653 268111 487903 351753 700931 290912 823704 
970143 786429 571232 600934 412350 102910 421288 742529 561524 809089 ,571232 737194 823491 667370 654304 903229 38729 865275 952262 287946 
499540 758159 728425 43991 634744 306747 526196 263925 464797 800283 ,758159 43991 526196 211018 290991 708778 4778 119078 193143 353664 
446254 666738 848659 446410 445849 446680 447531 447925 445722 446848 ,446254 666738 848659 446410 445849 446680 447531 445722 446848 446835 
249764 630548 530773 941667 278102 967110 485292 990780 391586 554119 ,249764 530773 941667 278102 967110 990780 391586 554119 595246 265972 
526627 170685 146260 265274 197097 467315 628505 74710 519831 185111 ,526627 265274 519831 185111 76819 55991 193281 854141 343922 763256 
206997 999807 586707 377619 592031 227448 351095 999494 994752 945586 ,206997 999807 586707 377619 592031 227448 351095 945586 188819 769336 
690700 268752 762963 723461 800668 877021 680653 989825 839686 991974 ,690700 723461 800668 877021 989825 840522 582085 724313 41858 757142 
878751 62640 914806 450784 798308 295801 232175 466219 701905 450887 ,878751 62640 450784 798308 295801 232175 466219 701905 450887 87123 
565148 242244 924722 935945 369839 466475 170355 105046 936541 194004 ,242244 924722 935945 466475 105046 194004 998944 959511 843545 86786 
880315 853784 833138 879741 219370 931896 123543 670551 249025 831914 ,880315 853784 833138 879741 931896 123543 670551 249025 873244 239058 
771066 85189 581535 617334 58402 619317 382302 411275 275095 848035 ,85189 581535 617334 58402 382302 411275 275095 848035 441984 884810 
317163 822431 551218 941756 489458 139639 637085 486909 517523 974349 ,822431 551218 489458 637085 486909 150823 436161 791723 398659 12546 
257775 116432 79126 672140 832121 540418 138236 914962 791639 470766 ,257775 116432 79126 672140 540418 914962 791639 470766 707763 790356 
695137 694672 533398 148307 918449 910682 719064 431565 611299 246881 ,695137 694672 918449 910682 431565 611299 246881 217110 849606 308617 
886885 249365 845100 530749 686559 802922 674933 83751 892565 869746 ,886885 249365 845100 530749 802922 674933 869746 821835 891729 200146 
281449 528141 933040 298203 854694 488064 854939 220795 584544 171729 ,488064 220795 584544 852192 693324 383737 13562 233535 960828 486650 
876464 944442 272156 146408 414035 490701 759481 803420 75246 365022 ,146408 490701 803420 365022 759658 783032 407216 860800 526934 275490 
89062 686794 200780 589062 454153 383301 684638 73026 360983 303032 ,89062 200780 589062 383301 684638 303032 126385 18709 62389 75486 
12683 679681 330681 889899 223279 866571 996759 948001 83284 680360 ,12683 330681 889899 223279 866571 948001 680360 776147 205812 211459 
176462 78946 218221 271065 762568 390312 378692 390625 128848 552955 ,176462 78946 271065 762568 390312 390625 176084 184910 407194 227989 
253052 507316 248210 931802 681924 439310 695191 437852 791410 4907 ,253052 507316 931802 439310 437852 791410 783686 281874 10995 391915 
858199 666593 398514 974495 575354 947196 205038 268138 227173 434519 ,858199 398514 575354 947196 205038 268138 494549 177204 201328 796217 
848706 854740 709431 94758 890903 374844 561942 626113 624441 248438 ,848706 709431 890903 561942 248438 709914 255060 587690 827260 964864 
525923 529141 405471 293018 516240 528457 302561 682983 429631 281631 ,525923 529141 293018 516240 528457 302561 281631 243641 528665 831373 
933269 282083 175060 934119 78047 322111 515975 96854 535226 175139 ,282083 175060 535226 175139 305923 285255 244770 528221 132275 702834 
558043 667505 473062 535561 150247 231319 712752 634396 827781 906619 ,150247 231319 712752 414569 357960 284966 704181 539377 926114 654123 
33098 951724 291479 419073 716034 629776 81142 118906 54380 477421 ,33098 951724 419073 716034 81142 118906 54380 477421 951635 696984 
538689 888588 905415 905271 268964 959935 886434 204409 946984 546714 ,888588 905415 905271 268964 959935 204409 546714 877714 933111 170159 
211901 392589 747051 368646 306736 524375 990728 236458 76460 129808 ,211901 747051 368646 306736 524375 236458 76460 129808 260329 317328 
661443 500760 99041 889448 867590 666579 94352 337756 463458 343692 ,867590 94352 869322 675699 237181 323429 98621 690059 126561 246517 
89524 79619 739375 522291 566195 83088 452455 79516 564054 367647 ,89524 739375 522291 83088 452455 79516 564054 69253 107164 310315 
442948 226386 90929 721689 774127 773420 156223 942813 464263 464270 ,442948 226386 90929 721689 774127 773420 464270 287017 126644 696811 
404274 501632 68330 736232 69317 421265 94362 363485 932521 754365 ,404274 501632 68330 736232 754365 95716 699878 151144 301536 815224 
284813 746654 696002 753794 483990 347463 429153 495671 735962 997340 ,284813 746654 483990 495671 735962 272810 784030 492840 641815 57450 
692115 278638 326683 40219 429586 546321 323520 84746 802881 592552 ,326683 546321 323520 84746 802881 889046 58685 502666 316035 519830 
479957 641218 480068 556394 571678 456937 83589 770217 489899 706695 ,479957 641218 556394 456937 83589 770217 706695 571689 810417 411644 
646025 616333 433909 925676 314001 977004 824591 199323 843989 647229 ,433909 925676 199323 843989 647229 819451 845732 212489 604233 397546 
668360 541813 670278 856285 746399 89083 894983 541793 880061 691408 ,541813 670278 856285 746399 89083 894983 541793 691408 411816 966434 
770378 770699 212879 374979 557911 470902 806415 249448 732495 929442 ,770378 770699 212879 249448 732495 953302 461085 535746 850534 685035 
760024 613160 645128 580925 22888 465216 359740 577579 877724 730799 ,760024 613160 22888 465216 359740 730799 74416 967066 430264 840683 
39863 743419 373635 417707 151129 626247 728633 47909 965934 641711 ,743419 417707 151129 728633 965934 641711 534136 381138 296768 881255 
832399 164086 140277 505859 829257 114709 367231 838368 478969 225207 ,164086 140277 829257 367231 838368 478969 225207 950868 404649 353395 
788637 638562 859691 570012 724566 466763 637192 311580 371556 545056 ,638562 466763 311580 545056 171280 522120 789059 473574 937624 370732 
56191 797198 893423 53613 106120 377635 763336 913628 50943 52574 ,56191 797198 893423 53613 106120 763336 50943 52574 879307 55604 
294416 632149 108376 53701 716569 121964 518434 305111 639993 58893 ,294416 108376 53701 121964 518434 305111 639993 58893 81418 317848 
242402 336764 337988 686098 166410 565966 734913 173901 112685 791117 ,242402 337988 166410 734913 173901 112685 791117 452697 36592 689861 
992947 996521 756242 858133 993151 857977 997481 853203 986912 970445 ,756242 858133 993151 857977 853203 986912 573827 843349 769091 993238 
305104 5650 776960 30241 131465 694101 566411 742443 199058 426456 ,305104 5650 776960 30241 131465 694101 566411 742443 199058 426456 
125037 424429 610448 293180 243253 510155 391784 341880 658190 481941 ,125037 424429 610448 293180 510155 391784 341880 658190 481941 62291 
338431 314831 289830 233261 404464 903803 699904 375298 763525 716179 ,338431 314831 289830 404464 903803 699904 716179 946128 437456 726943 
180658 597938 431647 15795 575578 142696 754566 801201 807891 68722 ,597938 575578 754566 68722 234435 732378 339436 429480 513080 285745 
467891 770217 617442 65219 824248 460197 545286 49085 807966 641218 ,770217 65219 460197 545286 807966 641218 623211 675309 641298 153958 
486155 2059 215075 819451 249304 835817 318568 816171 857309 833864 ,486155 2059 215075 819451 249304 835817 318568 816171 857309 833864 
640097 206700 13782 660100 898275 615370 992093 457804 202146 440529 ,206700 660100 617226 634701 31482 780186 207995 698047 200646 471552 
475776 246741 702843 630935 147919 518480 988677 265630 150438 911383 ,630935 147919 518480 988677 911383 341880 598480 31576 321632 322393 
579291 267950 414799 958706 561942 959357 596667 687155 80315 393738 ,579291 414799 561942 596667 687155 318490 304457 439381 586040 268020 
280499 82672 475624 590418 565941 65984 983745 283345 864794 889817 ,82672 565941 864794 526289 892845 753512 874938 745762 378698 15373 
674940 545237 379312 374408 410297 4857 924597 467579 415507 37968 ,674940 545237 379312 374408 410297 4857 924597 467579 415507 37968 
707973 997909 424647 694505 876630 8072 996352 922237 809900 994381 ,424647 694505 876630 8072 996352 922237 809900 994381 996674 854847 
112028 431834 465701 525402 112021 429825 366433 955859 982351 955111 ,112028 465701 525402 112021 366433 955859 982351 955111 181133 23459 
887704 814835 634189 474444 329752 712791 782164 558812 698105 11308 ,474444 782164 558812 11308 77253 410586 895437 288580 186776 624165 
210058 584037 182451 161352 695783 391918 630843 631810 244098 632770 ,210058 584037 182451 161352 695783 391918 630843 244098 376575 319839 
218930 217921 541689 39357 857146 411356 411093 478488 540201 39210 ,39357 540201 672833 521647 905730 956996 667275 756645 468578 891711 
547737 575519 64265 950148 980597 781308 76119 567927 156424 864989 ,547737 64265 950148 980597 781308 76119 864989 530417 12435 864940 
957684 979593 976318 883581 969824 959014 129501 996558 826192 974232 ,957684 976318 883581 969824 129501 826192 974232 552307 272762 587690 
821073 590669 384968 720199 510267 378028 637742 399956 69418 397486 ,821073 510267 399956 69418 589908 702168 68596 836445 726838 122870 
8323 641815 411931 323059 687868 786515 811412 492840 696002 521174 ,323059 297626 389267 317269 57562 443018 511062 453394 378432 312452 
929531 630216 189732 51020 845394 797433 414900 631677 976173 924205 ,630216 51020 797433 414900 631677 976173 924205 405786 921862 281293 
768380 127389 416304 180717 500298 80105 229617 435825 523474 603087 ,768380 127389 416304 500298 80105 229617 435825 523474 603087 324628 
293598 352033 9762 306183 48965 248013 350474 229434 363542 924508 ,293598 352033 9762 306183 248013 350474 229434 363542 924508 27132 
947225 642502 89574 33074 974641 242995 439130 183392 988930 883391 ,947225 974641 242995 988930 688275 160884 328310 619711 366251 428504 
424290 540912 424649 952968 524381 243069 740345 177067 934728 732178 ,424290 540912 424649 952968 243069 934728 732178 989679 204415 744844 
442806 656837 446362 442741 447167 446247 824847 536901 814365 423950 ,442806 656837 446362 442741 447167 446247 824847 536901 814365 423950 
516558 125290 815835 739783 349401 778896 915105 738202 864096 409221 ,516558 349401 778896 915105 407577 572474 12235 168360 208816 994561 
451208 122569 722345 105739 451217 762774 152906 583089 64321 934608 ,105739 152906 583089 934608 287081 158793 542547 20514 586855 65579 
689259 140903 606057 620718 41994 545669 545991 816800 461756 569351 ,689259 140903 620718 41994 545669 545991 461756 816274 130468 62711 
986037 355993 877272 249851 840605 31330 355442 886431 393549 921202 ,986037 355993 249851 31330 393549 61927 728731 542056 86054 205352 
809890 611206 524222 3846 91482 506211 13942 268709 265216 406969 ,809890 611206 3846 91482 265216 513308 999880 272072 306839 546063 
81964 152699 491482 461530 534957 808859 497286 419378 575493 421315 ,81964 152699 419378 575493 240595 279751 622833 700185 226619 764043 
28076 567230 857168 556354 567421 611630 568004 672759 567943 763701 ,28076 567230 857168 556354 567421 611630 568004 672759 567943 763701 
386339 760388 424788 370734 345032 491815 642071 991718 871424 988281 ,642071 988281 230639 525772 338357 121644 342935 687562 504129 500719 
51514 432646 476592 83705 388084 186951 767116 511804 143483 790667 ,432646 476592 388084 767116 800412 36748 473989 684053 635102 755991 
723869 719333 151384 555000 234746 336821 107898 719336 600885 151446 ,723869 719333 151384 555000 234746 336821 719336 151446 5526 806085 
473330 79547 337243 30218 53059 688869 747428 79494 569318 204171 ,79547 337243 30218 53059 688869 747428 79494 569318 204171 4741 
844222 883989 635147 669430 372471 498450 171071 930041 64931 299109 ,844222 883989 635147 111796 704575 214331 201850 679547 656227 885931 
957593 882636 815140 58602 776510 114942 484782 821720 206977 7374 ,957593 882636 815140 58602 114942 373654 343369 670190 228616 824435 
498272 452759 222785 698472 427263 658143 608976 458560 296729 862832 ,698472 427263 658143 608976 458560 296729 862832 842522 372577 680402 
853825 375758 552605 693819 374311 900669 552383 410749 552703 445596 ,853825 375758 693819 374311 552383 445596 247043 837744 869291 976180 
256924 801056 876928 896310 546519 715529 268654 594819 380283 572682 ,801056 896310 546519 268654 594819 572682 773228 778250 468970 65312 
373771 447452 672843 835171 446928 760326 447828 416826 447656 446848 ,373771 447452 672843 446928 760326 416826 446848 828897 447000 446680 
453883 242543 458998 25045 737077 339661 779266 236224 152726 601453 ,242543 25045 779266 152726 601453 338802 600816 733275 239971 471240 
583736 836118 868516 867710 779338 170342 488467 933015 719154 88199 ,868516 867710 779338 488467 933015 631438 59862 513472 933486 572877 
980358 365699 440233 249315 976345 707597 173233 527342 195769 233224 ,980358 365699 707597 336775 874546 707026 182499 399168 18967 480718 
666730 813647 481831 249768 35968 681752 664467 251662 64931 876805 ,666730 813647 481831 249768 35968 681752 251662 64931 876805 17898 
748530 563309 902781 271606 520684 808317 325805 560100 141765 749492 ,325805 141765 977558 783212 721125 711255 145095 108592 313797 31249 
469955 432210 310406 327137 255000 87094 60131 547230 529293 153373 ,255000 87094 547230 153373 95227 482643 703066 995693 684984 516813 
621271 709138 780250 534597 723075 451357 632660 869800 569311 110891 ,621271 780250 723075 451357 869800 321535 811220 337513 29986 559798 
800855 453139 810541 907012 46854 453883 685943 854472 232971 458023 ,308190 219299 406187 987084 261917 367213 661572 582451 336960 353718 
993203 196271 423850 560384 98785 705081 248782 503792 11747 980653 ,196271 423850 560384 705081 248782 503792 980653 265213 862936 270845 
567143 183178 613050 567074 970111 765633 405135 906539 469350 340305 ,567143 183178 613050 567074 970111 765633 405135 469350 340305 846674 
220986 543141 618995 239075 839481 500767 944498 828042 564506 639889 ,543141 618995 239075 500767 828042 564506 639889 619201 693480 969814 
60131 809811 995499 815419 534597 12925 547230 157182 29935 815378 ,60131 815419 12925 29935 156333 815280 189079 495030 703066 337406 
674262 673077 616856 674894 674729 677195 995632 653866 137703 256848 ,674262 616856 674894 677195 995632 653866 137703 256848 676486 616542 
999998 957631 203395 189977 642733 4686 369759 832455 288495 668237 ,203395 189977 883387 282174 78513 936384 886376 697302 633199 110063 
511425 912520 803282 861142 576526 425949 726836 155262 683611 792319 ,912520 803282 425949 726836 155262 683611 792319 462172 200037 778409 
821209 64433 706824 213405 128017 976102 803456 299585 372678 514833 ,706824 976102 803456 514833 834599 337489 635841 525610 973283 905008 
760735 836736 995642 759586 405886 408144 789315 995869 766959 887600 ,760735 836736 995642 759586 405886 789315 766959 887600 542108 673771 
120185 341324 574475 919331 247187 14155 224196 121051 718087 576027 ,120185 14155 718087 102447 929968 563325 311159 70466 880054 271090 
569437 188040 45679 102779 112489 194822 619069 499433 434484 917086 ,45679 102779 619069 499433 434484 917086 802253 693270 813129 429203 
166854 593315 339539 962999 866630 758581 164583 115230 606994 900579 ,593315 962999 866630 758581 900579 676694 394199 678144 261130 164577 
393473 12451 100136 481424 725629 561120 375211 19280 939847 439970 ,12451 561120 145899 952246 731633 681098 725974 952680 154558 597756 
657672 778243 547618 401397 794802 812529 532200 825061 956225 652337 ,657672 547618 812529 532200 956225 897899 409032 638448 975256 538172 
753739 476701 706626 177712 479381 480045 212814 602126 457146 163914 ,753739 476701 706626 479381 480045 212814 602126 457146 163914 332540 
23446 83380 892864 23830 423081 648456 757852 703485 742481 728414 ,648456 742481 621955 539364 179146 920188 163 517067 211157 755127 
513472 842026 779338 596965 15233 933486 842054 896182 957699 354976 ,513472 779338 15233 896182 488467 129201 89244 539856 156227 921781 
545320 843439 864482 895459 169376 93489 265300 425796 815161 122312 ,545320 843439 864482 169376 93489 265300 815161 122312 65351 899194 
833210 759500 191230 567228 568040 135760 216921 469386 766088 610344 ,833210 568040 614798 374479 162090 217024 404998 887247 773155 404794 
201418 6212 341746 467203 199678 528913 734740 298313 963822 471802 ,6212 341746 467203 199678 298313 963822 765129 555984 819974 296008 
250501 459435 187943 826727 879087 141692 956767 630997 956423 750056 ,459435 187943 879087 141692 956767 956423 750056 187422 244140 208361 
390168 466082 436716 524667 523256 121179 915978 699595 143619 595556 ,466082 595556 305870 122169 175876 181990 306834 410320 744164 85684 
592344 636450 503719 16394 667976 127048 482730 949284 682876 491178 ,636450 503719 491178 934529 174347 931991 392830 225275 85987 513532 
844388 988517 802510 205457 433614 774927 87604 242995 510552 286105 ,205457 433614 87604 242995 396580 391437 121414 70057 628818 388482 
308916 838481 897342 390420 285473 443264 608716 780970 850333 580057 ,308916 838481 897342 390420 608716 780970 580057 534551 936189 978412 
856791 389088 199036 119864 276570 52564 989112 866615 400250 488390 ,856791 199036 276570 866615 400250 488390 275521 897906 844374 906902 
448566 499609 92294 497473 100005 111596 110837 402943 271573 809488 ,448566 100005 111596 110837 271573 809488 564316 426444 482641 103718 
30384 461494 678184 526292 153738 442336 306199 23852 31689 399497 ,30384 461494 678184 526292 153738 442336 23852 31689 399497 196602 
59243 86512 122524 467716 754048 940765 467323 430232 630501 861138 ,467323 751827 833345 713426 627928 422172 68344 441576 285607 301529 
973816 580801 797450 293145 213750 20339 924091 714199 932521 929659 ,580801 293145 20339 714199 384655 91396 606954 254868 21626 461678 
417477 862144 716260 417557 755913 783000 955593 868120 638627 543451 ,417477 783000 955593 868120 905391 870595 373814 852294 442955 638436 
477006 145048 307391 899681 731077 769818 475483 50050 923111 520474 ,145048 731077 923111 820455 468023 482708 45765 407634 123982 871367 
223865 19182 418550 661189 186961 607798 843275 693476 897993 605867 ,223865 661189 843275 693476 741607 94500 20479 844862 520597 628637 
805895 14922 868698 859223 874809 862161 885981 737183 268149 223693 ,14922 868698 859223 679691 560812 879817 23834 840038 554668 205331 
924691 185223 117959 884640 352849 851507 227858 116525 942312 966361 ,924691 352849 227858 942312 916725 178007 937207 925905 817452 507008 
867658 238652 103599 981464 447333 489266 594946 644118 979603 619315 ,619315 642982 857418 504482 310144 471510 555950 808647 671115 773034 
997813 628637 848159 889828 388585 756932 628185 862738 799545 912157 ,628637 848159 889828 388585 756932 628185 840776 443335 934144 36339 
339959 736098 86079 91055 563815 338753 94169 947405 488824 871039 ,339959 736098 86079 91055 563815 338753 94169 947405 502192 107483 
641100 615911 650844 832182 39915 674135 640288 705598 673457 617349 ,641100 615911 650844 832182 39915 674135 640288 705598 673457 617349 
86076 874584 797120 190881 356302 700145 852091 946779 116930 511244 ,86076 874584 190881 700145 116930 511244 65034 71098 774716 86794 
536153 834330 429476 833889 98719 422786 423094 974169 925955 560198 ,536153 98719 422786 423094 560198 43908 23762 132966 699915 82260 
816804 655482 655012 892824 636826 953335 667288 102241 447354 654707 ,655012 953335 102241 536566 445793 816491 655102 893185 445782 43852 
323474 159261 341494 194111 270005 157257 917787 580496 590743 95322 ,157257 668213 741068 20210 594961 626005 72348 693473 272241 236192 
158929 684274 268116 225016 529677 204689 489469 798197 945259 845261 ,268116 225016 945259 192157 964438 293502 138625 724643 69208 271361 
429785 469484 411068 322495 526375 123295 480888 200046 264324 326197 ,429785 411068 322495 526375 123295 480888 200046 58685 321576 600926 
526355 851765 23451 529211 469484 740030 305981 327535 526281 548421 ,526355 851765 23451 529211 469484 740030 305981 327535 526281 548421 
440333 778722 643790 200887 114260 284818 116753 694745 995990 604022 ,440333 778722 643790 200887 114260 284818 694745 604022 950306 975167 
745438 369333 226266 172501 59855 630147 688976 214353 154596 749463 ,745438 369333 226266 172501 59855 630147 214353 153450 612542 20432 
423695 684590 138625 436330 213817 809141 423127 83345 529677 424519 ,423695 684590 138625 436330 213817 423127 83345 529677 424519 426542 
983782 223493 191726 21437 287878 964372 842163 203212 985210 997085 ,983782 223493 191726 21437 287878 842163 203212 985210 997085 987478 
956014 724301 597972 293870 275558 690765 454322 128261 749818 544007 ,956014 597972 293870 275558 128261 749818 829522 957268 822662 420832 
243669 340132 250948 68520 483369 705131 451343 557247 737156 734776 ,613366 343433 61957 685219 284238 109946 974816 663022 196668 747377 
614695 673971 610009 673041 797339 647205 131656 833155 601909 969968 ,614695 673971 610009 673041 797339 647205 131656 833155 601909 969968 
725057 328346 769441 330740 291765 863570 114854 337756 336703 916566 ,725057 328346 769441 330740 114854 337756 336703 916566 350777 292121 
547615 738989 615651 66099 430353 322132 431306 363896 804072 524285 ,547615 989414 32244 410005 525043 177731 89945 560327 156495 106331 
100611 453952 281371 658334 295689 351047 100333 624257 969365 110149 ,969365 529444 984802 366235 560813 249699 351399 340942 248870 960659 
935969 596633 172777 77495 863908 366822 454245 276995 155527 193142 ,935969 596633 77495 366822 454245 276995 155527 193142 580448 346314 
200799 962741 333414 474688 468628 779378 679176 613015 395674 214734 ,200799 962741 474688 468628 779378 679176 214734 601520 143146 332240 
906126 26969 345226 797952 288136 721714 194836 264166 369947 702845 ,906126 288136 721714 194836 264166 981462 905823 820985 292929 710673 
470336 971334 787937 128432 168099 567249 794842 651284 509927 672742 ,787937 128432 168099 567249 651284 509927 672742 405066 846009 910594 
983734 311603 871899 263472 532743 379300 278943 525272 158487 698725 ,983734 311603 263472 532743 278943 158487 698725 378956 531823 327679 
240177 852173 396512 204833 887616 886510 166694 842319 13207 105548 ,396512 105548 1281 682105 16237 905487 378232 874579 598603 543496 
917995 837363 796996 544789 15942 21269 672149 989700 491101 909 ,917995 544789 15942 996496 974007 855994 691565 930075 392706 579634 
301244 670164 105947 367476 312865 497166 923413 262821 442263 272912 ,301244 670164 105947 312865 497166 923413 262821 442263 272912 418476 
480918 934098 683 988461 542638 99966 810060 194718 617943 869743 ,480918 934098 683 542638 99966 810060 194718 108216 689415 723791 
880274 842779 988079 915697 406014 99152 941 732273 555086 863106 ,880274 842779 988079 915697 406014 99152 941 732273 863106 883743 
851765 601063 17999 526355 529211 418119 392641 224632 287586 198857 ,851765 601063 17999 529211 418119 392641 224632 287586 198857 675265 
835494 83738 823573 768039 540240 540481 676378 701666 601513 542789 ,83738 823573 676378 601513 541840 44590 829775 409739 683737 812663 
815798 220119 177318 182609 947630 763577 78957 102998 49383 817553 ,182609 102998 274313 838618 667630 483831 979603 229008 979173 366089 
592029 722641 925742 790487 30952 435353 290452 340284 955509 134360 ,722641 30952 290452 955509 455861 88819 421683 691796 725528 945017 
375002 117360 666424 115799 809019 997489 126573 595905 942794 456771 ,375002 117360 666424 115799 809019 126573 595905 456771 653484 802886 
557739 196490 15606 853037 554179 842961 540293 204899 685080 333851 ,557739 196490 853037 554179 842961 540293 204899 685080 968513 84850 
93496 526535 932879 82434 519222 864620 104803 868869 363717 693796 ,93496 526535 932879 519222 864620 104803 868869 693796 894093 83695 
533607 82856 678056 679211 322815 322200 204332 611261 341951 345484 ,678056 679211 322200 204332 341951 383373 273028 648563 145950 749355 
264731 38203 37220 39236 478439 411682 558723 39571 190388 912954 ,38203 478439 411682 558723 39571 190388 912954 962859 38067 264920 
819780 868698 880657 933974 560812 195091 902152 842360 955586 12928 ,819780 880657 933974 560812 195091 902152 955586 12928 60129 451972 
833783 115322 987916 965483 179909 844474 218719 882512 69822 520059 ,833783 115322 987916 965483 179909 844474 218719 882512 69822 26561 
95611 54901 139073 393997 220069 519450 131491 157942 697937 248290 ,95611 54901 139073 220069 131491 157942 211290 953170 95184 525646 
127395 846700 976602 454481 833233 984058 954225 128532 749449 225903 ,127395 846700 976602 454481 984058 954225 128532 225903 931899 390787 
467504 238671 931784 684465 987465 720814 983153 305082 978595 407588 ,931784 98787 337446 415504 278863 448479 310413 363475 701774 295065 
731769 694221 68811 432347 380990 129147 947812 926559 271781 193743 ,731769 129147 193743 332742 508833 910756 950084 263721 517466 214786 
930522 715252 798463 414505 509712 697425 810411 770514 9024 882642 ,769956 57229 898304 715741 51814 718947 609211 559048 188594 227291 
263202 555074 144013 994580 662384 528733 338380 953450 940841 719648 ,263202 555074 144013 994580 662384 338380 953450 719648 261967 407556 
631938 751002 1890 255306 903966 236112 426842 192629 337766 513595 ,631938 751002 1890 903966 426842 192629 337766 367601 786358 889873 
442734 917645 49224 304404 627524 913477 207385 48344 49998 621018 ,917645 49224 913477 207385 48344 621018 62688 727680 303133 208284 
318600 255508 352722 419781 259063 317959 337805 286149 2244 967321 ,318600 352722 259063 337805 967321 478429 926472 539592 206758 941009 
762662 535049 599372 84817 131298 456215 599309 628325 133016 639883 ,131298 133016 639883 122689 812396 192847 228902 930693 559048 700003 
860588 681458 869181 619414 312971 693220 194863 128080 678594 804237 ,860588 869181 693220 678594 804237 691445 971143 915762 18246 204844 
792358 674710 365083 918309 749235 977896 288168 402915 381392 288276 ,792358 674710 365083 918309 977896 288168 402915 288276 623782 989809 
249554 871322 75543 990936 946779 538288 213950 257202 962949 356888 ,249554 75543 990936 538288 213950 257202 962949 755802 681012 807387 
568218 568168 568413 969968 468914 567528 759600 567950 759563 568068 ,567528 797339 775427 758198 672760 831638 675887 568080 570285 765122 
179797 376572 246374 96588 773712 542793 969022 460699 390756 799970 ,179797 376572 542793 969022 460699 799970 598207 17556 76049 72883 
802047 615219 879722 108366 723733 425952 991166 723577 864416 515906 ,723733 991166 723577 864416 515906 780037 746789 867840 42929 393377 
210470 722018 388539 607769 709404 943934 843851 551819 636245 235594 ,210470 388539 943934 843851 235594 934092 320286 802227 72735 226846 
140634 657931 381496 471531 724187 250353 908741 256663 683236 163249 ,657931 381496 471531 724187 908741 256663 683236 921223 703353 225361 
297913 192907 167693 76143 265628 100547 437900 88547 441522 550080 ,297913 192907 167693 76143 265628 100547 437900 88547 441522 284238 
400676 948101 988510 192701 519282 214754 363945 544125 485796 523212 ,400676 948101 519282 363945 544125 485796 353756 432375 2257 940762 
693241 931404 542987 474963 798221 595333 712226 130656 93322 811717 ,693241 931404 542987 798221 712226 130656 93322 811717 150666 565416 
549611 695199 550065 685241 698673 965365 919144 183701 175483 508965 ,695199 550065 685241 965365 919144 306327 366815 949687 276134 423439 
769842 397512 789481 416591 282462 875465 659943 257549 584680 962626 ,769842 416591 282462 962626 839460 891544 823337 307285 941039 904198 
984780 770872 716034 548786 62471 702569 323538 16225 883927 453704 ,984780 770872 62471 323538 16225 453704 359922 794250 365394 250043 
648069 541745 772903 762226 921441 759766 948373 482713 36193 663387 ,648069 541745 772903 762226 921441 759766 948373 482713 663387 564917 
999698 951580 618589 158856 997085 949738 920310 880559 854773 198529 ,999698 951580 997085 920310 880559 854773 855739 11588 881124 586301 
935329 160173 942737 665063 518180 803775 716801 1641 50892 698614 ,160173 942737 665063 1641 698614 287853 431156 380990 877913 990692 
256663 258736 514899 471531 486760 31816 703353 724183 160511 67361 ,258736 514899 471531 486760 703353 67361 758160 184131 196498 275314 
92479 723045 330740 721569 438518 902844 548644 328346 419620 293868 ,92479 723045 330740 721569 328346 419620 293868 19158 969600 814045 
477219 905343 900118 520788 207735 869676 814405 869318 869750 474798 ,477219 905343 900118 520788 207735 869676 814405 869318 869750 474798 
426415 435036 288034 686737 96475 261706 698901 325856 160840 24334 ,426415 435036 288034 698901 24334 748486 237017 359313 104803 276134 
836996 2589 633606 746789 639706 690476 844004 224484 17452 183051 ,836996 746789 639706 690476 844004 224484 183051 635905 369901 627783 
239591 475920 84573 537114 828955 617842 499624 304253 264622 490571 ,239591 84573 537114 828955 617842 304253 861705 687870 610709 830983 
242437 816230 280631 375711 609807 846682 876954 588944 833770 763728 ,280631 375711 609807 846682 876954 833770 763728 140676 623325 373912 
419122 591546 127479 996584 139748 866308 269427 265708 51069 395674 ,127479 866308 265708 406718 442250 55845 386853 867133 222286 960124 
528814 428863 87712 429541 296863 16653 179842 670522 624363 539504 ,428863 87712 429541 16653 670522 487429 169526 400622 776802 323819 
144874 367781 193301 556720 578272 121422 22631 565408 778167 873669 ,565408 873669 142512 954339 576381 620488 775145 486942 378235 14038 
898493 458567 385446 750551 352131 351492 860019 541152 964551 826798 ,352131 786429 488356 742529 438098 84485 87655 423522 59029 592743 
213397 328765 333120 607206 480780 842707 669052 255858 107713 75544 ,328765 607206 842707 669052 255858 75544 615939 680382 534350 226513 
951857 350429 63929 547052 81950 332654 730572 253752 29933 338933 ,951857 350429 547052 81950 730572 29933 338933 662775 210612 784932 
148895 508945 293570 166825 598228 478425 195874 855914 505459 613755 ,148895 508945 598228 195874 855914 505459 661043 747743 24719 777885 
942032 936697 565187 549205 976057 950976 942468 887984 545794 714994 ,942032 936697 976057 950976 942468 887984 714994 839583 920349 538591 
492444 306620 760228 91767 337676 358217 309892 354047 293799 351440 ,492444 337676 440931 307567 435862 78546 338087 842356 86968 92497 
984581 948057 35480 143208 186048 278506 670396 243547 215708 884603 ,948057 35480 186048 278506 670396 243547 215708 884603 950716 572556 
134111 656719 144386 105549 442671 799354 656359 101525 890970 716129 ,383461 824187 476989 883460 865913 699185 649539 642330 655871 655842 
225929 60506 802517 356209 705836 975204 869450 147878 72381 202683 ,225929 356209 705836 975204 869450 262009 107061 395335 60014 797589 
835209 591083 836427 269336 515939 601814 941025 265624 376967 511090 ,835209 269336 601814 941025 265624 511090 391232 194214 516955 376455 
883468 360459 420706 988174 818963 829473 91130 659481 753488 433017 ,360459 420706 829473 91130 753488 859684 711988 186343 782341 477921 
17150 631814 438573 742316 712750 424512 43404 806144 888629 511538 ,712750 511538 818482 740396 157366 268116 126763 724643 510583 486381 
706993 721512 285707 711985 636663 652541 455720 205041 269319 144999 ,721512 285707 711985 636663 652541 269319 205041 399393 142409 779741 
393431 620918 372341 150133 179046 364080 717189 392048 235861 731963 ,179046 731963 742284 769269 686681 433951 968096 272109 958367 6523 
655458 640969 833440 867793 846682 880277 215783 833225 573856 674703 ,655458 833440 215783 573856 994879 665045 792656 880341 539375 653568 
791206 292380 499811 246655 278634 305056 306427 364054 23758 658501 ,23758 246528 292211 352102 347465 708942 278706 44844 336688 307161 
240232 98087 343940 184546 916442 689371 76147 490720 276690 516097 ,240232 343940 184546 916442 689371 76147 490720 276690 356049 203107 
264006 240245 608647 379919 800237 240573 603872 731164 72817 685750 ,264006 240245 608647 379919 800237 240573 72817 685750 477832 450152 
59479 447814 5596 445677 569889 30264 352363 422867 845542 566292 ,59479 5596 445677 569889 30264 352363 422867 845542 566292 526572 
807887 222301 425218 477332 460292 371819 39944 7707 762543 108822 ,807887 222301 425218 477332 460292 371819 7707 762543 108822 50082 
871337 108366 223493 416400 691551 555337 738778 806585 563984 842957 ,223493 555337 560942 362464 59101 780493 781524 191640 205990 842013 
834561 522010 77681 92026 511357 279394 461152 724106 717460 449936 ,834561 77681 92026 279394 833519 730508 816138 168941 525218 555837 
16040 528280 576259 312529 93976 527544 682877 721441 853305 304664 ,528280 576259 312529 527544 682877 721441 853305 304664 434997 14036 
130227 182875 869754 843563 207010 449279 416490 785892 842710 703240 ,130227 869754 843563 207010 416490 785892 842710 703240 861621 688845 
305018 292141 278990 496735 278680 72490 363475 278949 640766 363846 ,493492 32244 351047 849612 89945 307073 586619 560327 819196 281371 
63432 229136 523694 502761 529861 510577 255849 964909 634221 192701 ,63432 523694 529861 510577 255849 964909 634221 522919 432804 748146 
68373 414247 637953 336705 88067 88228 85614 86355 569274 89315 ,68373 414247 336705 88228 85614 86355 569274 89315 684289 8216 
317378 371398 323960 6506 468524 74894 17374 352827 484031 177377 ,17374 352827 484031 177377 483915 162369 587609 272193 34452 239538 
64801 815093 466642 65798 822756 746678 744798 4805 549623 601073 ,64801 815093 65798 746678 744798 549623 601073 511016 235628 390150 
554885 132826 801315 899051 366694 481826 11827 584934 220381 171074 ,132826 801315 899051 366694 220381 228622 704473 900457 635282 492420 
997170 966132 545400 208029 426369 669518 891449 966435 998142 832268 ,997170 966132 545400 426369 669518 891449 966435 998142 832268 244023 
820808 6134 532791 707528 125066 904707 429981 128011 860019 418522 ,820808 6134 125066 904707 429981 128011 860019 701106 531943 110221 
389710 108596 370052 460678 936522 503373 94443 898607 804380 407326 ,389710 108596 370052 460678 936522 503373 94443 898607 804380 746397 
369368 134435 372700 296381 31586 501042 701741 840397 530490 804843 ,31586 840397 530490 308470 450109 928316 155456 488502 813581 806486 
76486 149600 845360 511083 845028 947571 371741 605509 182332 140893 ,845360 564736 420782 237528 367487 213165 231901 525456 744536 514509 
771823 274714 73046 4676 807285 750182 3580 700108 364012 204726 ,274714 73046 4676 750182 364012 204726 94230 597121 467829 889120 
293260 925204 57623 725934 980010 791178 86580 265206 490892 742529 ,293260 791178 86580 490892 742529 383478 636988 259265 874740 829059 
385097 980617 358391 238601 384522 78761 812599 196668 329372 137956 ,980617 78761 812599 137956 185977 256657 315236 125066 269648 611155 
879703 448958 945723 448580 141439 439865 375132 669876 216620 919530 ,879703 945723 448580 141439 439865 375132 669876 216620 919530 379597 
942517 551089 666380 374811 374981 542331 941011 550365 982597 584166 ,666380 982597 381166 766133 552801 730020 601603 962626 766155 772918 
408162 284095 136283 92086 507563 118543 110573 302524 741770 582907 ,408162 284095 136283 92086 507563 110573 302524 582907 195766 630596 
753942 525867 986132 893043 400486 925742 166322 540047 787287 736059 ,525867 893043 400486 925742 540047 787287 736059 383159 858836 692771 
720864 572638 401867 334696 335881 289379 877581 602871 569792 217830 ,401867 602871 458018 510303 869803 791912 612898 212348 297232 23721 
522791 453665 696081 295255 520007 561563 690234 93814 81732 498062 ,522791 453665 295255 520007 498062 637505 112520 632478 45186 186626 
61712 521948 691257 983165 227672 278491 947494 96897 697406 863908 ,61712 691257 983165 227672 278491 96897 697406 486073 182635 155527 
542181 835406 899897 843275 434716 834571 528325 441624 416711 844097 ,542181 899897 843275 434716 528325 416711 844097 685371 95141 233996 
60927 292380 658501 246556 310839 305056 307161 246655 351828 637028 ,292380 241994 248870 905263 242260 279733 292556 292211 246668 762181 
955101 101339 127980 539677 846970 894084 665055 885695 921093 258807 ,955101 101339 127980 539677 846970 894084 665055 885695 921093 258807 
239939 588889 196876 199322 240247 803686 208698 531553 400048 341277 ,199322 240247 803686 341277 664580 426318 41321 541839 614187 757507 
851061 740635 917410 526277 530354 61960 233089 853305 101099 682287 ,740635 526277 233089 101099 682287 273526 686437 769206 155558 751729 
952299 601708 37220 862184 912954 767350 767489 886702 952224 870325 ,952299 37220 912954 767350 767489 952224 870325 963439 673758 239318 
552725 537312 586695 594929 980086 991089 905381 550279 678486 66146 ,552725 586695 594929 991089 678486 66146 45353 210443 421372 772288 
523506 798133 874028 356699 352744 83487 113007 65928 560435 265568 ,523506 798133 356699 352744 83487 65928 560435 265568 561358 466658 
512734 551938 339579 503809 752441 629686 999298 805955 407274 168853 ,551938 503809 752441 999298 630025 687264 702765 917787 178803 752030 
924737 345887 5440 160467 434798 65219 293523 617706 115421 796196 ,5440 65219 115421 487621 318285 390898 770217 224344 440946 624384 
998615 739372 424846 997334 578418 963500 860396 31279 179164 927604 ,998615 424846 997334 31279 832782 181888 801866 628179 272459 242210 
429479 344637 859679 429576 218805 792551 741046 367379 439511 496733 ,429479 859679 218805 367379 88788 233644 84707 5717 732354 469749 
846009 971029 974744 171515 922267 471531 256663 31816 636347 774447 ,846009 922267 471531 256663 31816 636347 774447 834888 409483 196650 
191139 442397 716476 905343 536307 424151 568005 102635 959847 39076 ,442397 424151 568005 959847 39076 642304 654495 655842 39050 423219 
422006 720847 951497 651577 304154 50209 22649 981650 290364 811880 ,422006 720847 951497 651577 304154 50209 22649 981650 290364 943143 
207913 7675 652719 656843 216329 46579 638627 641044 655055 657030 ,207913 656843 216329 46579 654494 417477 654460 658053 656546 608139 
238568 5055 44534 788499 506126 73461 515537 285190 254263 925952 ,238568 5055 44534 788499 506126 73461 449178 360951 713653 293454 
425287 310595 175047 445151 356342 514745 430782 362982 227546 690122 ,425287 310595 445151 227546 481781 526193 787547 113643 491349 504020 
188820 155712 426542 252687 924607 416542 800169 686433 68477 273040 ,189365 798803 545390 23726 658463 452661 106713 175298 575356 327480 
271363 271292 793405 696041 484881 601006 710347 524583 9695 208685 ,271363 271292 793405 696041 484881 710347 9695 208685 670063 739951 
717634 453540 555274 223133 600722 261696 221542 130464 965595 455826 ,717634 555274 600722 261696 221542 130464 965595 455826 682257 404992 
222740 477234 715397 823981 496862 654707 102498 38625 995200 785575 ,496862 102498 38625 995200 655064 785724 953210 445455 102241 388718 
836591 620174 935255 294570 108366 99766 405036 886135 902150 635649 ,405036 576772 169036 432660 390364 841399 203987 770726 851758 704473 
667377 755968 189309 768483 638621 567946 804478 804435 913419 383288 ,667377 792073 736924 767933 568005 654213 216352 207102 446892 601746 
578457 578237 151862 579387 619736 288717 378413 938878 448906 260505 ,578457 578237 151862 579387 619736 288717 938878 448906 437416 728299 
574410 337587 560856 838026 830440 890535 132705 534547 869369 666741 ,574410 641917 650029 470347 962066 809741 769878 443296 833833 904198 
118860 230253 75669 381029 801358 34888 218108 174338 427144 139634 ,118860 230253 75669 381029 801358 34888 174338 139634 128492 987555 
345323 662213 585481 531512 453498 373598 482898 753691 947492 703817 ,345323 662213 531512 453498 482898 947492 703817 346150 900940 826555 
38203 7546 544976 476365 985447 477448 129822 7109 541372 54953 ,7546 541372 54953 138417 569252 544298 38953 39236 839073 41166 
856917 210744 686514 15514 883578 889450 863063 576810 576764 751668 ,856917 210744 15514 883578 889450 576764 751668 268519 143589 403190 
953806 847173 226004 825043 53052 143146 121033 75543 488678 884013 ,953806 825043 53052 143146 121033 75543 488678 884013 661413 932063 
103857 339933 482497 344793 905059 311025 309505 727220 744105 419117 ,339933 482497 344793 905059 311025 309505 727220 419117 468257 778916 
933682 934679 332410 874004 706571 167466 172479 708073 19097 169746 ,934679 708073 620985 663416 576642 147863 425958 21173 600147 232602 
69593 220915 706997 883795 466692 330101 375054 386758 325243 176103 ,466692 375054 386758 513370 314767 845028 582018 551117 66699 491388 
908203 32722 145487 47518 727912 519823 452658 881110 505888 358452 ,32722 47518 505888 237640 175258 497525 173732 273505 235400 862940 
827799 615880 616402 346195 464056 674201 960548 843199 3316 378190 ,827799 616402 346195 464056 960548 735634 599909 116898 169791 60789 
972038 440276 964149 399467 44761 632500 275339 503628 66531 937562 ,440276 44761 632500 737437 307499 510834 671822 922975 684619 917083 
913419 736924 839510 207623 677844 792073 952918 422022 755968 667380 ,792073 855728 607728 38950 568005 445696 357799 953041 442751 216352 
762484 652420 649943 674163 648123 714415 649639 534798 29627 445404 ,653981 674603 675319 159416 814877 799462 647259 552640 30955 743280 
426542 390493 157633 59248 831404 948097 147210 281710 965388 760100 ,426542 390493 157633 831404 760100 533783 831684 646204 276730 351362 
404964 567528 568218 568168 569647 468914 568413 567950 969968 604552 ,567528 775427 797339 404766 604811 674080 831638 284370 758198 568080 
303633 553932 513629 223295 928699 357082 359901 897974 472150 518824 ,303633 553932 513629 223295 357082 359901 897974 553086 539038 18383 
957508 36339 930037 469920 843275 931612 69085 782698 220889 71672 ,843275 71672 60386 36146 539058 61572 903845 663467 617958 919042 
800758 829569 730470 398122 77522 52011 574777 601708 681012 225908 ,398122 833702 21367 863176 209487 817720 20898 634905 622074 262296 
921539 953039 610048 921564 43098 257960 51483 742528 414628 339424 ,953039 610048 921564 43098 257960 51483 742528 414628 259266 825852 
539915 30922 71205 946192 686605 955467 105380 861849 467024 334263 ,539915 30922 71205 955467 861849 467024 334263 911070 23782 928811 
756663 103329 672149 759533 190654 992212 103655 992735 673939 989700 ,756663 103329 672149 759533 190654 103655 673939 404614 590589 676655 
216545 320399 898435 942698 480671 992571 455826 744290 903126 444700 ,455826 468463 343174 667797 177737 903599 311516 903526 924769 364312 
629226 138433 97316 585882 366456 911585 949086 32973 310212 510891 ,97316 585882 366456 911585 949086 310212 510891 152296 3463 119717 
982272 372916 321351 991284 252724 710689 691565 708395 11258 581856 ,372916 991284 252724 710689 708395 11258 581856 314778 136594 965636 
561302 542218 732894 518337 840955 681458 33103 561446 162024 742657 ,542218 732894 840955 33103 561446 162024 742657 888058 373626 563998 
222192 308225 300427 521190 426978 208577 785182 419514 309925 159960 ,222192 521190 426978 208577 159960 577815 249108 105139 484682 521536 
786973 764540 973593 820570 99975 418644 864794 423910 841839 985540 ,786973 418644 864794 841839 985540 595249 547383 652267 221044 424319 
996885 443785 765687 645320 996517 191671 763021 250453 101635 592529 ,645320 191671 250453 592529 443854 770510 811053 434746 996025 666720 
670241 734347 992155 405952 614969 894610 668589 614732 93026 423681 ,734347 992155 405952 614969 894610 668589 614732 93026 238943 929173 
136889 569109 810953 569153 759600 137477 162760 759498 768857 674678 ,136889 569109 810953 569153 759600 137477 162760 759498 768857 674678 
684465 389531 215865 397205 458333 293667 525397 870981 516561 700622 ,684465 215865 397205 458333 293667 525397 870981 516561 700622 311167 
223733 80310 855642 857420 856991 840776 782438 564333 632681 918802 ,223733 80310 855642 857420 782438 564333 918802 868665 780515 912688 
853305 304880 806195 61018 481119 227002 268962 563702 860666 75572 ,853305 304880 481119 227002 563702 860666 75572 852891 903845 551358 
680055 698195 813958 839899 13456 984011 853305 302038 233021 843243 ,680055 698195 13456 853305 843243 843167 304880 971251 158722 402738 
324396 111765 714342 99671 747081 453219 602668 589788 208696 191458 ,324396 747081 453219 208696 191458 739229 523552 114414 322525 813857 
755968 190288 667377 756252 667386 208088 768483 638200 579903 829571 ,638200 829571 971893 642307 913419 803649 47059 793183 808017 643029 
869410 322453 273199 874311 549993 206939 802834 68223 896240 842907 ,869410 874311 896240 349765 406764 628334 57034 272292 225361 239318 
210214 183095 518586 489878 916239 418220 517055 523615 13956 448856 ,183095 518586 489878 916239 206426 82129 279597 56643 71223 461346 
736066 528323 894974 935780 220225 501087 90775 504882 936527 679862 ,736066 935780 220225 501087 90775 504882 936527 679862 269540 382455 
676310 680805 206939 457068 628228 970044 92955 231781 329447 582560 ,676310 680805 206939 457068 231781 329447 582560 707863 853587 481772 
566318 363945 261696 284842 497388 528431 362543 519282 353756 432574 ,353756 44151 104854 453540 517905 175610 839681 430952 714148 516951 
825257 667130 686012 566863 766550 540084 699788 445962 684778 822813 ,684778 822813 113269 447469 247286 759976 773042 827571 673651 115239 
568079 857682 191130 835532 673442 29331 835898 567421 26785 835741 ,833647 827645 835893 831497 971540 468763 568483 766224 954064 569252 
211688 104803 151814 861737 730711 971477 989791 69585 698368 972278 ,211688 104803 151814 861737 730711 971477 989791 69585 664082 923414 
375168 832958 856604 955843 650840 813806 858132 849646 677185 374332 ,375168 832958 955843 650840 813806 858132 677185 374332 992492 676723 
158851 680382 173793 831876 365131 668391 536411 440718 392253 401922 ,831876 536411 848232 302503 773540 986547 869789 102106 529649 992111 
638538 233821 225999 562623 227817 885261 746039 667986 706830 541872 ,225999 562623 885261 746039 667986 541872 878563 224233 894990 864740 
603515 227004 293074 727859 297905 83506 351191 608858 57404 92624 ,603515 227004 293074 727859 83506 57404 92624 568813 624385 804183 
649429 762062 786464 200715 588178 249625 574911 820675 174026 860736 ,649429 200715 588178 249625 574911 820675 174026 860736 860877 862354 
301970 531637 402875 405429 442433 416216 628215 792331 488151 124734 ,531637 402875 405429 442433 967172 410341 409451 242041 2892 762880 
960708 969193 833104 50185 268464 922587 969107 960656 644421 915618 ,960708 969193 833104 50185 268464 922587 969107 915618 867729 930546 
873490 730169 683083 192999 264316 402005 947084 235285 779121 183338 ,873490 192999 264316 235285 779121 183338 235006 148366 192803 595149 
973035 850243 158281 112680 352539 66405 599578 516704 178308 293844 ,850243 158281 112680 352539 599578 293844 261437 860102 679118 714038 
912228 969193 960708 911691 644421 833104 915618 80048 879685 885850 ,912228 969193 960708 911691 644421 833104 915618 879685 885850 546631 
172273 242256 558339 400792 698770 955530 785852 151321 658153 161642 ,558339 400792 698770 955530 785852 151321 658153 161642 287583 258037 
858257 491985 465303 699054 546887 521664 684016 872766 500511 542687 ,858257 465303 699054 546887 521664 684016 500511 542687 609429 12700 
171970 694771 954139 258925 475041 319365 478810 686841 864135 590764 ,171970 694771 954139 258925 475041 478810 686841 864135 590764 695641 
751231 185231 806330 391254 69350 877034 730998 432284 682037 202127 ,185231 806330 730998 202127 798564 435509 94499 110920 723097 841786 
903823 185977 988330 459507 403349 407444 752439 483501 43949 84938 ,903823 185977 988330 459507 403349 84938 187073 577418 524215 84683 
541937 734946 627966 989766 479615 933210 642212 617224 391004 735942 ,541937 734946 627966 989766 479615 933210 391004 102336 763969 557922 
95777 500320 79553 151252 603410 348803 500109 780572 524763 95166 ,95777 500320 79553 151252 603410 348803 500109 780572 723076 804005 
521288 84174 158417 844659 261712 748045 375947 615943 719976 419501 ,521288 84174 158417 844659 261712 375947 615943 521678 732543 520726 
996721 469096 641182 474246 50852 540196 891569 649376 820765 55891 ,996721 469096 641182 474246 50852 891569 820765 55891 641995 865773 
851305 281093 240318 865708 427743 985397 18001 370933 878828 755111 ,851305 281093 240318 865708 985397 18001 370933 755111 333477 967748 
423756 189002 336593 591732 392012 354314 840668 496697 957901 548569 ,423756 189002 336593 392012 840668 496697 957901 548569 419434 192936 
239360 854723 965479 69131 487962 232266 921484 226338 333318 43622 ,239360 659094 502388 919497 82077 238056 321924 241949 293509 809350 
615706 610294 884296 749233 781887 607386 102209 762927 824186 190845 ,615706 610294 749233 781887 102209 762927 824186 190845 305210 823050 
236733 536451 335334 695208 774477 302303 373418 335378 635785 327160 ,236733 536451 335334 695208 774477 335378 327160 475404 360601 989445 
384588 995272 48268 694545 195335 36494 713054 194677 612374 273054 ,384588 995272 694545 195335 713054 194677 273054 952617 719064 18604 
120401 165589 624689 836943 331574 648013 814075 4443 167640 833834 ,120401 165589 648013 814075 4443 352122 269192 481093 334708 398725 
337798 315529 794977 967803 945574 608425 165295 378223 286458 981348 ,337798 315529 794977 967803 945574 608425 378223 286458 981348 376936 
488909 504151 140259 23127 524169 597352 544558 518554 190506 19323 ,504151 140259 23127 524169 544558 518554 190506 19323 222906 985723 
995544 547001 305178 82971 82812 87169 48346 487400 784996 809717 ,995544 547001 305178 82971 784996 809717 677791 658348 558736 29938 
52152 863892 803510 46913 65732 859595 269629 9868 159798 895301 ,52152 863892 803510 46913 65732 859595 269629 9868 159798 895301 
872160 864566 46829 863723 251064 12336 862477 958946 915760 225118 ,872160 863723 251064 12336 862477 958946 915760 225118 10445 224663 
445788 447544 446606 445958 447170 446517 446143 824186 445797 447787 ,445788 447544 446606 445958 446517 446143 824186 445797 447787 445715 
460607 751828 742957 956741 743664 458056 564777 452630 733722 633583 ,460607 751828 742957 564777 452630 733722 710012 170970 869557 736861 
695503 940510 42090 167303 595676 145038 231305 883758 291470 267093 ,695503 940510 167303 595676 145038 231305 291470 15609 199113 411478 
868750 873616 899140 869507 932906 618070 732205 251235 203881 129201 ,873616 869507 932906 618070 203881 129201 732452 16156 886741 866731 
878083 796357 562234 824608 609797 716841 594894 293385 375168 847099 ,878083 796357 562234 824608 609797 293385 375168 847099 486027 256313 
335890 744454 585467 843131 573876 769590 416564 933308 842469 185194 ,744454 585467 843131 769590 416564 933308 842469 185194 155266 930508 
891200 289364 940625 205124 61595 561819 685767 600987 269192 121051 ,891200 289364 205124 61595 685767 600987 121051 41519 232828 353539 
831478 15402 599039 843496 681939 968508 911257 831470 900649 844127 ,831478 599039 843496 968508 911257 900649 481181 546122 512135 795430 
24523 878217 456871 730171 26722 423749 245265 59759 924080 880001 ,878217 730171 26722 423749 245265 924080 880001 989334 183595 964859 
653264 649243 649249 647573 824003 762088 650614 422625 651053 673328 ,653264 649243 649249 762088 650614 651053 673328 795500 648153 650632 
189271 894187 56048 537220 900932 417533 553190 251439 868088 907801 ,189271 56048 900932 417533 251439 868088 907801 952420 912099 753638 
666974 6267 781697 766071 657755 421284 373608 616262 814857 423219 ,666974 6267 781697 766071 657755 421284 373608 616262 814857 423219 
743664 262760 778081 544732 258646 628339 771688 338738 327164 116823 ,262760 778081 544732 258646 338738 327164 513720 767235 9521 226624 
798929 933547 432870 872143 753771 862152 923164 389635 868396 99153 ,933547 432870 872143 99153 960336 136452 878542 223734 982804 994367 
607057 854712 292941 50187 262443 342747 152719 107452 89483 68249 ,607057 854712 292941 50187 262443 342747 152719 107452 89483 68249 
725792 109472 48369 185755 698106 3780 704157 906892 359452 163581 ,725792 185755 3780 704157 906892 359452 802092 80817 138065 521512 
72793 415976 518554 895127 491373 750734 538711 854526 200630 140259 ,72793 415976 518554 895127 491373 750734 538711 140259 882992 753843 
992182 302776 57134 233815 541835 660797 868611 949550 128799 664543 ,992182 302776 57134 233815 541835 868611 949550 128799 664543 241517 
271055 723802 278908 288496 456953 498689 108448 528379 381998 309594 ,271055 723802 288496 456953 108448 528379 381998 309594 731874 459866 
26448 648828 765713 608056 640134 672768 650250 824572 765506 846357 ,26448 765713 640134 672768 650250 765506 125577 982974 779490 825791 
397297 422983 518657 517377 614904 521862 363719 889945 350403 30006 ,397297 422983 518657 517377 889945 350403 30006 51345 140264 55823 
703876 191039 833278 161819 509573 199811 264459 946951 469 406658 ,703876 191039 833278 161819 509573 199811 264459 946951 645370 224039 
987212 121689 522971 391599 416564 313151 37039 682113 864215 426240 ,987212 391599 37039 864215 426240 722512 484149 20283 242074 813903 
470009 922074 83049 82375 182414 562757 685534 207127 537528 871611 ,470009 922074 83049 82375 182414 562757 207127 537528 871611 5941 
216712 927310 152224 175634 119613 107631 263883 747343 512797 146163 ,119613 107631 263883 747343 512797 698102 173219 363008 601000 114677 
535759 904285 115276 924261 546594 720702 5394 546984 667101 825453 ,807996 718950 904889 259042 676766 890741 877603 585469 821774 713849 
153935 719250 726018 23801 725467 917855 241641 631828 269661 470579 ,153935 719250 726018 23801 917855 631828 269661 293312 73272 77733 
62838 220492 151654 683083 436972 828262 622799 879393 829005 294485 ,62838 151654 622799 829005 294485 75027 347703 167978 137422 436598 
324094 605567 40300 625171 140039 600105 565550 254797 974178 204386 ,605567 625171 600105 963543 459132 581436 629386 265480 315402 311446 
932417 192480 862675 92928 687917 932866 92616 842775 954832 129447 ,932417 192480 862675 687917 932866 92616 842775 954832 129447 542355 
305206 525625 451832 993676 141416 458163 426525 698368 628385 494433 ,305206 525625 451832 993676 458163 698368 628385 494433 101717 389263 
1526 531362 150903 25158 699271 267726 420622 282923 763205 429652 ,531362 25158 420622 282923 763205 105422 62140 821934 563907 414693 
881686 135053 736158 853048 783205 132800 714557 943234 746460 683174 ,539982 595189 649432 250415 982305 443582 937390 538255 883085 895044 
80339 664407 287074 914460 746029 990624 48510 115057 598496 401422 ,80339 664407 287074 914460 746029 990624 48510 115057 598496 401422 
679506 496996 869264 546627 403413 123292 298183 1294 116810 402438 ,679506 496996 403413 123292 298183 1294 197811 844332 679288 698781 
230563 339276 306076 246566 959881 502651 237007 516761 246527 714716 ,230563 339276 306076 246566 959881 502651 237007 516761 246527 566281 
811600 339908 590402 224725 95468 163226 757213 425120 772836 540909 ,811600 339908 590402 224725 163226 757213 772836 540909 749424 836763 
847265 521430 316843 897646 75669 243575 931227 559495 414516 553457 ,847265 521430 75669 243575 931227 559495 414516 553457 189885 807748 
855231 655528 297232 456934 657312 422599 612898 534551 426736 660164 ,855231 297232 456934 657312 422599 612898 534551 426736 660164 651461 
733008 322639 671400 845724 300369 355097 965998 668752 284345 61570 ,733008 671400 300369 355097 965998 227475 309311 206966 973556 326545 
885778 270874 886541 960900 867761 562248 450579 891517 867751 742339 ,270874 886541 960900 867761 562248 450579 891517 867751 742339 933722 
544119 336833 525084 466004 227583 666606 23481 519066 522327 94005 ,544119 336833 525084 466004 227583 519066 94005 106636 9415 237315 
11063 100853 725448 566136 391398 405970 210541 840613 503383 703814 ,725448 566136 503383 703814 157130 390739 994367 256956 841610 909423 
507616 85877 499072 902416 53516 499196 53690 476899 50932 83352 ,85877 53516 499196 53690 476899 50932 83352 55129 56238 409200 
105608 526216 107087 709785 394442 419396 502388 321757 795371 451203 ,105608 526216 709785 394442 502388 321757 451203 404991 540669 530061 
732543 137972 685684 841170 873174 242565 547464 430079 429416 21371 ,685684 841170 873174 242565 430079 571825 523508 810468 547582 141009 
169394 671619 80017 668457 133419 754369 134702 24390 79872 586784 ,169394 671619 80017 668457 133419 754369 586784 421100 700101 547965 
266044 706863 634205 530074 648526 235475 925861 989202 431217 896145 ,266044 706863 530074 925861 431217 560304 873494 935551 142125 645432 
50345 50343 907224 915819 911184 961984 665715 763230 732178 405727 ,50345 50343 961984 665715 763230 732178 411885 832955 979607 975998 
844517 749157 102529 772054 982435 266110 577284 882992 503433 278462 ,749157 102529 772054 982435 577284 882992 503433 278462 919993 521869 
705591 17775 730645 113958 730749 937893 137857 670910 565174 934343 ,705591 17775 113958 730749 937893 137857 670910 565174 934343 376782 
108334 408296 952298 75326 929722 755803 702864 241134 407060 600365 ,108334 75326 929722 702864 407060 600447 866560 414713 542758 899701 
902995 329531 794585 572787 683881 912128 11771 650310 631716 577678 ,329531 794585 572787 683881 650310 631716 57569 284839 82558 105473 
326755 290146 303524 334110 435455 704476 138848 773308 872613 928413 ,326755 928413 432339 626005 21520 244857 804152 110036 691637 740600 
515874 515897 496790 256208 151239 749720 663955 246656 497330 105328 ,515874 515897 496790 749720 246656 497330 105328 122204 5737 524742 
617766 538650 983547 676095 667508 541372 738238 790301 248297 743840 ,617766 983547 676095 667508 541372 790301 248297 743840 50882 53603 
975633 975954 787613 231507 34536 397445 983272 928158 838970 170599 ,975633 975954 787613 231507 34536 397445 928158 838970 170599 893563 
470491 292100 547740 497039 600679 210629 416019 524946 994949 42714 ,292100 547740 497039 600679 210629 524946 994949 42714 104850 174722 
719976 748074 368523 340330 363948 960682 261574 568466 219800 432044 ,748074 340330 960682 261574 219800 432044 496918 87643 324601 175861 
389770 140855 879972 704451 56211 180396 56301 785042 813929 920778 ,140855 180396 785042 813929 460097 879685 908962 411553 528746 632507 
183923 304416 410914 236039 160085 441395 413751 593154 208378 214303 ,183923 236039 413751 208378 651950 733288 437496 994472 316496 787087 
682527 964760 310878 80871 81187 431758 390253 86769 175814 822490 ,964760 310878 80871 81187 390253 86769 175814 822490 430340 428863 
224749 366874 359536 281424 928696 629352 32654 15874 631998 960469 ,224749 281424 928696 629352 15874 960469 605236 76709 393685 941453 
902145 901541 864986 87234 828654 966831 284777 890797 370594 388204 ,864986 87234 828654 966831 284777 890797 370594 495607 6207 833894 
241124 364480 718192 501841 251943 98813 727261 208989 154156 327671 ,241124 364480 718192 501841 251943 727261 208989 749656 495038 609584 
511890 729940 419402 729910 261769 663488 601290 170364 141408 93522 ,511890 729940 419402 729910 663488 601290 170364 93522 139211 711806 
873171 991578 871696 130745 566083 364648 410390 487715 291606 369561 ,873171 130745 566083 410390 291606 369561 245670 864070 26077 268500 
421600 891514 534960 737176 545154 545146 429680 879361 822210 118825 ,421600 891514 534960 737176 545154 879361 118825 737490 732927 41385 
845802 852387 983749 443346 542297 947568 199367 858172 931877 886480 ,845802 852387 983749 443346 542297 947568 858172 886480 191904 904536 
791078 824819 760336 878187 247916 227224 534770 772039 732577 584529 ,791078 760336 878187 227224 772039 768389 654410 897341 41669 244165 
295882 216474 661854 254548 224032 744700 849070 478772 75916 564181 ,216474 254548 224032 744700 75916 564181 206524 932601 862540 500155 
232625 505195 184227 175714 185120 242469 208444 705814 441942 326361 ,232625 505195 184227 175714 185120 242469 441942 233348 214658 110663 
948504 906849 785254 739999 366142 966710 562101 693785 658691 93482 ,966710 93482 115647 289180 460601 946669 638978 193419 67418 347865 
425867 414537 817544 484182 543307 253938 418096 492335 634416 414417 ,414537 817544 543307 253938 492335 634416 414417 523337 20695 745486 
446196 445788 446383 816710 446517 478175 207062 216727 445843 38697 ,446517 207062 216727 445843 445341 447155 794216 215674 790510 667212 
759091 757942 612363 374492 977185 610344 667637 890908 400458 961602 ,759091 612363 977185 667637 890908 400458 961602 830191 568156 713090 
217952 5560 334258 718516 969162 585423 335109 805995 682336 995715 ,217952 5560 718516 335109 995715 555023 473358 791061 174660 213854 
524628 503895 469891 502196 305382 262114 455321 780279 348282 292630 ,524628 503895 469891 502196 305382 262114 455321 780279 348282 292630 
938229 272832 357637 375011 988727 863004 489128 582842 455502 13213 ,938229 272832 863004 489128 455502 854164 528271 557579 888830 759774 
288780 971247 236662 381997 381979 252135 752835 909553 444570 635251 ,236662 381979 909553 444570 571743 638255 371363 877410 86372 877633 
379731 498474 108817 497530 361143 90802 92395 475474 353076 471410 ,379731 498474 497530 361143 475474 471410 60135 30152 364386 152888 
325673 561285 448900 932301 407300 560926 306983 332009 82015 59287 ,325673 561285 448900 932301 407300 560926 306983 82015 65472 909226 
392761 589834 116900 124226 636106 964166 508821 148694 384058 76398 ,589834 124226 636106 964166 76398 428577 105909 380958 97621 541085 
629097 578711 830564 793388 456656 43790 538581 556406 530809 791820 ,578711 830564 793388 456656 538581 298178 840300 887716 151944 975996 
208783 876746 838724 665505 42957 887161 10225 43251 404125 345266 ,208783 876746 838724 665505 10225 404125 660413 867679 340403 116014 
830513 830565 831017 24709 839537 589189 836618 839597 737951 786854 ,24709 839537 737951 786854 607359 908052 979238 778544 354529 189262 
848323 263578 635689 246365 572543 249336 339847 417975 355367 774538 ,848323 246365 339847 355367 774538 348286 284499 656635 662132 859657 
930014 826671 203539 203663 883011 941302 206257 843765 596455 194284 ,826671 941302 843765 873766 204185 885797 496661 831340 61716 190693 
499689 494044 836276 245877 387279 729511 153453 780446 794078 276532 ,499689 836276 729511 780446 794078 412433 63148 723771 68677 704540 
39375 38483 39491 39289 38491 39301 348309 38456 39387 918583 ,39375 38483 39289 38491 39301 348309 39387 190452 55941 478488 
646394 861593 318821 796421 311754 450414 259170 505724 373249 792446 ,646394 861593 318821 450414 505724 373249 964924 342810 765934 599769 
931823 634507 931811 311874 864110 392520 272652 975894 533653 933090 ,931823 634507 864110 272652 495990 518843 416853 181548 842006 798635 
168460 808710 560062 772359 916476 177874 80245 16517 510295 809689 ,168460 560062 916476 510295 19498 549429 80035 199896 822270 719623 
823837 916844 974381 45295 539890 476109 589228 513184 226980 329189 ,823837 916844 974381 45295 539890 476109 513184 226980 919183 845996 
391606 323950 731194 474400 927819 874547 58333 604654 10211 59193 ,391606 731194 474400 874547 613842 406861 702079 907178 232783 946186 
503200 279531 498030 505146 152485 631844 971452 25238 269376 248776 ,503200 279531 505146 152485 631844 25238 269376 248776 31377 325418 
51998 963129 930499 852135 617296 646349 29439 144305 949474 835270 ,51998 930499 287023 545207 35599 253538 83979 672541 80954 149896 
351145 337172 45035 866750 602303 870692 611707 498415 512825 410886 ,45035 866750 512825 410886 95085 301312 103610 380520 357569 96326 
271926 10972 78159 517388 182549 304658 746075 198349 668400 382160 ,271926 517388 182549 304658 746075 198349 668400 12385 194061 669727 
947146 791356 428172 262971 61805 74573 111344 471675 308514 658615 ,947146 428172 262971 61805 74573 111344 658615 70613 323707 688031 
170160 497564 683616 170296 459864 244007 874366 966562 86286 87500 ,170160 497564 244007 86286 87500 628989 570540 288921 64835 940284 
993903 74524 783772 47588 280480 272639 706827 714119 849086 529486 ,993903 783772 47588 280480 272639 529486 999479 609141 242618 434530 
272639 713671 683580 950049 720501 326736 146585 768951 955381 486452 ,683580 136938 422392 699965 458550 451207 477926 908981 331387 510590 
459917 897216 749469 61483 414157 76068 133879 690834 417499 196515 ,459917 897216 749469 414157 133879 417499 981933 93814 408070 188543 
91117 91300 728595 524945 459097 369691 364888 534018 281404 469900 ,91300 728595 524945 459097 369691 534018 281404 469900 525319 629603 
206161 686644 714107 222177 224261 168257 723978 753212 887250 344548 ,686644 222177 224261 168257 723978 978646 497711 172801 454644 152508 
970668 502374 339220 606743 175106 323460 806646 400803 307888 274157 ,970668 502374 339220 323460 400803 274157 658457 31338 821570 25873 
59143 400655 352706 280039 459803 512517 422241 459879 406252 795042 ,59143 400655 280039 512517 422241 406252 795042 628032 61778 604960 
232448 988732 920432 849040 70355 880901 141790 597106 391586 928699 ,849040 70355 880901 141790 391586 98251 222850 727281 503620 305703 
532230 730487 512345 692903 531699 721094 24851 680078 684459 88924 ,532230 730487 512345 531699 24851 684459 88924 528486 475490 254050 
814768 647442 647507 5848 825526 648050 649024 640051 649973 647578 ,814768 647507 5848 648050 649024 640051 649973 647578 994710 23685 
154940 689534 963450 557196 480746 804070 496309 338652 68826 435922 ,963450 557196 804070 338652 190638 534773 893147 249912 286350 515549 
239130 282963 503721 379296 973046 566888 84678 21779 456761 594853 ,379296 21779 13349 905071 472126 243005 585317 489292 261263 115451 
521674 688082 579290 245761 67979 214672 680571 995129 506778 508756 ,579290 214672 680571 995129 506778 508756 990484 594334 229029 366288 
750523 289779 346534 744870 914759 7851 207291 148057 340987 730586 ,750523 289779 914759 7851 207291 730586 576347 914407 577021 165933 
66531 519599 246532 181860 246983 416270 670679 87148 334108 363956 ,519599 246532 181860 246983 416270 670679 87148 334108 363956 200372 
656523 911928 735484 907691 907974 698170 718828 39641 412181 654962 ,920470 911994 536486 421091 993820 543645 914799 698053 915085 655659 
236277 499712 622277 272230 272354 968259 621438 14621 203194 483126 ,236277 499712 622277 621438 14621 673676 840541 372872 143834 835964 
751621 574842 309308 553938 506776 499797 316244 14673 177739 138194 ,574842 553938 506776 605554 508027 725473 345403 90351 223728 632685 
352126 193627 272443 386954 80652 462416 483667 742244 979804 730248 ,193627 272443 386954 80652 483667 979804 730248 20598 749019 332501 
15999 848531 810976 193101 802395 105706 868665 75101 939405 555774 ,15999 810976 802395 105706 868665 274351 385712 442204 472085 929535 
88670 722721 331495 606264 101310 875361 562873 334676 940883 936409 ,88670 722721 331495 606264 101310 875361 562873 334676 940883 658184 
373752 544676 835594 853438 672445 756608 404717 134437 992824 468906 ,373752 853438 653055 325142 113650 568947 373854 580575 649390 29572 
445435 750438 477075 940099 791510 640149 446979 577195 673697 810171 ,445435 477075 940099 446979 577195 673697 810171 673740 513419 768389 
735038 164339 751453 745228 121355 151056 394628 36754 36558 752631 ,164339 751453 121355 151056 394628 36754 36558 752631 117824 197801 
984990 328919 145334 584351 161271 282030 96138 988874 327204 455453 ,96138 327204 455453 332367 198417 760240 141663 285020 917685 272747 
795378 996213 910987 313037 756046 336682 234785 216858 816831 498427 ,795378 910987 756046 234785 216858 816831 498427 787720 542506 892951 
785208 425493 785294 747604 92518 786992 258884 425727 155240 202637 ,785208 425493 785294 747604 92518 425727 202637 472085 385507 627645 
887462 34573 98975 914504 423184 459978 702845 911703 979464 918475 ,887462 702845 91598 909651 789988 911966 778325 727584 654191 807643 
933119 254286 233534 232796 837215 254090 673550 710705 603937 640953 ,673550 710705 603937 825891 989778 665715 846063 818821 57032 444588 
266810 303543 515176 143823 742598 929476 296534 284819 197580 573790 ,303543 143823 929476 296534 284819 573790 295775 299504 528265 375945 
210926 566236 880088 502361 814165 227293 228379 493473 246562 448256 ,814165 406182 503954 339463 246598 540724 79840 444056 535557 978338 
773894 773293 822566 770436 345035 389196 216199 96648 809752 814334 ,773894 773293 822566 770436 345035 389196 216199 96648 809752 814334 
954600 998365 146102 962386 896755 894465 583943 961415 776061 858601 ,954600 998365 146102 896755 961415 858601 816902 833541 213328 815632 
603876 469973 509314 84811 875421 612574 596943 38916 39091 533625 ,603876 509314 612574 38916 39091 533625 716445 492133 538074 334507 
551147 398493 270874 884907 259649 50123 875140 191785 970071 2989 ,398493 259649 875140 504459 867648 860268 16643 584320 855791 690476 
85655 692414 495106 204591 284103 940207 751466 194692 666003 184111 ,85655 495106 204591 284103 940207 751466 194692 666003 184111 819 
528096 90644 695428 326872 634109 798141 389349 669428 866948 854804 ,528096 90644 695428 326872 634109 798141 389349 669428 866948 774577 
24066 610384 755407 603212 673105 713854 610125 833445 716879 674125 ,24066 610384 755407 603212 673105 713854 610125 833445 716879 674125 
449593 518480 25681 431456 4833 21663 168494 628278 394160 258074 ,449593 518480 25681 431456 21663 168494 628278 433192 286662 845206 
137702 531534 704442 975169 419240 478253 478286 256903 64355 419628 ,137702 531534 975169 478253 478286 256903 64355 419628 45981 478259 
983336 184913 729131 751083 625486 143718 527816 756381 591386 757639 ,751083 527816 756381 591386 755956 143719 141924 619334 604084 374073 
752324 76462 881375 881369 903327 168506 723331 942671 69046 392585 ,752324 168506 723331 392585 570790 430984 750541 203140 180717 323984 
595476 169650 931623 861070 20651 848046 597082 539366 895825 111673 ,169650 861070 20651 597082 539366 895825 140406 732611 59058 59354 
860121 170574 268705 226452 198388 859979 72657 972921 864757 247673 ,198388 664761 224372 455608 565382 517113 69881 561838 503112 827325 
384535 87018 766855 195124 141924 778603 711705 197065 287244 563083 ,384535 766855 197065 563083 728171 147617 800767 166939 910300 223635 
961439 292560 279461 407315 667727 292500 780738 528505 827605 350712 ,279461 407315 667727 730314 156158 220502 122766 354388 432888 2140 
895945 452098 777386 98328 935457 968474 734260 864142 308312 663653 ,895945 452098 777386 98328 968474 734260 864142 308312 663653 303897 
193656 63307 973991 272539 990274 975 717536 374941 326545 498079 ,990274 717536 374941 326545 969893 467696 725198 609010 928536 339899 
44587 248086 955574 543091 702274 883002 543046 51993 299706 960446 ,248086 955574 883002 543046 967299 307029 826776 988178 491046 374742 
258061 326464 736256 574365 927279 387717 514573 262611 302516 950110 ,326464 736256 262611 302516 950110 628886 327761 556177 904013 61723 
832625 598923 727509 76437 379538 874599 988411 487165 396776 618048 ,598923 727509 76437 874599 988411 487165 832597 798498 729666 425554 
515086 322466 345662 393876 309340 504564 742820 506801 16562 419632 ,345662 393876 309340 504564 506801 16562 419632 478922 702962 523630 
600194 282250 272577 989969 668006 372808 258243 748138 271673 437447 ,258243 748138 271673 97350 242842 274108 262848 79872 257659 416 
307073 254067 665039 306486 639681 379210 561109 214485 600171 523211 ,254067 306486 639681 561109 214485 523211 130151 139878 429599 241006 
733216 825939 286756 448581 936920 516115 21816 934344 328774 592849 ,286756 936920 21816 328774 90020 701436 778974 144161 229058 491289 
332626 774730 740106 928505 475118 716666 274484 275625 586051 575232 ,332626 774730 740106 475118 716666 275625 586051 575232 164423 80910 
659645 536302 749620 160162 892606 520655 55665 151721 419436 153416 ,659645 536302 749620 160162 520655 55665 151721 419436 153416 474779 
388021 261816 893608 978140 216910 763990 499060 386218 567329 594322 ,388021 978140 216910 763990 499060 567329 594322 317988 64496 404110 
133610 135119 398335 235668 386880 186096 483903 19853 236121 728358 ,133610 398335 386880 186096 236121 728358 255648 254110 796565 934853 
326145 596596 922334 255877 230445 254056 904625 257673 58957 902738 ,596596 922334 255877 254056 904625 257673 58957 902738 809871 389630 
247687 996277 141439 401669 812894 594033 255260 401494 857085 802313 ,247687 996277 141439 401669 812894 255260 401494 802313 44251 810838 
935803 454222 934168 703998 846380 529205 844315 105163 64881 698606 ,935803 454222 846380 529205 844315 64881 698606 223555 846471 695324 
676829 556941 2893 676685 289859 556850 547300 847340 848665 305289 ,676829 556941 2893 676685 556850 547300 847340 848665 305289 995591 
207253 991793 207230 844413 410743 764118 10425 988135 286720 449695 ,207253 991793 207230 844413 410743 764118 988135 286720 790125 713134 
399969 157170 400150 921729 398580 832480 516226 924900 813751 403786 ,157170 400150 832480 516226 813751 403786 401734 580410 162434 754709 
605120 445778 767906 768031 476959 767934 552190 423661 790511 667360 ,605120 447394 170821 767967 825584 885400 41544 657721 208066 718398 
850075 268924 252282 450993 804785 405990 124561 233671 272230 374927 ,850075 268924 252282 450993 124561 233671 272230 374927 632437 627146 
841837 867139 221329 768970 252723 772573 260692 768933 992019 856646 ,772573 992019 854547 226224 99226 541436 929471 541317 916999 990727 
56087 13107 227060 739972 394677 514701 241492 13183 678204 596941 ,13107 227060 739972 13183 678204 225084 690056 547265 208738 708626 
494946 151286 78657 931783 523644 85436 662690 540682 504435 362416 ,784792 40560 532536 351277 115256 413862 281803 261574 434313 632208 
5142 560322 429546 390045 324267 418678 295384 588225 389961 192506 ,5142 560322 429546 390045 588225 389961 192506 635389 267087 668145 
652453 273676 388523 983426 434298 47384 263557 986859 833309 986390 ,833309 207918 398105 713878 714324 541604 847781 531263 612064 533724 
805990 155011 557931 776562 724490 926795 457208 747801 817671 695159 ,805990 155011 557931 776562 724490 926795 457208 747801 817671 695159 
5635 617044 641218 387016 440946 846637 218073 474320 855596 415658 ,5635 617044 641218 387016 846637 218073 474320 855596 415658 6937 
373168 397023 905723 720636 339385 840177 214485 26005 126403 784833 ,373168 397023 905723 720636 339385 840177 214485 26005 784833 530259 
292862 337249 293906 280751 735799 500564 889978 278701 609042 281676 ,292862 337249 293906 280751 735799 500564 278701 281676 292185 285614 
864396 739478 909711 148719 692305 733807 685688 362548 363922 964074 ,739478 148719 733807 685688 363922 482765 942088 983086 539850 963681 
667246 455853 885911 713950 850088 104287 47319 642585 446152 890287 ,667246 455853 713950 850088 104287 47319 446152 890287 827113 852149 
453396 407696 874005 982590 51664 982648 982587 325785 574113 237176 ,453396 407696 874005 51664 982587 325785 574113 237176 991115 383991 
382425 901208 421938 84095 754006 408015 583809 934376 400174 533596 ,382425 901208 421938 84095 754006 408015 934376 400174 110128 632477 
656776 825584 654704 893145 907510 446005 446049 657534 656849 893387 ,657721 816931 446067 869582 655097 763333 449363 837308 537376 215675 
75040 527287 744460 746186 929576 389630 265915 633870 130483 834280 ,746186 929576 389630 265915 633870 130483 467067 400218 463470 440127 
575409 415617 237520 156527 189408 76883 65922 441543 89738 860410 ,575409 237520 156527 189408 76883 65922 441543 89738 860410 383991 
666132 665484 233528 607012 426870 634130 665124 330905 639714 639495 ,666132 665484 233528 607012 426870 665124 330905 639714 606940 124819 
333494 769978 402148 126285 507997 122929 651404 493910 330995 335430 ,769978 402148 126285 507997 122929 651404 493910 335430 164560 68137 
192044 898160 77571 904738 203145 267423 744744 160388 184640 369294 ,192044 898160 77571 267423 203145 160388 184640 369294 613358 906473 
774577 126285 550019 298878 205184 201687 708278 408860 274697 130416 ,774577 126285 298878 205184 708278 408860 130416 472596 749386 88881 
835990 230236 656593 922918 553253 106527 531401 106520 234308 795411 ,835990 230236 656593 922918 553253 106527 531401 106520 234308 795411 
316653 506301 22370 437982 960161 209243 300836 151517 283834 242064 ,316653 209243 300836 151517 242064 830625 870809 253881 254067 742431 
905053 810581 905132 180051 429028 551748 551697 745742 520565 465514 ,905053 810581 905132 180051 429028 551748 551697 745742 520565 465514 
864910 472803 834168 605741 759868 329072 126454 583328 631496 976089 ,472803 759868 631496 870323 368872 241311 927037 157118 805296 208798 
963902 592937 799335 534567 420984 546189 732069 642996 471452 933876 ,963902 592937 799335 420984 732069 642996 933876 403116 716317 655505 
971646 221542 311516 310186 684137 370183 574145 363931 608926 57771 ,971646 221542 311516 310186 684137 608926 57771 307348 617968 105570 
153082 30256 68310 520726 708754 186288 482240 82543 482790 86636 ,153082 30256 68310 520726 708754 186288 482240 82543 482790 86636 
756868 780078 541485 995513 531323 973789 676574 182439 758861 249035 ,676574 300115 874562 996197 287828 366926 143414 663973 781879 760735 
964869 696453 422179 941940 168455 513691 539282 131166 659588 823537 ,282010 184019 397114 286619 52173 979915 321607 434453 943348 131438 
380232 93879 887484 207545 571752 669318 48287 442458 218958 880301 ,93879 887484 207545 571752 48287 218958 880301 207519 856895 535642 
757607 594821 957495 242442 955961 376314 374097 609944 348584 849529 ,757607 594821 957495 242442 955961 376314 374097 609944 348584 849529 
567395 427570 232991 341659 51394 638524 228508 233528 627479 951679 ,228508 951679 719086 557654 330905 665484 470230 656347 130909 473685 
416778 864824 913595 353175 687591 987862 281294 285260 571804 517849 ,416778 864824 353175 987862 281294 571804 517849 987340 953331 517082 
532283 420772 206418 204159 936618 359436 401347 92502 387400 425858 ,532283 206418 204159 359436 401347 92502 387400 65290 31839 549751 
953466 969953 738240 954222 851549 26453 946237 147272 856329 857048 ,954222 851549 26453 946237 856329 919967 839687 942023 986722 827059 
994053 427783 186381 803644 423191 384319 215591 85613 608803 804652 ,994053 427783 186381 384319 215591 85613 608803 804652 410122 44148 
572886 225048 281437 698619 48082 704641 204235 745177 48544 932556 ,225048 281437 698619 48082 704641 204235 745177 145444 173572 2462 
84413 495797 883597 546416 72917 546428 950814 479347 169620 772842 ,495797 883597 546416 546428 169620 668628 376644 896520 95137 342165 
731164 25613 366525 738834 130536 393064 249802 548914 20860 960222 ,731164 366525 393064 108745 519018 990697 521557 170927 668145 972892 
882617 450996 567157 10872 645043 881188 207284 776150 644748 449541 ,882617 450996 567157 10872 645043 881188 207284 776150 644748 449541 
607480 535161 916060 112511 637943 719023 929213 406373 716473 141302 ,607480 151815 39167 151719 907241 479207 975833 673936 715186 190701 
325942 774591 45288 546212 600308 805923 84709 319116 558465 388397 ,325942 45288 546212 600308 805923 319116 558465 388397 519386 105474 
203999 404110 156602 547706 501845 533619 157530 548340 844489 845005 ,533619 170440 613214 430107 233859 170012 396242 303812 935676 682260 
643743 643174 657438 217993 139569 490276 605085 411870 854385 217876 ,643743 643174 490276 854385 453491 306403 933139 460313 660550 577193 
182624 789200 409406 974237 887794 28059 900672 995926 510297 802153 ,182624 789200 409406 974237 887794 900672 995926 510297 802153 779599 
926525 102317 669948 947274 297955 191821 200562 867945 867757 840586 ,926525 102317 669948 947274 297955 191821 200562 867945 867757 840586 
554651 616023 997409 373226 315800 168388 502438 47628 785002 822444 ,685121 9529 893132 177265 455511 306677 966505 770642 540618 785442 
93934 12180 662962 732434 204546 234050 97436 58903 296307 79540 ,93934 12180 732434 296307 526974 12575 732324 305088 363959 431095 
490579 368897 697163 466168 842241 688946 907360 278579 884788 254069 ,751648 473161 221126 388548 820872 87293 221371 381497 776118 369492 
428156 284503 53086 807595 153004 113450 296702 427476 475617 770848 ,428156 284503 53086 807595 153004 113450 296702 427476 475617 770848 
192526 955545 268116 156856 635685 170505 83714 214485 517933 698487 ,156856 635685 170505 214485 631937 905723 776802 511538 421917 227630 
692000 898986 211202 452940 176728 876032 857227 670203 934520 668095 ,898986 452940 824701 620735 219292 919013 674695 916370 517503 225707 
674106 39745 944757 468907 42381 139848 962286 673362 962369 579431 ,674106 39745 944757 468907 42381 139848 962286 673362 962369 579431 
835173 325293 580039 611139 982408 741518 837620 892755 835946 854180 ,29331 282773 665871 604263 813339 656335 339398 903865 673717 674447 
225139 954663 123447 175707 983296 309064 173061 810391 553418 168490 ,225139 123447 175707 810391 553418 168490 243990 32501 125557 937968 
747475 998002 813673 3148 661070 721295 911523 977092 762187 106334 ,747475 813673 3148 911523 977092 762187 106334 573711 916485 215778 
839074 535056 129443 283436 775310 288642 737849 142241 829900 165606 ,839074 535056 129443 283436 775310 288642 737849 142241 165606 796438 
846772 554254 867213 777193 754104 570177 787784 306309 397196 423086 ,846772 867213 570177 787784 306309 423086 280607 746328 87856 305565 
825167 612186 765414 946772 766666 576593 812170 238169 848259 248173 ,612186 765414 946772 576593 812170 238169 848259 753601 529542 869835 
91043 230518 496937 279285 228688 933212 197687 361620 89458 721717 ,566485 517017 107469 76894 364138 243775 704 884259 367728 354082 
778920 145645 589235 398938 914095 675895 300725 109367 669531 786191 ,778920 589235 914095 300725 109367 669531 786191 563722 927710 735473 
68874 866687 841425 143354 202690 594591 860467 495215 69351 915494 ,68874 866687 841425 143354 202690 594591 495215 69351 915494 900889 
376661 727509 276245 60460 889114 103682 541822 956916 678204 487837 ,376661 727509 276245 889114 103682 541822 956916 678204 487837 842857 
831713 217644 915986 782086 8627 652392 921879 950755 148342 871050 ,831713 217644 8627 652392 148342 871050 546302 767568 662253 824459 
884762 926947 498830 111947 262383 616236 196950 698697 926423 264587 ,884762 616236 264587 376258 190365 6839 319307 493570 522195 922275 
996493 894487 135832 723441 673053 607493 24903 609693 607502 267674 ,894487 723441 673053 609693 607502 267674 554581 685308 444940 894427 
235969 234659 938003 769473 436429 211100 583024 444447 437112 599308 ,235969 938003 769473 211100 437112 599308 437781 513198 433224 244293 
770884 793156 534356 968664 922918 639876 917128 488291 445139 455484 ,770884 793156 534356 968664 922918 917128 488291 445139 455484 534351 
960520 123667 69852 585154 663611 469899 950029 797488 424155 689469 ,960520 123667 69852 585154 663611 469899 950029 797488 424155 469558 
761200 812607 48190 170612 187662 875383 265582 565159 245499 494977 ,761200 812607 48190 187662 875383 265582 565159 245499 494977 273681 
410435 615611 470914 828633 711000 679792 50975 84321 479001 110449 ,615611 828633 711000 679792 50975 84321 110449 450287 640718 50794 
834280 875659 518322 701515 325897 596563 842695 933921 933407 755130 ,875659 701515 325897 596563 149651 749294 132157 854805 855611 243202 
217606 773173 216574 387175 794131 839488 232974 314931 344247 941277 ,773173 216574 839488 232974 314931 344247 404365 765815 793752 764515 
331649 357479 100273 395043 376768 197406 278579 277915 227019 234807 ,100273 197406 278579 277915 234807 277619 345274 845046 4272 411227 
4198 184614 565210 404827 139021 331257 977525 98438 133142 72982 ,72982 181930 437036 936723 133188 514446 461624 535572 292218 243567 
467437 840467 322174 364033 337825 833205 232687 547961 354520 754755 ,467437 840467 322174 364033 337825 833205 232687 547961 754755 236828 
69537 672446 58848 989644 852615 771534 214316 861598 755579 45305 ,672446 989644 852615 771534 214316 861598 755579 45305 741289 995196 
486487 842188 724326 258291 193343 851336 377045 731463 931857 36645 ,486487 842188 724326 258291 193343 851336 731463 36645 211094 513992 
497696 257916 200005 906072 134301 321234 351340 832591 634967 557294 ,200005 906072 134301 351340 832591 513009 317879 93840 229555 89692 
140973 734557 293706 663054 553480 266720 294645 666265 481649 745581 ,293706 553480 266720 666265 481649 745581 497693 797965 666493 898297 
436453 173837 948155 500805 548339 434099 149466 4374 173599 914978 ,436453 173837 948155 548339 149466 4374 173599 914978 185595 4272 
964548 576806 620956 66264 361104 977829 324221 371945 860260 400446 ,964548 576806 620956 66264 361104 324221 371945 860260 630805 404587 
124349 727820 155740 928392 123742 155386 799071 125740 315250 125414 ,124349 123742 125740 192251 165054 342344 290712 178185 527974 108582 
461664 462964 225139 386073 424014 385705 939079 383131 487693 224529 ,461664 462964 225139 386073 424014 385705 939079 383131 487693 200632 
