GT,Result
364849 363978 351820 337328 363458 231211 341581 351019 849973 848379 ,364849 351820 337328 363458 231211 341581 351019 849973 848379 63198 
581532 754013 466577 764027 250694 112537 431902 588536 514408 764733 ,466577 250694 112537 431902 588536 514408 569922 42132 2071 213597 
983296 12966 416662 98801 967110 439050 840781 199069 134627 966746 ,888105 168490 989171 987743 277523 691990 833208 390465 542148 407703 
544174 377570 798671 823516 377582 177510 146843 242064 517174 524988 ,544174 377570 798671 377582 177510 524988 351225 377768 780355 863310 
373559 953735 105870 372045 611256 463494 611906 963661 218868 651810 ,373559 953735 105870 372045 611256 463494 611906 963661 218868 651810 
182823 61407 204934 269212 717785 497396 664124 523205 917897 208712 ,182823 204934 523205 159765 503642 616442 105799 93773 196726 685705 
557643 40662 396629 40735 926542 898804 413033 199706 278522 926844 ,396629 40735 413033 894496 130197 1090 252913 317894 439 906405 
738548 854011 953092 845464 68473 854005 422756 560500 257463 421105 ,738548 854011 953092 68473 854005 560500 257463 421105 905126 566665 
488285 247772 364579 497809 236552 498569 235842 34417 829718 344450 ,497809 236552 498569 235842 34417 440883 773588 877773 938592 352492 
46371 47127 657926 824187 602787 443274 657844 995728 427022 421730 ,657926 443274 657506 536733 558525 655800 654792 423436 446550 656256 
835990 835661 100365 709110 942611 577514 244134 567213 709078 891811 ,835661 709110 942611 244134 567213 709078 891811 372588 943002 163792 
555313 555121 555258 555638 375695 651579 832322 606534 967983 871298 ,555313 555121 651579 832322 606534 871298 870459 457618 870323 652616 
481791 239656 990017 708805 282819 16732 787843 366429 977781 365326 ,990017 708805 480501 813467 633315 272963 226610 93931 843204 695026 
712967 809263 807088 500962 575318 91435 419122 419220 616285 231680 ,712967 807088 500962 575318 616285 55655 25211 255072 605145 649159 
850061 407692 850165 477432 139788 440848 400367 540670 800088 118151 ,850061 407692 850165 139788 440848 118151 407763 147013 939168 150430 
519544 235011 183495 579834 963427 696735 365717 714824 462621 695585 ,519544 235011 579834 696735 462621 695585 248856 606364 114846 399732 
731691 603579 723767 237861 110634 958491 228189 379376 941598 5006 ,237861 228189 470876 473899 54680 723631 762846 731078 823086 792116 
726473 186222 901894 187410 851273 186251 459821 478071 572668 651587 ,726473 901894 459821 674653 931128 673220 673787 674576 473419 894766 
822791 796180 932408 603916 869182 660419 563813 278897 73574 573711 ,603916 563813 278897 281895 247180 947898 17897 278910 63541 973382 
38527 39530 769158 426120 39372 38518 38550 389614 541515 38381 ,38448 638988 108534 521831 39498 512543 39457 38203 412552 541383 
69246 330319 298011 344160 817889 341326 506816 829069 299923 474497 ,69246 330319 298011 344160 829069 299923 388664 890275 507168 963864 
935808 767114 976181 934196 413282 983331 983125 758960 982897 58104 ,935808 934196 413282 983331 983125 982897 58104 235336 459776 542648 
955813 340372 351187 211305 304343 956080 467321 348253 777586 5737 ,955813 340372 351187 211305 956080 348253 777586 450648 387298 350959 
218054 218160 304522 901014 736873 900551 643797 898252 405093 56396 ,218160 901014 736873 900551 898252 56396 115265 754820 851926 710232 
989268 64264 974840 916844 226534 844566 844489 125163 208310 966128 ,989268 634501 845001 206451 62498 504849 894501 971563 225401 888494 
950747 950124 943919 563897 586090 590694 804731 965830 563652 679295 ,943919 563652 377673 693323 722507 683681 212255 615853 694971 707714 
658757 659285 796713 250427 419305 844709 663090 482817 362977 749848 ,658757 659285 250427 419305 663090 749848 662937 210434 65173 762589 
725057 693918 328346 769441 321985 330740 862797 514015 864426 291765 ,725057 693918 769441 321985 330740 514015 864426 693906 724824 330273 
523480 522940 535470 929263 80864 66730 364205 532541 535073 263981 ,929263 80864 364205 532541 263981 366257 496851 560441 420839 723680 
471313 662086 879409 298180 602258 370229 480692 263271 967895 296180 ,471313 662086 879409 298180 602258 370229 480692 263271 296180 717803 
65979 205930 270208 594721 410367 912043 710940 11336 907083 596892 ,270208 594721 410367 912043 710940 832809 847715 970907 780612 908553 
169205 491211 330470 439699 168465 338638 2325 365133 904595 899554 ,169205 491211 439699 168465 904595 899554 614019 236575 438909 610725 
948692 904028 166903 750450 941959 348486 313128 887893 555271 149389 ,313128 950979 833975 317189 722373 835520 357984 950617 940724 581870 
483330 709557 74828 987845 72951 709383 197512 223934 76325 512830 ,483330 709557 74828 72951 709383 197512 223934 76325 512830 262444 
685950 167555 902120 759707 343694 735927 747478 950049 695561 187395 ,343694 747478 735794 110774 745131 454837 757654 242888 127262 776832 
790886 603191 280764 306361 306614 887840 278640 247414 903567 295064 ,306361 292052 305223 516048 892754 292381 497064 158325 292818 112279 
322074 835853 322726 481966 618828 112052 322076 619594 836712 602980 ,112052 868054 13597 297954 1294 755315 9900 259399 522053 560894 
514559 885500 987109 987211 964919 914117 748184 194370 273186 931715 ,514559 885500 987109 987211 964919 914117 748184 194370 273186 931715 
168872 106602 973011 234952 806735 282093 700062 997771 631449 973115 ,106602 806735 282093 700062 631449 59887 150745 845104 49288 490336 
473943 670279 473383 680014 640100 58119 640150 682082 444593 600543 ,444593 223719 736819 226930 759704 768230 666642 224085 949669 536444 
779855 608781 847063 398633 987290 995366 428875 523718 102448 852558 ,987290 428875 939893 217561 571139 583068 276104 247964 627408 809257 
319006 449185 333924 517833 197965 276781 361104 517192 702509 517530 ,319006 517833 197965 276781 517530 781380 591563 74352 450992 321125 
97712 98154 842287 993496 933926 732183 997813 498740 376326 9577 ,993496 933926 997813 498740 376326 9577 104477 840826 60064 585629 
70761 173010 965763 506393 184593 194545 273361 659847 65110 48790 ,506393 184593 273361 194545 65110 48790 473624 33318 666405 297536 
425126 382165 611679 575823 381752 537608 646468 385736 978834 794241 ,425126 382165 611679 575823 381752 537608 646468 385736 978834 794241 
589895 517561 204881 269159 776536 967257 459904 722322 373293 8865 ,373293 771671 160890 716315 530957 680479 685781 831222 426826 956567 
547548 729243 549177 688047 459384 168495 650545 547449 251865 629940 ,547548 729243 549177 547449 562562 360216 197383 324157 304098 187261 
964036 228989 30904 998909 31341 27778 656050 493249 929642 253772 ,964036 30904 998909 656569 998637 806401 959786 814953 810609 612743 
125444 180779 870168 287085 880533 107959 870663 181021 735179 953731 ,869715 707463 125848 192722 71987 201161 267301 425998 931671 707280 
755317 990616 105496 663903 613928 163498 769791 71194 856836 363 ,5797 95300 85299 990499 90035 806433 969043 876261 618714 374331 
773938 54283 493456 867221 900324 51389 570145 909933 775370 893397 ,773938 54283 867221 900324 570145 909933 775370 893397 419680 900819 
688170 898244 991211 991439 318337 512782 250426 688616 829270 505586 ,898244 991439 512782 250426 688616 281128 259012 164596 474344 63216 
288760 244407 601108 944398 704516 949126 940209 804322 341980 166749 ,601108 944398 348315 480676 694159 982518 297947 735752 383022 942540 
465553 850015 820190 465999 301513 843272 669431 317910 129867 320762 ,850015 820190 465999 158073 93675 682921 218295 126397 100072 33038 
798147 279698 546686 679267 800014 547381 797903 321854 344212 144809 ,279698 546686 679267 547381 344212 720765 89463 600997 94850 365370 
82761 94145 663608 112855 238502 515030 471877 56041 708401 512746 ,82761 94145 471877 56041 708401 512746 515260 429321 294071 347257 
772534 773382 670125 823824 378689 905018 772542 905022 559592 373625 ,404391 406173 782443 115106 39908 772661 223686 58158 187734 997265 
300798 101313 709780 628494 628471 512948 101291 624181 101352 748660 ,101313 628471 101291 763589 513079 286930 13396 15365 639136 894297 
131101 662775 826097 883609 152426 560359 375946 716578 825931 397039 ,826097 883609 152426 560359 375946 825931 397039 279822 799265 60938 
708024 739566 930037 846261 389018 255364 147688 455313 223085 24 ,930037 389018 147688 223085 24 928321 391122 440502 277827 546174 
759240 676253 759235 760735 759645 759310 677539 758979 996197 756774 ,759240 676253 759235 759310 677539 758979 756774 191061 757806 836736 
69100 369968 69231 439650 437816 339613 235777 870788 639716 774021 ,69231 107745 845553 526579 160414 905005 948584 517926 969852 424512 
293258 86732 123869 980537 671641 36836 869800 94410 389130 547844 ,123869 36836 188369 51175 923212 429093 720609 603357 122084 471371 
352018 353099 297083 37162 729009 955447 684063 353037 355721 37412 ,297083 955447 37412 213774 461056 326760 937058 969671 539745 460006 
829963 735763 538611 996746 918265 38826 38954 996777 545102 891719 ,829963 538611 38826 38954 996777 891719 447937 38426 560680 304642 
472374 747009 505944 505371 231014 993683 521714 472380 98663 470871 ,505944 426187 241000 321613 124501 481098 703439 719196 420731 469985 
390843 390033 363862 406339 860046 523630 708965 525110 151669 464849 ,390033 363862 860046 464899 500595 379102 497120 481136 522862 519465 
380537 533083 668272 515647 670498 618818 403372 698276 205294 269572 ,276618 432191 211951 618892 95197 935308 64387 19424 487699 142818 
64 465756 160984 169048 348138 168566 323980 69738 51 479020 ,64 160984 169048 348138 69738 51 169742 861432 112393 520301 
637349 351093 785100 338770 742642 237825 85509 356807 322274 552234 ,338770 85509 322274 552234 833328 322622 161647 322418 501925 158665 
402888 402617 841434 399149 732353 344302 106078 785780 143893 168932 ,841434 732353 344302 785780 105850 407583 538822 807060 133548 679168 
686559 748915 963601 59217 307902 738672 45194 562139 974595 729197 ,59217 307902 45194 511625 636347 844437 261301 729787 396033 724269 
701930 943319 701771 704108 431552 724972 845452 382755 748206 703646 ,943319 431552 724972 845452 703646 529891 242751 431646 725952 195228 
807817 191302 896240 807726 408993 406856 672048 81981 650349 112645 ,896240 807726 975731 260196 554423 517862 104610 273199 809642 609489 
36555 273659 36725 193309 272125 62408 799615 814864 682078 366201 ,36555 36725 272125 193309 62408 814864 366201 157448 275304 662711 
73901 157802 747870 747960 506839 504934 52555 48012 512262 383473 ,73901 510900 892584 979246 111395 582719 49314 87275 880988 930502 
731769 153361 694221 68539 677943 841735 68709 496925 402622 68811 ,841735 68709 402622 600100 62480 68596 939367 473018 269979 129147 
978123 750032 263559 154816 948234 983457 358722 750427 983328 698293 ,978123 750032 154816 698293 226525 155302 735180 192991 228820 563059 
183007 14006 796582 200113 264391 687033 4136 686367 830771 299111 ,830771 299111 3761 691247 368644 934049 934397 687204 691018 265699 
642952 235013 648299 718326 718364 773052 87191 716126 373553 894455 ,718326 646264 772527 979811 789989 557484 373473 789253 472255 37003 
365366 967248 755341 813132 354318 660419 519994 255463 985800 899487 ,519994 209033 541866 835624 836005 515630 586330 624287 481743 946544 
770838 175432 347921 944570 771091 511569 614435 748461 630618 30689 ,175432 614435 268285 192937 835686 268489 727379 614105 268437 204159 
953806 921363 310987 858707 737732 920814 326450 207949 295730 307950 ,858707 737732 295730 307950 931617 560498 254532 219521 219975 940078 
434396 599022 433892 703442 97998 376527 223594 703443 194619 273435 ,78383 837284 524534 70442 222214 433414 359546 276346 18944 682171 
613699 332448 963298 936807 374331 189257 398777 299599 753234 401966 ,936807 374331 299599 715670 888377 775815 819025 806573 613892 806805 
117939 407833 440227 823474 748864 13229 173652 13284 603790 466194 ,603790 466194 383372 969286 669777 551955 20088 491400 489955 278560 
772027 924841 772032 932951 280627 600635 533561 724866 925445 22122 ,925445 645082 441158 80853 49385 181539 490017 836767 143971 574795 
456357 791377 456951 62547 19655 634888 546258 553635 878597 495900 ,553635 495900 98315 878243 275792 395550 542158 909652 376715 811031 
509114 555516 510167 640007 448365 555732 905625 972046 100856 899279 ,509114 555516 899279 214580 598365 661651 99090 689382 723803 208681 
365366 660419 899487 209033 606524 967248 354318 755341 255463 813132 ,365366 899487 967248 354318 813132 619110 315658 985992 633831 432166 
988829 778522 977548 96924 157880 988640 106890 852675 764631 981890 ,988829 96924 157880 988640 106890 852675 764631 981890 96624 765078 
593168 618528 541681 503076 102164 806196 618088 895132 469844 103428 ,593168 503076 102164 618088 895132 469844 231560 820548 895089 481018 
574475 729009 879884 577986 869269 213709 835169 165460 61416 481289 ,729009 577986 869269 835169 165460 481289 165366 490472 481825 834495 
14876 679260 680452 336469 845400 747267 532940 209919 842648 376354 ,679260 747267 224940 727508 518815 998050 542075 426401 224913 211407 
434041 683812 923745 957155 923418 683862 199456 278272 239037 465911 ,683812 923418 683862 199456 239037 736516 210283 334587 804151 34362 
70473 37323 997370 990278 169206 903059 633813 392979 859727 351156 ,70473 37323 169206 903059 633813 87333 82086 92093 175377 82166 
20944 997881 901718 303860 833697 678976 517467 678497 912533 806190 ,20944 997881 901718 833697 678976 517467 678497 912533 853098 440922 
492561 494682 94945 768384 96097 370171 298930 822553 507883 494950 ,492561 494682 768384 370171 298930 822553 494950 509197 493730 335542 
98163 492781 486586 363237 288629 193355 272171 291296 618038 61117 ,486586 363237 288629 193355 291296 618038 732842 500550 165295 746920 
861906 899109 807932 43447 923072 862836 542646 870025 11064 986888 ,861906 923072 862836 870025 11064 986888 198775 277591 932351 801016 
641952 770463 642303 642826 642313 687980 718440 227851 423754 807563 ,641952 770463 642303 642313 718440 227851 807563 957299 821375 899299 
68562 83057 40560 89265 525423 91341 336704 111866 335264 129472 ,83057 525423 91341 336704 111866 335264 129472 430152 208570 95027 
650588 654145 650235 831021 649439 652075 653858 814768 646452 653067 ,650588 654145 650235 831021 649439 652075 653858 814768 646452 653067 
779184 558668 958409 41475 420457 344783 834766 830385 647510 850257 ,779184 958409 41475 420457 344783 830385 647510 850257 732909 715049 
78291 498499 499953 498226 588531 968163 751597 377430 963754 969587 ,499953 498226 968163 751597 963754 2937 345261 458639 12377 480839 
688832 421921 976555 962820 90854 754545 789812 45072 976045 411638 ,688832 976555 90854 754545 976045 411638 55327 558068 410125 793191 
402276 975249 785982 182656 183412 203295 202652 266930 152345 584030 ,975249 182656 183412 152345 357614 20198 763699 18975 341035 389602 
190230 767894 657489 788323 832501 608266 826073 994922 757244 654136 ,994922 655638 789668 375007 569503 673433 675863 552171 674421 649468 
452260 607655 436504 608206 237285 788530 458728 788220 219813 227458 ,452260 607655 436504 608206 237285 788220 227458 929803 603652 534822 
808574 808741 903865 772799 211105 603907 248735 254587 254495 131722 ,903865 836561 248417 563023 858904 823338 836848 890469 757484 889938 
13167 993321 810348 594335 993363 594916 394438 756437 575180 811134 ,993363 756437 811134 839969 268157 203879 993232 674485 14952 562261 
113745 156787 297576 299110 125455 718519 625989 13785 460659 125923 ,460659 460239 194138 927057 506144 504794 705315 273989 257231 786902 
408533 601487 850279 912533 188674 465150 678065 677859 721386 989946 ,408533 601487 850279 912533 188674 465150 721386 989946 601516 179897 
946943 940600 946929 946970 948794 940596 621296 940660 99982 105927 ,940600 946970 948794 940660 99982 682562 845346 847954 172974 140002 
197830 531448 300055 573464 860557 622206 334790 299436 335512 367331 ,197830 367331 227068 620598 803509 493954 398306 933829 303704 843829 
152759 635772 441376 153709 70386 875849 803012 597675 70377 215070 ,152759 441376 153709 70386 875849 70377 598257 124543 788347 792602 
741041 516562 739026 419970 60811 494414 738938 511256 758625 808430 ,516562 60811 758625 808430 193832 272648 278930 466577 391866 516652 
640202 642701 667196 966865 644149 987058 375491 644940 643576 640476 ,640202 642701 667196 966865 375491 643576 641911 968037 641612 641047 
610855 610272 609867 609856 609957 998904 27271 781477 661800 610499 ,998102 413121 159201 944950 158683 842488 783894 176163 7631 458408 
575404 577127 993918 725721 967821 528075 60014 144715 919982 294895 ,575404 577127 993918 725721 528075 144715 294895 296525 336031 867324 
890763 126483 960062 47470 47419 891222 42245 126361 283861 124697 ,891222 42245 126361 124697 866258 730774 135183 41015 574061 254901 
194767 273583 285997 614219 980660 610485 916326 845906 284453 915838 ,194767 273583 285997 980660 610485 916326 845906 284453 915838 159572 
704192 58042 703893 842066 708075 52848 636984 264394 870341 538666 ,704192 264394 870341 538666 539535 902152 996787 879711 509521 867614 
224481 255087 481444 454604 224237 241350 369965 146528 224373 87469 ,255087 481444 241350 369965 87469 482430 282781 995605 539311 861755 
629691 942684 697784 719189 719427 869800 818350 547844 719183 41199 ,818350 123869 551644 151549 452067 521884 151445 529572 283867 94348 
143598 353931 799313 990676 418928 589288 133548 845762 630915 203949 ,143598 353931 155031 465773 31227 554437 237674 799297 602091 79992 
99399 642305 916096 615300 99550 771045 771712 650488 755913 537830 ,99399 642305 916096 615300 771045 771712 537830 755795 641003 642287 
9346 9227 95554 95379 50861 878513 506495 327722 869463 909049 ,9346 95379 50861 869463 909049 680290 642275 813224 844624 724370 
682410 229825 682366 9096 478805 75962 233741 71551 684562 70891 ,9096 684562 682363 174665 309851 73731 929251 275691 781178 549422 
935018 801034 932998 780460 598767 932795 801660 713161 994585 704702 ,935018 932795 704702 937263 758998 518689 990812 480851 686116 391456 
822674 262327 152908 685872 529428 163966 905426 683349 363641 497795 ,262327 683349 363641 548424 554606 16857 247413 530270 151979 105786 
997086 919186 918995 838882 867463 838501 209612 745909 453148 999859 ,997086 918995 838501 209612 745909 999859 936477 457362 830742 746148 
913755 58256 697873 58187 62169 961091 641140 546021 804045 994818 ,58256 58187 546021 804045 884602 454776 461342 970227 912725 763758 
843267 452266 506245 683607 452338 254201 510385 393249 5072 527043 ,843267 452266 506245 683607 254201 510385 527043 442347 184936 83049 
783534 782311 597534 390739 7829 918994 480352 747064 597613 738081 ,869929 205028 269306 238777 181416 831471 854867 510450 614361 986527 
795276 795237 775480 814815 903204 774947 70167 59189 957853 722957 ,795276 795237 775480 814815 903204 774947 59189 957853 336707 824178 
90633 18059 746396 719815 744510 489657 738796 94413 767409 867039 ,18059 746396 744510 489657 94413 767409 867039 604640 744169 538725 
602134 374317 586371 722917 286318 316810 883049 258146 801900 330155 ,316810 231779 524617 533553 376086 198963 384873 62163 477172 231792 
988030 988241 355275 305192 105027 65971 354850 215326 790906 306290 ,122527 466064 540669 789003 502440 116113 214973 241718 522773 663949 
502232 322376 503995 360932 63143 658386 524628 310511 321640 369402 ,502232 322376 503995 360932 63143 524628 310511 321640 369402 310647 
327253 570333 200059 102496 826149 444694 685061 955434 615224 363865 ,570333 826149 685061 955434 615224 363865 816751 955404 893185 227459 
75695 77215 77188 77250 78470 566804 730798 781475 777275 105890 ,75695 78470 781475 714271 732406 370344 538377 325919 939522 885452 
397192 261338 954349 198912 277728 610232 147700 561119 286169 531488 ,397192 261338 954349 610232 531488 24989 954152 965318 129269 584774 
338388 340450 373800 764714 796358 373844 756895 242437 583953 113154 ,373800 796358 373844 373864 280631 122426 796180 375711 846682 584746 
682984 176313 2594 822157 822029 589707 30396 599124 179908 522008 ,176313 822157 30396 522008 560103 549095 589349 822882 499887 590043 
607352 189780 777838 742677 906044 906402 471143 716222 873276 908254 ,189780 777838 742677 906402 716222 873276 742555 219942 790500 160802 
595783 999614 708330 707514 142135 266948 452126 245652 206161 270439 ,999614 707514 142135 452126 245652 270439 271190 97093 66506 293660 
955312 955277 313781 809716 192730 271546 247783 525404 662406 526244 ,955277 809716 192730 526244 516031 745882 305457 339287 459424 411400 
471104 202775 874213 184653 482885 746518 864989 435274 314080 516558 ,471104 202775 482885 435274 314080 930379 83681 130746 403296 308969 
405203 143940 55550 418130 405127 873369 912487 317423 326794 142881 ,143940 418130 873369 912487 326794 142881 28701 247236 613654 796415 
722847 483748 376759 714582 483329 343043 348334 82932 390820 934083 ,483748 437208 193301 933715 399755 428689 539606 260122 749260 860703 
949074 942557 835731 871214 943893 599116 482152 707236 849690 634660 ,617848 627247 165859 603985 863489 473452 799551 367819 437880 217269 
3108 737506 402842 411874 133912 27396 115694 249818 648803 117301 ,737506 402842 133912 117301 142937 765988 396810 766547 772152 998967 
636753 636812 879749 889266 885659 727044 997901 210292 634606 376343 ,636753 636812 889266 885659 727044 634606 397506 889129 504678 868865 
775708 582891 486448 487188 626458 969889 465888 764092 551235 776877 ,582891 487188 465888 316549 71381 629672 485480 628953 713220 918723 
987422 366726 720865 429295 430751 429303 173264 894201 893802 367213 ,987422 366726 720865 429295 430751 429303 893802 278693 59274 110406 
940170 482922 200026 264304 3472 512380 749818 127079 288629 374384 ,940170 482922 200026 3472 749818 288629 374384 334056 717910 155417 
80610 293093 44535 220010 432699 522311 547369 327002 286225 61366 ,80610 44535 61366 467310 105745 90528 827785 250998 327577 809876 
332305 283284 949382 736907 489674 499231 488912 942465 675959 365860 ,332305 283284 736907 489674 499231 675959 493245 571406 310972 191453 
214090 31369 409819 102829 33624 428773 344915 139259 409838 372674 ,31369 33624 428773 344915 409838 372674 103963 765403 360394 102003 
404177 799902 338885 848402 109704 287813 778949 403836 158334 450091 ,799902 287813 778949 158334 849077 667557 857186 286509 303619 146358 
749829 879267 750859 569228 879499 117189 131188 750967 878426 328025 ,131188 131075 75543 977455 862184 6540 287211 831101 867371 930634 
7340 44803 770116 894415 637863 37940 131508 250527 131305 41137 ,770116 637863 138417 446035 41166 246973 638807 45478 424197 424650 
770017 767913 767873 767886 769964 475134 826580 837702 772059 887191 ,767873 769964 475134 826580 772059 887191 671317 678854 44296 474831 
730939 907492 690009 506862 239353 465141 736361 151121 330739 458748 ,690009 151121 149802 338540 148529 126252 315869 339497 17784 602162 
921093 777074 268243 45683 984119 522995 777161 983840 985064 716273 ,268243 985064 195921 207485 842095 69071 58077 858265 667789 597253 
916006 915808 915791 916838 353549 807350 397496 101364 281628 771149 ,101364 343548 724259 351641 534466 373164 44247 356420 397245 285860 
385952 283105 647199 302869 617556 887790 285691 445475 557146 975359 ,302869 789424 866206 955664 173908 902188 492846 864357 276484 589125 
285079 153012 298455 602244 127067 152559 833725 323082 719976 306819 ,285079 153012 298455 602244 833725 323082 46684 663020 83873 833248 
974890 973965 845887 989938 185953 331999 729121 209504 689628 689662 ,989938 185953 689628 223965 664704 365569 195780 754200 352314 403492 
648210 647906 779082 647065 604098 252269 412577 648022 913856 229483 ,648210 647906 779082 647065 604098 252269 412577 648022 229483 963255 
522116 374356 480909 713126 139592 70832 711167 433928 480742 481046 ,263555 68031 195023 100083 792830 991921 436132 686210 80221 950980 
948766 914128 881769 108725 87634 712150 85689 931304 595363 128332 ,948766 914128 881769 712150 85689 931304 595363 85082 417656 301144 
633393 428190 464809 781002 510530 427896 719771 670594 159129 459629 ,633393 428190 464809 510530 427896 354685 389071 530449 356387 569969 
782304 381989 52672 722997 36585 80794 371327 168469 385270 601264 ,782304 36585 371327 385270 59940 738400 700910 917901 903023 240258 
62655 77277 556462 735145 828800 744389 556938 738746 556361 740623 ,62655 77277 556462 735145 738746 49982 563304 958639 66067 751455 
970076 27448 688233 646666 220101 6621 220253 934268 26204 637575 ,970076 6621 688210 650466 996833 453717 695637 695952 606336 920206 
102418 833304 333515 973401 992940 658051 858062 839901 989811 673180 ,102418 333515 973401 992940 839901 990533 101933 919674 959496 992475 
568534 567399 567073 567488 757476 766440 567086 568409 568385 568433 ,567399 567488 757476 567086 183176 610697 810953 568123 777775 567322 
201111 265389 201818 200712 264990 804670 175002 453399 153577 251212 ,153577 311992 459860 324558 175457 934131 529162 195098 357175 398944 
68497 566191 280869 496219 942684 521366 380969 669892 151669 586365 ,566191 521366 151669 804111 440897 804191 708746 919437 143357 566187 
454604 437802 224621 888421 224986 58598 236777 840310 194472 920618 ,888421 194986 225900 487233 214604 507872 225218 841469 437617 539472 
188295 188445 101280 238927 66799 799244 240299 833589 754752 528018 ,188295 238927 799244 240299 294388 552598 719727 841751 305388 524832 
465404 465257 594134 856393 400950 393948 831019 331127 868715 465249 ,835657 782756 702762 237257 977007 839745 152536 564595 728261 106254 
948072 488364 658899 707832 489772 885463 495409 948408 177327 163888 ,948072 488364 658899 948408 163888 178479 947837 942529 723593 413058 
52329 951326 200579 264857 975494 114179 200510 147003 540284 823495 ,951326 264857 200579 975494 200510 147003 823489 951810 45352 900997 
678943 616567 433541 633823 512176 119181 137879 450078 822328 682583 ,119181 450078 822328 682583 526319 138809 795599 601537 449789 540675 
641397 640720 641600 640671 641362 640626 642442 641899 640701 642378 ,640720 641600 640671 641362 640626 642442 641899 640701 640454 609496 
788632 431833 956762 17782 433881 133152 719977 224217 524314 216372 ,788632 133152 719977 240771 420874 217316 905059 227313 297618 830017 
703842 809755 944223 916158 970132 106316 29167 656264 678540 971490 ,809755 944223 916158 106316 971490 715989 837951 943418 58550 106199 
642166 673212 416215 413964 174911 585833 431532 107199 30686 367932 ,673212 416215 413964 174911 585833 431532 30686 34911 168683 425018 
430819 2736 692091 95640 614850 283232 61175 919823 71072 649327 ,430819 2736 61175 649327 612494 636695 501521 991394 416523 280509 
501932 501638 929667 132389 482323 508328 207026 515544 191468 61838 ,501932 929667 207026 515544 61838 503683 904711 929001 888346 515866 
272619 718815 715485 498229 438990 497935 770127 337458 242131 627670 ,718815 340502 139379 772415 234795 724711 637842 194565 96716 981522 
603259 231084 251172 92236 251356 711976 342386 343355 286847 50922 ,231084 251172 92236 711976 342386 50922 410645 652607 590307 26983 
216336 854578 216074 896040 944001 542521 103084 103250 905686 912932 ,103241 665116 650840 955843 916736 446191 659358 825430 983434 667027 
523654 195056 273872 780573 274106 594956 780600 583554 297677 658593 ,297677 518361 293022 75339 62336 433969 352907 147784 516694 732494 
717265 856760 584858 713948 761394 569472 856432 656102 568079 717056 ,569472 610865 584228 610008 835148 956318 673616 857767 646806 134808 
379553 379581 325681 379631 869823 488747 886682 498195 352098 530395 ,379553 379631 488747 498195 352098 530395 658850 678008 216395 30041 
521790 419881 704044 426129 980424 704935 343551 520944 543454 477118 ,521790 704935 543309 702437 468140 980095 707109 552535 43271 327074 
673139 543297 706561 805534 684828 552606 754032 478029 558988 871085 ,673139 543297 706561 805534 684828 754032 558988 871085 521790 324123 
877400 561622 251683 272230 253799 562233 917369 812607 877770 669518 ,561622 253799 809838 9620 781196 911505 593843 922118 809489 809523 
480918 487871 487840 45520 973399 973897 677821 87578 851758 399638 ,487871 677821 87578 19323 722747 842144 785307 70911 683923 371948 
511795 515631 528627 391453 528746 690790 103559 108901 693220 347183 ,347183 654602 512898 597613 511977 877396 923817 16923 585490 869857 
933488 210552 209784 210067 40592 130886 928723 188919 95117 130931 ,928723 223544 781893 242119 870547 223610 762023 40538 560683 468971 
54706 848716 687574 885481 52706 821430 712791 825329 540197 11119 ,54706 848716 52706 540197 46898 540807 56509 770463 53672 888418 
375969 446999 4856 447174 38819 446598 824551 837381 4849 447487 ,447174 446598 824551 375977 552887 38831 773381 782452 37668 674871 
866845 874003 949974 811430 633567 948972 196521 275337 234179 689018 ,866845 874003 811430 948972 275337 234179 689018 235073 475025 57141 
523295 762713 671857 755281 205843 669381 431209 548477 763523 251450 ,205843 763523 534506 100408 806259 516750 840058 988328 174925 28171 
207272 121323 863274 887475 644250 212233 287492 786643 873282 86869 ,863274 644250 873282 775374 761554 913279 700972 863956 200468 991650 
769300 613690 288748 898027 258501 57849 902553 870524 8496 762282 ,991712 862252 914329 409260 922031 6148 304663 307594 39082 615620 
626982 593601 185223 130016 419027 287130 379389 488613 626428 740757 ,185223 287130 626428 959853 111410 889262 331035 834578 951930 149464 
570565 236694 254445 547342 570689 524822 547115 805660 350917 97952 ,570565 236694 254445 570689 524822 805660 350917 237119 316773 861655 
567143 567398 568520 675171 758202 568012 158380 140524 567308 567487 ,568352 759004 568734 995880 568452 674884 568715 759746 638896 758790 
817779 594125 816341 645577 21617 820654 761282 594080 227872 723164 ,594125 645577 820654 761282 594080 723164 17941 80859 820804 426671 
318431 320477 668298 670149 978892 668944 511797 512314 985603 978619 ,795391 730100 226200 907814 641559 894506 85096 851091 566877 263187 
712044 712778 561534 524095 194463 273279 692984 860001 631956 626512 ,561534 273279 860001 704941 956652 695474 194116 906407 76326 515380 
896281 180520 903643 962406 688803 202153 266431 650431 437793 14779 ,14779 70568 941364 481757 833474 471803 376767 266094 403050 734584 
645268 605634 191728 645318 799785 191742 212782 172214 132363 493897 ,645268 191728 799785 191742 212782 172214 132363 747143 587202 101740 
224780 604097 156213 610738 954132 803846 367990 83922 425807 282886 ,224780 156213 367990 448872 465846 841785 182554 516095 92895 453382 
558233 794055 591044 617303 611316 612007 971297 794185 953936 964564 ,558233 794055 591044 617303 612007 971297 794185 953936 964564 647223 
203288 207125 941780 265244 703180 964765 43137 985227 856197 70992 ,207125 985227 70992 633746 40119 259582 927599 39995 923828 220290 
412231 818885 855885 663961 70296 226938 69480 746716 560997 513862 ,226938 746716 560997 513862 887294 321154 260600 481227 596674 145038 
796529 150537 744090 206351 270629 537296 93743 206491 78739 209954 ,270629 93743 206491 78739 209954 945332 215403 778917 43854 414939 
615331 934355 227843 903004 762621 615181 445603 756384 616617 718046 ,615331 934355 227843 903004 762621 615181 445603 756384 616617 718046 
506662 103079 489357 874377 664484 859898 103058 812761 660670 811310 ,660670 646485 33789 928656 807139 13918 195998 81774 111913 767245 
323539 325386 812792 952565 856405 350008 81630 689783 709318 230319 ,325386 288261 130052 184032 239921 694793 178961 795905 714588 634120 
487770 104692 688837 104753 351666 949792 280828 487519 795089 489289 ,487770 104692 688837 104753 949792 487519 488965 247714 727256 658979 
410544 685579 43357 545391 521291 378807 376876 374419 378172 37788 ,410544 43357 376876 374419 37788 50964 376282 539546 51662 698788 
810583 888154 701648 770024 718934 885445 687258 419712 684061 419622 ,888154 701648 684061 770211 687574 56187 391338 552362 520775 768426 
558290 859228 187889 536285 554826 558230 667058 558167 881690 823724 ,558290 859228 187889 536285 554826 558230 558167 881690 823724 410334 
348831 350994 832928 845541 469665 514305 782990 448514 824109 255848 ,350994 832928 845541 469665 448514 824109 469133 951638 547099 615072 
454402 460798 841013 462507 160635 836278 459213 692049 169671 252033 ,841013 160635 836278 252033 201186 265464 198375 721217 228261 420400 
163946 823604 957688 684208 81983 957578 164055 750057 957835 343055 ,163946 823604 957688 684208 957835 343055 423327 468279 534449 497370 
252867 852706 394668 333655 603145 124858 605641 817255 930988 188315 ,852706 605641 188315 817716 88140 751955 817710 333828 63195 695641 
488259 719815 679507 67642 237620 83331 947492 939752 341901 943060 ,719815 67642 237620 943060 188279 188491 861958 861108 545248 63899 
798601 636514 11254 482458 957477 621153 679932 191370 846691 972005 ,798601 636514 11254 482458 621153 679932 191370 781757 546926 678317 
944183 950805 258821 950439 982897 256974 255927 459197 458571 255938 ,944183 950805 258821 982897 459197 458571 255938 459776 868611 459920 
168990 584362 298707 731722 549611 704966 510431 522214 765277 695199 ,301536 147571 368258 181441 621624 573040 623651 363825 307126 174890 
17479 16574 16801 883474 331024 747063 595468 678633 377753 747216 ,331024 747063 595468 678633 377753 598473 226397 725012 677973 744533 
892900 874546 831162 416067 549325 141618 71834 364284 684688 662814 ,892900 831162 549325 71834 662814 917691 958713 64489 942314 190252 
202647 873276 812040 689976 535400 329517 617018 69920 891582 607352 ,873276 812040 689976 535400 329517 617018 69920 891582 607352 768269 
402854 403887 399940 399204 399420 402869 866698 947694 185446 484404 ,399940 399420 973540 742657 40371 873088 20479 761912 863500 729530 
172797 331054 62705 171430 707095 329866 391615 78167 210149 834267 ,707095 834267 394282 377393 839087 310634 439660 861230 725691 111111 
543403 47174 640546 540508 793456 538116 538478 106223 535000 993662 ,543403 640546 793456 535000 993662 407307 936795 935354 42486 237235 
662501 959418 291297 754361 503031 482912 871839 519011 564092 742744 ,662501 959418 291297 754361 503031 482912 519011 742744 754218 871091 
20891 684226 216395 684197 59258 208829 363954 305348 772215 433279 ,20891 684226 216395 208829 363954 305348 772215 433279 476722 965017 
491591 490354 348037 796978 948697 371521 526286 212617 694187 968756 ,948697 694187 968756 272723 262713 840214 544991 518062 579680 635767 
64404 524848 61910 79747 534018 746536 664152 583839 54843 291189 ,746536 192834 768870 524740 54551 515534 121921 537026 612283 680076 
771629 107884 731792 185391 926563 668212 532840 618306 793235 660265 ,771629 992 577491 354419 334130 729068 942238 593459 1259 733372 
915991 101006 99731 99856 223802 987146 180807 987248 916418 281960 ,915991 99731 223802 41424 323468 468754 100249 569719 397134 225661 
512544 512858 667539 38566 39375 39429 375574 217921 559379 375296 ,39410 39341 39357 511236 39404 55237 478386 638244 38481 890813 
999517 830614 43504 999776 570119 570211 908614 761875 41731 407336 ,830614 999776 570211 908614 41731 407336 557326 604890 570414 801833 
555262 555280 793183 792959 678014 638091 715416 786368 442778 763415 ,555262 792959 540207 768135 823050 908701 787992 885217 994171 638020 
500954 854106 31034 854156 628455 987384 162158 336725 162397 336976 ,500954 854106 31034 628455 987384 162397 336976 409704 336718 266973 
751226 931932 930055 848542 332833 21757 703644 391099 710440 270568 ,751226 930055 332833 21757 703644 391099 710440 270568 875587 348132 
250260 629973 250826 39655 767632 470130 39684 22872 768723 297570 ,250260 250826 767632 470130 39684 22872 768723 297570 666272 124235 
108973 222025 634391 706684 118819 387830 396536 67433 253212 532432 ,253212 502002 804272 51601 706799 845036 304549 515303 1638 142238 
797956 796510 839945 254035 609719 817811 33435 480604 791815 963491 ,839945 609719 809151 791618 647787 97078 649116 611468 605700 574717 
96278 140973 751280 390311 230526 140588 140831 511514 797592 299675 ,96278 751280 390311 230526 140588 140831 797592 549947 508666 726199 
203999 268277 556648 404110 388493 533299 860173 156602 183794 877756 ,404110 634654 181001 634750 759933 227018 676678 547556 532347 215424 
690413 587405 869342 689683 23749 503844 82274 619321 149730 110656 ,690413 587405 869342 689683 23749 82274 619321 149730 110656 83290 
603464 368559 515146 679029 822146 223978 548851 378956 498990 379300 ,603464 368559 515146 679029 822146 379300 203123 267401 510028 224308 
652535 221528 652279 425126 873479 776358 655304 654362 873800 558853 ,650915 611679 41173 802241 217976 657137 610317 907598 714994 996227 
970305 960834 969541 961063 957954 986354 947093 957831 387209 765628 ,970305 960834 969541 957954 947093 957831 811792 985420 984371 958990 
680427 680338 679897 212340 678800 191022 546183 606332 691589 394193 ,680338 679897 212340 678800 546183 606332 691589 394193 636102 775408 
848817 190693 996995 545461 852238 853635 545019 904185 996893 545165 ,996995 853635 996893 929692 947036 191085 791094 637160 932936 207095 
321639 321577 724034 430455 519644 510263 761696 261875 517912 305027 ,363376 785047 129999 350679 426507 51634 302434 379613 510307 151225 
905176 353390 63767 200134 264412 828904 908954 381784 713640 526253 ,828904 14523 291878 448750 496227 46790 988040 75027 279184 94341 
425282 569429 123995 816275 325899 144129 339829 938641 254170 340115 ,324566 820849 142669 168603 423324 110468 52113 56951 734942 254192 
427361 427221 427432 63767 351089 180035 94388 489361 94421 364425 ,351089 489361 64941 79037 131082 690753 247087 780126 262029 337957 
873400 514183 363020 361833 767527 335261 240377 811571 448369 912618 ,514183 363020 448369 912618 254079 169910 234731 245694 449893 627816 
860807 922529 927414 634433 685468 935609 650015 538962 933667 202064 ,860807 922529 634433 685468 935609 538962 202064 690823 561742 197373 
354987 353523 416421 297128 937549 929563 983024 65761 503993 406609 ,354987 353523 416421 297128 983024 65761 503993 406609 72159 504466 
511158 430743 390566 752337 522971 914309 193968 272784 391579 480227 ,511158 430743 390566 914309 272784 391579 193682 229634 740553 803 
728214 306367 729471 825961 726936 826228 89860 438006 527218 20038 ,306367 729471 182993 298093 328738 430028 214623 36858 282941 904262 
101811 837989 837800 610025 610400 373736 101740 999203 374372 673105 ,101811 837989 837800 610400 373736 101740 999203 374372 673105 999666 
784607 7869 521697 56186 57027 49304 383965 862737 302439 801123 ,784607 521697 56186 57027 383965 302439 421901 252778 870957 380880 
905189 583753 207633 720427 718510 720033 989476 842083 13322 555339 ,842083 555339 911030 583876 223665 488449 929919 885686 719282 36159 
989872 990705 749055 310092 990716 990383 210432 252991 779747 748664 ,990383 960398 308457 34427 801664 567558 315449 975213 203493 228280 
28046 926907 420711 308313 647776 825895 125145 65039 395684 464039 ,926907 420711 647776 825895 395684 464039 740723 543986 86081 453678 
616654 328104 64899 723213 777753 182786 725819 294463 622778 172327 ,616654 777753 719832 744556 693993 744170 169355 778461 137093 746397 
390710 195460 274276 780407 779290 888810 335382 754310 53110 420796 ,888810 420796 319877 43153 86045 504082 501001 414506 571846 197988 
110994 111796 527105 108365 931241 911515 833431 755271 197396 276212 ,111796 527105 108365 931241 755271 276212 941306 147189 798470 64931 
219768 541387 541414 298325 187877 289818 476021 257296 201184 265462 ,219768 541414 187877 289818 476021 257296 265462 201184 475674 772073 
433788 234606 349629 462592 668751 461706 52202 53347 235015 769639 ,433788 462592 668751 461706 52202 53347 235015 769639 254910 791795 
343699 34060 735962 798964 484903 88745 126752 441540 8360 355869 ,343699 735962 798964 484903 88745 126752 355869 109923 945697 418964 
84163 765922 974557 526925 26155 793174 549144 259218 792749 219485 ,84163 526925 26155 259218 792749 206247 711602 523907 108515 453895 
120832 656235 555983 481527 752809 646491 656814 979990 583751 828752 ,120832 555983 646491 583751 979567 646394 187139 913838 963397 715350 
760028 759309 569425 954287 756371 758420 891258 985110 761212 382863 ,760028 569425 954287 756371 758420 985110 761212 382863 760141 758603 
203572 267850 866538 395674 145847 42738 300176 979390 439049 694359 ,267850 203572 866538 145847 300176 979390 459319 543854 394561 123000 
884578 987833 634713 946051 884431 388476 257548 884544 236563 919233 ,656029 211636 530659 994831 94853 801257 795785 805615 95953 984179 
611527 777701 778276 892280 610557 612487 892590 652724 714003 611355 ,611527 777701 778276 892280 610557 612487 892590 652724 714003 611355 
521095 781718 9647 9261 563350 197353 276169 970272 521255 306745 ,521095 781718 9261 276169 521255 594282 885789 140433 544156 513052 
124623 237271 812876 597460 526957 22339 481428 307278 214504 185490 ,124623 237271 214504 185490 739011 948326 65223 17230 208582 365365 
998095 334162 333205 216545 273561 482588 473136 830673 519920 565869 ,998095 333205 273561 473136 830673 483066 431322 532983 66586 707474 
512312 513152 512393 406410 399443 290121 602968 301276 294882 725452 ,513152 972958 389413 951730 465156 389913 585169 334209 832800 989428 
573429 422582 784774 48437 422512 790902 23971 790965 444648 893417 ,573429 422582 784774 48437 422512 790902 23971 444648 893417 23763 
868782 9329 921833 767355 828908 442527 708297 113030 778268 982401 ,868782 767355 828908 778268 982401 910486 766771 781739 972892 344872 
905318 86352 362660 304613 515471 995159 376029 70755 115611 465180 ,115611 557767 307801 719392 115651 89732 800100 210839 59047 24946 
48689 468385 49095 945563 424139 817429 695563 591209 641268 737800 ,591209 24552 119993 24034 641929 409878 519275 858444 614169 811354 
727620 506197 504369 870572 383341 741170 513763 712605 671486 552231 ,504369 671486 552231 86658 692073 635903 575929 434022 252864 25203 
333252 50954 742152 363265 738002 319437 540857 627264 97777 623881 ,333252 363265 738002 540857 346761 315429 745466 312728 745349 744975 
974052 472325 47173 851887 73740 524152 535896 697936 112097 752611 ,974052 472325 851887 697936 112097 898410 288819 157219 763395 687150 
553300 533093 965674 947460 511329 807932 206843 271121 979738 532442 ,226140 227003 227105 103344 870317 464624 878325 19133 375379 513992 
307133 23201 755541 601307 312631 873302 35019 995128 916667 33719 ,23201 601307 312631 873302 995128 916667 33719 631630 306369 818237 
533517 630147 630051 734341 916430 728001 737479 933807 533953 432960 ,533517 734341 916430 728001 737479 933807 432960 161368 247137 63143 
721613 722137 707618 61123 3971 996023 54637 832883 74982 334945 ,721613 722137 707618 61123 996023 832883 54733 923085 277417 70144 
367212 23995 84335 279245 430245 286143 185442 431562 87829 429318 ,279245 431562 698630 212361 873564 122009 645732 281751 525431 934310 
973789 992625 651141 248534 833566 750370 913007 677319 536375 757381 ,992625 248534 833566 750370 677319 536375 757381 28530 296428 757511 
925446 888146 812045 804838 762286 812782 410992 758333 251168 561784 ,925446 888146 812045 762286 812782 410992 758333 561784 944764 881137 
171190 184369 101553 511757 85502 287929 30394 384854 514242 602206 ,184369 511757 287929 30394 602206 716810 487722 380866 832940 768680 
263464 653752 905421 585203 220473 263871 911357 263547 911100 979986 ,653752 905421 585203 911357 263547 911100 997214 845255 999336 860900 
193077 657598 192865 271681 669426 84388 667994 668561 677389 83222 ,657598 271681 669426 84388 668561 677389 83222 376037 655820 450491 
491561 110358 110264 490070 129165 111300 802925 701483 572605 92100 ,110358 111300 16158 127754 370117 287095 362840 829899 417409 698782 
510245 240018 116604 497354 95027 426708 825538 82630 529038 505423 ,510245 240018 116604 497354 426708 825538 122029 30071 637235 305027 
818022 30011 29959 815262 818720 29988 29972 29963 815282 29948 ,29988 30012 107395 29958 489513 819531 29950 124451 815313 815311 
74687 702254 946919 638423 70575 312151 763140 600984 242001 530394 ,74687 946919 312151 530394 210876 215362 839866 233208 58803 527128 
95603 503487 182359 305306 546373 105910 23646 278900 458303 864975 ,95603 182359 305306 546373 105910 278900 83194 524628 336248 621990 
776721 279956 261428 228357 111184 776801 113067 127464 216728 349970 ,261428 228357 776801 113067 127464 431165 234916 554735 685362 363623 
653134 610881 610474 610392 611429 610555 763188 611198 23965 677247 ,610474 23768 800835 23873 854331 985836 210997 637326 192441 673215 
671304 789359 742127 49040 132074 771899 26581 219054 914861 413516 ,771899 803287 163237 804431 142144 402680 142795 736737 204761 775136 
564170 115980 509849 209538 749260 509131 483499 974774 24386 561525 ,564170 509849 483499 30968 329741 235454 357871 499813 697135 561770 
826305 856060 911346 997178 851406 873692 856988 853167 103709 824121 ,826305 856060 911346 851406 873692 856988 824121 851098 374963 566430 
846258 592592 715326 564493 249779 59975 590114 542687 603974 574479 ,715326 249779 542687 14570 12700 481895 867086 796493 560931 983433 
238047 252434 234124 666417 965237 460117 81840 419238 894451 195557 ,238047 252434 460117 81840 354696 452374 58793 117305 459896 269202 
63244 73183 64826 73653 426379 740743 404148 117053 466879 680184 ,73653 680184 463594 501265 224705 843752 36315 543463 828161 728801 
667148 666980 304004 44804 250832 330983 514079 667186 317397 249572 ,667148 666980 304004 44804 250832 330983 514079 317397 249572 252454 
476650 479829 688941 476623 475854 442817 502577 476946 763867 378609 ,476623 502577 378609 427551 790511 476959 477959 787910 207091 479788 
236366 88745 236138 230622 348964 8203 997210 552268 751924 418976 ,236366 88745 8203 997210 751924 418976 997526 678318 960005 87413 
48644 753830 209147 223920 42196 793020 669335 317672 249073 640148 ,753830 209147 223920 42196 793020 640148 876787 411571 249057 559745 
210522 473986 192903 660651 92418 237526 283239 823439 802427 375896 ,210522 473986 192903 92418 237526 210418 915572 826970 228271 228491 
52248 322505 887749 543750 687084 637703 44870 920883 699631 83680 ,52248 83680 5941 84673 268629 204351 85456 610487 820709 787790 
510318 836127 103186 428167 565970 341166 572456 196683 206576 270854 ,565970 942417 784994 200982 566019 244165 121011 906745 139649 793770 
856741 855198 837330 37580 962842 219270 549866 9648 809920 220736 ,856741 855198 837330 37580 549866 9648 993875 513053 824865 590067 
66775 761822 840645 54732 594869 706972 488904 54636 421819 754089 ,66775 761822 706972 54636 421819 711990 643936 124345 571953 973073 
109944 206520 927016 76670 722772 386441 334013 638154 281137 92271 ,206520 927016 76670 386441 638154 698837 501772 18582 31928 504001 
648550 755364 961447 961556 648272 969813 889198 969870 604920 472565 ,648550 755364 961556 648272 969813 604920 472565 619575 834370 973734 
351204 632117 788576 363382 577918 363385 418813 423291 686649 232637 ,351204 632117 788576 363382 363385 423291 686649 232637 335970 512937 
842648 842779 226350 885780 977604 679864 883798 706745 390739 868469 ,915617 989885 58002 914703 883120 871470 957538 474489 376759 842132 
850773 857976 858132 103026 850528 858181 818507 859194 858619 772554 ,857976 858132 858181 859194 858619 772554 831052 858872 859210 212152 
90482 94035 86082 356052 961836 969881 850852 391318 531653 969718 ,90482 94035 356052 961836 850852 391318 969718 400295 580256 961270 
532682 357282 558135 213923 533837 163653 325677 335636 57478 465709 ,213923 533837 163653 465709 164795 700597 465488 668584 212273 320844 
915386 480782 915362 283687 255262 969156 18127 224776 19133 709648 ,19133 560663 522318 921603 998007 226215 936354 448774 658775 254915 
497055 122075 216223 306179 929287 279598 106629 556844 791153 562949 ,497055 122075 791153 430184 478535 122778 322992 151503 525674 100762 
957173 986751 168753 838513 797229 837029 683529 347185 512459 876577 ,786138 40157 291673 544990 735794 277437 266837 544665 43025 726959 
63485 636191 393560 10355 548063 724015 841624 170493 97230 632916 ,63485 393560 724015 170493 69467 98462 67652 10610 531808 520764 
803365 810252 798842 476957 705781 557350 640868 67350 52264 46349 ,803365 798842 476957 705781 640868 46349 889531 540538 640941 891764 
112928 904898 270068 295874 386454 566612 293908 324330 749451 229146 ,112928 904898 270068 295874 566612 293908 229146 220123 112862 566566 
217017 771748 750417 299315 749571 120698 132481 813916 319388 49450 ,750417 299315 319388 49450 915532 374129 335482 101105 183873 852910 
566408 74944 487311 122948 172353 795407 871936 21388 325221 281455 ,566408 487311 122948 172353 281455 315846 529814 56036 79416 350625 
93828 850453 120754 462428 574534 845168 564813 95535 451094 685531 ,845168 564813 685531 561728 451766 306294 563400 314300 157260 451713 
12448 842291 842919 101338 107275 535916 15138 481810 535899 883736 ,107275 841889 260334 62231 481387 103717 669324 868025 244564 599022 
924517 924098 420280 525493 70473 187245 164615 294930 110510 525221 ,525493 64116 459601 755443 791192 429265 452540 401219 538833 533686 
826639 423640 796097 515203 385907 941993 865566 571632 570492 947439 ,826639 423640 385907 941993 571632 570492 625125 173027 749415 493039 
797587 415575 39049 84217 615467 768622 411670 37990 800763 637513 ,770174 200641 542188 754687 616995 546696 758478 999311 735110 699880 
371298 451043 825599 569950 76409 924737 79629 871093 382426 478347 ,371298 825599 79629 871093 382426 478347 479157 679109 5440 189220 
408354 501347 42374 336294 501453 909231 174327 370646 429959 495784 ,336294 370646 879392 127590 334805 595133 904830 835271 409650 426291 
344012 344692 357023 356910 344685 331687 369558 709312 332254 25707 ,356910 709312 109829 140728 72132 417881 116344 875039 917885 972630 
544060 931515 872255 827859 560744 897679 766101 848125 870493 584092 ,897679 848125 870493 946638 756220 942732 873062 853942 221476 969467 
2953 595046 704250 629489 15032 932647 189260 97276 399672 705875 ,705875 955442 948758 746961 483862 749260 933566 358985 994847 373995 
832029 354807 856069 676990 398517 465425 403553 582170 652323 47325 ,832029 354807 856069 676990 398517 465425 403553 582170 47325 477561 
829055 940804 605463 604133 105645 569401 576369 828606 552369 717702 ,605463 569401 995086 575978 797825 703744 733040 565916 601187 763676 
84061 158173 686829 344766 661877 84408 600646 429887 151362 81907 ,600646 662845 832453 631833 82767 292097 293671 110275 546389 71331 
78428 159290 123311 528566 269041 259927 517210 608928 866617 823685 ,159290 528566 517210 866617 182753 93638 531943 223921 723830 336903 
879754 153813 879768 429029 4821 428626 305232 4662 526093 16514 ,879754 4821 4662 526093 16514 689897 670362 426852 30440 122087 
854738 226253 548402 884456 599311 180935 394861 883423 614908 614870 ,854738 548402 180935 394861 883423 14130 120950 705501 64151 595971 
434489 780856 240149 240978 542028 541899 350100 899985 223903 896130 ,434489 240149 541899 350100 223903 831990 536254 541888 103802 862980 
376122 43297 376259 456588 714419 218324 455049 207166 56045 7484 ,7484 907280 824184 914601 211322 659500 238428 52465 656873 953216 
817089 606863 817340 816365 606825 658098 177316 289924 544543 567456 ,817340 816365 658098 289924 107863 107823 817378 656101 577084 975777 
232880 645519 612573 237914 409781 809939 467100 482517 862953 55425 ,232880 645519 612573 237914 409781 809939 467100 862953 188079 644833 
189598 425173 576842 644717 888882 828357 785916 785645 424348 828780 ,189598 425173 644717 888882 828357 785916 785645 424348 828780 428058 
551748 725787 551697 570243 726214 569969 525212 389071 312604 127603 ,725787 551697 726214 569969 525212 389071 312604 81085 803996 441291 
609734 234367 603373 367097 366857 544536 392887 959092 725890 367792 ,609734 234367 603373 366857 392887 725890 390317 261691 188970 956778 
349613 370966 409742 407947 411045 116277 478018 318974 993383 66882 ,318974 500928 680282 344755 493152 477743 317958 286157 694771 10057 
423198 423303 423251 534423 423857 987390 791559 607481 638116 569487 ,423198 423303 423251 534423 987390 607481 638116 569540 534435 112512 
432318 880928 838555 620891 379617 842808 63520 895407 566147 555466 ,880928 206907 828867 934948 410167 889541 61215 464664 160859 226924 
195117 520508 183392 193591 272407 842734 949897 519988 843588 125035 ,183392 139404 489394 497925 628818 392930 752960 627963 403588 790330 
4630 4554 804007 784790 279489 4623 279275 188771 292781 525082 ,278674 708719 292192 771957 243182 214360 291979 337463 99682 803951 
704388 750055 703136 293006 752712 233628 702953 749502 842458 919615 ,704388 750055 752712 702953 919615 22467 173787 703364 562261 454916 
529802 469962 225267 261181 543219 847692 867751 843354 782878 223874 ,469962 782878 912179 170159 198545 843377 502127 487511 631252 845166 
799070 691337 156919 870027 752995 296766 156641 974743 437868 458961 ,799070 691337 156919 870027 752995 156641 458961 479261 189083 82369 
466632 157582 110906 154571 448428 431361 431750 436833 685198 599073 ,466632 157582 110906 154571 448428 431361 436833 685198 599073 627982 
872683 136413 320948 572352 284571 864038 979590 405844 402018 647652 ,872683 136413 320948 864038 405844 402018 359950 406156 251091 26177 
390430 390561 547680 301329 562728 547707 703518 300478 283081 973704 ,751061 703307 450970 413513 977335 358334 343300 140016 386425 703427 
188565 893090 791178 441755 307882 893002 189770 51099 360925 695904 ,893090 791178 307882 189770 360925 695904 791071 381660 557266 53781 
20723 309992 94807 94939 935790 94940 256502 900561 969871 727955 ,309992 94807 935790 94940 256502 969871 727955 604918 753105 794456 
688985 363510 510252 369740 352661 357335 305095 306892 787641 979585 ,363510 510252 369740 352661 305095 306892 787641 979585 784943 688630 
758427 835631 757036 995274 650026 611248 756522 611600 756645 835697 ,758427 835631 757036 995274 650026 611248 756522 835697 38412 711096 
999436 999881 582163 497797 354692 724758 724877 336842 314351 970093 ,999436 999881 354692 314351 574923 975275 337103 537721 419458 74299 
263019 307886 82600 370502 664264 83311 535717 101629 110380 930028 ,263019 82600 370502 83311 368875 350759 583891 283519 293019 192464 
605426 863915 762523 653668 873336 891541 605291 69652 640933 776199 ,863915 762523 873336 605291 69652 640933 776199 774633 640974 947879 
159687 932792 284317 287131 463123 192614 271430 234660 90479 930200 ,930200 308844 65532 659224 878613 583999 400899 453931 610148 92244 
790293 629703 597178 547126 712430 886559 711202 458880 681555 86693 ,629703 597178 547126 712430 711202 433889 810341 703250 706206 166930 
587404 929092 82246 601801 541161 928637 481713 448233 359780 195737 ,587404 82246 601801 541161 448233 195737 589531 442761 346559 344579 
353262 339962 354286 283615 355344 287063 295356 315958 293750 342185 ,620588 526797 843998 969815 150693 802550 277374 543942 681344 171119 
759875 757096 758571 405033 760640 961603 946598 568157 969935 759861 ,759861 761436 757965 145021 568364 756639 612316 44071 164194 758542 
408099 332162 118864 174729 143330 817746 531045 977703 488243 113031 ,408099 332162 118864 977703 488243 113031 179653 704888 96365 547910 
837951 634738 566574 103453 953053 632271 566511 58550 571371 733024 ,566574 103453 953053 58550 571371 718216 634734 599856 582221 468825 
234934 235681 986945 81957 56169 98920 83751 876573 481607 732118 ,234934 235681 986945 56169 98920 876573 481607 264744 237848 227788 
575866 593511 329609 718026 961132 758545 581427 211681 579744 348892 ,575866 593511 961132 758545 211681 608049 579271 255594 652504 652692 
655305 652278 802243 908397 655283 792492 656936 654363 776128 832071 ,655305 652278 802243 908397 792492 656936 654363 776128 832071 374411 
652311 500368 370172 735568 665726 504253 800660 696801 701810 718064 ,652311 500368 370172 735568 800660 696801 701810 209639 161077 117629 
402980 614739 110762 899934 436996 485330 729504 18572 277233 199644 ,110762 561782 630263 808625 1191 99649 396242 105622 336032 111796 
575795 873869 835354 410283 193266 272082 735834 74768 962466 193972 ,575795 410283 962466 711081 454976 341177 971063 76599 93013 582549 
425326 425964 924233 393589 749360 169629 636932 547470 380443 823221 ,393589 287969 853954 548022 597688 224058 883107 880811 381727 988459 
814133 928275 375311 632003 927994 713525 984846 761702 622920 506478 ,76373 571119 419083 985187 34599 332307 166558 776821 213357 576179 
18918 403855 241731 139753 891751 104364 635627 257775 231440 994391 ,18918 403855 241731 139753 891751 104364 635627 257775 994391 676765 
24609 648065 614907 653269 651127 614944 814656 647085 851829 653003 ,653468 614942 782057 653390 899833 646545 237320 22090 672834 777080 
981977 981315 976651 977176 980861 676479 893032 792966 893257 657542 ,978915 657247 770274 421288 715340 786690 657164 418123 449674 654494 
14331 596139 354376 205404 269682 44554 141239 483382 750324 573168 ,14331 205404 269682 44554 573168 937058 449187 724873 153309 594375 
390307 390106 390266 522136 436577 343300 92467 493356 935290 694521 ,390307 43491 565 68682 490880 195070 730193 659998 72455 871515 
787938 898252 829826 590916 709887 262499 951793 791916 617050 56408 ,787938 829826 590916 709887 262499 951793 617050 56408 212811 901014 
504868 796366 52583 377876 808623 885536 50287 476338 50280 876247 ,504868 796366 808623 476338 54973 53565 441445 808082 55075 701060 
987402 436330 987386 3768 441958 796391 434970 483443 748474 960951 ,987402 313663 608196 367758 629098 878280 19284 386466 147235 522118 
389625 389567 389613 922996 911392 658672 89660 255800 911162 525398 ,389625 389567 389613 89660 255800 911162 23539 432699 161097 389841 
709314 972379 299340 146060 406797 790205 831689 470269 852430 108982 ,299340 854126 240247 620412 824419 146794 878325 978197 841318 182100 
397279 400804 929317 104999 104997 400668 869785 496034 723142 433025 ,400804 104999 104997 496034 433025 519424 471576 869096 719798 724714 
453704 380847 409528 493588 18311 483972 484292 544098 506431 680714 ,453704 380847 483972 680714 877708 127251 492021 173426 526039 722689 
304064 603876 38824 469973 699202 509314 421277 189720 613865 476092 ,304064 38824 699202 421277 189720 476092 52844 37933 409976 521154 
860318 861190 45337 680848 372791 215077 571928 17399 500322 45597 ,860318 861190 45337 680848 372791 199947 76605 823732 942024 928732 
703672 706208 480100 704360 480084 226355 66136 36362 690733 63675 ,703672 706208 66136 690733 720033 400714 678059 140905 842394 480185 
900374 900607 378828 901005 890933 540056 39275 38394 538168 39246 ,900374 900607 378828 901005 540056 39275 38394 538168 39246 38211 
293507 822715 221365 501229 514206 298012 326368 821472 18369 514161 ,501229 298012 821472 514161 99308 714578 230785 352322 534653 519229 
856182 919421 867729 191159 191298 443601 855005 852658 957642 832993 ,856182 919421 867729 191298 855005 960661 855367 967336 563983 854794 
564258 225593 201685 265963 76092 772650 617934 19780 505030 484820 ,265963 201685 76092 617934 505030 900277 882947 772289 522530 877203 
64318 326925 325823 368720 365727 322985 795388 795392 322542 86160 ,325823 365727 795388 322542 547517 88187 652822 66083 562713 71240 
28451 365610 103641 285556 665718 653368 895945 651009 699692 386249 ,365610 737274 736842 292658 653853 803797 870722 422846 306586 648766 
352164 326483 956766 366843 305654 95216 79744 886085 826863 365262 ,352164 326483 956766 305654 95216 79744 886085 826863 365262 350935 
831516 667608 775677 825544 825508 773626 825527 792983 856616 26026 ,831516 667608 775677 558171 31062 667276 825514 780681 755364 448970 
737887 734503 866317 174375 233839 866290 734296 890806 723891 409244 ,866317 866290 734296 890806 342149 847457 866972 640977 8436 683199 
353210 699258 820948 723739 180705 698594 380108 294174 293091 873027 ,698594 407299 525283 200751 262852 323279 713982 713556 713185 145945 
708486 630494 99456 753257 752124 822562 751244 842239 457941 170097 ,483312 678069 861300 265647 266289 267062 371585 231432 224876 740861 
739826 739712 601296 183036 963286 400707 120868 383543 548673 968836 ,739826 739712 601296 703645 798429 125003 240821 724109 739590 243304 
450075 274996 954166 717588 944039 848687 950403 529356 698195 665055 ,717588 529356 864169 18225 772838 160111 597566 273941 773373 15999 
571359 282739 254209 616449 547370 585251 547287 546209 47228 70856 ,585251 47228 583949 982796 281673 645243 645136 498249 490332 983447 
832968 24142 755514 375145 755592 757178 375051 24247 830254 835972 ,375051 375202 756678 830232 824147 830180 772368 374682 862634 604263 
490066 408483 380999 52569 492811 508162 224202 52661 211878 809363 ,408483 492811 508162 211878 207702 700046 89688 797056 588601 983447 
839191 204157 202220 646840 656925 394793 838975 314599 967303 119174 ,839191 646840 711112 107798 576590 282771 709122 97479 88874 712183 
899777 47949 307633 433964 899848 900087 412599 937774 262987 847170 ,262987 54658 911767 128092 476846 424019 956926 645267 290000 730333 
16527 754359 16505 459523 16672 104861 194035 272851 143749 953858 ,16527 104861 143749 19062 684128 754255 427493 141445 525613 427210 
324884 601658 780277 696040 803306 934511 895306 473548 367461 696589 ,324884 601658 696040 803306 934511 696589 238760 716447 153898 628660 
358525 12473 125822 357046 128833 315870 925013 168872 923235 381638 ,358525 128833 315870 925013 110144 718059 358548 110460 241163 789025 
798666 632064 977019 125700 602492 801704 140124 490819 725921 485355 ,798666 977019 602492 801704 140124 485355 602456 84044 376205 486677 
809550 520110 323900 809621 624815 750898 331696 583264 110447 810271 ,520110 331696 110447 892253 448803 615205 330248 257984 595536 880001 
497092 193679 272495 160233 693790 486878 283143 736039 350538 843360 ,193679 350538 3076 336729 299280 740758 807117 522312 741857 196874 
283791 866194 376275 96874 453375 499111 460621 634729 474880 198904 ,283791 376275 96874 460621 808520 96424 19935 330854 362835 468010 
67579 399070 181355 67924 751220 723615 392378 276534 694616 601300 ,723615 392378 694616 282157 404368 23266 481237 797812 653644 160388 
931706 260903 702996 261213 881197 839313 538859 539168 539140 618973 ,260903 261213 881197 539168 539140 618973 242943 223925 207684 248789 
719665 850377 123868 784787 724730 524646 780251 240918 152270 780243 ,724730 524646 780251 240918 152270 780243 355465 520727 322675 87485 
707734 903844 283087 357214 614913 914083 354182 466586 514752 120284 ,903844 283087 357214 914083 354182 120284 151241 282037 800236 272640 
372663 694139 762338 516470 953157 158646 865408 256825 771225 536248 ,372663 694139 762338 516470 256825 771225 536248 845690 488493 424312 
489794 628111 419241 933449 316854 312089 566823 932869 640247 257980 ,312089 664189 996841 54260 560723 474447 96311 605770 407242 63182 
923950 226978 842441 168673 931773 223481 887286 424062 886193 852359 ,842441 168673 488517 733578 72589 859007 513876 858336 13228 831470 
563371 565912 562062 564714 839831 831124 993768 562761 207346 886574 ,232582 620694 21437 607808 883960 502137 42304 884055 957557 264733 
883546 943056 807331 757065 957682 837766 957659 673611 647399 837606 ,837606 200015 996095 224931 996007 969630 270294 200150 930458 867773 
745329 786591 228470 723871 482684 739872 528271 778246 734065 424 ,745329 482684 739872 528271 734065 424 338311 231921 612538 607621 
339828 210499 210070 380668 505077 758719 186789 493230 308071 118368 ,210499 210070 380668 505077 493230 261834 353961 199896 525014 643380 
203352 267630 393901 870415 544907 950403 394501 535747 108815 395995 ,870415 950403 225300 209684 876484 998033 398541 867772 223874 198198 
469440 560859 554917 555434 811154 250862 458885 560847 255820 652128 ,560847 340224 653505 207544 583922 893135 540925 897581 242851 461188 
877096 867353 159025 901432 431612 4306 901972 564520 877467 941803 ,877096 431612 4306 564520 620978 564707 948058 882811 653442 950717 
907698 596405 874662 244450 781625 74321 397936 355288 963162 779858 ,907698 874662 397936 779858 903563 779946 43622 861873 515949 575795 
882272 882658 807928 463349 382376 450907 804789 285920 818792 383642 ,882658 807928 804789 818792 811447 487053 428886 280695 368507 429231 
96281 56397 237546 56297 567396 232619 223695 682750 95338 961617 ,96281 56397 237546 56297 232619 223695 961617 88834 609043 224686 
575423 453222 681382 468527 19087 589399 161472 412310 346749 669311 ,453222 681382 589399 272499 193683 333166 705188 46149 680950 577156 
464736 206921 195423 274239 209096 477579 781774 183369 580472 360859 ,274239 209096 781774 360859 488385 240394 480857 2839 66611 314220 
459333 52301 827615 552823 887637 943451 464178 475694 53379 409310 ,459333 52301 827615 552823 887637 943451 464178 475694 53379 409310 
757998 760636 757824 329107 765873 884134 150339 887137 569905 148397 ,757998 760636 757824 569905 59902 964906 514463 530941 60401 921952 
457943 763372 714748 540905 211859 934946 718905 713868 970760 933875 ,934946 713868 933875 794935 609887 39841 378643 762844 717896 378714 
771729 353944 523428 522728 250517 848634 12399 875039 299987 669588 ,523428 848634 12399 875039 340455 341203 532454 614724 863569 574477 
99049 238319 772360 139277 216395 772215 278964 804039 523959 772144 ,772360 772215 278964 772144 677834 547016 804041 869979 497210 327479 
354128 522575 83037 819605 261503 151508 516813 760731 240918 637966 ,522575 83037 819605 261503 151508 760731 240918 283306 352970 523159 
938463 129160 42901 868230 516654 249026 12883 17137 18360 309686 ,129160 868230 516654 17137 18360 309686 635638 217914 635936 14788 
324335 94858 307221 351459 526795 419362 339262 687699 499155 818008 ,526795 419362 419368 604679 419533 500563 311072 280271 750461 351000 
824912 794592 995530 824859 582233 995870 648258 794229 794822 876548 ,824859 648258 794229 794822 565653 957308 375345 537336 897897 201361 
975426 974075 391636 159539 959193 150885 338418 919144 18581 391488 ,975426 391636 159539 959193 150885 338418 391488 653765 16209 935696 
242960 54284 419725 384863 995867 303921 316836 389196 700259 238193 ,242960 419725 384863 995867 700259 238193 637651 476200 413590 700415 
648736 542385 647603 541923 646238 646472 827435 764858 826847 758695 ,647603 764858 827678 895216 880803 876815 592190 974434 375414 756930 
962372 111315 844221 194950 273766 704756 158091 973322 19749 483313 ,226980 383662 174177 886299 764399 841303 70208 85750 860588 73051 
17232 18088 271278 16644 923810 202196 266474 69380 203246 267524 ,923810 267524 708178 391650 732456 519375 412292 394827 541632 59345 
31288 595682 765919 628035 856148 621693 132744 714561 17944 595086 ,595682 595086 397356 887601 873589 404135 252436 125547 400955 393085 
61688 599103 281263 903876 498491 567744 911603 233208 220346 279761 ,61688 281263 498491 567744 233208 220346 279761 698416 663476 312701 
253723 710182 709647 252691 842990 180260 102859 179514 12910 15201 ,253723 709647 842990 179514 12910 661069 646011 60477 346727 372271 
630959 630983 909814 144089 29529 319107 261388 207971 319587 681995 ,681995 210274 557055 853530 37481 198656 644758 747044 328608 706993 
703799 703533 562567 748539 682682 160680 111327 748338 930048 110775 ,703799 562567 682682 111327 110435 700436 390848 748446 833522 865251 
110977 340556 396504 172738 350500 347026 461747 302663 394729 878465 ,878465 723563 256573 308888 308196 318916 607869 812800 682347 682334 
811106 708538 521431 415922 490493 602112 45549 160610 138201 485149 ,811106 708538 521431 490493 602112 45549 160610 485149 521260 6018 
821951 168607 168423 168521 903656 336742 466290 740468 929860 363422 ,168423 903656 336742 740468 815456 48571 957735 293512 637087 816817 
124128 16532 832984 315171 742053 412133 463875 741760 16530 791392 ,16532 832984 315171 742053 741760 791392 350878 428780 228289 183483 
742357 637373 637540 742673 305943 733275 637349 280106 350463 305550 ,637373 742673 733275 280106 740792 305448 111243 306002 322276 246694 
554651 339032 599163 175001 662894 616023 822097 373191 424855 480495 ,480495 168388 5047 430675 421055 740181 809219 22600 791104 323447 
622153 621567 854126 252734 979163 877067 450690 710127 783074 848707 ,622153 621567 854126 979163 877067 710127 783074 773396 852455 587887 
567928 552013 30185 350728 491456 151580 96718 585363 68964 88844 ,567928 552013 30185 350728 491456 151580 585363 68964 88844 618993 
33678 238555 913637 901036 410317 247570 461726 408473 908761 616925 ,33678 913637 901036 410317 247570 461726 408473 908761 616925 146988 
5151 498433 951307 60299 99692 5191 262062 873598 506055 385748 ,5151 951307 99692 5191 873598 506055 613418 33424 872972 6060 
469922 470198 373437 47271 786951 434578 177776 133725 183923 49015 ,469922 373437 47271 786951 434578 133725 183923 49015 733288 134164 
85030 92271 111970 76519 72838 95696 117665 84951 822184 85629 ,92271 111970 76519 72838 95696 84951 822184 85629 703746 429016 
581144 312309 139269 614057 676529 885426 428868 939070 314096 348667 ,885426 428868 939070 559300 858501 863314 920289 799847 873918 104642 
84008 511552 87094 321514 72838 84951 76521 82852 84172 30113 ,84008 511552 321514 72838 84951 82852 84172 30113 86952 88043 
643850 769823 991662 642915 814395 837907 837619 642902 644897 773127 ,206624 868120 781455 600941 274701 816052 879496 905286 655335 423825 
213720 154521 213913 784269 775764 868973 963796 387768 578712 825397 ,825397 454267 701840 786439 91137 270585 945228 323942 786614 709666 
935954 978870 488443 79907 511989 125224 292521 491300 738631 490266 ,488443 79907 511989 565863 83779 566738 361361 488475 293086 490439 
849760 547305 511695 494608 176333 607065 522525 493971 99049 516500 ,547305 511695 176333 124382 461262 495835 511652 493207 133020 353757 
106870 86207 126164 406903 899241 71435 110122 92537 631843 90714 ,106870 86207 126164 406903 899241 71435 110122 92537 441154 89118 
865734 874263 939666 543596 704186 390840 704473 63467 705591 874353 ,865734 874263 939666 543596 390840 63467 705591 874353 886101 522259 
19638 608923 947823 950339 936001 299575 987248 952221 925837 836532 ,987248 836532 391986 416080 376829 294919 623861 12836 14618 341274 
244571 899959 919995 578806 245614 3871 900007 339801 577989 621532 ,899959 919995 245614 900007 339801 577989 837253 610040 577154 401488 
970552 255170 620288 712843 661405 811384 480529 224064 557462 31379 ,970552 255170 661405 557462 31379 380030 965432 694387 41022 40971 
337005 94438 305010 408928 410043 352540 428582 364320 292134 94345 ,337005 94438 305010 408928 410043 352540 756292 278771 292425 410055 
575253 63462 211494 428997 57207 151342 422879 601320 350899 714530 ,575253 63462 211494 428997 151342 422879 601320 350899 714530 323978 
646744 374834 647181 646716 372126 805388 766816 121846 765510 614695 ,646744 647181 614695 597720 843859 822899 604811 832462 113650 775863 
677724 677598 211057 677390 462009 463543 422995 283827 5807 685820 ,677390 462009 463543 305866 246528 427352 848361 138411 511035 321851 
758720 290992 728778 759168 845262 181776 475379 100584 610543 200007 ,290992 759168 100584 264285 200007 731221 141178 743588 154304 156173 
100886 877281 870705 895159 706355 771624 470495 820115 819335 625923 ,771624 470495 820115 852795 752309 915132 849051 192192 9969 859762 
554495 824796 824515 643835 992086 754653 910455 910217 755147 903697 ,824515 910455 910217 903697 807804 855087 810022 468023 753833 755013 
424430 425263 809563 809521 519017 670237 696460 118563 123907 20279 ,519017 670237 696460 118563 262252 668144 52015 616928 814968 577937 
452670 59085 452499 392340 278971 371721 738430 738529 294403 308661 ,59085 278971 371721 738430 308661 431346 869019 334888 972278 232689 
662905 280425 745865 615282 98708 293933 883465 5166 375732 690191 ,98708 883465 5166 470739 93011 739573 423873 816122 426093 426312 
127135 61256 309541 829477 456233 60898 110617 913418 66093 519305 ,66093 54216 175783 928703 253072 543566 950901 974669 473965 936286 
423079 423491 423015 378767 846556 817506 534687 816458 425151 471359 ,777097 249001 713626 777401 850136 677643 645225 747525 192140 444940 
998320 103026 190659 956618 957476 853873 941076 995625 102248 566430 ,998320 190659 956618 957476 853873 941076 995625 102248 566430 123761 
358125 345038 706617 57434 382136 340661 54708 646761 538420 171752 ,358125 50340 409085 892469 538327 54797 225900 537676 258751 878064 
234135 855187 15022 801707 234748 400004 621221 682380 624574 325514 ,234135 855187 234748 682380 624574 682386 378126 357148 836435 976038 
111043 537564 662404 994057 330896 314257 937098 962127 130843 442105 ,994057 330896 314257 962127 512944 844359 584698 121357 441488 587676 
461172 296287 452658 454545 983086 45655 462005 298760 460689 325063 ,461172 296287 452658 462005 298760 460689 325063 977884 314827 180198 
721024 721385 802903 803833 498230 954676 803263 801658 111571 212508 ,802903 803833 954676 801658 212508 438497 888025 301507 389757 408713 
122588 724635 526280 63366 923524 122383 469889 219090 510578 496707 ,724635 526280 923524 122383 469889 219090 458287 104912 81212 84526 
193603 169657 173284 462523 194249 273065 195986 274802 173329 506036 ,193603 173284 462523 273065 274802 195986 506036 31183 671165 193741 
121910 104690 122073 278910 854857 215541 614870 102222 825170 614908 ,121910 104690 122073 278910 854857 614870 102222 825170 614908 121908 
920493 88803 295996 637869 877802 53732 459092 484731 322504 248981 ,295996 53732 83487 84447 86444 361661 82945 460750 266580 17123 
319592 439978 116583 930469 514216 874105 514294 82916 491920 920442 ,979489 919890 96408 276569 408023 62796 193982 374130 777691 608479 
514223 232780 450899 726214 514338 302783 725787 365047 292050 516909 ,514223 232780 450899 726214 302783 725787 365047 292050 516909 652171 
757324 753539 962511 669449 375016 375379 61522 669167 986888 812511 ,753539 788963 63054 753748 67061 965426 611877 284962 225852 789543 
763392 380447 838907 230821 853740 781683 594196 682038 353670 667745 ,879704 572141 873526 929159 792737 141772 124655 396674 462222 971374 
763780 519278 390963 566480 661544 349209 481087 281836 90522 708768 ,763780 390963 349209 481087 708768 364511 89154 151324 833442 94861 
909314 788074 415757 378621 654015 54786 51729 684910 54607 50778 ,654015 804436 994681 762262 913929 424149 445916 413890 643065 667006 
525661 987292 496500 510200 495466 247835 343180 168020 365167 473395 ,525661 987292 496500 510200 495466 247835 343180 168020 802041 263276 
479533 583909 105193 152033 23000 726974 151713 153267 745834 115387 ,479533 583909 105193 152033 151713 153267 634585 518611 123090 928439 
529072 520742 233799 240803 168418 233366 21989 502223 79570 70283 ,520742 233799 240803 168418 233366 79570 70283 537628 520733 723567 
421062 985437 735332 113189 114783 11354 329784 278940 732430 112854 ,421062 735332 113189 114783 11354 329784 278940 732430 112854 2482 
947667 513987 918910 34509 628528 918933 39872 13993 932071 795888 ,918910 34509 628528 39872 13993 795888 39751 389534 535943 379995 
599103 916117 88641 288394 106470 449545 214448 837880 550379 68870 ,88641 288394 106470 550379 68870 100609 281044 338131 663874 55528 
223895 224167 478462 473335 14314 832506 478377 916996 862259 771042 ,223895 224167 832506 916996 74604 915857 65322 868206 96639 96948 
244303 121871 368126 547272 800864 289109 821819 244518 715176 287712 ,244303 547272 800864 287712 251533 472157 348253 352293 472208 784870 
668749 749414 603556 481752 395179 4861 388576 934887 997723 14485 ,603556 388576 781364 966000 61457 502428 872994 618096 12133 932118 
794801 536996 794481 937533 745550 953820 805320 630234 882242 680593 ,794801 745550 630234 378615 722826 111510 838244 620156 145741 857530 
446891 953070 38716 770725 907067 953101 38691 215887 38891 38664 ,446891 953070 953101 907242 446315 667327 447502 558473 37652 851234 
613025 613633 85533 374825 952761 87519 840555 946528 601106 435524 ,613633 374825 952761 87519 840555 946528 601106 435524 719686 789907 
871829 759569 410673 862663 685726 757805 475121 537925 701700 856502 ,759569 410673 685726 475121 701700 856502 683679 141285 534476 757989 
758743 759614 765002 830319 232624 817927 818855 792782 933677 129829 ,758743 765002 818855 933677 129829 25037 596558 93329 263410 932668 
513182 513070 513826 89404 715949 157293 201952 266230 202636 266914 ,89404 715949 266230 277021 153940 403954 874152 982840 833474 888384 
725941 615228 230651 791869 572365 67217 854843 105078 151951 67088 ,615228 230651 791869 572365 854843 92082 439154 854880 237776 513937 
789026 94869 514758 973091 446209 278670 857271 445545 168266 557661 ,789026 94869 973091 557661 412148 343912 350474 119019 827588 473862 
508028 283635 398384 414230 235015 321424 234146 401957 449184 663782 ,508028 398384 321424 234146 401957 663782 520870 262673 228682 663565 
863258 768416 997330 851174 826037 997143 847777 854992 885902 867741 ,863258 768416 997330 997143 847777 854992 885902 867741 957642 997096 
154732 382425 378996 409867 189219 82022 84086 712790 905868 386444 ,154732 378996 409867 189219 82022 84086 386444 688753 155313 810064 
803861 987264 145852 398166 675264 60536 861194 166351 108379 197329 ,803861 987264 145852 675264 60536 166351 197329 276145 532453 407162 
548473 86903 705050 22222 645175 932306 39914 87697 39928 969187 ,548473 932306 39914 87697 39928 897087 550142 547776 565686 533132 
84499 319514 406204 348195 519578 406202 95550 156250 151632 682559 ,348195 95550 156250 151632 151341 254782 247298 919497 112461 158439 
514792 226121 514907 861476 690539 271980 839601 831860 919787 210802 ,226121 831860 853866 931595 895057 140662 831851 227621 191085 931634 
46734 294028 325681 259629 387397 305872 755526 95358 96693 114632 ,294028 325681 607472 606876 487390 247489 1478 498922 227086 306447 
778301 778303 521066 311503 950696 897287 29364 340342 521075 617293 ,778301 521066 521075 617293 558546 801336 45351 796722 625537 54686 
868824 940594 181016 940740 482018 947135 481152 703000 542272 703042 ,947135 481152 542272 854864 562848 723791 607808 539016 391253 17137 
448829 448680 247166 134207 2165 954969 847766 173454 949550 840950 ,448829 448680 949550 132776 69881 711096 599850 69654 360766 951792 
440530 807930 29801 598592 598099 964549 210126 199947 264225 209390 ,807930 598592 964549 210126 199947 264225 209390 74853 221492 77531 
54680 51541 151423 567856 306260 160505 350855 94449 430270 23972 ,51541 151423 567856 306260 160505 350855 23972 452156 350769 80478 
18727 237983 926646 238916 2813 36620 967465 239978 887678 13561 ,238916 227830 299316 955576 580734 66014 354843 466058 936381 227814 
256064 256734 134892 20412 543817 841086 840426 863949 114100 298824 ,256064 134892 543817 841086 840426 855473 204558 778054 432162 12953 
757392 756280 38061 560415 422243 123010 472132 472043 846763 140693 ,560415 472043 846763 140693 424066 256704 228482 781115 708875 701158 
668539 892923 225859 997317 983197 541815 894424 225129 893192 985064 ,668539 892923 225859 983197 541815 894424 740941 854048 226479 711033 
75723 77995 310197 506920 535002 535308 434638 345702 141346 253601 ,492198 549466 33486 515437 169759 12004 981955 936715 457257 516916 
765686 69323 369099 69387 265903 18003 788602 808866 323684 165703 ,765686 165703 264340 515186 597522 407284 275888 474863 164865 966083 
744964 739121 740941 547469 955393 125 479856 920294 843385 842597 ,955393 60051 191089 885507 915891 893192 948348 512120 204685 268963 
435999 879895 668296 800299 879900 359104 925483 143729 388767 670495 ,124061 13118 974995 748407 141612 611733 799109 805170 864303 84457 
306364 281832 305192 305131 903966 237347 180681 416914 81785 535965 ,306364 305192 305131 903966 180681 416914 535965 789003 528316 407679 
855675 825856 846323 640219 445178 101810 640446 640010 640514 881145 ,101810 102321 881747 443933 716950 643148 443766 444367 444401 888853 
88685 304371 370005 369965 606208 859621 494739 540363 617801 418089 ,304371 369965 494739 540363 540327 302133 268651 375790 894440 894325 
827720 113711 39308 768189 894138 643142 427534 446884 41025 447903 ,447903 308812 536367 826332 476661 207788 409422 153659 112374 105519 
249764 841359 841915 113399 367205 949282 970681 28253 850113 658380 ,249764 841915 529767 530773 824884 941667 278102 967110 530347 899982 
498456 500569 47222 438248 594474 197191 51649 201554 265832 595148 ,498456 500569 594474 197191 265832 127574 275575 406310 435472 130688 
363212 843547 129384 515855 987873 424174 543876 918286 844000 703939 ,363212 843547 424174 542534 751433 211665 745867 705400 679298 637525 
69393 932147 405337 931946 880352 618432 598627 149617 99812 921550 ,932147 931946 99812 882731 964429 961681 13002 583358 331126 36160 
120878 854529 824998 42529 855431 580194 846830 801144 959974 228232 ,846830 832076 602916 35312 919258 849488 788186 854694 837053 362071 
736388 549318 733072 159007 742326 791093 512276 525400 421936 360045 ,736388 159007 742326 512276 525400 421936 312087 122633 523326 732410 
571650 947627 950294 173380 439049 17742 813595 813721 144244 585788 ,17742 585788 69083 892930 691586 845154 867543 92586 870774 943267 
38432 478632 476269 478663 38582 39441 38375 478204 39570 218930 ,38432 476269 478663 38582 39441 38375 478204 39570 218930 769812 
223261 977371 598410 524055 849323 388660 217666 362011 628818 921921 ,977371 598410 849323 897959 856151 464417 122618 561018 430362 861970 
71021 843840 382052 200888 265166 804609 833353 123000 196419 275235 ,71021 843840 265166 200888 123000 196419 486269 844400 19095 863204 
315049 849772 333782 494308 849874 485087 103579 326442 630535 635098 ,315049 485087 326442 630535 513435 297382 513015 726338 789479 32289 
795827 441114 683832 88718 89737 877551 778106 683877 313535 693353 ,795827 441114 683832 88718 89737 877551 778106 683877 693353 856350 
714068 184248 238568 114050 272995 195872 274688 661662 318878 478872 ,714068 184248 238568 195872 661662 478872 541217 694072 745415 660899 
159049 159088 100084 516917 864006 625961 99515 595600 84135 918209 ,99515 918209 155506 77112 879149 284573 414905 52043 87263 58825 
516593 390772 516712 261849 194210 273026 721661 169775 845592 511688 ,516593 516712 273026 169775 202230 23426 533617 224017 698414 402851 
502521 245853 203954 268232 321015 502072 426195 886988 569374 201863 ,245853 321015 502072 426195 201863 569405 266668 702611 684589 253750 
484725 509399 332907 86529 372724 87938 79627 87426 250334 430454 ,484725 509399 86529 372724 87938 79627 87426 430454 541047 349464 
749852 73769 157160 775900 693414 139666 394544 440237 508760 604650 ,73769 157160 775900 755119 65402 707750 687289 736776 150627 553698 
336637 279675 60028 354402 60054 43255 241777 506723 658709 498283 ,336637 60028 506723 498283 61052 510916 94705 122105 441548 533814 
827724 824693 760392 814765 753983 904270 789108 558648 996760 558622 ,827724 824693 760392 753983 904270 996760 213958 786484 148717 885491 
989893 974413 973317 974070 990875 974688 974923 837229 990358 990877 ,830364 989882 989898 999216 103872 974689 973670 404601 974412 990298 
763809 551037 713665 176326 816152 761897 908100 328498 387890 781133 ,816152 761897 908100 781133 434789 593059 988582 954825 633769 395411 
720790 288356 793588 441763 520538 154808 890795 339724 840296 922588 ,500016 271928 498016 737156 663022 466813 19617 185210 293179 630401 
739033 988987 988389 739506 394131 598214 226406 741327 416843 960765 ,226406 960765 896928 223837 522270 15900 963342 474270 567085 226484 
609203 821335 379972 765200 556900 978969 36110 405844 271904 966549 ,609203 821335 379972 765200 556900 36110 405844 271904 966549 650146 
350627 615000 151204 82235 83980 68534 451867 321566 84548 89861 ,350627 82235 321566 84548 89861 104738 85587 452072 458688 89945 
859802 326150 914023 83439 716201 559096 477219 477211 217238 477700 ,326150 217238 809989 834388 477248 889274 83459 869318 862451 869750 
526313 433311 750373 474230 547587 728553 219785 749001 442413 85902 ,526313 750373 474230 547587 728553 219785 749001 442413 85902 970169 
264425 223970 599823 341866 970332 720727 3551 664 199988 264266 ,12683 557095 907741 571983 889899 223279 866571 680360 776147 205812 
887380 900919 235749 645283 303829 821815 733382 362706 680847 244620 ,887380 900919 303829 362706 161050 758048 536866 260559 26662 97072 
24092 328932 946573 890978 184922 184661 975954 891362 256435 328649 ,328932 946573 890978 184922 184661 891362 328649 353850 481084 219703 
293778 615871 364081 515548 128828 532172 86526 292690 151185 924920 ,293778 364081 515548 128828 532172 151185 924920 554728 606963 337119 
9457 868421 283557 927569 806876 487559 488690 173629 174998 215102 ,927569 806876 487559 488690 174998 294761 482434 469791 171913 615652 
308497 498368 685181 593119 367932 355991 358823 353751 63214 304629 ,593119 358823 353751 63214 740206 61089 968216 363667 280552 65666 
6269 642799 970564 656443 996606 643911 970267 6453 189945 898395 ,6269 970564 643911 970267 417474 643199 964521 643071 959611 643185 
722949 452048 333016 814009 544549 189013 812882 837491 251202 545199 ,452048 333016 814009 189013 812882 251202 345167 720463 235646 981356 
584166 940921 915580 247345 113027 448829 714306 9857 203208 267486 ,584166 940921 915580 247345 448829 267486 9749 552806 714219 380835 
826053 643148 640219 641741 825582 640446 187684 640010 570355 640481 ,826053 643148 640219 825582 640446 187684 640010 570355 640481 640514 
466901 263944 148920 145332 142542 379545 172357 512945 986840 645556 ,145332 142542 379545 645556 812050 209142 185749 162035 190278 769718 
241831 608441 241292 609000 440696 80537 10962 99217 603752 229457 ,608441 609000 440696 10962 99217 603752 229457 975928 165958 113242 
721231 65544 660372 253158 377401 916559 65429 710010 461446 981827 ,65544 660372 253158 377401 948891 460688 594333 564796 141147 80080 
395288 618099 185178 618416 906004 395121 522303 522162 955167 747928 ,395288 618099 618416 906004 395121 522303 522162 955167 496327 196662 
321453 155090 4743 170461 186792 629603 187151 683825 4693 659963 ,321453 155090 4743 186792 629603 683825 4693 309310 730549 80763 
239179 826125 240288 452675 281777 420716 545353 544749 873565 327933 ,239179 826125 240288 452675 281777 420716 544749 873565 140672 88190 
305409 434148 381510 122000 728579 6610 933552 173710 491334 419354 ,122000 6610 419354 310778 430328 140685 144680 527065 13455 573936 
687256 402733 813694 705800 629539 950268 887565 706875 997575 11859 ,402733 705800 629539 950268 577893 704945 425731 70006 62651 687 
432941 490055 546125 162035 822117 176327 495700 394636 130743 34169 ,432941 490055 546125 162035 176327 495700 394636 130743 34169 400149 
447222 447496 446929 447120 446254 447559 447770 446807 447630 446410 ,446410 447793 447876 666788 445722 666939 447994 190687 666778 446790 
451007 450192 85568 83494 807404 792408 559987 808615 541010 414969 ,451007 450192 85568 83494 792408 559987 808615 414969 678062 65435 
698033 296847 13124 427439 548220 297382 95386 427448 840057 177264 ,698033 13124 297382 95386 840057 177264 427591 645100 802298 12596 
117233 67940 1476 3410 461489 671576 833353 115031 115106 927683 ,117233 67940 3410 115031 270814 225248 335909 670721 662111 242236 
144548 786170 982316 711202 57704 423729 164844 694267 848799 669850 ,46619 903278 705997 160289 912874 583543 83357 647066 124213 294600 
636637 633594 876526 594946 123190 864612 316412 866560 756237 904889 ,636637 876526 123190 316412 756237 967471 771778 113121 233826 889405 
341322 331073 529599 867754 343282 971087 823032 538932 778707 823281 ,529599 867754 538932 778707 845538 390646 836368 836042 997297 438188 
537975 35119 575308 296199 333015 689754 188908 255257 645182 373249 ,32282 726517 774793 212313 837301 902385 962057 714850 748742 943358 
37845 536383 768150 37753 39789 37693 38182 38136 477328 912490 ,5438 791407 381959 427425 37688 378613 217389 599246 983844 640545 
882145 558128 84046 42296 84503 83547 41594 379223 996777 924547 ,882145 558128 84046 42296 84503 41594 379223 996777 924547 882396 
920102 384215 946297 437380 878503 676331 296084 577880 890122 777275 ,384215 946297 437380 676331 296084 890122 712123 419717 516145 533405 
176839 201277 265555 582430 320224 501313 291380 500488 51236 316162 ,265555 320224 291380 51236 499280 317374 995656 515144 495437 320756 
599074 524746 487700 256176 171548 524904 391862 930778 305124 734912 ,363426 769701 700151 523457 94678 689852 516410 316653 930554 685189 
586504 358425 199274 278090 352200 175435 385190 340045 338289 352270 ,586504 199274 278090 352200 175435 340045 352037 324860 570152 551741 
882189 158566 881784 995439 45916 476212 216659 46422 35167 537198 ,412324 44793 754670 419464 489418 847913 57359 582566 929440 33094 
881940 881263 833823 604719 604077 833135 604030 880852 605955 895775 ,604077 604030 271035 889131 793815 251804 640949 956151 607470 955815 
695624 224011 697389 399282 797331 223480 801135 723826 524944 223473 ,695624 224011 797331 223480 801135 223473 801627 695620 405965 85127 
868908 868545 139169 201322 265600 950339 948152 963640 665342 374856 ,139169 665342 834430 841774 948020 4396 840148 847245 555738 954595 
232174 236554 870434 892166 886569 871949 241716 736121 126672 614337 ,236554 886569 871949 191252 228278 913188 6709 871391 117816 477161 
68750 69088 71782 76025 59090 843258 594956 176134 68848 91548 ,68750 69088 71782 76025 59090 594956 664597 157296 888087 188899 
686218 53260 519978 686234 88716 80370 875080 646438 419556 96558 ,686234 646438 96558 695675 859570 355868 355743 467937 167705 701905 
291914 336662 413002 518220 305228 278636 493492 103279 255231 305660 ,291914 413002 103279 255231 458029 412819 240771 241313 291935 291989 
459545 664290 470948 36926 59974 459989 92581 246412 228653 862948 ,459545 36926 246412 228653 866132 471138 718510 200462 264740 883479 
363490 534687 321852 619159 350473 242131 910944 236872 229178 180983 ,363490 534687 321852 619159 350473 242131 910944 229178 180983 305176 
681127 210061 181703 69025 576980 882505 482593 153939 9456 988042 ,210061 576980 988042 206199 300433 290872 145229 211002 708475 390355 
882041 881406 549789 679410 881412 408427 587364 102098 700462 298628 ,700462 63150 738625 893713 893775 425818 893523 879775 917286 674033 
679750 343791 748078 341569 453956 403007 178338 402129 808518 168949 ,679750 748078 178338 168949 797637 483070 181149 284835 453986 690171 
423763 423608 423761 577911 800384 217199 632834 428038 895607 856120 ,895607 602180 279051 921398 112350 948606 427491 846615 142658 657114 
947836 435485 948407 575653 434847 174429 951727 4260 942073 64741 ,435485 948407 434847 951727 942073 788382 120744 193454 272270 1910 
621890 163688 389947 320396 85123 391274 432414 744781 85603 84169 ,621890 163688 320396 391274 371957 106944 112946 413664 176873 153259 
346851 915870 345402 328697 358553 950743 899695 867023 163900 331287 ,345402 950743 867023 163900 950143 71161 543362 864164 490186 454281 
723049 59428 616236 183095 71223 58892 916668 712201 111762 317418 ,723049 183095 71223 916668 712201 687681 491319 1889 616871 425102 
583240 727357 533495 171156 134955 767384 160969 767236 25550 134524 ,583240 727357 533495 171156 767384 134504 742421 520330 861149 368274 
345885 191718 132498 970542 291787 505192 972440 591515 747669 933418 ,345885 191718 132498 291787 591515 747669 118274 835141 859193 40310 
957004 826006 956966 293450 369973 293249 571553 576017 718873 140893 ,957004 826006 956966 369973 293249 571553 576017 718873 140893 779774 
405071 249186 957135 956324 657790 585214 772289 712760 957495 563053 ,405071 249186 956324 657790 585214 772289 712760 957495 964888 562152 
637338 637673 794313 234427 890531 947712 715842 213127 569683 420181 ,794710 692801 552265 607104 696489 610048 248022 941740 609979 502868 
636404 866002 224909 633909 514814 755746 105225 104916 525189 68441 ,636404 755746 929123 563778 430527 353366 549303 498207 339346 429404 
615706 995177 717184 961975 970299 961601 648715 793975 568045 653816 ,615706 717184 970299 653816 616099 714251 769180 656247 337638 610294 
796978 530796 364869 494631 293485 389681 178840 168021 863498 467384 ,530796 364869 494631 293485 389681 178840 863498 128630 527218 653080 
375222 739727 163570 162709 253964 375624 328931 361032 393102 375525 ,163570 162709 375624 393102 375525 496533 28506 316735 620550 106966 
385689 875318 384499 396086 385694 383892 14982 13088 108593 197596 ,875318 110822 67679 967562 747829 172443 225248 441252 456485 129464 
817729 611159 336873 610471 847328 763633 305744 337142 428597 31692 ,817729 611159 336873 610471 763633 337142 350510 847498 23586 306584 
399425 340899 8509 427727 47942 256159 187663 483799 619934 503726 ,399425 99382 353661 773848 747493 539592 539566 453526 371751 804701 
630744 631520 835198 704041 776988 739100 705047 834306 776987 776968 ,376857 502248 261874 653519 885935 484277 442121 263738 306013 560555 
505609 399969 120457 21353 310210 67772 37284 436915 452155 457557 ,67772 37284 978280 504106 708115 196257 34452 9292 398475 514882 
526028 257428 807864 282931 368408 262442 802820 64785 155553 629283 ,257428 368408 262442 802820 64785 155553 629283 415499 605932 999969 
780594 780903 814964 467414 852722 853098 806141 729686 931172 376083 ,467414 931172 175684 376438 175729 749990 272590 433463 467710 60946 
120153 918435 471130 790720 214370 474583 474625 120296 224171 788662 ,214370 806658 882945 168020 166675 262048 106332 372821 13308 467312 
170960 170263 589614 508752 306641 533013 439777 96603 307016 550631 ,589614 533013 96603 3189 97262 936286 438139 703976 462145 592400 
577524 6172 6435 368583 818762 589850 264499 235271 397406 555302 ,368583 264499 302690 578005 272448 766273 303672 110949 957004 28167 
708296 412557 707848 412649 200908 761623 20444 39921 340695 412433 ,20444 39921 325090 783744 175432 866682 713715 675051 783283 95090 
329757 927682 353626 68825 476866 168820 988321 215169 521294 590961 ,329757 927682 68825 215169 171572 349628 96175 299659 65162 352941 
965746 531717 402302 530657 965400 424910 533965 27005 58032 873763 ,965746 531717 530657 965400 424910 533965 27005 58032 585357 532942 
106315 373524 129769 642049 736715 815083 106198 102622 906085 914398 ,373524 106198 715988 113754 264338 422820 428272 423656 426634 471143 
394133 842348 845400 832761 845059 495259 522496 618579 988927 182057 ,958108 362736 69242 872143 699366 678593 78704 343771 798564 526383 
843987 3105 631356 591646 174186 679095 700470 504926 623829 438660 ,3105 631356 591646 174186 679095 504926 623829 219215 505209 498564 
759197 758456 217498 570201 946610 853846 207659 849383 853403 26696 ,217498 946610 207659 853403 26696 990289 772770 142179 824128 961087 
500172 932886 541684 576286 855074 493429 770567 376853 196537 868358 ,541684 493429 931703 623925 835685 931155 406467 192504 245080 60770 
594623 515607 920455 932616 683974 130228 888105 594181 100790 383692 ,515607 920455 683974 594181 100790 407968 392050 65389 865586 555478 
231660 437703 42407 797768 75965 563332 562719 522598 726643 332078 ,231660 437703 42407 797768 75965 522598 332078 240128 934370 181340 
326145 389767 596596 922334 255877 230445 929203 59228 299566 932822 ,596596 932822 257665 533254 131595 527629 528318 257643 48560 128851 
453033 121898 121904 299784 324233 279593 66159 559652 93804 752072 ,453033 121898 66159 955779 904280 915945 227476 350661 922975 452647 
744992 734292 16279 381778 51544 836333 72624 180478 14326 370597 ,744992 734292 16279 381778 51544 72624 180478 14326 370597 13923 
338233 735395 740762 566443 452959 293599 637229 72369 364020 364054 ,364054 246565 469673 523685 585271 364429 363994 363450 237166 34621 
37488 36938 795211 761223 551352 36946 59077 16348 723550 849366 ,36938 551352 849366 785399 63901 437105 885056 498465 160918 728636 
386729 305377 493052 708237 393306 519231 867137 261853 967281 467968 ,633847 484456 965575 562119 787236 633826 70963 777983 257627 192848 
318396 61136 701468 204578 268856 150204 61528 315124 998396 886081 ,318396 701468 204578 150204 315124 886081 150316 630696 225378 842069 
358976 441447 215162 116790 711772 747054 748755 614214 711867 902658 ,441447 747054 748755 711867 157603 739074 302518 744797 411151 14789 
39276 701129 7212 537079 87549 560027 872454 133128 641209 39026 ,537079 560027 39026 76236 699609 926979 806699 465077 398257 641074 
845442 624185 103334 854206 159060 235388 114804 758872 919873 685087 ,845442 103334 854206 159060 235388 758872 919873 685087 678591 915582 
456321 455475 123293 112562 297374 355721 299963 729009 76479 143753 ,297374 355721 978617 859817 681131 124027 32096 113540 133923 395543 
462117 455948 462716 812499 641153 148034 835747 641340 805324 699610 ,462716 812499 641153 641340 805324 699610 628243 356603 38359 769409 
454705 454858 454575 461167 818231 461806 584379 61072 819315 61373 ,454705 454858 818231 584379 61072 819315 448770 845029 448582 669235 
457418 472040 99803 563019 472096 843682 652794 472057 472205 3692 ,457418 472040 99803 563019 472096 843682 472057 472205 3692 14119 
460116 233257 747068 250187 628353 239140 234123 813339 229227 569985 ,460116 233257 628353 239140 234123 229227 459895 43839 820524 452676 
68897 73634 598166 495921 579288 938435 72454 72200 75178 251145 ,68897 579288 32080 721060 117891 558193 512179 119850 779829 529446 
647979 646520 648522 100343 99617 135111 133026 702833 332382 646148 ,648522 99617 702833 332382 466074 276035 917769 700716 194986 963822 
251606 198476 598881 873000 376237 870659 45501 930622 510042 204559 ,376237 45501 930622 204559 250844 196823 195646 274462 264250 199972 
564579 60485 394700 93510 561614 564510 915068 41134 933434 64657 ,564579 60485 394700 93510 561614 915068 933434 64657 630011 986992 
373448 373532 373533 373457 534829 373514 373451 534876 839394 360336 ,373457 534829 534876 685024 839388 792819 777394 872830 674215 247883 
470011 104786 4508 389073 722926 830122 693897 601259 426709 372371 ,4508 389073 371712 105004 551699 548176 415438 227306 79495 426991 
667183 667435 584537 667379 489085 488311 131082 493124 488134 487763 ,667435 227539 667312 719655 232770 604680 151485 237363 237211 639819 
53948 826711 517773 810906 708322 379144 379224 992131 422455 545385 ,53948 826711 517773 708322 379224 992131 422455 545385 475846 770011 
950740 521066 949684 950642 950696 646432 259904 709784 296990 755104 ,950740 521066 950642 646432 353402 386865 43226 761371 897463 707149 
866641 419464 455936 55193 867526 557983 892970 676982 434260 716981 ,419464 455936 434260 426964 409285 640037 435472 911982 42550 711000 
39789 768298 641681 599255 112512 413940 856222 850569 537483 878605 ,413940 850569 655585 817537 280558 656772 718128 39087 850456 656891 
80398 617921 389808 227188 918868 80191 452152 502180 154315 397383 ,80398 617921 389808 227188 502180 154315 430537 48741 79547 698773 
631374 82857 82187 512562 985847 25490 392300 201116 81975 351442 ,82857 82187 512562 392300 81975 969360 183507 810433 965390 406820 
551009 408908 172628 975513 415196 206344 270622 281199 910395 281713 ,928570 773311 548935 441674 557273 510626 356872 992408 70542 900936 
835813 828280 832228 532427 318859 533900 334774 406483 376264 254905 ,828280 532427 334774 317654 91328 389357 735447 295479 847788 829335 
448530 427522 68519 475021 572037 137699 536153 429366 536004 845491 ,427522 475021 572037 137699 429366 536004 845491 351297 566277 28632 
79475 553290 168596 534678 26517 64851 152967 27455 553476 806695 ,79475 168596 26517 64851 553476 79450 494580 529344 170025 719736 
38257 555912 948537 478288 116279 952500 828342 557657 850025 232988 ,478439 7841 38379 985447 44588 295852 554218 743698 951680 558723 
556822 950784 44578 732009 64664 800977 409064 908310 630232 929164 ,556822 44578 64664 630232 959938 564742 272615 909157 829228 805343 
407761 301426 440864 440871 498132 458794 499005 423455 458708 498568 ,498132 499005 423455 458708 408030 459631 528846 47711 70554 280327 
903396 903224 724993 528874 724821 47275 780687 529098 101461 529430 ,790730 724643 665321 448376 179053 504425 569349 467411 615081 283990 
97591 97203 98117 484954 483989 907259 96900 287202 986687 110535 ,97591 97203 98117 484954 483989 907259 96900 287202 930896 507813 
834823 107804 835581 968926 137032 136824 75815 266569 106670 75797 ,462997 185897 952325 92577 827504 561373 795810 931545 504433 625401 
921400 856020 955118 756111 985440 207146 946985 995111 852716 854119 ,191084 207084 940636 921210 787611 931865 985379 768664 867668 768227 
491277 491119 494704 195870 274686 987703 258591 812069 496384 102936 ,491119 195870 258591 285944 509936 70237 735865 101567 83008 472611 
83608 673159 177093 688748 809430 467843 179270 176561 809028 514160 ,176561 292154 396858 529409 671641 508473 322684 496989 400594 649211 
400465 506662 909346 400630 856174 811399 130013 726318 435371 910348 ,312107 831523 811738 526141 226738 693607 208409 965216 739862 724817 
249405 399913 748936 1771 26546 27781 249935 616407 251314 318206 ,399913 249935 616407 251314 265078 875975 399669 860757 804861 968979 
832445 173549 723779 404563 945005 404159 598524 368500 649735 708299 ,832445 173549 723779 404563 945005 404159 598524 368500 649735 708299 
230882 699800 753002 239895 971894 794007 971311 808909 99316 409106 ,230882 239895 971311 409106 410246 408352 134243 132671 960124 747143 
121952 903060 903020 905053 122025 426020 810581 905132 7642 520749 ,121952 903060 903020 426020 905132 520749 905059 123528 573894 122232 
563132 84666 893089 901328 42825 456335 428971 718969 893001 476256 ,84666 893089 42825 456335 428971 718969 893001 476256 563086 47927 
534553 698409 353032 854543 780839 338477 886723 256373 278761 308699 ,534553 698409 353032 854543 256373 307276 140417 780484 338534 698412 
573779 505719 380821 860568 137778 613636 15561 204498 268776 879413 ,573779 505719 380821 137778 15561 268776 204498 879413 806192 765148 
879087 636511 385097 479673 479522 878621 749403 411697 411742 323760 ,636511 385097 479673 749403 323760 73082 970933 980617 154205 864575 
684099 19636 560913 305519 226235 987577 560951 115940 842638 561110 ,684099 560913 305519 987577 560951 561110 849512 487472 101383 635733 
761643 502822 192126 668672 74122 406182 530247 700377 278899 520499 ,74122 530247 278899 6523 236973 237997 202695 266973 237344 600738 
655458 847379 640969 876873 833440 894600 994795 893395 898935 718132 ,655458 847379 640969 876873 994795 893395 898935 718132 674085 790244 
232503 233367 226242 780311 485075 233800 353041 157493 872699 702971 ,232503 226242 485075 157493 872699 702971 989589 828214 416408 685731 
8812 138980 129963 171064 240491 362563 120109 235906 661782 611856 ,118860 230253 75669 381029 801358 34888 174338 427144 139634 128492 
137844 225047 603515 535516 407696 227004 807307 678517 434923 749468 ,225047 603515 535516 227004 807307 678517 434923 293074 803867 664197 
703755 703030 618652 703070 517549 238670 14489 317651 14493 915409 ,618652 517549 238670 14493 915409 915965 533685 279641 432557 130910 
283578 501084 285279 893642 84702 506245 46549 154176 84094 170208 ,283578 501084 506245 466719 267006 222067 129637 221907 351682 522791 
736263 737373 736274 261615 743244 743299 406419 256697 737193 520741 ,736274 261615 406419 737193 520741 57821 883662 82997 815586 690680 
750452 338917 340205 706897 749727 851469 574387 519948 727185 749673 ,749727 851469 519948 172949 199164 78152 845772 276722 517416 465303 
470797 431428 470798 508472 430768 852902 540632 279461 525360 215435 ,112064 663294 297238 432958 48090 955420 569512 555001 748582 811183 
492092 478696 487594 923496 918535 670652 449528 489968 415904 490309 ,492092 478696 487594 923496 918535 449528 489968 415904 668098 632511 
727123 512734 176491 696137 335672 383235 111762 811508 766937 466500 ,551938 840414 752441 999298 59213 386776 630025 73763 190212 847843 
706196 706423 144312 953992 364363 513719 953860 509905 160445 785302 ,706196 706423 953992 513719 509905 785302 272850 773835 106025 197486 
601428 645912 536177 869245 724306 279952 601677 738848 518533 441525 ,869245 738848 518533 186011 134134 249158 850671 559423 278810 53530 
867799 508408 230394 134482 934005 594312 667734 680763 885778 667731 ,934005 667734 390910 784749 667839 492420 99153 489630 859223 11344 
261954 283055 72376 85171 323943 229366 572670 145556 826492 214107 ,261954 72376 85171 229366 145556 826492 746767 283158 485371 545822 
337996 397215 351204 607004 458749 952944 177764 355940 121707 687508 ,668631 736210 670926 459536 519965 59870 175202 519282 292156 487012 
864614 479458 773825 800185 559014 353731 855786 327099 181171 50031 ,773825 855786 476904 700234 477301 518436 700482 879159 810073 537504 
25098 27145 48605 295528 241282 231794 240821 746305 598545 353752 ,27145 48605 241282 240821 746305 847162 231250 598140 939738 168514 
693394 296209 291998 261391 325079 77956 111861 421011 997607 694896 ,296209 325079 694896 397672 694798 22261 490325 806954 353267 615065 
83439 746493 475400 889348 380047 326676 922182 947710 743642 346226 ,915875 860022 742818 504289 861851 841757 493646 828412 293139 120894 
510773 91189 528805 658300 83996 14602 112260 92348 281448 91888 ,91189 528805 14602 112260 92348 281448 91888 364036 302563 525717 
13591 771167 987743 682015 919297 695246 36526 394337 824799 733429 ,394337 560330 987493 376087 987381 989029 900772 210359 765288 618684 
236475 772093 772021 182366 158591 89292 158848 694038 510770 77948 ,772093 772021 158848 694038 65086 507301 780317 221205 908194 909857 
531934 200985 214461 466655 232899 467521 203759 268037 284375 466778 ,214461 466655 232899 203759 19729 497947 627942 233450 234837 30346 
623248 620910 619609 415106 414584 972408 535595 972886 159264 964038 ,620910 415106 964038 541413 960334 466542 904062 828928 25055 890306 
795892 801463 93135 703496 391932 967110 801212 503136 16637 59344 ,795892 60771 485489 2039 192493 181176 840955 507304 394123 696386 
400404 521206 825096 889010 704935 839816 152168 256920 106185 469193 ,400404 521206 704935 839816 256920 106185 469193 41719 518203 152641 
234938 133270 237131 828808 354321 297855 399395 206377 270655 573895 ,234938 237131 354321 297855 399395 270655 206377 573895 133665 902530 
932817 997350 220794 854335 886796 854356 805460 933123 192486 271302 ,854335 805460 119064 855563 45017 990424 847467 992014 995911 997313 
497095 782072 321704 782970 294072 305088 676041 909853 261818 969376 ,782072 782970 261818 714238 497128 363945 261696 284842 293174 511890 
284847 689811 484119 504418 658290 579512 156437 261966 794573 111253 ,658290 302117 369843 528734 328179 16789 174766 153487 511509 906839 
639976 640068 641507 640020 918905 982415 982460 640708 642528 641490 ,639976 642484 100294 822947 746508 837583 669875 640570 448561 606607 
120604 926540 382080 847650 560432 757967 271761 414541 520132 3581 ,926540 560432 520132 3581 630596 503148 297531 27487 787173 282304 
329127 860611 622276 141990 141359 192191 512999 620121 36013 374105 ,622276 141359 512999 620121 374105 141212 248541 890760 486628 563511 
838350 881648 882069 676880 207913 657050 657608 7675 676076 676875 ,881648 676880 207913 657050 676875 656313 449674 638483 820764 655696 
339510 103857 175843 339933 780322 21980 482497 827163 37601 103931 ,339510 339933 21980 482497 827163 314362 344793 358071 905616 453002 
938371 935979 143617 144402 952544 144428 135758 576871 694465 171326 ,938371 935979 143617 144428 146775 549580 749811 952201 403217 922882 
327926 627536 331534 627236 795721 312260 993678 730339 800078 796300 ,627236 795721 993678 800078 791153 511645 430184 512289 528733 176130 
127045 919999 678101 827947 921190 931760 957284 932914 882522 896854 ,921190 75193 919779 566431 889653 95141 620739 899897 670410 12265 
671809 669190 671699 332046 395635 948742 942045 941538 436312 434658 ,671809 671699 395635 948742 942045 434658 393241 437402 706918 439903 
933022 933354 365682 848060 12762 729579 3412 921131 303096 14676 ,933022 365682 848060 3412 303096 302164 144745 76701 80347 433749 
241708 311681 526356 340091 310419 527878 716031 51770 338737 136475 ,311681 310419 527878 716031 51770 136475 381961 552252 381379 51827 
296728 59643 389255 882498 641040 247044 207952 582261 647896 900975 ,296728 389255 882498 641040 247044 207952 582261 647896 900975 754863 
810715 412836 543250 688608 82435 768607 560516 428156 770295 631323 ,412836 688608 82435 768607 770295 631323 640043 284503 640102 558734 
850057 604605 433761 532146 727555 853610 629703 893744 345323 588160 ,850057 629703 345323 662213 973730 432112 128924 697111 355871 409138 
84304 420941 804098 728080 94847 726269 351291 502869 952526 518388 ,84304 804098 726269 351291 502869 607015 334888 337627 603625 351088 
323618 893580 885935 170223 953525 953554 953412 780336 474890 22216 ,893580 170223 953525 953554 953412 22216 537863 170418 323055 710395 
800741 133716 754863 637368 988455 809411 754750 673861 58222 559277 ,800741 133716 637368 988455 673861 58222 673327 411983 542812 429395 
65866 709201 385279 979473 63699 919892 827697 789978 709708 431230 ,432660 699054 258749 464089 381904 408912 541760 562747 872531 220692 
32969 87779 31560 908325 62076 305902 194464 273280 633822 152675 ,32969 87779 908325 62076 305902 194464 633822 152675 481392 988796 
128748 16412 954031 17040 506284 988868 522648 920728 833428 464322 ,506284 522648 833428 481388 487424 899353 376051 595670 193331 884013 
257085 256663 972889 257486 258736 514899 964389 498512 915711 915642 ,258736 514899 915711 244613 199361 741446 748503 255566 481505 471531 
524151 920076 134111 291450 147777 975500 814053 39788 656719 39717 ,134111 655075 47044 735563 105519 822413 795083 641386 558525 554866 
104288 957692 12812 479857 102130 747131 12842 922415 484516 499422 ,957692 12812 102130 12842 895055 594114 479578 744965 739122 376506 
118726 116757 47366 669271 597007 634432 442734 636021 971265 970807 ,118726 116757 47366 669271 597007 634432 971265 970807 135487 927743 
554509 974154 727179 140669 860032 283502 859728 13612 535216 399485 ,140669 860032 399485 265049 883473 678246 919756 709882 325362 605858 
629193 693063 13461 693664 550557 933838 971301 309594 439044 403770 ,403770 632199 312371 375924 632202 324114 267070 636338 897409 940840 
655752 667285 639831 655592 814173 667544 102872 656444 937579 424643 ,667544 424643 814182 826745 207888 207788 640304 837451 424343 640112 
101358 133823 815856 287814 289926 176577 815798 373925 133842 674140 ,101358 815856 176577 373925 674140 160336 132590 572217 815832 832760 
667545 667427 667455 476662 640111 657796 446676 600908 893228 427805 ,667455 657796 600908 893228 817946 655593 786156 446896 656849 446362 
467387 684441 112399 606907 721281 158929 496213 321755 754443 684274 ,158929 754443 390990 635985 227741 567764 268116 225016 525046 529677 
359354 86605 452525 85614 658526 539986 569278 452397 569274 482396 ,359354 452525 85614 658526 539986 569278 452397 569274 153331 117579 
158264 960901 883107 883035 594616 899968 780074 842648 880274 883233 ,158264 960901 842648 880274 44591 859305 830746 857898 839581 883048 
414638 467373 383999 468008 872145 470336 610954 971334 787937 128432 ,383999 872145 610954 787937 128432 331606 711295 410192 604246 508818 
684465 916004 684656 499129 215821 458809 617865 617867 219548 389531 ,684465 617865 617867 397219 293365 990479 295145 327010 524102 215865 
38903 37825 37884 835494 38843 56154 37859 823616 384938 476348 ,38903 835494 38843 37859 823616 384938 476348 84347 83327 476382 
871337 864108 871973 729080 154262 916738 220048 871470 234493 777075 ,871337 864108 220048 871470 691317 108215 223493 416400 542295 554671 
100789 544063 326833 543948 331168 607348 524109 544005 628588 63479 ,100789 418289 224453 223865 661189 843275 693476 920867 665247 739003 
901335 422493 443004 904535 914971 910019 901741 886121 832998 589086 ,422493 443004 886121 832998 589086 441282 939965 70342 546785 903845 
394376 488145 456084 952803 19770 75725 465494 539199 394400 20304 ,488145 19770 75725 305625 425537 429913 245771 202703 266981 488123 
423613 866791 874740 570579 464275 642808 874277 779368 102857 230189 ,874740 570579 779368 230189 43852 825379 785908 654755 816709 654963 
260945 894247 127230 57266 981502 127376 536526 743741 414729 537316 ,260945 536526 51353 643902 326576 419301 332420 504959 57188 217501 
189489 159050 507321 441766 737866 753474 477898 905869 82061 424546 ,189489 159050 905869 994046 678346 442472 809875 906480 888164 65051 
835269 756894 834730 776207 325513 869724 263641 131692 835309 141733 ,869724 261993 749431 993498 417598 243740 645487 852483 834241 708812 
654327 827694 641749 907549 675672 642460 641801 645873 642126 825272 ,654327 827694 641749 907549 675672 642460 641801 645873 642126 825272 
71224 124123 131703 680055 518241 526081 917500 147155 123146 73694 ,71224 124123 680055 518241 917500 147155 123146 698195 151842 486703 
976685 859762 596452 543142 922233 208796 82818 976942 748793 924909 ,976685 859762 543142 922233 208796 976942 241357 843292 122330 522389 
747595 345059 352945 23515 153769 66204 854779 747232 221145 59428 ,747595 345059 352945 23515 153769 66204 854779 747232 221145 529596 
467794 562346 697122 293883 821250 609648 821655 341773 574251 420838 ,467794 697122 293883 821655 341773 420838 452864 419709 906126 846701 
200939 427452 51358 944474 784851 353464 607166 91888 949054 440588 ,200939 944474 784851 353464 607166 91888 440588 770641 24330 309325 
191139 424355 764018 536070 423874 442397 423657 890344 536131 890338 ,191139 423668 716476 905343 536307 889668 37720 102635 986232 906897 
456116 143730 958730 507147 2068 846399 110307 289351 455351 359352 ,143730 2068 110307 679298 182298 213250 92523 509131 982853 62534 
217501 931859 718445 134057 677863 192757 271573 902884 576647 193108 ,217501 931859 718445 677863 192757 271573 902884 576647 193108 131189 
129954 182007 129213 315634 721835 129148 604966 397320 495110 92479 ,129954 604966 92479 628064 276268 566625 604565 460574 67410 730620 
717671 25865 718282 800758 829569 166582 699681 800680 872218 366209 ,717671 402249 256690 254716 82071 398122 978362 898703 542243 579667 
497873 504073 514543 696377 58876 194485 273301 277209 188457 451396 ,504073 58876 194485 277209 188457 451396 519183 59941 58826 288846 
425733 503551 69593 503422 801887 702774 698785 549800 296440 296457 ,69593 801887 296457 391704 706997 883795 330101 176103 845028 845360 
424829 425145 425020 130137 563983 858408 560865 855258 930378 869812 ,424829 425145 563983 855258 930378 208242 729265 496767 876484 769092 
424233 80072 871943 341450 84098 885036 605748 128912 195517 870461 ,985893 963400 884762 780594 522092 691256 272381 616236 151599 687688 
646055 27735 645922 470220 328503 299715 567911 444701 674394 445435 ,299715 445435 477075 810171 810568 443617 787178 102349 223305 446129 
712683 828069 124630 710556 26250 819802 710372 178824 137871 713524 ,124630 26250 819802 710372 178824 137871 856169 817487 575538 820000 
28899 474381 11073 462529 708073 333929 404904 509906 440650 52936 ,28899 462529 708073 404904 509906 440650 52936 302814 173953 591156 
535120 101260 293052 255098 891092 112359 255531 241989 730480 535064 ,535120 112359 730480 790990 391947 535913 742237 601037 114700 1478 
229222 228691 240682 291242 305768 555012 343738 221338 241967 555111 ,222237 799347 997733 944498 688089 554260 691483 454391 515462 618181 
889543 993761 894249 890169 559260 558984 996759 769992 187833 993850 ,889543 890169 187833 993850 895829 536641 211107 880829 996441 922866 
452268 122415 409961 804404 754124 975690 458153 6857 490466 640924 ,122415 409961 975690 6857 490466 640924 405753 410642 452320 105431 
505866 516286 530167 533752 492955 175298 515980 363614 196006 737803 ,515980 181429 663249 416961 515781 704189 187969 526603 400621 699626 
206323 975041 752617 297319 167578 582930 565345 741626 231929 196868 ,206323 167578 565345 369536 370841 15050 22659 173194 598360 598423 
225799 915915 555260 900721 766555 886564 130893 684076 555194 864977 ,915915 684076 864977 554927 248398 899970 539804 919915 718902 130871 
92232 93474 111513 513619 83812 956359 933483 389710 59601 109042 ,92232 93474 111513 513619 83812 389710 59601 109716 89279 108596 
933047 933682 934679 165198 171394 400275 915496 937528 412816 332410 ,933047 934679 400275 915496 937528 412816 726077 942759 302803 131993 
536276 772968 999362 615305 773542 809393 773016 773285 544944 356541 ,615305 773542 809393 773016 773285 544944 356541 762413 809078 606072 
293733 254216 293291 738317 224780 280033 498622 283012 953063 887226 ,293291 738317 224780 280033 283012 284318 90767 92871 152964 688509 
610161 611038 610552 611033 609945 141102 620318 646574 646295 199716 ,611038 610552 611033 609945 141102 646574 646295 199716 278532 627698 
476873 477236 896286 639883 54475 855784 807519 106746 50631 897033 ,477236 896286 855784 807519 50631 686522 778578 54664 820584 38676 
794016 790036 404606 794026 673120 758201 757414 756538 756719 673449 ,790036 404606 673120 765854 816094 676453 992735 995832 975723 816334 
689896 753927 690028 724525 547283 615109 690483 724576 987176 725609 ,753927 690028 690483 987176 725609 336755 241879 987097 472634 168520 
790813 528169 612282 590002 305436 527632 968892 76575 453141 800262 ,528169 612282 590002 527632 968892 76575 453141 453777 270660 565183 
487503 426794 19635 337306 305566 312977 351562 487455 321891 503501 ,487503 426794 337306 305566 312977 321891 159538 305675 337671 431511 
46403 506472 506805 453596 317614 497310 109680 717497 222331 315864 ,46403 506472 506805 453596 317614 109680 717497 222331 315864 509430 
912347 442423 229366 342646 349800 261954 826492 510260 540791 510274 ,912347 229366 261954 826492 419397 663146 224337 742677 624567 502601 
86266 76002 946272 310163 92673 953019 626211 302523 336514 740627 ,76002 946272 310163 740627 76161 252821 662597 11849 717919 952829 
361079 196184 275000 812642 733028 733041 736330 118180 742411 859036 ,361079 196184 733028 733041 736330 118180 742411 742249 737044 704168 
490709 494120 775386 490091 338148 103626 497902 489189 444339 494052 ,494120 489189 909153 440906 491475 493521 487746 228041 425287 490097 
61928 706161 87154 754575 682096 552945 91680 735718 553206 491119 ,61928 553206 148383 628200 328288 231199 11441 461726 788313 381612 
996530 609879 609944 767151 990172 826221 833434 627697 446661 103991 ,627697 990302 827096 647590 102404 826786 103093 995208 553945 762626 
614069 311195 296935 309070 64054 159272 680754 503294 684100 71752 ,311195 296935 309070 64054 159272 680754 503294 71752 390 657595 
120068 294718 874619 522583 436210 903389 528691 177526 227357 778497 ,120068 294718 874619 522583 436210 177526 227357 863467 10760 749918 
189788 505833 450921 177951 286458 586515 507935 520340 961301 551226 ,189788 507935 961301 604857 257977 666397 96878 877210 77842 951465 
722512 441438 441282 12880 842806 2388 14791 968058 987748 214575 ,722512 441282 12880 2388 14791 968058 214575 682099 830412 107706 
992459 756747 991695 311257 991287 992448 990166 973928 886507 999086 ,992459 756747 311257 991287 992448 990166 886507 999086 645665 991721 
471944 19148 471935 948598 923616 895381 801583 256243 668363 257766 ,19148 407985 495793 291801 2844 288114 622265 922038 543002 948752 
521246 982281 927383 132285 113404 567710 735734 330960 875893 206874 ,521246 982281 927383 132285 113404 567710 735734 330960 206874 567509 
455006 258120 456512 263023 247867 262339 117065 255850 454991 263686 ,456512 247867 262339 454991 263686 252363 458456 677710 254941 258904 
230741 670947 424683 850084 771243 8897 771521 528018 512880 690069 ,230741 670947 424683 850084 771243 8897 529924 833745 722785 498128 
972038 315900 181710 96742 431668 629158 15589 520085 628745 440276 ,181710 629158 440276 15178 181973 15467 465875 786728 188387 62370 
361551 358014 357704 783555 782670 784685 257239 782694 693638 660976 ,361551 358014 782670 257239 782694 912443 913101 466415 331844 648398 
426508 305097 305095 336645 306608 426610 306892 427256 510248 979585 ,336645 426610 306892 510248 979585 491965 889261 307853 305101 321469 
568657 337592 684734 305167 662920 305344 232585 223566 223569 658880 ,568657 337592 305167 662920 305344 223566 223569 658880 39674 305865 
392756 179516 680496 19920 962093 695755 433994 981196 598489 749097 ,392756 962093 470711 72439 155467 309457 885045 942299 318117 695930 
934715 920387 997170 609934 250981 701082 667997 996793 36346 846595 ,934715 997170 609934 846595 920946 966132 545400 769160 208029 151629 
515288 514918 15915 408599 837147 932806 546860 877418 181116 399514 ,734784 259820 542218 732894 840955 33103 561446 162024 742657 888058 
616019 615823 535333 971656 982208 833833 640398 961116 757385 159102 ,616019 535333 971656 541656 640578 672291 904198 640961 249123 986694 
537452 598384 376477 483510 121876 486606 835225 52780 852182 481962 ,598384 376477 483510 121876 486606 52780 852182 481962 536119 481541 
176615 790597 922047 698979 287617 698629 225888 226499 433867 510749 ,176615 790597 922047 433867 510749 749154 18263 756807 921114 378118 
392456 392219 393211 70872 453260 471342 83442 280665 984720 72959 ,392456 392219 70872 280665 495876 60631 602366 422441 151422 585779 
755152 851757 852387 208242 405884 986077 11070 886121 880063 886000 ,755152 851757 852387 208242 405884 886121 683033 513813 496767 901166 
191265 44036 609540 900468 190849 588197 900161 660898 571307 146086 ,191265 44036 609540 900468 190849 900161 660898 191240 660203 179361 
151435 112579 566228 850624 131699 446467 373462 113271 566280 717486 ,131699 373462 113271 717486 558695 814190 112355 158307 448040 130918 
805126 293800 577531 193719 272535 413466 537475 415380 490615 492094 ,805126 293800 577531 272535 413466 537475 490615 492094 498747 442293 
517041 339959 518477 186716 517652 353678 925047 406372 85207 62780 ,517041 339959 518477 186716 517652 406372 85207 62780 736098 494838 
134218 132715 811613 564801 666776 519568 921030 672106 824976 812360 ,811613 666776 666727 892482 800723 768418 967119 982543 886025 374734 
995143 72054 379940 995192 435986 217131 288342 618563 862072 925542 ,995143 72054 379940 995192 435986 217131 925542 197198 276014 91842 
471956 491575 471408 736251 803665 719135 328559 698459 179219 448845 ,471956 491575 471408 803665 328559 448845 195916 495467 603435 221160 
278794 152026 314050 525062 723183 663488 315763 126647 491775 318316 ,278794 152026 525062 723183 663488 315763 126647 426387 2071 426095 
906012 42740 458770 136811 984942 628684 984410 894068 929289 894051 ,985267 629004 575607 428761 565242 827656 308628 881518 68022 955996 
568787 849105 757630 970464 751268 855899 567201 757968 568486 963014 ,568787 970464 568486 963014 758385 568320 758529 183939 568193 961602 
838786 757802 404794 373818 24910 405103 135760 138990 405035 760169 ,757802 404794 373818 24910 405103 135760 138990 373777 830224 569464 
682951 630027 91069 521332 681116 680802 835654 611807 28360 524100 ,630027 524100 34373 927160 102201 276791 197975 763957 268300 727889 
828935 281612 41816 818778 987271 280192 565970 280665 411918 907280 ,818778 59369 770049 566019 45552 829921 45073 755192 60638 599498 
414377 194944 467595 595830 750047 246466 678634 396318 187922 84573 ,194944 595830 750047 187922 414456 479313 12159 499865 385449 459703 
326564 328134 328304 531092 13121 21786 753390 408492 465798 784223 ,326564 328134 328304 13121 408492 465798 465452 519596 859824 31762 
797240 977637 916559 961733 342918 65429 946293 594552 239949 393056 ,797240 977637 961733 342918 65429 946293 594899 161007 356371 915495 
729628 898706 570667 66835 68066 66448 728890 571370 978886 978750 ,399458 17608 978916 971284 655590 976231 994692 476550 135747 569820 
897358 982832 50003 913348 688152 80189 888417 914059 895436 640542 ,897358 982832 50003 688152 80189 888417 895436 640542 229474 383306 
440903 520209 978138 763399 391536 639136 844805 982705 978742 918159 ,440903 978138 763399 918159 982830 416267 909632 380243 441020 618847 
351138 337505 337952 294071 363555 781134 50493 768775 278676 94145 ,337952 294071 363555 50493 94145 337034 497702 429447 827587 279593 
842918 487424 464322 60347 59514 522648 142893 847084 883735 585450 ,487424 464322 60347 59514 522648 876671 481011 746564 54636 953806 
292993 475999 632905 44459 645858 336845 494156 81236 695048 293073 ,292993 475999 44459 81236 293073 465039 929188 635986 174686 525528 
492058 434485 214943 464885 94181 952283 731576 951217 255878 983219 ,94181 731576 255878 777082 713412 456585 349046 380119 231886 433404 
482276 481771 483703 862981 563127 926178 484479 870745 950566 523189 ,482276 481771 862981 563127 870745 523189 250243 572150 306838 730303 
467504 305698 719440 70574 42175 238671 324366 397126 931784 307314 ,719440 42175 931784 94005 758119 228036 843444 430954 307618 452900 
289875 577978 577206 367544 425223 368092 848479 343450 371013 303467 ,367544 887180 169338 802548 402339 936219 887997 299786 117853 16525 
904103 140103 941286 470683 600152 929097 904206 439598 91575 314257 ,904103 140103 470683 600152 929097 91575 854544 274159 599488 470753 
500669 492554 239907 509594 141326 240959 737819 487303 509367 14775 ,500669 509594 487303 856606 519850 743845 485047 969210 166765 599790 
21859 742208 328717 236466 495750 773536 645807 581948 577092 576439 ,21859 742208 236466 773536 576439 255729 369315 958845 368607 494805 
159262 575481 664367 244838 309009 429265 576788 146585 96445 634133 ,429265 435416 156888 746830 577397 833139 258867 723991 436114 179623 
698304 383309 918411 383167 864601 303845 523427 166114 590373 349834 ,698304 383309 383167 864601 303845 166114 590373 349834 383343 301860 
413101 598733 45252 598365 506293 533514 132911 93138 689382 107740 ,533514 533488 927848 818829 402752 732868 905625 214570 928546 842907 
716976 444500 826020 885783 446060 846359 570269 444922 854111 853560 ,846359 854111 854358 444323 444645 796280 825838 103012 102405 995268 
758824 907820 757376 766292 674978 719936 758230 757258 760305 757522 ,758824 757376 766292 674978 719936 758230 757258 760305 757522 759111 
344162 454296 197524 276340 77457 79057 317929 71501 573894 194876 ,344162 454296 197524 194876 155551 509320 323601 206107 698746 740633 
656436 910860 752439 422617 397730 198466 69917 544300 805444 803979 ,752439 198466 69917 544300 833092 790801 293347 987220 430609 327461 
512038 992255 625783 205437 269715 575478 222632 154049 728365 616750 ,992255 575478 154049 616750 262033 400988 402741 248347 196795 382719 
511880 873044 35274 760217 32435 325077 34606 310381 435140 506562 ,511880 32435 34606 760787 29319 511960 536597 538308 472744 773192 
395251 395312 424028 514881 424039 730660 430787 297382 205177 988510 ,430787 205177 460385 944 436053 748207 909263 637815 544002 129535 
706135 705594 540607 707183 226768 109499 492634 470724 493775 389658 ,706135 705594 540607 707183 226768 492634 389658 149359 606294 706835 
329061 393048 309186 660430 637760 164628 410290 702177 42028 915962 ,42028 251311 354655 194530 399514 457170 193844 272660 95560 300585 
493831 802298 690538 107671 181982 229761 573343 799253 889098 560492 ,107671 229761 799253 560492 109455 740180 754216 179238 515161 363318 
190272 484793 736005 295173 287035 754066 376410 304888 290566 725739 ,287035 376410 205150 776059 167303 428183 291470 320333 344735 3528 
505570 507739 507501 208753 489603 490725 579087 490809 505407 59334 ,59334 579753 443498 490850 474616 862985 831581 868554 863646 125483 
412655 107508 903634 523187 223277 516771 291730 388034 109423 233772 ,107508 903634 523187 223277 516771 233772 467857 205825 270103 113777 
555006 735363 599757 632682 256210 635122 972781 199141 277957 256662 ,555006 735363 668272 433834 836425 976766 849660 670195 570406 868664 
620629 918237 978150 281379 619110 268251 670389 665872 123430 40661 ,620629 670143 414767 404950 250148 990319 535333 959076 666062 258592 
576061 498740 685485 686417 523788 578351 439305 163599 40606 394475 ,638383 236054 105605 108430 565866 895119 62823 99124 947099 105524 
655135 797898 655202 643514 641993 568818 996706 644011 643071 6453 ,655135 797898 643514 641993 568818 644011 643071 6453 909621 971053 
660353 533607 596761 309191 738686 311945 82856 678056 679211 808673 ,660353 596761 738686 311945 808673 321968 169075 307698 281024 70846 
95622 856376 346309 198542 277358 911610 924246 840260 947641 424939 ,856376 924246 52051 973275 593356 346727 526553 867985 550426 929669 
883967 638960 756290 756320 675597 761021 115438 180289 637353 373435 ,675597 163549 874508 950839 744356 591120 853538 407931 677518 228411 
27357 827935 806164 200667 264945 290972 173334 806356 209804 548138 ,827935 264945 200667 548138 57922 194359 710795 935570 160841 803054 
418461 49092 242879 494183 786595 999061 24648 136465 17258 928102 ,49092 136465 945054 5837 300224 325328 245330 213239 425427 192408 
586049 681844 200934 265212 526723 924778 121794 426541 166782 300240 ,586049 681844 526723 924778 121794 426541 166782 924071 516725 198225 
894722 770500 474246 794622 643860 447592 897759 838272 763773 994186 ,770500 474246 794622 447592 897759 838272 763773 994186 640694 546895 
743766 956672 956547 518720 223766 743970 251349 620717 391530 888566 ,956672 956547 518720 391530 170882 15515 874461 954618 70776 842956 
672422 717315 257651 24070 525001 522335 522870 122623 693947 717179 ,672422 717315 525001 123410 525539 236923 280199 96232 965994 96919 
528940 785188 502178 458177 441512 261946 599066 551965 294188 736264 ,785188 458177 551965 294188 188794 740632 130898 292025 350511 391856 
201023 265301 791542 792135 683067 532577 14388 683048 973975 725260 ,683067 532577 973975 480385 91508 488994 20072 683020 566139 833337 
240741 519083 311758 327052 569004 344698 501679 361445 634085 494480 ,519083 311758 344698 361445 494480 541010 420112 370962 663716 659055 
997894 23554 23934 23659 189226 23601 785032 780861 785234 825508 ,23554 825508 143066 609990 639875 445281 540944 443864 911081 24213 
667536 648340 862257 871019 870576 667502 870881 996092 870687 837859 ,667502 870881 374354 648907 374642 342332 648641 673342 667506 2295 
932473 932923 14485 14518 292948 265935 203434 267712 12618 294507 ,932923 14485 14518 292948 267712 12618 12617 292585 360995 14491 
77480 369290 775622 784605 91298 863842 994973 750045 453248 516226 ,369290 784605 863842 750045 516226 862293 645249 159212 568550 545431 
89537 16570 176473 310652 160792 88788 489391 467149 483389 493272 ,483389 508258 490174 371768 280027 210146 497613 927155 466766 272305 
459356 839466 525552 238989 59148 122974 499757 525476 494718 104760 ,459356 839466 238989 59148 122974 499757 525476 494718 122622 931685 
196600 275416 152160 153367 170291 191851 310332 722072 233125 957913 ,191851 957913 430630 435713 699952 400802 25261 731850 104755 329619 
179842 397514 227372 154956 458930 420721 769474 458326 458535 323390 ,397514 227372 154956 458930 420721 458326 458535 115292 195174 273990 
158670 521219 521119 178974 517847 78945 78422 431745 158771 175670 ,158670 175716 747967 68602 364519 669381 193715 197140 680802 181367 
242408 950991 555231 410427 45746 834826 40851 571213 430021 429935 ,950991 571213 158542 446564 544319 649192 310793 648253 943244 5269 
637886 663049 263085 262874 864642 9995 329676 614291 872056 975257 ,637886 663049 263085 262874 864642 329676 872056 10428 771495 478675 
428324 351610 607243 795378 23554 609836 829091 428293 428228 326295 ,795378 23554 910987 756046 234785 216858 816831 498427 556624 787720 
9258 9417 84465 821939 815480 85967 815425 85193 815524 923125 ,84465 815425 85193 815524 923125 815333 26513 815305 818650 964730 
514428 174654 174830 612086 514928 510431 740847 738529 71765 380990 ,174654 740847 693097 619019 31507 513631 863456 738430 435077 126616 
472924 474400 799506 474344 516446 743905 779523 92713 488372 499165 ,474344 516446 743905 779523 92713 499165 663409 295923 779357 55000 
518848 333228 519148 796568 864314 334725 233195 427096 599628 529626 ,333228 796568 864314 427096 599628 339371 510790 427075 872010 787160 
335110 316528 334259 312669 271808 271673 527898 173586 335041 237067 ,312669 271673 312080 192936 315544 983231 389882 113490 431916 594956 
212751 613789 838200 674437 625335 767631 115264 674106 468916 970911 ,212751 613789 838200 674437 767631 115264 674106 970911 614591 39654 
724918 634825 295241 920244 725108 780659 17075 725219 498210 252961 ,724918 634825 295241 725108 17075 725219 498210 252961 252637 967544 
403251 615336 232021 17512 197159 275975 181841 623393 983003 622661 ,403251 615336 232021 275975 197159 623393 983003 604684 951930 141763 
248209 253601 251055 282093 248393 234012 663138 930621 65228 527044 ,273981 22189 244675 398135 60448 923292 801235 700067 434853 22071 
185720 106490 516438 658184 234917 941406 658162 523786 467350 811867 ,106490 516438 658184 234917 658162 523786 467350 523819 212250 528497 
520910 143498 279486 376439 603357 534741 84626 420562 662893 88154 ,603357 58725 348831 719150 638014 470730 43938 151445 905309 341227 
851590 26849 811246 762452 641597 49153 546736 906777 379044 735907 ,851590 26849 762452 641597 49153 546736 906777 735907 559232 406952 
5635 476004 617044 641183 546683 675309 397755 422008 901459 410989 ,5635 476004 617044 641183 546683 675309 397755 422008 901459 410989 
943113 32746 125921 428834 204705 268983 717796 300165 426875 873532 ,943113 32746 125921 428834 204705 300165 426875 970169 429573 547673 
113920 809295 569484 569465 304754 405033 373845 217522 828410 467026 ,569484 405033 828410 142056 404792 612606 191176 567148 569642 775569 
171727 361493 172947 964869 260989 688762 91871 696453 110284 168466 ,964869 696453 422179 941940 168455 513691 539282 131166 659588 823537 
880665 641918 541541 900896 642713 747960 894367 952510 892918 769892 ,641918 952510 207666 44270 996745 640864 374059 808020 903138 411013 
672756 505309 171485 197644 276460 253746 115788 116795 262765 20447 ,672756 505309 171485 116795 262765 433817 630017 823272 181874 840791 
350872 280575 114225 481796 965231 533493 1398 347960 493570 488157 ,280575 481796 533493 1398 347960 493570 488157 430109 487811 489223 
9585 16732 9716 343769 529216 243299 635000 248262 260990 344584 ,9585 260990 344584 584952 420332 327378 314458 938405 402835 313799 
96012 88738 85443 750609 121941 278604 464308 40261 817997 85442 ,40261 85442 250236 71735 821921 16631 153372 719129 81912 85441 
60131 748716 511552 85443 84172 821941 821919 815355 30387 829847 ,821919 30387 829847 72838 815299 825673 511553 29989 815376 815302 
641109 641154 641071 876874 642569 876946 637266 653570 793327 758089 ,641109 641154 876874 876946 637266 758089 985432 120955 242771 641101 
46486 229923 339409 238378 112648 229318 36991 354861 440858 788025 ,46486 229923 339409 238378 112648 229318 36991 354861 566520 548088 
732528 845614 237034 504405 490332 151965 227336 756014 780100 788407 ,732528 237034 490332 151965 227336 756014 780100 788407 335409 903196 
374315 801404 827762 827174 666953 993642 374382 762983 429372 755538 ,827762 768187 766904 447186 467811 828291 190768 758954 847823 6970 
756497 616852 73233 316719 137702 110995 517600 531534 367403 675091 ,756497 73233 137702 110995 531534 675091 57134 283526 55440 704442 
893692 51074 913324 56352 57215 847408 557515 45730 238412 557044 ,913324 57215 557515 557044 461993 109397 897981 558760 153035 526039 
946839 45182 999227 952911 188125 501562 109831 348003 990537 472993 ,946839 45182 952911 188125 577883 552405 999569 410206 239727 533234 
490579 269921 688519 414310 507724 977339 533656 354404 802640 26075 ,414310 507724 26075 18787 493041 697163 278371 148659 968629 468739 
124616 393794 682684 324219 869442 200719 264997 695380 87254 832625 ,393794 682684 90675 598995 573618 988733 831263 682578 167378 801520 
23660 235962 528775 496059 573093 487474 780738 499694 416841 525610 ,23660 235962 487474 780738 499694 416841 100081 433931 498296 292560 
541654 541595 847339 207808 978840 997922 999715 476077 541606 686297 ,541654 541595 207808 978840 997922 999715 476077 541606 890222 648113 
192076 254286 854617 826789 852090 824449 558168 800005 756659 445709 ,254286 846063 612629 666726 904460 840350 846120 837421 790238 790210 
498444 572936 572991 958101 594319 731341 318546 895419 751237 785006 ,498444 572991 731341 895419 751237 785006 866172 438722 787530 277164 
651351 953786 953581 656705 953770 73722 98732 952516 222128 655036 ,953786 73722 976845 89827 123471 953165 473655 442426 152183 909162 
629139 682077 510468 188871 615869 510387 730624 193455 272271 416544 ,188871 615869 416544 965060 3010 970762 634536 732382 834645 763780 
942314 903783 237484 263206 768824 526427 694356 378679 527220 282851 ,942314 903783 237484 768824 694356 378679 282851 202248 804083 245853 
445645 446904 445619 443968 444908 443916 445445 760673 445130 360289 ,443968 444908 443916 360289 362945 806427 756796 443862 446696 444617 
723928 89765 77477 548869 548909 96619 941974 541716 434018 804087 ,77477 548869 96619 541716 291189 389927 516716 323464 724524 659288 
729154 481712 698418 222380 197467 713946 872706 867039 850147 860402 ,729154 481712 713946 867039 850147 860402 749198 536872 505610 982082 
537599 559403 43832 797772 808049 39249 476322 808172 999488 382198 ,39249 476322 521312 808327 553075 921695 479942 385812 740471 827753 
282692 346462 842829 307448 12480 974743 821866 582347 23188 263884 ,346462 842829 582347 974940 326104 77318 239812 538627 574974 23173 
590875 824568 933119 254286 233534 640248 221343 824488 877823 232796 ,837211 673550 710705 603937 29439 899093 601967 825891 831283 657160 
912228 827642 48036 913588 905122 997596 81439 563996 721772 833054 ,912228 913588 833054 861019 907790 960708 855555 911691 546770 191113 
90885 92272 524098 97754 219172 219236 76520 522195 117666 75271 ,219236 76520 522195 75271 87093 82999 112041 662875 800359 278688 
526529 466586 617407 876886 128328 516030 742164 228840 771084 808429 ,466586 617407 128328 516030 780816 61332 296046 146326 60810 514969 
479674 36833 467393 377016 814529 50031 807708 814505 476904 422328 ,473580 45594 671429 376889 253113 852024 476964 895657 218869 56279 
64604 585119 155418 230907 12968 261273 707668 309739 240850 510551 ,585119 261273 223505 860422 156485 913844 63710 911572 14953 922663 
118409 470118 405096 405243 418407 45332 405056 345210 495670 263706 ,405056 311700 628918 945362 355737 951910 747136 355567 496207 467535 
954914 533007 624678 307283 376967 622064 116403 465625 571941 467215 ,624678 307283 376967 622064 116403 465625 571941 467215 585186 325677 
68326 547112 662442 690495 68388 122159 661785 66626 638073 30568 ,547112 662442 661785 66626 30568 815522 482242 815647 206 96378 
166921 972936 932766 205372 269650 139025 987048 96069 96680 36498 ,166921 932766 205372 269650 36498 803225 87919 696869 662336 430579 
373264 189956 666925 445713 953123 768074 769576 654214 655047 787989 ,373264 654214 656873 655568 446642 655507 446679 445536 817537 446510 
207189 587785 850636 406492 207166 54664 340338 477249 913733 820584 ,587785 850636 406492 207166 54664 340338 477249 913733 820584 850301 
776979 777000 695461 689210 534393 829133 300463 253474 29692 112537 ,777000 689210 534393 829133 300463 29692 112537 406942 78492 131604 
947180 716687 541006 715626 989208 211322 655761 966734 514186 467532 ,947180 716687 541006 715626 989208 211322 966734 467532 685264 409828 
865697 416778 602400 487003 340371 864824 297594 789002 8199 611831 ,602400 864824 297594 789002 111710 94186 104756 435209 95328 386577 
358028 660516 910528 293559 524301 683112 672024 915136 236659 371001 ,371001 987338 107688 393064 34404 249802 638402 468468 873026 454142 
512611 315308 837952 512685 317198 66028 596862 492595 400112 506211 ,317198 66028 377269 230050 814427 212486 473438 409916 315257 660720 
448814 470414 848362 821092 323940 640479 306398 298206 100292 281144 ,448814 470414 848362 821092 323940 640479 306398 298206 100292 281144 
281323 280437 31643 508374 132883 818312 214948 413389 935903 25286 ,280437 132883 214948 413389 289258 364344 132627 245868 170251 362123 
728688 520623 433513 835172 669206 690878 573430 691146 836189 30295 ,520623 835172 691297 498214 361152 8704 498713 914697 551739 927278 
349653 348908 301120 304941 300091 810739 437245 893525 164123 343571 ,349653 301120 300091 810739 893525 164123 368596 21355 864360 974993 
611099 611709 954161 611396 954324 332481 258841 135448 579125 418891 ,332481 579125 418891 372816 963466 333824 33364 626028 259931 832739 
126038 876843 3694 211947 213197 210085 961677 340654 649327 756770 ,126038 876843 211947 210085 961677 340654 649327 339612 14934 970435 
774577 147221 846009 399550 502973 455119 126285 915011 120304 198873 ,774577 147221 399550 126285 915011 277689 924484 456580 929717 189420 
617050 131701 106989 974331 282944 926163 142320 151127 827271 783747 ,617050 131701 974331 151127 72446 559227 677062 325927 233855 970876 
474415 752324 810956 357850 574386 152125 800362 448856 840162 466095 ,474415 752324 810956 357850 574386 800362 817401 817582 688482 23425 
286168 787159 929300 961265 199533 68282 747755 746561 922335 543066 ,286168 787159 929300 961265 199533 922335 543066 883926 920495 930352 
306981 576695 350433 95537 262588 516938 518005 517411 517034 524794 ,576695 95537 518005 516071 925006 488937 69077 719215 731850 830968 
75040 64732 744203 527287 368377 526863 92647 186018 61755 742047 ,744203 526863 92647 528318 158994 527629 302901 746186 929576 929156 
584990 141407 235144 301244 141237 300817 547528 336682 300043 303398 ,584990 235144 141237 300817 300043 303398 771514 499388 599427 502164 
555514 210254 41784 279159 504217 555958 703558 295179 820832 159029 ,210254 504217 159029 481353 548852 502556 703297 594323 821165 462533 
70971 84214 266535 678670 525905 385480 698728 703507 699913 703448 ,70971 84214 678670 266535 525905 698728 703507 703448 262565 702513 
8599 367766 400867 8176 413387 367475 474927 527422 135770 108084 ,367475 32680 120350 730 127730 682093 461116 106857 802338 691494 
354924 569418 765106 176625 208713 314312 122217 976591 435476 606561 ,569418 765106 435476 904565 948221 434576 157779 947106 105049 602754 
118123 621451 600875 846385 18808 931132 352112 847432 116599 324456 ,118123 621451 18808 847432 116599 49809 119857 998713 118648 176557 
894490 630814 929731 893298 987663 615100 76290 885387 187759 909005 ,893298 885387 46126 541281 783681 541116 894178 893434 254626 893834 
178545 324978 528468 743837 341293 528597 130845 29261 59992 524974 ,178545 324978 743837 528468 528597 130845 59992 524974 528533 338927 
651751 857081 764698 855409 857227 851406 845908 102481 650905 852275 ,764698 857227 851406 852275 780457 856988 857759 885877 854717 764641 
202613 266891 801816 991165 56087 845047 916294 797617 13107 810166 ,266891 801816 797617 13107 810166 799166 227060 732019 16985 595093 
567314 568241 568031 568295 568218 759286 568370 758759 673929 568470 ,567314 568241 568031 568295 568218 759286 568370 758759 568470 568168 
654090 654401 655841 911456 655828 603786 654299 643603 427919 759008 ,654299 427919 759008 656846 716996 850373 101916 654195 667285 640496 
977080 894007 774265 345167 775069 775042 858856 774857 811509 261031 ,894007 774265 345167 775069 858856 774857 811509 345691 975665 28079 
838423 934915 778054 411731 84539 412099 867751 747524 86287 394032 ,838423 84539 86287 180738 954805 14601 93008 989004 20412 740077 
456032 295534 115545 279503 236836 228379 295387 236871 459165 456701 ,295534 236836 228379 295387 236871 459165 456701 228364 94385 461086 
503553 461598 96501 915304 152084 687749 538121 919705 359845 749486 ,503553 461598 152084 687749 538121 919705 749486 348591 688398 806577 
816917 988226 167423 323903 809292 465678 791203 927792 925511 102561 ,816917 988226 167423 465678 791203 925511 102561 211417 386777 368253 
962352 676246 651741 970409 443582 971566 375147 374855 891751 375600 ,962352 651741 970409 443582 971566 375147 374855 375600 540418 116432 
853756 853316 229152 689720 141043 510366 200893 535916 761508 787598 ,853756 853316 229152 689720 141043 200893 761508 229189 759007 302875 
683492 846381 846472 226459 595476 689489 852770 543380 154107 153594 ,846381 852770 543380 154107 153594 225636 852004 111636 95834 543498 
681788 471721 671251 694817 669068 392456 989072 159052 392219 693094 ,681788 471721 671251 392456 392219 693094 227328 940795 129329 479365 
492790 919019 751494 508328 750842 541874 87914 194905 273721 74591 ,492790 919019 751494 273721 194905 74591 646199 208400 277584 198768 
49705 605418 871464 650623 894024 605011 53877 53784 650359 863100 ,49705 605418 871464 650623 894024 53784 650359 863100 850741 57665 
232951 232966 232932 106291 692632 535578 273422 845183 377224 376815 ,106291 535578 845183 107518 32739 987612 845379 877110 491334 123983 
323754 321530 434359 321496 437244 321608 502259 322232 293860 91613 ,323754 321511 337764 246858 154991 524862 292507 364660 569367 407329 
233029 233703 439610 780343 228314 780378 228136 815208 92348 315762 ,233029 780343 815208 532754 68320 89922 22961 68357 371711 780365 
791804 554647 611030 653128 615695 222020 653208 250251 751803 186641 ,791804 554647 653128 615695 653208 250251 751803 186641 443631 653746 
575625 586116 586190 867718 490042 229769 605777 980348 577416 751762 ,575625 586116 586190 490042 605777 980348 751762 20708 606130 834383 
783656 885034 115300 621569 567418 562698 826422 538387 962069 983336 ,115300 621569 562698 826422 538387 962069 370561 404825 774454 189695 
12069 690612 684026 677940 705141 841319 210294 818516 21099 209595 ,690612 684026 677940 705141 818516 209595 982002 678019 210552 102491 
996136 996391 962555 929666 240982 831064 995348 570768 773928 773952 ,995348 773339 325656 460251 921675 772856 560204 774384 36793 774076 
747173 853299 241236 711649 236757 198363 717806 117031 853094 936625 ,853299 236757 117031 936625 108732 992883 107694 107623 128461 943746 
975307 973436 446127 102619 102025 102861 446134 103678 973862 545127 ,975307 102619 102025 446134 973862 545127 542650 855162 104015 853777 
703271 703156 703785 703379 634683 80397 791292 294929 719188 227314 ,703271 703785 294929 719188 227314 306138 426484 420978 80272 487920 
844669 813807 248943 910959 441744 420950 439322 66909 250193 753494 ,844669 813807 248943 441744 420950 66909 753494 623500 884914 753485 
422125 383026 471252 54693 810851 146468 993799 764063 47940 442115 ,471252 54693 146468 764063 770320 467853 283987 49202 516196 945038 
971415 845048 40095 225566 192685 271501 872339 432990 962505 962473 ,971415 225566 872339 432990 962505 962473 869343 375855 784992 876847 
168884 652906 106530 449065 715532 690247 327112 548256 722342 459153 ,715532 327112 548256 722342 459153 509427 106180 43670 757444 322377 
249334 505472 918217 352220 506033 803897 171560 528170 681694 91039 ,352220 506033 509104 362298 245216 573416 648774 547558 78951 507252 
467437 364967 497530 815736 840467 806138 350562 307780 597814 226634 ,815736 806138 307780 658134 571819 363368 768327 322174 87676 364033 
71978 679318 689794 680452 922487 679260 185198 628781 546766 885856 ,71978 679318 689794 680452 628781 885856 955392 36443 915394 68862 
531690 61018 778732 61372 716910 204934 269212 223250 575617 925789 ,61372 716910 223250 925789 778804 121397 438775 507416 289534 800131 
133659 138652 412586 568516 869596 645182 802499 656350 623047 174304 ,138652 412586 568516 869596 645182 656350 623047 174304 762422 127809 
476299 9102 662964 168558 105409 544122 615913 10699 730655 730380 ,662964 730380 732276 366813 740178 407329 567735 662785 88395 311136 
21846 263952 600194 916226 338707 242938 234925 534748 467841 516082 ,263952 600194 291622 757545 668006 372808 258243 231377 733204 702246 
720304 767560 76818 551208 257867 735871 418840 771155 75251 805163 ,76818 551208 735871 418840 771155 75251 116598 125887 347672 348206 
484703 408775 168684 229417 158929 177715 230648 685039 6956 504040 ,408775 168684 177715 504040 201624 265902 480545 947217 529263 151950 
206656 206745 271023 777180 987105 569952 507048 193137 271953 186476 ,206745 987105 507048 240835 5 124097 893745 294157 467081 987114 
837532 207748 207683 211736 837662 643718 959742 397473 207073 170821 ,837532 211736 207073 170821 191062 207089 642603 655138 171377 383024 
190109 189824 246794 189984 189829 189916 190203 158374 475541 247090 ,189824 189984 189829 475541 44656 190204 884654 502567 895387 40227 
117770 836856 988977 609313 466580 466582 592971 107554 185591 121558 ,117770 836856 988977 466580 592971 121558 180230 819612 243750 839134 
561073 843497 809740 671035 561202 389572 562902 668098 93968 389640 ,561073 518581 42013 670652 918535 959243 127990 576176 957228 239318 
260442 967116 548484 414093 584771 968603 302666 718903 971797 474519 ,75886 474237 203893 411279 749362 233198 440131 437377 377375 597435 
389630 131595 618076 533564 882923 882933 882936 389767 455129 957698 ,389630 131595 618076 882923 882933 882936 389767 455129 2408 255877 
395982 393099 392324 732029 685407 550872 861802 834133 380003 127708 ,732029 861802 564744 115159 681014 81976 380356 554073 732008 151999 
974951 181525 481346 958266 14626 67175 911849 908243 925328 904712 ,14626 800794 727633 14827 391532 96266 594020 481152 196413 276742 
190461 509812 984893 986071 932684 758616 259799 494571 284743 40730 ,509812 932684 494571 231324 261063 832269 285288 260574 802931 932210 
136328 769594 431769 816470 433925 780386 839111 466824 744842 214848 ,816470 433925 780386 466824 214848 537631 134800 816161 214583 480758 
392869 235323 161945 153411 392246 976300 286994 581836 221770 68677 ,392869 221770 20856 325540 240624 22259 985097 427152 416417 400867 
124725 808827 430741 658253 106554 60484 79908 705717 83741 85361 ,808827 79908 601100 465471 603117 59224 365768 695413 79452 470444 
770710 695059 168470 414834 809726 469378 530197 808710 232780 168453 ,770710 695059 168470 469378 808710 232780 168453 514223 451795 850286 
904752 425836 616941 894045 76915 617391 914515 623365 66102 450163 ,66102 556735 245784 447217 577984 422313 579720 178314 905898 580783 
522522 522178 777641 955587 511197 196139 274955 512566 771910 966737 ,522178 777641 955587 511197 196139 274955 512566 966737 802373 123042 
826368 826082 826296 829480 100226 100033 929156 961677 310717 310111 ,826368 761886 603510 540395 861584 931504 869601 98556 589259 530991 
78383 594234 972736 495821 752674 390723 628451 843656 77436 972611 ,843656 77436 430090 684064 843460 539066 782258 824362 739891 630403 
207969 334419 761200 141642 772315 194917 273733 613166 831716 367559 ,761200 774759 313120 283639 332941 812607 208164 334383 978085 230251 
831618 398923 929518 386026 181023 449593 927724 806561 512048 243221 ,398923 449593 806561 512048 243221 25681 431456 691579 243129 221145 
188507 188237 160019 211195 157585 82151 503027 754461 83714 156856 ,188507 188237 160019 211195 754461 83714 156856 215022 792646 213039 
278610 323245 294596 278607 448483 305226 29965 738444 122124 818602 ,278610 323245 294596 278607 448483 29965 122124 818602 663476 157080 
576523 186452 62412 877061 623490 938173 707574 371852 256734 883964 ,576523 2648 300414 16943 256793 842764 501824 877467 186343 403019 
122945 215343 122426 927284 113154 828809 959237 257826 756257 645903 ,215343 123585 859023 755957 916413 890706 858903 833440 594678 404847 
477838 774075 668835 130497 631851 152215 477828 237014 822299 237786 ,477838 774075 668835 631851 477828 822299 237786 403272 487874 822216 
860588 620299 243063 584656 327268 880500 103687 621594 938164 827805 ,620299 584656 327268 880500 103687 938164 827805 215923 216572 544212 
239790 260519 238869 417007 228573 7806 229761 889155 6500 415429 ,260519 228573 6500 406345 497131 239685 238576 710055 522936 472914 
334869 50089 336514 613214 413500 428315 713076 151402 671342 491665 ,613214 151402 491665 617141 669100 716304 204616 304956 679100 960840 
519283 524558 41763 307073 42047 914606 187400 380806 380802 291221 ,519283 524558 42047 380806 380802 490520 496220 336722 164269 254067 
394902 173807 773622 488213 227367 374374 197158 275974 593899 373791 ,374374 197158 373791 480580 373868 21960 299198 655540 260187 574868 
583981 731164 21085 228797 25613 548761 279390 175963 584334 610146 ,731164 548761 610146 98673 390421 366525 123527 727834 548714 98746 
444173 652146 278747 23580 694083 894756 445839 322909 225985 281552 ,444173 652146 278747 894756 322909 281552 292163 651559 814769 24041 
607881 220326 203019 267297 367054 521759 522445 680882 701995 866387 ,607881 701995 866387 387963 602856 890508 880802 920222 734861 231698 
895804 517000 593271 636222 67250 671939 4274 519779 389027 513585 ,895804 517000 636222 519779 332594 406881 516694 820197 517399 25514 
265983 546277 892748 957711 202461 452144 594414 451958 472041 831891 ,202461 382038 205832 864481 205677 225074 880655 877338 919115 918669 
237825 292774 502812 664881 305434 322418 513361 83279 292823 351590 ,292823 664428 665635 84040 107087 57606 364201 496837 292703 1477 
279676 351096 104714 423807 292135 618258 278715 323945 351098 292380 ,292135 351098 350899 800399 747372 294841 252980 974326 292039 46641 
809740 823268 809513 671035 442557 925228 540334 475846 561754 606072 ,562547 379224 959243 813761 882789 930986 556996 534546 856615 769951 
658717 797827 22406 262254 841661 636182 278041 841499 533445 508310 ,658717 22406 262254 841661 278041 533445 108217 659067 252855 108960 
27005 899418 785208 747174 375892 668325 219804 861381 425493 785294 ,899418 785208 425493 785294 747604 92518 58206 25983 58008 940905 
406025 15906 226829 583526 199728 278544 974869 898977 138124 10197 ,406025 15906 226829 199728 974869 138124 10197 462282 913969 291816 
202865 492058 941143 691728 942072 527055 676349 948653 975102 729426 ,729426 523629 59717 822973 31295 942748 625528 454337 403580 224682 
705701 208350 104203 931035 214377 921619 740362 597995 203881 268159 ,641608 214391 522429 208613 785376 562179 2839 152949 874398 523229 
907474 958327 908148 186722 642779 644695 642190 814649 810363 914060 ,958327 642779 642190 814649 810363 787768 147076 655232 717817 816801 
467252 467279 332375 467300 772027 471050 763157 834504 859530 88417 ,763157 859530 365820 272441 634743 26914 242118 692282 144353 635188 
492788 430098 789437 344877 180584 510513 577229 315785 239953 464015 ,492788 345547 399145 795867 130222 979246 280412 77865 698434 39745 
239579 682290 628008 232715 796245 18622 924697 514355 387873 915843 ,239579 682290 628008 232715 796245 915843 648577 628130 895193 598908 
409976 496306 317099 479030 135541 500972 479114 391243 552513 96197 ,409976 317099 135541 500972 391243 552513 96197 700423 546002 134326 
179762 162471 162587 991564 67304 556013 570672 757962 117245 657501 ,179762 162471 162587 991564 67304 556013 570672 757962 117245 657501 
529098 528956 30572 298788 501765 179053 903171 832777 358330 227376 ,529098 30572 298788 903171 832777 505371 518424 97290 97415 227486 
105903 615302 313040 732189 314978 102169 441127 45264 229884 398410 ,102169 229884 398410 508437 709884 795647 632101 515187 498488 529477 
926163 143370 688547 97628 492004 251948 299456 56408 299756 681635 ,688547 299756 681635 298486 233855 72446 141461 340145 848944 589953 
145884 471886 403945 427994 906845 354760 404158 427890 383710 106061 ,403945 906845 107148 134569 118985 370668 119179 179225 545675 143303 
838066 532662 649123 783694 861869 140544 533003 647145 885759 978706 ,783694 533003 936097 768642 996249 714998 260705 861926 648631 25722 
934313 58176 58048 65866 709192 63259 483589 937406 233215 913121 ,709192 233215 74547 101052 870502 632906 66611 916844 65680 746451 
953665 953839 263962 9050 322751 954230 142970 92990 23422 701204 ,953665 953839 263962 954230 142970 92990 701204 142586 142521 429145 
523004 13601 923647 453470 455525 924595 371238 401280 503973 454816 ,923647 453470 307576 62622 966 734383 454429 936804 923612 296925 
477300 476644 536109 476959 475854 478130 479829 770384 476946 893959 ,477300 476644 536109 479829 770384 477959 894141 478176 38861 788040 
109294 793422 20102 165743 383447 162457 162696 924602 195394 274210 ,109294 20102 383447 162696 924602 298918 103859 523426 133059 989472 
337891 777154 305612 283827 321856 254232 973830 337902 422995 567267 ,337891 777154 305612 321856 973830 422995 567267 282463 5864 363588 
181246 180829 181974 258611 55687 432474 180721 496378 196643 275459 ,181246 180829 181974 432474 180721 275459 196643 834167 394632 872133 
391917 391779 391794 385108 632726 118119 380296 68722 173428 392012 ,391779 391794 379978 632905 854932 358803 188768 80560 288434 158933 
154153 957090 786322 205820 270098 386957 917658 288871 751044 383154 ,154153 957090 270098 917658 751044 957132 544478 172077 222657 154656 
494009 492936 350120 351259 966644 485601 329154 487325 112352 956607 ,494009 966644 485601 329154 487325 112352 966738 391305 416507 972846 
343549 248623 255883 356409 430246 520510 308082 353550 229796 472413 ,343549 248623 356409 430246 520510 308082 353550 472413 442279 909800 
680962 299925 886180 934654 899070 979638 135234 586289 471668 356148 ,979638 471668 327279 598455 784569 934513 750340 515050 959113 244097 
998426 194033 272849 208178 193961 272777 194448 273264 609781 610053 ,564275 856941 264227 564300 670501 174868 582020 180838 563751 911580 
148354 504340 323168 463331 699913 713165 101233 250006 250327 733510 ,148354 323168 463331 713165 250006 136115 357524 391156 2020 738413 
731140 437067 252428 718902 458315 138239 136999 401524 251264 113025 ,252428 458315 397851 653999 840720 703087 367754 681221 458428 836425 
538564 296419 638622 468772 222357 296743 26591 119086 999666 605254 ,468772 598375 132363 133698 715376 597463 866756 874095 587426 387135 
968953 967999 696332 156388 339968 721136 177897 339048 201355 220809 ,823291 314645 315678 906831 302682 114584 860758 963848 968082 122614 
996284 544466 969740 666977 650030 995664 675378 892774 247691 544552 ,666977 892774 675888 825257 448290 478409 672613 699788 684778 667366 
623876 240259 756882 670163 485805 978986 264462 196316 275132 878322 ,623876 240259 756882 670163 485805 978986 264462 275132 878322 942457 
845133 853182 861016 852688 478417 843896 546006 93604 66964 814281 ,845133 853182 861016 852688 93604 66964 814281 90702 807677 198014 
364142 736210 600726 600667 719148 509877 41762 638159 869215 600661 ,736210 600667 719148 509877 600661 336715 177038 861341 602415 824171 
345205 377041 345462 481709 144173 348234 832208 18920 968651 746638 ,377041 345462 348234 18920 404521 889195 812195 377130 203739 541720 
955993 956479 471688 107585 503978 186255 417256 106960 604275 81684 ,471688 417256 604275 155055 657707 637054 243419 164265 186279 212323 
421090 333789 601 448 157528 371202 380316 488440 363 935103 ,421090 601 448 371202 488440 935103 488880 515400 195261 274077 
617105 128206 693201 714565 137026 927258 154955 422395 848192 166448 ,617105 128206 927258 154955 422395 331917 692842 75546 167837 116512 
344836 711538 806468 185980 917799 293796 432973 779901 436750 348876 ,711538 806468 293796 432973 436750 960520 973295 288672 89997 806792 
420062 583741 203839 268117 366066 720839 965967 204690 268968 367526 ,204690 823745 854660 431960 126014 61760 811010 93840 516263 473920 
684218 281448 526020 784812 491953 348398 302782 662494 531278 215248 ,684218 281448 784812 662494 531278 215248 91189 85391 423335 417922 
445888 445455 447872 445907 446078 445825 445551 446067 445844 446603 ,445888 445455 447872 445907 446078 445825 445551 446067 446603 447290 
22631 840999 1268 432106 904738 317962 836342 784185 710076 315725 ,840999 432106 904738 836342 710076 319452 776392 431172 839101 915113 
440133 56940 521068 86646 436494 831492 894478 641698 791343 281011 ,44440 117872 413384 475253 889925 887834 218374 900534 416649 240866 
886184 893820 607969 296250 577965 882001 887124 978283 317397 297407 ,296250 887124 978283 304004 978474 978897 353322 313801 300086 733805 
992475 35968 983004 983637 877419 969359 827080 856765 851503 827898 ,983004 969359 856765 851503 982834 877090 669323 585396 101339 546975 
476007 659812 475955 476387 478346 659247 674627 180115 342364 765234 ,476387 478346 659247 674627 342364 941443 319570 662031 892340 247820 
975305 809161 190563 762051 920444 830140 190737 811120 772168 948625 ,975305 809161 762051 830140 948625 619178 233636 517867 828799 859376 
460147 284578 492037 240621 341948 21210 808224 808449 734540 320333 ,460147 492037 240621 808449 734540 320333 86123 535552 321442 320901 
422265 422164 810167 422417 901645 83875 57091 57276 901371 379049 ,422265 810167 57276 379049 994276 784674 465044 505995 57773 50794 
676041 497095 124234 534660 293174 157775 581297 351155 900095 61604 ,676041 497095 293174 157775 581297 900095 497128 30542 498728 799487 
618191 582499 964141 847917 995938 614570 650981 631913 401117 653591 ,618191 582499 964141 995938 614570 401117 653591 653684 596779 860679 
868064 705243 109524 968662 682012 971364 4314 882505 343339 635235 ,635235 185390 363101 303369 329108 194987 707714 273289 170579 951577 
69053 69564 164816 394882 982944 787061 156006 912340 454543 553078 ,69053 69564 164816 394882 982944 156006 454543 462900 461657 454900 
766138 766360 767076 684036 101618 653986 759088 556390 822413 554756 ,101618 556390 822413 887049 655075 656361 824363 390793 789668 949948 
432083 899685 997176 704996 854019 963088 396973 940606 957482 396893 ,432083 899685 704996 963088 396973 940606 396893 934593 947023 895271 
679622 78718 117799 174993 722721 631140 235193 184244 527637 724767 ,679622 722721 184244 527637 185795 183744 185413 98339 530534 516020 
896319 230159 906134 10642 895621 755523 895421 631231 26434 315248 ,895621 315248 755566 746567 41557 236008 802792 697161 730651 730587 
375486 257861 840783 855678 375225 29711 178631 166307 165850 751211 ,257861 855678 375225 178631 166307 165850 328674 620192 752013 872916 
460564 68933 294985 193929 272745 76692 37072 240184 37018 707431 ,460564 294985 193929 240184 37018 707431 193391 272207 240358 372202 
755646 830513 831017 674796 674324 755355 420488 429568 990983 361924 ,755646 210723 847183 212296 762894 210632 510893 567847 103440 534610 
523195 523285 209671 319007 823427 697624 35060 660670 336162 708522 ,209671 336162 171458 696185 930766 970635 79065 214801 712848 452763 
985483 799831 74749 139236 702474 386974 74352 114730 800235 356706 ,985483 799831 74749 139236 386974 74352 356706 45174 7452 511009 
677074 677368 778971 677350 617364 814484 470479 644103 557868 640039 ,677350 470479 476001 857689 947931 441857 537590 605473 786645 773898 
45704 21188 40130 78676 21153 45288 368104 881679 739072 146523 ,45704 21188 40130 78676 45288 368104 881679 739072 146523 40494 
721762 654928 206461 270739 684599 17459 818739 233261 600038 17503 ,654928 206461 270739 17459 600038 17503 213005 587178 71584 19153 
442863 442832 756088 756110 877017 877028 885718 756340 761785 855259 ,442832 877028 885718 855259 190727 921402 191086 867730 867667 90575 
27360 36577 127425 398642 82840 36743 655466 386785 89017 783633 ,27360 36577 127425 398642 89017 896168 591037 685622 386631 127865 
118988 522634 118771 525404 96268 81831 821313 337720 690102 973786 ,525404 973786 151559 291221 173961 983420 515887 525924 220771 639577 
357657 360093 345975 348025 475673 863440 476020 324676 666131 379215 ,357657 360093 345975 863440 476020 324676 666131 379215 661123 906198 
200476 264754 514832 243289 486278 435698 899471 266406 741529 336179 ,668999 668413 200173 869191 225761 596391 432365 206013 842364 249253 
462981 462366 461991 509647 463994 878767 874861 843328 96068 725117 ,462981 509647 463994 874861 843328 96068 137497 585440 506234 609555 
138723 42889 11627 40522 43555 644174 729712 521091 66155 646623 ,138723 11627 40522 43555 644174 729712 521091 66155 646623 164595 
948153 852985 550592 551089 941667 511250 224064 829923 792865 942240 ,852985 550592 511250 829923 956797 96392 552874 374781 956244 552801 
442591 442640 98716 156984 417703 224275 256829 935941 77559 934905 ,442591 935941 601808 249360 493264 75963 621839 602102 702564 463818 
38557 38096 39064 39516 6709 922847 709195 448137 5551 448296 ,38557 6709 709195 6158 880228 941032 410943 985772 536624 667262 
16813 936005 560886 678033 949285 962645 209972 542372 948788 489282 ,16813 936005 560886 678033 962645 542372 489282 561219 585329 65873 
524991 524993 724156 305414 836192 525254 187647 175636 429655 79657 ,724156 836192 278808 431884 105187 199851 527611 81416 105856 662633 
248441 241718 497224 246578 301598 248074 305937 154090 515874 306433 ,241718 497224 301598 305937 154090 515874 306433 526254 248695 82649 
420443 235878 750841 854876 204044 268322 194271 197522 276338 466884 ,420443 854876 194271 276338 197522 466884 406311 456580 680849 696770 
55140 301174 301738 643581 331641 515251 51909 297202 643809 515589 ,301738 643581 331861 644102 405932 39002 495669 794213 42991 124397 
511603 289396 190257 634565 703088 536718 368984 130580 33553 531672 ,511603 190257 703088 368984 531672 759477 815509 262085 658210 967135 
743909 542633 109315 15330 64931 564329 13390 916308 17117 302038 ,743909 109315 64931 196240 275056 144207 197301 849950 503870 737923 
472085 472057 472205 520097 864482 472096 520501 471504 678807 777219 ,472057 472096 454644 301946 471560 266738 868440 726348 738750 754119 
202621 266899 942907 629873 201035 265313 943203 251418 71320 514224 ,202621 266899 201035 265313 943203 251418 514224 201044 265322 84247 
694557 215553 525173 169091 525691 92877 529077 111720 279359 487395 ,694557 215553 525173 92877 279359 487395 90930 130897 177410 603409 
519481 887988 227029 902431 288921 385357 679054 691380 745041 678968 ,887988 385357 679054 691380 745041 89611 887511 490409 876412 897109 
487091 870672 486003 863457 336179 584347 255648 625878 1265 871451 ,863457 584347 255648 625878 871451 834605 872363 553962 277958 331884 
95142 936748 844491 71489 618859 618521 503713 370524 920055 228497 ,95142 844491 618859 503713 228497 1682 963223 947355 201200 228550 
490332 632980 929317 350437 521310 487782 343421 458907 59680 363629 ,490332 632980 350437 487782 343421 458907 59680 363629 363664 488484 
909204 546908 539417 273634 488552 419716 546752 922460 543385 128341 ,273634 488552 419716 546752 922460 543385 128341 802716 601733 601682 
620522 43986 673267 541433 665133 539730 604149 620432 832412 672688 ,673267 604149 835963 541507 44126 672513 641648 972532 211981 654066 
376677 658175 991954 322156 58144 727648 815820 168778 177591 771095 ,658175 991954 58144 727648 815820 177591 771095 242281 373114 371763 
485606 540274 548190 220720 840149 940496 990041 548463 840652 721423 ,540274 548190 840149 940496 990041 548463 249498 912270 253975 990428 
689241 770660 630609 899645 45725 378873 994232 87895 559404 909387 ,630609 899645 378873 994232 87895 90140 847124 637646 520916 880461 
682270 391870 748187 121463 840630 391874 784371 224865 83347 391721 ,83347 127308 10587 670905 744462 46496 529070 298864 989669 734917 
615838 514227 596035 762713 811379 616115 68452 429570 106415 859411 ,811379 616115 429570 106415 69033 64138 789825 841661 169162 724785 
297028 316541 84930 227610 801156 466395 516946 798017 44344 368823 ,297028 316541 322437 238915 811821 595909 3021 219860 237868 83357 
569118 568912 886354 881268 9284 892430 191251 5891 191026 5763 ,569118 191251 5763 915447 39463 36750 634905 104843 6982 771158 
677099 650363 650003 295147 42983 847766 996667 484748 23042 159305 ,677099 650363 650003 295147 42983 847766 23042 159305 772903 790206 
525376 791836 513127 628659 635855 710648 524809 710032 80385 822570 ,525376 524809 80385 280868 174686 609870 686922 401528 517593 711211 
60467 60557 513687 513047 695261 512702 993447 60040 492304 504767 ,60467 60557 513687 513047 695261 512702 60040 504767 936333 680151 
21044 21020 22340 22287 140425 36650 335240 21858 22300 5797 ,21044 21020 22340 22287 140425 36650 335240 21858 723453 779475 
359489 318990 320912 188097 332522 234708 227217 672009 19843 306556 ,359489 318990 188097 332522 234708 227217 672009 19843 306556 519527 
85442 60133 748372 748715 61113 88741 92849 95762 821940 83000 ,85442 60133 748372 61113 88741 821940 121941 818651 684486 815334 
247197 524203 247481 523912 201841 266119 35108 179472 918241 762325 ,523912 977024 617419 781321 581815 224235 849020 291204 142007 398793 
687507 614705 771065 945295 235779 193185 272001 516537 692360 113005 ,235779 516537 560308 698480 518409 769662 826243 631678 826223 261016 
990554 553127 778333 980376 992870 803132 208217 553318 980607 846512 ,990554 145905 269105 272376 413729 537744 354792 843514 935550 866332 
719332 578327 433976 495403 436123 528326 131268 332253 244968 705050 ,578327 269598 84131 437072 417269 499946 294732 624952 511646 315436 
508327 684891 248667 111554 703551 798297 704277 440006 812207 622196 ,508327 684891 798297 704277 577934 686328 869079 898612 168915 770310 
748945 301867 749280 286686 481491 92492 840393 844673 682033 132922 ,749280 481491 840393 682033 375839 600340 223531 931340 691204 853123 
840766 828936 773014 853467 766320 773016 656513 143419 968752 765841 ,840766 828936 766320 773016 656513 143419 765841 613919 765370 767087 
322807 324396 402830 756310 111765 573937 348273 339246 233722 243939 ,339246 233722 511259 937120 897295 382035 265497 208696 17953 151107 
643515 788106 913037 423577 775687 786975 786397 641999 643454 654000 ,423577 786975 786397 641999 643454 654000 775639 442332 765690 825288 
878499 393614 286787 395841 776772 347490 512242 470497 775554 346289 ,393614 286787 347490 512242 470497 346289 393696 837145 902993 704945 
117278 118572 976656 976452 161335 441836 455728 231448 118483 120110 ,117278 976452 579579 598332 212493 698643 411166 274031 22573 139777 
521868 407640 518392 532509 514754 730611 627970 832165 533360 533712 ,521868 407640 518392 532509 730611 627970 832165 533360 533712 530312 
39717 558429 890750 994168 520786 890970 104952 870327 767900 39584 ,104952 382114 951571 958184 869831 57220 822408 558824 854187 767871 
544106 241696 544029 634147 703069 534506 867264 76952 723850 972561 ,544106 703069 534506 458657 519858 517561 271832 717475 12510 566120 
94693 95092 45565 45055 663529 324704 665759 46392 107754 43708 ,663529 46392 95232 84982 526676 341017 372857 447645 94492 344957 
32656 806484 32566 449175 817164 173227 464955 364175 629622 806785 ,817164 431637 905751 14424 821924 912602 806114 327530 135408 526629 
693452 697319 7633 696552 478410 476802 476424 478615 480164 478255 ,480164 476695 768516 555232 553413 411093 55237 38147 874416 672614 
934657 935466 496242 26612 885206 660634 875638 353996 379375 659766 ,934657 875638 353996 790188 458719 27589 661578 853362 493603 975803 
874342 86654 95483 630472 526753 923422 229441 155645 254895 152540 ,874342 86654 95483 630472 526753 229441 254895 312711 810359 523727 
492556 492963 42828 42971 494050 57778 759990 664775 499205 535054 ,492556 492963 42828 42971 494050 664775 499205 535054 42636 535396 
311669 310732 556850 974283 322115 557326 977385 309759 414177 778295 ,974283 929214 574873 680240 27936 107810 477565 829100 575452 44757 
7722 526037 297056 39337 643125 282502 521335 820955 441662 34081 ,7722 50082 156732 39306 126135 310032 81328 57214 8734 38268 
249211 890263 249598 626423 889378 889663 749580 905679 620854 563302 ,249211 890263 249598 626423 889378 889663 749580 905679 620854 563302 
739584 922851 739905 264453 916788 741754 323443 64667 478698 421802 ,922851 739905 264453 323443 64667 478698 62897 237136 495161 422397 
449484 482899 631938 756810 513811 956252 41605 512780 541059 432911 ,449484 482899 631938 756810 41605 541059 337441 437193 491000 199951 
570131 569884 569948 117155 470663 77713 21031 570184 988463 817204 ,569884 570184 988463 988204 470778 802535 341003 139020 40471 781998 
434536 732492 430186 222901 732465 788277 430143 71440 280058 861896 ,788277 71440 788324 213656 173961 564867 86388 222542 758450 715600 
12886 696825 842397 842449 405971 55007 12321 59975 632828 481468 ,12886 842397 842449 55007 12321 481468 99172 193538 243025 632623 
80708 80779 71846 714586 869830 695466 729812 557980 368604 82974 ,714586 368604 685574 824272 862438 543362 886720 545909 720807 692935 
87266 295058 771879 484733 82757 248866 710988 479471 323097 440131 ,87266 248866 479471 999373 887511 479702 214102 737827 888456 597929 
649350 644136 644685 888052 773460 676960 444421 789708 54853 471704 ,644136 644685 888052 676960 444421 50988 895839 643618 881096 189308 
645952 396242 551262 522317 646353 594247 491891 627985 107169 933174 ,551262 522317 646353 594247 491891 627985 107169 933174 181267 634139 
208613 209432 539371 460875 919141 994055 511715 628748 19899 839374 ,208613 209432 919141 994055 19899 449715 517803 249051 207870 199549 
391025 328143 330214 807405 798842 328564 744868 498864 255399 744867 ,391025 328143 330214 798842 328564 744868 498864 255399 744867 65082 
317121 162560 208261 793604 459742 520715 376142 711318 12348 375690 ,317121 459742 520715 376142 711318 375690 729442 458909 838728 341992 
341709 695579 980718 616352 102351 338272 310226 339408 20791 898861 ,341709 695579 980718 616352 102351 339408 20791 898861 924355 392579 
281833 543028 326907 542572 606338 294153 335889 508600 264195 451108 ,281833 326907 606338 335889 508600 264195 451108 199987 338518 264661 
442693 945111 533668 50406 516357 124703 563253 9906 380540 107615 ,442693 945111 533668 516357 124703 563253 9906 380540 107615 535888 
64105 950513 62047 949228 943087 770760 115224 569074 117144 203401 ,64105 950513 62047 949228 943087 770760 115224 569074 203401 267679 
844810 338199 338443 127297 385084 341775 431982 341338 814865 670712 ,338199 338443 127297 341775 431982 670712 260391 168440 510707 497103 
307535 392016 361047 241041 972029 560927 286517 837047 893811 563992 ,361047 972029 560927 286517 837047 893811 563992 956473 856019 340543 
680419 316113 900409 881478 123859 123314 343590 710911 142196 901430 ,680419 900409 123859 123314 343590 710911 142196 901430 160160 293227 
860011 182593 298364 793286 238116 252009 668405 172114 584650 668579 ,252009 706238 393236 63502 270449 975041 921498 205209 691400 481927 
408815 54824 326317 898269 385768 130716 378829 538423 230160 554357 ,54824 130716 230160 314896 302696 252404 662074 552865 537239 72962 
722557 885195 722668 915584 423293 483257 935715 997571 309686 915500 ,722557 915584 855891 864506 563626 407377 155085 541853 141638 843589 
495648 925747 27493 95908 357678 457414 666133 185129 66263 414582 ,495648 925747 357678 66263 860869 984168 485152 517600 206032 368656 
247876 658640 551582 69409 247468 124994 247265 225603 860006 16923 ,16923 20314 473109 13046 265240 200962 940805 867058 940651 210132 
721008 721266 93944 81676 700761 481837 699867 226054 253345 430037 ,81676 253345 143387 729646 882361 998008 618973 249928 90497 392658 
881606 775337 891451 606035 880328 878881 774694 815994 816193 890436 ,775337 878881 815994 816193 797926 606089 820146 775180 775168 6222 
995082 468868 770968 995214 994618 774397 642966 444287 332058 995156 ,443628 444902 443613 790212 444496 647876 800329 666678 889804 444274 
64995 73926 63090 843170 405464 504430 521640 73430 607710 196320 ,64995 73926 63090 521640 73430 607963 728555 172879 608666 73306 
987202 866841 992145 492380 780831 992625 624879 750896 851044 724041 ,751890 1944 338387 193301 831132 625512 578272 483238 169388 64546 
947435 703636 696706 155120 195501 274317 883865 468269 550776 884157 ,947435 703636 195501 274317 883865 468269 884157 725895 457613 170781 
17428 17171 16870 14303 205288 269566 832431 226578 69618 930346 ,17171 16870 14303 205288 930346 885649 16245 424140 395042 617938 
249091 502202 26399 682751 949564 157525 540863 54045 348602 540755 ,682751 949564 540755 379485 540723 749517 52532 352787 91716 601224 
23898 495474 26640 9939 928811 862665 517057 348287 569415 9973 ,348287 9973 870695 516960 30991 607557 309717 556850 414324 579191 
964483 86005 775380 409666 635036 615892 189778 398256 428999 774992 ,964483 86005 775380 409666 635036 189778 428999 774992 552751 164210 
398515 398208 398354 401813 401504 401718 697656 403300 94813 474271 ,398354 474271 670697 436645 244023 20634 437237 324241 329161 250956 
292623 292072 281349 234978 293758 8652 454805 134022 838151 833953 ,292623 292072 281349 234978 293758 8652 454805 134022 838151 838070 
345136 543304 208103 553482 342533 13781 253246 374715 628409 747121 ,345136 553482 543411 510624 553318 795964 349070 557739 287657 820635 
348376 154762 298376 261693 80347 580125 563748 235864 576352 304206 ,348376 154762 261693 563748 235864 576352 324708 621605 300641 824614 
847342 374489 590563 757553 876829 648985 374827 760070 249373 648940 ,847342 374489 590563 757553 648985 374827 249373 648940 374982 760492 
228275 568538 847186 378810 876336 213246 737020 94071 321004 499241 ,847186 378810 329220 876254 332507 889220 558793 295018 473257 294697 
738202 548157 143224 950343 944037 903277 973767 25759 828248 212223 ,944037 992173 739653 83356 504156 953165 907945 911226 496155 737976 
895506 12501 478113 492312 492979 930728 333656 289416 492103 735386 ,895506 492312 492979 333656 289416 492103 646655 917827 492335 604623 
189234 790499 326655 329380 687762 635661 705102 899385 234668 229441 ,189234 326655 635661 705102 899385 234668 229441 115842 75968 679578 
711339 208868 209494 710027 248660 208748 526950 329288 964005 710123 ,209494 710027 248660 329288 964005 507522 238185 865679 732352 21579 
683266 984835 633370 683375 493610 413224 797431 944445 198868 277684 ,633370 813050 433298 985149 632274 694972 510542 168458 938550 97245 
904332 299762 842119 63680 60769 933042 389685 913112 588026 595735 ,923130 108216 846432 60051 894999 599860 903897 276939 940908 982380 
429816 611013 700148 335925 96485 514637 348253 386584 548894 865696 ,514637 348253 171571 838757 723185 258455 511900 966520 363913 731951 
997491 839349 979602 899035 828484 562629 880589 640613 562898 457336 ,997491 839349 979602 562629 880589 640613 562898 960879 248790 556157 
481040 848061 832010 14562 12683 114963 516362 14538 12644 519376 ,481040 848061 516362 14538 12644 519376 982407 813101 486291 199452 
425558 426069 619986 180374 180498 107648 816920 510386 89721 420659 ,425558 426069 180374 180498 107648 510386 168450 395458 106855 496428 
829671 557618 455253 358499 82554 326024 777230 458667 17130 125093 ,82554 326024 315336 324376 902443 458985 917623 824421 917774 892586 
665768 665119 830045 283703 285137 287813 216051 570798 287610 249066 ,665768 665119 830045 216051 287610 612009 252254 756582 373784 611715 
955543 61759 224017 139029 913809 921763 514384 472761 75644 153603 ,955543 61759 224017 139029 921763 514384 472761 75644 913232 273026 
361189 232288 313458 360732 358216 788575 548179 983233 983698 573012 ,360732 548179 983233 983698 573012 983389 551843 262299 780802 466856 
422576 422502 388472 815344 572098 174600 355466 159023 443432 810914 ,572098 174600 443432 810914 645452 361724 191030 814598 478922 85441 
700114 895221 977946 600776 569467 663227 978051 569471 695339 296326 ,895221 569467 978051 569471 386658 130110 471393 114033 120738 468840 
708718 707663 236962 472358 228813 96840 472261 304465 512417 104879 ,708718 472358 228813 472261 104879 246776 228381 607197 232971 467809 
79085 78641 878936 223121 591765 221135 243850 243306 620721 878568 ,79085 243306 878568 20624 244350 206584 586205 692015 334685 276047 
888292 528045 565814 626081 938907 634016 663091 14326 58174 66893 ,888292 528045 663091 14326 58174 66893 221974 663315 813276 662938 
891716 794383 794624 733267 733315 648979 779668 580019 683127 649513 ,891716 794383 794624 733267 733315 648979 779668 683127 974115 631535 
534401 41381 309028 41504 363992 364018 321808 4571 294128 534531 ,41381 159340 364052 30624 967207 232611 496763 910987 887592 701159 
720067 615562 237125 526572 429522 569889 747701 567841 719191 306382 ,720067 615562 237125 526572 429522 306382 525032 336750 684422 397190 
936244 401403 860735 861072 479094 536425 807437 397960 807478 936538 ,936244 479094 536425 397960 807478 478937 411654 72417 57422 918092 
920883 83034 777292 686796 797800 52248 57297 948033 800414 658683 ,920883 83034 777292 686796 797800 470009 770194 112507 479957 541162 
42307 337440 572149 140497 541213 147013 541300 247384 280903 337770 ,337440 572149 140497 541213 147013 541300 247384 280903 337770 305475 
521021 686565 811180 478261 475929 478433 641540 295058 558628 248866 ,521021 295058 248866 521168 696449 188662 993881 442844 891718 552322 
406561 507295 406433 710040 107508 154854 488569 710378 81833 530257 ,507295 107508 154854 488569 710378 81833 530257 490144 934338 442056 
975564 452555 26979 26383 782826 974796 425851 943913 452748 624522 ,26383 974796 943913 624522 9870 809069 659267 329357 174862 70627 
17849 238630 726490 781359 452648 237034 279113 518396 298751 726114 ,17849 726490 781359 237034 279113 518396 726114 311123 806278 518438 
756801 756786 757841 759118 756996 602279 26813 599954 60566 602298 ,756801 229246 780089 800115 528815 838797 972740 821210 495450 59255 
224804 898887 170774 998766 73308 724596 922249 171154 997403 841860 ,998766 455359 929294 76884 340218 598538 859233 990798 627669 578689 
23135 369519 419058 368609 22900 980334 87147 658566 660218 288857 ,419058 22900 8445 659009 418701 368120 84620 271095 861064 144760 
436183 821453 940609 1952 862748 281713 106052 961108 941043 281199 ,281713 961108 961143 454273 954054 163198 851200 495619 277797 306514 
462917 242231 525743 115528 599185 723171 723119 309588 727049 464929 ,115528 599185 723171 309588 818504 839780 754205 90092 525198 687507 
390052 734979 438919 140605 390125 478096 694422 220258 823670 220208 ,390052 390125 823670 718969 777425 615391 492692 698551 488436 365004 
641511 687362 475929 768626 686565 552112 770174 391069 687099 46568 ,641511 687362 475929 686565 552112 391069 552322 478261 442844 802441 
196709 275525 812991 879176 301419 772039 967799 305915 968187 593888 ,196709 812991 301419 967799 305915 616556 973030 212586 653120 766333 
38451 511462 511279 511854 510947 39443 511072 773412 39405 254504 ,511279 38441 826407 8771 38387 254393 411903 886153 476963 6003 
446879 604421 480164 666875 476775 638244 448243 779642 672440 521306 ,604421 666875 638244 521306 998122 666768 6997 447919 448016 445449 
170957 670500 486249 967869 840310 805847 527129 487233 204892 269170 ,486249 967869 805847 487233 269170 118146 335390 240755 496569 276405 
958697 489703 896450 201901 266179 919409 202977 267255 285877 52363 ,896450 202977 80808 12651 835230 687897 633174 420612 539470 316453 
56431 768364 200111 57721 83520 735216 559201 537196 85469 696699 ,56431 768364 83520 735216 537196 553247 897226 56239 76084 978074 
89721 68520 740167 979141 792359 75745 363873 980530 799843 68462 ,740167 979141 75745 363873 980530 799843 483075 475557 82790 30294 
979685 450640 471219 927226 581539 438694 206456 885343 554144 177207 ,450640 438694 554144 175658 979562 554006 624129 260687 183620 507371 
292753 703060 242131 683037 337072 977122 242155 323632 370024 825740 ,242131 683037 337072 977122 242155 323632 323841 44149 547322 353439 
657176 757795 443212 443236 758870 552630 657329 657239 656920 443216 ,657176 757795 443236 552630 657239 421496 655944 654869 46795 655274 
677864 242980 100192 197176 275992 983304 921603 12476 341991 596261 ,921603 341991 101338 246507 199677 85007 848965 664187 483795 795234 
439555 294611 783885 361902 389611 783004 485837 78409 532767 955816 ,783885 361902 783004 485837 955816 36923 860420 200313 264591 145883 
993310 993239 611969 94574 210064 845258 450250 548166 783264 399963 ,993310 993239 611969 94574 210064 783264 399963 456387 941711 611957 
154044 658356 426763 31158 574401 648297 503310 87161 573421 499557 ,154044 426763 574401 503310 499557 108918 955665 90491 30488 76774 
460505 500000 405464 497728 90597 460617 854333 549077 320654 405714 ,460505 500000 90597 405714 212588 265575 201297 271611 505722 942309 
704284 704744 138113 997203 346163 668634 92628 630507 347619 997218 ,138113 346163 92628 630507 879656 735670 708399 735632 950151 429864 
758682 757551 296517 298807 647316 459293 109671 21248 458377 289737 ,233849 187242 459755 503991 335584 575913 777583 726666 106742 91606 
191558 997913 684064 974137 694956 401150 695542 999384 868887 712038 ,997913 765827 703876 588263 576888 997735 992940 574026 259374 759618 
232859 789583 232625 185348 717616 812446 905887 745202 101372 585129 ,232859 789583 232625 717616 812446 905887 745202 101372 585129 232946 
45454 238313 246911 471788 429289 246501 974263 292341 423518 536175 ,238313 246911 429289 974263 292341 536175 293189 280751 292760 779953 
638699 589060 588212 341010 404817 293104 673231 405692 544676 622740 ,638699 589060 588212 341010 404817 293104 673231 405692 544676 675238 
30103 905250 745894 516633 905220 516661 422870 722957 559439 350945 ,30103 905250 745894 905220 516661 559439 350945 662748 321520 718044 
999715 536772 997922 800542 655054 638794 992613 565730 406685 959475 ,536772 418122 113524 891636 959032 879099 637058 152019 560052 676955 
292719 901502 293396 284158 153866 263687 294812 186488 455055 294069 ,292719 901502 293396 186488 294069 652656 161343 156942 279005 298085 
473904 363779 782996 234768 641360 471568 508353 364029 972018 641396 ,473904 363779 782996 508353 364029 437569 641599 186337 294648 648006 
890578 890408 211917 212710 576913 230148 212786 397719 617159 578166 ,890578 890408 211917 212710 576913 212786 397719 617159 578166 769792 
476667 479923 893264 476999 477986 810808 405903 537053 405950 53127 ,476999 537053 405950 526344 86749 39780 319418 315477 229807 691132 
890860 890281 890466 892811 892691 891883 892838 889058 805156 892842 ,890466 892691 916441 851908 877635 857967 847228 854302 847006 889129 
70067 325058 500624 601780 528913 535892 917430 447905 358327 295727 ,500624 535892 447905 647193 334882 962441 7161 410207 56941 494185 
833216 828893 894752 853281 828936 829409 766224 18192 765029 103567 ,833216 828893 894752 853281 828936 766224 766079 140514 765841 603050 
720867 294056 527490 570628 770976 177943 102044 943629 781457 712258 ,527490 570628 943629 523468 701132 924157 740521 85003 781652 89449 
68827 69262 68439 553812 280293 68501 201554 265832 663444 546370 ,68439 416448 573544 195743 92360 699388 97077 952659 467845 46794 
127327 927210 792278 128770 111489 347120 227566 498862 198418 277234 ,625871 150555 100277 341157 486682 44960 400557 859672 754121 176239 
867638 44735 479492 211449 594248 479577 497883 566030 867635 441446 ,867638 44735 479492 211449 594248 479577 497883 867635 441446 737183 
627172 32096 959309 113840 656766 671241 621239 656626 450191 613588 ,32096 959309 656766 656626 613588 258389 246889 539817 861807 788593 
834410 834431 553565 540053 540046 540214 769842 249810 539875 824715 ,834431 553565 540214 249810 397512 211104 219750 523155 947197 223725 
6266 934856 724357 464914 830823 497912 516571 502445 487152 486209 ,6266 724357 464914 830823 516571 487152 486209 474568 831174 64801 
932544 933125 831902 194126 16342 489355 871505 184339 10696 692298 ,933125 871505 2454 754683 491151 531234 178306 461474 333384 368371 
294268 587475 23725 148099 389431 126640 677629 829916 428833 715073 ,677629 59695 397933 614436 23745 294115 381306 305724 402424 687665 
324395 204301 268579 184989 990812 918654 965172 56180 296258 748779 ,184989 918654 296258 327839 221661 332672 309434 185177 979822 30780 
208015 770767 64785 770613 358834 208106 598967 58398 49167 99337 ,208015 770767 64785 770613 208106 58398 99337 572326 616393 5881 
171395 137089 236028 678054 369422 925522 301561 748 833963 165078 ,171395 678054 369422 925522 833963 165078 836227 350176 591469 124693 
681831 681950 822746 733354 740907 363106 222765 769009 977946 525199 ,740907 525199 681802 487805 733543 438344 742912 435676 901860 603543 
301808 414141 341650 560038 208178 7209 509319 953542 645711 969862 ,301808 414141 208178 7209 953542 645711 649611 803780 762610 789655 
724499 109803 464687 485080 678916 860491 372221 95352 95046 920434 ,724499 109803 485080 678916 860491 95352 411325 298916 17894 875667 
767134 28475 570798 570943 760126 756363 648166 252481 766366 839067 ,767134 570798 570943 252481 839067 443464 756378 27764 716973 611715 
544911 200656 385923 708219 328726 358671 693401 604602 704012 507371 ,544911 836729 818334 328932 798880 764961 598660 355960 284430 466390 
486771 406674 844103 596900 406021 899201 935440 481817 861773 933276 ,486771 899201 935440 842294 21640 633896 540576 997177 484517 901164 
879790 441678 840050 850948 918796 682848 830837 69071 248046 756874 ,879790 918796 830837 384875 206708 248932 577059 556127 941392 229470 
343744 552110 355588 283801 1428 343061 539594 312250 324982 56940 ,791522 257096 634958 232127 175356 678122 333321 539592 512574 807982 
917189 15245 735591 13118 202689 266967 209546 495356 187569 398166 ,735591 13118 202689 495356 527689 880732 717182 473818 174349 122636 
279552 822298 822215 684459 734839 397159 523115 637961 158172 347532 ,822298 822215 397159 404274 403268 530937 424464 536106 524865 393318 
200181 264459 562041 199811 264089 191485 561222 13183 908441 895009 ,191485 561222 564079 859316 563997 755152 564008 223884 876779 594828 
128945 951430 109502 213576 950952 304873 615496 70750 244535 491487 ,951430 213576 950952 304873 615496 70750 162329 664770 288633 798240 
778412 778617 404120 982898 256973 25872 255937 121753 896040 399901 ,788186 417563 778711 954652 896729 944001 249032 834360 35312 363244 
41125 655811 837307 816328 423170 655278 816410 42199 816930 447493 ,655811 816328 423170 655278 42199 447493 41543 837262 828299 821378 
44552 648438 530990 325540 406947 262092 553263 368825 664824 809732 ,664824 809503 353296 323532 620570 527465 215649 694467 499108 665002 
780387 397498 480486 531322 961013 252382 749019 636286 218185 633853 ,780387 480486 531322 961013 749019 636286 218185 708361 961041 385435 
625703 309324 968604 794082 326371 531042 776131 645520 412097 442732 ,625703 309324 968604 794082 326371 531042 776131 412097 442732 31782 
351823 282011 724793 977360 281143 280740 949578 91935 339321 967369 ,282011 977360 280740 949578 91935 645264 512689 887564 46254 628015 
492447 734799 278723 151146 932467 529851 151169 515293 869599 83056 ,492447 151146 83056 571478 569187 763422 872108 817017 490797 564052 
574280 254774 462931 890390 47256 574065 227215 368766 246759 455966 ,574280 574065 601859 601031 406238 573516 130918 55760 571389 366240 
922838 167790 10756 166882 226737 907595 240719 861852 935250 46676 ,922838 167790 10756 166882 226737 861852 46676 333824 737301 969507 
590675 415082 417316 794144 415210 5839 543343 303101 354420 355126 ,590675 415082 417316 543343 354420 479537 462406 258751 83737 571536 
400762 339063 472312 699829 410049 921539 472136 373527 921219 627845 ,472312 373527 516587 44283 195953 51402 953020 7217 292857 352948 
547571 933191 971146 493374 82527 669014 307756 173249 176561 157424 ,547571 933191 971146 493374 82527 669014 157424 132878 89275 932766 
328275 761458 642816 391546 496750 339716 588977 739222 733297 973348 ,328275 391546 339716 588977 739222 973348 780331 763428 471954 246931 
485304 688494 645199 484447 684090 481561 687892 41128 604041 888601 ,485304 684090 481561 604041 888601 736195 874978 683768 687615 665160 
816204 354035 817250 816979 816529 655164 757882 815983 836660 610030 ,757882 815983 816754 339663 655411 445809 618400 817329 760588 608773 
827991 834850 827530 19225 105811 314648 678946 812783 321340 349852 ,834850 678946 316105 106277 377647 930692 580466 623543 865271 198421 
548847 344230 936307 523801 139243 683876 437661 357892 431738 988919 ,936307 139243 357892 431738 149154 715283 888754 958451 186543 100685 
350640 458018 305089 910827 974826 312817 458046 764963 777097 616215 ,305089 910827 974826 312817 458046 764963 512929 364197 255976 294966 
499964 643770 208014 769088 826818 116693 289642 289439 49667 535066 ,826818 289642 577719 697646 379325 779988 470218 470126 593187 229297 
416646 646221 339601 909076 278897 645827 786067 864260 493933 574712 ,646221 278897 645827 786067 574712 634713 820252 985276 222750 236563 
708237 508307 657178 455229 679750 261635 892017 319399 802832 424361 ,455229 679750 458972 494274 790013 495805 452568 569023 728185 172091 
397232 614649 336743 905226 691051 338046 401101 573437 398059 245616 ,573437 137422 290912 337370 200985 717240 714027 536297 203759 694462 
713060 17551 222013 18503 790061 629494 291035 59936 185465 452147 ,17551 222013 790061 629494 59936 541617 431175 631983 396499 660532 
670246 528475 748159 118897 466736 506796 466776 686820 158206 528422 ,670246 528475 748159 118897 466736 506796 466776 158206 465309 740951 
93995 843589 69481 732764 432082 166314 733148 560205 867649 84348 ,867649 272334 69374 883287 309753 711048 10399 390089 906215 711032 
57082 165444 887720 955285 723577 166336 56519 878372 853686 911021 ,57082 165444 955285 723577 955944 956668 906521 226537 191066 253312 
296851 804770 795236 527873 187545 517668 363634 813065 429308 237863 ,804770 517668 12081 615532 868359 509282 690919 364889 685910 243637 
124941 534119 431155 125330 88150 859810 566691 659322 284493 728820 ,534119 431155 859810 566691 206449 90706 344081 293078 83378 741629 
305865 292379 469666 469672 294368 305442 535121 568657 535171 246717 ,305865 292379 469672 294368 305442 535121 568657 246717 691867 420906 
648943 787215 149299 620034 624867 665752 389364 114361 895682 731387 ,624867 649358 594899 674466 650522 764414 800980 619758 135290 375021 
951639 54680 9457 336740 380778 691415 96642 337246 364865 459456 ,951639 336740 96642 364865 459456 329886 822329 567878 951859 15506 
925587 211087 197652 276468 706890 234697 494363 616494 949512 442049 ,234697 616494 949512 344615 835474 390133 931003 69565 210932 168763 
843259 435103 153393 742092 662138 371884 513772 573418 573643 337726 ,843259 153393 742092 662138 371884 513772 261953 513168 431541 763266 
403320 373504 431431 442482 402951 431223 715716 37076 40268 545758 ,403320 431431 402951 431223 40268 775816 432074 763721 427977 483209 
328889 314866 532924 937855 370609 775729 5416 798403 619661 775585 ,328889 532924 619661 820120 343441 61178 533631 139695 815777 999817 
9513 84299 245803 9236 703414 877995 834867 741908 928944 739557 ,9513 245803 834867 741908 928944 739557 598611 376778 399826 846796 
422008 694308 775087 124980 641534 865774 832422 49027 120332 894402 ,422008 694308 124980 641534 832422 49027 894402 861678 622733 617250 
533105 492958 63214 340943 547660 312713 515385 689610 588335 965595 ,492958 312713 515385 235842 887147 453362 475634 227841 337604 363440 
881262 880851 207018 207112 448465 448539 852391 207046 107113 880734 ,881262 207018 207112 448465 448539 207046 107113 880734 979923 921517 
306647 327266 84380 843605 735352 330470 459154 280587 184759 715823 ,843605 715823 731915 49939 300141 843898 487855 124752 79797 392409 
21374 452815 140006 594854 510967 850323 192100 367248 452688 228200 ,504916 237150 312466 510899 206443 807786 423316 425165 723013 415134 
397650 402186 403468 399509 398470 344423 560025 401274 961340 190191 ,403468 560025 401288 936743 814271 911682 799636 897105 286491 987848 
4140 855864 980667 137875 77351 566688 855479 317021 320367 662047 ,855864 855479 542980 349202 102859 665310 827807 303386 855857 824434 
850868 851305 357911 25263 120348 125474 383639 328284 768598 982200 ,850868 851305 125474 383639 281093 324839 345707 981093 721837 925783 
965164 546193 868381 296331 963797 972290 23645 621500 965785 804801 ,546193 23645 384424 964248 538272 242085 457943 908731 724845 757780 
628946 412397 639434 622361 412358 22964 847802 134983 131314 736172 ,628946 412397 412358 22964 847802 131314 736172 753083 775423 109299 
739019 318868 489625 762869 161623 486874 694299 834808 27676 762675 ,739019 318868 489625 762869 161623 486874 694299 740756 311726 694623 
498871 497958 551108 61077 15395 987917 60613 198207 277023 901970 ,497958 987917 106599 43602 214161 503934 172537 990141 710391 756938 
856791 856605 29661 117458 920724 637762 53624 54060 303298 115598 ,856791 856605 29661 117458 637762 53624 54060 115598 277852 199036 
99696 797659 967048 345224 752994 109232 334509 691338 128528 795106 ,99696 797659 967048 345224 752994 109232 334509 691338 128528 622559 
850301 850318 521351 429122 846720 855529 850720 643311 846790 850819 ,850301 429122 643311 850819 46857 428841 475533 911719 24830 718845 
993203 275087 260914 98804 872294 728798 830356 450635 148699 105392 ,275087 260914 872294 830356 450635 104452 505622 520304 264483 152447 
454063 936377 430703 88143 247657 60493 788394 308436 327817 455665 ,454063 936377 430703 699759 426651 459567 276590 233397 804667 242429 
992028 830900 992015 483719 398178 961732 590472 513560 772529 103280 ,992028 830900 398178 590472 772529 103280 404614 102017 840538 854494 
281244 203611 267889 572559 661909 728777 662585 955708 604901 571224 ,203611 267889 572559 661909 728777 662585 604901 571224 448885 955694 
373078 48195 126730 642707 107479 869927 183429 2096 708301 183940 ,126730 107479 183429 2096 183940 118806 128160 848367 108284 156678 
511795 365248 276878 108901 564489 665559 512898 91171 222620 513068 ,665559 91171 376843 599719 509138 868171 902192 12968 784321 913393 
497284 497418 964310 859784 519445 963233 224181 483261 251953 614725 ,497418 964310 859784 519445 963233 251953 614725 15557 869362 353973 
383115 810065 782703 115318 8185 626509 851562 871397 801328 323494 ,8185 851562 323494 556642 807681 680798 520915 84231 717672 913503 
396589 393971 386278 863579 393122 118628 396378 706604 844911 771822 ,386278 863579 396378 771822 871020 871420 863979 678564 643 811808 
162210 795897 795961 32608 970527 921009 100643 678817 261340 658764 ,162210 719628 720008 166177 628853 435544 168472 522373 614273 390795 
13485 532636 322362 730565 925543 15546 248468 730822 870724 129404 ,322362 925543 248468 730822 870724 109275 619669 129561 126266 315452 
486814 572659 966192 649186 692000 125079 854408 914263 73439 898986 ,572659 966192 914263 873080 832301 211202 411515 212692 544060 453762 
233640 811611 794892 629096 182883 742461 488442 344134 574920 575123 ,629096 574920 575123 152929 220966 905994 47134 879006 430187 185776 
753867 753947 52648 255429 52947 537036 521589 260298 754577 754278 ,753867 753947 52648 754577 754278 770821 391609 82885 41407 947473 
351783 214712 182138 809832 583754 729975 724884 423422 711109 30568 ,351783 214712 182138 809832 583754 423422 30568 522205 145650 97440 
893461 188840 189131 694156 631294 661522 958958 228962 406404 910952 ,188840 661522 910952 450278 475046 328982 980043 665553 237031 560353 
170294 598044 721820 33748 165576 523706 79811 903842 795280 112340 ,170294 33748 165576 523706 112340 419329 521681 116894 782059 806416 
283755 540118 53389 736386 389573 54014 669114 825983 809979 882396 ,615036 69377 306228 646758 159635 833992 589160 895089 754279 282745 
667377 667484 103605 667334 667436 103703 797493 667240 103504 667533 ,667436 103504 667597 802810 655444 796370 764592 894309 449517 638315 
770248 38932 770585 811410 908934 39269 39150 760092 820761 999896 ,770248 38932 770585 908934 39269 39150 760092 999896 757817 38236 
929210 467004 338254 90932 328533 826882 804792 548331 478655 827586 ,929210 467004 338254 90932 328533 826882 804792 548331 827586 812585 
339483 72838 94716 637967 821939 93088 68351 68645 85906 338932 ,637967 68351 85906 815470 100400 30325 815323 551625 815283 520722 
721300 553744 508880 535863 349907 850778 389021 596834 10763 36696 ,721300 553744 508880 535863 389021 596834 10763 409010 479595 479080 
304360 301822 463148 5515 353746 442249 391408 19245 5325 507280 ,304360 442249 391408 456827 769441 665218 769037 271639 601137 576468 
112315 112882 112358 112263 761916 609744 248241 805090 731223 246620 ,112882 112358 112263 609744 248241 731223 246620 891554 54145 423655 
514266 514678 514179 514263 497622 726336 64871 683496 355699 498128 ,514678 514179 514263 355699 498128 62961 497578 831363 349561 95082 
918990 272434 225301 411647 544921 224616 13744 621218 842222 14472 ,544921 224616 14472 768224 979012 929507 630356 190621 852660 969165 
600995 601192 600892 602632 601131 601726 601010 717285 195891 828783 ,600995 717285 195891 828783 752374 755968 736336 310066 638315 790961 
667334 654000 981128 720900 756335 907666 721171 894309 642991 445539 ,959524 853125 567909 641601 642179 802810 656247 667436 423844 667235 
828937 829982 677868 836752 767088 765371 677965 750622 758390 820241 ,767088 677965 603051 991700 984772 484186 827248 628673 766668 630578 
58181 295342 313344 335115 730759 296644 242881 959375 682763 486763 ,313344 682763 486763 323212 451726 372129 313859 976077 143302 100580 
848659 447531 447328 759276 759493 447603 761723 837162 594219 142180 ,759276 759493 447857 446906 375202 446733 768187 447025 447927 375051 
835065 911499 595174 965900 965486 489977 392482 831478 905425 811169 ,835065 911499 595174 965486 489977 905425 931746 530374 919388 396790 
55525 876561 340234 830700 132163 55419 218502 694677 876464 946008 ,55525 694677 876464 260842 944442 288926 193340 16135 753479 414035 
948445 224168 766718 70342 868016 762637 207295 223733 865273 905652 ,948445 766718 762637 546785 969180 932934 223884 853200 807530 443365 
82894 495802 522233 494946 529209 231967 105595 664904 230835 158397 ,664904 519465 188355 231258 663476 70082 662743 735113 502954 931603 
935053 192676 271492 195343 274159 94972 158595 519920 956332 510969 ,531400 460917 939289 625594 184964 512556 458160 889476 216545 968310 
848528 848272 849212 44589 44637 775749 673759 805533 814278 536330 ,374054 673411 673651 443205 952857 672618 673121 540084 825257 763955 
521152 898299 430518 402428 448639 784543 262013 719164 788247 572916 ,521152 898299 430518 402428 784543 719164 788247 498096 748169 497766 
985430 194270 273086 120981 578457 894980 578237 536219 985517 819477 ,273086 985517 21541 862 681486 535771 169801 360 195606 458816 
355464 602373 614878 77233 125194 853647 366946 910770 567774 599184 ,723495 723433 156335 159022 632030 850870 814598 995497 944647 615452 
496487 389393 431758 603410 170916 553157 431165 283868 990415 694335 ,496487 389393 603410 170916 553157 431165 283868 990415 130830 98664 
131717 297702 17684 198982 277798 727424 868423 922857 725788 138280 ,131717 297702 727424 868423 922857 725788 305732 276766 300403 64182 
341168 412092 356937 893313 902337 413638 455032 241024 768763 413142 ,412092 356937 893313 902337 455032 241024 768763 413142 811695 173006 
644280 640580 456032 828325 45803 769434 40462 569370 879153 878913 ,640580 769434 40462 101685 720155 337768 562580 454992 536311 350977 
528119 803747 375414 813111 529583 483934 353999 812985 827584 12414 ,813111 483934 353999 812985 293689 431939 660474 454282 482785 714986 
569279 569315 154572 501910 153376 121931 157716 920599 82909 152404 ,569279 569315 154572 501910 153376 121931 157716 82909 152404 305081 
946938 940567 940575 946904 946903 466768 502454 89653 6562 219937 ,946938 940567 946904 946903 466768 502454 89653 6562 530061 502467 
31629 68360 426465 558357 482791 536469 776801 94976 932260 305045 ,31629 68360 482791 932260 305045 724538 472860 61496 814838 40262 
117836 153558 931020 847666 407223 87914 928577 255370 1092 900604 ,1092 577102 984934 702598 47712 578357 656894 225145 123003 688719 
247546 84884 106065 688073 456004 728020 418550 543338 930338 214676 ,106065 688073 728020 418550 930338 214676 705707 597837 285673 453230 
419218 850977 411349 411415 450217 604959 908139 217248 375478 824351 ,419218 850977 411349 908139 217248 824351 891638 411401 326397 864384 
354162 945845 158544 615730 601153 1294 871940 839278 19688 864918 ,945845 158544 601153 1294 797466 221178 66195 22223 731045 367103 
974127 949351 410354 155865 695173 789528 955638 817636 674244 974944 ,788838 417652 126578 906605 83393 489476 246863 725689 952862 707955 
88995 929579 929782 639590 254941 254708 317031 749358 774937 749513 ,929782 639590 254941 254708 317031 749513 712570 247487 715630 676492 
643059 22222 22480 877450 641848 877349 765863 440028 124792 129718 ,643059 22222 22480 877450 641848 124792 221918 359915 435751 23027 
460497 453565 600415 935841 664975 106827 322784 282436 524231 524499 ,600415 524231 124257 275843 500033 88856 429913 874893 338071 197841 
34529 33910 610920 33968 450360 8243 789756 370344 451468 892281 ,33910 33968 450360 8243 789756 370344 451468 207457 474290 926578 
738084 737881 313610 42116 987621 341460 415517 911963 323183 12057 ,12057 387892 471091 889394 241277 421743 189630 82566 120696 860090 
462716 455948 456685 419897 231339 356603 165496 515368 316027 71626 ,462716 515368 25442 355978 149630 402712 402740 314250 344526 842912 
499567 426442 258006 751060 726751 425683 594333 88429 108823 822229 ,499567 751060 726751 88429 288703 166356 760560 65037 596829 156252 
416683 151159 600977 54361 337013 567881 599066 214705 495412 600881 ,416683 151159 600977 54361 337013 567881 599066 214705 495412 429041 
503482 523899 431176 881579 482628 484817 417139 107212 430554 880498 ,503482 484817 880498 867917 842224 797694 542066 843117 488451 880059 
375010 837192 542836 144554 551378 260885 857748 398817 543774 401379 ,375010 542836 144554 551378 260885 857748 398817 543774 401379 913797 
508378 799253 12523 795016 972563 125060 123064 971585 91196 797417 ,799253 123064 971585 797417 305716 685236 295158 122754 521962 572235 
174171 188948 691547 437452 764544 299248 580843 744437 580173 386812 ,764544 299248 386812 391475 388433 470326 253645 912121 233292 569645 
416772 103147 899513 481036 201240 265518 618332 491166 377162 782956 ,416772 899513 618332 491166 69306 718927 968058 68959 562018 718822 
579073 323363 598805 324719 371412 205846 270124 284401 597841 812409 ,579073 323363 598805 324719 371412 270124 284401 597841 558317 100457 
613694 745445 574870 939984 288014 389378 679300 575611 404890 87681 ,613694 745445 574870 939984 389378 679300 575611 681853 747244 146988 
740440 73768 962854 740142 350116 97608 661242 740203 798749 857095 ,740440 73768 740142 350116 97608 740203 798749 857095 739913 432013 
393222 432201 981693 460396 933767 323952 693145 724352 663638 119774 ,393222 460396 933767 693145 663638 257641 390178 167291 432795 123301 
305018 278876 306119 305126 292141 351028 278628 278990 496774 292357 ,305018 278876 306119 292141 351028 278628 278990 496774 292357 496735 
480452 337273 685910 480719 795253 321573 491804 739951 99212 819127 ,685910 480719 93938 658455 313894 364670 740029 170025 469275 89386 
36786 469319 424038 452152 502158 536366 408247 560439 960799 787842 ,424038 960799 448354 905012 560104 905043 560328 458463 905033 131572 
360005 359722 344817 345965 819978 852296 884318 229142 918819 677000 ,344817 74025 523928 385440 58335 583349 936420 668497 1699 862980 
776995 323253 517197 331343 287301 772192 380296 780356 797323 98956 ,776995 323253 517197 287301 772192 380296 780356 797323 698995 780308 
23920 79479 704772 714059 168402 281565 430986 212563 786016 413806 ,212563 22092 344827 923882 693936 188795 50363 516867 474203 188882 
637866 446037 446542 480756 15556 720161 444984 887936 445062 670896 ,637866 446037 446542 480756 15556 720161 444984 445062 670896 390599 
678937 635987 636276 770088 127560 678701 634772 616818 146727 967175 ,678701 616818 967175 755020 416710 147778 385988 488633 410173 632404 
646853 136220 895804 708599 608674 6602 227564 799193 924654 895753 ,646853 895804 708599 6602 227564 924654 895753 608390 142472 608473 
5084 79548 789068 168390 79696 5138 79580 296791 451694 30336 ,79548 168390 79696 79580 296791 451694 559574 426862 823640 700820 
753966 478107 57139 162959 378745 958893 409806 718343 754687 747943 ,478107 162959 747943 390918 908253 82840 684977 251854 554115 635200 
291918 5963 955277 278725 363739 176129 717127 176295 366495 296045 ,955277 278725 176129 366495 296045 802361 560083 955312 717097 5865 
160551 752847 168613 230255 8557 279948 8339 499303 501689 283059 ,752847 279948 520753 8861 667784 279235 584940 530388 841190 586092 
188775 279854 188795 958702 663375 423109 190546 518466 566409 43435 ,279854 188795 958702 663375 190546 518466 566409 590790 780068 43260 
733478 609585 503084 462296 90815 634321 515904 59164 734979 462739 ,733478 503084 462296 634321 515904 462739 304044 133477 468515 898569 
497470 708018 502771 184418 182701 425517 274366 857523 563551 426206 ,768230 832301 713325 226909 598560 209373 572141 966403 224085 967692 
637573 681432 897258 451783 43811 951512 451656 829362 84463 891158 ,637573 681432 897258 451783 43811 951512 829362 84463 71610 418686 
226258 889585 210442 885838 933479 594376 546122 858605 923950 647256 ,889585 257692 852552 564160 103816 924249 892881 207635 853933 14770 
642799 643199 643071 642857 6269 838112 643514 417474 643439 643911 ,642799 643199 643071 642857 6269 838112 643514 417474 643911 898395 
8307 4867 5163 736313 379937 204740 269018 736242 307089 854607 ,8307 4867 736313 379937 269018 204740 736242 854607 632609 930719 
503125 676306 532727 810992 967365 169558 174022 514819 817056 817333 ,514819 404180 503130 751035 772261 352317 841148 681247 433726 858966 
825747 221343 912726 375422 486155 919984 785178 657160 997132 993853 ,825747 221343 486155 657160 190480 851158 655257 558113 710876 102825 
1507 522894 365989 392410 497613 785270 154718 519689 441091 808995 ,522894 392410 785270 293152 973034 393209 140285 20934 482886 912737 
21191 245694 529932 802150 308366 810942 323454 243142 299731 368234 ,21191 245694 529932 323454 243142 368234 365554 576103 365963 17427 
694724 399795 501326 283976 252289 723539 998359 985416 844708 221735 ,399795 252289 723539 221735 781489 46067 529532 998610 661217 998392 
41182 558408 428066 547525 787907 23652 186362 547418 788305 926600 ,783018 138700 38633 880095 278754 218848 40924 558424 116003 271897 
888625 554055 560701 541835 115658 559514 73402 71589 541838 554238 ,541835 559514 259022 546929 47873 953668 812633 996761 345819 224187 
519263 828028 827518 432773 465108 924309 924010 194263 691631 535854 ,519263 465108 924309 924010 194263 535854 690091 537100 519629 201149 
151497 85192 9416 23505 152709 708756 814663 85919 26512 253757 ,9416 814663 26512 464309 489512 815523 815379 815280 29994 815286 
427036 458835 186468 554660 460220 215645 495977 284747 459925 926378 ,495977 284747 459925 926378 454373 951157 886674 785392 458263 426883 
13085 314873 145127 452000 13123 505499 15249 698269 112047 14908 ,13085 452000 15249 112047 14908 554931 839660 521533 15092 416844 
676529 824189 978075 837240 642835 616406 557842 771586 800997 904270 ,676529 824189 837240 642835 616406 557842 800997 904270 656530 770320 
533979 785161 429364 507197 119627 166685 119181 583724 747592 168565 ,533979 785161 429364 166685 583724 747592 168565 305980 549052 925128 
391843 796558 341016 865167 552617 177612 682343 8047 516098 898573 ,341016 682343 370514 865785 89997 302304 114700 325891 357888 344827 
596402 107882 123664 183701 525188 690784 123758 22104 315320 690489 ,596402 107882 690784 690489 738213 169162 68907 527936 124415 30567 
780624 221340 221557 221841 780738 555247 152578 554890 422638 336711 ,780624 221340 221841 780738 555247 152578 336711 751001 762429 175518 
805528 800300 287657 796434 418689 800512 686207 922072 796657 956201 ,805528 287657 922072 796657 956201 991615 931067 887842 820587 995954 
297974 235765 66125 978211 62749 521695 495232 806879 32706 796810 ,235765 978211 495232 806879 751178 873744 31573 467017 339373 81501 
187230 835358 884822 669818 223781 718379 417382 439880 283521 227664 ,835358 718379 319662 452474 805719 502084 29685 466879 458303 140869 
950578 361865 202208 266486 511151 280097 796549 572219 168917 415085 ,950578 361865 266486 280097 796549 572219 168917 415085 465236 855087 
423577 616667 994922 616363 603670 654785 654000 716657 423751 472805 ,616363 654000 716657 423751 654195 473455 804482 765690 375007 764024 
687240 199128 277944 307095 630542 609599 782234 899982 318688 390405 ,687240 277944 199128 609599 782234 617330 397192 616882 403252 487205 
423283 422737 422695 366865 368271 106831 189215 219518 321959 394181 ,423283 422695 366865 368271 189215 219518 321959 719249 365784 593913 
587961 987941 799213 553911 380413 298075 148030 597900 3581 299897 ,148030 634428 904730 142077 195537 508 194321 929473 549125 670998 
385008 108690 717165 615505 985789 815996 615444 569557 784881 338126 ,385008 108690 717165 985789 815996 784881 816619 983155 88926 552425 
172456 134798 425504 240095 275385 202444 266722 811357 150254 173923 ,811357 150254 950925 298166 424203 31798 599660 422808 785934 314850 
790181 866454 468485 611386 96319 936917 231744 511203 438159 805733 ,790181 468485 511203 438159 866170 160071 142754 468513 459327 500217 
874958 516282 604586 950019 401961 866540 483468 620691 484946 675587 ,604586 22625 931169 484749 921440 674739 862350 836672 204817 665828 
901759 478605 800125 64050 346833 811172 993927 443082 477325 410675 ,901759 478605 800125 64050 811172 993927 443082 441068 55394 408368 
795684 963099 998368 374933 868610 963343 330139 780856 718511 780919 ,795684 998368 868610 963343 780856 911247 668497 583349 720428 219495 
806652 684620 346277 199861 264139 225291 544182 354025 83741 101333 ,684620 346277 199861 264139 544182 101333 848031 422699 720041 458190 
744259 636494 636644 413096 634240 555645 231284 718534 412644 906303 ,636494 413096 634240 412644 906303 717309 75408 338172 262054 341827 
692609 487048 515537 484346 199426 757943 172436 363660 171528 517197 ,692609 487048 515537 484346 363660 61842 946957 321845 515802 920942 
524872 235123 209978 529929 940946 777563 596395 554697 306054 941430 ,529929 76349 808585 272016 808739 420874 522118 174637 749140 496917 
798569 66572 798231 66338 128160 126730 802017 206912 271190 206161 ,66572 66338 126730 802017 270439 206161 986643 304304 956201 483761 
224485 806061 919291 805909 216568 93227 843356 225708 315089 751012 ,806061 805909 216568 93227 315089 868369 768573 324613 893359 929647 
98673 539945 227184 98746 954508 800237 809522 664053 365092 788494 ,539945 227184 98746 954508 800237 365092 98668 262581 797727 797333 
997659 749408 354159 502338 340544 915551 714719 424242 24597 407203 ,749408 502338 340544 915551 714719 24597 352501 739541 648128 222381 
647274 576851 192351 756379 838606 449489 999980 611590 829566 961575 ,647274 756379 838606 449489 999980 611590 829566 961575 648021 755306 
81582 482622 483421 483198 109415 289659 221352 720579 771717 84622 ,81582 482622 109415 720579 771717 810768 883643 18128 810537 379189 
890806 770722 828747 734503 737887 743912 558861 39243 734296 558779 ,770722 743912 39243 287663 480052 896919 108689 8460 282038 38563 
629514 57012 55883 629049 56924 283613 838711 811342 811026 800569 ,629514 57012 55883 56924 283613 838711 811342 800569 137561 320811 
427022 443274 839514 654916 655433 654898 654712 656649 656992 442685 ,443274 655433 654898 824609 558525 733461 649062 37752 655247 28239 
538387 537078 333750 29161 834919 896321 111480 111410 964483 258776 ,538387 537078 333750 896321 111480 964483 258776 669771 641942 266694 
257205 858281 881842 101292 601101 289881 101314 600947 807233 571468 ,257205 858281 101292 601101 289881 101314 600947 571468 545340 164720 
886034 536783 253218 480127 545727 253813 410455 261095 191213 758772 ,191213 541394 950953 759459 521356 886961 897858 862035 191239 667023 
101705 887817 888638 428771 639155 638982 375194 428732 470928 844644 ,887817 428771 639155 470928 616647 625005 434519 58036 545277 858345 
670314 207046 207112 60313 207018 61923 920361 390378 60975 919461 ,670314 207046 207112 60313 207018 61923 920361 390378 60975 919461 
374749 945359 89504 768715 993777 616889 113070 481805 44799 887375 ,374749 89504 768715 44799 807791 54793 532438 949020 758477 374323 
614814 223987 952563 946695 949400 614472 169696 809495 857318 331679 ,614472 809495 906309 958116 857575 314914 270814 912042 13823 274351 
22344 22321 428514 361623 316434 689292 359334 251440 177431 846650 ,22344 22321 428514 316434 251440 177431 550706 498332 745421 717153 
952213 945449 393380 180406 12451 125681 706574 523245 32739 116939 ,393380 180406 125681 176897 486336 96105 246049 374155 176902 796622 
664408 455810 43981 664677 509548 146717 713492 454653 166960 333354 ,664408 43981 664677 146717 713492 454653 166960 186763 143293 107149 
930825 930517 930581 485077 728105 139270 782740 184590 590322 897961 ,930825 930581 485077 139270 782740 590322 897961 651118 789418 901321 
61835 61507 246035 223594 61643 46161 96333 843523 14287 374546 ,246035 46161 199197 522522 543665 543743 987142 842425 92812 977374 
271986 680421 214666 796259 272386 807307 135216 506041 27801 484902 ,272386 484902 769405 561092 561373 183009 731746 407696 480341 467640 
396100 374522 934632 836293 834172 823213 836393 748361 544040 440443 ,836293 544040 440443 519002 401833 823391 20485 997947 223813 454865 
71185 411860 511102 223968 357725 279328 321240 966549 321010 279118 ,71185 511102 223968 357725 279328 966549 321010 279118 511363 609203 
402054 398535 401586 984661 299537 405448 715619 877708 809365 451238 ,402054 984661 299537 405448 715619 877708 809365 451238 718469 568398 
442338 686871 607387 572275 337480 888177 337165 940710 101617 44487 ,442338 686871 360857 535188 947028 572800 907362 421082 638814 427021 
505574 611665 219148 448603 548647 404068 174658 107647 338454 31656 ,886815 325473 323670 835994 686078 84943 630527 291783 509596 387259 
347014 346226 665101 426659 113312 607352 471143 373446 347257 62021 ,347014 346226 471143 373446 400572 44713 236302 787404 793816 94840 
485977 368276 454402 369275 459524 453652 872229 693063 510736 629193 ,485977 368276 454402 459524 693063 62825 17396 253750 473766 462507 
184396 794228 400378 805080 85252 465356 182909 75575 688737 196534 ,184396 794228 400378 805080 85252 465356 688737 137930 20568 132612 
754868 877079 48196 580388 274535 889763 48455 921384 577964 362563 ,754868 877079 921384 538619 196615 149372 794043 274102 922846 543166 
235969 685143 68605 592192 955518 234659 91491 554017 938003 201080 ,235969 201080 385852 484931 483696 433191 972031 358602 699064 935756 
8733 713661 526828 583754 910860 29091 346500 433026 527905 353389 ,713661 583754 910860 527905 353389 551651 551745 993015 662649 713646 
725916 590840 912963 604641 35112 843438 105134 122249 531216 904729 ,912963 604641 105134 904729 855691 634622 508356 588214 359095 429807 
447299 824480 447431 445924 885911 446050 891538 446126 446398 445740 ,447299 447431 445924 446050 446126 446398 445740 447006 446302 446152 
451377 345896 8313 818276 483874 74023 404414 974109 370171 49853 ,8313 818276 404414 370171 49853 333476 246272 500367 347147 439759 
424826 569038 426301 568983 425647 820566 423288 828468 448293 446593 ,424826 569038 426301 568983 820566 423288 448293 446593 447156 827896 
758034 759921 758289 757474 759098 136890 758204 758503 568011 995879 ,759921 759098 136890 758204 995879 970056 758734 569066 568519 568737 
514968 772628 482310 773351 924293 242648 229445 526292 233604 513752 ,514968 772628 773351 924293 229445 526292 233604 514864 979044 455239 
223912 678630 348209 173037 690542 346354 678861 172020 865948 393938 ,223912 348209 173037 346354 678861 172020 865948 393938 542181 899897 
37930 37882 896104 39108 639940 38743 604764 447104 767837 558410 ,37882 639940 604764 447104 558410 37629 54549 559142 375968 767998 
219711 589065 412674 232450 220752 220007 526210 788596 168980 548721 ,589065 220752 526210 835894 598303 222575 930376 795299 392302 547331 
897561 942982 228895 217460 572515 572644 527676 796514 878831 715251 ,228895 572515 572644 527676 715251 468816 288011 468829 832364 879055 
855267 769104 477629 924250 753652 810173 795206 387022 553973 83163 ,855267 769104 477629 924250 753652 810173 795206 553973 83163 52450 
427533 235150 427308 430751 573185 873565 87830 84336 46037 420716 ,235150 430751 573185 873565 87830 84336 46037 324455 573360 235497 
285625 350400 350388 284186 483582 391789 566181 349464 474815 336823 ,350400 483582 391789 474815 255800 349665 305321 9103 780146 459053 
981976 186362 643481 714245 717363 203413 267691 905531 976650 714447 ,714245 976650 642506 981314 654759 785437 716816 912612 604049 603836 
646524 646664 771153 646814 7136 8030 648287 568091 449680 709527 ,8030 568091 955708 115626 604918 859369 777521 960086 639590 698257 
711584 886088 541750 375335 541611 375629 544527 922709 913239 773648 ,544527 912211 934967 374808 972318 556154 966482 541665 885770 995267 
14881 12862 169114 74926 365340 516485 236566 373082 525933 232202 ,14881 74926 365340 373082 525933 552840 525635 630783 371375 932215 
738201 283328 876640 875881 988038 867255 282836 187147 496047 973766 ,876640 187147 611584 656015 358903 477009 952759 973996 812464 540839 
763865 263037 263187 677864 263668 502229 140932 876932 517504 701659 ,263668 199396 195514 307902 848624 473371 991610 225110 103533 729995 
586960 840004 496325 112560 585143 336215 931179 703292 958840 493391 ,840004 496325 112560 336215 931179 958840 863641 97501 291146 326518 
121447 600602 688146 834962 696802 189297 917887 164168 807205 687691 ,121447 600602 688146 189297 917887 164168 687691 320414 177973 551160 
692810 339952 973583 893956 580019 718719 165439 929467 973216 699806 ,580019 165439 929467 842285 533572 192433 683136 578814 439673 999451 
705909 591105 786064 781768 584062 28781 580879 575447 527761 309349 ,584062 80967 574142 894509 175740 775867 489237 369108 680825 9766 
803521 541728 232422 481236 530968 116867 128015 180313 829875 11613 ,803521 232422 128015 180313 829875 372397 829972 115198 724320 333126 
66360 173996 72371 688754 962857 211477 105019 127620 61592 762662 ,173996 962857 79850 502856 58437 146959 233250 400388 170827 92905 
582279 813628 291064 813252 354797 501738 199120 277936 387633 723765 ,582279 291064 813252 723765 229123 702765 204520 635102 436314 552563 
207406 39491 476269 39429 38432 480079 478204 476148 477124 478615 ,480079 218930 480164 55237 476695 477374 478255 478632 918583 638244 
925454 803970 703120 925822 389071 551697 4561 551748 747699 810262 ,925454 803970 925822 389071 551697 4561 133346 747427 700818 5166 
774932 679614 486360 932348 905419 563269 911355 454352 135619 706901 ,774932 679614 486360 911355 454352 454221 371199 393911 563572 680280 
610764 612295 610637 342549 610648 733475 743632 114445 341752 838316 ,612295 610648 733475 743632 114445 744421 166100 313390 649721 314276 
684477 632028 167804 168474 720560 684823 164591 719158 719165 684332 ,688 123625 716515 242091 377720 151790 699500 264328 390443 708851 
536106 140766 798041 932216 351536 153027 675418 551914 485195 31001 ,536106 140766 932216 31001 552402 711759 482344 747453 505015 79017 
922107 965360 961263 965848 425566 810782 896355 896220 965336 972246 ,810782 896220 769311 362525 982149 116863 917951 965759 977564 977833 
295532 844420 308087 63338 380527 812130 767202 630803 691418 187963 ,844420 308087 63338 380527 812130 767202 630803 187963 631411 25737 
757774 757668 756186 992728 755956 992922 991961 759532 756520 673033 ,757774 757668 756186 759532 672839 756560 26765 673969 756148 992454 
675101 673917 969127 652327 674011 900821 900064 214139 656206 673563 ,969127 705344 969167 673367 944015 839687 674719 766238 675262 911204 
951389 895068 354083 645349 470316 547437 950135 942978 212779 352747 ,951389 895068 354083 950135 942978 352747 275384 197471 276287 943753 
199244 866928 309668 413077 189596 35782 936656 628726 825295 708049 ,199244 35782 936656 825295 708049 167620 479344 115561 508546 88882 
735197 735082 735236 735128 59237 174605 56095 615559 88935 174668 ,735236 59237 174605 615559 88935 174668 560319 348341 280139 305001 
63789 31059 74788 751636 866028 725193 480641 522735 259963 722641 ,31059 751636 866028 725193 480641 188428 242486 88102 17295 846911 
642468 642760 642947 644295 642414 643427 644081 643501 643434 642791 ,642760 642947 644295 642414 644081 643501 643434 642791 643271 643692 
675383 673188 230497 489419 559591 414748 558576 625979 382385 819263 ,673188 559591 18731 771436 179625 233163 674243 994820 440428 488258 
232106 959252 452255 915337 71747 958790 915356 956229 551164 231004 ,232106 959252 452255 915337 915356 755873 550816 448878 44907 864688 
112898 222847 134177 133487 618899 412636 454689 244353 140535 622768 ,112898 222847 133487 412636 140535 622768 145041 220879 197041 162319 
576397 575726 578101 587865 430547 526660 883611 256649 738331 588301 ,576397 738331 159470 254426 288090 610934 517103 297307 502286 510357 
778813 190802 655168 653431 653280 655587 694831 190811 826746 778914 ,655168 653431 653280 190811 49103 655566 48727 652987 812733 715437 
140396 223530 881365 14257 987360 782469 416490 598613 810307 113284 ,223530 881365 782469 416490 598613 113284 13797 276389 197573 136818 
240230 227640 269329 59746 292354 716896 206931 271209 82274 204433 ,240230 269329 59746 292354 716896 273735 279177 274947 804239 535121 
129706 937223 407573 109639 185239 936455 503741 966174 99627 965773 ,937223 99627 288576 95793 128832 882858 878695 561139 48960 137131 
540567 959062 540593 169370 223151 879884 514635 60311 889255 600568 ,540567 540593 169370 223151 879884 514635 889255 600568 61921 880147 
63744 281304 834308 532983 280607 448856 282971 455127 280916 503709 ,63744 281304 532983 280607 282971 280916 175187 23990 281569 131044 
777449 96288 98499 70132 950432 948676 943502 245130 472366 94767 ,777449 70132 950432 948676 943502 472366 94767 942137 937902 937396 
636835 82812 100678 100398 23452 926663 100181 814715 79087 815396 ,636835 23452 926663 814715 499273 522168 58791 699272 396850 321576 
397250 96679 867410 668098 506864 490940 875876 369486 872858 399455 ,397250 96679 867410 668098 506864 875876 369486 872858 869566 933141 
681453 301467 933114 254030 241412 617845 195782 274598 888496 358626 ,681453 933114 254030 195782 358626 467068 958987 575238 529665 337222 
529248 911441 546447 497589 726020 292383 6681 786853 48447 153739 ,529248 911441 546447 497589 786853 153739 498054 61389 6665 628023 
130469 810583 216833 207394 762920 129894 615959 369904 129834 5528 ,130469 810583 216833 207394 762920 615959 369904 129834 982833 881571 
446510 446679 447119 446049 445536 445721 447176 446200 446816 445697 ,446510 446679 447119 446049 445536 446200 446816 445697 445268 446893 
403051 925492 992336 35762 321233 625405 347819 337881 425462 114206 ,403051 925492 992336 321233 625405 337881 197820 201352 692852 925039 
797469 580766 914881 921967 579088 774124 848708 845502 345457 144836 ,797469 914881 579088 774124 848708 845502 359933 711076 900579 913988 
504786 808954 809134 503612 506748 503220 830707 744392 249134 252057 ,808954 830707 249134 252057 25354 856032 972318 825108 253438 374808 
359245 359380 347253 589153 375592 318915 375526 405449 630280 706246 ,359245 359380 347253 589153 318915 375526 405449 706246 993095 284095 
727734 651122 630978 547488 617792 664394 15939 67502 598235 550775 ,630978 617792 664394 15939 598235 267121 301003 96286 651660 683669 
38921 442760 216481 37894 655103 207069 767844 38739 559341 788263 ,38921 442760 38739 788263 216295 424726 887163 38978 656431 421054 
497167 692864 493431 370346 915241 520381 396629 370350 112046 524146 ,370346 370350 495282 352774 635591 471125 871104 323193 831411 675478 
876847 32068 908755 876781 913742 597046 32543 231523 865577 873204 ,876847 32068 876781 231523 873204 65873 924016 326990 583180 596865 
762707 545918 42445 500335 355430 356500 763004 648036 347569 913722 ,762707 42445 355430 763004 648036 696617 344227 894016 593470 252444 
385093 335309 288277 119074 534155 725543 295418 547722 575004 749907 ,119074 725543 547722 311015 691176 325968 835746 476232 599871 727675 
758138 821790 949758 251808 390289 948681 390431 770874 70918 977877 ,758138 949758 948681 390431 70918 977877 255951 219962 439871 391454 
362182 927803 188251 345737 930494 523548 363349 845158 947495 230134 ,930494 523548 363349 20695 502652 317605 860669 860736 972919 225143 
647540 648981 648226 649143 909519 550877 33687 550467 854718 854827 ,909519 259330 536941 910331 455672 783994 792797 35458 639717 213567 
497763 305995 577524 6172 836207 474462 466172 481868 306444 253197 ,481868 306444 998648 311025 634690 420837 796240 582294 200401 741290 
249015 316089 256177 819460 371731 748319 967534 420926 347430 309360 ,819460 748319 967534 420926 347430 567013 441689 963002 988775 20560 
520259 724684 735007 16498 748114 924039 520369 440923 297383 113582 ,520259 724684 735007 16498 924039 297383 113582 189538 510507 469804 
236587 719407 88861 174573 526954 85551 84407 188730 89569 804293 ,719407 88861 174573 85551 84407 89569 60412 305841 455976 749299 
558691 90361 494544 930645 404529 498826 558938 85651 110492 87286 ,558691 90361 404529 498826 558938 85651 110492 499177 80510 77034 
521632 890905 406681 602196 960492 920620 521294 895881 226800 71935 ,521632 890905 406681 602196 895881 53517 604403 937657 639125 222427 
73618 792766 908905 648210 802629 534668 653363 711062 709913 647068 ,73618 792766 908905 648210 802629 534668 653363 711062 709913 647068 
853436 741897 942298 293583 293731 796134 768871 693670 948981 692308 ,853436 741897 942298 293583 796134 768871 948981 692308 295405 591387 
194979 273795 818172 512314 140932 660751 699579 141797 950185 869082 ,194979 273795 660751 869082 390683 887231 666607 245278 236011 739728 
875086 28891 29042 251615 118374 56762 429959 675883 161382 157158 ,875086 29042 251615 118374 350356 288997 737899 304062 467700 10971 
923661 923537 233116 299902 849143 60452 789583 714458 789005 350088 ,299902 849143 789005 328303 520492 250073 101372 390422 3569 862810 
540430 637277 540133 540431 540353 540330 853805 540450 259836 578317 ,540430 637277 540133 540431 540353 540330 853805 540450 259836 578317 
901910 9472 344876 389269 468688 559277 768387 702667 543371 207114 ,901910 9472 344876 389269 559277 768387 702667 207114 313596 419877 
247857 305122 247414 659755 237249 305591 305223 351423 497245 236999 ,659755 236252 237682 427362 280815 293244 351667 279269 1001 502300 
77062 429461 390577 331215 499503 67641 749118 631522 594492 564787 ,77062 429461 331215 594492 191931 844239 398428 593972 928533 330379 
658501 425193 292862 279078 292380 337907 305861 446121 278763 429297 ,292862 292380 254527 292135 30695 665954 854021 307161 246716 23758 
259735 758544 667207 417132 255595 782282 417302 179722 607828 758319 ,259735 255595 782282 417302 607828 758319 221687 827731 388721 255506 
543058 733406 733332 421683 891704 754397 301247 749029 104754 471517 ,733406 421683 104754 471517 920649 852333 302516 728047 308894 987884 
229137 573888 567922 569422 988823 658574 520614 385077 84782 304043 ,229137 567922 569422 84782 304043 525072 567935 304827 87938 91645 
613768 48874 556554 614490 818257 774566 617728 423888 612816 48814 ,613768 556554 614490 774566 617728 612816 986501 912327 894919 775153 
915643 60901 728311 941215 248821 461564 940789 935203 15291 871625 ,915643 728311 461564 940789 935203 871625 695484 15726 196252 275068 
669516 310830 891447 207831 669323 916308 260045 661011 258807 160097 ,310830 891447 669323 260045 661011 886417 884576 542780 912211 374808 
412262 601015 600849 46794 412117 293726 413573 45666 251704 93627 ,412262 601015 600849 46794 412117 293726 413573 93627 497143 600873 
628039 305413 60566 924551 305519 69365 101383 343394 279167 628587 ,305413 60566 305519 101383 343394 279167 59807 344941 30448 926311 
76847 163671 988857 330266 584492 14197 10905 526641 672053 11928 ,76847 988857 330266 584492 14197 10905 327474 244496 971518 329705 
288699 99244 298589 299268 826945 499290 948295 365983 193798 272614 ,288699 99244 299268 499290 365983 272614 193798 86927 6131 293249 
970131 970607 575081 932310 153886 971972 932150 951484 318932 460461 ,932310 460461 235402 181635 235030 78495 989193 952151 490640 886672 
303410 307585 4167 106810 282765 152100 661264 517289 180681 50978 ,307585 106810 50978 566369 391896 253968 98789 228655 505870 98737 
8934 660507 496483 295139 21712 10246 622573 185819 298437 507644 ,8934 660507 496483 295139 21712 10246 622573 298437 507644 322658 
882863 623294 777571 609470 652023 777367 882643 964318 757021 899527 ,777571 777367 757021 117195 43270 145677 587260 912954 673758 904058 
350270 77531 696112 123066 130153 403386 200988 265266 74636 165811 ,77531 696112 123066 130153 403386 200988 74636 165811 74853 695782 
879941 880017 747506 973782 364780 580854 732141 880272 623818 576235 ,879941 880017 973782 880640 880217 947371 515929 858810 860969 519963 
734424 17196 743871 737870 248923 371869 886979 978898 886240 743740 ,737870 978898 886584 44270 826706 515592 891831 824782 414730 273035 
966781 166750 967517 162277 168044 229699 840941 284046 930477 588347 ,966781 967517 162277 168044 229699 284046 930477 588347 583704 957605 
912111 204864 269142 207619 22304 683017 842007 737922 863524 683033 ,912111 204864 842007 863524 683033 962218 906487 890345 226598 872550 
703522 993769 693339 225632 541824 964201 596695 13160 978337 851364 ,703522 978337 21665 430543 376917 358922 749086 683503 15005 432704 
283827 643020 337902 321856 643121 777154 793224 939867 973830 305612 ,643020 321856 643121 777154 939867 973830 305612 337891 547936 695492 
48027 441908 930241 49955 884094 373494 421035 320865 25757 645186 ,48027 930241 373494 421035 320865 645186 421027 902751 669660 963956 
533469 908236 717504 499022 210312 339884 874673 908332 718555 57135 ,717504 57135 155552 396231 202604 729151 356683 72161 701068 260643 
409352 901147 229931 642665 578490 448100 538480 409764 812248 314866 ,229931 642665 409764 812248 314866 386917 317724 36243 506390 189622 
921330 42619 868614 871124 82476 920860 983545 956479 511412 506230 ,921330 868614 871124 82476 920860 956479 511412 506230 508196 636431 
769507 424185 424308 261622 698721 517386 559595 72547 553771 707188 ,424185 424308 261622 698721 559595 72547 553771 363939 520686 569672 
38957 876630 851032 38753 447174 814447 37722 37684 38846 38717 ,876630 447174 37684 38846 38830 37867 807549 105059 37668 520830 
488894 790094 633327 87335 420026 420204 12501 84572 303738 793932 ,633327 87335 12501 303738 110806 165390 420422 149689 871254 84473 
51078 513558 188640 688022 304448 55175 729640 901495 329585 258699 ,688022 499669 461533 729146 671406 504783 688009 600327 72237 59104 
241302 241277 524924 100081 122009 104757 618011 411164 730306 151218 ,241302 241277 524924 100081 411164 730306 481020 158071 953359 282436 
541126 794021 680616 602354 657948 425795 971666 547457 43206 602242 ,541126 657948 547457 43206 602242 893399 541256 192323 968194 425789 
624324 624885 138331 834253 121039 844979 854527 854382 432507 22231 ,624324 624885 138331 834253 121039 854527 854382 432507 22231 121014 
894412 197287 389572 10307 876614 695263 521195 340274 513457 249481 ,197287 389572 876614 513457 249481 274540 250527 248794 417231 577964 
22625 22323 20942 21066 620410 393984 23043 848980 618223 774225 ,20942 23043 848980 618223 879184 622142 772464 918846 848884 948612 
954957 115952 219929 39719 42945 611526 113423 131545 470031 893653 ,954957 219929 39719 42945 113423 470031 893653 282245 974443 954597 
138920 948889 613538 811137 262836 780712 254776 355783 255839 255697 ,138920 948889 780712 355783 255697 668016 990819 942422 577904 989690 
286807 283425 860121 199360 278176 481693 648069 859376 561934 170574 ,286807 860121 278176 481693 648069 170574 93586 922658 204427 268705 
487720 705268 857495 600726 76968 88900 859361 748035 723786 772730 ,487720 705268 600726 76968 88900 748035 723786 336715 754240 540623 
776506 619959 621329 889997 986986 820119 341573 624915 384433 853773 ,776506 619959 621329 889997 384433 853773 247189 862148 327835 861744 
448826 222192 470580 308225 797937 730156 419577 300427 180007 244374 ,448826 222192 470580 180007 244374 521279 722927 419527 823751 521190 
246115 832106 658860 690294 830712 89665 575924 832200 920031 3691 ,832106 690294 89665 920031 371237 998241 957170 560504 225759 69413 
583702 188955 755454 990863 940724 953524 755380 13748 15752 609830 ,583702 188955 755454 990863 940724 953524 755380 609830 807927 188037 
180577 242536 458705 930099 248644 625553 203977 268255 441 868151 ,180577 458705 441 480460 902056 231921 268103 694560 721535 537460 
193350 272166 432993 630911 251026 128982 120135 394808 688690 298583 ,272166 251026 394808 405293 163302 393654 631509 796218 867317 78091 
631529 72264 592516 415413 142042 800512 369975 693194 930240 587379 ,592516 800512 693194 930240 587379 23189 386414 924406 30940 633880 
69657 663375 903117 637344 122060 455875 105154 524437 702915 903067 ,69657 663375 637344 455875 105154 524437 790967 278627 790904 26006 
397808 530171 8942 888977 517241 658991 678839 124018 8831 448515 ,124018 8831 678996 863388 679655 685396 628407 519486 515837 448805 
502381 669612 550426 209843 482229 844211 352959 123020 704360 502843 ,502381 209843 844211 352959 123020 704360 502843 449259 482301 671833 
700267 389548 29909 686012 685466 667130 697756 604550 701057 779948 ,686012 699788 410597 604317 604209 541532 246706 44891 604667 768139 
760853 898172 807497 537965 761461 896899 941106 940858 653579 940970 ,898172 940858 652679 467056 898870 300810 424391 653157 498234 2893 
173130 30595 428266 203515 267793 719831 235462 94542 819837 216495 ,30595 267793 235462 94542 475616 560634 720197 105872 541238 975716 
98975 796574 122226 952996 459398 949763 159573 26203 98926 454430 ,159573 454430 631693 509892 800225 293794 719578 458670 336878 452460 
145287 868568 337689 315823 356491 483718 108093 141565 163128 688393 ,108093 673744 868689 149531 519114 558960 7273 916666 118120 179043 
286600 290093 20600 232922 806717 127518 535571 19913 19758 731252 ,232922 806717 19913 19758 731252 284871 330900 706493 854252 400481 
216856 817829 818165 915968 856427 999166 816925 858573 568828 610162 ,216856 817829 818165 915968 856427 999166 858573 568828 610162 217999 
467991 351327 68512 337237 726001 68594 245246 713996 584161 154986 ,467991 351327 245246 713996 584161 4577 448428 658153 55221 584226 
615787 874101 581535 807883 31485 928283 798017 538297 864583 398139 ,615787 874101 31485 928283 798017 398139 475145 575984 949747 904686 
102291 975176 833719 102758 822053 979482 102007 698467 654393 218059 ,102291 822053 979482 654393 617498 670236 951186 373828 837559 259657 
840308 87779 448556 946465 315051 116109 392502 513294 787104 139669 ,87779 116109 392502 139669 723556 421718 621 2948 999431 704109 
810268 812567 810367 681385 105800 15032 378235 812952 928842 105912 ,812567 681385 105800 105912 397357 633146 652966 940727 99456 990518 
270256 490896 602343 890843 200141 264419 202497 266775 914620 86551 ,270256 490896 602343 890843 200141 266775 202497 86551 913953 190242 
715393 279194 127664 501576 429594 688749 158171 903191 569512 772761 ,715393 279194 127664 501576 429594 903191 292146 297309 426543 154466 
492433 501836 524556 82918 292386 493937 305255 602752 501419 825958 ,501836 82918 292386 501419 525688 713942 61603 248463 354281 190529 
789011 607202 885935 282018 606836 707344 363941 323618 417031 364745 ,789011 363941 417031 364362 417060 174603 797626 517243 550078 572910 
495821 900835 226522 226886 491419 596240 434188 70238 900510 58958 ,495821 900835 226886 70238 900510 69261 59136 906114 16075 752386 
758642 757255 876245 62034 756937 432577 280440 860719 853243 675372 ,62034 432577 280440 675372 957649 442535 499513 73693 751600 25970 
381582 534390 381024 514409 661523 358397 155160 683725 397866 1442 ,381582 381024 683725 397866 363917 948529 314094 487421 302073 97022 
845738 669370 427089 573957 48845 42150 4600 426694 48644 905885 ,845738 427089 573957 48845 42150 4600 426694 905885 559745 671185 
983734 249761 596505 311603 16573 984042 194095 272911 510582 16504 ,249761 16573 984042 510582 16504 510591 599389 261872 202140 506745 
993296 767210 835230 830224 833293 960197 787092 612446 838974 758806 ,993296 767210 835230 830224 833293 960197 612446 838974 758806 330585 
49837 616677 617456 383287 903621 782624 698031 468415 384413 409674 ,49837 380403 640774 478347 391115 671970 404957 391581 754719 918300 
327321 874455 957306 451591 328971 241066 753739 580212 414418 116417 ,327321 957306 241066 753739 414418 277465 764645 501192 284565 146592 
169473 551442 946518 150550 167053 943252 943884 846132 164510 717278 ,169473 946518 943252 846132 164510 854982 806824 289903 408290 101743 
257216 573774 573277 564520 826422 326180 439249 561626 873820 342040 ,564520 826422 921328 896321 883063 564707 813640 881401 786377 868779 
665696 818725 734026 484030 483175 406891 969085 250214 565193 819024 ,665696 818725 483175 406891 250214 331463 74288 655228 246401 562620 
527703 73113 73966 630044 863812 635591 93458 201900 266178 594995 ,73113 73966 630044 635591 631180 320285 86371 841258 1090 718143 
853243 751600 121204 595222 871117 901802 154999 975684 889954 210365 ,853243 751600 901802 975684 210365 121630 197494 276310 794374 829202 
476436 406608 662518 59708 956591 281751 572067 421339 130395 364341 ,59708 281751 572067 130395 215970 954706 170290 193624 862850 978973 
696239 840640 40940 964480 775351 402971 809872 442439 773914 669688 ,840640 40940 964480 775351 402971 442439 773914 669688 795225 800030 
263317 325513 15021 773901 620646 243049 171359 172630 485324 140159 ,15021 620646 171359 859596 929969 657446 895094 275179 850797 404709 
429692 440883 368521 366592 515104 443031 272913 122781 774103 364307 ,368521 515104 364307 277683 341119 975664 775542 600692 307018 401549 
836021 986046 754747 402123 376189 441713 404856 847124 633824 542189 ,376189 404856 847124 542189 616513 754686 49864 693801 5546 270256 
316024 886954 741469 856067 855524 185027 53576 554501 124980 258809 ,316024 886954 741469 856067 855524 53576 124980 258809 922684 128452 
846074 672386 606758 422629 672366 536359 600669 422566 428531 910792 ,846074 606758 422629 672366 600669 422566 910792 615426 43886 563425 
828347 829254 951530 532600 482160 342278 648069 877094 433665 781204 ,828347 532600 877094 975839 182705 447638 69881 855406 672726 944499 
395318 395556 395834 328044 300281 803613 299283 287189 157031 120318 ,328044 300281 299283 157031 348555 915437 273929 195113 346529 233665 
442649 996760 996244 789108 546045 789006 847486 451204 557842 789733 ,789108 546045 451204 789733 52743 676707 994265 451510 388218 424514 
108145 410948 887918 691171 380058 133129 810732 987397 76237 411032 ,410948 887918 691171 380058 133129 411032 740678 289656 418274 422097 
541628 772369 646249 539799 889736 374001 104144 443411 259144 104268 ,541628 646249 539799 374001 104144 259144 104268 373956 799540 757190 
337862 964003 441261 314545 369368 17650 441072 340838 313805 245183 ,337862 964003 441261 17650 441072 245183 371924 271673 341753 133749 
184360 567234 999260 595769 7054 354578 372188 675032 314369 315120 ,184360 999260 595769 354578 451530 59417 381704 999023 183291 934552 
344082 88292 412519 245605 205205 344456 62663 114373 968323 239935 ,344082 412519 205205 344456 114373 968323 239935 251130 157672 88400 
439149 483984 516203 355360 326021 880389 601317 437893 561054 124132 ,483984 516203 326021 561054 124132 515708 339700 109836 482453 601441 
897295 344348 339246 591176 324396 587667 339777 84975 756310 210368 ,897295 339246 210368 89963 168576 472666 252962 243939 341211 171878 
792780 791042 878062 14963 640877 886418 994402 639988 641644 640126 ,471734 986651 792247 471783 634642 967287 905194 486379 919158 484782 
80607 80008 80225 321587 80026 321637 79979 363592 80777 68702 ,80607 430454 79780 79655 663163 121930 80084 80148 156456 94907 
849934 849675 98484 687289 700130 631474 262845 111538 363134 142110 ,849675 98484 687289 700130 631474 193734 294241 937664 978124 166040 
699221 930721 357116 485579 10395 834207 930192 494328 598344 100929 ,579293 752996 597934 58830 620966 798930 235631 834516 152907 98908 
52365 319158 564975 779367 602051 799588 891693 814098 679483 799662 ,52365 319158 564975 779367 602051 799588 814098 679483 799662 670094 
505579 779053 255382 24495 297516 570336 935660 901037 908762 823209 ,779053 255382 24495 570336 935660 16949 259388 495058 570866 258847 
557235 52458 284938 556273 702666 414360 284338 54971 77746 51005 ,54729 56375 232127 85386 50816 52468 114220 831497 901096 473732 
753678 836559 918678 532411 575731 129950 451114 35791 736902 491261 ,918678 129950 451114 736902 491261 407734 764064 961741 473066 296188 
172381 683524 683279 362912 731794 581006 306620 242058 360516 801879 ,581006 306620 583908 514178 339189 326152 587828 308252 31037 956308 
902930 238747 606661 184516 76381 471627 981590 207003 784137 894483 ,471627 894483 289330 988724 185789 988744 604514 184919 281086 145406 
223582 226178 205119 269397 223506 315688 201021 265299 197591 276407 ,205119 223506 265299 276407 751908 872576 231519 391366 785277 392930 
5842 6708 76101 72420 707838 580180 72336 685009 920719 331196 ,5842 6708 76101 72420 707838 580180 685009 920719 331196 221457 
96506 285753 196981 100967 160760 11605 605168 18099 43776 812343 ,100967 605168 411932 884107 867704 865765 159423 101970 202700 196092 
452352 502627 459096 10600 412637 9372 382388 454087 690787 453642 ,459096 454087 690787 453642 60296 62748 753653 452421 124062 390005 
704828 706056 598899 122582 70969 457983 704077 173069 636735 639759 ,704828 70969 457983 639759 988652 680974 858664 706565 731747 948668 
949614 258039 949106 948929 818299 979597 949366 979277 840960 70159 ,949614 948929 818299 979597 840960 10251 749099 376813 718369 93526 
303903 84549 464954 236399 527682 87769 152427 452922 152574 248960 ,527682 152427 452922 152574 26006 957853 350945 111844 532446 517959 
336778 341288 89536 350468 124500 719517 60131 821941 84627 720753 ,336778 341288 350468 124500 173446 89315 698222 350422 188002 188581 
995430 799509 772243 995705 446152 666773 446132 885911 807808 445924 ,995430 799509 772243 446152 666773 885911 807808 445924 886129 446806 
905000 964436 112166 291193 111885 903536 222051 590988 981583 335174 ,964436 291193 222051 590988 335174 420348 400263 484056 363156 67625 
977024 646305 376518 420260 86437 749072 927692 663716 420112 568417 ,420260 568417 415509 461844 645648 631269 557671 144727 8445 354118 
749963 796011 219506 434160 523506 99278 528262 449225 435705 415787 ,749963 796011 219506 434160 523506 99278 528262 142425 310059 745932 
607100 196219 275035 207408 842263 110039 325344 366693 800956 61380 ,275035 207408 110039 880657 800654 860056 539966 454391 84985 7970 
487800 795157 351422 292159 94394 355138 528603 526581 497278 279727 ,795157 351422 292159 355138 528603 238050 241313 292021 296473 262072 
173858 17433 17055 877778 877092 18113 2647 697744 86920 12862 ,173858 17433 17055 877778 12862 563231 61960 65489 863197 73209 
204787 269065 185100 203584 267862 402376 290572 394913 721987 996028 ,508078 388922 590300 509370 273077 403665 36502 367138 492235 435916 
44042 443403 83468 77740 336751 363445 43941 429439 103418 103425 ,443403 83468 77740 103418 103425 291907 278622 819042 547180 350712 
23337 23087 968092 152641 152168 979255 829834 694771 989767 348639 ,23337 23087 968092 152641 979255 829834 694771 989767 348639 747614 
803291 800931 21890 68600 965132 689911 165995 706013 988823 177667 ,803291 800931 125478 753320 379552 124523 638013 450612 427858 465104 
245613 802732 243435 392151 803324 243719 195004 273820 194337 273153 ,245613 243435 392151 243719 195004 273820 273153 10127 395571 211631 
907698 908416 731306 71749 537874 537589 271021 428649 873330 329126 ,907698 71749 271021 428649 120751 126999 512091 460001 924241 340101 
130918 427553 446884 558858 826582 427766 445037 826332 827720 446119 ,130918 446884 558858 826582 427766 445037 827720 814173 50584 447903 
573003 573488 326300 339942 292639 250717 828461 929782 29847 824506 ,339942 292639 929782 824506 824461 247094 273171 889166 509432 889147 
535146 602281 580057 134713 235277 20847 577143 578160 516326 497440 ,535146 602281 134713 577143 578160 497440 338987 149998 292592 570206 
333372 232118 552428 977940 325008 70612 946248 501975 349253 307588 ,552428 977940 79816 632423 353616 946809 136046 681603 494130 455529 
269758 204350 268628 206841 271119 82410 75566 82880 651233 81760 ,268628 271119 82410 75566 82880 651233 81760 112324 994731 83747 
462742 750073 760357 463169 168505 390295 15467 395390 434087 127962 ,15467 127962 129270 15178 93250 812889 67229 376978 96988 168581 
640069 502913 687380 881289 879488 882589 725308 420945 178917 882277 ,879488 420945 473058 3551 232766 120916 149534 953010 460971 695685 
785032 602174 444295 637490 444642 443637 444362 609803 911118 787933 ,602174 637490 242274 997973 855874 444580 776977 824636 817051 910834 
832000 831832 759854 674631 759589 835708 757881 758043 673819 24307 ,832000 759854 674631 759589 835708 757881 673819 612316 997322 816715 
641176 640344 640025 640275 640463 639909 640695 642869 640537 642737 ,641176 640344 640025 640463 639909 640695 640537 642737 643946 643228 
820727 953186 820725 554857 906522 757970 554894 606210 820735 953214 ,554894 718577 714830 757667 638481 418954 443280 763676 793189 443159 
427567 567267 215832 417168 444032 427885 444480 444554 422758 567188 ,427567 567267 215832 444032 444480 444554 422879 363588 444506 445360 
851763 850847 417136 611203 818507 825783 826095 993309 838629 923944 ,851763 850847 417136 611203 825783 826095 993309 838629 846521 595434 
902268 589737 845855 846231 401074 557911 109514 728013 746104 400277 ,401074 109514 634152 664235 607621 531533 403210 659548 548377 721813 
749614 929156 241236 617876 583147 590951 929178 199095 277911 147391 ,929156 583147 416340 747173 98096 12737 318016 947803 881730 131595 
564732 247455 747456 745333 479537 421934 947636 328288 706161 735607 ,745333 947636 741551 345034 543381 308276 679055 995613 110980 556117 
207774 207650 870808 986724 776942 237171 227380 957896 619055 776634 ,207774 207650 986724 776942 237171 227380 957896 619055 776634 894474 
770986 705028 705814 706341 331213 819774 484061 844264 329593 705362 ,770986 705028 706341 331213 329593 705362 314466 337699 770557 959987 
622130 367783 835109 834247 767259 604363 603823 103636 927576 625589 ,622130 367783 835109 604363 103636 927576 569425 621885 103473 367433 
962339 248735 195923 274739 877082 248480 3353 670805 398205 96220 ,248735 195923 248480 670805 96220 841221 635591 930051 248417 823338 
518664 185915 44736 184837 304226 401531 779699 357182 238915 801156 ,185915 184837 357182 60650 590630 474232 595909 132915 518490 89027 
610765 611238 610649 191966 245659 796791 176003 533791 482262 597679 ,611238 245659 506492 851850 176141 233422 549625 263492 384684 756081 
413886 413875 710447 734497 782709 421097 488095 467292 743420 782930 ,734497 467292 782930 5146 737118 112994 828137 80012 702066 179337 
24985 305736 496730 699280 426527 20771 978391 68957 107753 497042 ,496730 699280 519769 278722 982492 306120 776967 566531 534492 780468 
636748 463051 152465 348691 694085 390406 750576 751259 89869 345185 ,636748 463051 694085 390406 751259 345185 771508 320526 402554 771326 
210563 608057 30540 122712 905499 442766 366400 443904 581295 607242 ,110134 443551 717046 998060 787719 428684 354724 422674 428227 653180 
703398 876962 546469 852240 969105 960709 994138 190996 546468 969106 ,703398 876962 546469 852240 969105 960709 994138 190996 546468 969106 
759551 759334 833117 673417 760253 567046 830256 567231 469407 833121 ,759551 759334 833117 673417 760253 567046 830256 567231 469407 833121 
128452 783068 185027 172728 58401 518144 155162 58469 31484 333409 ,128452 783068 185027 172728 58401 518144 155162 31484 333409 754687 
16601 468257 863424 79835 261263 468665 101291 432404 101313 846238 ,468257 863424 261263 468665 688673 688296 863571 756796 806427 291427 
628925 628402 628817 628481 377261 695553 402613 516097 249099 516315 ,628925 628402 628481 377261 695553 249099 516315 521523 393617 463132 
147562 894846 401279 830484 588020 714994 148242 588173 412788 718545 ,401279 714968 762276 638304 901227 714904 7137 604160 688233 558668 
238927 516554 508070 141065 121067 509772 99117 530282 514376 281882 ,238927 516554 141065 121067 509772 281882 662763 307222 305432 789480 
647295 517104 308659 838732 636534 976415 308782 202062 266340 76125 ,636534 266340 76125 564378 82037 64509 222453 567552 502237 412965 
672204 672331 672220 672473 672160 672218 672266 672508 672250 672234 ,672204 672331 672220 672473 672160 672218 672266 672508 672250 672234 
966593 963780 881222 189679 154320 189831 963386 250588 456938 500052 ,189679 189831 250588 206722 271000 383558 746575 395844 247542 319663 
297055 177574 824791 498998 645648 814697 282501 814569 409060 490781 ,824791 498998 645648 282501 814569 490781 714700 108860 575429 646305 
849097 878371 50038 885780 706745 886540 868301 690421 416760 58002 ,886540 948349 879718 546631 539253 911711 863986 955307 994330 58140 
297275 298296 231914 299516 165211 544297 103394 378916 174868 408066 ,297275 298296 231914 299516 544297 103394 174868 295198 430059 328005 
769603 955228 840164 621218 540519 824314 893253 726898 765537 842072 ,676459 824466 999491 812028 192048 417494 937475 668451 280127 36196 
921560 667790 919739 644748 920566 911320 58102 920115 201377 265655 ,921560 667790 919739 644748 920566 911320 58102 920115 201377 955314 
491713 929155 490304 391100 390647 182877 461524 681481 520431 842930 ,13497 61507 564153 838623 394501 833847 871336 110417 1699 679817 
135381 957974 910690 646605 226195 555502 647147 841049 387943 207253 ,957974 910690 646605 226195 555502 647147 387943 207253 194016 272309 
363624 293876 292100 510772 534811 589707 532645 702968 964834 384673 ,363624 532645 384673 607057 430676 230617 525333 517749 472380 51275 
842288 961406 416997 933689 519903 597955 907694 868750 899736 873616 ,961406 597955 907694 899736 935023 223252 180935 74469 258621 36296 
924316 925550 609736 785288 799531 910915 329532 609749 609752 892678 ,924316 609736 785288 799531 329532 609752 892678 23685 469610 534523 
544608 759047 462815 922855 304206 335349 271625 363089 36319 483014 ,304206 363089 483014 751189 957163 134344 871790 824397 881649 742533 
383050 863956 644468 976411 166006 165416 603800 927014 166953 952843 ,383050 976411 166006 165416 166953 807148 85203 91887 218184 923987 
578645 640826 642064 463344 476815 602112 897115 38774 847266 57156 ,578645 640826 642064 463344 476815 602112 897115 38774 847266 580036 
849144 420599 251213 964222 705034 236317 924569 765362 721062 821495 ,849144 420599 251213 964222 236317 924569 821495 750909 168552 786043 
665463 489727 98136 63211 183620 240252 793366 439639 332480 552984 ,665463 489727 98136 63211 183620 793366 439639 332480 552984 179884 
938221 988297 483043 889632 577201 223466 618262 490785 487998 444524 ,938221 783256 224494 3283 214743 834705 70996 413943 669949 616372 
790439 915536 145587 198252 277068 212682 396298 94194 935591 209845 ,915536 94194 935591 209845 12825 135710 507808 233544 235490 899908 
328925 436563 482883 379666 135689 154169 149113 258695 574839 9965 ,436563 154169 258695 574839 215348 800119 382823 470715 833395 835833 
79902 80395 79645 321485 79657 55997 130936 80587 121967 130747 ,130936 566296 95777 80264 55855 280139 107990 567954 79502 55537 
719246 437150 529246 511522 498095 694054 741047 433953 772408 716805 ,719246 437150 511522 498095 694054 741047 772408 716805 11824 360642 
363366 514159 291891 89660 511323 91916 284186 323533 663158 255559 ,363366 514159 291891 89660 511323 91916 284186 323533 663158 157080 
817931 663704 818687 818395 612362 818953 347500 819689 673114 349648 ,818687 818395 612362 818953 347500 819689 673114 663698 465079 511821 
490557 85308 705475 406622 930 406493 486258 467207 980479 942760 ,486258 467207 980479 659854 511789 983502 405603 560480 209126 406758 
859605 220212 477384 673223 807478 951746 310864 361834 406615 733526 ,859605 477384 673223 807478 406615 767569 672717 823663 292534 807483 
280046 124935 109122 280459 176665 636836 107345 82812 82542 487832 ,124935 109122 280459 176665 636836 107345 82542 524882 68753 295269 
625809 622535 631403 959504 605511 959998 970279 261090 961793 960243 ,625809 631403 959504 605511 959998 970279 261090 961793 960243 837639 
714510 286995 588924 496034 715270 349718 508996 101036 44666 391419 ,714510 508996 44666 391419 177794 103745 397622 515886 889016 317722 
999414 328745 124232 546420 108060 639811 287183 95326 487406 515666 ,124232 639811 287183 95326 487406 291992 978742 60979 331197 516463 
825548 446795 443979 23556 444268 443584 639936 444087 444007 911010 ,825548 446795 443979 23556 444268 443584 639936 444087 444007 911010 
869008 945561 719658 220642 895064 921358 448409 858107 200884 265162 ,945561 719658 220642 895064 921358 858107 265162 200884 857599 251751 
533646 232656 460415 823744 522636 469418 635685 540813 80609 130151 ,460415 635685 987816 87382 514740 77472 208859 810002 353366 313797 
982368 15990 796349 596999 352931 795594 155716 353064 980683 157067 ,982368 15990 796349 155716 389955 696310 806925 858586 699834 807124 
568939 816924 161646 714032 255601 255315 796514 392015 816542 801581 ,816924 255315 392015 816542 801581 511866 191038 758915 113693 26302 
709331 813117 812067 344975 358998 804967 143289 709000 251832 24366 ,24366 251884 709216 958103 845360 898108 252864 442190 517483 504904 
720763 96676 662678 987495 197656 276472 277424 66325 942674 453664 ,720763 987495 276472 197656 277424 287253 724031 723720 906417 168397 
79979 94749 80397 80008 124681 121964 637345 481559 566260 80026 ,79979 94749 80008 124681 637345 566260 80026 79584 566262 94907 
49797 881068 662500 552574 671610 849836 553310 260655 996776 770673 ,49797 662500 552574 671610 849836 996776 410337 929620 997101 839381 
860691 323149 236575 499166 498629 17783 17532 899554 327476 428964 ,17783 17532 327476 428964 289074 32349 124024 755058 346204 386939 
828070 828649 581519 262815 835841 228212 370183 957354 200439 264717 ,828070 581519 262815 835841 228212 957354 200439 264717 287404 206458 
693836 245626 498621 208263 282227 48704 198081 276897 74014 695075 ,693836 498621 208263 282227 48704 276897 198081 695075 616138 962132 
23474 602375 353756 272668 471373 489887 23486 804012 365485 487251 ,23474 602375 353756 471373 23486 804012 487251 780998 141549 567734 
314062 634149 93055 383224 150753 394562 396165 583307 515692 513289 ,960096 237178 90190 525456 845360 973786 774193 951339 34479 631315 
246261 378013 527419 310748 317021 15606 593813 13572 704293 368741 ,378013 527419 593813 13572 704293 368741 313477 528066 16021 526956 
134891 457113 251139 921226 230548 921048 514550 52382 43286 514453 ,457113 251139 921226 921048 514550 371024 693655 755064 425932 44658 
757411 898060 725574 886474 952576 957786 571210 507959 721423 884097 ,757411 898060 725574 886474 952576 957786 507959 721423 884097 449143 
712644 834217 875040 399780 483769 176851 834354 546300 243153 609468 ,834217 336734 834283 834122 78492 902109 264326 789700 711720 30318 
109346 234122 535747 586094 393659 707046 587270 793241 585736 584750 ,109346 586094 707046 793241 585736 584750 377874 2989 109655 63246 
462889 904729 531216 472976 490093 248556 346203 447836 912963 901673 ,462889 904729 531216 472976 490093 346203 912963 901673 153359 649309 
73056 299709 117780 488118 460742 481457 397232 433742 192870 823258 ,397232 828961 747145 344617 511034 302466 314492 299846 471933 497706 
8082 8782 368453 637319 753679 155524 369366 305493 127698 85903 ,8082 8782 753679 155524 369366 305493 127698 85903 473151 87488 
232848 321574 86530 495956 529410 517225 494857 61056 233299 499098 ,321574 86530 495956 529410 494857 61056 233299 499098 825667 80891 
579263 378772 433603 852805 52434 729303 442929 547337 378181 378748 ,378748 689308 56625 10879 41023 340337 783018 2892 586549 448650 
644125 644940 668025 644024 642386 983931 515841 667918 645004 983499 ,644940 668025 642386 983931 983499 13085 644349 412037 644731 670166 
540491 770150 189275 34055 809609 903621 41592 902987 99467 41250 ,540491 770150 34055 903621 41592 902987 99467 930522 993841 858291 
755418 51507 685305 511053 799586 649409 744777 280852 302639 610680 ,755418 799586 744777 570258 739645 638604 617716 741301 7587 379797 
932187 313867 679690 16958 989334 251597 311150 256226 702909 928313 ,989334 496033 703864 542183 360860 94762 501943 916231 878518 473332 
403592 112913 662266 156705 300677 598083 13383 532889 482316 399238 ,156705 598083 482316 155698 864010 840487 818661 584109 900656 585142 
120210 218377 324333 194189 273005 267648 890258 821033 100947 535056 ,120210 218377 194189 267648 535056 141997 76369 267349 427201 361914 
544739 547884 464954 465039 496766 464949 730884 9208 497288 68687 ,547884 496766 464949 9208 497288 68687 815878 68818 77375 527682 
535614 174111 390959 383350 88964 697543 559336 535772 35901 707835 ,390959 88964 35901 959577 180353 399373 708561 458827 89596 964599 
54884 776150 775399 841598 527293 225213 774109 945333 333780 464711 ,527293 964489 224806 410338 553132 473229 882596 334945 880829 54962 
737213 427241 439770 283346 92472 733880 457632 89329 433459 287989 ,737213 427241 92472 246856 258721 287469 131793 342333 930521 573990 
251802 251735 332823 450050 332913 949335 564635 833857 904067 346423 ,450050 833857 220604 823856 316449 936001 615901 834553 761886 871709 
623128 133870 342676 344647 418564 343901 865608 698178 622047 166168 ,342676 865608 182533 395674 885096 119600 370781 623972 697225 205189 
24185 262029 784848 58748 30116 337011 306845 640173 262016 363403 ,30116 306845 363403 542915 305126 214814 495828 89945 736903 246690 
931792 429138 741660 964193 500572 504285 520486 508277 968508 385772 ,931792 429138 741660 500572 520486 508277 968508 963314 967345 873130 
8894 227733 280838 711937 351328 215822 280264 807936 80632 694093 ,8894 227733 711937 215822 280264 459759 414841 152053 745982 518500 
205098 612442 984369 404271 841917 983831 421209 388950 857028 42663 ,984369 645922 720227 869179 783815 175441 803168 739746 784336 431448 
503092 179406 385523 888210 233062 932639 888529 596978 347296 706031 ,179406 932639 706031 179746 382370 349483 515993 351966 400026 385643 
932797 208380 553854 268116 208402 174955 823713 525372 94365 214485 ,208380 553854 268116 94365 808865 816130 37062 588756 306552 465459 
40732 48575 236754 939234 25696 832825 205031 269309 295635 135649 ,40732 48575 236754 25696 205031 135649 688559 867398 295340 366893 
615958 822348 535037 822276 710157 541837 475333 824904 537925 921168 ,822348 824904 207201 541628 475121 467812 258176 190708 2337 787831 
937721 594610 557926 197830 942841 622206 504011 195934 274750 300055 ,197830 195934 300055 699391 505251 123290 478915 670289 868214 357081 
30252 525805 569078 958115 31912 525889 30433 426955 32700 68964 ,30252 525805 569078 31912 525889 30433 32700 68964 952555 558383 
317032 332816 944069 492172 491190 966852 127656 987325 964024 86560 ,317032 491190 966852 127656 964024 86560 393839 544041 37533 526548 
174584 492535 68691 749739 402872 842171 797777 284128 749721 380641 ,174584 492535 68691 402872 797777 284128 749721 693645 595392 631150 
429234 936612 760725 452377 788898 606450 365964 82816 888535 901252 ,429234 936612 452377 788898 365964 82816 81955 585009 58244 488641 
442246 687906 494145 493602 341486 459519 356481 934509 86656 358621 ,687906 493602 356481 86656 725061 88793 696854 461726 222727 94828 
186391 186514 958076 446235 447264 220927 186341 211638 221347 666674 ,186391 958076 446235 186341 211638 666674 880046 777525 445197 29527 
420755 658832 659105 549961 18096 184880 931243 242619 515944 185607 ,420755 658832 659105 549961 18096 184880 242619 515944 830742 319240 
849577 820615 820901 642139 820720 904062 820781 640589 989971 891864 ,849577 642139 820781 640589 44708 434276 892870 676784 45832 824413 
126462 843038 185885 656727 888570 130203 82772 965663 395178 83764 ,126462 843038 82772 395178 469734 126343 144181 476443 83454 95982 
436035 435682 845288 535480 591864 535586 549081 551943 771311 107699 ,535480 535586 771311 282095 804883 169612 424723 526000 71869 929438 
804072 278806 337671 367163 340560 820127 350382 280009 472241 961273 ,804072 340560 350382 280009 472241 292141 60573 292357 279222 363689 
465830 636280 635796 81118 349797 21884 636070 465700 636714 394447 ,465830 635796 349797 465700 636714 394447 278546 822319 662178 930156 
480751 890134 625230 713166 40952 485711 450179 785925 726472 880439 ,480751 890134 713166 485711 880439 537215 552415 113574 829403 878250 
351731 170938 408392 365118 293939 70274 346142 658157 432980 688975 ,351731 365118 70274 346142 533603 725551 158421 166666 690202 635170 
943319 178033 470468 433178 785753 116467 941809 79546 941525 433877 ,178033 941809 79546 284673 351508 748318 947979 850344 181613 862713 
186235 186234 186248 935592 393411 381479 626997 989233 980542 124337 ,186235 186234 186248 989233 895741 256810 97114 3179 233555 170438 
476804 495906 840548 225787 141742 918832 535943 258554 58051 840585 ,141742 918832 258554 58051 501388 476813 310987 14440 426368 381014 
59612 852081 60071 852457 16036 15801 516184 885608 13799 222455 ,852081 16036 516184 222455 740045 874049 13504 253449 225161 796992 
823808 539172 540775 772081 21426 258061 945390 548227 785868 181244 ,540775 772081 341642 713386 748080 181973 740225 8 127483 512425 
635193 357654 835002 881281 635169 671267 533668 55351 595628 635377 ,881281 635169 671267 533668 55351 635377 882922 219660 597864 483574 
251311 187700 187735 917369 851720 515343 48293 332012 125930 801994 ,251311 187735 917369 515343 801994 891478 373655 802061 563456 406174 
734903 996465 76453 37048 484511 488552 121622 505931 469236 697514 ,734903 996465 76453 488552 121622 817529 57240 931391 543305 754592 
920381 309400 987885 694531 228018 14209 472786 286929 985255 100074 ,920381 309400 694531 228018 286929 985255 663364 874938 227523 454743 
235 440434 341648 196 914289 841184 869446 61438 340268 385891 ,235 385891 180430 385982 386503 723256 131714 178483 337368 324917 
73250 898220 71356 340263 84824 774389 84156 695570 79114 380679 ,73250 84156 267988 487056 266759 82534 643766 514936 520958 635388 
678540 715413 122672 718921 613382 280540 948012 106067 227469 471151 ,678540 715413 122672 718921 613382 280540 106067 227469 471151 373526 
207692 564678 724098 542272 899048 896164 222442 254395 542250 855463 ,254395 855463 868528 223034 862370 868030 930087 940594 886688 985780 
47264 688207 687904 66132 713398 823206 886789 736634 56729 476977 ,47264 688207 687904 66132 823206 886789 67668 77561 231629 285909 
475981 712955 804039 475838 474933 400954 678781 474823 169952 9769 ,475981 712955 804039 475838 474933 678781 474823 169952 105076 804041 
424398 456933 838207 456482 655531 103491 648688 655977 504911 297233 ,838207 456482 655531 655977 504911 103503 964014 34126 838182 411870 
862261 868889 870174 870976 544161 894970 9779 917336 459780 705603 ,862261 868889 870174 544161 894970 917336 484237 731464 207680 9712 
399160 537677 402690 454407 538328 255806 6637 609539 255430 536528 ,890066 604170 281080 477129 374763 258750 56490 55237 857146 480157 
596708 844770 976409 624504 454140 973006 857363 146711 688172 212706 ,973006 212706 179791 393374 856147 710650 319472 542808 594808 675401 
281048 329051 905616 297618 754461 854202 792646 854532 40786 213039 ,297618 754461 854532 40786 907103 336702 556623 510011 855571 869348 
174301 803263 536567 678340 678752 988632 397108 393375 528323 72977 ,528323 564065 750000 366893 196112 195117 13078 358485 563993 214275 
378850 404252 879607 917930 439074 515558 399017 402696 429066 557964 ,404252 917930 515558 399017 402696 557964 400299 753468 961195 398150 
478463 604273 929411 13579 478356 563940 669845 738329 842145 560809 ,478463 929411 13579 563940 669845 738329 842145 560809 659883 737182 
937769 935695 718495 812685 715081 74849 245603 308231 780438 741914 ,308231 780438 161367 211617 525030 225934 60526 338823 922102 133676 
395293 857056 333476 833407 298464 778994 861054 80666 496128 155059 ,857056 298464 861054 155059 92483 925073 461798 154912 933519 492875 
340740 340113 8253 978451 84413 572089 49602 390800 592628 891800 ,8253 978451 990253 783320 86817 76269 501242 807916 169889 702498 
917134 917563 171369 844131 834538 110167 918003 223522 109193 879760 ,917134 110167 918003 223522 109193 198198 277014 198734 277550 405580 
421416 424061 569452 655434 905523 654915 824545 826685 657927 656650 ,421416 424061 569452 655434 826685 657927 656650 536792 768083 656658 
186590 114878 875728 887424 836601 960086 886831 253138 937494 307250 ,186590 114878 875728 887424 836601 960086 886831 937494 307250 119657 
420949 82514 990246 60235 631078 518950 961241 747056 846772 306598 ,631078 961241 306598 114564 279828 123089 282898 811130 604 770102 
20258 794065 196156 274972 14728 13606 685468 14846 854243 276359 ,20258 794065 196156 14728 14846 276359 750482 793592 141638 878418 
134312 135139 338525 841170 337900 231921 230589 751874 978181 978550 ,338525 841170 337900 230589 978181 978550 154910 491319 511304 485911 
7267 391904 518787 259792 854950 30670 788354 659811 351789 9046 ,7267 854950 30670 659811 351789 9046 688598 784804 576151 338602 
947168 885657 633360 886809 911100 635637 881051 947166 830315 918984 ,947168 885657 886809 911100 635637 881051 947166 830315 225268 940678 
84927 896545 945272 363164 222687 923250 920895 776097 801243 484613 ,84927 945272 923250 920895 484613 975599 340077 497957 519125 485136 
303543 598122 199311 705345 917111 60601 704345 485201 987089 692705 ,303543 598122 199311 705345 704345 875033 523348 703507 529949 629525 
169601 724993 97290 724821 884535 528960 639709 921026 237072 97415 ,169601 724821 884535 528960 237072 978585 790944 927158 945255 65151 
405225 488558 722745 329757 503530 747146 154554 161993 154748 332762 ,722745 503530 154748 305592 462287 194639 352310 516169 510274 143334 
88798 601875 123193 901979 618358 627882 77248 379035 380724 123624 ,601875 123193 627882 4818 944090 550405 744589 477733 496578 46809 
965423 903651 597775 548085 306817 30394 118865 548630 721679 801782 ,965423 597775 306817 30394 112144 280043 963184 252593 812920 845068 
201504 265782 874479 552454 600267 221546 739724 745246 741500 807975 ,201504 874479 600267 221546 745246 741500 807975 28392 101663 519306 
15144 735989 123402 843644 735792 196077 274893 811170 822998 98898 ,196077 822998 797225 128532 270280 408323 110166 122638 670653 277163 
932542 238677 200851 265129 200869 265147 251744 364182 363872 574702 ,238677 200869 251744 429681 417026 101427 93866 921616 488990 131690 
672793 553571 653994 673095 768268 676855 686013 675053 7177 447462 ,768268 654065 696457 131509 700268 856444 535707 996571 666810 543454 
609702 614906 814655 614941 444269 446128 825547 646965 647569 648639 ,609702 614906 614941 444269 825547 646965 647569 648639 444006 650434 
648738 649830 647208 648169 646894 647438 650784 648367 648534 648052 ,648738 649830 647208 648169 646894 647438 650784 648367 648534 648052 
386955 167892 515114 948186 468510 254640 843280 254362 587919 72603 ,386955 167892 515114 948186 468510 254362 753442 753009 894955 299233 
648803 649020 770798 141905 191240 826805 858820 191228 44590 44638 ,770798 191240 858820 191228 44638 199307 278123 404873 838346 216635 
456921 186141 513928 968580 184943 593801 598894 74093 748571 496358 ,186141 593801 748571 496358 287832 334167 303972 456329 617667 336500 
12956 887619 588580 867837 554988 15038 670130 14657 12885 68959 ,12956 554988 15038 670130 14657 68959 917005 469937 837733 840072 
645747 645797 646050 647449 645748 645771 645798 646230 646409 646411 ,645747 645797 646050 647449 645771 646230 646409 646411 646023 210654 
806875 678356 422078 482614 201863 465092 465143 202390 266668 335498 ,806875 678356 201863 465092 465143 422198 131402 108892 817272 689822 
592474 590724 153994 380516 95802 358645 241256 812395 590452 982592 ,592474 590724 153994 95802 481597 203287 267565 899259 19518 204198 
808421 808645 514193 80376 98971 929619 79948 81399 633086 518656 ,808421 808645 514193 80376 929619 79948 81399 633086 518656 30220 
510423 367606 510545 17282 181502 467354 753232 386076 345914 543994 ,367606 753232 345914 126028 433530 298454 516847 594360 371360 925026 
650805 697723 793163 490202 187164 650688 489727 926477 558165 514939 ,650805 697723 490202 187164 650688 489727 514939 867121 637359 148414 
179514 367596 724950 180260 546975 603697 911503 646011 546848 700593 ,179514 367596 180260 546975 911503 646011 546848 102859 709647 996811 
525756 156534 983060 525647 366822 93551 591268 976902 464651 400236 ,525756 156534 525647 366822 400236 476838 282456 823678 803458 198869 
312277 873352 148343 181207 288414 229442 494479 467749 633833 806701 ,288414 224987 382837 275011 900442 75837 360439 720991 842377 499862 
327606 275193 327895 724095 69421 432609 750537 534499 603447 368984 ,327606 724095 750537 368984 15148 280196 98184 778529 385359 178792 
975871 327036 608704 195962 274778 174482 495448 860838 515529 515528 ,975871 327036 195962 274778 174482 515529 515528 289953 347040 297948 
831938 831638 758919 374265 638360 830499 777651 830519 777775 759649 ,831938 831638 758919 374265 638360 830499 777651 830519 777775 759649 
978569 973502 978058 978172 101103 973679 58830 823220 208036 395889 ,978569 978172 841417 834867 268017 141637 722714 670809 564065 338655 
466757 938463 397054 66075 597652 467195 411609 466860 67749 533997 ,466757 397054 66075 467195 411609 67749 857791 192296 226412 731923 
480533 382423 480570 209774 900184 457751 911285 287865 178075 195348 ,480533 209774 457751 911285 178075 899678 312387 403152 740085 289570 
101784 101619 186085 203915 268193 468941 501851 670834 620828 382156 ,268193 203915 501851 468941 382156 951330 235925 388197 927482 388484 
643979 7486 539963 6804 996577 207068 207063 521057 181186 712615 ,539963 6804 996577 181186 712615 716189 657663 981353 615971 540542 
75614 680253 846367 848710 861246 321391 753035 68257 689636 877169 ,75614 846367 848710 753035 689636 877169 710622 595241 594250 866871 
639955 639950 603710 600740 604309 453114 373317 899674 570109 562580 ,639955 603710 600740 373317 899674 570109 452982 211528 750922 452509 
640448 37561 890966 709278 734807 569621 709215 847239 4847 634954 ,709215 932501 719304 775046 890217 605928 634573 415903 569338 953315 
367555 237119 699829 862827 664336 453205 889669 452844 194574 273390 ,194574 686917 272674 405555 232609 246598 890285 112604 407446 115429 
999553 849558 848205 999383 809552 859027 871619 996618 584852 873058 ,999553 848205 999383 859027 996618 584852 975632 951293 858308 848296 
390776 563997 923810 564008 13183 564079 725107 670225 878854 518898 ,390776 923810 13183 725107 670225 878854 518898 216184 756088 911255 
546768 191023 960673 960657 960660 190997 955991 546471 960710 969195 ,960673 191116 969197 833105 919490 444859 681908 970798 190729 904208 
86323 437633 985229 500488 467177 570478 968910 968679 495352 552427 ,86323 437633 985229 500488 467177 570478 968910 968679 495352 552427 
809425 518202 513844 740738 193124 271940 296014 679423 42450 141576 ,740738 57557 613986 635120 756356 502983 57592 2276 903112 55541 
292304 899856 321838 775695 652656 715080 160673 685973 805024 718047 ,899856 321838 775695 805024 718047 717491 141921 911000 771154 686167 
570698 835241 826370 336329 25601 678611 34838 589391 976360 775970 ,570698 826370 336329 678611 976360 574003 887232 118935 960192 24561 
570632 479623 391996 694034 839024 547144 388469 914250 762383 38661 ,570632 479623 391996 694034 839024 914250 387330 762546 640071 459762 
642150 640230 640524 640649 640045 640123 640132 641961 453440 640925 ,640230 640524 640649 640045 640123 453440 640925 639999 643012 640000 
402666 467045 200039 306416 387379 757256 929998 481585 769679 746781 ,402666 200039 387379 929998 481585 769679 271865 122984 758643 180599 
259010 83371 801317 98372 217490 518710 289606 44279 127314 83097 ,259010 83371 801317 518710 127314 83097 519126 514576 486509 154583 
465301 465214 465130 378586 404125 784167 378580 480881 481945 210118 ,784167 878135 405649 669395 254816 303137 254586 911027 564682 312543 
426883 426756 10021 525190 910741 514206 9899 353320 468178 770595 ,426883 426756 10021 525190 910741 514206 9899 353320 468178 770595 
843831 914434 898970 358012 713433 829854 341527 341339 356459 259849 ,914434 358012 844400 520139 188009 859171 360229 370086 861774 278166 
261832 83940 689906 514377 964869 787842 517779 305870 631876 372088 ,261832 83940 689906 787842 517779 631876 372088 627854 93052 717458 
45807 472107 987848 854157 368721 547116 298120 304106 747526 972028 ,472107 854157 368721 547116 747526 477582 786030 382884 574024 409367 
989274 911917 629304 771609 14215 798986 14029 911532 721487 894077 ,989274 911917 798986 14029 911532 721487 273611 274850 15982 753959 
441360 770768 520953 74037 501449 99338 538412 770762 616496 38801 ,441360 770768 520953 74037 501449 99338 538412 770762 38801 473392 
405843 338278 840705 806171 953344 750450 840545 751609 317189 405918 ,405843 840705 806171 953344 840545 751609 600027 296605 337972 48925 
