GT,Result
364849 363978 351820 337328 363458 231211 341581 351019 849973 848379 ,364849 363978 351820 337328 363458 231211 341581 351019 849973 848379 
581532 754013 466577 764027 250694 112537 431902 588536 514408 764733 ,581532 754013 466577 250694 112537 431902 588536 514408 764733 773634 
983296 12966 416662 98801 967110 439050 840781 199069 134627 966746 ,888105 168490 989171 987743 277523 691990 833208 390465 542148 407703 
544174 377570 798671 823516 377582 177510 146843 242064 517174 524988 ,544174 377570 798671 823516 377582 177510 146843 242064 524988 605328 
373559 953735 105870 372045 611256 463494 611906 963661 218868 651810 ,373559 953735 105870 372045 611256 463494 611906 963661 218868 651810 
182823 61407 204934 269212 717785 497396 664124 523205 917897 208712 ,182823 61407 204934 717785 497396 664124 523205 917897 208712 159765 
557643 40662 396629 40735 926542 898804 413033 199706 278522 926844 ,557643 40662 396629 40735 926542 898804 413033 278522 199706 926844 
738548 854011 953092 845464 68473 854005 422756 560500 257463 421105 ,738548 854011 953092 68473 854005 422756 560500 257463 421105 905126 
488285 247772 364579 497809 236552 498569 235842 34417 829718 344450 ,247772 364579 497809 236552 498569 235842 34417 344450 440883 773588 
46371 47127 657926 824187 602787 443274 657844 995728 427022 421730 ,657926 824187 443274 476989 657506 657537 536733 558525 655800 789668 
835990 835661 100365 709110 942611 577514 244134 567213 709078 891811 ,835990 835661 100365 709110 942611 577514 244134 567213 709078 891811 
555313 555121 555258 555638 375695 651579 832322 606534 967983 871298 ,555313 555121 555258 375695 651579 832322 606534 967983 871298 870459 
481791 239656 990017 708805 282819 16732 787843 366429 977781 365326 ,990017 708805 366429 484277 480501 781395 152477 813467 529216 633315 
712967 809263 807088 500962 575318 91435 419122 419220 616285 231680 ,712967 809263 807088 500962 575318 91435 419122 419220 616285 231680 
850061 407692 850165 477432 139788 440848 400367 540670 800088 118151 ,850061 407692 850165 477432 139788 440848 400367 800088 118151 407763 
519544 235011 183495 579834 963427 696735 365717 714824 462621 695585 ,519544 235011 183495 579834 963427 696735 365717 714824 462621 695585 
731691 603579 723767 237861 110634 958491 228189 379376 941598 5006 ,237861 228189 5006 470876 101333 473899 54680 510011 723631 762846 
726473 186222 901894 187410 851273 186251 459821 478071 572668 651587 ,726473 901894 186251 459821 478071 572668 651587 678918 674653 210534 
822791 796180 932408 603916 869182 660419 563813 278897 73574 573711 ,822791 796180 932408 603916 869182 660419 563813 278897 73574 573711 
38527 39530 769158 426120 39372 38518 38550 389614 541515 38381 ,38448 190457 638988 108534 521831 39498 512543 921637 39457 38203 
69246 330319 298011 344160 817889 341326 506816 829069 299923 474497 ,69246 330319 298011 344160 341326 506816 829069 299923 474497 388664 
935808 767114 976181 934196 413282 983331 983125 758960 982897 58104 ,935808 767114 976181 934196 413282 983331 983125 758960 982897 58104 
955813 340372 351187 211305 304343 956080 467321 348253 777586 5737 ,955813 340372 351187 211305 304343 956080 467321 348253 777586 5737 
218054 218160 304522 901014 736873 900551 643797 898252 405093 56396 ,218054 218160 304522 901014 736873 900551 643797 898252 405093 56396 
989268 64264 974840 916844 226534 844566 844489 125163 208310 966128 ,989268 916844 634647 75042 171652 919037 696621 147396 634501 202082 
950747 950124 943919 563897 586090 590694 804731 965830 563652 679295 ,950747 950124 943919 563897 586090 804731 563652 679295 87104 965509 
658757 659285 796713 250427 419305 844709 663090 482817 362977 749848 ,658757 659285 796713 250427 419305 663090 482817 749848 362977 662937 
725057 693918 328346 769441 321985 330740 862797 514015 864426 291765 ,725057 693918 328346 769441 321985 330740 862797 514015 864426 672136 
523480 522940 535470 929263 80864 66730 364205 532541 535073 263981 ,522940 535470 929263 80864 364205 532541 535073 263981 366257 178293 
471313 662086 879409 298180 602258 370229 480692 263271 967895 296180 ,471313 662086 879409 298180 602258 370229 480692 263271 967895 296180 
65979 205930 270208 594721 410367 912043 710940 11336 907083 596892 ,65979 205930 270208 594721 410367 912043 710940 11336 907083 596892 
169205 491211 330470 439699 168465 338638 2325 365133 904595 899554 ,169205 491211 330470 439699 168465 338638 2325 365133 904595 899554 
948692 904028 166903 750450 941959 348486 313128 887893 555271 149389 ,948692 166903 750450 941959 348486 313128 887893 555271 149389 877850 
483330 709557 74828 987845 72951 709383 197512 223934 76325 512830 ,483330 709557 74828 987845 72951 709383 197512 223934 76325 512830 
685950 167555 902120 759707 343694 735927 747478 950049 695561 187395 ,343694 747478 187395 735794 110774 745131 454837 757654 759268 242888 
790886 603191 280764 306361 306614 887840 278640 247414 903567 295064 ,306361 351465 292052 305223 189435 516048 236681 892754 292381 497064 
322074 835853 322726 481966 618828 112052 322076 619594 836712 602980 ,112052 602980 619173 868054 13597 297954 1294 755315 9900 842083 
514559 885500 987109 987211 964919 914117 748184 194370 273186 931715 ,514559 885500 987109 987211 964919 914117 748184 194370 273186 931715 
168872 106602 973011 234952 806735 282093 700062 997771 631449 973115 ,168872 106602 973011 234952 806735 282093 700062 997771 631449 973115 
473943 670279 473383 680014 640100 58119 640150 682082 444593 600543 ,444593 239393 282052 223719 736819 872622 668095 226930 759704 768230 
779855 608781 847063 398633 987290 995366 428875 523718 102448 852558 ,987290 428875 939893 217561 571139 583068 886068 276104 247964 627408 
319006 449185 333924 517833 197965 276781 361104 517192 702509 517530 ,319006 449185 333924 517833 197965 276781 361104 702509 517530 506335 
97712 98154 842287 993496 933926 732183 997813 498740 376326 9577 ,97712 98154 842287 993496 933926 732183 997813 498740 376326 9577 
70761 173010 965763 506393 184593 194545 273361 659847 65110 48790 ,70761 173010 965763 506393 184593 273361 194545 659847 65110 48790 
425126 382165 611679 575823 381752 537608 646468 385736 978834 794241 ,425126 382165 611679 575823 381752 537608 646468 385736 978834 794241 
589895 517561 204881 269159 776536 967257 459904 722322 373293 8865 ,589895 517561 373293 771671 23864 160890 716315 530957 680479 685781 
547548 729243 549177 688047 459384 168495 650545 547449 251865 629940 ,547548 729243 549177 688047 168495 547449 251865 516995 250708 259838 
964036 228989 30904 998909 31341 27778 656050 493249 929642 253772 ,964036 228989 30904 998909 31341 27778 656050 493249 929642 253772 
125444 180779 870168 287085 880533 107959 870663 181021 735179 953731 ,107959 953731 879925 407491 869715 707463 865969 542171 915460 599222 
755317 990616 105496 663903 613928 163498 769791 71194 856836 363 ,755317 990616 105496 663903 613928 163498 769791 71194 363 130333 
773938 54283 493456 867221 900324 51389 570145 909933 775370 893397 ,773938 54283 493456 867221 900324 51389 570145 909933 775370 893397 
688170 898244 991211 991439 318337 512782 250426 688616 829270 505586 ,688170 898244 991211 991439 318337 512782 250426 688616 829270 505586 
288760 244407 601108 944398 704516 949126 940209 804322 341980 166749 ,288760 601108 944398 704516 949126 940209 804322 341980 166749 929180 
465553 850015 820190 465999 301513 843272 669431 317910 129867 320762 ,465553 850015 820190 465999 301513 843272 158073 897879 983328 217171 
798147 279698 546686 679267 800014 547381 797903 321854 344212 144809 ,279698 546686 679267 547381 321854 344212 144809 720765 159285 386174 
82761 94145 663608 112855 238502 515030 471877 56041 708401 512746 ,82761 94145 663608 112855 238502 515030 471877 56041 708401 512746 
772534 773382 670125 823824 378689 905018 772542 905022 559592 373625 ,772534 559592 404391 406173 877660 987964 737055 782443 772522 115106 
300798 101313 709780 628494 628471 512948 101291 624181 101352 748660 ,101313 709780 628494 628471 512948 101291 624181 101352 748660 763589 
131101 662775 826097 883609 152426 560359 375946 716578 825931 397039 ,131101 662775 826097 883609 152426 560359 375946 716578 825931 397039 
708024 739566 930037 846261 389018 255364 147688 455313 223085 24 ,708024 739566 930037 846261 389018 255364 147688 455313 223085 24 
759240 676253 759235 760735 759645 759310 677539 758979 996197 756774 ,759240 676253 759235 760735 759645 759310 677539 758979 996197 756774 
69100 369968 69231 439650 437816 339613 235777 870788 639716 774021 ,69231 774021 107745 845553 526579 160414 905005 948584 61354 517926 
293258 86732 123869 980537 671641 36836 869800 94410 389130 547844 ,123869 36836 158694 471326 188369 51175 923212 521855 429093 156333 
352018 353099 297083 37162 729009 955447 684063 353037 355721 37412 ,352018 353099 297083 37162 729009 955447 684063 355721 37412 213774 
829963 735763 538611 996746 918265 38826 38954 996777 545102 891719 ,829963 735763 538611 996746 918265 38826 38954 996777 545102 891719 
472374 747009 505944 505371 231014 993683 521714 472380 98663 470871 ,472374 747009 505944 505371 231014 993683 521714 472380 470871 426187 
390843 390033 363862 406339 860046 523630 708965 525110 151669 464849 ,390843 390033 363862 406339 860046 523630 708965 525110 151669 464899 
380537 533083 668272 515647 670498 618818 403372 698276 205294 269572 ,380537 533083 668272 515647 670498 618818 403372 698276 205294 269572 
64 465756 160984 169048 348138 168566 323980 69738 51 479020 ,64 465756 160984 169048 348138 168566 323980 69738 51 21151 
637349 351093 785100 338770 742642 237825 85509 356807 322274 552234 ,637349 351093 785100 338770 742642 237825 85509 356807 322274 552234 
402888 402617 841434 399149 732353 344302 106078 785780 143893 168932 ,402888 402617 841434 732353 344302 106078 785780 143893 168932 796639 
686559 748915 963601 59217 307902 738672 45194 562139 974595 729197 ,59217 307902 45194 511625 532607 636347 844437 261301 729787 602705 
701930 943319 701771 704108 431552 724972 845452 382755 748206 703646 ,701930 943319 701771 704108 431552 724972 845452 382755 748206 703646 
807817 191302 896240 807726 408993 406856 672048 81981 650349 112645 ,896240 807726 975731 880548 260196 406764 554423 82175 517862 104610 
36555 273659 36725 193309 272125 62408 799615 814864 682078 366201 ,36555 273659 36725 272125 193309 62408 799615 814864 682078 366201 
73901 157802 747870 747960 506839 504934 52555 48012 512262 383473 ,73901 510900 892584 979246 111395 281102 582719 49314 87275 880988 
731769 153361 694221 68539 677943 841735 68709 496925 402622 68811 ,694221 68539 677943 841735 68709 496925 402622 68811 632400 635766 
978123 750032 263559 154816 948234 983457 358722 750427 983328 698293 ,978123 750032 263559 154816 948234 358722 750427 983328 698293 345435 
183007 14006 796582 200113 264391 687033 4136 686367 830771 299111 ,687033 830771 299111 3761 691247 368644 934049 934397 830910 517078 
642952 235013 648299 718326 718364 773052 87191 716126 373553 894455 ,648299 718326 572816 646264 772527 979811 789989 557484 373473 789253 
365366 967248 755341 813132 354318 660419 519994 255463 985800 899487 ,365366 967248 755341 813132 354318 660419 519994 255463 985800 899487 
770838 175432 347921 944570 771091 511569 614435 748461 630618 30689 ,770838 175432 347921 944570 771091 511569 614435 630618 30689 204007 
953806 921363 310987 858707 737732 920814 326450 207949 295730 307950 ,953806 921363 310987 858707 737732 920814 326450 207949 295730 307950 
434396 599022 433892 703442 97998 376527 223594 703443 194619 273435 ,78383 225186 86018 837284 342030 524534 393062 981197 70442 222214 
613699 332448 963298 936807 374331 189257 398777 299599 753234 401966 ,936807 374331 299599 715670 888377 775815 819025 806573 613892 945679 
117939 407833 440227 823474 748864 13229 173652 13284 603790 466194 ,407833 823474 13229 173652 13284 603790 466194 16535 436427 15507 
772027 924841 772032 932951 280627 600635 533561 724866 925445 22122 ,772027 924841 932951 280627 600635 533561 724866 925445 22122 727213 
456357 791377 456951 62547 19655 634888 546258 553635 878597 495900 ,791377 62547 19655 634888 546258 553635 878597 495900 389609 92051 
509114 555516 510167 640007 448365 555732 905625 972046 100856 899279 ,509114 555516 640007 899279 214580 598365 661651 99090 689382 723803 
365366 660419 899487 209033 606524 967248 354318 755341 255463 813132 ,365366 899487 209033 606524 967248 354318 755341 255463 813132 541866 
988829 778522 977548 96924 157880 988640 106890 852675 764631 981890 ,988829 977548 96924 157880 988640 106890 852675 764631 981890 96624 
593168 618528 541681 503076 102164 806196 618088 895132 469844 103428 ,593168 618528 541681 503076 102164 806196 618088 895132 469844 103428 
574475 729009 879884 577986 869269 213709 835169 165460 61416 481289 ,574475 729009 879884 577986 869269 213709 835169 165460 61416 481289 
14876 679260 680452 336469 845400 747267 532940 209919 842648 376354 ,14876 679260 680452 336469 845400 747267 532940 209919 842648 376354 
434041 683812 923745 957155 923418 683862 199456 278272 239037 465911 ,434041 683812 923745 957155 923418 683862 199456 278272 239037 465911 
70473 37323 997370 990278 169206 903059 633813 392979 859727 351156 ,70473 37323 997370 990278 169206 903059 633813 392979 859727 351156 
20944 997881 901718 303860 833697 678976 517467 678497 912533 806190 ,20944 997881 901718 303860 833697 678976 517467 678497 912533 806190 
492561 494682 94945 768384 96097 370171 298930 822553 507883 494950 ,492561 494682 94945 768384 96097 370171 298930 822553 507883 494950 
98163 492781 486586 363237 288629 193355 272171 291296 618038 61117 ,492781 486586 363237 288629 193355 272171 291296 618038 61117 732842 
861906 899109 807932 43447 923072 862836 542646 870025 11064 986888 ,861906 899109 807932 43447 923072 862836 542646 870025 11064 986888 
641952 770463 642303 642826 642313 687980 718440 227851 423754 807563 ,641952 770463 642303 642826 642313 687980 718440 227851 423754 807563 
68562 83057 40560 89265 525423 91341 336704 111866 335264 129472 ,68562 83057 40560 525423 91341 336704 111866 335264 129472 140248 
650588 654145 650235 831021 649439 652075 653858 814768 646452 653067 ,650588 654145 650235 831021 649439 652075 653858 814768 646452 653067 
779184 558668 958409 41475 420457 344783 834766 830385 647510 850257 ,779184 958409 41475 420457 344783 834766 830385 647510 850257 732909 
78291 498499 499953 498226 588531 968163 751597 377430 963754 969587 ,499953 498226 588531 968163 751597 377430 963754 969587 2937 345261 
688832 421921 976555 962820 90854 754545 789812 45072 976045 411638 ,688832 976555 962820 90854 754545 789812 976045 411638 55327 559493 
402276 975249 785982 182656 183412 203295 202652 266930 152345 584030 ,975249 182656 183412 266930 152345 14706 573831 457077 522055 266946 
190230 767894 657489 788323 832501 608266 826073 994922 757244 654136 ,657489 788323 608266 994922 757244 654136 421189 552630 421496 826115 
452260 607655 436504 608206 237285 788530 458728 788220 219813 227458 ,452260 607655 436504 608206 237285 788530 788220 219813 227458 929803 
808574 808741 903865 772799 211105 603907 248735 254587 254495 131722 ,808741 903865 836561 248417 563023 858904 555237 823338 836848 890469 
13167 993321 810348 594335 993363 594916 394438 756437 575180 811134 ,13167 594335 993363 594916 756437 811134 395465 839969 268157 203879 
113745 156787 297576 299110 125455 718519 625989 13785 460659 125923 ,113745 156787 125455 625989 13785 460659 125923 633049 460239 194138 
408533 601487 850279 912533 188674 465150 678065 677859 721386 989946 ,408533 601487 850279 912533 188674 465150 678065 677859 721386 989946 
946943 940600 946929 946970 948794 940596 621296 940660 99982 105927 ,946943 940600 946929 946970 948794 940596 621296 940660 99982 105927 
197830 531448 300055 573464 860557 622206 334790 299436 335512 367331 ,197830 300055 367331 227068 620598 803509 493954 398306 933829 839632 
152759 635772 441376 153709 70386 875849 803012 597675 70377 215070 ,152759 635772 441376 153709 70386 875849 803012 597675 70377 598257 
741041 516562 739026 419970 60811 494414 738938 511256 758625 808430 ,741041 516562 739026 419970 60811 494414 738938 511256 758625 808430 
640202 642701 667196 966865 644149 987058 375491 644940 643576 640476 ,640202 642701 667196 966865 644149 987058 375491 644940 643576 640476 
610855 610272 609867 609856 609957 998904 27271 781477 661800 610499 ,610855 610272 609867 609957 998904 27271 781477 661800 610499 182020 
575404 577127 993918 725721 967821 528075 60014 144715 919982 294895 ,575404 577127 993918 725721 967821 528075 60014 144715 294895 864928 
890763 126483 960062 47470 47419 891222 42245 126361 283861 124697 ,890763 126483 960062 47470 891222 42245 126361 283861 124697 730585 
194767 273583 285997 614219 980660 610485 916326 845906 284453 915838 ,194767 273583 285997 614219 980660 610485 916326 845906 284453 915838 
704192 58042 703893 842066 708075 52848 636984 264394 870341 538666 ,704192 703893 842066 708075 52848 636984 264394 870341 538666 842226 
224481 255087 481444 454604 224237 241350 369965 146528 224373 87469 ,224481 255087 481444 224237 241350 369965 146528 224373 87469 482430 
629691 942684 697784 719189 719427 869800 818350 547844 719183 41199 ,629691 942684 697784 719427 818350 41199 123869 719537 523115 923212 
143598 353931 799313 990676 418928 589288 133548 845762 630915 203949 ,143598 353931 799313 418928 589288 133548 630915 268227 203949 912532 
99399 642305 916096 615300 99550 771045 771712 650488 755913 537830 ,99399 642305 916096 615300 99550 771045 771712 650488 537830 755795 
9346 9227 95554 95379 50861 878513 506495 327722 869463 909049 ,9346 95554 95379 50861 878513 506495 869463 909049 403289 680290 
682410 229825 682366 9096 478805 75962 233741 71551 684562 70891 ,682410 229825 9096 478805 71551 684562 682363 407273 52552 7421 
935018 801034 932998 780460 598767 932795 801660 713161 994585 704702 ,935018 598767 932795 994585 704702 687353 645327 760242 1439 942999 
822674 262327 152908 685872 529428 163966 905426 683349 363641 497795 ,822674 262327 152908 685872 529428 905426 683349 363641 497795 222224 
997086 919186 918995 838882 867463 838501 209612 745909 453148 999859 ,997086 919186 918995 838882 867463 838501 209612 745909 999859 936477 
913755 58256 697873 58187 62169 961091 641140 546021 804045 994818 ,913755 58256 697873 58187 62169 546021 804045 994818 702574 884602 
843267 452266 506245 683607 452338 254201 510385 393249 5072 527043 ,843267 452266 506245 683607 254201 510385 393249 5072 527043 966640 
783534 782311 597534 390739 7829 918994 480352 747064 597613 738081 ,783534 782311 597534 390739 7829 918994 480352 747064 597613 738081 
795276 795237 775480 814815 903204 774947 70167 59189 957853 722957 ,795276 795237 775480 814815 903204 774947 70167 59189 957853 336707 
90633 18059 746396 719815 744510 489657 738796 94413 767409 867039 ,90633 18059 746396 719815 744510 489657 738796 94413 767409 867039 
602134 374317 586371 722917 286318 316810 883049 258146 801900 330155 ,316810 258146 801900 231779 544380 808591 71097 472203 628329 126 
988030 988241 355275 305192 105027 65971 354850 215326 790906 306290 ,65971 122527 466064 540669 789003 300374 502440 116113 214973 241718 
502232 322376 503995 360932 63143 658386 524628 310511 321640 369402 ,502232 322376 503995 360932 63143 524628 310511 321640 369402 310647 
327253 570333 200059 102496 826149 444694 685061 955434 615224 363865 ,327253 570333 200059 826149 444694 685061 955434 615224 363865 826716 
75695 77215 77188 77250 78470 566804 730798 781475 777275 105890 ,75695 77188 77250 78470 566804 730798 781475 777275 105890 842615 
397192 261338 954349 198912 277728 610232 147700 561119 286169 531488 ,397192 261338 954349 198912 610232 147700 561119 286169 531488 561416 
338388 340450 373800 764714 796358 373844 756895 242437 583953 113154 ,373800 796358 373844 242437 373864 756372 280631 122426 796180 375711 
682984 176313 2594 822157 822029 589707 30396 599124 179908 522008 ,176313 2594 822157 822029 30396 599124 522008 560103 549095 973014 
607352 189780 777838 742677 906044 906402 471143 716222 873276 908254 ,607352 189780 777838 742677 906044 906402 471143 716222 873276 908254 
595783 999614 708330 707514 142135 266948 452126 245652 206161 270439 ,595783 999614 708330 707514 142135 452126 245652 270439 271190 206912 
955312 955277 313781 809716 192730 271546 247783 525404 662406 526244 ,955312 955277 313781 809716 192730 271546 247783 525404 662406 526244 
471104 202775 874213 184653 482885 746518 864989 435274 314080 516558 ,471104 202775 874213 184653 482885 746518 864989 435274 314080 516558 
405203 143940 55550 418130 405127 873369 912487 317423 326794 142881 ,405203 143940 418130 405127 873369 912487 317423 326794 142881 539609 
722847 483748 376759 714582 483329 343043 348334 82932 390820 934083 ,722847 483748 376759 714582 82932 390820 690379 125980 697622 773387 
949074 942557 835731 871214 943893 599116 482152 707236 849690 634660 ,634660 485291 617848 822707 627247 382217 165859 603985 726979 799590 
3108 737506 402842 411874 133912 27396 115694 249818 648803 117301 ,3108 737506 402842 133912 27396 249818 648803 117301 729124 142937 
636753 636812 879749 889266 885659 727044 997901 210292 634606 376343 ,636753 636812 879749 889266 885659 727044 997901 210292 634606 376343 
775708 582891 486448 487188 626458 969889 465888 764092 551235 776877 ,775708 582891 486448 487188 626458 969889 465888 764092 551235 776877 
987422 366726 720865 429295 430751 429303 173264 894201 893802 367213 ,987422 366726 720865 429295 430751 429303 173264 894201 893802 278693 
940170 482922 200026 264304 3472 512380 749818 127079 288629 374384 ,940170 482922 200026 3472 512380 749818 127079 288629 374384 481893 
80610 293093 44535 220010 432699 522311 547369 327002 286225 61366 ,80610 293093 44535 220010 432699 522311 547369 327002 286225 61366 
332305 283284 949382 736907 489674 499231 488912 942465 675959 365860 ,332305 283284 949382 736907 489674 499231 488912 675959 365860 822547 
214090 31369 409819 102829 33624 428773 344915 139259 409838 372674 ,214090 31369 409819 102829 33624 428773 344915 139259 409838 372674 
404177 799902 338885 848402 109704 287813 778949 403836 158334 450091 ,404177 799902 338885 848402 109704 287813 778949 403836 158334 450091 
749829 879267 750859 569228 879499 117189 131188 750967 878426 328025 ,117189 131188 328025 360801 737320 131075 75543 743740 862317 336259 
7340 44803 770116 894415 637863 37940 131508 250527 131305 41137 ,770116 637863 138417 446035 41166 246973 52525 638807 45478 820802 
770017 767913 767873 767886 769964 475134 826580 837702 772059 887191 ,770017 767913 767873 767886 769964 475134 826580 837702 772059 887191 
730939 907492 690009 506862 239353 465141 736361 151121 330739 458748 ,730939 907492 690009 506862 239353 465141 736361 151121 330739 458748 
921093 777074 268243 45683 984119 522995 777161 983840 985064 716273 ,921093 268243 985064 716273 247913 130931 554011 562828 538731 195921 
916006 915808 915791 916838 353549 807350 397496 101364 281628 771149 ,101364 808787 343548 724259 351641 534466 373164 44247 356420 397245 
385952 283105 647199 302869 617556 887790 285691 445475 557146 975359 ,647199 302869 887790 285691 445475 557146 975359 195399 192062 789424 
285079 153012 298455 602244 127067 152559 833725 323082 719976 306819 ,285079 153012 298455 602244 127067 833725 323082 719976 306819 46684 
974890 973965 845887 989938 185953 331999 729121 209504 689628 689662 ,974890 973965 845887 989938 185953 331999 209504 689628 689662 223965 
648210 647906 779082 647065 604098 252269 412577 648022 913856 229483 ,648210 647906 779082 647065 604098 252269 412577 648022 913856 229483 
522116 374356 480909 713126 139592 70832 711167 433928 480742 481046 ,84231 974011 263555 943755 68031 195023 594534 88138 687721 556642 
948766 914128 881769 108725 87634 712150 85689 931304 595363 128332 ,948766 914128 881769 108725 87634 712150 85689 931304 595363 128332 
633393 428190 464809 781002 510530 427896 719771 670594 159129 459629 ,633393 428190 464809 781002 510530 427896 719771 670594 159129 459629 
782304 381989 52672 722997 36585 80794 371327 168469 385270 601264 ,782304 381989 52672 722997 36585 80794 371327 385270 601264 405300 
62655 77277 556462 735145 828800 744389 556938 738746 556361 740623 ,62655 77277 556462 735145 556938 738746 556361 740623 670652 829337 
970076 27448 688233 646666 220101 6621 220253 934268 26204 637575 ,970076 27448 688233 646666 220101 6621 220253 26204 637575 688210 
102418 833304 333515 973401 992940 658051 858062 839901 989811 673180 ,102418 333515 973401 992940 858062 839901 989811 673180 990533 101933 
568534 567399 567073 567488 757476 766440 567086 568409 568385 568433 ,567399 567488 757476 567086 183176 610697 810953 568147 970112 568123 
201111 265389 201818 200712 264990 804670 175002 453399 153577 251212 ,265389 201818 264990 200712 804670 175002 453399 153577 251212 175984 
68497 566191 280869 496219 942684 521366 380969 669892 151669 586365 ,68497 566191 280869 942684 521366 380969 669892 151669 586365 804111 
454604 437802 224621 888421 224986 58598 236777 840310 194472 920618 ,888421 958776 194986 225900 959587 487233 309921 214604 507872 225218 
188295 188445 101280 238927 66799 799244 240299 833589 754752 528018 ,188295 188445 101280 238927 799244 240299 833589 754752 528018 294388 
465404 465257 594134 856393 400950 393948 831019 331127 868715 465249 ,465404 465257 594134 856393 400950 393948 868715 465249 859702 242211 
948072 488364 658899 707832 489772 885463 495409 948408 177327 163888 ,948072 488364 658899 489772 885463 495409 948408 163888 788654 178479 
52329 951326 200579 264857 975494 114179 200510 147003 540284 823495 ,52329 951326 264857 200579 975494 114179 200510 147003 540284 823489 
678943 616567 433541 633823 512176 119181 137879 450078 822328 682583 ,678943 616567 433541 633823 512176 119181 137879 450078 822328 682583 
641397 640720 641600 640671 641362 640626 642442 641899 640701 642378 ,640720 641600 640671 641362 640626 642442 641899 640701 640454 957605 
788632 431833 956762 17782 433881 133152 719977 224217 524314 216372 ,788632 431833 956762 17782 433881 133152 719977 224217 524314 216372 
703842 809755 944223 916158 970132 106316 29167 656264 678540 971490 ,703842 809755 944223 916158 970132 106316 656264 678540 971490 715989 
642166 673212 416215 413964 174911 585833 431532 107199 30686 367932 ,642166 673212 416215 413964 174911 585833 431532 107199 30686 367932 
430819 2736 692091 95640 614850 283232 61175 919823 71072 649327 ,430819 2736 95640 61175 919823 71072 649327 612494 636695 501521 
501932 501638 929667 132389 482323 508328 207026 515544 191468 61838 ,501932 501638 929667 132389 482323 508328 207026 515544 61838 191428 
272619 718815 715485 498229 438990 497935 770127 337458 242131 627670 ,718815 337458 550027 847827 517817 340502 71045 186667 355921 345419 
603259 231084 251172 92236 251356 711976 342386 343355 286847 50922 ,231084 251172 92236 711976 342386 343355 286847 50922 410645 652607 
216336 854578 216074 896040 944001 542521 103084 103250 905686 912932 ,399901 889294 961345 103241 665116 650840 955843 942516 885846 293847 
523654 195056 273872 780573 274106 594956 780600 583554 297677 658593 ,780573 297677 518361 293022 850132 75339 62336 433969 352907 838043 
717265 856760 584858 713948 761394 569472 856432 656102 568079 717056 ,569472 610865 584228 610008 759243 951620 835148 956318 673616 857767 
379553 379581 325681 379631 869823 488747 886682 498195 352098 530395 ,379553 379581 325681 379631 869823 488747 886682 498195 352098 530395 
521790 419881 704044 426129 980424 704935 343551 520944 543454 477118 ,521790 419881 704044 426129 980424 704935 343551 520944 477118 521100 
673139 543297 706561 805534 684828 552606 754032 478029 558988 871085 ,673139 543297 706561 805534 684828 552606 754032 478029 558988 871085 
877400 561622 251683 272230 253799 562233 917369 812607 877770 669518 ,877400 561622 251683 253799 562233 917369 812607 877770 669518 809838 
480918 487871 487840 45520 973399 973897 677821 87578 851758 399638 ,487871 973399 677821 87578 851758 19358 19323 722747 97367 13579 
511795 515631 528627 391453 528746 690790 103559 108901 693220 347183 ,511795 515631 528627 391453 690790 103559 108901 693220 347183 18246 
933488 210552 209784 210067 40592 130886 928723 188919 95117 130931 ,130886 928723 223544 670355 781893 242083 242119 131206 668505 70098 
54706 848716 687574 885481 52706 821430 712791 825329 540197 11119 ,54706 848716 687574 885481 52706 821430 825329 540197 792367 46898 
375969 446999 4856 447174 38819 446598 824551 837381 4849 447487 ,447174 446598 824551 4849 375977 552887 38831 773381 782452 37668 
866845 874003 949974 811430 633567 948972 196521 275337 234179 689018 ,866845 874003 949974 811430 633567 948972 275337 196521 234179 689018 
523295 762713 671857 755281 205843 669381 431209 548477 763523 251450 ,523295 762713 671857 755281 205843 669381 431209 548477 763523 251450 
207272 121323 863274 887475 644250 212233 287492 786643 873282 86869 ,207272 121323 863274 644250 873282 775374 761554 598743 913279 138489 
769300 613690 288748 898027 258501 57849 902553 870524 8496 762282 ,258501 537352 991712 862252 914329 409260 922031 57432 38030 6148 
626982 593601 185223 130016 419027 287130 379389 488613 626428 740757 ,185223 287130 626428 959853 685654 507055 111410 57345 889262 592711 
570565 236694 254445 547342 570689 524822 547115 805660 350917 97952 ,570565 236694 254445 547342 570689 524822 805660 350917 237119 316773 
567143 567398 568520 675171 758202 568012 158380 140524 567308 567487 ,568520 568352 759004 568734 995880 568452 674884 568715 759746 638896 
817779 594125 816341 645577 21617 820654 761282 594080 227872 723164 ,817779 594125 816341 645577 820654 761282 594080 227872 723164 185467 
318431 320477 668298 670149 978892 668944 511797 512314 985603 978619 ,318431 320477 668298 670149 668944 511797 512314 985603 978619 941233 
712044 712778 561534 524095 194463 273279 692984 860001 631956 626512 ,712044 712778 561534 524095 194463 273279 692984 860001 631956 626512 
896281 180520 903643 962406 688803 202153 266431 650431 437793 14779 ,266431 650431 14779 319020 541495 394323 267882 70568 495724 941364 
645268 605634 191728 645318 799785 191742 212782 172214 132363 493897 ,645268 191728 645318 799785 191742 212782 172214 132363 747143 587202 
224780 604097 156213 610738 954132 803846 367990 83922 425807 282886 ,224780 604097 156213 610738 954132 803846 367990 83922 425807 282886 
558233 794055 591044 617303 611316 612007 971297 794185 953936 964564 ,558233 794055 591044 617303 611316 612007 971297 794185 953936 964564 
203288 207125 941780 265244 703180 964765 43137 985227 856197 70992 ,207125 941780 265244 703180 964765 985227 70992 861635 936436 633746 
412231 818885 855885 663961 70296 226938 69480 746716 560997 513862 ,412231 818885 855885 663961 70296 226938 69480 746716 560997 513862 
796529 150537 744090 206351 270629 537296 93743 206491 78739 209954 ,796529 150537 744090 270629 206351 537296 93743 206491 78739 209954 
615331 934355 227843 903004 762621 615181 445603 756384 616617 718046 ,615331 934355 227843 903004 762621 615181 445603 756384 616617 718046 
506662 103079 489357 874377 664484 859898 103058 812761 660670 811310 ,660670 500833 646485 33789 99189 491366 928656 807139 300266 139153 
323539 325386 812792 952565 856405 350008 81630 689783 709318 230319 ,323539 325386 812792 952565 856405 350008 689783 709318 230319 484212 
487770 104692 688837 104753 351666 949792 280828 487519 795089 489289 ,487770 104692 688837 104753 351666 949792 280828 487519 489289 488965 
410544 685579 43357 545391 521291 378807 376876 374419 378172 37788 ,410544 43357 376876 374419 37788 50964 376282 539546 51662 698788 
810583 888154 701648 770024 718934 885445 687258 419712 684061 419622 ,888154 701648 770024 718934 419712 684061 770211 687574 56187 391338 
558290 859228 187889 536285 554826 558230 667058 558167 881690 823724 ,558290 859228 187889 536285 554826 558230 667058 558167 881690 823724 
348831 350994 832928 845541 469665 514305 782990 448514 824109 255848 ,348831 350994 832928 845541 469665 514305 448514 824109 255848 469133 
454402 460798 841013 462507 160635 836278 459213 692049 169671 252033 ,454402 841013 462507 160635 836278 459213 692049 169671 252033 201186 
163946 823604 957688 684208 81983 957578 164055 750057 957835 343055 ,163946 823604 957688 684208 957578 164055 957835 343055 892545 724779 
252867 852706 394668 333655 603145 124858 605641 817255 930988 188315 ,852706 605641 188315 817716 817525 88140 408478 751955 817710 35585 
488259 719815 679507 67642 237620 83331 947492 939752 341901 943060 ,719815 67642 237620 341901 943060 188279 924058 188491 861958 861108 
798601 636514 11254 482458 957477 621153 679932 191370 846691 972005 ,798601 636514 11254 482458 621153 679932 191370 846691 972005 776603 
944183 950805 258821 950439 982897 256974 255927 459197 458571 255938 ,944183 950805 258821 950439 982897 256974 255927 459197 458571 255938 
168990 584362 298707 731722 549611 704966 510431 522214 765277 695199 ,168990 584362 298707 731722 704966 510431 765277 695199 133070 550065 
17479 16574 16801 883474 331024 747063 595468 678633 377753 747216 ,17479 16574 16801 331024 747063 595468 678633 377753 747216 920748 
892900 874546 831162 416067 549325 141618 71834 364284 684688 662814 ,892900 831162 549325 71834 364284 684688 662814 917691 116339 958713 
202647 873276 812040 689976 535400 329517 617018 69920 891582 607352 ,202647 873276 812040 689976 535400 329517 617018 69920 891582 607352 
402854 403887 399940 399204 399420 402869 866698 947694 185446 484404 ,399940 399420 973540 608419 742657 40371 873088 20479 202638 761912 
172797 331054 62705 171430 707095 329866 391615 78167 210149 834267 ,171430 707095 834267 495106 596280 394282 377393 618791 35873 220195 
543403 47174 640546 540508 793456 538116 538478 106223 535000 993662 ,543403 640546 793456 538116 535000 993662 407307 86994 936795 935354 
662501 959418 291297 754361 503031 482912 871839 519011 564092 742744 ,662501 959418 291297 754361 503031 482912 871839 519011 564092 742744 
20891 684226 216395 684197 59258 208829 363954 305348 772215 433279 ,20891 684226 216395 59258 208829 363954 305348 772215 433279 476722 
491591 490354 348037 796978 948697 371521 526286 212617 694187 968756 ,491591 490354 796978 948697 371521 526286 694187 968756 96485 331476 
64404 524848 61910 79747 534018 746536 664152 583839 54843 291189 ,64404 524848 61910 79747 534018 746536 583839 54843 291189 192834 
771629 107884 731792 185391 926563 668212 532840 618306 793235 660265 ,771629 992 577491 927302 354419 149600 334130 729068 527475 737476 
915991 101006 99731 99856 223802 987146 180807 987248 916418 281960 ,915991 101006 99731 99856 223802 987146 180807 987248 916418 281960 
512544 512858 667539 38566 39375 39429 375574 217921 559379 375296 ,512544 512858 667539 38566 39375 39429 375574 559379 375296 559162 
999517 830614 43504 999776 570119 570211 908614 761875 41731 407336 ,999517 830614 999776 570119 570211 908614 41731 407336 646585 639193 
555262 555280 793183 792959 678014 638091 715416 786368 442778 763415 ,555262 555280 792959 678014 638091 715416 786368 442778 763415 5232 
500954 854106 31034 854156 628455 987384 162158 336725 162397 336976 ,500954 854106 31034 854156 628455 987384 162158 162397 336976 409704 
751226 931932 930055 848542 332833 21757 703644 391099 710440 270568 ,751226 931932 930055 848542 332833 21757 703644 391099 710440 270568 
250260 629973 250826 39655 767632 470130 39684 22872 768723 297570 ,250260 629973 250826 39655 767632 470130 39684 22872 768723 297570 
108973 222025 634391 706684 118819 387830 396536 67433 253212 532432 ,108973 222025 634391 706684 118819 387830 396536 253212 532432 950706 
797956 796510 839945 254035 609719 817811 33435 480604 791815 963491 ,839945 609719 817811 809151 791618 647787 97078 847827 527194 527484 
96278 140973 751280 390311 230526 140588 140831 511514 797592 299675 ,96278 751280 390311 230526 140588 140831 511514 797592 299675 549947 
203999 268277 556648 404110 388493 533299 860173 156602 183794 877756 ,404110 388493 533299 860173 156602 183794 547706 501845 634654 332714 
690413 587405 869342 689683 23749 503844 82274 619321 149730 110656 ,690413 587405 869342 689683 23749 503844 82274 619321 149730 110656 
603464 368559 515146 679029 822146 223978 548851 378956 498990 379300 ,603464 368559 515146 679029 822146 223978 378956 498990 379300 203123 
652535 221528 652279 425126 873479 776358 655304 654362 873800 558853 ,652535 221528 652279 425126 873479 776358 655304 654362 873800 558853 
970305 960834 969541 961063 957954 986354 947093 957831 387209 765628 ,970305 960834 969541 961063 957954 986354 947093 957831 960863 811792 
680427 680338 679897 212340 678800 191022 546183 606332 691589 394193 ,680427 680338 679897 212340 678800 191022 546183 606332 691589 394193 
848817 190693 996995 545461 852238 853635 545019 904185 996893 545165 ,996995 853635 996893 644423 929692 947036 889917 191085 681908 791094 
321639 321577 724034 430455 519644 510263 761696 261875 517912 305027 ,321639 321577 94371 363376 500477 525378 528402 785047 430828 525035 
905176 353390 63767 200134 264412 828904 908954 381784 713640 526253 ,905176 353390 63767 264412 200134 828904 713640 526253 14523 22290 
425282 569429 123995 816275 325899 144129 339829 938641 254170 340115 ,569429 816275 144129 339829 254170 276787 480147 324566 261364 820849 
427361 427221 427432 63767 351089 180035 94388 489361 94421 364425 ,427361 427221 427432 63767 351089 180035 94388 489361 94421 364425 
873400 514183 363020 361833 767527 335261 240377 811571 448369 912618 ,873400 514183 363020 767527 240377 448369 912618 986580 254079 221364 
860807 922529 927414 634433 685468 935609 650015 538962 933667 202064 ,860807 922529 927414 634433 685468 935609 650015 538962 933667 202064 
354987 353523 416421 297128 937549 929563 983024 65761 503993 406609 ,354987 353523 416421 297128 937549 929563 983024 65761 503993 406609 
511158 430743 390566 752337 522971 914309 193968 272784 391579 480227 ,511158 430743 390566 522971 914309 272784 193968 391579 480227 193682 
728214 306367 729471 825961 726936 826228 89860 438006 527218 20038 ,306367 729471 237814 182993 298093 328738 430028 299106 522740 214623 
101811 837989 837800 610025 610400 373736 101740 999203 374372 673105 ,101811 837989 837800 610025 610400 373736 101740 999203 374372 673105 
784607 7869 521697 56186 57027 49304 383965 862737 302439 801123 ,784607 7869 521697 56186 57027 383965 862737 302439 801123 421901 
905189 583753 207633 720427 718510 720033 989476 842083 13322 555339 ,583753 842083 555339 931874 846256 15900 911030 583876 223665 488449 
989872 990705 749055 310092 990716 990383 210432 252991 779747 748664 ,989872 990705 749055 310092 990716 990383 210432 252991 779747 748664 
28046 926907 420711 308313 647776 825895 125145 65039 395684 464039 ,28046 926907 420711 308313 647776 825895 65039 395684 464039 740723 
616654 328104 64899 723213 777753 182786 725819 294463 622778 172327 ,616654 328104 64899 723213 777753 182786 725819 294463 622778 172327 
390710 195460 274276 780407 779290 888810 335382 754310 53110 420796 ,390710 274276 195460 780407 779290 888810 335382 754310 53110 420796 
110994 111796 527105 108365 931241 911515 833431 755271 197396 276212 ,111796 527105 108365 931241 911515 755271 197396 276212 941306 147189 
219768 541387 541414 298325 187877 289818 476021 257296 201184 265462 ,219768 541414 187877 289818 476021 257296 265462 201184 475674 772073 
433788 234606 349629 462592 668751 461706 52202 53347 235015 769639 ,433788 234606 349629 462592 668751 461706 52202 53347 235015 769639 
343699 34060 735962 798964 484903 88745 126752 441540 8360 355869 ,343699 735962 798964 484903 88745 126752 441540 355869 997210 109923 
84163 765922 974557 526925 26155 793174 549144 259218 792749 219485 ,84163 765922 974557 526925 26155 793174 259218 792749 219485 355412 
120832 656235 555983 481527 752809 646491 656814 979990 583751 828752 ,120832 656235 555983 752809 646491 656814 979990 583751 828752 2060 
760028 759309 569425 954287 756371 758420 891258 985110 761212 382863 ,760028 759309 569425 954287 756371 758420 891258 985110 761212 382863 
203572 267850 866538 395674 145847 42738 300176 979390 439049 694359 ,267850 203572 866538 395674 145847 300176 979390 439049 694359 47985 
884578 987833 634713 946051 884431 388476 257548 884544 236563 919233 ,884578 656029 211636 530659 994831 2200 94853 533711 801257 973922 
611527 777701 778276 892280 610557 612487 892590 652724 714003 611355 ,611527 777701 778276 892280 610557 612487 892590 652724 714003 611355 
521095 781718 9647 9261 563350 197353 276169 970272 521255 306745 ,521095 781718 9647 9261 563350 197353 276169 970272 521255 306745 
124623 237271 812876 597460 526957 22339 481428 307278 214504 185490 ,124623 237271 812876 597460 22339 481428 307278 214504 185490 480417 
998095 334162 333205 216545 273561 482588 473136 830673 519920 565869 ,998095 333205 216545 273561 482588 473136 830673 519920 565869 483066 
512312 513152 512393 406410 399443 290121 602968 301276 294882 725452 ,512312 513152 512393 406410 399443 290121 602968 301276 294882 725452 
573429 422582 784774 48437 422512 790902 23971 790965 444648 893417 ,573429 422582 784774 48437 422512 790902 23971 790965 444648 893417 
868782 9329 921833 767355 828908 442527 708297 113030 778268 982401 ,868782 9329 921833 767355 828908 708297 778268 982401 708691 226370 
905318 86352 362660 304613 515471 995159 376029 70755 115611 465180 ,905318 86352 362660 304613 515471 995159 376029 70755 115611 465180 
48689 468385 49095 945563 424139 817429 695563 591209 641268 737800 ,468385 424139 591209 641268 24552 562168 891603 287820 48630 119993 
727620 506197 504369 870572 383341 741170 513763 712605 671486 552231 ,506197 504369 870572 383341 741170 513763 712605 671486 552231 86658 
333252 50954 742152 363265 738002 319437 540857 627264 97777 623881 ,333252 50954 363265 738002 319437 540857 627264 623881 346761 315429 
974052 472325 47173 851887 73740 524152 535896 697936 112097 752611 ,974052 472325 47173 851887 524152 535896 697936 112097 752611 898410 
553300 533093 965674 947460 511329 807932 206843 271121 979738 532442 ,899428 839725 226140 227003 227105 42463 516933 856717 103344 870317 
307133 23201 755541 601307 312631 873302 35019 995128 916667 33719 ,307133 23201 601307 312631 873302 35019 995128 916667 33719 541485 
533517 630147 630051 734341 916430 728001 737479 933807 533953 432960 ,533517 630147 630051 734341 916430 728001 737479 933807 533953 432960 
721613 722137 707618 61123 3971 996023 54637 832883 74982 334945 ,721613 722137 707618 61123 3971 996023 54637 832883 74982 54733 
367212 23995 84335 279245 430245 286143 185442 431562 87829 429318 ,279245 431562 321906 698630 212361 873564 96693 122009 645732 281751 
973789 992625 651141 248534 833566 750370 913007 677319 536375 757381 ,973789 992625 651141 248534 833566 750370 913007 677319 536375 757381 
925446 888146 812045 804838 762286 812782 410992 758333 251168 561784 ,925446 888146 812045 762286 812782 410992 758333 251168 561784 283176 
171190 184369 101553 511757 85502 287929 30394 384854 514242 602206 ,171190 184369 101553 511757 287929 30394 514242 602206 716810 487722 
263464 653752 905421 585203 220473 263871 911357 263547 911100 979986 ,653752 905421 585203 220473 263871 911357 263547 911100 979986 997214 
193077 657598 192865 271681 669426 84388 667994 668561 677389 83222 ,193077 657598 271681 192865 669426 84388 667994 668561 677389 83222 
491561 110358 110264 490070 129165 111300 802925 701483 572605 92100 ,110358 110264 129165 111300 802925 701483 2875 716143 73164 16158 
510245 240018 116604 497354 95027 426708 825538 82630 529038 505423 ,510245 240018 116604 497354 95027 426708 825538 529038 505423 30002 
818022 30011 29959 815262 818720 29988 29972 29963 815282 29948 ,818022 30011 29959 815262 818720 29988 29972 815282 29948 30012 
74687 702254 946919 638423 70575 312151 763140 600984 242001 530394 ,74687 702254 946919 638423 70575 312151 600984 242001 530394 90133 
95603 503487 182359 305306 546373 105910 23646 278900 458303 864975 ,95603 182359 305306 546373 105910 23646 278900 458303 362619 83194 
776721 279956 261428 228357 111184 776801 113067 127464 216728 349970 ,776721 279956 261428 228357 111184 776801 113067 127464 216728 349970 
653134 610881 610474 610392 611429 610555 763188 611198 23965 677247 ,653134 610474 610392 763188 23965 609780 23768 800835 652990 605247 
671304 789359 742127 49040 132074 771899 26581 219054 914861 413516 ,671304 742127 49040 132074 771899 26581 219054 914861 413516 803287 
564170 115980 509849 209538 749260 509131 483499 974774 24386 561525 ,564170 509849 483499 30968 329741 235454 357871 499813 697135 561770 
826305 856060 911346 997178 851406 873692 856988 853167 103709 824121 ,826305 856060 911346 997178 851406 873692 856988 853167 103709 824121 
846258 592592 715326 564493 249779 59975 590114 542687 603974 574479 ,846258 592592 715326 564493 249779 59975 590114 542687 603974 574479 
238047 252434 234124 666417 965237 460117 81840 419238 894451 195557 ,238047 252434 234124 666417 460117 81840 419238 894451 195557 274373 
63244 73183 64826 73653 426379 740743 404148 117053 466879 680184 ,63244 73183 73653 426379 740743 404148 117053 680184 463594 501265 
667148 666980 304004 44804 250832 330983 514079 667186 317397 249572 ,667148 666980 304004 44804 250832 330983 514079 667186 317397 249572 
476650 479829 688941 476623 475854 442817 502577 476946 763867 378609 ,476650 479829 688941 476623 475854 442817 502577 476946 763867 378609 
236366 88745 236138 230622 348964 8203 997210 552268 751924 418976 ,236366 88745 230622 8203 997210 552268 751924 418976 702688 453171 
48644 753830 209147 223920 42196 793020 669335 317672 249073 640148 ,753830 209147 223920 42196 793020 669335 249073 640148 876787 411571 
210522 473986 192903 660651 92418 237526 283239 823439 802427 375896 ,210522 473986 192903 660651 92418 237526 283239 823439 802427 375896 
52248 322505 887749 543750 687084 637703 44870 920883 699631 83680 ,52248 44870 83680 5941 460505 397268 687585 160355 920494 477865 
510318 836127 103186 428167 565970 341166 572456 196683 206576 270854 ,510318 836127 103186 565970 341166 572456 196683 206576 270854 914716 
856741 855198 837330 37580 962842 219270 549866 9648 809920 220736 ,856741 855198 837330 37580 962842 219270 549866 9648 809920 220736 
66775 761822 840645 54732 594869 706972 488904 54636 421819 754089 ,66775 761822 840645 54732 594869 706972 488904 54636 421819 340097 
109944 206520 927016 76670 722772 386441 334013 638154 281137 92271 ,206520 927016 76670 386441 334013 638154 92271 698837 501772 18582 
648550 755364 961447 961556 648272 969813 889198 969870 604920 472565 ,648550 755364 961556 648272 969813 889198 604920 472565 619575 834370 
351204 632117 788576 363382 577918 363385 418813 423291 686649 232637 ,351204 632117 788576 363382 577918 363385 418813 423291 686649 232637 
842648 842779 226350 885780 977604 679864 883798 706745 390739 868469 ,915617 989885 840277 58002 914703 883120 871470 957538 474489 376759 
850773 857976 858132 103026 850528 858181 818507 859194 858619 772554 ,857976 858132 850528 858181 818507 859194 858619 772554 831052 858872 
90482 94035 86082 356052 961836 969881 850852 391318 531653 969718 ,90482 94035 86082 356052 961836 969881 850852 391318 531653 969718 
532682 357282 558135 213923 533837 163653 325677 335636 57478 465709 ,532682 213923 533837 163653 465709 164795 700597 465488 668584 212273 
915386 480782 915362 283687 255262 969156 18127 224776 19133 709648 ,19133 772343 560663 523542 522318 956478 921603 998007 226215 936354 
497055 122075 216223 306179 929287 279598 106629 556844 791153 562949 ,497055 122075 791153 430184 478535 122778 322992 151503 525674 100762 
957173 986751 168753 838513 797229 837029 683529 347185 512459 876577 ,797229 683529 838490 786138 693688 40157 291673 833617 747478 548856 
63485 636191 393560 10355 548063 724015 841624 170493 97230 632916 ,63485 636191 393560 10355 724015 170493 97230 175483 69467 599333 
803365 810252 798842 476957 705781 557350 640868 67350 52264 46349 ,803365 810252 798842 476957 705781 557350 640868 67350 52264 46349 
112928 904898 270068 295874 386454 566612 293908 324330 749451 229146 ,112928 904898 270068 295874 386454 566612 293908 749451 229146 220123 
217017 771748 750417 299315 749571 120698 132481 813916 319388 49450 ,750417 299315 749571 132481 319388 49450 737391 369641 134734 779133 
566408 74944 487311 122948 172353 795407 871936 21388 325221 281455 ,566408 74944 487311 122948 172353 871936 21388 325221 281455 315846 
93828 850453 120754 462428 574534 845168 564813 95535 451094 685531 ,93828 850453 120754 574534 845168 564813 95535 451094 685531 436536 
12448 842291 842919 101338 107275 535916 15138 481810 535899 883736 ,12448 101338 107275 15138 481810 946992 841889 977758 260334 62231 
924517 924098 420280 525493 70473 187245 164615 294930 110510 525221 ,924098 420280 525493 70473 187245 164615 294930 525221 639111 64116 
826639 423640 796097 515203 385907 941993 865566 571632 570492 947439 ,826639 423640 796097 515203 385907 941993 571632 570492 10134 625125 
797587 415575 39049 84217 615467 768622 411670 37990 800763 637513 ,770174 200641 542188 754687 616995 546696 758478 882159 999311 735110 
371298 451043 825599 569950 76409 924737 79629 871093 382426 478347 ,371298 451043 825599 569950 76409 924737 79629 871093 382426 478347 
408354 501347 42374 336294 501453 909231 174327 370646 429959 495784 ,408354 501347 42374 336294 501453 909231 174327 370646 429959 495784 
344012 344692 357023 356910 344685 331687 369558 709312 332254 25707 ,344012 344692 357023 356910 344685 331687 369558 709312 332254 25707 
544060 931515 872255 827859 560744 897679 766101 848125 870493 584092 ,544060 931515 872255 827859 560744 897679 766101 848125 870493 584092 
2953 595046 704250 629489 15032 932647 189260 97276 399672 705875 ,2953 595046 704250 15032 932647 189260 399672 705875 215176 84872 
832029 354807 856069 676990 398517 465425 403553 582170 652323 47325 ,832029 354807 856069 676990 398517 465425 403553 582170 47325 477561 
829055 940804 605463 604133 105645 569401 576369 828606 552369 717702 ,940804 605463 569401 995086 575978 797825 559390 979659 569397 605375 
84061 158173 686829 344766 661877 84408 600646 429887 151362 81907 ,158173 686829 344766 661877 84408 600646 429887 151362 81907 665020 
78428 159290 123311 528566 269041 259927 517210 608928 866617 823685 ,78428 159290 123311 528566 269041 517210 866617 182753 93638 531943 
879754 153813 879768 429029 4821 428626 305232 4662 526093 16514 ,879754 153813 879768 429029 4821 305232 4662 526093 16514 708463 
854738 226253 548402 884456 599311 180935 394861 883423 614908 614870 ,854738 226253 548402 884456 180935 394861 883423 614908 614870 596459 
434489 780856 240149 240978 542028 541899 350100 899985 223903 896130 ,434489 780856 240149 240978 542028 541899 350100 899985 223903 896130 
376122 43297 376259 456588 714419 218324 455049 207166 56045 7484 ,376122 43297 376259 456588 714419 218324 455049 207166 56045 7484 
817089 606863 817340 816365 606825 658098 177316 289924 544543 567456 ,817340 816365 658098 289924 107863 107823 817378 345682 656101 28505 
232880 645519 612573 237914 409781 809939 467100 482517 862953 55425 ,232880 645519 612573 237914 409781 809939 467100 482517 862953 55425 
189598 425173 576842 644717 888882 828357 785916 785645 424348 828780 ,189598 425173 576842 644717 888882 828357 785916 785645 424348 828780 
551748 725787 551697 570243 726214 569969 525212 389071 312604 127603 ,551748 725787 551697 570243 726214 569969 525212 389071 312604 127603 
609734 234367 603373 367097 366857 544536 392887 959092 725890 367792 ,609734 234367 603373 366857 544536 392887 959092 725890 390317 308776 
349613 370966 409742 407947 411045 116277 478018 318974 993383 66882 ,409742 478018 318974 500928 680282 344755 493152 477743 317958 286157 
423198 423303 423251 534423 423857 987390 791559 607481 638116 569487 ,423198 423303 423251 534423 423857 987390 791559 607481 638116 569487 
432318 880928 838555 620891 379617 842808 63520 895407 566147 555466 ,432318 880928 63520 566147 206907 882320 828867 934948 410167 889541 
195117 520508 183392 193591 272407 842734 949897 519988 843588 125035 ,195117 183392 843588 125035 139404 489394 565401 398419 269397 991253 
4630 4554 804007 784790 279489 4623 279275 188771 292781 525082 ,4554 784790 279489 292781 257992 188768 278674 806386 493981 292222 
704388 750055 703136 293006 752712 233628 702953 749502 842458 919615 ,704388 750055 703136 293006 752712 233628 702953 842458 919615 22467 
529802 469962 225267 261181 543219 847692 867751 843354 782878 223874 ,469962 867751 782878 887898 504460 782438 912179 749960 170159 198545 
799070 691337 156919 870027 752995 296766 156641 974743 437868 458961 ,799070 691337 156919 870027 752995 296766 156641 974743 437868 458961 
466632 157582 110906 154571 448428 431361 431750 436833 685198 599073 ,466632 157582 110906 154571 448428 431361 436833 685198 599073 627982 
872683 136413 320948 572352 284571 864038 979590 405844 402018 647652 ,872683 136413 320948 572352 864038 979590 405844 402018 647652 359950 
390430 390561 547680 301329 562728 547707 703518 300478 283081 973704 ,547707 703518 751061 703307 450970 413513 977335 358334 973534 343300 
188565 893090 791178 441755 307882 893002 189770 51099 360925 695904 ,188565 893090 791178 441755 307882 893002 189770 51099 360925 695904 
20723 309992 94807 94939 935790 94940 256502 900561 969871 727955 ,20723 309992 94807 94939 935790 94940 256502 900561 969871 727955 
688985 363510 510252 369740 352661 357335 305095 306892 787641 979585 ,688985 363510 510252 369740 352661 357335 305095 306892 787641 979585 
758427 835631 757036 995274 650026 611248 756522 611600 756645 835697 ,758427 835631 757036 995274 650026 611248 756522 611600 756645 835697 
999436 999881 582163 497797 354692 724758 724877 336842 314351 970093 ,999436 999881 354692 314351 574923 975275 337103 581239 226771 537721 
263019 307886 82600 370502 664264 83311 535717 101629 110380 930028 ,263019 307886 82600 370502 664264 83311 535717 101629 110380 930028 
605426 863915 762523 653668 873336 891541 605291 69652 640933 776199 ,605426 863915 762523 873336 891541 605291 69652 640933 776199 774633 
159687 932792 284317 287131 463123 192614 271430 234660 90479 930200 ,932792 284317 287131 463123 271430 192614 234660 90479 930200 308844 
790293 629703 597178 547126 712430 886559 711202 458880 681555 86693 ,790293 629703 597178 547126 712430 886559 711202 458880 681555 86693 
587404 929092 82246 601801 541161 928637 481713 448233 359780 195737 ,587404 929092 82246 601801 541161 928637 481713 448233 359780 195737 
353262 339962 354286 283615 355344 287063 295356 315958 293750 342185 ,326254 309494 729858 561312 686051 620588 221653 319063 308137 538929 
759875 757096 758571 405033 760640 961603 946598 568157 969935 759861 ,759861 761436 757965 145021 568364 916219 756639 612316 27814 44071 
408099 332162 118864 174729 143330 817746 531045 977703 488243 113031 ,408099 332162 118864 174729 143330 977703 488243 113031 179653 704888 
837951 634738 566574 103453 953053 632271 566511 58550 571371 733024 ,837951 634738 566574 103453 953053 58550 571371 718216 634734 760336 
234934 235681 986945 81957 56169 98920 83751 876573 481607 732118 ,234934 235681 986945 81957 56169 98920 83751 876573 481607 732118 
575866 593511 329609 718026 961132 758545 581427 211681 579744 348892 ,575866 593511 329609 718026 961132 758545 581427 211681 348892 257726 
655305 652278 802243 908397 655283 792492 656936 654363 776128 832071 ,655305 652278 802243 908397 655283 792492 656936 654363 776128 832071 
652311 500368 370172 735568 665726 504253 800660 696801 701810 718064 ,652311 500368 370172 735568 504253 800660 696801 701810 718064 209639 
402980 614739 110762 899934 436996 485330 729504 18572 277233 199644 ,402980 614739 110762 899934 436996 485330 729504 18572 277233 199644 
575795 873869 835354 410283 193266 272082 735834 74768 962466 193972 ,575795 873869 835354 410283 193266 272082 735834 74768 962466 193972 
425326 425964 924233 393589 749360 169629 636932 547470 380443 823221 ,393589 957713 169552 287969 853954 548022 597688 60505 884805 704077 
814133 928275 375311 632003 927994 713525 984846 761702 622920 506478 ,375311 632003 927994 713525 984846 761702 506478 946350 980348 951466 
18918 403855 241731 139753 891751 104364 635627 257775 231440 994391 ,18918 403855 241731 139753 891751 104364 635627 257775 231440 994391 
24609 648065 614907 653269 651127 614944 814656 647085 851829 653003 ,24609 653269 814656 821893 646924 653468 614942 638340 760415 647974 
981977 981315 976651 977176 980861 676479 893032 792966 893257 657542 ,981977 981315 976651 977176 980861 676479 893032 792966 893257 657542 
14331 596139 354376 205404 269682 44554 141239 483382 750324 573168 ,14331 596139 205404 269682 44554 141239 483382 750324 573168 431420 
390307 390106 390266 522136 436577 343300 92467 493356 935290 694521 ,390307 390106 390266 522136 92467 493356 694521 340735 515148 504115 
787938 898252 829826 590916 709887 262499 951793 791916 617050 56408 ,787938 898252 829826 590916 709887 262499 951793 791916 617050 56408 
504868 796366 52583 377876 808623 885536 50287 476338 50280 876247 ,504868 796366 377876 808623 476338 54973 53565 441445 808082 55075 
987402 436330 987386 3768 441958 796391 434970 483443 748474 960951 ,987402 3768 796391 960951 313663 344975 594795 99773 335037 518503 
389625 389567 389613 922996 911392 658672 89660 255800 911162 525398 ,389625 389567 389613 922996 911392 658672 89660 255800 911162 525398 
709314 972379 299340 146060 406797 790205 831689 470269 852430 108982 ,299340 146060 854126 240247 620412 27699 824419 239939 208568 854146 
397279 400804 929317 104999 104997 400668 869785 496034 723142 433025 ,397279 400804 929317 104999 104997 869785 496034 433025 519424 784973 
453704 380847 409528 493588 18311 483972 484292 544098 506431 680714 ,453704 380847 409528 493588 18311 483972 484292 544098 506431 680714 
304064 603876 38824 469973 699202 509314 421277 189720 613865 476092 ,304064 603876 38824 699202 509314 421277 189720 613865 476092 875734 
860318 861190 45337 680848 372791 215077 571928 17399 500322 45597 ,860318 861190 45337 680848 372791 215077 571928 17399 500322 45597 
703672 706208 480100 704360 480084 226355 66136 36362 690733 63675 ,703672 706208 480100 704360 480084 226355 66136 36362 690733 63675 
900374 900607 378828 901005 890933 540056 39275 38394 538168 39246 ,900374 900607 378828 901005 890933 540056 39275 38394 538168 39246 
293507 822715 221365 501229 514206 298012 326368 821472 18369 514161 ,293507 822715 221365 501229 514206 298012 326368 821472 18369 514161 
856182 919421 867729 191159 191298 443601 855005 852658 957642 832993 ,856182 919421 867729 191298 855005 960661 855367 967336 563983 919550 
564258 225593 201685 265963 76092 772650 617934 19780 505030 484820 ,225593 265963 201685 76092 772650 617934 505030 900277 312215 882947 
64318 326925 325823 368720 365727 322985 795388 795392 322542 86160 ,64318 325823 368720 365727 322985 795388 795392 322542 86160 96982 
28451 365610 103641 285556 665718 653368 895945 651009 699692 386249 ,365610 103641 665718 653368 386249 29504 799403 653618 737274 736842 
352164 326483 956766 366843 305654 95216 79744 886085 826863 365262 ,352164 326483 956766 305654 95216 79744 886085 826863 365262 350935 
831516 667608 775677 825544 825508 773626 825527 792983 856616 26026 ,831516 667608 775677 825544 825508 773626 825527 792983 856616 26026 
737887 734503 866317 174375 233839 866290 734296 890806 723891 409244 ,737887 734503 866317 174375 233839 866290 734296 890806 723891 409244 
353210 699258 820948 723739 180705 698594 380108 294174 293091 873027 ,180705 698594 380108 292941 340182 232669 280833 874494 525691 910788 
708486 630494 99456 753257 752124 822562 751244 842239 457941 170097 ,483312 67474 678069 541870 861300 407403 265647 401464 296716 118289 
739826 739712 601296 183036 963286 400707 120868 383543 548673 968836 ,739826 739712 601296 183036 963286 400707 383543 633632 703645 400517 
450075 274996 954166 717588 944039 848687 950403 529356 698195 665055 ,717588 950403 529356 665055 832433 247409 864169 836087 940927 529737 
571359 282739 254209 616449 547370 585251 547287 546209 47228 70856 ,571359 282739 254209 616449 547370 585251 547287 546209 47228 70856 
832968 24142 755514 375145 755592 757178 375051 24247 830254 835972 ,375051 835972 375202 446086 756678 830232 824147 837908 830180 772368 
490066 408483 380999 52569 492811 508162 224202 52661 211878 809363 ,490066 408483 380999 52569 492811 508162 224202 52661 211878 257406 
839191 204157 202220 646840 656925 394793 838975 314599 967303 119174 ,839191 204157 202220 646840 656925 394793 838975 314599 967303 119174 
899777 47949 307633 433964 899848 900087 412599 937774 262987 847170 ,899777 47949 307633 433964 899848 900087 412599 937774 262987 847170 
16527 754359 16505 459523 16672 104861 194035 272851 143749 953858 ,16527 754359 16505 459523 104861 272851 194035 143749 953858 767384 
324884 601658 780277 696040 803306 934511 895306 473548 367461 696589 ,324884 601658 780277 696040 803306 934511 895306 473548 367461 696589 
358525 12473 125822 357046 128833 315870 925013 168872 923235 381638 ,358525 12473 125822 357046 128833 315870 925013 168872 923235 381638 
798666 632064 977019 125700 602492 801704 140124 490819 725921 485355 ,798666 632064 977019 125700 602492 801704 140124 490819 725921 485355 
809550 520110 323900 809621 624815 750898 331696 583264 110447 810271 ,809550 520110 323900 809621 624815 750898 331696 583264 110447 892253 
497092 193679 272495 160233 693790 486878 283143 736039 350538 843360 ,497092 272495 193679 160233 693790 283143 736039 350538 843360 968757 
283791 866194 376275 96874 453375 499111 460621 634729 474880 198904 ,283791 866194 376275 96874 453375 499111 460621 634729 474880 198904 
67579 399070 181355 67924 751220 723615 392378 276534 694616 601300 ,399070 67924 751220 723615 392378 276534 694616 391430 282157 404368 
931706 260903 702996 261213 881197 839313 538859 539168 539140 618973 ,931706 260903 702996 261213 881197 839313 538859 539168 539140 618973 
719665 850377 123868 784787 724730 524646 780251 240918 152270 780243 ,719665 850377 123868 784787 724730 524646 780251 240918 152270 780243 
707734 903844 283087 357214 614913 914083 354182 466586 514752 120284 ,903844 283087 357214 614913 914083 354182 466586 514752 120284 224487 
372663 694139 762338 516470 953157 158646 865408 256825 771225 536248 ,372663 694139 762338 516470 865408 256825 771225 536248 845690 488493 
489794 628111 419241 933449 316854 312089 566823 932869 640247 257980 ,312089 36090 406441 664189 996841 312663 54260 560723 811584 474447 
923950 226978 842441 168673 931773 223481 887286 424062 886193 852359 ,923950 226978 842441 168673 931773 223481 887286 424062 886193 852359 
563371 565912 562062 564714 839831 831124 993768 562761 207346 886574 ,232582 620694 21437 607808 594142 883960 502137 696191 982603 42304 
883546 943056 807331 757065 957682 837766 957659 673611 647399 837606 ,883546 943056 807331 757065 957682 837766 957659 673611 647399 837606 
745329 786591 228470 723871 482684 739872 528271 778246 734065 424 ,745329 786591 228470 723871 482684 739872 528271 778246 734065 424 
339828 210499 210070 380668 505077 758719 186789 493230 308071 118368 ,339828 210499 210070 380668 505077 758719 186789 493230 308071 171959 
203352 267630 393901 870415 544907 950403 394501 535747 108815 395995 ,203352 267630 393901 870415 544907 950403 394501 535747 108815 395995 
469440 560859 554917 555434 811154 250862 458885 560847 255820 652128 ,560847 340224 653505 207544 618758 583922 893135 540925 897581 858903 
877096 867353 159025 901432 431612 4306 901972 564520 877467 941803 ,877096 867353 159025 901432 431612 4306 901972 564520 877467 941803 
907698 596405 874662 244450 781625 74321 397936 355288 963162 779858 ,907698 874662 244450 781625 397936 355288 779858 903563 779946 495921 
882272 882658 807928 463349 382376 450907 804789 285920 818792 383642 ,882658 807928 463349 382376 450907 804789 285920 818792 383642 811447 
96281 56397 237546 56297 567396 232619 223695 682750 95338 961617 ,96281 56397 237546 56297 567396 232619 223695 682750 95338 961617 
575423 453222 681382 468527 19087 589399 161472 412310 346749 669311 ,575423 453222 681382 468527 589399 412310 925850 272499 193683 388364 
464736 206921 195423 274239 209096 477579 781774 183369 580472 360859 ,464736 206921 195423 274239 209096 477579 781774 183369 360859 215417 
459333 52301 827615 552823 887637 943451 464178 475694 53379 409310 ,459333 52301 827615 552823 887637 943451 464178 475694 53379 409310 
757998 760636 757824 329107 765873 884134 150339 887137 569905 148397 ,757998 760636 757824 765873 887137 569905 59902 964906 497885 514463 
457943 763372 714748 540905 211859 934946 718905 713868 970760 933875 ,934946 713868 970760 933875 794935 609887 39841 378643 762844 975151 
771729 353944 523428 522728 250517 848634 12399 875039 299987 669588 ,353944 523428 848634 12399 875039 669588 340455 341203 248992 532454 
99049 238319 772360 139277 216395 772215 278964 804039 523959 772144 ,99049 238319 772360 216395 139277 772215 278964 804039 523959 772144 
354128 522575 83037 819605 261503 151508 516813 760731 240918 637966 ,354128 522575 83037 819605 261503 151508 516813 760731 240918 283306 
938463 129160 42901 868230 516654 249026 12883 17137 18360 309686 ,938463 129160 42901 868230 516654 249026 12883 17137 18360 309686 
324335 94858 307221 351459 526795 419362 339262 687699 499155 818008 ,351459 526795 419362 687699 419368 604679 688183 658634 419533 500563 
824912 794592 995530 824859 582233 995870 648258 794229 794822 876548 ,824859 648258 794229 794822 565653 957308 787096 408361 375345 537336 
975426 974075 391636 159539 959193 150885 338418 919144 18581 391488 ,975426 974075 391636 159539 959193 150885 338418 919144 18581 391488 
242960 54284 419725 384863 995867 303921 316836 389196 700259 238193 ,242960 54284 419725 384863 995867 303921 316836 389196 700259 238193 
648736 542385 647603 541923 646238 646472 827435 764858 826847 758695 ,542385 647603 764858 826847 808874 827678 825415 895216 808820 824275 
962372 111315 844221 194950 273766 704756 158091 973322 19749 483313 ,962372 111315 844221 194950 273766 704756 158091 19749 483313 266359 
17232 18088 271278 16644 923810 202196 266474 69380 203246 267524 ,923810 267524 708178 391650 893777 732456 519375 696633 412292 394827 
31288 595682 765919 628035 856148 621693 132744 714561 17944 595086 ,31288 595682 765919 628035 856148 132744 714561 595086 765104 896321 
61688 599103 281263 903876 498491 567744 911603 233208 220346 279761 ,61688 281263 903876 498491 567744 911603 233208 220346 279761 139879 
253723 710182 709647 252691 842990 180260 102859 179514 12910 15201 ,253723 709647 842990 102859 179514 12910 661069 646011 60477 843406 
630959 630983 909814 144089 29529 319107 261388 207971 319587 681995 ,681995 210274 557055 853530 37481 198656 967224 644758 169713 519961 
703799 703533 562567 748539 682682 160680 111327 748338 930048 110775 ,703799 562567 748539 682682 111327 748338 930048 110775 110435 700436 
110977 340556 396504 172738 350500 347026 461747 302663 394729 878465 ,110977 340556 396504 172738 347026 461747 302663 394729 878465 963952 
811106 708538 521431 415922 490493 602112 45549 160610 138201 485149 ,811106 708538 521431 415922 490493 602112 45549 160610 138201 485149 
821951 168607 168423 168521 903656 336742 466290 740468 929860 363422 ,821951 168607 168423 168521 903656 336742 466290 740468 929860 363422 
124128 16532 832984 315171 742053 412133 463875 741760 16530 791392 ,124128 16532 832984 315171 742053 463875 741760 791392 350878 583691 
742357 637373 637540 742673 305943 733275 637349 280106 350463 305550 ,742357 637373 637540 742673 733275 280106 353718 740792 189419 350973 
554651 339032 599163 175001 662894 616023 822097 373191 424855 480495 ,339032 175001 480495 228522 326 175522 168388 502351 5047 423193 
622153 621567 854126 252734 979163 877067 450690 710127 783074 848707 ,622153 621567 854126 252734 979163 877067 710127 783074 848707 797468 
567928 552013 30185 350728 491456 151580 96718 585363 68964 88844 ,567928 552013 30185 350728 491456 151580 96718 585363 68964 88844 
33678 238555 913637 901036 410317 247570 461726 408473 908761 616925 ,33678 913637 901036 410317 247570 461726 408473 908761 616925 148383 
5151 498433 951307 60299 99692 5191 262062 873598 506055 385748 ,5151 498433 951307 60299 99692 5191 262062 873598 506055 385748 
469922 470198 373437 47271 786951 434578 177776 133725 183923 49015 ,469922 470198 373437 47271 786951 434578 177776 133725 183923 49015 
85030 92271 111970 76519 72838 95696 117665 84951 822184 85629 ,85030 92271 111970 76519 72838 95696 117665 84951 822184 85629 
581144 312309 139269 614057 676529 885426 428868 939070 314096 348667 ,312309 614057 676529 885426 428868 939070 314096 348667 795791 559176 
84008 511552 87094 321514 72838 84951 76521 82852 84172 30113 ,84008 511552 87094 321514 72838 84951 82852 84172 30113 86952 
643850 769823 991662 642915 814395 837907 837619 642902 644897 773127 ,774948 116315 186672 470479 640076 964659 839309 206624 855192 568718 
213720 154521 213913 784269 775764 868973 963796 387768 578712 825397 ,213720 213913 784269 868973 963796 387768 578712 825397 644001 454267 
935954 978870 488443 79907 511989 125224 292521 491300 738631 490266 ,488443 79907 511989 125224 292521 491300 738631 490266 565863 791310 
849760 547305 511695 494608 176333 607065 522525 493971 99049 516500 ,849760 547305 511695 494608 176333 607065 493971 99049 516500 124382 
106870 86207 126164 406903 899241 71435 110122 92537 631843 90714 ,106870 86207 126164 406903 899241 71435 110122 92537 631843 307156 
865734 874263 939666 543596 704186 390840 704473 63467 705591 874353 ,865734 874263 939666 543596 704186 390840 63467 705591 874353 886101 
19638 608923 947823 950339 936001 299575 987248 952221 925837 836532 ,19638 608923 947823 950339 936001 987248 952221 925837 836532 391986 
244571 899959 919995 578806 245614 3871 900007 339801 577989 621532 ,899959 919995 578806 245614 3871 900007 339801 577989 621532 837253 
970552 255170 620288 712843 661405 811384 480529 224064 557462 31379 ,970552 255170 620288 712843 661405 480529 557462 31379 841309 485099 
337005 94438 305010 408928 410043 352540 428582 364320 292134 94345 ,337005 94438 305010 408928 410043 352540 428582 364320 292134 94345 
575253 63462 211494 428997 57207 151342 422879 601320 350899 714530 ,575253 63462 211494 428997 57207 151342 422879 601320 350899 714530 
646744 374834 647181 646716 372126 805388 766816 121846 765510 614695 ,646744 374834 647181 646716 372126 805388 766816 121846 765510 614695 
677724 677598 211057 677390 462009 463543 422995 283827 5807 685820 ,677724 211057 677390 462009 463543 422995 283827 685820 305866 533902 
758720 290992 728778 759168 845262 181776 475379 100584 610543 200007 ,758720 290992 728778 759168 845262 181776 100584 264285 200007 731221 
100886 877281 870705 895159 706355 771624 470495 820115 819335 625923 ,100886 877281 870705 895159 706355 771624 470495 820115 625923 332725 
554495 824796 824515 643835 992086 754653 910455 910217 755147 903697 ,824796 824515 643835 992086 754653 910455 910217 755147 903697 807804 
424430 425263 809563 809521 519017 670237 696460 118563 123907 20279 ,424430 809563 519017 670237 696460 118563 123907 262252 51818 668144 
452670 59085 452499 392340 278971 371721 738430 738529 294403 308661 ,452670 59085 452499 392340 278971 371721 738430 294403 308661 215030 
662905 280425 745865 615282 98708 293933 883465 5166 375732 690191 ,662905 280425 745865 615282 98708 293933 883465 5166 375732 690191 
127135 61256 309541 829477 456233 60898 110617 913418 66093 519305 ,127135 61256 309541 829477 456233 60898 110617 913418 66093 519305 
423079 423491 423015 378767 846556 817506 534687 816458 425151 471359 ,423079 777097 249001 713626 777401 850136 677643 645225 764963 747525 
998320 103026 190659 956618 957476 853873 941076 995625 102248 566430 ,998320 190659 956618 957476 853873 941076 995625 102248 566430 852750 
358125 345038 706617 57434 382136 340661 54708 646761 538420 171752 ,358125 54708 50340 357960 409085 50862 892469 538327 54797 543343 
234135 855187 15022 801707 234748 400004 621221 682380 624574 325514 ,234135 855187 15022 234748 400004 621221 682380 624574 325514 682386 
111043 537564 662404 994057 330896 314257 937098 962127 130843 442105 ,111043 537564 662404 994057 330896 314257 937098 962127 130843 512944 
461172 296287 452658 454545 983086 45655 462005 298760 460689 325063 ,461172 296287 452658 983086 45655 462005 298760 460689 325063 482765 
721024 721385 802903 803833 498230 954676 803263 801658 111571 212508 ,802903 803833 498230 954676 803263 801658 212508 485819 843989 965318 
122588 724635 526280 63366 923524 122383 469889 219090 510578 496707 ,122588 724635 526280 923524 122383 469889 219090 510578 496707 458287 
193603 169657 173284 462523 194249 273065 195986 274802 173329 506036 ,193603 169657 173284 462523 273065 274802 195986 506036 31183 671165 
121910 104690 122073 278910 854857 215541 614870 102222 825170 614908 ,121910 104690 122073 278910 854857 614870 102222 825170 614908 121908 
920493 88803 295996 637869 877802 53732 459092 484731 322504 248981 ,920493 88803 295996 637869 877802 53732 459092 484731 322504 248981 
319592 439978 116583 930469 514216 874105 514294 82916 491920 920442 ,514294 491920 979489 299253 919890 860917 96408 276569 408023 86367 
514223 232780 450899 726214 514338 302783 725787 365047 292050 516909 ,514223 232780 450899 726214 514338 302783 725787 365047 292050 516909 
757324 753539 962511 669449 375016 375379 61522 669167 986888 812511 ,757324 753539 962511 669449 375016 375379 61522 669167 986888 812511 
763392 380447 838907 230821 853740 781683 594196 682038 353670 667745 ,594196 764094 982936 879704 572141 873526 541044 929159 792737 141772 
763780 519278 390963 566480 661544 349209 481087 281836 90522 708768 ,763780 519278 390963 566480 661544 349209 481087 281836 90522 708768 
909314 788074 415757 378621 654015 54786 51729 684910 54607 50778 ,909314 788074 415757 378621 654015 54786 51729 684910 54607 50778 
525661 987292 496500 510200 495466 247835 343180 168020 365167 473395 ,525661 987292 496500 510200 495466 247835 343180 168020 365167 473395 
479533 583909 105193 152033 23000 726974 151713 153267 745834 115387 ,479533 583909 105193 152033 23000 726974 151713 153267 928348 634585 
529072 520742 233799 240803 168418 233366 21989 502223 79570 70283 ,529072 520742 233799 240803 168418 233366 21989 502223 79570 70283 
421062 985437 735332 113189 114783 11354 329784 278940 732430 112854 ,421062 985437 735332 113189 114783 11354 329784 278940 732430 112854 
947667 513987 918910 34509 628528 918933 39872 13993 932071 795888 ,513987 918910 34509 628528 918933 39872 13993 932071 795888 79758 
599103 916117 88641 288394 106470 449545 214448 837880 550379 68870 ,916117 88641 288394 106470 449545 214448 837880 550379 68870 100609 
223895 224167 478462 473335 14314 832506 478377 916996 862259 771042 ,223895 224167 478462 473335 14314 832506 916996 862259 771042 478355 
244303 121871 368126 547272 800864 289109 821819 244518 715176 287712 ,244303 121871 368126 547272 800864 821819 287712 251533 472157 348253 
668749 749414 603556 481752 395179 4861 388576 934887 997723 14485 ,603556 395179 388576 781364 12618 439905 924578 253544 966000 61457 
794801 536996 794481 937533 745550 953820 805320 630234 882242 680593 ,794801 745550 953820 630234 680593 871191 787192 378615 722826 111510 
446891 953070 38716 770725 907067 953101 38691 215887 38891 38664 ,446891 953070 770725 953101 38891 37898 907242 558405 38842 446315 
613025 613633 85533 374825 952761 87519 840555 946528 601106 435524 ,613025 613633 85533 374825 952761 87519 840555 946528 601106 435524 
871829 759569 410673 862663 685726 757805 475121 537925 701700 856502 ,759569 410673 862663 685726 757805 475121 701700 856502 683679 389519 
758743 759614 765002 830319 232624 817927 818855 792782 933677 129829 ,758743 759614 765002 830319 232624 817927 818855 933677 129829 25037 
513182 513070 513826 89404 715949 157293 201952 266230 202636 266914 ,513182 513070 513826 89404 715949 157293 266230 201952 266914 202636 
725941 615228 230651 791869 572365 67217 854843 105078 151951 67088 ,615228 230651 791869 572365 67217 854843 105078 67088 92082 439154 
789026 94869 514758 973091 446209 278670 857271 445545 168266 557661 ,789026 94869 514758 973091 446209 278670 857271 445545 168266 557661 
508028 283635 398384 414230 235015 321424 234146 401957 449184 663782 ,508028 398384 414230 235015 321424 234146 401957 449184 663782 520870 
863258 768416 997330 851174 826037 997143 847777 854992 885902 867741 ,863258 768416 997330 851174 826037 997143 847777 854992 885902 867741 
154732 382425 378996 409867 189219 82022 84086 712790 905868 386444 ,154732 382425 378996 409867 189219 82022 84086 712790 905868 386444 
803861 987264 145852 398166 675264 60536 861194 166351 108379 197329 ,803861 987264 145852 398166 675264 60536 861194 166351 108379 197329 
548473 86903 705050 22222 645175 932306 39914 87697 39928 969187 ,548473 86903 705050 22222 645175 932306 39914 87697 39928 969187 
84499 319514 406204 348195 519578 406202 95550 156250 151632 682559 ,84499 319514 406204 348195 519578 406202 95550 156250 151632 682559 
514792 226121 514907 861476 690539 271980 839601 831860 919787 210802 ,514792 226121 514907 861476 690539 839601 831860 919787 210802 943004 
46734 294028 325681 259629 387397 305872 755526 95358 96693 114632 ,294028 325681 96693 607472 606876 487390 247489 1478 498922 26011 
778301 778303 521066 311503 950696 897287 29364 340342 521075 617293 ,778301 778303 521066 311503 950696 897287 29364 340342 521075 617293 
868824 940594 181016 940740 482018 947135 481152 703000 542272 703042 ,482018 947135 481152 703000 542272 703042 538940 854864 922170 562848 
448829 448680 247166 134207 2165 954969 847766 173454 949550 840950 ,448829 448680 949550 964469 132776 69881 711096 599850 69654 756798 
440530 807930 29801 598592 598099 964549 210126 199947 264225 209390 ,807930 598592 598099 964549 210126 199947 264225 209390 74853 221492 
54680 51541 151423 567856 306260 160505 350855 94449 430270 23972 ,54680 51541 151423 567856 306260 160505 350855 430270 23972 452156 
18727 237983 926646 238916 2813 36620 967465 239978 887678 13561 ,238916 2813 36620 967465 887678 13561 798160 304760 750879 692290 
256064 256734 134892 20412 543817 841086 840426 863949 114100 298824 ,256064 256734 134892 20412 543817 841086 840426 863949 114100 298824 
757392 756280 38061 560415 422243 123010 472132 472043 846763 140693 ,757392 756280 38061 560415 422243 123010 472132 472043 846763 140693 
668539 892923 225859 997317 983197 541815 894424 225129 893192 985064 ,668539 892923 225859 997317 983197 541815 894424 893192 985064 740941 
75723 77995 310197 506920 535002 535308 434638 345702 141346 253601 ,492198 549466 33486 515437 169759 565937 12004 981955 936715 457257 
765686 69323 369099 69387 265903 18003 788602 808866 323684 165703 ,765686 69323 369099 18003 788602 323684 165703 264340 515186 597522 
744964 739121 740941 547469 955393 125 479856 920294 843385 842597 ,744964 955393 60051 191089 885507 934472 955383 915891 931707 893192 
435999 879895 668296 800299 879900 359104 925483 143729 388767 670495 ,435999 879895 668296 879900 359104 925483 143729 124061 863894 434948 
306364 281832 305192 305131 903966 237347 180681 416914 81785 535965 ,306364 281832 305192 305131 903966 237347 180681 416914 81785 535965 
855675 825856 846323 640219 445178 101810 640446 640010 640514 881145 ,855675 825856 846323 640219 445178 101810 640446 640010 640514 881145 
88685 304371 370005 369965 606208 859621 494739 540363 617801 418089 ,88685 304371 370005 369965 606208 859621 494739 540363 617801 418089 
827720 113711 39308 768189 894138 643142 427534 446884 41025 447903 ,827720 768189 643142 447903 308812 570053 862201 427804 447058 96827 
249764 841359 841915 113399 367205 949282 970681 28253 850113 658380 ,249764 841359 841915 113399 367205 949282 970681 28253 850113 658380 
498456 500569 47222 438248 594474 197191 51649 201554 265832 595148 ,498456 500569 594474 197191 265832 127574 434260 275575 406310 435472 
363212 843547 129384 515855 987873 424174 543876 918286 844000 703939 ,363212 843547 129384 515855 987873 424174 543876 918286 844000 681614 
69393 932147 405337 931946 880352 618432 598627 149617 99812 921550 ,69393 932147 405337 931946 880352 618432 598627 149617 99812 921550 
120878 854529 824998 42529 855431 580194 846830 801144 959974 228232 ,854529 824998 42529 855431 580194 846830 801144 959974 228232 627009 
736388 549318 733072 159007 742326 791093 512276 525400 421936 360045 ,736388 549318 733072 159007 742326 791093 512276 525400 421936 360045 
571650 947627 950294 173380 439049 17742 813595 813721 144244 585788 ,439049 17742 585788 276409 69083 892930 28378 691586 870242 845154 
38432 478632 476269 478663 38582 39441 38375 478204 39570 218930 ,38432 478632 476269 478663 38582 39441 38375 478204 39570 218930 
223261 977371 598410 524055 849323 388660 217666 362011 628818 921921 ,223261 977371 598410 524055 849323 217666 628818 874052 147291 897959 
71021 843840 382052 200888 265166 804609 833353 123000 196419 275235 ,71021 843840 382052 265166 200888 833353 123000 196419 275235 486269 
315049 849772 333782 494308 849874 485087 103579 326442 630535 635098 ,315049 849772 333782 494308 849874 485087 103579 326442 630535 635098 
795827 441114 683832 88718 89737 877551 778106 683877 313535 693353 ,795827 441114 683832 88718 89737 877551 778106 683877 693353 139479 
714068 184248 238568 114050 272995 195872 274688 661662 318878 478872 ,714068 184248 238568 114050 272995 195872 661662 318878 478872 541217 
159049 159088 100084 516917 864006 625961 99515 595600 84135 918209 ,99515 918209 530047 264858 200580 155506 77112 879149 284573 414905 
516593 390772 516712 261849 194210 273026 721661 169775 845592 511688 ,516593 390772 516712 273026 169775 36725 598059 202230 23426 926834 
502521 245853 203954 268232 321015 502072 426195 886988 569374 201863 ,502521 245853 268232 203954 321015 502072 426195 886988 569374 201863 
484725 509399 332907 86529 372724 87938 79627 87426 250334 430454 ,484725 509399 332907 86529 372724 87938 79627 87426 430454 541047 
749852 73769 157160 775900 693414 139666 394544 440237 508760 604650 ,749852 73769 157160 775900 693414 394544 440237 604650 755119 149926 
336637 279675 60028 354402 60054 43255 241777 506723 658709 498283 ,336637 60028 354402 60054 506723 658709 498283 61052 510916 94705 
827724 824693 760392 814765 753983 904270 789108 558648 996760 558622 ,827724 824693 760392 814765 753983 904270 789108 558648 996760 558622 
989893 974413 973317 974070 990875 974688 974923 837229 990358 990877 ,974413 830364 989882 989898 999216 103872 974689 973670 404601 974412 
763809 551037 713665 176326 816152 761897 908100 328498 387890 781133 ,763809 551037 713665 816152 761897 908100 328498 387890 781133 177092 
720790 288356 793588 441763 520538 154808 890795 339724 840296 922588 ,720790 288356 793588 441763 520538 154808 339724 840296 922588 322667 
739033 988987 988389 739506 394131 598214 226406 741327 416843 960765 ,226406 960765 896928 223837 522270 15900 963342 522388 474270 567085 
609203 821335 379972 765200 556900 978969 36110 405844 271904 966549 ,609203 821335 379972 765200 556900 978969 36110 405844 271904 966549 
350627 615000 151204 82235 83980 68534 451867 321566 84548 89861 ,350627 615000 151204 82235 83980 451867 321566 84548 89861 104738 
859802 326150 914023 83439 716201 559096 477219 477211 217238 477700 ,326150 716201 559096 217238 809989 834388 452392 325955 754423 680706 
526313 433311 750373 474230 547587 728553 219785 749001 442413 85902 ,526313 433311 750373 474230 547587 728553 219785 749001 442413 85902 
264425 223970 599823 341866 970332 720727 3551 664 199988 264266 ,720727 3551 264266 12683 679681 795235 481204 406557 330681 200418 
887380 900919 235749 645283 303829 821815 733382 362706 680847 244620 ,887380 900919 235749 645283 303829 733382 362706 680847 161050 272179 
24092 328932 946573 890978 184922 184661 975954 891362 256435 328649 ,24092 328932 946573 890978 184922 184661 975954 891362 328649 353850 
293778 615871 364081 515548 128828 532172 86526 292690 151185 924920 ,293778 615871 364081 515548 128828 532172 86526 292690 151185 924920 
9457 868421 283557 927569 806876 487559 488690 173629 174998 215102 ,9457 868421 927569 806876 487559 488690 173629 174998 215102 294761 
308497 498368 685181 593119 367932 355991 358823 353751 63214 304629 ,498368 685181 593119 358823 353751 63214 304629 740206 61089 298022 
6269 642799 970564 656443 996606 643911 970267 6453 189945 898395 ,6269 642799 970564 656443 996606 643911 970267 6453 189945 898395 
722949 452048 333016 814009 544549 189013 812882 837491 251202 545199 ,452048 333016 814009 544549 189013 812882 837491 251202 545199 719654 
584166 940921 915580 247345 113027 448829 714306 9857 203208 267486 ,584166 940921 915580 247345 113027 448829 714306 9857 203208 267486 
826053 643148 640219 641741 825582 640446 187684 640010 570355 640481 ,826053 643148 640219 641741 825582 640446 187684 640010 570355 640481 
466901 263944 148920 145332 142542 379545 172357 512945 986840 645556 ,466901 263944 148920 145332 142542 379545 512945 986840 645556 532230 
241831 608441 241292 609000 440696 80537 10962 99217 603752 229457 ,241831 608441 241292 609000 440696 80537 10962 99217 603752 229457 
721231 65544 660372 253158 377401 916559 65429 710010 461446 981827 ,721231 65544 660372 253158 377401 916559 65429 710010 461446 981827 
395288 618099 185178 618416 906004 395121 522303 522162 955167 747928 ,395288 618099 185178 618416 906004 395121 522303 522162 955167 747928 
321453 155090 4743 170461 186792 629603 187151 683825 4693 659963 ,321453 155090 4743 170461 186792 629603 187151 683825 4693 659963 
239179 826125 240288 452675 281777 420716 545353 544749 873565 327933 ,239179 826125 240288 452675 281777 420716 545353 544749 873565 327933 
305409 434148 381510 122000 728579 6610 933552 173710 491334 419354 ,305409 434148 381510 122000 728579 6610 173710 491334 419354 380866 
687256 402733 813694 705800 629539 950268 887565 706875 997575 11859 ,402733 705800 629539 950268 887565 997575 11859 794850 577893 704945 
432941 490055 546125 162035 822117 176327 495700 394636 130743 34169 ,432941 490055 546125 162035 176327 495700 394636 130743 34169 116798 
447222 447496 446929 447120 446254 447559 447770 446807 447630 446410 ,446929 446410 447793 446906 447876 666788 445722 666939 447025 604443 
451007 450192 85568 83494 807404 792408 559987 808615 541010 414969 ,451007 450192 85568 83494 807404 792408 559987 808615 541010 414969 
698033 296847 13124 427439 548220 297382 95386 427448 840057 177264 ,698033 296847 13124 427439 548220 297382 95386 427448 840057 177264 
117233 67940 1476 3410 461489 671576 833353 115031 115106 927683 ,117233 67940 1476 3410 461489 671576 833353 115031 115106 826553 
144548 786170 982316 711202 57704 423729 164844 694267 848799 669850 ,144548 786170 982316 711202 57704 423729 694267 848799 669850 57718 
636637 633594 876526 594946 123190 864612 316412 866560 756237 904889 ,636637 876526 594946 123190 316412 866560 756237 904889 967471 771778 
341322 331073 529599 867754 343282 971087 823032 538932 778707 823281 ,341322 331073 529599 867754 343282 971087 823032 538932 778707 823281 
537975 35119 575308 296199 333015 689754 188908 255257 645182 373249 ,575308 32282 579335 726517 774793 212313 837301 334471 163825 972124 
37845 536383 768150 37753 39789 37693 38182 38136 477328 912490 ,536383 39789 38182 38136 477328 912490 718915 770379 5438 791407 
882145 558128 84046 42296 84503 83547 41594 379223 996777 924547 ,882145 558128 84046 42296 84503 41594 379223 996777 924547 882396 
920102 384215 946297 437380 878503 676331 296084 577880 890122 777275 ,920102 384215 946297 437380 878503 676331 296084 577880 890122 777275 
176839 201277 265555 582430 320224 501313 291380 500488 51236 316162 ,176839 201277 265555 582430 320224 501313 291380 500488 51236 316162 
599074 524746 487700 256176 171548 524904 391862 930778 305124 734912 ,524904 930778 305124 363426 769701 551986 700151 293047 523457 94678 
586504 358425 199274 278090 352200 175435 385190 340045 338289 352270 ,586504 358425 199274 278090 352200 175435 340045 338289 352270 352037 
882189 158566 881784 995439 45916 476212 216659 46422 35167 537198 ,995439 412324 44793 823978 983647 754670 559079 419464 489418 847913 
881940 881263 833823 604719 604077 833135 604030 880852 605955 895775 ,881263 833823 604719 604077 833135 604030 880852 605955 895775 833103 
695624 224011 697389 399282 797331 223480 801135 723826 524944 223473 ,695624 224011 697389 399282 797331 223480 801135 723826 223473 801627 
868908 868545 139169 201322 265600 950339 948152 963640 665342 374856 ,139169 201322 665342 834430 841774 948020 4396 840148 847245 555738 
232174 236554 870434 892166 886569 871949 241716 736121 126672 614337 ,232174 236554 870434 892166 886569 871949 241716 736121 126672 614337 
68750 69088 71782 76025 59090 843258 594956 176134 68848 91548 ,68750 69088 71782 76025 59090 843258 594956 68848 91548 512541 
686218 53260 519978 686234 88716 80370 875080 646438 419556 96558 ,686234 646438 96558 695675 859570 312198 355868 355743 467937 352560 
291914 336662 413002 518220 305228 278636 493492 103279 255231 305660 ,291914 336662 413002 518220 493492 103279 255231 305660 458029 412819 
459545 664290 470948 36926 59974 459989 92581 246412 228653 862948 ,459545 664290 470948 36926 59974 459989 92581 246412 228653 862948 
363490 534687 321852 619159 350473 242131 910944 236872 229178 180983 ,363490 534687 321852 619159 350473 242131 910944 236872 229178 180983 
681127 210061 181703 69025 576980 882505 482593 153939 9456 988042 ,210061 576980 153939 988042 892268 206199 300433 204493 290872 278220 
882041 881406 549789 679410 881412 408427 587364 102098 700462 298628 ,881412 408427 700462 63150 738625 893713 893775 425818 726967 433911 
679750 343791 748078 341569 453956 403007 178338 402129 808518 168949 ,679750 748078 341569 403007 178338 402129 808518 168949 852083 721686 
423763 423608 423761 577911 800384 217199 632834 428038 895607 856120 ,423761 895607 602180 279051 921398 112350 948606 51698 53518 427491 
947836 435485 948407 575653 434847 174429 951727 4260 942073 64741 ,435485 948407 575653 434847 174429 951727 4260 942073 64741 812445 
621890 163688 389947 320396 85123 391274 432414 744781 85603 84169 ,621890 163688 389947 320396 85123 391274 432414 744781 85603 84169 
346851 915870 345402 328697 358553 950743 899695 867023 163900 331287 ,915870 345402 328697 358553 950743 867023 163900 391511 926295 10891 
723049 59428 616236 183095 71223 58892 916668 712201 111762 317418 ,723049 59428 616236 183095 71223 916668 712201 111762 317418 687681 
583240 727357 533495 171156 134955 767384 160969 767236 25550 134524 ,583240 727357 533495 171156 134955 767384 160969 767236 134524 787844 
345885 191718 132498 970542 291787 505192 972440 591515 747669 933418 ,345885 191718 132498 291787 505192 972440 591515 747669 933418 118274 
957004 826006 956966 293450 369973 293249 571553 576017 718873 140893 ,957004 826006 956966 293450 369973 293249 571553 576017 718873 140893 
405071 249186 957135 956324 657790 585214 772289 712760 957495 563053 ,405071 249186 957135 956324 657790 585214 772289 712760 957495 563053 
637338 637673 794313 234427 890531 947712 715842 213127 569683 420181 ,637338 637673 234427 947712 715842 213127 569683 420181 794710 692801 
636404 866002 224909 633909 514814 755746 105225 104916 525189 68441 ,636404 866002 224909 633909 514814 755746 105225 104916 525189 68441 
615706 995177 717184 961975 970299 961601 648715 793975 568045 653816 ,615706 717184 970299 648715 653816 616099 714251 769180 656166 638023 
796978 530796 364869 494631 293485 389681 178840 168021 863498 467384 ,796978 530796 364869 494631 293485 389681 178840 168021 863498 467384 
375222 739727 163570 162709 253964 375624 328931 361032 393102 375525 ,739727 163570 162709 253964 375624 361032 393102 375525 496533 28506 
385689 875318 384499 396086 385694 383892 14982 13088 108593 197596 ,385689 875318 385694 383892 14982 13088 108593 197596 276412 866538 
817729 611159 336873 610471 847328 763633 305744 337142 428597 31692 ,817729 611159 336873 610471 763633 337142 428597 31692 846456 350510 
399425 340899 8509 427727 47942 256159 187663 483799 619934 503726 ,399425 99382 353661 452100 986836 315503 99422 773848 736930 432175 
630744 631520 835198 704041 776988 739100 705047 834306 776987 776968 ,705047 768772 376857 438083 264062 502248 261874 653519 885935 484277 
505609 399969 120457 21353 310210 67772 37284 436915 452155 457557 ,505609 310210 67772 37284 452155 457557 978280 162859 130233 504106 
526028 257428 807864 282931 368408 262442 802820 64785 155553 629283 ,526028 257428 807864 282931 368408 262442 802820 64785 155553 629283 
780594 780903 814964 467414 852722 853098 806141 729686 931172 376083 ,814964 467414 852722 806141 931172 175684 376438 175729 749990 272590 
120153 918435 471130 790720 214370 474583 474625 120296 224171 788662 ,120153 214370 120296 806658 805237 882945 168020 121121 166675 187407 
170960 170263 589614 508752 306641 533013 439777 96603 307016 550631 ,170960 589614 508752 306641 533013 439777 96603 307016 550631 281772 
577524 6172 6435 368583 818762 589850 264499 235271 397406 555302 ,368583 818762 589850 264499 302690 29150 302364 578005 272448 766273 
708296 412557 707848 412649 200908 761623 20444 39921 340695 412433 ,708296 707848 412649 200908 761623 20444 39921 412433 110454 325090 
329757 927682 353626 68825 476866 168820 988321 215169 521294 590961 ,329757 927682 353626 68825 476866 988321 215169 521294 171572 349628 
965746 531717 402302 530657 965400 424910 533965 27005 58032 873763 ,965746 531717 402302 530657 965400 424910 533965 27005 58032 967246 
106315 373524 129769 642049 736715 815083 106198 102622 906085 914398 ,373524 106198 715988 113754 761920 426659 373450 264338 422820 822302 
394133 842348 845400 832761 845059 495259 522496 618579 988927 182057 ,842348 182057 102160 958108 362736 795915 69242 89096 872143 699366 
843987 3105 631356 591646 174186 679095 700470 504926 623829 438660 ,843987 3105 631356 591646 174186 679095 700470 504926 623829 438660 
759197 758456 217498 570201 946610 853846 207659 849383 853403 26696 ,759197 758456 217498 946610 207659 849383 853403 26696 990289 772770 
500172 932886 541684 576286 855074 493429 770567 376853 196537 868358 ,500172 932886 541684 576286 493429 770567 376853 868358 482284 931703 
594623 515607 920455 932616 683974 130228 888105 594181 100790 383692 ,594623 515607 920455 932616 683974 130228 888105 594181 100790 383692 
231660 437703 42407 797768 75965 563332 562719 522598 726643 332078 ,231660 437703 42407 797768 75965 563332 562719 522598 726643 332078 
326145 389767 596596 922334 255877 230445 929203 59228 299566 932822 ,326145 596596 230445 932822 257665 533254 131595 527629 482813 311159 
453033 121898 121904 299784 324233 279593 66159 559652 93804 752072 ,453033 121898 121904 299784 324233 279593 66159 559652 93804 752072 
744992 734292 16279 381778 51544 836333 72624 180478 14326 370597 ,744992 734292 16279 381778 51544 836333 72624 180478 14326 370597 
338233 735395 740762 566443 452959 293599 637229 72369 364020 364054 ,735395 740762 566443 452959 293599 637229 72369 364020 364054 453667 
37488 36938 795211 761223 551352 36946 59077 16348 723550 849366 ,36938 551352 849366 758172 199754 623398 550117 253343 34579 785399 
386729 305377 493052 708237 393306 519231 867137 261853 967281 467968 ,305377 493052 708237 393306 519231 867137 261853 967281 467968 459335 
318396 61136 701468 204578 268856 150204 61528 315124 998396 886081 ,318396 61136 701468 204578 150204 315124 886081 659335 85074 858077 
358976 441447 215162 116790 711772 747054 748755 614214 711867 902658 ,441447 747054 748755 711867 902658 157603 739074 302518 169177 744797 
39276 701129 7212 537079 87549 560027 872454 133128 641209 39026 ,537079 560027 39026 76236 699609 926979 806699 465077 398257 641074 
845442 624185 103334 854206 159060 235388 114804 758872 919873 685087 ,845442 624185 103334 854206 159060 235388 114804 758872 919873 685087 
456321 455475 123293 112562 297374 355721 299963 729009 76479 143753 ,455475 297374 355721 978617 859817 681131 124027 32096 113540 133923 
462117 455948 462716 812499 641153 148034 835747 641340 805324 699610 ,455948 462716 812499 641153 148034 641340 805324 699610 628243 975197 
454705 454858 454575 461167 818231 461806 584379 61072 819315 61373 ,454705 454858 454575 461167 818231 584379 61072 819315 61373 31183 
457418 472040 99803 563019 472096 843682 652794 472057 472205 3692 ,457418 472040 99803 563019 472096 843682 652794 472057 472205 3692 
460116 233257 747068 250187 628353 239140 234123 813339 229227 569985 ,460116 233257 747068 250187 628353 239140 234123 229227 569985 944815 
68897 73634 598166 495921 579288 938435 72454 72200 75178 251145 ,68897 73634 598166 495921 579288 938435 72454 72200 75178 251145 
647979 646520 648522 100343 99617 135111 133026 702833 332382 646148 ,647979 648522 100343 99617 135111 133026 702833 332382 466074 276035 
251606 198476 598881 873000 376237 870659 45501 930622 510042 204559 ,251606 198476 598881 873000 376237 870659 45501 930622 510042 204559 
564579 60485 394700 93510 561614 564510 915068 41134 933434 64657 ,564579 60485 394700 93510 561614 564510 915068 41134 933434 64657 
373448 373532 373533 373457 534829 373514 373451 534876 839394 360336 ,373448 373533 373457 534829 373514 373451 534876 839394 914032 972575 
470011 104786 4508 389073 722926 830122 693897 601259 426709 372371 ,470011 104786 4508 389073 722926 830122 693897 601259 426709 372371 
667183 667435 584537 667379 489085 488311 131082 493124 488134 487763 ,667435 489085 227539 667312 308191 719655 232770 604680 151485 237363 
53948 826711 517773 810906 708322 379144 379224 992131 422455 545385 ,53948 826711 517773 810906 708322 379144 379224 992131 422455 545385 
950740 521066 949684 950642 950696 646432 259904 709784 296990 755104 ,950740 521066 949684 950642 950696 646432 259904 296990 755104 846889 
866641 419464 455936 55193 867526 557983 892970 676982 434260 716981 ,419464 455936 434260 685861 426964 280924 694949 409285 558432 640037 
39789 768298 641681 599255 112512 413940 856222 850569 537483 878605 ,39789 641681 599255 112512 413940 850569 537483 655585 667389 887850 
80398 617921 389808 227188 918868 80191 452152 502180 154315 397383 ,80398 617921 389808 227188 918868 80191 452152 502180 154315 397383 
631374 82857 82187 512562 985847 25490 392300 201116 81975 351442 ,631374 82857 82187 512562 985847 25490 392300 201116 81975 351442 
551009 408908 172628 975513 415196 206344 270622 281199 910395 281713 ,551009 408908 172628 975513 415196 206344 270622 281199 281713 647008 
835813 828280 832228 532427 318859 533900 334774 406483 376264 254905 ,828280 532427 334774 318600 317654 867282 91328 389357 735447 295479 
448530 427522 68519 475021 572037 137699 536153 429366 536004 845491 ,448530 427522 475021 572037 137699 536153 429366 536004 845491 351297 
79475 553290 168596 534678 26517 64851 152967 27455 553476 806695 ,79475 553290 168596 26517 64851 152967 553476 79450 494580 567768 
38257 555912 948537 478288 116279 952500 828342 557657 850025 232988 ,116279 478439 947969 7841 858998 38379 985447 44588 295852 554218 
556822 950784 44578 732009 64664 800977 409064 908310 630232 929164 ,556822 950784 44578 732009 64664 800977 409064 908310 630232 929164 
407761 301426 440864 440871 498132 458794 499005 423455 458708 498568 ,407761 440864 440871 498132 458794 499005 423455 458708 498568 279360 
903396 903224 724993 528874 724821 47275 780687 529098 101461 529430 ,903396 903224 724993 528874 724821 47275 529098 101461 529430 529801 
97591 97203 98117 484954 483989 907259 96900 287202 986687 110535 ,97591 97203 98117 484954 483989 907259 96900 287202 986687 110535 
834823 107804 835581 968926 137032 136824 75815 266569 106670 75797 ,501085 987544 731862 729829 462997 602483 106163 185897 952325 92577 
921400 856020 955118 756111 985440 207146 946985 995111 852716 854119 ,921400 955118 756111 985440 207146 946985 995111 852716 854119 444860 
491277 491119 494704 195870 274686 987703 258591 812069 496384 102936 ,491277 491119 274686 195870 987703 258591 102936 295914 390884 416590 
83608 673159 177093 688748 809430 467843 179270 176561 809028 514160 ,83608 673159 177093 688748 809430 467843 179270 176561 809028 514160 
400465 506662 909346 400630 856174 811399 130013 726318 435371 910348 ,506662 568791 370110 312107 831523 909603 811738 526141 719048 226738 
249405 399913 748936 1771 26546 27781 249935 616407 251314 318206 ,249405 399913 27781 249935 616407 251314 318206 634065 265078 875975 
832445 173549 723779 404563 945005 404159 598524 368500 649735 708299 ,832445 173549 723779 404563 945005 404159 598524 368500 649735 708299 
230882 699800 753002 239895 971894 794007 971311 808909 99316 409106 ,230882 699800 753002 239895 971894 971311 808909 99316 409106 410246 
121952 903060 903020 905053 122025 426020 810581 905132 7642 520749 ,121952 903060 903020 905053 122025 426020 810581 905132 7642 520749 
563132 84666 893089 901328 42825 456335 428971 718969 893001 476256 ,84666 893089 901328 42825 456335 428971 718969 893001 476256 563086 
534553 698409 353032 854543 780839 338477 886723 256373 278761 308699 ,534553 698409 353032 854543 780839 338477 886723 256373 278761 308699 
573779 505719 380821 860568 137778 613636 15561 204498 268776 879413 ,573779 505719 380821 860568 137778 613636 15561 268776 204498 879413 
879087 636511 385097 479673 479522 878621 749403 411697 411742 323760 ,879087 636511 385097 479673 479522 878621 749403 411742 323760 729359 
684099 19636 560913 305519 226235 987577 560951 115940 842638 561110 ,684099 19636 560913 305519 226235 987577 560951 115940 842638 561110 
761643 502822 192126 668672 74122 406182 530247 700377 278899 520499 ,761643 502822 192126 74122 406182 530247 700377 278899 520499 70794 
655458 847379 640969 876873 833440 894600 994795 893395 898935 718132 ,655458 847379 640969 876873 833440 894600 994795 893395 898935 718132 
232503 233367 226242 780311 485075 233800 353041 157493 872699 702971 ,232503 233367 226242 780311 485075 353041 157493 872699 702971 540814 
8812 138980 129963 171064 240491 362563 120109 235906 661782 611856 ,138980 362563 661782 118860 230253 43534 75669 162730 76368 111012 
137844 225047 603515 535516 407696 227004 807307 678517 434923 749468 ,137844 225047 603515 535516 407696 227004 807307 678517 434923 749468 
703755 703030 618652 703070 517549 238670 14489 317651 14493 915409 ,703755 703030 618652 703070 517549 238670 14493 915409 416142 314423 
283578 501084 285279 893642 84702 506245 46549 154176 84094 170208 ,283578 501084 285279 893642 84702 506245 46549 154176 84094 170208 
736263 737373 736274 261615 743244 743299 406419 256697 737193 520741 ,737373 736274 261615 743244 406419 737193 520741 57821 258273 505064 
750452 338917 340205 706897 749727 851469 574387 519948 727185 749673 ,749727 851469 574387 519948 727185 64163 727428 168895 172949 199164 
470797 431428 470798 508472 430768 852902 540632 279461 525360 215435 ,431428 279461 903396 554737 112064 663294 688749 297238 614894 432958 
492092 478696 487594 923496 918535 670652 449528 489968 415904 490309 ,492092 478696 487594 923496 918535 670652 449528 489968 415904 490309 
727123 512734 176491 696137 335672 383235 111762 811508 766937 466500 ,727123 696137 335672 383235 466500 162640 164034 339278 162355 551938 
706196 706423 144312 953992 364363 513719 953860 509905 160445 785302 ,706196 706423 144312 953992 364363 513719 509905 785302 632604 272850 
601428 645912 536177 869245 724306 279952 601677 738848 518533 441525 ,601428 645912 536177 869245 724306 279952 601677 738848 518533 441525 
867799 508408 230394 134482 934005 594312 667734 680763 885778 667731 ,134482 934005 667734 680763 390910 784749 459469 667839 750031 242606 
261954 283055 72376 85171 323943 229366 572670 145556 826492 214107 ,261954 283055 72376 85171 323943 229366 572670 145556 826492 746767 
337996 397215 351204 607004 458749 952944 177764 355940 121707 687508 ,337996 397215 351204 607004 458749 952944 177764 355940 121707 687508 
864614 479458 773825 800185 559014 353731 855786 327099 181171 50031 ,864614 479458 773825 800185 559014 353731 855786 327099 181171 50031 
25098 27145 48605 295528 241282 231794 240821 746305 598545 353752 ,25098 27145 48605 295528 241282 231794 240821 746305 598545 353752 
693394 296209 291998 261391 325079 77956 111861 421011 997607 694896 ,296209 325079 997607 694896 397672 694798 122359 334018 22261 490325 
83439 746493 475400 889348 380047 326676 922182 947710 743642 346226 ,380047 915875 860022 742818 20744 504289 861851 841757 493646 239083 
510773 91189 528805 658300 83996 14602 112260 92348 281448 91888 ,510773 91189 528805 83996 14602 112260 92348 281448 91888 364036 
13591 771167 987743 682015 919297 695246 36526 394337 824799 733429 ,771167 987743 36526 394337 560330 594455 880394 58387 542362 915923 
236475 772093 772021 182366 158591 89292 158848 694038 510770 77948 ,236475 772093 772021 158591 89292 158848 694038 510770 77948 65086 
531934 200985 214461 466655 232899 467521 203759 268037 284375 466778 ,214461 466655 232899 203759 245616 943260 19729 497947 627942 233450 
623248 620910 619609 415106 414584 972408 535595 972886 159264 964038 ,623248 620910 415106 972408 535595 972886 159264 964038 254922 616487 
795892 801463 93135 703496 391932 967110 801212 503136 16637 59344 ,795892 703496 60771 485489 2039 192493 181176 840955 507304 394123 
400404 521206 825096 889010 704935 839816 152168 256920 106185 469193 ,400404 521206 825096 889010 704935 839816 152168 256920 106185 469193 
234938 133270 237131 828808 354321 297855 399395 206377 270655 573895 ,234938 133270 237131 828808 354321 297855 399395 270655 206377 573895 
932817 997350 220794 854335 886796 854356 805460 933123 192486 271302 ,932817 854335 805460 119064 855563 841837 45017 990424 867139 847467 
497095 782072 321704 782970 294072 305088 676041 909853 261818 969376 ,497095 782072 321704 782970 294072 305088 676041 909853 261818 969376 
284847 689811 484119 504418 658290 579512 156437 261966 794573 111253 ,284847 689811 484119 504418 658290 579512 156437 261966 794573 111253 
639976 640068 641507 640020 918905 982415 982460 640708 642528 641490 ,639976 982415 982460 642484 100294 822947 746508 837583 619759 669875 
120604 926540 382080 847650 560432 757967 271761 414541 520132 3581 ,926540 382080 847650 560432 271761 414541 520132 3581 630596 503148 
329127 860611 622276 141990 141359 192191 512999 620121 36013 374105 ,329127 860611 622276 141990 141359 192191 512999 620121 374105 141212 
838350 881648 882069 676880 207913 657050 657608 7675 676076 676875 ,838350 881648 882069 676880 207913 657050 657608 7675 676875 656313 
339510 103857 175843 339933 780322 21980 482497 827163 37601 103931 ,339510 103857 339933 21980 482497 827163 290912 314362 344793 358071 
938371 935979 143617 144402 952544 144428 135758 576871 694465 171326 ,938371 935979 143617 952544 144428 135758 576871 694465 171326 146775 
327926 627536 331534 627236 795721 312260 993678 730339 800078 796300 ,327926 627536 627236 795721 993678 800078 791153 66625 511645 430184 
127045 919999 678101 827947 921190 931760 957284 932914 882522 896854 ,921190 932914 882522 75193 919779 704105 159087 566431 889653 877757 
671809 669190 671699 332046 395635 948742 942045 941538 436312 434658 ,671809 669190 671699 332046 395635 948742 942045 436312 434658 321716 
933022 933354 365682 848060 12762 729579 3412 921131 303096 14676 ,933022 365682 848060 12762 729579 3412 921131 303096 14676 302164 
241708 311681 526356 340091 310419 527878 716031 51770 338737 136475 ,241708 311681 310419 527878 716031 51770 136475 381961 877930 552252 
296728 59643 389255 882498 641040 247044 207952 582261 647896 900975 ,296728 59643 389255 882498 641040 247044 207952 582261 647896 900975 
810715 412836 543250 688608 82435 768607 560516 428156 770295 631323 ,412836 543250 688608 82435 768607 560516 428156 770295 631323 640043 
850057 604605 433761 532146 727555 853610 629703 893744 345323 588160 ,850057 604605 853610 629703 893744 345323 662213 397640 128029 703250 
84304 420941 804098 728080 94847 726269 351291 502869 952526 518388 ,84304 420941 804098 728080 94847 726269 351291 502869 952526 518388 
323618 893580 885935 170223 953525 953554 953412 780336 474890 22216 ,323618 893580 885935 170223 953525 953554 953412 780336 474890 22216 
800741 133716 754863 637368 988455 809411 754750 673861 58222 559277 ,800741 133716 754863 637368 988455 809411 754750 673861 58222 559277 
65866 709201 385279 979473 63699 919892 827697 789978 709708 431230 ,65866 709201 385279 979473 63699 919892 827697 709708 431230 740021 
32969 87779 31560 908325 62076 305902 194464 273280 633822 152675 ,32969 87779 908325 62076 305902 194464 273280 633822 152675 481392 
128748 16412 954031 17040 506284 988868 522648 920728 833428 464322 ,128748 16412 954031 17040 506284 988868 522648 920728 833428 464322 
257085 256663 972889 257486 258736 514899 964389 498512 915711 915642 ,256663 972889 257486 258736 514899 964389 498512 915711 915642 540599 
524151 920076 134111 291450 147777 975500 814053 39788 656719 39717 ,134111 655075 47044 825038 735563 114579 656359 105519 822413 795083 
104288 957692 12812 479857 102130 747131 12842 922415 484516 499422 ,957692 12812 102130 12842 484516 895055 594114 479578 681749 744965 
118726 116757 47366 669271 597007 634432 442734 636021 971265 970807 ,118726 116757 47366 669271 597007 634432 442734 636021 971265 970807 
554509 974154 727179 140669 860032 283502 859728 13612 535216 399485 ,140669 860032 399485 265049 883473 678246 850735 226582 919756 265144 
629193 693063 13461 693664 550557 933838 971301 309594 439044 403770 ,629193 693063 13461 550557 933838 971301 309594 403770 632199 488115 
655752 667285 639831 655592 814173 667544 102872 656444 937579 424643 ,639831 667544 102872 424643 814182 826745 207888 207788 640304 837451 
101358 133823 815856 287814 289926 176577 815798 373925 133842 674140 ,101358 133823 815856 287814 176577 815798 373925 133842 674140 160336 
667545 667427 667455 476662 640111 657796 446676 600908 893228 427805 ,667455 657796 600908 893228 446176 604296 817946 655593 786156 446896 
467387 684441 112399 606907 721281 158929 496213 321755 754443 684274 ,467387 606907 721281 158929 496213 321755 754443 684274 390990 526579 
359354 86605 452525 85614 658526 539986 569278 452397 569274 482396 ,359354 452525 85614 658526 539986 569278 452397 569274 482396 153331 
158264 960901 883107 883035 594616 899968 780074 842648 880274 883233 ,158264 960901 883107 899968 780074 842648 880274 883233 44591 554755 
414638 467373 383999 468008 872145 470336 610954 971334 787937 128432 ,414638 467373 383999 468008 872145 470336 610954 787937 128432 331606 
684465 916004 684656 499129 215821 458809 617865 617867 219548 389531 ,684465 916004 499129 215821 617865 617867 219548 389531 397219 369693 
38903 37825 37884 835494 38843 56154 37859 823616 384938 476348 ,38903 37825 37884 835494 38843 56154 37859 823616 384938 476348 
871337 864108 871973 729080 154262 916738 220048 871470 234493 777075 ,871337 864108 220048 871470 691317 108215 888133 223493 416400 198200 
100789 544063 326833 543948 331168 607348 524109 544005 628588 63479 ,100789 543948 331168 418289 822941 224453 489280 223865 94549 19182 
901335 422493 443004 904535 914971 910019 901741 886121 832998 589086 ,901335 422493 443004 904535 901741 886121 832998 589086 69991 441282 
394376 488145 456084 952803 19770 75725 465494 539199 394400 20304 ,488145 952803 19770 75725 465494 394400 20304 305625 425537 957936 
423613 866791 874740 570579 464275 642808 874277 779368 102857 230189 ,874740 570579 464275 642808 874277 779368 230189 463668 43852 55380 
260945 894247 127230 57266 981502 127376 536526 743741 414729 537316 ,260945 894247 127230 57266 981502 127376 536526 743741 414729 537316 
189489 159050 507321 441766 737866 753474 477898 905869 82061 424546 ,189489 159050 441766 737866 753474 477898 905869 82061 424546 994046 
835269 756894 834730 776207 325513 869724 263641 131692 835309 141733 ,835269 756894 834730 325513 869724 141733 833769 857322 756760 749534 
654327 827694 641749 907549 675672 642460 641801 645873 642126 825272 ,654327 827694 641749 907549 675672 642460 641801 645873 642126 825272 
71224 124123 131703 680055 518241 526081 917500 147155 123146 73694 ,71224 124123 680055 518241 526081 917500 147155 123146 840874 516886 
976685 859762 596452 543142 922233 208796 82818 976942 748793 924909 ,976685 859762 596452 543142 922233 208796 82818 976942 748793 629504 
747595 345059 352945 23515 153769 66204 854779 747232 221145 59428 ,747595 345059 352945 23515 153769 66204 854779 747232 221145 59428 
467794 562346 697122 293883 821250 609648 821655 341773 574251 420838 ,467794 562346 697122 293883 609648 821655 341773 574251 420838 452864 
200939 427452 51358 944474 784851 353464 607166 91888 949054 440588 ,200939 51358 944474 784851 353464 607166 91888 440588 770641 24330 
191139 424355 764018 536070 423874 442397 423657 890344 536131 890338 ,191139 424355 536070 442397 890344 423668 423700 211667 716476 905343 
456116 143730 958730 507147 2068 846399 110307 289351 455351 359352 ,456116 143730 958730 507147 2068 846399 110307 455351 359352 153728 
217501 931859 718445 134057 677863 192757 271573 902884 576647 193108 ,217501 931859 718445 134057 677863 192757 271573 902884 576647 193108 
129954 182007 129213 315634 721835 129148 604966 397320 495110 92479 ,129954 129213 315634 721835 129148 604966 397320 495110 92479 628064 
717671 25865 718282 800758 829569 166582 699681 800680 872218 366209 ,717671 25865 718282 800758 829569 166582 699681 800680 872218 366209 
497873 504073 514543 696377 58876 194485 273301 277209 188457 451396 ,497873 504073 514543 696377 58876 194485 273301 277209 188457 451396 
425733 503551 69593 503422 801887 702774 698785 549800 296440 296457 ,69593 801887 296457 391704 220915 706997 883795 466692 330101 375054 
424829 425145 425020 130137 563983 858408 560865 855258 930378 869812 ,424829 425145 563983 855258 930378 208242 729265 496767 876484 769092 
424233 80072 871943 341450 84098 885036 605748 128912 195517 870461 ,985893 963400 884762 780594 522092 498830 449333 691256 111947 272381 
646055 27735 645922 470220 328503 299715 567911 444701 674394 445435 ,646055 27735 645922 470220 328503 299715 567911 444701 674394 445435 
712683 828069 124630 710556 26250 819802 710372 178824 137871 713524 ,712683 124630 710556 26250 819802 710372 178824 137871 713524 856169 
28899 474381 11073 462529 708073 333929 404904 509906 440650 52936 ,28899 474381 11073 462529 708073 333929 404904 509906 440650 52936 
535120 101260 293052 255098 891092 112359 255531 241989 730480 535064 ,535120 101260 293052 255098 891092 112359 255531 241989 730480 535064 
229222 228691 240682 291242 305768 555012 343738 221338 241967 555111 ,229222 240682 555012 343738 222237 555317 343073 799347 353306 997733 
889543 993761 894249 890169 559260 558984 996759 769992 187833 993850 ,889543 890169 187833 993850 895829 536641 211107 880829 996441 922866 
452268 122415 409961 804404 754124 975690 458153 6857 490466 640924 ,452268 122415 409961 804404 754124 975690 6857 490466 640924 405753 
505866 516286 530167 533752 492955 175298 515980 363614 196006 737803 ,505866 516286 530167 533752 492955 175298 515980 363614 196006 737803 
206323 975041 752617 297319 167578 582930 565345 741626 231929 196868 ,206323 975041 297319 167578 582930 565345 741626 231929 196868 275684 
225799 915915 555260 900721 766555 886564 130893 684076 555194 864977 ,915915 886564 684076 864977 901696 554927 248398 899970 730061 539804 
92232 93474 111513 513619 83812 956359 933483 389710 59601 109042 ,92232 93474 111513 513619 83812 933483 389710 59601 109042 109716 
933047 933682 934679 165198 171394 400275 915496 937528 412816 332410 ,933047 933682 934679 171394 400275 915496 937528 412816 332410 626533 
536276 772968 999362 615305 773542 809393 773016 773285 544944 356541 ,615305 773542 809393 773016 773285 544944 356541 750140 762413 809078 
293733 254216 293291 738317 224780 280033 498622 283012 953063 887226 ,293733 254216 293291 738317 224780 280033 498622 283012 953063 887226 
610161 611038 610552 611033 609945 141102 620318 646574 646295 199716 ,610161 611038 610552 611033 609945 141102 620318 646574 646295 199716 
476873 477236 896286 639883 54475 855784 807519 106746 50631 897033 ,476873 477236 896286 54475 855784 807519 50631 897033 686522 778578 
794016 790036 404606 794026 673120 758201 757414 756538 756719 673449 ,794016 790036 404606 794026 673120 758201 757414 756538 756719 673449 
689896 753927 690028 724525 547283 615109 690483 724576 987176 725609 ,689896 753927 690028 724525 690483 724576 987176 725609 336755 241879 
790813 528169 612282 590002 305436 527632 968892 76575 453141 800262 ,790813 528169 612282 590002 527632 968892 76575 453141 800262 453777 
487503 426794 19635 337306 305566 312977 351562 487455 321891 503501 ,487503 426794 19635 337306 305566 312977 351562 321891 503501 159538 
46403 506472 506805 453596 317614 497310 109680 717497 222331 315864 ,46403 506472 506805 453596 317614 497310 109680 717497 222331 315864 
912347 442423 229366 342646 349800 261954 826492 510260 540791 510274 ,912347 442423 229366 342646 261954 826492 510260 540791 510274 419397 
86266 76002 946272 310163 92673 953019 626211 302523 336514 740627 ,86266 76002 946272 310163 92673 953019 626211 740627 927766 76161 
361079 196184 275000 812642 733028 733041 736330 118180 742411 859036 ,361079 275000 196184 733028 733041 736330 118180 742411 859036 742249 
490709 494120 775386 490091 338148 103626 497902 489189 444339 494052 ,494120 489189 444339 832426 909153 440906 491475 493521 487746 228041 
61928 706161 87154 754575 682096 552945 91680 735718 553206 491119 ,61928 706161 87154 754575 682096 552945 91680 735718 553206 491119 
996530 609879 609944 767151 990172 826221 833434 627697 446661 103991 ,627697 990302 827096 647590 102404 826786 103093 995208 553945 762626 
614069 311195 296935 309070 64054 159272 680754 503294 684100 71752 ,614069 311195 296935 309070 64054 159272 680754 503294 684100 71752 
120068 294718 874619 522583 436210 903389 528691 177526 227357 778497 ,120068 294718 874619 522583 436210 903389 528691 177526 227357 778497 
189788 505833 450921 177951 286458 586515 507935 520340 961301 551226 ,189788 505833 450921 177951 286458 507935 520340 961301 551226 784513 
722512 441438 441282 12880 842806 2388 14791 968058 987748 214575 ,722512 441282 12880 2388 14791 968058 987748 214575 682099 91961 
992459 756747 991695 311257 991287 992448 990166 973928 886507 999086 ,992459 756747 311257 991287 992448 990166 973928 886507 999086 645665 
471944 19148 471935 948598 923616 895381 801583 256243 668363 257766 ,471944 19148 471935 948598 923616 895381 801583 256243 257766 745672 
521246 982281 927383 132285 113404 567710 735734 330960 875893 206874 ,521246 982281 927383 132285 113404 567710 735734 330960 875893 206874 
455006 258120 456512 263023 247867 262339 117065 255850 454991 263686 ,455006 258120 456512 263023 247867 262339 117065 255850 454991 263686 
230741 670947 424683 850084 771243 8897 771521 528018 512880 690069 ,230741 670947 424683 850084 771243 8897 528018 512880 700612 482561 
972038 315900 181710 96742 431668 629158 15589 520085 628745 440276 ,972038 315900 181710 431668 629158 15589 628745 440276 15178 181973 
361551 358014 357704 783555 782670 784685 257239 782694 693638 660976 ,361551 358014 357704 782670 784685 257239 782694 693638 660976 136763 
426508 305097 305095 336645 306608 426610 306892 427256 510248 979585 ,336645 426610 306892 510248 979585 491965 889261 350478 305206 307853 
568657 337592 684734 305167 662920 305344 232585 223566 223569 658880 ,568657 337592 684734 305167 662920 305344 232585 223566 223569 658880 
392756 179516 680496 19920 962093 695755 433994 981196 598489 749097 ,392756 179516 680496 962093 433994 981196 598489 399933 192878 470711 
934715 920387 997170 609934 250981 701082 667997 996793 36346 846595 ,934715 920387 997170 609934 250981 701082 667997 36346 846595 920946 
515288 514918 15915 408599 837147 932806 546860 877418 181116 399514 ,734784 561302 259820 542218 732894 518337 840955 681458 33103 561446 
616019 615823 535333 971656 982208 833833 640398 961116 757385 159102 ,616019 615823 535333 971656 982208 833833 640398 961116 159102 836569 
537452 598384 376477 483510 121876 486606 835225 52780 852182 481962 ,537452 598384 376477 483510 121876 486606 835225 52780 852182 481962 
176615 790597 922047 698979 287617 698629 225888 226499 433867 510749 ,176615 790597 922047 287617 698629 225888 433867 510749 749154 18263 
392456 392219 393211 70872 453260 471342 83442 280665 984720 72959 ,392456 392219 70872 453260 83442 280665 984720 495876 60631 602366 
755152 851757 852387 208242 405884 986077 11070 886121 880063 886000 ,755152 851757 852387 208242 405884 886121 405970 683033 513813 496767 
191265 44036 609540 900468 190849 588197 900161 660898 571307 146086 ,191265 44036 609540 900468 190849 588197 900161 660898 146086 191240 
151435 112579 566228 850624 131699 446467 373462 113271 566280 717486 ,131699 373462 113271 717486 558695 814190 112355 158307 448040 130918 
805126 293800 577531 193719 272535 413466 537475 415380 490615 492094 ,805126 293800 577531 272535 193719 413466 537475 415380 490615 492094 
517041 339959 518477 186716 517652 353678 925047 406372 85207 62780 ,517041 339959 518477 186716 517652 353678 925047 406372 85207 62780 
134218 132715 811613 564801 666776 519568 921030 672106 824976 812360 ,134218 132715 811613 564801 666776 519568 921030 672106 824976 812360 
995143 72054 379940 995192 435986 217131 288342 618563 862072 925542 ,995143 72054 379940 995192 435986 217131 288342 618563 925542 197198 
471956 491575 471408 736251 803665 719135 328559 698459 179219 448845 ,471956 491575 471408 736251 803665 719135 328559 698459 179219 448845 
278794 152026 314050 525062 723183 663488 315763 126647 491775 318316 ,278794 152026 314050 525062 723183 663488 315763 126647 491775 318316 
906012 42740 458770 136811 984942 628684 984410 894068 929289 894051 ,906012 42740 458770 136811 984942 628684 984410 894068 929289 894051 
568787 849105 757630 970464 751268 855899 567201 757968 568486 963014 ,568787 849105 757630 970464 568486 963014 758385 568320 758529 183939 
838786 757802 404794 373818 24910 405103 135760 138990 405035 760169 ,838786 757802 404794 373818 24910 405103 135760 138990 405035 760169 
682951 630027 91069 521332 681116 680802 835654 611807 28360 524100 ,682951 630027 681116 680802 835654 524100 34373 586742 845322 948399 
828935 281612 41816 818778 987271 280192 565970 280665 411918 907280 ,828935 281612 41816 818778 987271 565970 280665 411918 907280 907024 
414377 194944 467595 595830 750047 246466 678634 396318 187922 84573 ,414377 194944 467595 595830 750047 246466 678634 187922 84573 338759 
326564 328134 328304 531092 13121 21786 753390 408492 465798 784223 ,326564 328134 328304 531092 13121 753390 408492 465798 784223 21644 
797240 977637 916559 961733 342918 65429 946293 594552 239949 393056 ,797240 977637 916559 961733 342918 65429 946293 594552 393056 632152 
729628 898706 570667 66835 68066 66448 728890 571370 978886 978750 ,66448 728890 978750 399458 902078 960168 17608 978916 786350 971284 
897358 982832 50003 913348 688152 80189 888417 914059 895436 640542 ,897358 982832 50003 913348 688152 80189 888417 895436 640542 229474 
440903 520209 978138 763399 391536 639136 844805 982705 978742 918159 ,440903 520209 978138 763399 391536 639136 844805 982705 978742 918159 
351138 337505 337952 294071 363555 781134 50493 768775 278676 94145 ,351138 337952 294071 363555 50493 768775 278676 94145 337034 497702 
842918 487424 464322 60347 59514 522648 142893 847084 883735 585450 ,842918 487424 464322 60347 59514 522648 142893 847084 883735 585450 
292993 475999 632905 44459 645858 336845 494156 81236 695048 293073 ,292993 475999 44459 494156 81236 293073 804001 465039 929188 502935 
492058 434485 214943 464885 94181 952283 731576 951217 255878 983219 ,214943 94181 731576 255878 777082 713412 456585 349046 380119 231886 
482276 481771 483703 862981 563127 926178 484479 870745 950566 523189 ,482276 481771 483703 862981 563127 926178 484479 870745 523189 901825 
467504 305698 719440 70574 42175 238671 324366 397126 931784 307314 ,467504 305698 719440 70574 42175 238671 324366 397126 931784 94005 
289875 577978 577206 367544 425223 368092 848479 343450 371013 303467 ,289875 577978 577206 367544 425223 368092 343450 371013 303467 887180 
904103 140103 941286 470683 600152 929097 904206 439598 91575 314257 ,904103 140103 941286 470683 600152 929097 904206 439598 91575 314257 
500669 492554 239907 509594 141326 240959 737819 487303 509367 14775 ,500669 492554 239907 509594 141326 240959 487303 14775 856606 519850 
21859 742208 328717 236466 495750 773536 645807 581948 577092 576439 ,21859 742208 328717 236466 773536 645807 581948 577092 576439 162709 
159262 575481 664367 244838 309009 429265 576788 146585 96445 634133 ,575481 429265 576788 797054 435416 20304 561962 156888 942599 596372 
698304 383309 918411 383167 864601 303845 523427 166114 590373 349834 ,698304 383309 918411 383167 864601 303845 523427 166114 590373 349834 
413101 598733 45252 598365 506293 533514 132911 93138 689382 107740 ,413101 598733 45252 506293 533514 93138 689382 107740 242319 784697 
716976 444500 826020 885783 446060 846359 570269 444922 854111 853560 ,846359 854111 854358 444551 444323 444645 796280 825838 103012 102405 
758824 907820 757376 766292 674978 719936 758230 757258 760305 757522 ,758824 907820 757376 766292 674978 719936 758230 757258 760305 757522 
344162 454296 197524 276340 77457 79057 317929 71501 573894 194876 ,344162 454296 197524 194876 155551 509320 323601 206107 732905 698746 
656436 910860 752439 422617 397730 198466 69917 544300 805444 803979 ,656436 910860 752439 422617 397730 198466 69917 544300 805444 803979 
512038 992255 625783 205437 269715 575478 222632 154049 728365 616750 ,992255 575478 154049 728365 616750 791875 728593 388385 262033 67526 
511880 873044 35274 760217 32435 325077 34606 310381 435140 506562 ,511880 35274 32435 34606 760787 29319 491486 28197 148421 511960 
395251 395312 424028 514881 424039 730660 430787 297382 205177 988510 ,395312 424039 730660 430787 297382 205177 988510 71296 104913 424959 
706135 705594 540607 707183 226768 109499 492634 470724 493775 389658 ,706135 705594 540607 707183 226768 492634 470724 389658 439766 149359 
329061 393048 309186 660430 637760 164628 410290 702177 42028 915962 ,42028 870274 251311 354655 194530 399514 457170 193844 272660 95560 
493831 802298 690538 107671 181982 229761 573343 799253 889098 560492 ,493831 802298 690538 107671 181982 229761 799253 889098 560492 738422 
190272 484793 736005 295173 287035 754066 376410 304888 290566 725739 ,190272 484793 736005 295173 287035 376410 304888 725739 622746 232059 
505570 507739 507501 208753 489603 490725 579087 490809 505407 59334 ,505570 507739 507501 208753 489603 490725 490809 505407 59334 579753 
412655 107508 903634 523187 223277 516771 291730 388034 109423 233772 ,412655 107508 903634 523187 223277 516771 291730 388034 233772 108480 
555006 735363 599757 632682 256210 635122 972781 199141 277957 256662 ,555006 735363 972781 668272 320927 255664 971739 628145 433834 836425 
620629 918237 978150 281379 619110 268251 670389 665872 123430 40661 ,620629 281379 670143 414767 404950 250148 990319 535333 959076 666062 
576061 498740 685485 686417 523788 578351 439305 163599 40606 394475 ,576061 498740 685485 686417 523788 578351 439305 163599 40606 394475 
655135 797898 655202 643514 641993 568818 996706 644011 643071 6453 ,655135 797898 655202 643514 641993 568818 996706 644011 643071 6453 
660353 533607 596761 309191 738686 311945 82856 678056 679211 808673 ,660353 596761 309191 738686 311945 82856 678056 679211 808673 321968 
95622 856376 346309 198542 277358 911610 924246 840260 947641 424939 ,95622 856376 346309 198542 911610 924246 840260 947641 424939 52051 
883967 638960 756290 756320 675597 761021 115438 180289 637353 373435 ,883967 675597 163549 874508 950839 758165 302826 744356 591120 214438 
27357 827935 806164 200667 264945 290972 173334 806356 209804 548138 ,27357 827935 806164 264945 200667 290972 209804 548138 57922 194359 
418461 49092 242879 494183 786595 999061 24648 136465 17258 928102 ,49092 242879 494183 786595 999061 24648 136465 17258 928102 177983 
586049 681844 200934 265212 526723 924778 121794 426541 166782 300240 ,586049 681844 265212 200934 526723 924778 121794 426541 166782 300240 
894722 770500 474246 794622 643860 447592 897759 838272 763773 994186 ,894722 770500 474246 794622 643860 447592 897759 838272 763773 994186 
743766 956672 956547 518720 223766 743970 251349 620717 391530 888566 ,956672 956547 518720 223766 251349 620717 391530 888566 865735 626467 
672422 717315 257651 24070 525001 522335 522870 122623 693947 717179 ,672422 717315 257651 525001 522335 522870 693947 717179 730691 123410 
528940 785188 502178 458177 441512 261946 599066 551965 294188 736264 ,528940 785188 502178 458177 441512 261946 599066 551965 294188 188794 
201023 265301 791542 792135 683067 532577 14388 683048 973975 725260 ,201023 265301 791542 792135 683067 532577 14388 683048 973975 725260 
240741 519083 311758 327052 569004 344698 501679 361445 634085 494480 ,519083 311758 327052 569004 344698 501679 361445 634085 494480 541010 
997894 23554 23934 23659 189226 23601 785032 780861 785234 825508 ,23554 785032 780861 825508 143066 602174 609990 639875 444295 445281 
667536 648340 862257 871019 870576 667502 870881 996092 870687 837859 ,648340 862257 871019 870576 667502 870881 996092 870687 837859 858051 
932473 932923 14485 14518 292948 265935 203434 267712 12618 294507 ,932473 932923 14485 14518 292948 265935 267712 203434 12618 294507 
77480 369290 775622 784605 91298 863842 994973 750045 453248 516226 ,77480 369290 775622 784605 91298 863842 994973 750045 453248 516226 
89537 16570 176473 310652 160792 88788 489391 467149 483389 493272 ,89537 16570 176473 160792 88788 489391 467149 483389 493272 689883 
459356 839466 525552 238989 59148 122974 499757 525476 494718 104760 ,459356 839466 238989 59148 122974 499757 525476 494718 104760 780464 
196600 275416 152160 153367 170291 191851 310332 722072 233125 957913 ,191851 957913 809284 771431 383369 467515 435034 338627 430630 435713 
179842 397514 227372 154956 458930 420721 769474 458326 458535 323390 ,179842 397514 227372 154956 458930 420721 769474 458326 458535 115292 
158670 521219 521119 178974 517847 78945 78422 431745 158771 175670 ,158670 521219 521119 178974 517847 78945 78422 431745 158771 175670 
242408 950991 555231 410427 45746 834826 40851 571213 430021 429935 ,242408 950991 555231 410427 45746 834826 40851 571213 430021 429935 
637886 663049 263085 262874 864642 9995 329676 614291 872056 975257 ,637886 663049 263085 262874 864642 329676 614291 872056 941293 663853 
428324 351610 607243 795378 23554 609836 829091 428293 428228 326295 ,607243 795378 23554 534663 910987 313037 516733 795555 756046 336682 
9258 9417 84465 821939 815480 85967 815425 85193 815524 923125 ,9258 9417 84465 821939 815480 815425 85193 815524 923125 815333 
514428 174654 174830 612086 514928 510431 740847 738529 71765 380990 ,514428 174654 174830 612086 740847 738529 795643 693097 367174 372068 
472924 474400 799506 474344 516446 743905 779523 92713 488372 499165 ,472924 474400 799506 474344 516446 743905 779523 92713 488372 499165 
518848 333228 519148 796568 864314 334725 233195 427096 599628 529626 ,518848 333228 519148 796568 864314 334725 427096 599628 529626 409151 
335110 316528 334259 312669 271808 271673 527898 173586 335041 237067 ,335110 316528 334259 312669 271808 271673 527898 173586 335041 237067 
212751 613789 838200 674437 625335 767631 115264 674106 468916 970911 ,212751 613789 838200 674437 625335 767631 115264 674106 468916 970911 
724918 634825 295241 920244 725108 780659 17075 725219 498210 252961 ,724918 634825 295241 725108 780659 17075 725219 498210 252961 252637 
403251 615336 232021 17512 197159 275975 181841 623393 983003 622661 ,403251 615336 232021 17512 275975 197159 181841 623393 983003 622661 
248209 253601 251055 282093 248393 234012 663138 930621 65228 527044 ,251055 663138 65228 492758 2145 273981 72837 442129 74983 22189 
185720 106490 516438 658184 234917 941406 658162 523786 467350 811867 ,185720 106490 516438 658184 234917 941406 658162 523786 467350 184901 
520910 143498 279486 376439 603357 534741 84626 420562 662893 88154 ,520910 603357 662893 58725 348831 31920 719150 567776 516716 400774 
851590 26849 811246 762452 641597 49153 546736 906777 379044 735907 ,851590 26849 811246 762452 641597 49153 546736 906777 379044 735907 
5635 476004 617044 641183 546683 675309 397755 422008 901459 410989 ,5635 476004 617044 641183 546683 675309 397755 422008 901459 410989 
943113 32746 125921 428834 204705 268983 717796 300165 426875 873532 ,943113 32746 125921 428834 204705 268983 300165 426875 873532 799336 
113920 809295 569484 569465 304754 405033 373845 217522 828410 467026 ,113920 809295 569484 569465 304754 405033 373845 217522 828410 467026 
171727 361493 172947 964869 260989 688762 91871 696453 110284 168466 ,964869 696453 422179 941940 168455 513691 539282 131166 659588 823537 
880665 641918 541541 900896 642713 747960 894367 952510 892918 769892 ,641918 541541 952510 892918 958504 207666 44270 207605 880430 996745 
672756 505309 171485 197644 276460 253746 115788 116795 262765 20447 ,672756 505309 171485 197644 253746 115788 116795 262765 20447 932224 
350872 280575 114225 481796 965231 533493 1398 347960 493570 488157 ,350872 280575 481796 533493 1398 347960 493570 488157 430109 487811 
9585 16732 9716 343769 529216 243299 635000 248262 260990 344584 ,9585 16732 9716 343769 529216 243299 635000 248262 260990 344584 
96012 88738 85443 750609 121941 278604 464308 40261 817997 85442 ,96012 85443 750609 121941 278604 464308 40261 817997 85442 250236 
60131 748716 511552 85443 84172 821941 821919 815355 30387 829847 ,511552 85443 84172 821941 821919 815355 30387 829847 815377 72838 
641109 641154 641071 876874 642569 876946 637266 653570 793327 758089 ,641109 641154 641071 876874 876946 637266 653570 758089 134976 985432 
46486 229923 339409 238378 112648 229318 36991 354861 440858 788025 ,46486 229923 339409 238378 112648 229318 36991 354861 440858 788025 
732528 845614 237034 504405 490332 151965 227336 756014 780100 788407 ,732528 845614 237034 504405 490332 151965 227336 756014 780100 788407 
374315 801404 827762 827174 666953 993642 374382 762983 429372 755538 ,827762 768187 442968 443515 446346 766904 447186 467811 996747 828291 
756497 616852 73233 316719 137702 110995 517600 531534 367403 675091 ,756497 616852 73233 316719 137702 110995 517600 531534 367403 675091 
893692 51074 913324 56352 57215 847408 557515 45730 238412 557044 ,893692 51074 913324 56352 57215 847408 557515 45730 238412 557044 
946839 45182 999227 952911 188125 501562 109831 348003 990537 472993 ,946839 45182 999227 952911 188125 501562 109831 348003 990537 472993 
490579 269921 688519 414310 507724 977339 533656 354404 802640 26075 ,490579 269921 688519 414310 507724 977339 533656 354404 26075 18787 
124616 393794 682684 324219 869442 200719 264997 695380 87254 832625 ,393794 682684 324219 869442 200719 832625 90675 598995 135047 573618 
23660 235962 528775 496059 573093 487474 780738 499694 416841 525610 ,23660 235962 528775 496059 573093 487474 780738 499694 416841 525610 
541654 541595 847339 207808 978840 997922 999715 476077 541606 686297 ,541654 541595 847339 207808 978840 997922 999715 476077 541606 686297 
192076 254286 854617 826789 852090 824449 558168 800005 756659 445709 ,254286 558168 846063 853516 612629 666726 904460 774399 558321 840350 
498444 572936 572991 958101 594319 731341 318546 895419 751237 785006 ,498444 572936 572991 958101 594319 731341 318546 895419 751237 785006 
651351 953786 953581 656705 953770 73722 98732 952516 222128 655036 ,651351 953786 953581 656705 953770 73722 98732 952516 222128 655036 
629139 682077 510468 188871 615869 510387 730624 193455 272271 416544 ,629139 510468 188871 615869 510387 730624 272271 193455 416544 965060 
942314 903783 237484 263206 768824 526427 694356 378679 527220 282851 ,942314 903783 237484 263206 768824 526427 694356 378679 527220 282851 
445645 446904 445619 443968 444908 443916 445445 760673 445130 360289 ,445645 443968 444908 443916 445130 360289 362945 806427 756796 443862 
723928 89765 77477 548869 548909 96619 941974 541716 434018 804087 ,89765 77477 548869 548909 96619 941974 541716 291189 231485 389927 
729154 481712 698418 222380 197467 713946 872706 867039 850147 860402 ,729154 481712 698418 222380 197467 713946 872706 867039 850147 860402 
537599 559403 43832 797772 808049 39249 476322 808172 999488 382198 ,537599 559403 43832 797772 808049 39249 476322 808172 999488 382198 
282692 346462 842829 307448 12480 974743 821866 582347 23188 263884 ,282692 346462 842829 307448 974743 821866 582347 23188 263884 974940 
590875 824568 933119 254286 233534 640248 221343 824488 877823 232796 ,824568 933119 254286 233534 232796 837215 271591 254090 272475 837211 
912228 827642 48036 913588 905122 997596 81439 563996 721772 833054 ,912228 913588 81439 721772 833054 861019 907790 960708 855555 911691 
90885 92272 524098 97754 219172 219236 76520 522195 117666 75271 ,90885 92272 524098 97754 219172 219236 76520 522195 117666 75271 
526529 466586 617407 876886 128328 516030 742164 228840 771084 808429 ,466586 617407 876886 128328 516030 742164 228840 771084 808429 364489 
479674 36833 467393 377016 814529 50031 807708 814505 476904 422328 ,479674 814505 422328 851643 467732 472223 43428 467477 83430 84392 
64604 585119 155418 230907 12968 261273 707668 309739 240850 510551 ,64604 585119 12968 261273 707668 309739 240850 510551 223505 707075 
118409 470118 405096 405243 418407 45332 405056 345210 495670 263706 ,405096 405056 345210 495670 263706 346637 221883 311700 189503 857561 
954914 533007 624678 307283 376967 622064 116403 465625 571941 467215 ,954914 624678 307283 376967 622064 116403 465625 571941 467215 585186 
68326 547112 662442 690495 68388 122159 661785 66626 638073 30568 ,547112 662442 690495 661785 66626 30568 815522 482242 815647 600722 
166921 972936 932766 205372 269650 139025 987048 96069 96680 36498 ,166921 972936 932766 205372 269650 139025 987048 96069 96680 36498 
373264 189956 666925 445713 953123 768074 769576 654214 655047 787989 ,373264 189956 654214 656873 655568 446642 655507 446679 445536 655097 
207189 587785 850636 406492 207166 54664 340338 477249 913733 820584 ,207189 587785 850636 406492 207166 54664 340338 477249 913733 820584 
776979 777000 695461 689210 534393 829133 300463 253474 29692 112537 ,776979 777000 689210 534393 829133 300463 253474 29692 112537 995021 
947180 716687 541006 715626 989208 211322 655761 966734 514186 467532 ,947180 716687 541006 715626 989208 211322 655761 966734 514186 467532 
865697 416778 602400 487003 340371 864824 297594 789002 8199 611831 ,865697 416778 602400 487003 340371 864824 297594 789002 8199 111710 
358028 660516 910528 293559 524301 683112 672024 915136 236659 371001 ,371001 510291 987338 107688 393064 34404 303959 249802 638402 468468 
512611 315308 837952 512685 317198 66028 596862 492595 400112 506211 ,512611 837952 512685 317198 66028 492595 400112 506211 787606 787657 
448814 470414 848362 821092 323940 640479 306398 298206 100292 281144 ,448814 470414 848362 821092 323940 640479 306398 298206 100292 281144 
281323 280437 31643 508374 132883 818312 214948 413389 935903 25286 ,280437 508374 132883 818312 214948 413389 289258 581507 364344 703645 
728688 520623 433513 835172 669206 690878 573430 691146 836189 30295 ,728688 520623 433513 835172 690878 573430 691146 110379 691297 498214 
349653 348908 301120 304941 300091 810739 437245 893525 164123 343571 ,349653 348908 301120 304941 300091 810739 893525 164123 343571 371916 
611099 611709 954161 611396 954324 332481 258841 135448 579125 418891 ,611099 611709 954161 611396 954324 332481 258841 135448 579125 418891 
126038 876843 3694 211947 213197 210085 961677 340654 649327 756770 ,126038 876843 211947 213197 210085 961677 340654 649327 756770 339612 
774577 147221 846009 399550 502973 455119 126285 915011 120304 198873 ,774577 147221 846009 399550 502973 455119 126285 915011 277689 198873 
617050 131701 106989 974331 282944 926163 142320 151127 827271 783747 ,617050 131701 106989 974331 282944 926163 142320 151127 827271 461509 
474415 752324 810956 357850 574386 152125 800362 448856 840162 466095 ,474415 752324 810956 357850 574386 152125 800362 466095 817401 817582 
286168 787159 929300 961265 199533 68282 747755 746561 922335 543066 ,286168 787159 929300 961265 199533 747755 746561 922335 543066 931508 
306981 576695 350433 95537 262588 516938 518005 517411 517034 524794 ,306981 576695 350433 95537 516938 518005 517411 517034 524794 376152 
75040 64732 744203 527287 368377 526863 92647 186018 61755 742047 ,64732 744203 527287 368377 526863 92647 186018 61755 742047 746515 
584990 141407 235144 301244 141237 300817 547528 336682 300043 303398 ,584990 141407 235144 301244 141237 300817 547528 336682 300043 303398 
555514 210254 41784 279159 504217 555958 703558 295179 820832 159029 ,555514 210254 41784 279159 504217 555958 703558 295179 820832 159029 
70971 84214 266535 678670 525905 385480 698728 703507 699913 703448 ,70971 84214 678670 266535 525905 385480 698728 703507 703448 262565 
8599 367766 400867 8176 413387 367475 474927 527422 135770 108084 ,8599 400867 8176 413387 367475 474927 108084 32680 471316 17014 
354924 569418 765106 176625 208713 314312 122217 976591 435476 606561 ,354924 569418 765106 176625 208713 314312 122217 976591 435476 904565 
118123 621451 600875 846385 18808 931132 352112 847432 116599 324456 ,118123 621451 600875 846385 18808 931132 847432 116599 324456 851393 
894490 630814 929731 893298 987663 615100 76290 885387 187759 909005 ,929731 893298 885387 46126 921488 541281 559657 783681 541116 894178 
178545 324978 528468 743837 341293 528597 130845 29261 59992 524974 ,178545 324978 743837 528468 528597 130845 29261 59992 524974 528533 
651751 857081 764698 855409 857227 851406 845908 102481 650905 852275 ,651751 857081 764698 855409 857227 851406 845908 102481 852275 780457 
202613 266891 801816 991165 56087 845047 916294 797617 13107 810166 ,266891 801816 991165 56087 797617 13107 810166 799166 992023 227060 
567314 568241 568031 568295 568218 759286 568370 758759 673929 568470 ,567314 568241 568031 568295 568218 759286 568370 758759 673929 568470 
654090 654401 655841 911456 655828 603786 654299 643603 427919 759008 ,654299 643603 427919 759008 656846 716996 850373 655180 101916 655630 
977080 894007 774265 345167 775069 775042 858856 774857 811509 261031 ,977080 894007 774265 345167 775069 775042 858856 774857 811509 261031 
838423 934915 778054 411731 84539 412099 867751 747524 86287 394032 ,838423 934915 778054 411731 84539 412099 867751 747524 86287 394032 
456032 295534 115545 279503 236836 228379 295387 236871 459165 456701 ,456032 295534 115545 236836 228379 295387 236871 459165 456701 293276 
503553 461598 96501 915304 152084 687749 538121 919705 359845 749486 ,503553 461598 96501 915304 152084 687749 538121 919705 359845 749486 
816917 988226 167423 323903 809292 465678 791203 927792 925511 102561 ,816917 988226 167423 809292 465678 791203 927792 925511 102561 534695 
962352 676246 651741 970409 443582 971566 375147 374855 891751 375600 ,962352 676246 651741 970409 443582 971566 375147 374855 891751 375600 
853756 853316 229152 689720 141043 510366 200893 535916 761508 787598 ,853756 229152 689720 141043 510366 200893 535916 761508 787598 229189 
683492 846381 846472 226459 595476 689489 852770 543380 154107 153594 ,683492 846381 846472 595476 689489 852770 543380 154107 153594 225636 
681788 471721 671251 694817 669068 392456 989072 159052 392219 693094 ,681788 471721 671251 694817 669068 392456 989072 159052 392219 693094 
492790 919019 751494 508328 750842 541874 87914 194905 273721 74591 ,492790 919019 751494 508328 750842 541874 87914 273721 194905 74591 
49705 605418 871464 650623 894024 605011 53877 53784 650359 863100 ,49705 605418 871464 650623 894024 605011 53877 53784 650359 863100 
232951 232966 232932 106291 692632 535578 273422 845183 377224 376815 ,232951 232966 106291 692632 535578 845183 377224 376815 107518 33294 
323754 321530 434359 321496 437244 321608 502259 322232 293860 91613 ,323754 321530 434359 321496 437244 321608 502259 322232 293860 100190 
233029 233703 439610 780343 228314 780378 228136 815208 92348 315762 ,233029 233703 439610 780343 780378 228136 815208 92348 315762 532754 
791804 554647 611030 653128 615695 222020 653208 250251 751803 186641 ,791804 554647 653128 615695 222020 653208 250251 751803 186641 443631 
575625 586116 586190 867718 490042 229769 605777 980348 577416 751762 ,575625 586116 586190 867718 490042 605777 980348 577416 751762 766207 
783656 885034 115300 621569 567418 562698 826422 538387 962069 983336 ,783656 885034 115300 621569 567418 562698 826422 538387 962069 983336 
12069 690612 684026 677940 705141 841319 210294 818516 21099 209595 ,690612 684026 677940 705141 841319 818516 21099 209595 982002 186002 
996136 996391 962555 929666 240982 831064 995348 570768 773928 773952 ,996136 996391 962555 929666 240982 831064 995348 570768 773928 773952 
747173 853299 241236 711649 236757 198363 717806 117031 853094 936625 ,747173 853299 241236 711649 236757 198363 117031 936625 744719 108732 
975307 973436 446127 102619 102025 102861 446134 103678 973862 545127 ,975307 973436 446127 102619 102025 102861 446134 103678 973862 545127 
703271 703156 703785 703379 634683 80397 791292 294929 719188 227314 ,703271 703156 703785 703379 634683 791292 294929 719188 227314 448921 
844669 813807 248943 910959 441744 420950 439322 66909 250193 753494 ,844669 813807 248943 910959 441744 420950 439322 66909 753494 984453 
422125 383026 471252 54693 810851 146468 993799 764063 47940 442115 ,471252 54693 146468 764063 770320 467853 307734 283987 49202 516196 
971415 845048 40095 225566 192685 271501 872339 432990 962505 962473 ,971415 845048 225566 271501 192685 872339 432990 962505 962473 869343 
168884 652906 106530 449065 715532 690247 327112 548256 722342 459153 ,652906 106530 715532 690247 327112 548256 722342 459153 509427 106180 
249334 505472 918217 352220 506033 803897 171560 528170 681694 91039 ,249334 505472 918217 352220 506033 803897 171560 528170 681694 91039 
467437 364967 497530 815736 840467 806138 350562 307780 597814 226634 ,467437 497530 815736 840467 806138 350562 307780 597814 226634 732870 
71978 679318 689794 680452 922487 679260 185198 628781 546766 885856 ,71978 679318 689794 680452 922487 679260 185198 628781 546766 885856 
531690 61018 778732 61372 716910 204934 269212 223250 575617 925789 ,61018 778732 61372 716910 204934 269212 223250 575617 925789 778804 
133659 138652 412586 568516 869596 645182 802499 656350 623047 174304 ,133659 138652 412586 568516 869596 645182 802499 656350 623047 174304 
476299 9102 662964 168558 105409 544122 615913 10699 730655 730380 ,662964 730380 496850 732276 306723 366813 740178 903047 407329 567735 
21846 263952 600194 916226 338707 242938 234925 534748 467841 516082 ,263952 600194 534748 291622 282250 272577 989969 757545 668006 593489 
720304 767560 76818 551208 257867 735871 418840 771155 75251 805163 ,720304 767560 76818 551208 257867 735871 418840 771155 75251 116598 
484703 408775 168684 229417 158929 177715 230648 685039 6956 504040 ,408775 168684 158929 177715 230648 685039 504040 201624 265902 272097 
206656 206745 271023 777180 987105 569952 507048 193137 271953 186476 ,206656 271023 206745 987105 569952 507048 193137 271953 186476 351862 
837532 207748 207683 211736 837662 643718 959742 397473 207073 170821 ,837532 207748 207683 211736 837662 643718 397473 207073 170821 191062 
190109 189824 246794 189984 189829 189916 190203 158374 475541 247090 ,190109 189824 246794 189984 189829 189916 190203 158374 475541 247090 
117770 836856 988977 609313 466580 466582 592971 107554 185591 121558 ,117770 836856 988977 609313 466580 466582 592971 107554 185591 121558 
561073 843497 809740 671035 561202 389572 562902 668098 93968 389640 ,561073 562805 518581 42013 670652 69376 478673 154973 918535 772279 
260442 967116 548484 414093 584771 968603 302666 718903 971797 474519 ,260442 967116 548484 414093 584771 968603 302666 718903 971797 474519 
389630 131595 618076 533564 882923 882933 882936 389767 455129 957698 ,389630 131595 618076 533564 882923 882933 882936 389767 455129 957698 
395982 393099 392324 732029 685407 550872 861802 834133 380003 127708 ,395982 393099 392324 732029 685407 861802 834133 380003 127708 833783 
974951 181525 481346 958266 14626 67175 911849 908243 925328 904712 ,14626 67175 763050 800794 727633 27903 14827 728299 391532 96266 
190461 509812 984893 986071 932684 758616 259799 494571 284743 40730 ,190461 509812 984893 932684 758616 259799 494571 284743 40730 665633 
136328 769594 431769 816470 433925 780386 839111 466824 744842 214848 ,136328 769594 431769 816470 433925 780386 466824 214848 537631 134800 
392869 235323 161945 153411 392246 976300 286994 581836 221770 68677 ,392869 235323 161945 153411 392246 976300 286994 221770 69570 752846 
124725 808827 430741 658253 106554 60484 79908 705717 83741 85361 ,808827 79908 83741 85361 268116 489853 601100 739024 299180 434880 
770710 695059 168470 414834 809726 469378 530197 808710 232780 168453 ,770710 695059 168470 414834 469378 530197 808710 232780 168453 514223 
904752 425836 616941 894045 76915 617391 914515 623365 66102 450163 ,66102 556735 245784 447217 454131 349674 577984 422313 579720 178314 
522522 522178 777641 955587 511197 196139 274955 512566 771910 966737 ,522522 522178 777641 955587 511197 196139 274955 512566 771910 966737 
826368 826082 826296 829480 100226 100033 929156 961677 310717 310111 ,826368 826082 826296 100226 100033 929156 961677 310717 310111 603825 
78383 594234 972736 495821 752674 390723 628451 843656 77436 972611 ,390723 843656 77436 597523 430090 220890 684064 843460 864946 197476 
207969 334419 761200 141642 772315 194917 273733 613166 831716 367559 ,761200 774759 313120 283639 612030 332941 812607 208164 493523 232200 
831618 398923 929518 386026 181023 449593 927724 806561 512048 243221 ,831618 398923 929518 449593 927724 806561 512048 243221 518480 951728 
188507 188237 160019 211195 157585 82151 503027 754461 83714 156856 ,188507 188237 160019 211195 82151 503027 754461 83714 156856 169775 
278610 323245 294596 278607 448483 305226 29965 738444 122124 818602 ,278610 323245 294596 278607 448483 305226 29965 738444 122124 818602 
576523 186452 62412 877061 623490 938173 707574 371852 256734 883964 ,576523 186452 62412 938173 707574 371852 256734 883964 2648 985963 
122945 215343 122426 927284 113154 828809 959237 257826 756257 645903 ,215343 123585 859023 124957 755957 916413 890706 858903 766681 833440 
477838 774075 668835 130497 631851 152215 477828 237014 822299 237786 ,477838 774075 668835 130497 631851 152215 477828 237014 822299 237786 
860588 620299 243063 584656 327268 880500 103687 621594 938164 827805 ,860588 620299 243063 584656 327268 880500 103687 621594 938164 827805 
239790 260519 238869 417007 228573 7806 229761 889155 6500 415429 ,239790 260519 238869 417007 228573 7806 229761 889155 6500 415429 
334869 50089 336514 613214 413500 428315 713076 151402 671342 491665 ,336514 613214 413500 428315 713076 151402 491665 617141 716304 542370 
519283 524558 41763 307073 42047 914606 187400 380806 380802 291221 ,519283 524558 41763 307073 42047 187400 380806 380802 291221 290387 
394902 173807 773622 488213 227367 374374 197158 275974 593899 373791 ,173807 773622 488213 227367 374374 197158 275974 593899 373791 227283 
583981 731164 21085 228797 25613 548761 279390 175963 584334 610146 ,583981 731164 21085 25613 548761 279390 584334 610146 98673 390421 
444173 652146 278747 23580 694083 894756 445839 322909 225985 281552 ,444173 652146 278747 23580 694083 894756 445839 322909 281552 292163 
607881 220326 203019 267297 367054 521759 522445 680882 701995 866387 ,607881 701995 866387 387963 602856 890508 880802 241514 920222 734861 
895804 517000 593271 636222 67250 671939 4274 519779 389027 513585 ,895804 517000 593271 636222 4274 519779 389027 513585 226399 332594 
265983 546277 892748 957711 202461 452144 594414 451958 472041 831891 ,265983 546277 892748 957711 202461 594414 451958 831891 204188 268466 
237825 292774 502812 664881 305434 322418 513361 83279 292823 351590 ,292823 664428 665635 84040 322184 497384 107087 57606 364201 565333 
279676 351096 104714 423807 292135 618258 278715 323945 351098 292380 ,292135 351098 292380 350899 40134 800399 747372 294841 252980 974326 
809740 823268 809513 671035 442557 925228 540334 475846 561754 606072 ,540334 807726 540043 562547 374059 538086 859302 83546 670805 770186 
658717 797827 22406 262254 841661 636182 278041 841499 533445 508310 ,658717 22406 262254 841661 636182 278041 841499 533445 508310 108217 
27005 899418 785208 747174 375892 668325 219804 861381 425493 785294 ,899418 785208 375892 425493 785294 747604 872576 92518 997347 58206 
406025 15906 226829 583526 199728 278544 974869 898977 138124 10197 ,406025 15906 226829 583526 199728 278544 974869 898977 138124 10197 
202865 492058 941143 691728 942072 527055 676349 948653 975102 729426 ,942072 676349 948653 729426 523629 59717 676266 941159 708137 774413 
705701 208350 104203 931035 214377 921619 740362 597995 203881 268159 ,641608 214391 522429 208613 785376 546277 617978 914417 706498 663407 
907474 958327 908148 186722 642779 644695 642190 814649 810363 914060 ,907474 958327 908148 186722 642779 644695 642190 814649 810363 914060 
467252 467279 332375 467300 772027 471050 763157 834504 859530 88417 ,467252 467279 332375 467300 772027 471050 763157 834504 859530 88417 
492788 430098 789437 344877 180584 510513 577229 315785 239953 464015 ,492788 430098 789437 344877 180584 510513 577229 315785 239953 464015 
239579 682290 628008 232715 796245 18622 924697 514355 387873 915843 ,239579 682290 628008 232715 796245 18622 924697 387873 915843 648577 
409976 496306 317099 479030 135541 500972 479114 391243 552513 96197 ,409976 496306 317099 479030 135541 500972 479114 391243 552513 96197 
179762 162471 162587 991564 67304 556013 570672 757962 117245 657501 ,179762 162471 162587 991564 67304 556013 570672 757962 117245 657501 
529098 528956 30572 298788 501765 179053 903171 832777 358330 227376 ,529098 528956 30572 298788 501765 179053 903171 832777 358330 227376 
105903 615302 313040 732189 314978 102169 441127 45264 229884 398410 ,105903 102169 229884 398410 107130 508437 152414 709884 632331 795647 
926163 143370 688547 97628 492004 251948 299456 56408 299756 681635 ,688547 56408 299756 681635 298486 974331 233855 409466 72446 269282 
145884 471886 403945 427994 906845 354760 404158 427890 383710 106061 ,403945 906845 107148 134569 118985 119174 118292 981030 370668 330842 
838066 532662 649123 783694 861869 140544 533003 647145 885759 978706 ,783694 533003 647145 885759 978706 869745 770437 562141 833840 936097 
934313 58176 58048 65866 709192 63259 483589 937406 233215 913121 ,934313 58176 58048 65866 709192 63259 483589 937406 233215 913121 
953665 953839 263962 9050 322751 954230 142970 92990 23422 701204 ,953665 953839 263962 9050 322751 954230 142970 92990 701204 142586 
523004 13601 923647 453470 455525 924595 371238 401280 503973 454816 ,523004 13601 923647 453470 455525 401280 503973 433800 548822 185332 
477300 476644 536109 476959 475854 478130 479829 770384 476946 893959 ,477300 476644 536109 476959 475854 478130 479829 770384 476946 893959 
109294 793422 20102 165743 383447 162457 162696 924602 195394 274210 ,109294 793422 20102 165743 383447 162696 924602 274210 195394 384397 
337891 777154 305612 283827 321856 254232 973830 337902 422995 567267 ,337891 777154 305612 283827 321856 254232 973830 422995 567267 282463 
181246 180829 181974 258611 55687 432474 180721 496378 196643 275459 ,181246 180829 181974 258611 55687 432474 180721 496378 275459 196643 
391917 391779 391794 385108 632726 118119 380296 68722 173428 392012 ,391779 391794 385108 118119 68722 392012 379978 532175 659165 787763 
154153 957090 786322 205820 270098 386957 917658 288871 751044 383154 ,154153 957090 786322 270098 205820 917658 288871 751044 705045 76937 
494009 492936 350120 351259 966644 485601 329154 487325 112352 956607 ,494009 492936 351259 966644 485601 329154 487325 112352 956607 966738 
343549 248623 255883 356409 430246 520510 308082 353550 229796 472413 ,343549 248623 255883 356409 430246 520510 308082 353550 229796 472413 
680962 299925 886180 934654 899070 979638 135234 586289 471668 356148 ,680962 299925 934654 899070 979638 135234 586289 471668 356148 950716 
998426 194033 272849 208178 193961 272777 194448 273264 609781 610053 ,998426 194033 272849 208178 272777 193961 194448 273264 609781 610053 
148354 504340 323168 463331 699913 713165 101233 250006 250327 733510 ,148354 504340 323168 463331 713165 101233 250006 267313 136115 357524 
731140 437067 252428 718902 458315 138239 136999 401524 251264 113025 ,731140 437067 252428 718902 458315 138239 136999 401524 397851 679987 
538564 296419 638622 468772 222357 296743 26591 119086 999666 605254 ,538564 296419 638622 468772 296743 26591 119086 999666 605254 598375 
968953 967999 696332 156388 339968 721136 177897 339048 201355 220809 ,967999 696332 339968 721136 177897 201355 181991 683570 639535 695475 
996284 544466 969740 666977 650030 995664 675378 892774 247691 544552 ,969740 666977 650030 892774 247691 675888 825257 666839 448290 847799 
623876 240259 756882 670163 485805 978986 264462 196316 275132 878322 ,623876 240259 756882 670163 485805 978986 264462 275132 196316 878322 
845133 853182 861016 852688 478417 843896 546006 93604 66964 814281 ,845133 853182 861016 852688 843896 546006 93604 66964 814281 90702 
364142 736210 600726 600667 719148 509877 41762 638159 869215 600661 ,364142 736210 600726 600667 719148 509877 638159 869215 600661 336715 
345205 377041 345462 481709 144173 348234 832208 18920 968651 746638 ,345205 377041 345462 481709 144173 348234 832208 18920 746638 404521 
955993 956479 471688 107585 503978 186255 417256 106960 604275 81684 ,955993 956479 471688 107585 503978 186255 417256 106960 604275 81684 
421090 333789 601 448 157528 371202 380316 488440 363 935103 ,421090 333789 601 448 371202 380316 488440 935103 488880 515400 
617105 128206 693201 714565 137026 927258 154955 422395 848192 166448 ,617105 128206 927258 154955 422395 331917 692842 75546 360029 167837 
344836 711538 806468 185980 917799 293796 432973 779901 436750 348876 ,711538 806468 185980 917799 293796 432973 779901 436750 348876 960520 
420062 583741 203839 268117 366066 720839 965967 204690 268968 367526 ,420062 583741 203839 268117 366066 720839 965967 268968 204690 488916 
684218 281448 526020 784812 491953 348398 302782 662494 531278 215248 ,684218 281448 526020 784812 491953 348398 302782 662494 531278 215248 
445888 445455 447872 445907 446078 445825 445551 446067 445844 446603 ,445888 445455 447872 445907 446078 445825 445551 446067 445844 446603 
22631 840999 1268 432106 904738 317962 836342 784185 710076 315725 ,22631 840999 1268 432106 904738 836342 784185 710076 315725 628717 
440133 56940 521068 86646 436494 831492 894478 641698 791343 281011 ,440133 641698 887567 44440 117872 988454 413384 864220 475253 889925 
886184 893820 607969 296250 577965 882001 887124 978283 317397 297407 ,296250 887124 978283 304004 978474 978897 232374 608210 353322 313801 
992475 35968 983004 983637 877419 969359 827080 856765 851503 827898 ,983004 969359 856765 851503 996890 982834 877090 824959 669323 585396 
476007 659812 475955 476387 478346 659247 674627 180115 342364 765234 ,476007 659812 475955 476387 478346 659247 674627 180115 342364 765234 
975305 809161 190563 762051 920444 830140 190737 811120 772168 948625 ,975305 809161 190563 762051 830140 190737 811120 772168 948625 619178 
460147 284578 492037 240621 341948 21210 808224 808449 734540 320333 ,460147 284578 492037 240621 341948 21210 808224 808449 734540 320333 
422265 422164 810167 422417 901645 83875 57091 57276 901371 379049 ,422265 810167 57276 379049 994276 784674 465044 505995 57773 50794 
676041 497095 124234 534660 293174 157775 581297 351155 900095 61604 ,676041 497095 124234 534660 293174 157775 581297 351155 900095 61604 
618191 582499 964141 847917 995938 614570 650981 631913 401117 653591 ,618191 582499 964141 847917 995938 614570 401117 653591 104309 653361 
868064 705243 109524 968662 682012 971364 4314 882505 343339 635235 ,635235 874440 679295 185390 342357 363101 303369 865003 234732 329108 
69053 69564 164816 394882 982944 787061 156006 912340 454543 553078 ,69053 69564 164816 394882 982944 156006 912340 454543 553078 462900 
766138 766360 767076 684036 101618 653986 759088 556390 822413 554756 ,766138 766360 767076 101618 556390 822413 995033 887049 655075 656361 
432083 899685 997176 704996 854019 963088 396973 940606 957482 396893 ,432083 899685 997176 704996 854019 963088 396973 940606 957482 396893 
679622 78718 117799 174993 722721 631140 235193 184244 527637 724767 ,679622 117799 722721 631140 235193 184244 527637 724767 185795 124247 
896319 230159 906134 10642 895621 755523 895421 631231 26434 315248 ,896319 230159 895621 755523 895421 631231 26434 315248 73477 755566 
375486 257861 840783 855678 375225 29711 178631 166307 165850 751211 ,257861 840783 855678 375225 29711 178631 166307 165850 751211 866811 
460564 68933 294985 193929 272745 76692 37072 240184 37018 707431 ,460564 68933 294985 272745 193929 76692 37072 240184 37018 707431 
755646 830513 831017 674796 674324 755355 420488 429568 990983 361924 ,755646 990983 601447 210723 833592 847183 212296 360130 101283 762894 
523195 523285 209671 319007 823427 697624 35060 660670 336162 708522 ,209671 319007 823427 697624 35060 336162 171458 696185 930766 970635 
985483 799831 74749 139236 702474 386974 74352 114730 800235 356706 ,985483 799831 74749 139236 702474 386974 74352 114730 800235 356706 
677074 677368 778971 677350 617364 814484 470479 644103 557868 640039 ,778971 677350 470479 644249 855192 476001 773581 902173 552389 857689 
45704 21188 40130 78676 21153 45288 368104 881679 739072 146523 ,45704 21188 40130 78676 21153 45288 368104 881679 739072 146523 
721762 654928 206461 270739 684599 17459 818739 233261 600038 17503 ,721762 654928 206461 270739 684599 17459 818739 233261 600038 17503 
442863 442832 756088 756110 877017 877028 885718 756340 761785 855259 ,442863 442832 756088 756110 877017 877028 885718 756340 761785 855259 
27360 36577 127425 398642 82840 36743 655466 386785 89017 783633 ,27360 36577 127425 398642 82840 36743 386785 89017 896168 138804 
118988 522634 118771 525404 96268 81831 821313 337720 690102 973786 ,118988 522634 118771 525404 81831 821313 337720 690102 973786 151559 
357657 360093 345975 348025 475673 863440 476020 324676 666131 379215 ,357657 360093 345975 348025 475673 863440 476020 324676 666131 379215 
200476 264754 514832 243289 486278 435698 899471 266406 741529 336179 ,486278 668999 668413 200173 869191 225761 331884 596391 401465 702763 
462981 462366 461991 509647 463994 878767 874861 843328 96068 725117 ,462981 461991 509647 463994 878767 874861 843328 96068 137497 585440 
138723 42889 11627 40522 43555 644174 729712 521091 66155 646623 ,138723 11627 40522 43555 644174 729712 521091 66155 646623 40499 
948153 852985 550592 551089 941667 511250 224064 829923 792865 942240 ,948153 852985 550592 941667 511250 829923 792865 956797 948373 96392 
442591 442640 98716 156984 417703 224275 256829 935941 77559 934905 ,442591 935941 601808 224090 249360 493264 75963 621839 602102 190470 
38557 38096 39064 39516 6709 922847 709195 448137 5551 448296 ,38557 6709 709195 5551 6158 880228 941032 410943 985772 536624 
16813 936005 560886 678033 949285 962645 209972 542372 948788 489282 ,16813 936005 560886 678033 949285 962645 209972 542372 948788 489282 
524991 524993 724156 305414 836192 525254 187647 175636 429655 79657 ,524991 524993 724156 305414 836192 187647 175636 79657 548545 524963 
248441 241718 497224 246578 301598 248074 305937 154090 515874 306433 ,248441 241718 497224 246578 301598 248074 305937 154090 515874 306433 
420443 235878 750841 854876 204044 268322 194271 197522 276338 466884 ,420443 235878 854876 204044 268322 194271 276338 197522 466884 406311 
55140 301174 301738 643581 331641 515251 51909 297202 643809 515589 ,55140 301174 301738 643581 331641 515251 51909 297202 643809 515589 
511603 289396 190257 634565 703088 536718 368984 130580 33553 531672 ,511603 289396 190257 703088 536718 368984 130580 531672 759477 522102 
743909 542633 109315 15330 64931 564329 13390 916308 17117 302038 ,743909 109315 15330 64931 564329 13390 17117 196240 275056 144207 
472085 472057 472205 520097 864482 472096 520501 471504 678807 777219 ,472085 472057 472096 777219 471488 454644 301946 471560 226295 546276 
202621 266899 942907 629873 201035 265313 943203 251418 71320 514224 ,202621 266899 942907 629873 201035 265313 943203 251418 514224 238039 
694557 215553 525173 169091 525691 92877 529077 111720 279359 487395 ,694557 215553 525173 169091 525691 92877 529077 111720 279359 487395 
519481 887988 227029 902431 288921 385357 679054 691380 745041 678968 ,519481 887988 288921 385357 679054 691380 745041 89611 940216 894559 
487091 870672 486003 863457 336179 584347 255648 625878 1265 871451 ,870672 863457 584347 255648 625878 871451 225783 834605 519677 872363 
95142 936748 844491 71489 618859 618521 503713 370524 920055 228497 ,95142 844491 71489 618859 503713 370524 920055 228497 1682 963223 
490332 632980 929317 350437 521310 487782 343421 458907 59680 363629 ,490332 632980 929317 350437 521310 487782 343421 458907 59680 363629 
909204 546908 539417 273634 488552 419716 546752 922460 543385 128341 ,909204 546908 539417 273634 488552 419716 546752 922460 543385 128341 
620522 43986 673267 541433 665133 539730 604149 620432 832412 672688 ,620522 673267 604149 620432 835963 541507 44126 672513 641648 972532 
376677 658175 991954 322156 58144 727648 815820 168778 177591 771095 ,376677 658175 991954 322156 58144 727648 815820 168778 177591 771095 
485606 540274 548190 220720 840149 940496 990041 548463 840652 721423 ,485606 540274 548190 220720 840149 940496 990041 548463 840652 721423 
689241 770660 630609 899645 45725 378873 994232 87895 559404 909387 ,689241 770660 630609 899645 378873 994232 87895 559404 909387 90140 
682270 391870 748187 121463 840630 391874 784371 224865 83347 391721 ,391870 748187 121463 840630 391874 784371 224865 83347 391721 783403 
615838 514227 596035 762713 811379 616115 68452 429570 106415 859411 ,615838 514227 596035 762713 811379 616115 429570 106415 859411 720880 
297028 316541 84930 227610 801156 466395 516946 798017 44344 368823 ,297028 316541 801156 466395 322437 238915 87911 811821 595909 31570 
569118 568912 886354 881268 9284 892430 191251 5891 191026 5763 ,569118 191251 5763 141784 915447 649253 833702 354080 352630 601708 
677099 650363 650003 295147 42983 847766 996667 484748 23042 159305 ,677099 650363 650003 295147 42983 847766 996667 484748 23042 159305 
525376 791836 513127 628659 635855 710648 524809 710032 80385 822570 ,525376 791836 513127 628659 635855 710648 524809 710032 80385 280868 
60467 60557 513687 513047 695261 512702 993447 60040 492304 504767 ,60467 60557 513687 513047 695261 512702 993447 60040 492304 504767 
21044 21020 22340 22287 140425 36650 335240 21858 22300 5797 ,21044 21020 22340 22287 140425 36650 335240 21858 22300 723453 
359489 318990 320912 188097 332522 234708 227217 672009 19843 306556 ,359489 318990 320912 188097 332522 234708 227217 672009 19843 306556 
85442 60133 748372 748715 61113 88741 92849 95762 821940 83000 ,85442 60133 748372 61113 88741 92849 95762 821940 83000 526571 
247197 524203 247481 523912 201841 266119 35108 179472 918241 762325 ,247197 524203 247481 523912 266119 201841 918241 762325 977024 622271 
687507 614705 771065 945295 235779 193185 272001 516537 692360 113005 ,687507 614705 771065 235779 193185 516537 692360 113005 560308 823125 
990554 553127 778333 980376 992870 803132 208217 553318 980607 846512 ,990554 553739 145905 269105 249564 259589 89700 272376 260812 413729 
719332 578327 433976 495403 436123 528326 131268 332253 244968 705050 ,719332 578327 433976 495403 436123 528326 131268 332253 244968 705050 
508327 684891 248667 111554 703551 798297 704277 440006 812207 622196 ,508327 684891 248667 111554 703551 798297 704277 440006 622196 508614 
748945 301867 749280 286686 481491 92492 840393 844673 682033 132922 ,749280 481491 840393 682033 391963 868530 375839 600340 289393 223531 
840766 828936 773014 853467 766320 773016 656513 143419 968752 765841 ,840766 828936 853467 766320 773016 656513 143419 968752 765841 239827 
322807 324396 402830 756310 111765 573937 348273 339246 233722 243939 ,322807 324396 402830 756310 111765 573937 348273 339246 233722 243939 
643515 788106 913037 423577 775687 786975 786397 641999 643454 654000 ,788106 913037 423577 786975 786397 641999 643454 654000 775639 442332 
878499 393614 286787 395841 776772 347490 512242 470497 775554 346289 ,878499 393614 286787 395841 776772 347490 512242 470497 775554 346289 
117278 118572 976656 976452 161335 441836 455728 231448 118483 120110 ,117278 976656 976452 161335 441836 455728 118483 579579 562653 456131 
521868 407640 518392 532509 514754 730611 627970 832165 533360 533712 ,521868 407640 518392 532509 514754 730611 627970 832165 533360 533712 
39717 558429 890750 994168 520786 890970 104952 870327 767900 39584 ,104952 39584 382114 924596 951571 958184 190954 869831 102573 854299 
544106 241696 544029 634147 703069 534506 867264 76952 723850 972561 ,544106 544029 703069 534506 454133 458657 519858 517561 271832 717475 
94693 95092 45565 45055 663529 324704 665759 46392 107754 43708 ,663529 324704 46392 95232 84982 658719 282844 494361 526676 341017 
32656 806484 32566 449175 817164 173227 464955 364175 629622 806785 ,32656 806484 32566 449175 817164 173227 464955 364175 629622 806785 
693452 697319 7633 696552 478410 476802 476424 478615 480164 478255 ,478615 480164 540201 480079 476695 768516 555232 553413 411093 55237 
934657 935466 496242 26612 885206 660634 875638 353996 379375 659766 ,934657 935466 496242 26612 885206 660634 875638 353996 379375 659766 
874342 86654 95483 630472 526753 923422 229441 155645 254895 152540 ,874342 86654 95483 630472 526753 923422 229441 155645 254895 152540 
492556 492963 42828 42971 494050 57778 759990 664775 499205 535054 ,492556 492963 42828 42971 494050 57778 759990 664775 499205 535054 
311669 310732 556850 974283 322115 557326 977385 309759 414177 778295 ,311669 974283 557326 778295 574177 929214 854783 929302 607442 574873 
7722 526037 297056 39337 643125 282502 521335 820955 441662 34081 ,7722 526037 297056 39337 643125 282502 521335 820955 441662 34081 
249211 890263 249598 626423 889378 889663 749580 905679 620854 563302 ,249211 890263 249598 626423 889378 889663 749580 905679 620854 563302 
739584 922851 739905 264453 916788 741754 323443 64667 478698 421802 ,739584 922851 739905 264453 916788 741754 323443 64667 478698 62897 
449484 482899 631938 756810 513811 956252 41605 512780 541059 432911 ,449484 482899 631938 756810 513811 956252 41605 512780 541059 432911 
570131 569884 569948 117155 470663 77713 21031 570184 988463 817204 ,569884 77713 570184 988463 988204 470778 802535 341003 139020 40471 
434536 732492 430186 222901 732465 788277 430143 71440 280058 861896 ,788277 430143 71440 861896 788324 213656 914905 173961 564867 86388 
12886 696825 842397 842449 405971 55007 12321 59975 632828 481468 ,12886 696825 842397 842449 405971 55007 12321 632828 481468 99172 
80708 80779 71846 714586 869830 695466 729812 557980 368604 82974 ,80708 71846 714586 869830 695466 729812 557980 368604 82974 685574 
87266 295058 771879 484733 82757 248866 710988 479471 323097 440131 ,87266 295058 771879 484733 82757 248866 710988 479471 323097 440131 
649350 644136 644685 888052 773460 676960 444421 789708 54853 471704 ,649350 644136 644685 888052 676960 444421 789708 54853 471704 50988 
645952 396242 551262 522317 646353 594247 491891 627985 107169 933174 ,645952 396242 551262 522317 646353 594247 491891 627985 107169 933174 
208613 209432 539371 460875 919141 994055 511715 628748 19899 839374 ,208613 209432 539371 460875 919141 994055 511715 628748 19899 839374 
391025 328143 330214 807405 798842 328564 744868 498864 255399 744867 ,391025 328143 330214 807405 798842 328564 744868 498864 255399 744867 
317121 162560 208261 793604 459742 520715 376142 711318 12348 375690 ,317121 162560 793604 459742 520715 376142 711318 375690 729442 458909 
341709 695579 980718 616352 102351 338272 310226 339408 20791 898861 ,341709 695579 980718 616352 102351 338272 310226 339408 20791 898861 
281833 543028 326907 542572 606338 294153 335889 508600 264195 451108 ,281833 543028 326907 542572 606338 294153 335889 508600 264195 451108 
442693 945111 533668 50406 516357 124703 563253 9906 380540 107615 ,442693 945111 533668 50406 516357 124703 563253 9906 380540 107615 
64105 950513 62047 949228 943087 770760 115224 569074 117144 203401 ,64105 950513 62047 949228 943087 770760 115224 569074 117144 203401 
844810 338199 338443 127297 385084 341775 431982 341338 814865 670712 ,844810 338199 338443 127297 385084 341775 431982 341338 814865 670712 
307535 392016 361047 241041 972029 560927 286517 837047 893811 563992 ,392016 361047 972029 560927 286517 837047 893811 563992 956473 855490 
680419 316113 900409 881478 123859 123314 343590 710911 142196 901430 ,680419 900409 881478 123859 123314 343590 710911 142196 901430 192099 
860011 182593 298364 793286 238116 252009 668405 172114 584650 668579 ,860011 182593 298364 793286 238116 252009 668405 172114 706238 382720 
408815 54824 326317 898269 385768 130716 378829 538423 230160 554357 ,54824 130716 230160 554357 51925 586373 314896 298649 302696 252404 
722557 885195 722668 915584 423293 483257 935715 997571 309686 915500 ,722557 915584 922754 312180 855891 500726 864506 208107 255423 594121 
495648 925747 27493 95908 357678 457414 666133 185129 66263 414582 ,495648 925747 27493 357678 457414 666133 185129 66263 414582 860869 
247876 658640 551582 69409 247468 124994 247265 225603 860006 16923 ,247876 658640 551582 69409 124994 247265 225603 860006 16923 596243 
721008 721266 93944 81676 700761 481837 699867 226054 253345 430037 ,721008 81676 699867 226054 253345 143387 729646 803536 392044 882361 
881606 775337 891451 606035 880328 878881 774694 815994 816193 890436 ,775337 891451 878881 774694 815994 816193 310421 797926 202737 606089 
995082 468868 770968 995214 994618 774397 642966 444287 332058 995156 ,642966 443628 444550 764768 444902 443613 827579 770504 612630 790212 
64995 73926 63090 843170 405464 504430 521640 73430 607710 196320 ,64995 73926 63090 843170 405464 504430 521640 73430 607710 196320 
987202 866841 992145 492380 780831 992625 624879 750896 851044 724041 ,492380 780831 992625 750896 724041 751890 310 148339 796186 310516 
947435 703636 696706 155120 195501 274317 883865 468269 550776 884157 ,947435 703636 696706 155120 195501 274317 883865 468269 884157 174185 
17428 17171 16870 14303 205288 269566 832431 226578 69618 930346 ,17428 17171 16870 14303 269566 205288 226578 69618 930346 885649 
249091 502202 26399 682751 949564 157525 540863 54045 348602 540755 ,26399 682751 949564 157525 54045 348602 540755 497018 379485 540723 
23898 495474 26640 9939 928811 862665 517057 348287 569415 9973 ,23898 495474 26640 9939 928811 862665 517057 348287 569415 9973 
964483 86005 775380 409666 635036 615892 189778 398256 428999 774992 ,964483 86005 775380 409666 635036 189778 428999 774992 552751 164210 
398515 398208 398354 401813 401504 401718 697656 403300 94813 474271 ,398354 401718 697656 474271 711875 19670 289091 659943 227625 670697 
292623 292072 281349 234978 293758 8652 454805 134022 838151 833953 ,292623 292072 281349 234978 293758 8652 454805 134022 838151 833953 
345136 543304 208103 553482 342533 13781 253246 374715 628409 747121 ,345136 553482 374715 543411 510624 553318 795964 543691 349070 3172 
348376 154762 298376 261693 80347 580125 563748 235864 576352 304206 ,348376 154762 261693 563748 235864 576352 324708 621605 300641 824614 
847342 374489 590563 757553 876829 648985 374827 760070 249373 648940 ,847342 374489 590563 757553 876829 648985 374827 760070 249373 648940 
228275 568538 847186 378810 876336 213246 737020 94071 321004 499241 ,847186 378810 329220 829965 876254 332507 889220 558793 295018 473257 
738202 548157 143224 950343 944037 903277 973767 25759 828248 212223 ,944037 992173 739653 83356 504156 953165 739783 907945 328939 911226 
895506 12501 478113 492312 492979 930728 333656 289416 492103 735386 ,895506 12501 478113 492312 492979 930728 333656 289416 492103 735386 
189234 790499 326655 329380 687762 635661 705102 899385 234668 229441 ,189234 790499 326655 329380 687762 635661 705102 899385 234668 229441 
711339 208868 209494 710027 248660 208748 526950 329288 964005 710123 ,711339 209494 710027 248660 526950 329288 964005 710123 214730 248291 
683266 984835 633370 683375 493610 413224 797431 944445 198868 277684 ,633370 493610 413224 277684 198868 813050 433298 70 985149 510620 
904332 299762 842119 63680 60769 933042 389685 913112 588026 595735 ,904332 299762 842119 63680 60769 933042 389685 913112 595735 226178 
429816 611013 700148 335925 96485 514637 348253 386584 548894 865696 ,429816 611013 700148 96485 514637 348253 548894 865696 171571 307531 
997491 839349 979602 899035 828484 562629 880589 640613 562898 457336 ,997491 839349 979602 899035 828484 562629 880589 640613 562898 960879 
481040 848061 832010 14562 12683 114963 516362 14538 12644 519376 ,481040 848061 832010 14562 12683 516362 14538 12644 519376 40661 
425558 426069 619986 180374 180498 107648 816920 510386 89721 420659 ,425558 426069 180374 180498 107648 816920 510386 89721 420659 168450 
829671 557618 455253 358499 82554 326024 777230 458667 17130 125093 ,829671 557618 455253 358499 82554 326024 777230 458667 17130 125093 
665768 665119 830045 283703 285137 287813 216051 570798 287610 249066 ,665768 665119 830045 283703 285137 287813 216051 570798 287610 249066 
955543 61759 224017 139029 913809 921763 514384 472761 75644 153603 ,955543 61759 224017 139029 913809 921763 514384 472761 75644 153603 
361189 232288 313458 360732 358216 788575 548179 983233 983698 573012 ,361189 232288 313458 360732 358216 788575 548179 983233 983698 573012 
422576 422502 388472 815344 572098 174600 355466 159023 443432 810914 ,572098 174600 443432 810914 615924 645452 986943 361724 191030 814598 
700114 895221 977946 600776 569467 663227 978051 569471 695339 296326 ,895221 569467 978051 569471 386658 130110 471393 114033 120738 468840 
708718 707663 236962 472358 228813 96840 472261 304465 512417 104879 ,708718 707663 472358 228813 96840 472261 304465 512417 104879 246776 
79085 78641 878936 223121 591765 221135 243850 243306 620721 878568 ,79085 78641 878936 223121 591765 221135 243306 878568 220430 687438 
888292 528045 565814 626081 938907 634016 663091 14326 58174 66893 ,888292 528045 938907 634016 663091 14326 58174 66893 221974 663315 
891716 794383 794624 733267 733315 648979 779668 580019 683127 649513 ,891716 794383 794624 733267 733315 648979 779668 580019 683127 649513 
534401 41381 309028 41504 363992 364018 321808 4571 294128 534531 ,41381 278640 159340 364052 292089 351056 30624 546429 805683 967207 
720067 615562 237125 526572 429522 569889 747701 567841 719191 306382 ,720067 615562 237125 526572 429522 569889 747701 567841 306382 525032 
936244 401403 860735 861072 479094 536425 807437 397960 807478 936538 ,936244 401403 860735 861072 479094 536425 397960 807478 478937 411654 
920883 83034 777292 686796 797800 52248 57297 948033 800414 658683 ,920883 83034 777292 686796 797800 470009 770194 112507 479957 541162 
42307 337440 572149 140497 541213 147013 541300 247384 280903 337770 ,42307 337440 572149 140497 541213 147013 541300 247384 280903 337770 
521021 686565 811180 478261 475929 478433 641540 295058 558628 248866 ,521021 295058 558628 248866 521168 696449 188662 993881 616409 442844 
406561 507295 406433 710040 107508 154854 488569 710378 81833 530257 ,406561 507295 710040 107508 154854 488569 710378 81833 530257 490144 
975564 452555 26979 26383 782826 974796 425851 943913 452748 624522 ,975564 452555 26383 782826 974796 425851 943913 452748 624522 9870 
17849 238630 726490 781359 452648 237034 279113 518396 298751 726114 ,17849 238630 726490 781359 452648 237034 279113 518396 298751 726114 
756801 756786 757841 759118 756996 602279 26813 599954 60566 602298 ,756801 756786 757841 759118 756996 602279 599954 60566 602298 811487 
224804 898887 170774 998766 73308 724596 922249 171154 997403 841860 ,224804 898887 170774 998766 73308 724596 922249 171154 997403 841860 
23135 369519 419058 368609 22900 980334 87147 658566 660218 288857 ,419058 368609 22900 658566 8445 659009 418701 368120 84620 102442 
436183 821453 940609 1952 862748 281713 106052 961108 941043 281199 ,436183 821453 940609 1952 862748 281713 106052 961108 941043 281199 
462917 242231 525743 115528 599185 723171 723119 309588 727049 464929 ,462917 525743 115528 599185 723171 723119 309588 808703 818504 839780 
390052 734979 438919 140605 390125 478096 694422 220258 823670 220208 ,390052 734979 438919 140605 390125 478096 694422 220258 823670 220208 
641511 687362 475929 768626 686565 552112 770174 391069 687099 46568 ,641511 687362 475929 768626 686565 552112 770174 391069 687099 46568 
196709 275525 812991 879176 301419 772039 967799 305915 968187 593888 ,196709 812991 301419 967799 305915 599159 616556 973030 877265 123465 
38451 511462 511279 511854 510947 39443 511072 773412 39405 254504 ,511279 511854 510947 38441 826407 411888 8771 38387 254393 411903 
446879 604421 480164 666875 476775 638244 448243 779642 672440 521306 ,604421 480164 666875 638244 521306 998122 448275 666768 6997 768162 
170957 670500 486249 967869 840310 805847 527129 487233 204892 269170 ,670500 486249 967869 840310 805847 527129 487233 269170 204892 309921 
958697 489703 896450 201901 266179 919409 202977 267255 285877 52363 ,958697 489703 896450 266179 201901 919409 202977 267255 52363 80808 
56431 768364 200111 57721 83520 735216 559201 537196 85469 696699 ,56431 768364 200111 57721 83520 735216 559201 537196 85469 696699 
89721 68520 740167 979141 792359 75745 363873 980530 799843 68462 ,89721 68520 740167 979141 792359 75745 363873 980530 799843 68462 
979685 450640 471219 927226 581539 438694 206456 885343 554144 177207 ,979685 450640 471219 927226 581539 438694 206456 885343 554144 177207 
292753 703060 242131 683037 337072 977122 242155 323632 370024 825740 ,292753 703060 242131 683037 337072 977122 242155 323632 825740 340502 
657176 757795 443212 443236 758870 552630 657329 657239 656920 443216 ,657176 757795 443212 443236 552630 657329 657239 656920 443216 421496 
677864 242980 100192 197176 275992 983304 921603 12476 341991 596261 ,921603 341991 17093 70407 922232 409664 978435 101338 246507 517678 
439555 294611 783885 361902 389611 783004 485837 78409 532767 955816 ,439555 294611 783885 361902 389611 783004 485837 78409 532767 955816 
993310 993239 611969 94574 210064 845258 450250 548166 783264 399963 ,993310 993239 611969 94574 210064 845258 783264 399963 519980 456387 
154044 658356 426763 31158 574401 648297 503310 87161 573421 499557 ,154044 658356 426763 31158 574401 648297 503310 87161 573421 499557 
460505 500000 405464 497728 90597 460617 854333 549077 320654 405714 ,460505 500000 405464 90597 460617 854333 320654 405714 212588 265575 
704284 704744 138113 997203 346163 668634 92628 630507 347619 997218 ,704284 704744 138113 997203 346163 668634 92628 630507 997218 879656 
758682 757551 296517 298807 647316 459293 109671 21248 458377 289737 ,758682 757551 296517 298807 647316 459293 109671 21248 458377 289737 
191558 997913 684064 974137 694956 401150 695542 999384 868887 712038 ,191558 997913 694956 401150 695542 999384 868887 712038 485933 765827 
232859 789583 232625 185348 717616 812446 905887 745202 101372 585129 ,232859 789583 232625 185348 717616 812446 905887 745202 101372 585129 
45454 238313 246911 471788 429289 246501 974263 292341 423518 536175 ,45454 238313 246911 471788 429289 246501 974263 292341 536175 293189 
638699 589060 588212 341010 404817 293104 673231 405692 544676 622740 ,638699 589060 588212 341010 404817 293104 673231 405692 544676 622740 
30103 905250 745894 516633 905220 516661 422870 722957 559439 350945 ,30103 905250 745894 516633 905220 516661 422870 722957 559439 350945 
999715 536772 997922 800542 655054 638794 992613 565730 406685 959475 ,536772 826867 418122 113524 891636 850803 929584 102983 959032 2131 
292719 901502 293396 284158 153866 263687 294812 186488 455055 294069 ,292719 901502 293396 284158 153866 263687 186488 455055 294069 652656 
473904 363779 782996 234768 641360 471568 508353 364029 972018 641396 ,473904 363779 782996 234768 471568 508353 364029 972018 641396 437569 
890578 890408 211917 212710 576913 230148 212786 397719 617159 578166 ,890578 890408 211917 212710 576913 230148 212786 397719 617159 578166 
476667 479923 893264 476999 477986 810808 405903 537053 405950 53127 ,479923 476999 810808 537053 405950 526344 86749 492776 578654 472479 
890860 890281 890466 892811 892691 891883 892838 889058 805156 892842 ,890860 890281 890466 892691 891883 892838 889058 805156 892842 804829 
70067 325058 500624 601780 528913 535892 917430 447905 358327 295727 ,70067 325058 500624 601780 528913 535892 917430 447905 358327 295727 
833216 828893 894752 853281 828936 829409 766224 18192 765029 103567 ,833216 828893 894752 853281 828936 829409 766224 18192 765029 103567 
720867 294056 527490 570628 770976 177943 102044 943629 781457 712258 ,720867 294056 527490 570628 770976 177943 102044 943629 781457 712258 
68827 69262 68439 553812 280293 68501 201554 265832 663444 546370 ,68439 68501 416448 573544 195743 92360 699388 97077 553397 952659 
127327 927210 792278 128770 111489 347120 227566 498862 198418 277234 ,127327 277234 625871 753541 227871 150555 704873 362769 100277 341157 
867638 44735 479492 211449 594248 479577 497883 566030 867635 441446 ,867638 44735 479492 211449 594248 479577 497883 566030 867635 441446 
627172 32096 959309 113840 656766 671241 621239 656626 450191 613588 ,627172 32096 959309 656766 656626 450191 613588 830812 258389 246889 
834410 834431 553565 540053 540046 540214 769842 249810 539875 824715 ,834410 834431 553565 540053 540046 540214 769842 249810 539875 824715 
6266 934856 724357 464914 830823 497912 516571 502445 487152 486209 ,6266 934856 724357 464914 830823 497912 516571 502445 487152 486209 
932544 933125 831902 194126 16342 489355 871505 184339 10696 692298 ,932544 933125 489355 871505 10696 692298 2454 96816 754683 438716 
294268 587475 23725 148099 389431 126640 677629 829916 428833 715073 ,294268 587475 23725 148099 389431 677629 829916 428833 715073 184727 
324395 204301 268579 184989 990812 918654 965172 56180 296258 748779 ,324395 204301 268579 184989 990812 918654 965172 56180 296258 412102 
208015 770767 64785 770613 358834 208106 598967 58398 49167 99337 ,208015 770767 64785 770613 358834 208106 598967 58398 49167 99337 
171395 137089 236028 678054 369422 925522 301561 748 833963 165078 ,171395 137089 236028 678054 369422 925522 748 833963 165078 527095 
681831 681950 822746 733354 740907 363106 222765 769009 977946 525199 ,681831 681950 822746 733354 740907 222765 769009 977946 525199 413572 
301808 414141 341650 560038 208178 7209 509319 953542 645711 969862 ,301808 414141 560038 208178 7209 509319 953542 645711 969862 608279 
724499 109803 464687 485080 678916 860491 372221 95352 95046 920434 ,724499 109803 464687 485080 678916 860491 95352 95046 920434 411325 
767134 28475 570798 570943 760126 756363 648166 252481 766366 839067 ,767134 570798 570943 756363 252481 839067 443464 885791 370633 756378 
544911 200656 385923 708219 328726 358671 693401 604602 704012 507371 ,544911 200656 385923 708219 328726 358671 693401 604602 704012 507371 
486771 406674 844103 596900 406021 899201 935440 481817 861773 933276 ,486771 406674 844103 596900 899201 935440 481817 861773 933276 92615 
879790 441678 840050 850948 918796 682848 830837 69071 248046 756874 ,879790 441678 840050 850948 918796 682848 830837 69071 248046 756874 
343744 552110 355588 283801 1428 343061 539594 312250 324982 56940 ,552110 283801 539594 56940 602466 231747 355616 770253 791274 791522 
917189 15245 735591 13118 202689 266967 209546 495356 187569 398166 ,917189 15245 735591 13118 266967 202689 209546 495356 187569 398166 
279552 822298 822215 684459 734839 397159 523115 637961 158172 347532 ,279552 822298 822215 684459 397159 523115 637961 158172 404274 403268 
200181 264459 562041 199811 264089 191485 561222 13183 908441 895009 ,264459 562041 199811 191485 561222 895009 210541 921807 564079 859316 
128945 951430 109502 213576 950952 304873 615496 70750 244535 491487 ,128945 951430 109502 213576 950952 304873 615496 70750 244535 162329 
778412 778617 404120 982898 256973 25872 255937 121753 896040 399901 ,399901 767113 788186 40799 417563 778711 673245 27209 954652 896729 
41125 655811 837307 816328 423170 655278 816410 42199 816930 447493 ,655811 816328 423170 655278 42199 447493 41543 837262 828299 821378 
44552 648438 530990 325540 406947 262092 553263 368825 664824 809732 ,406947 262092 664824 809732 68671 809503 353296 323532 620570 702704 
780387 397498 480486 531322 961013 252382 749019 636286 218185 633853 ,780387 397498 480486 531322 961013 252382 749019 636286 218185 633853 
625703 309324 968604 794082 326371 531042 776131 645520 412097 442732 ,625703 309324 968604 794082 326371 531042 776131 645520 412097 442732 
351823 282011 724793 977360 281143 280740 949578 91935 339321 967369 ,351823 282011 724793 977360 281143 280740 949578 91935 339321 262067 
492447 734799 278723 151146 932467 529851 151169 515293 869599 83056 ,492447 734799 278723 151146 529851 151169 869599 83056 151358 516008 
574280 254774 462931 890390 47256 574065 227215 368766 246759 455966 ,574280 574065 601859 601031 406238 573516 130918 55760 246744 571389 
922838 167790 10756 166882 226737 907595 240719 861852 935250 46676 ,922838 167790 10756 166882 226737 907595 240719 861852 935250 46676 
590675 415082 417316 794144 415210 5839 543343 303101 354420 355126 ,590675 415082 417316 794144 415210 543343 354420 478133 479537 332151 
400762 339063 472312 699829 410049 921539 472136 373527 921219 627845 ,400762 339063 472312 699829 410049 921539 472136 373527 921219 627845 
547571 933191 971146 493374 82527 669014 307756 173249 176561 157424 ,547571 933191 971146 493374 82527 669014 307756 173249 176561 157424 
328275 761458 642816 391546 496750 339716 588977 739222 733297 973348 ,328275 642816 391546 496750 339716 588977 739222 973348 473562 293092 
485304 688494 645199 484447 684090 481561 687892 41128 604041 888601 ,485304 645199 484447 684090 481561 687892 41128 604041 888601 736195 
816204 354035 817250 816979 816529 655164 757882 815983 836660 610030 ,816204 354035 817250 816979 816529 655164 757882 815983 836660 610030 
827991 834850 827530 19225 105811 314648 678946 812783 321340 349852 ,834850 827530 314648 678946 389724 316105 106277 377647 801694 930692 
548847 344230 936307 523801 139243 683876 437661 357892 431738 988919 ,548847 344230 936307 523801 139243 683876 357892 431738 149154 883853 
350640 458018 305089 910827 974826 312817 458046 764963 777097 616215 ,350640 458018 305089 910827 974826 312817 458046 764963 777097 616215 
499964 643770 208014 769088 826818 116693 289642 289439 49667 535066 ,499964 643770 208014 769088 826818 116693 289642 289439 49667 535066 
416646 646221 339601 909076 278897 645827 786067 864260 493933 574712 ,416646 646221 339601 909076 278897 645827 786067 864260 493933 574712 
708237 508307 657178 455229 679750 261635 892017 319399 802832 424361 ,708237 508307 657178 455229 679750 261635 892017 319399 802832 424361 
397232 614649 336743 905226 691051 338046 401101 573437 398059 245616 ,397232 338046 573437 398059 531934 137422 290912 336830 415516 350534 
713060 17551 222013 18503 790061 629494 291035 59936 185465 452147 ,713060 17551 222013 18503 790061 629494 291035 59936 185465 452147 
670246 528475 748159 118897 466736 506796 466776 686820 158206 528422 ,670246 528475 748159 118897 466736 506796 466776 686820 158206 528422 
93995 843589 69481 732764 432082 166314 733148 560205 867649 84348 ,560205 867649 272334 867673 73950 413818 596562 482031 542229 69374 
57082 165444 887720 955285 723577 166336 56519 878372 853686 911021 ,57082 165444 887720 955285 723577 166336 56519 853686 911021 708743 
296851 804770 795236 527873 187545 517668 363634 813065 429308 237863 ,804770 795236 527873 517668 363634 813065 353040 12081 822939 615532 
124941 534119 431155 125330 88150 859810 566691 659322 284493 728820 ,124941 534119 431155 125330 88150 859810 566691 659322 284493 728820 
305865 292379 469666 469672 294368 305442 535121 568657 535171 246717 ,305865 292379 469666 469672 294368 305442 535121 568657 535171 246717 
648943 787215 149299 620034 624867 665752 389364 114361 895682 731387 ,648943 787215 149299 620034 624867 665752 389364 114361 895682 731387 
951639 54680 9457 336740 380778 691415 96642 337246 364865 459456 ,951639 54680 9457 336740 380778 691415 96642 364865 459456 329886 
925587 211087 197652 276468 706890 234697 494363 616494 949512 442049 ,925587 211087 197652 276468 706890 234697 616494 949512 442049 875560 
843259 435103 153393 742092 662138 371884 513772 573418 573643 337726 ,843259 435103 153393 742092 662138 371884 513772 573643 337726 261953 
403320 373504 431431 442482 402951 431223 715716 37076 40268 545758 ,403320 373504 431431 442482 402951 431223 715716 37076 40268 545758 
328889 314866 532924 937855 370609 775729 5416 798403 619661 775585 ,328889 314866 532924 937855 370609 775729 5416 798403 619661 775585 
9513 84299 245803 9236 703414 877995 834867 741908 928944 739557 ,9513 84299 245803 9236 877995 834867 741908 928944 739557 598611 
422008 694308 775087 124980 641534 865774 832422 49027 120332 894402 ,422008 694308 775087 124980 641534 865774 832422 49027 120332 894402 
533105 492958 63214 340943 547660 312713 515385 689610 588335 965595 ,533105 492958 63214 340943 547660 312713 515385 689610 588335 965595 
881262 880851 207018 207112 448465 448539 852391 207046 107113 880734 ,881262 880851 207018 207112 448465 448539 852391 207046 107113 880734 
306647 327266 84380 843605 735352 330470 459154 280587 184759 715823 ,306647 327266 84380 843605 184759 715823 731915 49939 300141 151120 
21374 452815 140006 594854 510967 850323 192100 367248 452688 228200 ,554092 484127 504916 237150 228472 191811 244554 312466 144500 510899 
397650 402186 403468 399509 398470 344423 560025 401274 961340 190191 ,397650 402186 403468 398470 344423 560025 401274 961340 190191 961630 
4140 855864 980667 137875 77351 566688 855479 317021 320367 662047 ,4140 855864 137875 77351 566688 855479 320367 662047 542980 349202 
850868 851305 357911 25263 120348 125474 383639 328284 768598 982200 ,850868 851305 357911 25263 120348 125474 383639 328284 768598 982200 
965164 546193 868381 296331 963797 972290 23645 621500 965785 804801 ,965164 546193 972290 23645 621500 621572 384424 913290 964248 538272 
628946 412397 639434 622361 412358 22964 847802 134983 131314 736172 ,628946 412397 639434 622361 412358 22964 847802 134983 131314 736172 
739019 318868 489625 762869 161623 486874 694299 834808 27676 762675 ,739019 318868 489625 762869 161623 486874 694299 834808 27676 762675 
498871 497958 551108 61077 15395 987917 60613 198207 277023 901970 ,497958 61077 987917 698784 106599 59852 43602 214161 503934 658227 
856791 856605 29661 117458 920724 637762 53624 54060 303298 115598 ,856791 856605 29661 117458 920724 637762 53624 54060 303298 115598 
99696 797659 967048 345224 752994 109232 334509 691338 128528 795106 ,99696 797659 967048 345224 752994 109232 334509 691338 128528 795106 
850301 850318 521351 429122 846720 855529 850720 643311 846790 850819 ,850301 850318 521351 429122 846720 850720 643311 850819 46857 428841 
993203 275087 260914 98804 872294 728798 830356 450635 148699 105392 ,993203 275087 260914 98804 872294 728798 830356 450635 148699 105392 
454063 936377 430703 88143 247657 60493 788394 308436 327817 455665 ,454063 936377 430703 88143 247657 60493 788394 308436 455665 699759 
992028 830900 992015 483719 398178 961732 590472 513560 772529 103280 ,992028 830900 992015 483719 398178 961732 590472 513560 772529 103280 
281244 203611 267889 572559 661909 728777 662585 955708 604901 571224 ,281244 203611 267889 572559 661909 728777 662585 955708 604901 571224 
373078 48195 126730 642707 107479 869927 183429 2096 708301 183940 ,373078 48195 126730 642707 107479 869927 183429 2096 708301 183940 
511795 365248 276878 108901 564489 665559 512898 91171 222620 513068 ,511795 365248 276878 108901 564489 665559 512898 91171 222620 376843 
497284 497418 964310 859784 519445 963233 224181 483261 251953 614725 ,497418 964310 859784 519445 963233 224181 251953 614725 15557 869362 
383115 810065 782703 115318 8185 626509 851562 871397 801328 323494 ,782703 115318 8185 626509 851562 871397 801328 323494 651219 56955 
396589 393971 386278 863579 393122 118628 396378 706604 844911 771822 ,386278 863579 393122 118628 396378 844911 771822 803911 543829 184994 
162210 795897 795961 32608 970527 921009 100643 678817 261340 658764 ,162210 795897 795961 678817 719628 720008 166177 683257 628853 694203 
13485 532636 322362 730565 925543 15546 248468 730822 870724 129404 ,13485 532636 322362 925543 15546 248468 730822 870724 967996 982669 
486814 572659 966192 649186 692000 125079 854408 914263 73439 898986 ,486814 572659 966192 649186 854408 914263 73439 898986 873080 908578 
233640 811611 794892 629096 182883 742461 488442 344134 574920 575123 ,811611 629096 574920 575123 683486 152929 785491 220966 850152 905994 
753867 753947 52648 255429 52947 537036 521589 260298 754577 754278 ,753867 753947 52648 754577 754278 754501 770821 391609 812472 82885 
351783 214712 182138 809832 583754 729975 724884 423422 711109 30568 ,351783 214712 182138 809832 583754 729975 724884 423422 711109 30568 
893461 188840 189131 694156 631294 661522 958958 228962 406404 910952 ,893461 188840 189131 694156 631294 661522 958958 406404 910952 694362 
170294 598044 721820 33748 165576 523706 79811 903842 795280 112340 ,170294 598044 721820 33748 165576 523706 795280 112340 419329 521681 
283755 540118 53389 736386 389573 54014 669114 825983 809979 882396 ,283755 540118 53389 736386 54014 669114 825983 809979 882396 56331 
667377 667484 103605 667334 667436 103703 797493 667240 103504 667533 ,667436 103504 667533 667597 802810 655444 796370 638460 764592 894309 
770248 38932 770585 811410 908934 39269 39150 760092 820761 999896 ,770248 38932 770585 811410 908934 39269 39150 760092 820761 999896 
929210 467004 338254 90932 328533 826882 804792 548331 478655 827586 ,929210 467004 338254 90932 328533 826882 804792 548331 478655 827586 
339483 72838 94716 637967 821939 93088 68351 68645 85906 338932 ,339483 72838 94716 637967 821939 93088 68351 85906 338932 815380 
721300 553744 508880 535863 349907 850778 389021 596834 10763 36696 ,721300 553744 508880 535863 349907 389021 596834 10763 36696 409010 
304360 301822 463148 5515 353746 442249 391408 19245 5325 507280 ,304360 353746 442249 391408 456827 515849 626797 196545 769441 296345 
112315 112882 112358 112263 761916 609744 248241 805090 731223 246620 ,112882 112358 112263 761916 609744 248241 805090 731223 246620 891554 
514266 514678 514179 514263 497622 726336 64871 683496 355699 498128 ,514678 514179 514263 497622 64871 683496 355699 498128 62961 339535 
918990 272434 225301 411647 544921 224616 13744 621218 842222 14472 ,918990 272434 225301 411647 544921 224616 621218 842222 14472 13067 
600995 601192 600892 602632 601131 601726 601010 717285 195891 828783 ,600995 601192 600892 602632 601131 601726 601010 717285 195891 828783 
667334 654000 981128 720900 756335 907666 721171 894309 642991 445539 ,959524 853125 656166 567909 641601 642179 802810 656247 667436 605912 
828937 829982 677868 836752 767088 765371 677965 750622 758390 820241 ,829982 677868 836752 767088 677965 603051 991700 982424 656514 984772 
58181 295342 313344 335115 730759 296644 242881 959375 682763 486763 ,58181 295342 313344 335115 730759 296644 242881 959375 682763 486763 
848659 447531 447328 759276 759493 447603 761723 837162 594219 142180 ,759276 759493 837162 447857 446906 444884 848450 375202 446733 768187 
835065 911499 595174 965900 965486 489977 392482 831478 905425 811169 ,835065 911499 595174 965900 965486 489977 392482 831478 905425 811169 
55525 876561 340234 830700 132163 55419 218502 694677 876464 946008 ,55525 340234 830700 132163 55419 218502 694677 876464 946008 260842 
948445 224168 766718 70342 868016 762637 207295 223733 865273 905652 ,948445 224168 766718 868016 762637 223733 865273 839930 546785 874835 
82894 495802 522233 494946 529209 231967 105595 664904 230835 158397 ,82894 495802 522233 494946 529209 231967 105595 664904 230835 158397 
935053 192676 271492 195343 274159 94972 158595 519920 956332 510969 ,935053 271492 274159 195343 94972 158595 519920 956332 510969 902590 
848528 848272 849212 44589 44637 775749 673759 805533 814278 536330 ,374054 847986 673411 673651 672900 825451 443205 673001 952857 672618 
521152 898299 430518 402428 448639 784543 262013 719164 788247 572916 ,521152 898299 430518 402428 448639 784543 262013 719164 788247 572916 
985430 194270 273086 120981 578457 894980 578237 536219 985517 819477 ,273086 194270 536219 985517 21541 862 681486 577847 113144 535771 
355464 602373 614878 77233 125194 853647 366946 910770 567774 599184 ,355464 614878 77233 366946 30315 723495 723433 716525 826441 297309 
496487 389393 431758 603410 170916 553157 431165 283868 990415 694335 ,496487 389393 431758 603410 170916 553157 431165 283868 990415 694335 
131717 297702 17684 198982 277798 727424 868423 922857 725788 138280 ,131717 297702 198982 277798 727424 868423 922857 725788 138280 305732 
341168 412092 356937 893313 902337 413638 455032 241024 768763 413142 ,341168 412092 356937 893313 902337 413638 455032 241024 768763 413142 
644280 640580 456032 828325 45803 769434 40462 569370 879153 878913 ,640580 456032 828325 45803 769434 40462 569370 879153 878913 101685 
528119 803747 375414 813111 529583 483934 353999 812985 827584 12414 ,528119 803747 375414 813111 529583 483934 353999 812985 827584 12414 
569279 569315 154572 501910 153376 121931 157716 920599 82909 152404 ,569279 569315 154572 501910 153376 121931 157716 920599 82909 152404 
946938 940567 940575 946904 946903 466768 502454 89653 6562 219937 ,946938 940567 940575 946904 946903 466768 502454 89653 6562 219937 
31629 68360 426465 558357 482791 536469 776801 94976 932260 305045 ,31629 68360 426465 482791 536469 776801 94976 932260 305045 130949 
117836 153558 931020 847666 407223 87914 928577 255370 1092 900604 ,117836 153558 931020 847666 87914 928577 255370 1092 900604 882227 
247546 84884 106065 688073 456004 728020 418550 543338 930338 214676 ,247546 84884 106065 688073 728020 418550 930338 214676 705707 597837 
419218 850977 411349 411415 450217 604959 908139 217248 375478 824351 ,419218 850977 411349 604959 908139 217248 824351 891638 411401 326397 
354162 945845 158544 615730 601153 1294 871940 839278 19688 864918 ,945845 158544 601153 1294 19688 797466 809941 866418 836216 620518 
974127 949351 410354 155865 695173 789528 955638 817636 674244 974944 ,974127 949351 410354 155865 695173 789528 955638 817636 674244 974944 
88995 929579 929782 639590 254941 254708 317031 749358 774937 749513 ,929782 639590 254941 254708 317031 749513 712570 71125 247487 715630 
643059 22222 22480 877450 641848 877349 765863 440028 124792 129718 ,643059 22222 22480 877450 641848 877349 765863 440028 124792 129718 
460497 453565 600415 935841 664975 106827 322784 282436 524231 524499 ,600415 106827 524231 44345 135046 124257 60031 275843 500033 88856 
34529 33910 610920 33968 450360 8243 789756 370344 451468 892281 ,34529 33910 33968 450360 8243 789756 370344 451468 892281 207457 
738084 737881 313610 42116 987621 341460 415517 911963 323183 12057 ,738084 12057 688244 299784 122142 594483 749737 902138 55086 387892 
462716 455948 456685 419897 231339 356603 165496 515368 316027 71626 ,462716 456685 419897 231339 356603 515368 316027 71626 165909 419865 
499567 426442 258006 751060 726751 425683 594333 88429 108823 822229 ,499567 426442 751060 726751 425683 594333 88429 108823 435359 35844 
416683 151159 600977 54361 337013 567881 599066 214705 495412 600881 ,416683 151159 600977 54361 337013 567881 599066 214705 495412 600881 
503482 523899 431176 881579 482628 484817 417139 107212 430554 880498 ,503482 523899 431176 881579 482628 484817 417139 430554 880498 431111 
375010 837192 542836 144554 551378 260885 857748 398817 543774 401379 ,375010 837192 542836 144554 551378 260885 857748 398817 543774 401379 
508378 799253 12523 795016 972563 125060 123064 971585 91196 797417 ,508378 799253 12523 795016 972563 125060 123064 971585 91196 797417 
174171 188948 691547 437452 764544 299248 580843 744437 580173 386812 ,174171 691547 437452 764544 299248 580843 744437 386812 391475 388433 
416772 103147 899513 481036 201240 265518 618332 491166 377162 782956 ,416772 103147 899513 481036 201240 618332 491166 377162 939405 69306 
579073 323363 598805 324719 371412 205846 270124 284401 597841 812409 ,579073 323363 598805 324719 371412 270124 284401 597841 812409 558317 
613694 745445 574870 939984 288014 389378 679300 575611 404890 87681 ,613694 745445 574870 939984 288014 389378 679300 575611 404890 87681 
740440 73768 962854 740142 350116 97608 661242 740203 798749 857095 ,740440 73768 740142 350116 97608 661242 740203 798749 857095 739913 
393222 432201 981693 460396 933767 323952 693145 724352 663638 119774 ,393222 460396 933767 323952 693145 724352 663638 257641 390178 167291 
305018 278876 306119 305126 292141 351028 278628 278990 496774 292357 ,305018 278876 306119 305126 292141 351028 278628 278990 496774 292357 
480452 337273 685910 480719 795253 321573 491804 739951 99212 819127 ,480452 337273 685910 480719 99212 819127 93938 658455 313894 724178 
36786 469319 424038 452152 502158 536366 408247 560439 960799 787842 ,36786 424038 452152 502158 536366 560439 960799 787842 448354 905012 
360005 359722 344817 345965 819978 852296 884318 229142 918819 677000 ,344817 495757 74025 523928 385440 94737 103066 350183 20576 58335 
776995 323253 517197 331343 287301 772192 380296 780356 797323 98956 ,776995 323253 517197 331343 287301 772192 380296 780356 797323 98956 
23920 79479 704772 714059 168402 281565 430986 212563 786016 413806 ,23920 79479 714059 168402 281565 430986 212563 786016 413806 352684 
637866 446037 446542 480756 15556 720161 444984 887936 445062 670896 ,637866 446037 446542 480756 15556 720161 444984 445062 670896 390599 
678937 635987 636276 770088 127560 678701 634772 616818 146727 967175 ,678701 634772 616818 967175 441766 755020 416710 147778 869952 385988 
646853 136220 895804 708599 608674 6602 227564 799193 924654 895753 ,646853 136220 895804 708599 608674 6602 227564 799193 924654 895753 
5084 79548 789068 168390 79696 5138 79580 296791 451694 30336 ,5084 79548 789068 168390 79696 5138 79580 296791 451694 30336 
753966 478107 57139 162959 378745 958893 409806 718343 754687 747943 ,478107 162959 958893 409806 747943 390918 908253 82840 684977 952014 
291918 5963 955277 278725 363739 176129 717127 176295 366495 296045 ,291918 5963 955277 278725 363739 176129 717127 176295 366495 296045 
160551 752847 168613 230255 8557 279948 8339 499303 501689 283059 ,160551 752847 168613 8557 279948 499303 501689 283059 15256 664950 
188775 279854 188795 958702 663375 423109 190546 518466 566409 43435 ,279854 188795 958702 663375 190546 518466 566409 43435 590790 780068 
733478 609585 503084 462296 90815 634321 515904 59164 734979 462739 ,733478 609585 503084 462296 90815 634321 515904 59164 734979 462739 
497470 708018 502771 184418 182701 425517 274366 857523 563551 426206 ,182701 920089 768230 832301 713325 226909 598560 942514 830269 209373 
637573 681432 897258 451783 43811 951512 451656 829362 84463 891158 ,637573 681432 897258 451783 43811 951512 451656 829362 84463 865236 
226258 889585 210442 885838 933479 594376 546122 858605 923950 647256 ,889585 933479 257692 852552 564160 103816 924249 970369 892881 985466 
642799 643199 643071 642857 6269 838112 643514 417474 643439 643911 ,642799 643199 643071 642857 6269 838112 643514 417474 643911 898395 
8307 4867 5163 736313 379937 204740 269018 736242 307089 854607 ,8307 4867 736313 379937 269018 204740 736242 307089 854607 632609 
503125 676306 532727 810992 967365 169558 174022 514819 817056 817333 ,676306 532727 810992 967365 174022 514819 817056 817333 404180 618144 
825747 221343 912726 375422 486155 919984 785178 657160 997132 993853 ,825747 221343 912726 375422 486155 919984 785178 657160 997132 993853 
1507 522894 365989 392410 497613 785270 154718 519689 441091 808995 ,1507 522894 365989 392410 497613 785270 154718 519689 441091 808995 
21191 245694 529932 802150 308366 810942 323454 243142 299731 368234 ,21191 245694 529932 802150 308366 810942 323454 243142 299731 368234 
694724 399795 501326 283976 252289 723539 998359 985416 844708 221735 ,399795 252289 723539 221735 781489 46067 529532 998610 661217 998392 
41182 558408 428066 547525 787907 23652 186362 547418 788305 926600 ,783018 219740 138700 38633 452271 880095 643956 278754 101927 218848 
888625 554055 560701 541835 115658 559514 73402 71589 541838 554238 ,888625 554055 541835 115658 559514 73402 71589 541838 554238 259022 
519263 828028 827518 432773 465108 924309 924010 194263 691631 535854 ,519263 828028 827518 432773 465108 924309 924010 194263 535854 690091 
151497 85192 9416 23505 152709 708756 814663 85919 26512 253757 ,151497 85192 9416 23505 152709 708756 814663 85919 26512 253757 
427036 458835 186468 554660 460220 215645 495977 284747 459925 926378 ,427036 458835 186468 554660 460220 215645 495977 284747 459925 926378 
13085 314873 145127 452000 13123 505499 15249 698269 112047 14908 ,13085 145127 452000 13123 15249 112047 14908 554931 839660 521533 
676529 824189 978075 837240 642835 616406 557842 771586 800997 904270 ,676529 824189 837240 642835 616406 557842 771586 800997 904270 656530 
533979 785161 429364 507197 119627 166685 119181 583724 747592 168565 ,533979 785161 429364 507197 119627 166685 119181 583724 747592 168565 
391843 796558 341016 865167 552617 177612 682343 8047 516098 898573 ,391843 796558 341016 177612 682343 8047 516098 898573 233323 370514 
596402 107882 123664 183701 525188 690784 123758 22104 315320 690489 ,596402 107882 690784 690489 738213 169162 701847 719314 669382 68907 
780624 221340 221557 221841 780738 555247 152578 554890 422638 336711 ,780624 221340 221841 780738 555247 152578 554890 422638 336711 583848 
805528 800300 287657 796434 418689 800512 686207 922072 796657 956201 ,805528 800300 287657 686207 922072 796657 956201 967709 991615 931067 
297974 235765 66125 978211 62749 521695 495232 806879 32706 796810 ,297974 235765 66125 978211 62749 495232 806879 796810 526624 751178 
187230 835358 884822 669818 223781 718379 417382 439880 283521 227664 ,187230 835358 884822 669818 223781 718379 439880 283521 227664 604417 
950578 361865 202208 266486 511151 280097 796549 572219 168917 415085 ,950578 361865 266486 202208 511151 280097 796549 572219 168917 415085 
423577 616667 994922 616363 603670 654785 654000 716657 423751 472805 ,616363 654000 716657 423751 654195 473455 804482 765690 375007 764024 
687240 199128 277944 307095 630542 609599 782234 899982 318688 390405 ,687240 277944 199128 307095 630542 609599 782234 899982 318688 390405 
423283 422737 422695 366865 368271 106831 189215 219518 321959 394181 ,423283 422737 422695 366865 368271 106831 189215 219518 321959 719249 
587961 987941 799213 553911 380413 298075 148030 597900 3581 299897 ,587961 987941 799213 553911 298075 148030 148467 634428 987728 124918 
385008 108690 717165 615505 985789 815996 615444 569557 784881 338126 ,385008 108690 717165 985789 815996 615444 569557 784881 338126 816619 
172456 134798 425504 240095 275385 202444 266722 811357 150254 173923 ,134798 425504 202444 266722 811357 150254 197472 171552 486082 950925 
790181 866454 468485 611386 96319 936917 231744 511203 438159 805733 ,790181 866454 468485 611386 96319 936917 231744 511203 438159 805733 
874958 516282 604586 950019 401961 866540 483468 620691 484946 675587 ,516282 604586 483468 620691 484946 675587 22625 386955 997663 634839 
901759 478605 800125 64050 346833 811172 993927 443082 477325 410675 ,901759 478605 800125 64050 346833 811172 993927 443082 477325 799806 
795684 963099 998368 374933 868610 963343 330139 780856 718511 780919 ,795684 998368 868610 963343 330139 780856 718511 780919 375463 911247 
806652 684620 346277 199861 264139 225291 544182 354025 83741 101333 ,806652 684620 346277 199861 264139 225291 544182 354025 83741 101333 
744259 636494 636644 413096 634240 555645 231284 718534 412644 906303 ,744259 636494 413096 634240 231284 718534 412644 906303 908486 140816 
692609 487048 515537 484346 199426 757943 172436 363660 171528 517197 ,692609 487048 515537 484346 199426 757943 172436 363660 517197 967539 
524872 235123 209978 529929 940946 777563 596395 554697 306054 941430 ,529929 777563 172246 76349 808585 272016 808739 254022 420874 522118 
798569 66572 798231 66338 128160 126730 802017 206912 271190 206161 ,798569 66572 798231 66338 128160 126730 802017 271190 206912 270439 
224485 806061 919291 805909 216568 93227 843356 225708 315089 751012 ,224485 806061 805909 216568 93227 843356 315089 751012 868369 768573 
98673 539945 227184 98746 954508 800237 809522 664053 365092 788494 ,98673 539945 227184 98746 954508 800237 809522 664053 365092 788494 
997659 749408 354159 502338 340544 915551 714719 424242 24597 407203 ,749408 354159 502338 340544 915551 714719 424242 24597 407203 352501 
647274 576851 192351 756379 838606 449489 999980 611590 829566 961575 ,647274 576851 192351 756379 838606 449489 999980 611590 829566 961575 
81582 482622 483421 483198 109415 289659 221352 720579 771717 84622 ,81582 482622 109415 720579 771717 84622 810768 401326 535859 519387 
890806 770722 828747 734503 737887 743912 558861 39243 734296 558779 ,770722 828747 743912 39243 900690 287663 480052 828317 827830 887249 
629514 57012 55883 629049 56924 283613 838711 811342 811026 800569 ,629514 57012 55883 56924 283613 838711 811342 811026 800569 137561 
427022 443274 839514 654916 655433 654898 654712 656649 656992 442685 ,427022 443274 654916 655433 654898 656992 654981 655491 824609 558525 
538387 537078 333750 29161 834919 896321 111480 111410 964483 258776 ,538387 537078 333750 29161 896321 111480 111410 964483 258776 669771 
257205 858281 881842 101292 601101 289881 101314 600947 807233 571468 ,257205 858281 881842 101292 601101 289881 101314 600947 571468 545340 
886034 536783 253218 480127 545727 253813 410455 261095 191213 758772 ,545727 261095 191213 545891 410597 541394 950953 759459 219080 56556 
101705 887817 888638 428771 639155 638982 375194 428732 470928 844644 ,887817 888638 428771 639155 638982 375194 428732 470928 844644 616647 
670314 207046 207112 60313 207018 61923 920361 390378 60975 919461 ,670314 207046 207112 60313 207018 61923 920361 390378 60975 919461 
374749 945359 89504 768715 993777 616889 113070 481805 44799 887375 ,374749 945359 89504 768715 993777 616889 113070 481805 44799 887375 
614814 223987 952563 946695 949400 614472 169696 809495 857318 331679 ,614814 223987 946695 949400 614472 169696 809495 857318 331679 906309 
22344 22321 428514 361623 316434 689292 359334 251440 177431 846650 ,22344 22321 428514 361623 316434 689292 359334 251440 177431 846650 
952213 945449 393380 180406 12451 125681 706574 523245 32739 116939 ,945449 393380 180406 125681 706574 523245 32739 398799 387083 176897 
664408 455810 43981 664677 509548 146717 713492 454653 166960 333354 ,664408 43981 664677 509548 146717 713492 454653 166960 333354 186763 
930825 930517 930581 485077 728105 139270 782740 184590 590322 897961 ,930825 930517 930581 485077 728105 139270 782740 590322 897961 651118 
61835 61507 246035 223594 61643 46161 96333 843523 14287 374546 ,61835 246035 46161 843523 278013 199197 522522 543665 532642 933893 
271986 680421 214666 796259 272386 807307 135216 506041 27801 484902 ,271986 680421 214666 796259 272386 807307 135216 506041 27801 484902 
396100 374522 934632 836293 834172 823213 836393 748361 544040 440443 ,934632 836293 834172 823213 836393 544040 440443 519002 871944 276957 
71185 411860 511102 223968 357725 279328 321240 966549 321010 279118 ,71185 411860 511102 223968 357725 279328 321240 966549 321010 279118 
402054 398535 401586 984661 299537 405448 715619 877708 809365 451238 ,402054 398535 401586 984661 299537 405448 715619 877708 809365 451238 
442338 686871 607387 572275 337480 888177 337165 940710 101617 44487 ,442338 686871 572275 940710 215850 360857 216233 535188 947028 951973 
505574 611665 219148 448603 548647 404068 174658 107647 338454 31656 ,505574 611665 219148 548647 404068 174658 107647 31656 151615 886815 
347014 346226 665101 426659 113312 607352 471143 373446 347257 62021 ,347014 346226 113312 471143 373446 400572 44713 570656 718425 236302 
485977 368276 454402 369275 459524 453652 872229 693063 510736 629193 ,485977 368276 454402 369275 459524 453652 872229 693063 510736 629193 
184396 794228 400378 805080 85252 465356 182909 75575 688737 196534 ,184396 794228 400378 805080 85252 465356 182909 75575 688737 196534 
754868 877079 48196 580388 274535 889763 48455 921384 577964 362563 ,754868 877079 48196 580388 274535 889763 48455 921384 577964 362563 
235969 685143 68605 592192 955518 234659 91491 554017 938003 201080 ,235969 685143 201080 961536 385852 960998 484931 194948 895798 171327 
8733 713661 526828 583754 910860 29091 346500 433026 527905 353389 ,8733 713661 583754 910860 29091 346500 433026 527905 353389 551651 
725916 590840 912963 604641 35112 843438 105134 122249 531216 904729 ,725916 590840 912963 604641 35112 843438 105134 122249 531216 904729 
447299 824480 447431 445924 885911 446050 891538 446126 446398 445740 ,447299 824480 447431 445924 885911 446050 891538 446126 446398 445740 
451377 345896 8313 818276 483874 74023 404414 974109 370171 49853 ,451377 345896 8313 818276 483874 74023 404414 974109 370171 49853 
424826 569038 426301 568983 425647 820566 423288 828468 448293 446593 ,424826 569038 426301 568983 425647 820566 423288 828468 448293 446593 
758034 759921 758289 757474 759098 136890 758204 758503 568011 995879 ,759921 758289 759098 136890 758204 758503 995879 970056 758734 569066 
514968 772628 482310 773351 924293 242648 229445 526292 233604 513752 ,514968 772628 482310 773351 924293 242648 229445 526292 233604 513752 
223912 678630 348209 173037 690542 346354 678861 172020 865948 393938 ,223912 678630 348209 173037 690542 346354 678861 172020 865948 393938 
37930 37882 896104 39108 639940 38743 604764 447104 767837 558410 ,37882 639940 604764 447104 558410 37629 820609 54549 379360 559142 
219711 589065 412674 232450 220752 220007 526210 788596 168980 548721 ,589065 412674 220752 526210 548721 192488 835894 598303 222575 930376 
897561 942982 228895 217460 572515 572644 527676 796514 878831 715251 ,897561 942982 228895 217460 572515 572644 527676 878831 715251 591134 
855267 769104 477629 924250 753652 810173 795206 387022 553973 83163 ,855267 769104 477629 924250 753652 810173 795206 387022 553973 83163 
427533 235150 427308 430751 573185 873565 87830 84336 46037 420716 ,427533 235150 427308 430751 573185 873565 87830 84336 46037 420716 
285625 350400 350388 284186 483582 391789 566181 349464 474815 336823 ,350400 284186 483582 391789 474815 255800 349665 107139 419564 126515 
981976 186362 643481 714245 717363 203413 267691 905531 976650 714447 ,643481 714245 203413 976650 642506 186628 981314 654759 785437 716816 
646524 646664 771153 646814 7136 8030 648287 568091 449680 709527 ,8030 648287 568091 449680 955708 891838 115626 246637 866041 644091 
711584 886088 541750 375335 541611 375629 544527 922709 913239 773648 ,544527 912211 260952 934967 374808 972318 556154 966482 541665 885770 
14881 12862 169114 74926 365340 516485 236566 373082 525933 232202 ,14881 169114 74926 365340 516485 236566 373082 525933 232202 552840 
738201 283328 876640 875881 988038 867255 282836 187147 496047 973766 ,876640 282836 187147 611584 656015 358903 477009 952759 973996 812464 
763865 263037 263187 677864 263668 502229 140932 876932 517504 701659 ,263668 837630 876894 199396 59217 195514 969276 307902 996239 848624 
586960 840004 496325 112560 585143 336215 931179 703292 958840 493391 ,586960 840004 496325 112560 336215 931179 703292 958840 493391 863641 
121447 600602 688146 834962 696802 189297 917887 164168 807205 687691 ,121447 600602 688146 834962 696802 189297 917887 164168 687691 320414 
692810 339952 973583 893956 580019 718719 165439 929467 973216 699806 ,692810 339952 973583 893956 580019 718719 165439 929467 973216 699806 
705909 591105 786064 781768 584062 28781 580879 575447 527761 309349 ,591105 786064 781768 584062 580879 575447 527761 345110 150845 923177 
803521 541728 232422 481236 530968 116867 128015 180313 829875 11613 ,803521 232422 481236 116867 128015 180313 829875 372397 829972 235370 
66360 173996 72371 688754 962857 211477 105019 127620 61592 762662 ,66360 173996 962857 488178 406278 552555 79850 200793 502856 741869 
582279 813628 291064 813252 354797 501738 199120 277936 387633 723765 ,582279 291064 813252 354797 501738 277936 199120 387633 723765 285491 
207406 39491 476269 39429 38432 480079 478204 476148 477124 478615 ,207406 39491 476269 39429 38432 480079 478204 476148 477124 478615 
925454 803970 703120 925822 389071 551697 4561 551748 747699 810262 ,925454 803970 703120 925822 389071 551697 4561 551748 747699 810262 
774932 679614 486360 932348 905419 563269 911355 454352 135619 706901 ,774932 679614 486360 932348 905419 563269 911355 454352 135619 706901 
610764 612295 610637 342549 610648 733475 743632 114445 341752 838316 ,610764 612295 342549 610648 733475 743632 114445 744421 166100 313390 
684477 632028 167804 168474 720560 684823 164591 719158 719165 684332 ,684477 167804 168474 684823 164591 719158 719165 168768 377286 520890 
536106 140766 798041 932216 351536 153027 675418 551914 485195 31001 ,536106 140766 798041 932216 351536 153027 675418 551914 485195 31001 
922107 965360 961263 965848 425566 810782 896355 896220 965336 972246 ,922107 965360 965848 425566 810782 896355 896220 965336 636110 803074 
295532 844420 308087 63338 380527 812130 767202 630803 691418 187963 ,295532 844420 308087 63338 380527 812130 767202 630803 691418 187963 
757774 757668 756186 992728 755956 992922 991961 759532 756520 673033 ,757774 757668 756186 759532 672839 992437 756560 26765 673969 756148 
675101 673917 969127 652327 674011 900821 900064 214139 656206 673563 ,969127 673563 606647 705344 969167 673367 969136 952310 890634 944015 
951389 895068 354083 645349 470316 547437 950135 942978 212779 352747 ,951389 895068 354083 547437 950135 942978 212779 352747 275384 197471 
199244 866928 309668 413077 189596 35782 936656 628726 825295 708049 ,199244 866928 309668 413077 189596 35782 936656 628726 825295 708049 
735197 735082 735236 735128 59237 174605 56095 615559 88935 174668 ,735197 735082 735236 59237 174605 56095 615559 88935 174668 560319 
63789 31059 74788 751636 866028 725193 480641 522735 259963 722641 ,63789 31059 751636 866028 725193 480641 522735 259963 188428 242486 
642468 642760 642947 644295 642414 643427 644081 643501 643434 642791 ,642468 642760 642947 644295 642414 643427 644081 643501 643434 642791 
675383 673188 230497 489419 559591 414748 558576 625979 382385 819263 ,673188 230497 489419 559591 414748 558576 625979 382385 819263 18731 
232106 959252 452255 915337 71747 958790 915356 956229 551164 231004 ,232106 959252 452255 915337 958790 915356 956229 551164 755873 452572 
112898 222847 134177 133487 618899 412636 454689 244353 140535 622768 ,112898 222847 134177 133487 618899 412636 244353 140535 622768 145041 
576397 575726 578101 587865 430547 526660 883611 256649 738331 588301 ,576397 575726 578101 587865 430547 883611 256649 738331 588301 159470 
778813 190802 655168 653431 653280 655587 694831 190811 826746 778914 ,778813 190802 655168 653431 653280 655587 694831 190811 826746 778914 
140396 223530 881365 14257 987360 782469 416490 598613 810307 113284 ,140396 223530 881365 14257 987360 782469 416490 598613 810307 113284 
240230 227640 269329 59746 292354 716896 206931 271209 82274 204433 ,240230 227640 269329 59746 292354 716896 206931 82274 204433 227493 
129706 937223 407573 109639 185239 936455 503741 966174 99627 965773 ,129706 937223 407573 109639 185239 936455 503741 966174 99627 965773 
540567 959062 540593 169370 223151 879884 514635 60311 889255 600568 ,540567 959062 540593 169370 223151 879884 514635 60311 889255 600568 
63744 281304 834308 532983 280607 448856 282971 455127 280916 503709 ,63744 281304 834308 532983 280607 282971 455127 280916 503709 799092 
777449 96288 98499 70132 950432 948676 943502 245130 472366 94767 ,777449 98499 70132 950432 948676 943502 245130 472366 94767 942137 
636835 82812 100678 100398 23452 926663 100181 814715 79087 815396 ,636835 82812 100678 100398 23452 926663 100181 814715 815396 499273 
397250 96679 867410 668098 506864 490940 875876 369486 872858 399455 ,397250 96679 867410 668098 506864 875876 369486 872858 399455 869566 
681453 301467 933114 254030 241412 617845 195782 274598 888496 358626 ,681453 301467 933114 254030 241412 274598 195782 888496 358626 529175 
529248 911441 546447 497589 726020 292383 6681 786853 48447 153739 ,529248 911441 546447 497589 726020 292383 6681 786853 153739 785022 
130469 810583 216833 207394 762920 129894 615959 369904 129834 5528 ,130469 810583 216833 207394 762920 129894 615959 369904 129834 419851 
446510 446679 447119 446049 445536 445721 447176 446200 446816 445697 ,446510 446679 447119 446049 445536 445721 447176 446200 446816 445697 
403051 925492 992336 35762 321233 625405 347819 337881 425462 114206 ,403051 925492 992336 35762 321233 625405 347819 337881 425462 34221 
797469 580766 914881 921967 579088 774124 848708 845502 345457 144836 ,797469 580766 914881 921967 579088 774124 848708 845502 345457 144836 
504786 808954 809134 503612 506748 503220 830707 744392 249134 252057 ,808954 830707 249134 252057 25354 856032 972318 250423 825108 253438 
359245 359380 347253 589153 375592 318915 375526 405449 630280 706246 ,359245 359380 347253 589153 375592 318915 375526 405449 706246 300649 
727734 651122 630978 547488 617792 664394 15939 67502 598235 550775 ,727734 651122 630978 547488 617792 664394 15939 67502 598235 550775 
38921 442760 216481 37894 655103 207069 767844 38739 559341 788263 ,38921 442760 38739 559341 788263 216753 216295 424726 887163 38978 
497167 692864 493431 370346 915241 520381 396629 370350 112046 524146 ,493431 370346 915241 396629 370350 112046 524146 582551 495282 352774 
876847 32068 908755 876781 913742 597046 32543 231523 865577 873204 ,876847 32068 876781 913742 597046 32543 231523 865577 873204 683978 
762707 545918 42445 500335 355430 356500 763004 648036 347569 913722 ,762707 545918 42445 500335 355430 356500 763004 648036 347569 913722 
385093 335309 288277 119074 534155 725543 295418 547722 575004 749907 ,119074 725543 547722 311015 691176 325968 835746 476232 599871 312500 
758138 821790 949758 251808 390289 948681 390431 770874 70918 977877 ,758138 949758 251808 390289 948681 390431 770874 70918 977877 255951 
362182 927803 188251 345737 930494 523548 363349 845158 947495 230134 ,927803 188251 345737 930494 523548 363349 845158 947495 666595 20695 
647540 648981 648226 649143 909519 550877 33687 550467 854718 854827 ,909519 854718 259330 536941 910331 455672 783994 259606 792797 361235 
497763 305995 577524 6172 836207 474462 466172 481868 306444 253197 ,577524 481868 306444 253197 998648 311025 634690 420837 858166 669883 
249015 316089 256177 819460 371731 748319 967534 420926 347430 309360 ,249015 316089 256177 819460 371731 748319 967534 420926 347430 309360 
520259 724684 735007 16498 748114 924039 520369 440923 297383 113582 ,520259 724684 735007 16498 748114 924039 297383 113582 189578 488448 
236587 719407 88861 174573 526954 85551 84407 188730 89569 804293 ,236587 719407 88861 174573 526954 85551 84407 89569 804293 484010 
558691 90361 494544 930645 404529 498826 558938 85651 110492 87286 ,558691 90361 494544 930645 404529 498826 558938 85651 110492 87286 
521632 890905 406681 602196 960492 920620 521294 895881 226800 71935 ,521632 890905 406681 602196 960492 920620 521294 895881 226800 71935 
73618 792766 908905 648210 802629 534668 653363 711062 709913 647068 ,73618 792766 908905 648210 802629 534668 653363 711062 709913 647068 
853436 741897 942298 293583 293731 796134 768871 693670 948981 692308 ,853436 741897 942298 293583 293731 796134 768871 693670 948981 692308 
194979 273795 818172 512314 140932 660751 699579 141797 950185 869082 ,194979 273795 818172 512314 140932 660751 699579 141797 950185 869082 
875086 28891 29042 251615 118374 56762 429959 675883 161382 157158 ,875086 28891 29042 251615 118374 56762 429959 675883 161382 157158 
923661 923537 233116 299902 849143 60452 789583 714458 789005 350088 ,923537 233116 299902 849143 789583 714458 789005 350088 328303 238593 
540430 637277 540133 540431 540353 540330 853805 540450 259836 578317 ,540430 637277 540133 540431 540353 540330 853805 540450 259836 578317 
901910 9472 344876 389269 468688 559277 768387 702667 543371 207114 ,901910 9472 344876 389269 468688 559277 768387 702667 207114 207489 
247857 305122 247414 659755 237249 305591 305223 351423 497245 236999 ,247857 305122 247414 659755 237249 305591 305223 351423 497245 236999 
77062 429461 390577 331215 499503 67641 749118 631522 594492 564787 ,77062 429461 390577 331215 499503 67641 749118 631522 594492 564787 
658501 425193 292862 279078 292380 337907 305861 446121 278763 429297 ,292862 292380 658327 960697 280751 249756 339899 23730 254527 292135 
259735 758544 667207 417132 255595 782282 417302 179722 607828 758319 ,259735 758544 667207 417132 255595 782282 417302 179722 607828 758319 
543058 733406 733332 421683 891704 754397 301247 749029 104754 471517 ,543058 733406 733332 421683 891704 754397 301247 749029 104754 471517 
229137 573888 567922 569422 988823 658574 520614 385077 84782 304043 ,229137 573888 567922 569422 988823 658574 520614 385077 84782 304043 
613768 48874 556554 614490 818257 774566 617728 423888 612816 48814 ,613768 556554 614490 774566 617728 612816 48814 962172 986501 912327 
915643 60901 728311 941215 248821 461564 940789 935203 15291 871625 ,915643 728311 941215 461564 940789 935203 15291 871625 887501 586897 
669516 310830 891447 207831 669323 916308 260045 661011 258807 160097 ,669516 310830 891447 207831 669323 916308 260045 661011 258807 160097 
412262 601015 600849 46794 412117 293726 413573 45666 251704 93627 ,412262 601015 600849 46794 412117 293726 413573 45666 251704 93627 
628039 305413 60566 924551 305519 69365 101383 343394 279167 628587 ,628039 305413 60566 924551 305519 69365 101383 343394 279167 628587 
76847 163671 988857 330266 584492 14197 10905 526641 672053 11928 ,76847 163671 988857 330266 584492 14197 10905 526641 11928 327474 
288699 99244 298589 299268 826945 499290 948295 365983 193798 272614 ,288699 99244 298589 299268 826945 499290 948295 365983 272614 193798 
970131 970607 575081 932310 153886 971972 932150 951484 318932 460461 ,970131 575081 932310 971972 932150 951484 318932 460461 235402 540759 
303410 307585 4167 106810 282765 152100 661264 517289 180681 50978 ,307585 4167 106810 282765 152100 661264 517289 180681 50978 566369 
8934 660507 496483 295139 21712 10246 622573 185819 298437 507644 ,8934 660507 496483 295139 21712 10246 622573 185819 298437 507644 
882863 623294 777571 609470 652023 777367 882643 964318 757021 899527 ,777571 777367 757021 612443 117195 125674 43270 145677 587260 912954 
350270 77531 696112 123066 130153 403386 200988 265266 74636 165811 ,350270 77531 696112 123066 130153 403386 200988 265266 74636 165811 
879941 880017 747506 973782 364780 580854 732141 880272 623818 576235 ,879941 880017 747506 973782 364780 580854 732141 880272 623818 576235 
734424 17196 743871 737870 248923 371869 886979 978898 886240 743740 ,737870 886979 978898 886584 232373 44270 826706 515592 891831 232380 
966781 166750 967517 162277 168044 229699 840941 284046 930477 588347 ,966781 166750 967517 162277 168044 229699 840941 284046 930477 588347 
912111 204864 269142 207619 22304 683017 842007 737922 863524 683033 ,912111 204864 269142 207619 22304 683017 842007 737922 863524 683033 
703522 993769 693339 225632 541824 964201 596695 13160 978337 851364 ,703522 993769 693339 225632 541824 964201 596695 13160 978337 851364 
283827 643020 337902 321856 643121 777154 793224 939867 973830 305612 ,283827 643020 321856 643121 777154 793224 939867 973830 305612 337891 
48027 441908 930241 49955 884094 373494 421035 320865 25757 645186 ,48027 441908 930241 49955 884094 373494 421035 320865 25757 645186 
533469 908236 717504 499022 210312 339884 874673 908332 718555 57135 ,533469 908236 717504 499022 210312 339884 874673 908332 718555 57135 
409352 901147 229931 642665 578490 448100 538480 409764 812248 314866 ,229931 642665 409764 812248 314866 386917 419922 477333 45605 317724 
921330 42619 868614 871124 82476 920860 983545 956479 511412 506230 ,921330 42619 868614 871124 82476 920860 983545 956479 511412 506230 
769507 424185 424308 261622 698721 517386 559595 72547 553771 707188 ,769507 424185 424308 261622 698721 517386 559595 72547 553771 707188 
38957 876630 851032 38753 447174 814447 37722 37684 38846 38717 ,876630 447174 37684 38846 38830 37867 38013 707973 807549 552787 
488894 790094 633327 87335 420026 420204 12501 84572 303738 793932 ,488894 790094 633327 87335 420026 420204 12501 84572 303738 793932 
51078 513558 188640 688022 304448 55175 729640 901495 329585 258699 ,51078 513558 188640 688022 304448 55175 729640 901495 329585 258699 
241302 241277 524924 100081 122009 104757 618011 411164 730306 151218 ,241302 241277 524924 100081 122009 618011 411164 730306 151218 481020 
541126 794021 680616 602354 657948 425795 971666 547457 43206 602242 ,541126 657948 971666 547457 43206 602242 893399 541256 192323 968194 
624324 624885 138331 834253 121039 844979 854527 854382 432507 22231 ,624324 624885 138331 834253 121039 844979 854527 854382 432507 22231 
894412 197287 389572 10307 876614 695263 521195 340274 513457 249481 ,894412 197287 389572 10307 876614 695263 521195 340274 513457 249481 
22625 22323 20942 21066 620410 393984 23043 848980 618223 774225 ,22625 20942 21066 620410 393984 23043 848980 618223 774225 879184 
954957 115952 219929 39719 42945 611526 113423 131545 470031 893653 ,954957 115952 219929 39719 42945 611526 113423 131545 470031 893653 
138920 948889 613538 811137 262836 780712 254776 355783 255839 255697 ,138920 948889 613538 811137 262836 780712 254776 355783 255839 255697 
286807 283425 860121 199360 278176 481693 648069 859376 561934 170574 ,286807 283425 860121 278176 199360 481693 648069 859376 561934 170574 
487720 705268 857495 600726 76968 88900 859361 748035 723786 772730 ,487720 705268 857495 600726 76968 88900 859361 748035 723786 772730 
776506 619959 621329 889997 986986 820119 341573 624915 384433 853773 ,776506 619959 621329 889997 986986 820119 341573 624915 384433 853773 
448826 222192 470580 308225 797937 730156 419577 300427 180007 244374 ,448826 222192 470580 308225 797937 730156 419577 300427 180007 244374 
246115 832106 658860 690294 830712 89665 575924 832200 920031 3691 ,832106 690294 89665 832200 920031 371237 250959 998241 668824 885504 
583702 188955 755454 990863 940724 953524 755380 13748 15752 609830 ,583702 188955 755454 990863 940724 953524 755380 13748 609830 807927 
180577 242536 458705 930099 248644 625553 203977 268255 441 868151 ,180577 458705 248644 268255 441 480460 902056 231921 827518 268103 
193350 272166 432993 630911 251026 128982 120135 394808 688690 298583 ,272166 193350 432993 630911 251026 128982 120135 394808 688690 287137 
631529 72264 592516 415413 142042 800512 369975 693194 930240 587379 ,631529 72264 592516 415413 142042 800512 369975 693194 930240 587379 
69657 663375 903117 637344 122060 455875 105154 524437 702915 903067 ,69657 663375 903117 637344 122060 455875 105154 524437 702915 903067 
397808 530171 8942 888977 517241 658991 678839 124018 8831 448515 ,888977 124018 8831 678996 863388 397769 679655 511204 685396 129473 
502381 669612 550426 209843 482229 844211 352959 123020 704360 502843 ,502381 669612 550426 209843 844211 352959 123020 704360 502843 449259 
700267 389548 29909 686012 685466 667130 697756 604550 701057 779948 ,700267 686012 673401 699788 958021 410597 604317 604209 572263 667075 
760853 898172 807497 537965 761461 896899 941106 940858 653579 940970 ,760853 898172 807497 537965 896899 941106 940858 653579 940970 906122 
173130 30595 428266 203515 267793 719831 235462 94542 819837 216495 ,173130 30595 428266 203515 267793 719831 235462 94542 819837 216495 
98975 796574 122226 952996 459398 949763 159573 26203 98926 454430 ,98975 796574 122226 952996 459398 949763 159573 26203 98926 454430 
145287 868568 337689 315823 356491 483718 108093 141565 163128 688393 ,145287 868568 337689 315823 356491 483718 108093 141565 163128 688393 
286600 290093 20600 232922 806717 127518 535571 19913 19758 731252 ,20600 232922 806717 127518 19913 19758 731252 284871 330900 226395 
216856 817829 818165 915968 856427 999166 816925 858573 568828 610162 ,216856 817829 818165 915968 856427 999166 816925 858573 568828 610162 
467991 351327 68512 337237 726001 68594 245246 713996 584161 154986 ,467991 351327 337237 726001 68594 245246 713996 584161 4577 726666 
615787 874101 581535 807883 31485 928283 798017 538297 864583 398139 ,615787 874101 581535 807883 31485 928283 798017 864583 398139 475145 
102291 975176 833719 102758 822053 979482 102007 698467 654393 218059 ,102291 833719 822053 979482 654393 218059 617498 670236 951186 655538 
840308 87779 448556 946465 315051 116109 392502 513294 787104 139669 ,840308 87779 448556 946465 315051 116109 392502 787104 139669 723556 
810268 812567 810367 681385 105800 15032 378235 812952 928842 105912 ,812567 681385 105800 378235 105912 397357 633146 652966 947282 167466 
270256 490896 602343 890843 200141 264419 202497 266775 914620 86551 ,270256 490896 602343 890843 200141 264419 266775 202497 86551 913953 
715393 279194 127664 501576 429594 688749 158171 903191 569512 772761 ,715393 279194 127664 501576 429594 688749 158171 903191 569512 292146 
492433 501836 524556 82918 292386 493937 305255 602752 501419 825958 ,492433 501836 524556 82918 292386 493937 305255 602752 501419 825958 
789011 607202 885935 282018 606836 707344 363941 323618 417031 364745 ,789011 363941 417031 364745 791507 261580 364362 417060 174603 886062 
495821 900835 226522 226886 491419 596240 434188 70238 900510 58958 ,495821 900835 226886 596240 70238 900510 58958 69261 59136 906114 
758642 757255 876245 62034 756937 432577 280440 860719 853243 675372 ,758642 757255 876245 62034 756937 432577 280440 860719 853243 675372 
381582 534390 381024 514409 661523 358397 155160 683725 397866 1442 ,381582 534390 381024 661523 358397 155160 683725 397866 1442 198317 
845738 669370 427089 573957 48845 42150 4600 426694 48644 905885 ,845738 669370 427089 573957 48845 42150 4600 426694 905885 559745 
983734 249761 596505 311603 16573 984042 194095 272911 510582 16504 ,983734 249761 596505 311603 16573 984042 272911 510582 16504 510591 
993296 767210 835230 830224 833293 960197 787092 612446 838974 758806 ,993296 767210 835230 830224 833293 960197 787092 612446 838974 758806 
49837 616677 617456 383287 903621 782624 698031 468415 384413 409674 ,49837 616677 617456 383287 903621 782624 698031 468415 384413 409674 
327321 874455 957306 451591 328971 241066 753739 580212 414418 116417 ,327321 874455 957306 451591 328971 241066 753739 580212 414418 116417 
169473 551442 946518 150550 167053 943252 943884 846132 164510 717278 ,169473 551442 946518 150550 167053 943252 943884 846132 164510 717278 
257216 573774 573277 564520 826422 326180 439249 561626 873820 342040 ,257216 573774 573277 564520 826422 326180 439249 561626 873820 342040 
665696 818725 734026 484030 483175 406891 969085 250214 565193 819024 ,665696 818725 734026 484030 483175 406891 969085 250214 565193 331463 
527703 73113 73966 630044 863812 635591 93458 201900 266178 594995 ,527703 73113 73966 630044 863812 635591 93458 201900 594995 631180 
853243 751600 121204 595222 871117 901802 154999 975684 889954 210365 ,853243 751600 121204 595222 871117 901802 154999 975684 889954 210365 
476436 406608 662518 59708 956591 281751 572067 421339 130395 364341 ,406608 59708 281751 572067 130395 973207 60755 215970 954706 682613 
696239 840640 40940 964480 775351 402971 809872 442439 773914 669688 ,696239 840640 40940 964480 775351 402971 809872 442439 773914 669688 
263317 325513 15021 773901 620646 243049 171359 172630 485324 140159 ,263317 325513 15021 773901 620646 243049 171359 172630 485324 140159 
429692 440883 368521 366592 515104 443031 272913 122781 774103 364307 ,368521 515104 364307 277683 198867 341119 975664 959762 775542 600692 
836021 986046 754747 402123 376189 441713 404856 847124 633824 542189 ,836021 986046 754747 402123 376189 441713 404856 847124 633824 542189 
316024 886954 741469 856067 855524 185027 53576 554501 124980 258809 ,316024 886954 741469 856067 855524 185027 53576 554501 124980 258809 
846074 672386 606758 422629 672366 536359 600669 422566 428531 910792 ,846074 606758 422629 672366 536359 600669 422566 428531 910792 615426 
828347 829254 951530 532600 482160 342278 648069 877094 433665 781204 ,828347 829254 951530 532600 482160 648069 877094 433665 781204 649959 
395318 395556 395834 328044 300281 803613 299283 287189 157031 120318 ,395318 395556 395834 328044 300281 803613 299283 157031 369286 348555 
442649 996760 996244 789108 546045 789006 847486 451204 557842 789733 ,789108 546045 451204 789733 50435 471260 52743 676707 994265 451510 
108145 410948 887918 691171 380058 133129 810732 987397 76237 411032 ,108145 410948 887918 691171 380058 133129 810732 76237 411032 740678 
541628 772369 646249 539799 889736 374001 104144 443411 259144 104268 ,541628 646249 539799 889736 374001 104144 259144 104268 373956 799540 
337862 964003 441261 314545 369368 17650 441072 340838 313805 245183 ,337862 964003 441261 314545 369368 17650 441072 313805 245183 371924 
184360 567234 999260 595769 7054 354578 372188 675032 314369 315120 ,184360 567234 999260 595769 7054 354578 372188 675032 314369 315120 
344082 88292 412519 245605 205205 344456 62663 114373 968323 239935 ,344082 88292 412519 245605 205205 344456 62663 114373 968323 239935 
439149 483984 516203 355360 326021 880389 601317 437893 561054 124132 ,439149 483984 516203 355360 326021 880389 601317 437893 561054 124132 
897295 344348 339246 591176 324396 587667 339777 84975 756310 210368 ,897295 344348 339246 324396 587667 339777 756310 210368 916369 89963 
792780 791042 878062 14963 640877 886418 994402 639988 641644 640126 ,994402 641644 612427 15160 640570 471734 211986 851403 986651 885674 
80607 80008 80225 321587 80026 321637 79979 363592 80777 68702 ,80607 321637 363592 430454 79780 79655 663163 121930 80084 122061 
849934 849675 98484 687289 700130 631474 262845 111538 363134 142110 ,849934 849675 98484 687289 700130 631474 262845 111538 363134 193734 
699221 930721 357116 485579 10395 834207 930192 494328 598344 100929 ,699221 10395 834207 598344 100929 579293 752996 597934 58830 620966 
52365 319158 564975 779367 602051 799588 891693 814098 679483 799662 ,52365 319158 564975 779367 602051 799588 814098 679483 799662 670094 
505579 779053 255382 24495 297516 570336 935660 901037 908762 823209 ,779053 255382 24495 297516 570336 935660 908762 823209 16949 259388 
557235 52458 284938 556273 702666 414360 284338 54971 77746 51005 ,54729 56375 232127 85386 50816 52468 837093 114220 752632 831497 
753678 836559 918678 532411 575731 129950 451114 35791 736902 491261 ,753678 836559 918678 575731 129950 451114 35791 736902 491261 513494 
172381 683524 683279 362912 731794 581006 306620 242058 360516 801879 ,172381 683279 362912 731794 581006 306620 242058 360516 801879 326945 
902930 238747 606661 184516 76381 471627 981590 207003 784137 894483 ,902930 238747 606661 184516 76381 471627 981590 207003 784137 894483 
223582 226178 205119 269397 223506 315688 201021 265299 197591 276407 ,223582 226178 205119 269397 223506 315688 265299 201021 197591 276407 
5842 6708 76101 72420 707838 580180 72336 685009 920719 331196 ,5842 6708 76101 72420 707838 580180 72336 685009 920719 331196 
96506 285753 196981 100967 160760 11605 605168 18099 43776 812343 ,96506 285753 100967 160760 605168 18099 43776 411932 884107 867704 
452352 502627 459096 10600 412637 9372 382388 454087 690787 453642 ,502627 459096 412637 454087 690787 453642 60296 62748 753653 117460 
704828 706056 598899 122582 70969 457983 704077 173069 636735 639759 ,704828 706056 122582 70969 457983 704077 173069 636735 639759 124866 
949614 258039 949106 948929 818299 979597 949366 979277 840960 70159 ,949614 258039 949106 948929 818299 979597 949366 979277 840960 70159 
303903 84549 464954 236399 527682 87769 152427 452922 152574 248960 ,303903 84549 464954 236399 527682 87769 152427 452922 152574 248960 
336778 341288 89536 350468 124500 719517 60131 821941 84627 720753 ,336778 341288 89536 350468 124500 821941 84627 720753 719338 511357 
995430 799509 772243 995705 446152 666773 446132 885911 807808 445924 ,995430 799509 772243 995705 446152 666773 446132 885911 807808 445924 
905000 964436 112166 291193 111885 903536 222051 590988 981583 335174 ,905000 964436 112166 291193 111885 903536 222051 590988 981583 335174 
977024 646305 376518 420260 86437 749072 927692 663716 420112 568417 ,420260 749072 568417 415509 700424 461844 645648 631269 508628 557671 
749963 796011 219506 434160 523506 99278 528262 449225 435705 415787 ,749963 796011 219506 434160 523506 99278 528262 449225 435705 142425 
607100 196219 275035 207408 842263 110039 325344 366693 800956 61380 ,607100 196219 275035 207408 110039 696111 880657 800654 316971 860056 
487800 795157 351422 292159 94394 355138 528603 526581 497278 279727 ,487800 795157 351422 292159 94394 355138 528603 497278 279727 238050 
173858 17433 17055 877778 877092 18113 2647 697744 86920 12862 ,173858 17433 17055 877778 877092 18113 2647 697744 86920 12862 
204787 269065 185100 203584 267862 402376 290572 394913 721987 996028 ,269065 204787 185100 203584 267862 402376 290572 394913 996028 93322 
44042 443403 83468 77740 336751 363445 43941 429439 103418 103425 ,44042 443403 83468 77740 363445 43941 103418 103425 291907 278622 
23337 23087 968092 152641 152168 979255 829834 694771 989767 348639 ,23337 23087 968092 152641 152168 979255 829834 694771 989767 348639 
803291 800931 21890 68600 965132 689911 165995 706013 988823 177667 ,803291 800931 21890 68600 165995 706013 988823 177667 466912 196527 
245613 802732 243435 392151 803324 243719 195004 273820 194337 273153 ,245613 802732 243435 392151 803324 243719 195004 273820 273153 194337 
907698 908416 731306 71749 537874 537589 271021 428649 873330 329126 ,907698 908416 731306 71749 537874 537589 271021 428649 329126 120751 
130918 427553 446884 558858 826582 427766 445037 826332 827720 446119 ,130918 446884 558858 826582 427766 445037 826332 827720 446119 814173 
573003 573488 326300 339942 292639 250717 828461 929782 29847 824506 ,573003 326300 339942 292639 250717 828461 929782 29847 824506 836595 
535146 602281 580057 134713 235277 20847 577143 578160 516326 497440 ,535146 602281 580057 134713 235277 20847 577143 578160 516326 497440 
333372 232118 552428 977940 325008 70612 946248 501975 349253 307588 ,333372 232118 552428 977940 325008 70612 946248 501975 349253 307588 
269758 204350 268628 206841 271119 82410 75566 82880 651233 81760 ,268628 271119 82410 75566 82880 651233 81760 994701 112324 994731 
462742 750073 760357 463169 168505 390295 15467 395390 434087 127962 ,750073 760357 463169 390295 15467 395390 434087 127962 761497 386976 
640069 502913 687380 881289 879488 882589 725308 420945 178917 882277 ,879488 882589 420945 964584 473058 3551 640105 232766 120916 149534 
785032 602174 444295 637490 444642 443637 444362 609803 911118 787933 ,602174 637490 242274 997973 855874 445281 444580 776977 824636 814877 
832000 831832 759854 674631 759589 835708 757881 758043 673819 24307 ,832000 831832 759854 674631 759589 835708 757881 758043 673819 24307 
641176 640344 640025 640275 640463 639909 640695 642869 640537 642737 ,641176 640344 640025 640463 639909 640695 640537 642737 643946 643228 
820727 953186 820725 554857 906522 757970 554894 606210 820735 953214 ,554894 718577 820748 545196 714830 757667 638481 575978 418954 443280 
427567 567267 215832 417168 444032 427885 444480 444554 422758 567188 ,427567 567267 215832 417168 444032 427885 444480 444554 422758 567188 
851763 850847 417136 611203 818507 825783 826095 993309 838629 923944 ,851763 850847 417136 611203 818507 825783 826095 993309 838629 923944 
902268 589737 845855 846231 401074 557911 109514 728013 746104 400277 ,902268 589737 845855 846231 401074 557911 109514 728013 746104 400277 
749614 929156 241236 617876 583147 590951 929178 199095 277911 147391 ,749614 929156 241236 617876 583147 929178 199095 277911 147391 377769 
564732 247455 747456 745333 479537 421934 947636 328288 706161 735607 ,745333 479537 947636 328288 741551 345034 543381 308276 679055 995613 
207774 207650 870808 986724 776942 237171 227380 957896 619055 776634 ,207774 207650 986724 776942 237171 227380 957896 619055 776634 894474 
770986 705028 705814 706341 331213 819774 484061 844264 329593 705362 ,770986 705028 706341 331213 819774 844264 329593 705362 314466 337699 
622130 367783 835109 834247 767259 604363 603823 103636 927576 625589 ,622130 367783 835109 604363 603823 103636 927576 625589 569425 621885 
962339 248735 195923 274739 877082 248480 3353 670805 398205 96220 ,962339 248735 195923 274739 877082 248480 3353 670805 96220 841221 
518664 185915 44736 184837 304226 401531 779699 357182 238915 801156 ,518664 185915 44736 184837 304226 401531 779699 357182 238915 801156 
610765 611238 610649 191966 245659 796791 176003 533791 482262 597679 ,610765 611238 610649 191966 245659 176003 533791 482262 597679 506492 
413886 413875 710447 734497 782709 421097 488095 467292 743420 782930 ,413886 413875 710447 734497 782709 421097 488095 467292 743420 782930 
24985 305736 496730 699280 426527 20771 978391 68957 107753 497042 ,496730 699280 68957 107753 519769 278722 609727 982492 306120 363829 
636748 463051 152465 348691 694085 390406 750576 751259 89869 345185 ,636748 463051 152465 348691 694085 390406 750576 751259 345185 771508 
210563 608057 30540 122712 905499 442766 366400 443904 581295 607242 ,608057 122712 442766 581295 444543 714874 110134 832902 443840 994460 
703398 876962 546469 852240 969105 960709 994138 190996 546468 969106 ,703398 876962 546469 852240 969105 960709 994138 190996 546468 969106 
759551 759334 833117 673417 760253 567046 830256 567231 469407 833121 ,759551 759334 833117 673417 760253 567046 830256 567231 469407 833121 
128452 783068 185027 172728 58401 518144 155162 58469 31484 333409 ,128452 783068 185027 172728 58401 518144 155162 58469 31484 333409 
16601 468257 863424 79835 261263 468665 101291 432404 101313 846238 ,468257 863424 261263 468665 846238 503527 688673 688296 863571 756796 
628925 628402 628817 628481 377261 695553 402613 516097 249099 516315 ,628925 628402 628817 628481 377261 695553 402613 249099 516315 78463 
147562 894846 401279 830484 588020 714994 148242 588173 412788 718545 ,894846 401279 714968 762276 894231 763514 638304 638268 901227 714904 
238927 516554 508070 141065 121067 509772 99117 530282 514376 281882 ,238927 516554 141065 121067 509772 99117 530282 514376 281882 662763 
647295 517104 308659 838732 636534 976415 308782 202062 266340 76125 ,517104 308659 838732 636534 976415 308782 202062 266340 76125 600225 
672204 672331 672220 672473 672160 672218 672266 672508 672250 672234 ,672204 672331 672220 672473 672160 672218 672266 672508 672250 672234 
966593 963780 881222 189679 154320 189831 963386 250588 456938 500052 ,966593 963780 881222 189679 154320 189831 250588 456938 206722 271000 
297055 177574 824791 498998 645648 814697 282501 814569 409060 490781 ,297055 177574 824791 498998 645648 814697 282501 814569 409060 490781 
849097 878371 50038 885780 706745 886540 868301 690421 416760 58002 ,878371 886540 416760 867844 948349 560866 191001 899252 885666 269539 
297275 298296 231914 299516 165211 544297 103394 378916 174868 408066 ,297275 298296 231914 299516 165211 544297 103394 378916 174868 408066 
769603 955228 840164 621218 540519 824314 893253 726898 765537 842072 ,676459 824466 999491 812028 192048 191404 417494 937475 668451 812334 
921560 667790 919739 644748 920566 911320 58102 920115 201377 265655 ,921560 667790 919739 644748 920566 911320 58102 920115 201377 265655 
491713 929155 490304 391100 390647 182877 461524 681481 520431 842930 ,391100 842930 13497 774692 61507 462844 596446 844702 564153 838623 
135381 957974 910690 646605 226195 555502 647147 841049 387943 207253 ,957974 910690 646605 226195 555502 647147 841049 387943 207253 194016 
363624 293876 292100 510772 534811 589707 532645 702968 964834 384673 ,363624 293876 292100 510772 534811 532645 964834 384673 363575 607057 
842288 961406 416997 933689 519903 597955 907694 868750 899736 873616 ,961406 416997 933689 597955 907694 868750 899736 873616 935023 223252 
924316 925550 609736 785288 799531 910915 329532 609749 609752 892678 ,924316 925550 609736 785288 799531 910915 329532 609749 609752 892678 
544608 759047 462815 922855 304206 335349 271625 363089 36319 483014 ,544608 759047 462815 922855 304206 335349 271625 363089 36319 483014 
383050 863956 644468 976411 166006 165416 603800 927014 166953 952843 ,383050 863956 644468 976411 166006 165416 603800 927014 166953 952843 
578645 640826 642064 463344 476815 602112 897115 38774 847266 57156 ,578645 640826 642064 463344 476815 602112 897115 38774 847266 783412 
849144 420599 251213 964222 705034 236317 924569 765362 721062 821495 ,849144 420599 251213 964222 705034 236317 924569 765362 721062 821495 
665463 489727 98136 63211 183620 240252 793366 439639 332480 552984 ,665463 489727 98136 63211 183620 240252 793366 439639 332480 552984 
938221 988297 483043 889632 577201 223466 618262 490785 487998 444524 ,938221 783256 224494 3283 59634 214743 834705 70996 413943 669949 
790439 915536 145587 198252 277068 212682 396298 94194 935591 209845 ,790439 915536 145587 277068 396298 94194 935591 209845 12825 805568 
328925 436563 482883 379666 135689 154169 149113 258695 574839 9965 ,436563 482883 379666 154169 258695 574839 912207 215348 800119 382823 
79902 80395 79645 321485 79657 55997 130936 80587 121967 130747 ,79902 80395 79645 321485 79657 55997 130936 80587 121967 130747 
719246 437150 529246 511522 498095 694054 741047 433953 772408 716805 ,719246 437150 529246 511522 498095 694054 741047 433953 772408 716805 
363366 514159 291891 89660 511323 91916 284186 323533 663158 255559 ,363366 514159 291891 89660 511323 91916 284186 323533 663158 157080 
817931 663704 818687 818395 612362 818953 347500 819689 673114 349648 ,663704 818687 818395 612362 818953 347500 819689 673114 663698 800823 
490557 85308 705475 406622 930 406493 486258 467207 980479 942760 ,490557 85308 406622 930 406493 486258 467207 980479 942760 659854 
859605 220212 477384 673223 807478 951746 310864 361834 406615 733526 ,859605 220212 477384 673223 807478 310864 361834 406615 733526 767569 
280046 124935 109122 280459 176665 636836 107345 82812 82542 487832 ,280046 124935 109122 280459 176665 636836 107345 82542 487832 524882 
625809 622535 631403 959504 605511 959998 970279 261090 961793 960243 ,625809 622535 631403 959504 605511 959998 970279 261090 961793 960243 
714510 286995 588924 496034 715270 349718 508996 101036 44666 391419 ,714510 286995 588924 715270 349718 508996 101036 44666 391419 177794 
999414 328745 124232 546420 108060 639811 287183 95326 487406 515666 ,999414 328745 124232 546420 108060 639811 287183 95326 487406 515666 
825548 446795 443979 23556 444268 443584 639936 444087 444007 911010 ,825548 446795 443979 23556 444268 443584 639936 444087 444007 911010 
869008 945561 719658 220642 895064 921358 448409 858107 200884 265162 ,869008 945561 719658 220642 895064 921358 448409 858107 265162 200884 
533646 232656 460415 823744 522636 469418 635685 540813 80609 130151 ,460415 823744 635685 540813 987816 87382 291221 918439 514740 77472 
982368 15990 796349 596999 352931 795594 155716 353064 980683 157067 ,982368 15990 796349 596999 352931 795594 155716 353064 980683 157067 
568939 816924 161646 714032 255601 255315 796514 392015 816542 801581 ,816924 714032 255601 255315 796514 392015 816542 801581 567511 191131 
709331 813117 812067 344975 358998 804967 143289 709000 251832 24366 ,344975 358998 804967 24366 357052 764572 251884 709216 734342 951828 
720763 96676 662678 987495 197656 276472 277424 66325 942674 453664 ,720763 96676 662678 987495 276472 197656 277424 66325 453664 178932 
79979 94749 80397 80008 124681 121964 637345 481559 566260 80026 ,79979 94749 80008 124681 121964 637345 481559 566260 80026 79584 
49797 881068 662500 552574 671610 849836 553310 260655 996776 770673 ,49797 662500 552574 671610 849836 996776 410337 929278 929620 997101 
860691 323149 236575 499166 498629 17783 17532 899554 327476 428964 ,860691 323149 236575 499166 498629 17783 17532 899554 327476 428964 
828070 828649 581519 262815 835841 228212 370183 957354 200439 264717 ,828070 828649 581519 262815 835841 228212 370183 957354 200439 264717 
693836 245626 498621 208263 282227 48704 198081 276897 74014 695075 ,693836 245626 498621 208263 282227 48704 276897 198081 695075 616138 
23474 602375 353756 272668 471373 489887 23486 804012 365485 487251 ,23474 602375 353756 272668 471373 23486 804012 365485 487251 524747 
314062 634149 93055 383224 150753 394562 396165 583307 515692 513289 ,150753 796790 960096 63400 237178 727276 90190 73702 525456 845360 
246261 378013 527419 310748 317021 15606 593813 13572 704293 368741 ,246261 378013 527419 317021 15606 593813 13572 704293 368741 302926 
134891 457113 251139 921226 230548 921048 514550 52382 43286 514453 ,134891 457113 251139 921226 230548 921048 514550 52382 43286 514453 
757411 898060 725574 886474 952576 957786 571210 507959 721423 884097 ,757411 898060 725574 886474 952576 957786 571210 507959 721423 884097 
712644 834217 875040 399780 483769 176851 834354 546300 243153 609468 ,712644 834217 875040 399780 176851 834354 546300 243153 609468 78566 
109346 234122 535747 586094 393659 707046 587270 793241 585736 584750 ,109346 234122 535747 586094 393659 707046 587270 793241 585736 584750 
462889 904729 531216 472976 490093 248556 346203 447836 912963 901673 ,462889 904729 531216 472976 490093 248556 346203 447836 912963 901673 
73056 299709 117780 488118 460742 481457 397232 433742 192870 823258 ,73056 299709 117780 460742 481457 397232 433742 192870 823258 930732 
8082 8782 368453 637319 753679 155524 369366 305493 127698 85903 ,8082 8782 368453 637319 753679 155524 369366 305493 127698 85903 
232848 321574 86530 495956 529410 517225 494857 61056 233299 499098 ,232848 321574 86530 495956 529410 517225 494857 61056 233299 499098 
579263 378772 433603 852805 52434 729303 442929 547337 378181 378748 ,378181 378748 797883 689308 56625 10879 41023 340337 783018 2892 
644125 644940 668025 644024 642386 983931 515841 667918 645004 983499 ,644125 644940 668025 644024 642386 983931 515841 667918 983499 753017 
540491 770150 189275 34055 809609 903621 41592 902987 99467 41250 ,540491 770150 189275 34055 809609 903621 41592 902987 99467 41250 
755418 51507 685305 511053 799586 649409 744777 280852 302639 610680 ,755418 685305 511053 799586 649409 744777 280852 302639 610680 362240 
932187 313867 679690 16958 989334 251597 311150 256226 702909 928313 ,989334 359981 622303 249479 496033 703864 860744 689969 823118 542183 
403592 112913 662266 156705 300677 598083 13383 532889 482316 399238 ,662266 156705 598083 482316 155698 940996 513449 275695 62755 864010 
120210 218377 324333 194189 273005 267648 890258 821033 100947 535056 ,120210 218377 273005 194189 267648 890258 100947 535056 336450 141798 
544739 547884 464954 465039 496766 464949 730884 9208 497288 68687 ,547884 464954 465039 496766 464949 730884 9208 497288 68687 815878 
535614 174111 390959 383350 88964 697543 559336 535772 35901 707835 ,535614 174111 390959 383350 88964 697543 559336 535772 35901 707835 
54884 776150 775399 841598 527293 225213 774109 945333 333780 464711 ,54884 841598 527293 225213 945333 464711 882073 929452 964489 241332 
737213 427241 439770 283346 92472 733880 457632 89329 433459 287989 ,737213 427241 92472 72713 246856 258721 287469 131793 342333 930521 
251802 251735 332823 450050 332913 949335 564635 833857 904067 346423 ,251735 332823 450050 332913 564635 833857 904067 346423 293775 950054 
623128 133870 342676 344647 418564 343901 865608 698178 622047 166168 ,133870 342676 418564 865608 622047 179701 317169 182533 961255 395674 
24185 262029 784848 58748 30116 337011 306845 640173 262016 363403 ,24185 262029 784848 58748 30116 337011 306845 640173 262016 363403 
931792 429138 741660 964193 500572 504285 520486 508277 968508 385772 ,931792 429138 741660 964193 500572 504285 520486 508277 968508 385772 
8894 227733 280838 711937 351328 215822 280264 807936 80632 694093 ,8894 227733 280838 711937 215822 280264 807936 80632 694093 459759 
205098 612442 984369 404271 841917 983831 421209 388950 857028 42663 ,984369 645922 720227 869179 783815 387260 78371 175441 995089 803168 
503092 179406 385523 888210 233062 932639 888529 596978 347296 706031 ,503092 179406 385523 888210 233062 932639 888529 596978 706031 161796 
932797 208380 553854 268116 208402 174955 823713 525372 94365 214485 ,932797 208380 553854 268116 208402 174955 94365 214485 808865 521036 
40732 48575 236754 939234 25696 832825 205031 269309 295635 135649 ,40732 48575 236754 939234 25696 832825 205031 269309 295635 135649 
615958 822348 535037 822276 710157 541837 475333 824904 537925 921168 ,822348 535037 822276 710157 541837 475333 824904 537925 921168 207201 
937721 594610 557926 197830 942841 622206 504011 195934 274750 300055 ,937721 557926 197830 195934 300055 699391 505251 123290 227068 275213 
30252 525805 569078 958115 31912 525889 30433 426955 32700 68964 ,30252 525805 569078 958115 31912 525889 30433 32700 68964 774 
317032 332816 944069 492172 491190 966852 127656 987325 964024 86560 ,317032 332816 492172 491190 966852 127656 987325 964024 86560 393839 
174584 492535 68691 749739 402872 842171 797777 284128 749721 380641 ,174584 492535 68691 749739 402872 842171 797777 284128 749721 380641 
429234 936612 760725 452377 788898 606450 365964 82816 888535 901252 ,429234 936612 452377 788898 606450 365964 82816 888535 901252 81955 
442246 687906 494145 493602 341486 459519 356481 934509 86656 358621 ,442246 687906 494145 493602 341486 356481 934509 86656 358621 100061 
186391 186514 958076 446235 447264 220927 186341 211638 221347 666674 ,186391 186514 958076 446235 447264 220927 186341 211638 221347 666674 
420755 658832 659105 549961 18096 184880 931243 242619 515944 185607 ,420755 658832 659105 549961 18096 184880 931243 242619 515944 185607 
849577 820615 820901 642139 820720 904062 820781 640589 989971 891864 ,849577 820615 820901 642139 820720 904062 820781 640589 989971 891864 
126462 843038 185885 656727 888570 130203 82772 965663 395178 83764 ,126462 843038 185885 656727 888570 82772 965663 395178 469734 749553 
436035 435682 845288 535480 591864 535586 549081 551943 771311 107699 ,845288 535480 591864 535586 771311 771026 282095 93217 91659 804883 
804072 278806 337671 367163 340560 820127 350382 280009 472241 961273 ,804072 278806 337671 367163 340560 820127 350382 280009 472241 961273 
465830 636280 635796 81118 349797 21884 636070 465700 636714 394447 ,465830 636280 635796 81118 349797 21884 636070 465700 636714 394447 
480751 890134 625230 713166 40952 485711 450179 785925 726472 880439 ,480751 890134 625230 713166 40952 485711 450179 726472 880439 537215 
351731 170938 408392 365118 293939 70274 346142 658157 432980 688975 ,351731 170938 365118 293939 70274 346142 658157 432980 688975 291791 
943319 178033 470468 433178 785753 116467 941809 79546 941525 433877 ,178033 433178 785753 116467 941809 79546 423732 483715 284673 953531 
186235 186234 186248 935592 393411 381479 626997 989233 980542 124337 ,186235 186234 186248 935592 393411 381479 626997 989233 980542 124337 
476804 495906 840548 225787 141742 918832 535943 258554 58051 840585 ,476804 495906 840548 225787 141742 918832 535943 258554 58051 840585 
59612 852081 60071 852457 16036 15801 516184 885608 13799 222455 ,59612 852081 60071 852457 16036 15801 516184 885608 13799 222455 
823808 539172 540775 772081 21426 258061 945390 548227 785868 181244 ,823808 539172 540775 772081 21426 258061 945390 548227 785868 181244 
635193 357654 835002 881281 635169 671267 533668 55351 595628 635377 ,835002 881281 635169 671267 533668 55351 595628 635377 882922 219660 
251311 187700 187735 917369 851720 515343 48293 332012 125930 801994 ,251311 187735 917369 515343 801994 891478 373655 802061 563456 851919 
734903 996465 76453 37048 484511 488552 121622 505931 469236 697514 ,734903 996465 76453 484511 488552 121622 505931 469236 697514 817529 
920381 309400 987885 694531 228018 14209 472786 286929 985255 100074 ,920381 309400 987885 694531 228018 14209 472786 286929 985255 100074 
235 440434 341648 196 914289 841184 869446 61438 340268 385891 ,235 440434 341648 196 914289 385891 670883 465361 180430 345228 
73250 898220 71356 340263 84824 774389 84156 695570 79114 380679 ,73250 84156 267988 487056 266759 82534 643766 514936 520958 635388 
678540 715413 122672 718921 613382 280540 948012 106067 227469 471151 ,678540 715413 122672 718921 613382 280540 948012 106067 227469 471151 
207692 564678 724098 542272 899048 896164 222442 254395 542250 855463 ,724098 899048 222442 254395 855463 868528 158226 542303 223034 862370 
47264 688207 687904 66132 713398 823206 886789 736634 56729 476977 ,47264 688207 687904 66132 713398 823206 886789 736634 476977 67668 
475981 712955 804039 475838 474933 400954 678781 474823 169952 9769 ,475981 712955 804039 475838 474933 678781 474823 169952 9769 105076 
424398 456933 838207 456482 655531 103491 648688 655977 504911 297233 ,424398 456933 838207 456482 655531 103491 648688 655977 504911 297233 
862261 868889 870174 870976 544161 894970 9779 917336 459780 705603 ,862261 868889 870174 544161 894970 9779 917336 459780 705603 484237 
399160 537677 402690 454407 538328 255806 6637 609539 255430 536528 ,609539 890066 604170 708125 281080 455096 404303 477129 374763 258750 
596708 844770 976409 624504 454140 973006 857363 146711 688172 212706 ,454140 973006 212706 247813 179791 121823 393374 856147 710650 319472 
281048 329051 905616 297618 754461 854202 792646 854532 40786 213039 ,297618 754461 854532 40786 907103 336702 413952 556623 710088 494141 
174301 803263 536567 678340 678752 988632 397108 393375 528323 72977 ,678340 397108 528323 564065 303704 797107 907410 225772 327821 243646 
378850 404252 879607 917930 439074 515558 399017 402696 429066 557964 ,378850 404252 879607 917930 439074 515558 399017 402696 429066 557964 
478463 604273 929411 13579 478356 563940 669845 738329 842145 560809 ,478463 929411 13579 478356 563940 669845 738329 842145 560809 947803 
937769 935695 718495 812685 715081 74849 245603 308231 780438 741914 ,718495 812685 74849 245603 308231 780438 741914 87308 183465 161367 
395293 857056 333476 833407 298464 778994 861054 80666 496128 155059 ,395293 857056 298464 778994 861054 80666 155059 979367 506588 92483 
340740 340113 8253 978451 84413 572089 49602 390800 592628 891800 ,8253 978451 990253 783320 737298 86817 76269 501242 807916 406633 
917134 917563 171369 844131 834538 110167 918003 223522 109193 879760 ,917134 917563 171369 844131 834538 110167 918003 223522 109193 879760 
421416 424061 569452 655434 905523 654915 824545 826685 657927 656650 ,421416 424061 569452 655434 905523 654915 826685 657927 656650 536792 
186590 114878 875728 887424 836601 960086 886831 253138 937494 307250 ,186590 114878 875728 887424 836601 960086 886831 253138 937494 307250 
420949 82514 990246 60235 631078 518950 961241 747056 846772 306598 ,82514 990246 60235 631078 518950 961241 747056 846772 306598 739246 
20258 794065 196156 274972 14728 13606 685468 14846 854243 276359 ,20258 794065 196156 14728 685468 14846 854243 276359 750482 395094 
134312 135139 338525 841170 337900 231921 230589 751874 978181 978550 ,134312 135139 338525 841170 337900 231921 230589 751874 978181 978550 
7267 391904 518787 259792 854950 30670 788354 659811 351789 9046 ,7267 391904 518787 259792 854950 30670 788354 659811 351789 9046 
947168 885657 633360 886809 911100 635637 881051 947166 830315 918984 ,947168 885657 633360 886809 911100 635637 881051 947166 830315 918984 
84927 896545 945272 363164 222687 923250 920895 776097 801243 484613 ,84927 945272 222687 923250 920895 801243 484613 318438 688762 975599 
303543 598122 199311 705345 917111 60601 704345 485201 987089 692705 ,303543 598122 199311 705345 917111 60601 704345 485201 987089 692705 
169601 724993 97290 724821 884535 528960 639709 921026 237072 97415 ,169601 724993 97290 724821 884535 528960 639709 921026 237072 97415 
405225 488558 722745 329757 503530 747146 154554 161993 154748 332762 ,405225 488558 722745 329757 503530 747146 154554 161993 154748 332762 
88798 601875 123193 901979 618358 627882 77248 379035 380724 123624 ,88798 601875 123193 901979 627882 77248 379035 380724 123624 4818 
965423 903651 597775 548085 306817 30394 118865 548630 721679 801782 ,965423 597775 548085 306817 30394 118865 548630 721679 801782 112144 
201504 265782 874479 552454 600267 221546 739724 745246 741500 807975 ,201504 265782 874479 552454 600267 221546 739724 745246 741500 807975 
15144 735989 123402 843644 735792 196077 274893 811170 822998 98898 ,735989 196077 274893 811170 822998 702927 797225 844377 690765 128532 
932542 238677 200851 265129 200869 265147 251744 364182 363872 574702 ,238677 200869 251744 429681 623259 519512 177097 534672 417026 101427 
672793 553571 653994 673095 768268 676855 686013 675053 7177 447462 ,672793 553571 768268 676855 447462 654065 39112 768201 735510 42232 
609702 614906 814655 614941 444269 446128 825547 646965 647569 648639 ,609702 614906 814655 614941 444269 446128 825547 646965 647569 648639 
648738 649830 647208 648169 646894 647438 650784 648367 648534 648052 ,648738 649830 647208 648169 646894 647438 650784 648367 648534 648052 
386955 167892 515114 948186 468510 254640 843280 254362 587919 72603 ,386955 167892 515114 948186 468510 254640 843280 254362 72603 753442 
648803 649020 770798 141905 191240 826805 858820 191228 44590 44638 ,649020 770798 141905 191240 858820 191228 44590 44638 409739 199307 
456921 186141 513928 968580 184943 593801 598894 74093 748571 496358 ,456921 186141 513928 968580 593801 598894 748571 496358 802220 330703 
12956 887619 588580 867837 554988 15038 670130 14657 12885 68959 ,12956 887619 588580 867837 554988 15038 670130 14657 68959 917005 
645747 645797 646050 647449 645748 645771 645798 646230 646409 646411 ,645747 645797 646050 647449 645748 645771 645798 646230 646409 646411 
806875 678356 422078 482614 201863 465092 465143 202390 266668 335498 ,806875 678356 482614 201863 465092 465143 202390 266668 335498 170295 
592474 590724 153994 380516 95802 358645 241256 812395 590452 982592 ,592474 590724 153994 380516 95802 358645 241256 812395 590452 481597 
808421 808645 514193 80376 98971 929619 79948 81399 633086 518656 ,808421 808645 514193 80376 98971 929619 79948 81399 633086 518656 
510423 367606 510545 17282 181502 467354 753232 386076 345914 543994 ,510423 367606 17282 753232 386076 345914 543994 126028 727970 105884 
650805 697723 793163 490202 187164 650688 489727 926477 558165 514939 ,650805 697723 793163 490202 187164 650688 489727 926477 558165 514939 
179514 367596 724950 180260 546975 603697 911503 646011 546848 700593 ,179514 367596 724950 180260 546975 603697 911503 646011 546848 995916 
525756 156534 983060 525647 366822 93551 591268 976902 464651 400236 ,525756 156534 525647 366822 93551 591268 976902 400236 513082 125528 
312277 873352 148343 181207 288414 229442 494479 467749 633833 806701 ,312277 288414 467749 966907 194752 224987 382837 275011 900442 906211 
327606 275193 327895 724095 69421 432609 750537 534499 603447 368984 ,327606 275193 724095 69421 432609 750537 534499 368984 778428 13189 
975871 327036 608704 195962 274778 174482 495448 860838 515529 515528 ,975871 327036 608704 195962 274778 174482 495448 860838 515529 515528 
831938 831638 758919 374265 638360 830499 777651 830519 777775 759649 ,831938 831638 758919 374265 638360 830499 777651 830519 777775 759649 
978569 973502 978058 978172 101103 973679 58830 823220 208036 395889 ,978569 978172 823220 208036 841417 916131 834867 203739 268017 141637 
466757 938463 397054 66075 597652 467195 411609 466860 67749 533997 ,466757 938463 397054 66075 597652 467195 411609 466860 67749 533997 
480533 382423 480570 209774 900184 457751 911285 287865 178075 195348 ,480533 209774 900184 457751 911285 178075 274164 195348 457368 899678 
101784 101619 186085 203915 268193 468941 501851 670834 620828 382156 ,186085 268193 203915 501851 468941 670834 382156 384439 951330 107858 
643979 7486 539963 6804 996577 207068 207063 521057 181186 712615 ,643979 539963 6804 996577 181186 712615 38088 716189 99850 657663 
75614 680253 846367 848710 861246 321391 753035 68257 689636 877169 ,75614 680253 846367 848710 753035 68257 689636 877169 875353 689515 
639955 639950 603710 600740 604309 453114 373317 899674 570109 562580 ,639955 603710 600740 604309 373317 899674 570109 452982 211528 750922 
640448 37561 890966 709278 734807 569621 709215 847239 4847 634954 ,734807 569621 709215 932501 719304 911884 775046 890217 605928 634573 
367555 237119 699829 862827 664336 453205 889669 452844 194574 273390 ,237119 862827 889669 452844 194574 367382 686917 747983 272674 702769 
999553 849558 848205 999383 809552 859027 871619 996618 584852 873058 ,999553 848205 999383 809552 859027 871619 996618 584852 873058 975632 
390776 563997 923810 564008 13183 564079 725107 670225 878854 518898 ,390776 923810 564008 13183 564079 725107 670225 878854 518898 857201 
546768 191023 960673 960657 960660 190997 955991 546471 960710 969195 ,960673 191116 969197 833105 919490 444859 681908 960692 970798 190729 
86323 437633 985229 500488 467177 570478 968910 968679 495352 552427 ,86323 437633 985229 500488 467177 570478 968910 968679 495352 552427 
809425 518202 513844 740738 193124 271940 296014 679423 42450 141576 ,809425 740738 42450 141576 57557 613986 517354 389321 635120 756356 
292304 899856 321838 775695 652656 715080 160673 685973 805024 718047 ,292304 899856 321838 775695 652656 715080 160673 685973 805024 718047 
570698 835241 826370 336329 25601 678611 34838 589391 976360 775970 ,570698 835241 826370 336329 25601 678611 34838 589391 976360 775970 
570632 479623 391996 694034 839024 547144 388469 914250 762383 38661 ,570632 479623 391996 694034 839024 547144 388469 914250 762383 38661 
642150 640230 640524 640649 640045 640123 640132 641961 453440 640925 ,640230 640524 640649 640045 640123 640132 641961 453440 640925 639999 
402666 467045 200039 306416 387379 757256 929998 481585 769679 746781 ,402666 467045 200039 306416 387379 757256 929998 481585 769679 746781 
259010 83371 801317 98372 217490 518710 289606 44279 127314 83097 ,259010 83371 801317 98372 217490 518710 289606 127314 83097 663551 
465301 465214 465130 378586 404125 784167 378580 480881 481945 210118 ,465301 465214 465130 378586 404125 784167 378580 210118 466297 878135 
426883 426756 10021 525190 910741 514206 9899 353320 468178 770595 ,426883 426756 10021 525190 910741 514206 9899 353320 468178 770595 
843831 914434 898970 358012 713433 829854 341527 341339 356459 259849 ,843831 914434 898970 358012 713433 829854 341527 341339 356459 259849 
261832 83940 689906 514377 964869 787842 517779 305870 631876 372088 ,261832 83940 689906 514377 964869 787842 517779 631876 372088 627854 
45807 472107 987848 854157 368721 547116 298120 304106 747526 972028 ,45807 472107 987848 854157 368721 547116 298120 304106 747526 477582 
989274 911917 629304 771609 14215 798986 14029 911532 721487 894077 ,989274 911917 629304 771609 14215 798986 14029 911532 721487 894077 
441360 770768 520953 74037 501449 99338 538412 770762 616496 38801 ,441360 770768 520953 74037 501449 99338 538412 770762 616496 38801 
405843 338278 840705 806171 953344 750450 840545 751609 317189 405918 ,405843 338278 840705 806171 953344 750450 840545 751609 405918 600027 
