GT,Result
351913 268709 742221 951344 745558 8410 527672 168273 139312 391254 ,351913 268709 742221 951344 745558 8410 527672 168273 139312 391254 
377580 30245 85827 149334 380655 125260 627330 533817 7834 481267 ,377580 30245 85827 149334 380655 125260 627330 533817 7834 481267 
57074 890755 770844 50318 520877 32352 127837 821116 344591 2611 ,57074 890755 770844 50318 520877 32352 127837 821116 344591 2611 
9791 45976 608670 370357 576153 11581 478628 204361 842271 288604 ,9791 45976 608670 370357 576153 11581 478628 204361 842271 288604 
531690 848871 854911 588387 218013 803626 654661 955938 297636 926940 ,531690 848871 854911 588387 218013 803626 654661 955938 297636 926940 
96003 714280 229136 747238 944559 357730 924684 256404 7218 714809 ,96003 714280 229136 747238 944559 357730 924684 256404 7218 714809 
736763 882272 146260 97230 978846 834734 186545 89419 142874 898584 ,736763 882272 146260 97230 978846 834734 186545 89419 142874 898584 
336859 744886 334780 332869 315308 993716 324711 216541 778913 187388 ,336859 744886 334780 332869 315308 993716 324711 216541 778913 187388 
551947 3291 563165 4450 846515 719587 485024 318800 617565 202327 ,551947 3291 563165 4450 846515 719587 485024 318800 617565 202327 
60193 332869 385864 389930 281003 772195 567359 329385 162516 204546 ,60193 332869 385864 389930 281003 772195 567359 329385 162516 204546 
70080 46330 348607 429991 554870 435956 364259 2725 427990 601368 ,70080 46330 348607 429991 554870 435956 364259 2725 427990 601368 
904498 225129 831242 773061 96744 781345 719715 410567 48760 404247 ,904498 225129 831242 773061 96744 781345 719715 410567 48760 404247 
486127 871325 904876 804732 890416 853925 692791 125260 993345 413755 ,486127 871325 904876 804732 890416 853925 692791 125260 993345 413755 
710560 944042 839077 865567 31986 3589 510795 927714 658658 204402 ,710560 944042 839077 865567 31986 3589 510795 927714 658658 204402 
843822 424957 980202 997767 208930 257886 304112 652194 663840 219082 ,843822 424957 980202 997767 208930 257886 304112 652194 663840 219082 
723670 340849 420438 522414 332869 357730 256404 497571 432406 483155 ,723670 340849 420438 522414 332869 357730 256404 497571 432406 483155 
851510 531690 862967 843410 59455 2676 346447 911396 238219 219386 ,851510 531690 862967 843410 59455 2676 346447 911396 238219 219386 
729289 498876 224651 503698 509335 17140 166984 252364 869108 726954 ,729289 498876 224651 503698 509335 17140 166984 252364 869108 726954 
538689 728292 895459 958196 411842 500558 153872 45469 88185 726239 ,538689 728292 895459 958196 411842 500558 153872 45469 88185 726239 
291972 437003 11 167994 30245 30102 788491 293725 92279 518414 ,291972 437003 11 167994 30245 30102 788491 293725 92279 518414 
291972 167994 11 437003 30245 293725 518414 30102 788491 549165 ,291972 167994 11 437003 30245 293725 518414 30102 788491 549165 
622628 860729 448139 829853 374891 969198 377098 65287 349504 232776 ,622628 860729 448139 829853 374891 969198 377098 65287 349504 232776 
576153 534379 289288 370357 478628 9791 45976 699830 310003 68111 ,576153 534379 289288 370357 478628 9791 45976 699830 310003 68111 
267829 30466 683822 208461 159032 915316 689949 949517 617177 560736 ,267829 30466 683822 208461 159032 915316 689949 949517 617177 560736 
850398 535070 552266 367417 494354 576236 610061 678918 897731 521504 ,850398 535070 552266 367417 494354 576236 610061 678918 897731 521504 
398208 185872 764138 666810 212429 495962 573929 472329 589366 475629 ,398208 185872 764138 666810 212429 495962 573929 472329 589366 475629 
554870 911677 716670 305031 294597 469759 37168 203869 230524 698478 ,554870 911677 716670 305031 294597 469759 37168 203869 230524 698478 
988587 12247 244168 630351 540129 408339 304112 808978 531690 972167 ,988587 12247 244168 630351 540129 408339 304112 808978 531690 972167 
268264 627990 829683 966233 856877 380232 40609 301575 493229 49731 ,268264 627990 829683 966233 856877 380232 40609 301575 493229 49731 
486809 3186 198529 858603 49013 184589 770844 239556 190633 297805 ,486809 3186 198529 858603 49013 184589 770844 239556 190633 297805 
843822 424957 997767 879734 200671 19689 208930 471778 219082 499566 ,843822 424957 997767 879734 200671 19689 208930 471778 219082 499566 
8828 5078 812679 793722 176653 251692 488761 824226 254928 901454 ,8828 5078 812679 793722 176653 251692 488761 824226 254928 901454 
949715 783671 6382 16551 635099 798633 128601 946303 903273 244031 ,949715 783671 6382 16551 635099 798633 128601 946303 903273 244031 
741001 479709 664567 67119 717096 386729 494354 586941 456709 766272 ,741001 479709 664567 67119 717096 386729 494354 586941 456709 766272 
671584 531364 597526 254928 489744 933947 8828 910811 213274 805230 ,671584 531364 597526 254928 489744 933947 8828 910811 213274 805230 
113179 848871 531690 44418 854911 619999 913339 644849 501112 362197 ,113179 848871 531690 44418 854911 619999 913339 644849 501112 362197 
546885 790447 376049 80957 177706 228378 210214 966787 325208 196798 ,546885 790447 376049 80957 177706 228378 210214 966787 325208 196798 
518278 500558 12992 939592 667619 538689 77171 88185 153872 958196 ,518278 500558 12992 939592 667619 538689 77171 88185 153872 958196 
890416 624721 339685 191065 4138 904876 882714 674560 509335 285024 ,890416 624721 339685 191065 4138 904876 882714 674560 509335 285024 
978892 816678 640844 783183 377970 854812 960991 119170 139312 939592 ,978892 816678 640844 783183 377970 854812 960991 119170 139312 939592 
408177 748442 30791 908041 489367 789575 309342 73116 555486 554278 ,408177 748442 30791 908041 489367 789575 309342 73116 555486 554278 
69767 734684 698478 575645 722013 170361 293343 727024 293269 747421 ,69767 734684 698478 575645 722013 170361 293343 727024 293269 747421 
91156 162431 495333 576236 49472 5872 426464 169942 270882 376017 ,91156 162431 495333 576236 49472 5872 426464 169942 270882 376017 
573015 32953 19912 260770 323371 501108 712709 115436 4473 742221 ,573015 32953 19912 260770 323371 501108 712709 115436 4473 742221 
834734 609848 100496 175483 197135 58974 97230 467326 978846 89419 ,834734 609848 100496 175483 197135 58974 97230 467326 978846 89419 
773853 915141 193737 964308 770378 864405 616509 636826 824226 979573 ,773853 915141 193737 964308 770378 864405 616509 636826 824226 979573 
649608 842402 880610 383228 867652 862967 782645 239556 806195 349019 ,649608 842402 880610 383228 867652 862967 782645 239556 806195 349019 
236907 822117 726378 883321 61303 1808 741747 524825 467931 97230 ,236907 822117 726378 883321 61303 1808 741747 524825 467931 97230 
952004 267829 401320 175569 987455 698478 941368 305031 504569 364312 ,952004 267829 401320 175569 987455 698478 941368 305031 504569 364312 
634156 578051 307046 831145 106461 432514 527961 328795 548549 289551 ,634156 578051 307046 831145 106461 432514 527961 328795 548549 289551 
883984 720801 520781 473305 269397 582 714954 17073 29294 968957 ,883984 720801 520781 473305 269397 582 714954 17073 29294 968957 
699033 616326 449303 5112 513843 431019 987837 886198 788491 10497 ,699033 616326 449303 5112 513843 431019 987837 886198 788491 10497 
352717 337400 627915 470889 768108 41287 670115 513843 536312 72746 ,352717 337400 627915 470889 768108 41287 670115 513843 536312 72746 
521126 540052 863334 792945 803747 251462 641696 83835 705453 823389 ,521126 540052 863334 792945 803747 251462 641696 83835 705453 823389 
734521 208905 959551 370847 413755 646045 343295 829480 352124 114729 ,734521 208905 959551 370847 413755 646045 343295 829480 352124 114729 
881863 992212 394089 749959 425483 450451 842376 686794 588387 96492 ,881863 992212 394089 749959 425483 450451 842376 686794 588387 96492 
641661 682166 628556 786639 105782 8540 576153 753129 490641 97130 ,641661 682166 628556 786639 105782 8540 576153 753129 490641 97130 
454753 508217 243021 188714 268245 128847 520434 853925 956128 500558 ,454753 508217 243021 188714 268245 128847 520434 853925 956128 500558 
531690 241903 450451 332247 220677 361119 43808 890885 854526 591380 ,531690 241903 450451 332247 220677 361119 43808 890885 854526 591380 
392297 797239 411391 258006 380655 433254 280511 196302 464591 107713 ,392297 797239 411391 258006 380655 433254 280511 196302 464591 107713 
661486 467931 232811 876684 382418 736586 621581 915316 282336 789357 ,661486 467931 232811 876684 382418 736586 621581 915316 282336 789357 
26214 933947 16722 723765 896156 8828 490840 562168 631722 1550 ,26214 933947 16722 723765 896156 8828 490840 562168 631722 1550 
340083 500558 844517 128847 249 689507 106335 313482 206816 665276 ,340083 500558 844517 128847 249 689507 106335 313482 206816 665276 
232776 189684 36090 583362 102354 340479 349504 711591 478095 127522 ,232776 189684 36090 583362 102354 340479 349504 711591 478095 127522 
397925 911607 506577 854910 842271 66018 986900 844060 556699 472854 ,397925 911607 506577 854910 842271 66018 986900 844060 556699 472854 
602480 360026 33657 292523 152775 448697 193307 818313 423034 232811 ,602480 360026 33657 292523 152775 448697 193307 818313 423034 232811 
983184 362080 405610 426829 168903 443704 673246 308933 353465 5496 ,983184 362080 405610 426829 168903 443704 673246 308933 353465 5496 
214089 256208 72904 417112 228766 100496 11433 675330 268709 783047 ,214089 256208 72904 417112 228766 100496 11433 675330 268709 783047 
490300 564764 712975 734740 435974 205851 390818 322554 826176 972835 ,490300 564764 712975 734740 435974 205851 390818 322554 826176 972835 
302004 822624 307 173015 822710 427946 367417 729757 187247 17 ,302004 822624 307 173015 822710 427946 367417 729757 187247 17 
516149 886365 210397 892868 393303 34239 129331 466181 220716 117819 ,516149 886365 210397 892868 393303 34239 129331 466181 220716 117819 
206586 633608 460650 192955 15859 12368 679073 598826 369124 333486 ,206586 633608 460650 192955 15859 12368 679073 598826 369124 333486 
351036 637952 329453 558362 451357 377140 699830 316659 804063 187680 ,351036 637952 329453 558362 451357 377140 699830 316659 804063 187680 
289946 834734 748442 978846 102430 905822 230255 513056 871606 546191 ,289946 834734 748442 978846 102430 905822 230255 513056 871606 546191 
788491 172317 69546 30466 255013 364121 275343 363785 521229 617177 ,788491 172317 69546 30466 255013 364121 275343 363785 521229 617177 
475332 448242 508744 944042 311219 199459 862254 98163 553695 226730 ,475332 448242 508744 944042 311219 199459 862254 98163 553695 226730 
320916 838077 500558 919967 854812 563015 951197 374443 128847 478305 ,320916 838077 500558 919967 854812 563015 951197 374443 128847 478305 
983596 249336 383200 439518 539564 807643 249055 41065 59866 470149 ,983596 249336 383200 439518 539564 807643 249055 41065 59866 470149 
900318 487239 537349 77848 881863 3331 357848 361119 901547 264727 ,900318 487239 537349 77848 881863 3331 357848 361119 901547 264727 
395623 742928 251462 854804 894773 911901 110694 286879 56767 500558 ,395623 742928 251462 854804 894773 911901 110694 286879 56767 500558 
249336 713639 340325 332869 970231 741747 269559 522327 477926 286514 ,249336 713639 340325 332869 970231 741747 269559 522327 477926 286514 
849653 725467 308460 45568 269357 285731 551303 532162 811164 234749 ,849653 725467 308460 45568 269357 285731 551303 532162 811164 234749 
128847 450451 170708 15916 932461 394089 644849 688635 296370 854364 ,128847 450451 170708 15916 932461 394089 644849 688635 296370 854364 
152414 57081 130138 865567 842271 867873 225845 870242 111091 457407 ,152414 57081 130138 865567 842271 867873 225845 870242 111091 457407 
789437 340517 614134 549342 882846 679423 977396 214355 349019 960437 ,789437 340517 614134 549342 882846 679423 977396 214355 349019 960437 
1831 977396 688242 340517 687843 250084 960437 239495 929536 782645 ,1831 977396 688242 340517 687843 250084 960437 239495 929536 782645 
588387 750020 218013 598672 16343 226060 432909 680693 973366 531690 ,588387 750020 218013 598672 16343 226060 432909 680693 973366 531690 
103717 908092 934166 204361 842271 829853 553866 905442 490956 377098 ,103717 908092 934166 204361 842271 829853 553866 905442 490956 377098 
699830 514088 206657 706530 434409 17823 518504 7421 289288 429625 ,699830 514088 206657 706530 434409 17823 518504 7421 289288 429625 
272047 629080 355451 845267 186492 532049 271554 385689 53630 845087 ,272047 629080 355451 845267 186492 532049 271554 385689 53630 845087 
10290 540533 757775 382799 340083 398813 741674 566162 365432 551295 ,10290 540533 757775 382799 340083 398813 741674 566162 365432 551295 
851429 891263 766784 487024 223607 631950 517 629080 182956 102081 ,851429 891263 766784 487024 223607 631950 517 629080 182956 102081 
941368 238726 256697 153348 987455 297913 884008 352382 580925 966787 ,941368 238726 256697 153348 987455 297913 884008 352382 580925 966787 
238726 305031 966787 217266 414491 228407 777783 512327 737072 362577 ,238726 305031 966787 217266 414491 228407 777783 512327 737072 362577 
513843 117098 861138 254928 311103 859545 871209 343174 700091 521 ,513843 117098 861138 254928 311103 859545 871209 343174 700091 521 
276729 859545 871209 196897 59248 904624 93235 749878 597526 510313 ,276729 859545 871209 196897 59248 904624 93235 749878 597526 510313 
187632 531690 357654 62538 541444 193654 886957 209211 864468 158115 ,187632 531690 357654 62538 541444 193654 886957 209211 864468 158115 
861138 17276 929643 601121 510313 283229 111152 904624 276729 344135 ,861138 17276 929643 601121 510313 283229 111152 904624 276729 344135 
50343 426124 69923 185872 882623 399034 43808 745054 366551 15361 ,50343 426124 69923 185872 882623 399034 43808 745054 366551 15361 
572265 282123 136532 524885 862063 239681 790266 590557 437003 736763 ,572265 282123 136532 524885 862063 239681 790266 590557 437003 736763 
350144 349187 785114 614134 787368 521491 180609 24626 129239 316244 ,350144 349187 785114 614134 787368 521491 180609 24626 129239 316244 
808352 200937 503954 919481 690025 484880 607005 825974 106600 110870 ,808352 200937 503954 919481 690025 484880 607005 825974 106600 110870 
46854 385767 322972 808298 71429 259804 962488 927095 267829 28162 ,46854 385767 322972 808298 71429 259804 962488 927095 267829 28162 
843822 890920 424957 828035 250127 554639 986071 968233 969187 2025 ,843822 890920 424957 828035 250127 554639 986071 968233 969187 2025 
899027 206586 555090 729289 509335 504190 843822 970135 424957 989988 ,899027 206586 555090 729289 509335 504190 843822 970135 424957 989988 
15011 794734 865388 504190 210951 729289 162059 19424 893852 764953 ,15011 794734 865388 504190 210951 729289 162059 19424 893852 764953 
989988 374907 970135 764953 865388 504190 206586 865009 448811 34239 ,989988 374907 970135 764953 865388 504190 206586 865009 448811 34239 
610344 931811 568327 915138 276395 848131 631011 797994 562102 770844 ,610344 931811 568327 915138 276395 848131 631011 797994 562102 770844 
905019 678181 475675 892868 896100 410567 880961 611267 993724 637432 ,905019 678181 475675 892868 896100 410567 880961 611267 993724 637432 
595634 100816 12992 635130 220539 14926 957477 122530 362899 57693 ,595634 100816 12992 635130 220539 14926 957477 122530 362899 57693 
553695 727837 783082 500558 182056 395623 967850 866292 899008 851881 ,553695 727837 783082 500558 182056 395623 967850 866292 899008 851881 
374443 307653 817634 290430 912279 267244 235146 52503 666315 320916 ,374443 307653 817634 290430 912279 267244 235146 52503 666315 320916 
728480 951194 267870 348882 233060 675330 527541 964199 842245 359594 ,728480 951194 267870 348882 233060 675330 527541 964199 842245 359594 
687043 603540 365953 489831 727721 370490 25093 298796 967764 131687 ,687043 603540 365953 489831 727721 370490 25093 298796 967764 131687 
518085 780010 234749 121983 770642 733216 79087 915141 113008 308933 ,518085 780010 234749 121983 770642 733216 79087 915141 113008 308933 
223638 870337 729289 341444 890416 538667 895564 79504 877897 761257 ,223638 870337 729289 341444 890416 538667 895564 79504 877897 761257 
80397 61303 451357 576323 667728 925833 699830 289288 185429 458809 ,80397 61303 451357 576323 667728 925833 699830 289288 185429 458809 
474529 589281 631696 667966 543134 833880 692791 629585 904876 871325 ,474529 589281 631696 667966 543134 833880 692791 629585 904876 871325 
711015 856177 6378 562735 784931 560736 79529 772521 215031 683148 ,711015 856177 6378 562735 784931 560736 79529 772521 215031 683148 
302169 56314 492874 865450 693876 353954 662579 895564 965427 772874 ,302169 56314 492874 865450 693876 353954 662579 895564 965427 772874 
362870 249261 299576 21110 83901 298796 902261 56380 806273 99819 ,362870 249261 299576 21110 83901 298796 902261 56380 806273 99819 
768341 821525 352149 232269 204546 263252 355017 29167 492453 389930 ,768341 821525 352149 232269 204546 263252 355017 29167 492453 389930 
609211 68757 5373 204079 210214 933947 57229 364938 728152 8828 ,609211 68757 5373 204079 210214 933947 57229 364938 728152 8828 
690476 854911 844162 13583 224433 892023 494831 561146 855697 533929 ,690476 854911 844162 13583 224433 892023 494831 561146 855697 533929 
220090 531690 855697 543120 997634 13583 224433 854911 665116 694906 ,220090 531690 855697 543120 997634 13583 224433 854911 665116 694906 
549019 196515 25093 289288 710408 547091 948652 628188 65735 533112 ,549019 196515 25093 289288 710408 547091 948652 628188 65735 533112 
43808 221598 890885 40300 486146 229712 888133 257810 210644 96656 ,43808 221598 890885 40300 486146 229712 888133 257810 210644 96656 
193479 827132 95186 493097 340517 222323 243026 317265 478377 158856 ,193479 827132 95186 493097 340517 222323 243026 317265 478377 158856 
539574 555495 768341 354462 204546 487962 416054 307155 661451 716136 ,539574 555495 768341 354462 204546 487962 416054 307155 661451 716136 
105156 535314 696848 83901 99819 720199 949952 310442 809730 524310 ,105156 535314 696848 83901 99819 720199 949952 310442 809730 524310 
502230 247825 724451 842328 853641 9083 391602 985599 596735 969599 ,502230 247825 724451 842328 853641 9083 391602 985599 596735 969599 
530354 563046 343295 11063 225491 338808 136065 889296 881103 842271 ,530354 563046 343295 11063 225491 338808 136065 889296 881103 842271 
421803 436965 294713 359625 243924 252782 260638 423063 44 874215 ,421803 436965 294713 359625 243924 252782 260638 423063 44 874215 
421803 294713 574898 874215 6935 385235 941994 243550 490300 683779 ,421803 294713 574898 874215 6935 385235 941994 243550 490300 683779 
854812 485292 535072 135847 194570 500558 97354 584077 68505 883779 ,854812 485292 535072 135847 194570 500558 97354 584077 68505 883779 
731787 661486 234749 419547 998798 299911 597521 168903 417402 88995 ,731787 661486 234749 419547 998798 299911 597521 168903 417402 88995 
698884 150645 53676 979573 330367 605178 376357 220607 464688 504462 ,698884 150645 53676 979573 330367 605178 376357 220607 464688 504462 
337051 326875 810397 553606 512290 364486 62711 798942 711041 701763 ,337051 326875 810397 553606 512290 364486 62711 798942 711041 701763 
395782 942357 228545 813959 504236 646651 210645 868519 816414 944197 ,395782 942357 228545 813959 504236 646651 210645 868519 816414 944197 
726954 655292 116588 193671 487239 944814 950275 683922 170578 62879 ,726954 655292 116588 193671 487239 944814 950275 683922 170578 62879 
780660 376153 561041 609819 258462 721947 404167 448832 450451 485947 ,780660 376153 561041 609819 258462 721947 404167 448832 450451 485947 
373893 263857 972680 113107 957791 969085 592043 355023 492414 739001 ,373893 263857 972680 113107 957791 969085 592043 355023 492414 739001 
802688 986313 412514 745558 834144 869865 807418 674824 38214 730500 ,802688 986313 412514 745558 834144 869865 807418 674824 38214 730500 
809545 107069 179550 966787 416909 929942 84945 182585 492237 448322 ,809545 107069 179550 966787 416909 929942 84945 182585 492237 448322 
676273 560726 517056 792073 211428 218859 41701 189435 718898 555046 ,676273 560726 517056 792073 211428 218859 41701 189435 718898 555046 
416972 441438 123767 972835 884537 949748 2232 225129 368478 355179 ,416972 441438 123767 972835 884537 949748 2232 225129 368478 355179 
377098 895459 180737 42341 396416 808590 271423 940026 187994 828498 ,377098 895459 180737 42341 396416 808590 271423 940026 187994 828498 
789274 45982 609819 933754 535988 295582 604317 451332 983197 921821 ,789274 45982 609819 933754 535988 295582 604317 451332 983197 921821 
458452 923217 923221 791515 5536 968770 402554 978892 613985 929471 ,458452 923217 923221 791515 5536 968770 402554 978892 613985 929471 
842730 673296 517501 271854 41404 523228 900748 502069 862900 354520 ,842730 673296 517501 271854 41404 523228 900748 502069 862900 354520 
794604 645372 24143 990816 972680 205628 45038 268685 702274 39279 ,794604 645372 24143 990816 972680 205628 45038 268685 702274 39279 
426874 294379 749554 654394 554474 175074 607978 481844 507386 525272 ,426874 294379 749554 654394 554474 175074 607978 481844 507386 525272 
217389 447225 213065 994699 567938 5737 764113 979573 788794 677500 ,217389 447225 213065 994699 567938 5737 764113 979573 788794 677500 
502555 728003 5871 260770 346940 557823 404434 735939 426874 337577 ,502555 728003 5871 260770 346940 557823 404434 735939 426874 337577 
13949 100816 538689 207534 983869 851881 395782 500558 930524 320916 ,13949 100816 538689 207534 983869 851881 395782 500558 930524 320916 
27193 143074 944163 351913 94440 222162 30791 229136 292903 684559 ,27193 143074 944163 351913 94440 222162 30791 229136 292903 684559 
125258 983883 2676 470380 230396 225713 268523 111602 378116 270871 ,125258 983883 2676 470380 230396 225713 268523 111602 378116 270871 
987336 225713 182701 798726 867698 174487 832630 983883 270871 59455 ,987336 225713 182701 798726 867698 174487 832630 983883 270871 59455 
486146 842271 647643 425492 761393 632337 623387 910034 643091 238219 ,486146 842271 647643 425492 761393 632337 623387 910034 643091 238219 
458425 265632 296208 280752 44443 522021 554788 82129 489475 966958 ,458425 265632 296208 280752 44443 522021 554788 82129 489475 966958 
973991 326545 423465 473011 814770 323371 607005 648672 712709 503954 ,973991 326545 423465 473011 814770 323371 607005 648672 712709 503954 
692508 853467 57459 711284 36695 232045 504741 533040 582190 473305 ,692508 853467 57459 711284 36695 232045 504741 533040 582190 473305 
533040 36695 807286 432705 201687 969525 504741 473305 919243 97823 ,533040 36695 807286 432705 201687 969525 504741 473305 919243 97823 
242627 272510 101799 178584 953326 719578 259902 122908 465823 514088 ,242627 272510 101799 178584 953326 719578 259902 122908 465823 514088 
395978 132586 792357 450901 987397 853475 104531 548550 153872 325850 ,395978 132586 792357 450901 987397 853475 104531 548550 153872 325850 
890797 411842 895459 38484 911235 243026 958196 233542 310548 932082 ,890797 411842 895459 38484 911235 243026 958196 233542 310548 932082 
256534 854526 703421 401095 972680 819384 450451 211451 210167 902149 ,256534 854526 703421 401095 972680 819384 450451 211451 210167 902149 
869803 488623 213165 653703 52809 85199 448322 911919 953995 554870 ,869803 488623 213165 653703 52809 85199 448322 911919 953995 554870 
563046 882416 854804 473460 615842 773990 874813 872270 175182 381770 ,563046 882416 854804 473460 615842 773990 874813 872270 175182 381770 
565223 595947 842271 503698 931884 28094 458604 325759 264503 208190 ,565223 595947 842271 503698 931884 28094 458604 325759 264503 208190 
663730 303066 722380 828735 597027 656317 837098 18780 648567 756781 ,663730 303066 722380 828735 597027 656317 837098 18780 648567 756781 
615074 689877 82185 549903 566398 229586 438513 519458 323548 200258 ,615074 689877 82185 549903 566398 229586 438513 519458 323548 200258 
628188 137972 116165 617177 489988 24455 812679 533112 339288 496219 ,628188 137972 116165 617177 489988 24455 812679 533112 339288 496219 
258857 72093 924781 32317 933867 645328 318613 287281 821116 260393 ,258857 72093 924781 32317 933867 645328 318613 287281 821116 260393 
890920 527053 994317 567232 194841 474286 310834 966269 326458 253768 ,890920 527053 994317 567232 194841 474286 310834 966269 326458 253768 
661789 698442 181223 550713 21110 177646 521948 932502 933527 896792 ,661789 698442 181223 550713 21110 177646 521948 932502 933527 896792 
12914 483317 343295 848414 359625 992414 436965 503698 490300 740356 ,12914 483317 343295 848414 359625 992414 436965 503698 490300 740356 
461637 548742 250403 175746 432077 546885 219992 50628 71365 884008 ,461637 548742 250403 175746 432077 546885 219992 50628 71365 884008 
21803 488707 68472 718040 742221 400613 806850 463103 797952 229868 ,21803 488707 68472 718040 742221 400613 806850 463103 797952 229868 
76171 547053 532969 677814 179550 495801 133714 376049 268421 567860 ,76171 547053 532969 677814 179550 495801 133714 376049 268421 567860 
960697 553606 526233 42353 772495 101550 461354 105156 806878 596478 ,960697 553606 526233 42353 772495 101550 461354 105156 806878 596478 
343857 231982 328697 324129 24957 359873 85792 812862 186130 889322 ,343857 231982 328697 324129 24957 359873 85792 812862 186130 889322 
941525 630737 241090 726690 378028 683582 297263 22358 829063 574565 ,941525 630737 241090 726690 378028 683582 297263 22358 829063 574565 
686235 80802 459891 755518 574016 97827 510313 288289 346341 384227 ,686235 80802 459891 755518 574016 97827 510313 288289 346341 384227 
527344 204546 848052 392358 580633 895944 729910 428167 81791 979573 ,527344 204546 848052 392358 580633 895944 729910 428167 81791 979573 
310327 359538 782861 792279 145365 135716 932356 119378 747292 972427 ,310327 359538 782861 792279 145365 135716 932356 119378 747292 972427 
451345 948055 797994 100816 859938 8658 202537 792279 847634 981539 ,451345 948055 797994 100816 859938 8658 202537 792279 847634 981539 
887367 957841 295968 679666 521619 263857 739001 130619 664110 857372 ,887367 957841 295968 679666 521619 263857 739001 130619 664110 857372 
802227 522147 804732 883590 882973 36586 992714 977406 290918 563015 ,802227 522147 804732 883590 882973 36586 992714 977406 290918 563015 
316266 224549 295968 253853 26638 742973 679666 136472 887367 660928 ,316266 224549 295968 253853 26638 742973 679666 136472 887367 660928 
355934 433254 997767 560921 893464 464591 924816 883590 486127 355677 ,355934 433254 997767 560921 893464 464591 924816 883590 486127 355677 
198529 831860 170475 980086 614134 899252 965565 184589 254620 169887 ,198529 831860 170475 980086 614134 899252 965565 184589 254620 169887 
343295 873160 961753 734521 535294 656045 17018 127624 225129 597027 ,343295 873160 961753 734521 535294 656045 17018 127624 225129 597027 
268264 777841 727646 892868 931707 60430 747471 969115 855366 830953 ,268264 777841 727646 892868 931707 60430 747471 969115 855366 830953 
810018 302227 29952 89804 174831 377580 808352 79715 350795 521948 ,810018 302227 29952 89804 174831 377580 808352 79715 350795 521948 
830084 513843 420148 56020 400707 28249 682366 906940 468231 620751 ,830084 513843 420148 56020 400707 28249 682366 906940 468231 620751 
877027 444773 16066 921746 519040 842806 555658 873036 686794 987336 ,877027 444773 16066 921746 519040 842806 555658 873036 686794 987336 
74607 187632 123330 43808 864468 476512 666429 376153 886957 541444 ,74607 187632 123330 43808 864468 476512 666429 376153 886957 541444 
513843 343174 776815 833621 188038 5902 8828 530273 694385 66219 ,513843 343174 776815 833621 188038 5902 8828 530273 694385 66219 
779286 609206 230396 39348 415104 409664 887384 378116 580218 910696 ,779286 609206 230396 39348 415104 409664 887384 378116 580218 910696 
910696 592857 564514 478595 208476 580218 898745 926273 563639 360591 ,910696 592857 564514 478595 208476 580218 898745 926273 563639 360591 
780554 93934 735337 334848 768341 627915 85436 305611 204546 714349 ,780554 93934 735337 334848 768341 627915 85436 305611 204546 714349 
967146 921400 876654 703585 698236 779388 842915 872495 770844 570139 ,967146 921400 876654 703585 698236 779388 842915 872495 770844 570139 
627915 768341 305611 42694 255306 283985 514063 334848 204546 81979 ,627915 768341 305611 42694 255306 283985 514063 334848 204546 81979 
849884 905442 388262 943126 158793 231791 306299 547707 111091 751164 ,849884 905442 388262 943126 158793 231791 306299 547707 111091 751164 
919481 196527 167994 128601 437003 549657 616326 292826 259269 969865 ,919481 196527 167994 128601 437003 549657 616326 292826 259269 969865 
488761 236695 495030 847082 336857 572668 196950 85319 494927 502610 ,488761 236695 495030 847082 336857 572668 196950 85319 494927 502610 
79600 702624 611719 518504 136532 305110 69546 912966 726212 530491 ,79600 702624 611719 518504 136532 305110 69546 912966 726212 530491 
706580 424220 372837 362689 224651 509335 233542 193444 712484 890851 ,706580 424220 372837 362689 224651 509335 233542 193444 712484 890851 
892705 292251 254269 445017 498162 391899 783445 415542 728658 297000 ,892705 292251 254269 445017 498162 391899 783445 415542 728658 297000 
38883 675304 426891 102241 615534 638046 52575 49954 423269 419712 ,38883 675304 426891 102241 615534 638046 52575 49954 423269 419712 
973434 289393 946016 569524 744060 50318 834919 732236 869882 856604 ,973434 289393 946016 569524 744060 50318 834919 732236 869882 856604 
472854 632458 633290 618080 619210 700593 587456 50168 490273 78665 ,472854 632458 633290 618080 619210 700593 587456 50168 490273 78665 
101215 201704 866540 561530 810367 860961 435638 811547 181015 582986 ,101215 201704 866540 561530 810367 860961 435638 811547 181015 582986 
814585 421315 943241 733566 994158 17052 328286 821706 994406 386729 ,814585 421315 943241 733566 994158 17052 328286 821706 994406 386729 
573116 378866 12375 70080 189910 17993 198677 211880 511183 222185 ,573116 378866 12375 70080 189910 17993 198677 211880 511183 222185 
304992 481797 82718 525042 429704 628188 672708 404004 716568 940590 ,304992 481797 82718 525042 429704 628188 672708 404004 716568 940590 
743879 630613 896810 391087 837949 233983 547724 960379 953295 175955 ,743879 630613 896810 391087 837949 233983 547724 960379 953295 175955 
748442 43948 965980 812228 825684 554870 732495 944163 809945 806508 ,748442 43948 965980 812228 825684 554870 732495 944163 809945 806508 
554870 365407 703508 909140 262109 994017 429409 271816 522021 313602 ,554870 365407 703508 909140 262109 994017 429409 271816 522021 313602 
27206 886254 928226 316756 132448 477064 343066 128847 692791 794268 ,27206 886254 928226 316756 132448 477064 343066 128847 692791 794268 
361119 169713 696621 743616 617963 450451 790640 849240 841377 724442 ,361119 169713 696621 743616 617963 450451 790640 849240 841377 724442 
658396 249055 302938 9418 319390 358264 233245 254928 274197 442316 ,658396 249055 302938 9418 319390 358264 233245 254928 274197 442316 
872311 401095 397997 887367 361551 684861 425492 548198 297636 268100 ,872311 401095 397997 887367 361551 684861 425492 548198 297636 268100 
496733 784190 658396 200639 514234 527753 279013 432246 385048 268658 ,496733 784190 658396 200639 514234 527753 279013 432246 385048 268658 
247825 506376 827671 663012 630548 605778 828891 905764 949207 538821 ,247825 506376 827671 663012 630548 605778 828891 905764 949207 538821 
927714 305975 663012 828891 905764 247825 312049 301049 128847 225845 ,927714 305975 663012 828891 905764 247825 312049 301049 128847 225845 
702936 519672 514638 389855 310003 698478 293364 193002 699830 608670 ,702936 519672 514638 389855 310003 698478 293364 193002 699830 608670 
380701 122359 809545 294597 688972 25784 389930 482510 434518 550331 ,380701 122359 809545 294597 688972 25784 389930 482510 434518 550331 
514347 2474 839077 564168 957477 955157 14926 992212 162313 306640 ,514347 2474 839077 564168 957477 955157 14926 992212 162313 306640 
440614 411391 522553 509521 812084 633895 480781 960656 201704 797239 ,440614 411391 522553 509521 812084 633895 480781 960656 201704 797239 
864526 346732 366612 815951 529741 463411 464131 859826 578179 620620 ,864526 346732 366612 815951 529741 463411 464131 859826 578179 620620 
321624 433907 219237 683822 686148 183076 879393 317981 208461 407767 ,321624 433907 219237 683822 686148 183076 879393 317981 208461 407767 
523586 518085 70891 597526 511810 70974 495030 266843 947061 250600 ,523586 518085 70891 597526 511810 70974 495030 266843 947061 250600 
430528 741747 233495 41404 419374 621063 597526 306361 923340 214259 ,430528 741747 233495 41404 419374 621063 597526 306361 923340 214259 
630525 914 221598 146278 828251 98029 20649 35374 43808 946427 ,630525 914 221598 146278 828251 98029 20649 35374 43808 946427 
620816 9629 981542 210616 444256 224749 888133 983296 744464 269397 ,620816 9629 981542 210616 444256 224749 888133 983296 744464 269397 
130581 60512 553948 33984 509376 657436 946971 15426 396403 441918 ,130581 60512 553948 33984 509376 657436 946971 15426 396403 441918 
449937 632905 533058 524630 439698 808352 88738 258115 769330 377580 ,449937 632905 533058 524630 439698 808352 88738 258115 769330 377580 
225129 317321 880374 333414 35814 226083 854942 831242 919187 602133 ,225129 317321 880374 333414 35814 226083 854942 831242 919187 602133 
289288 377580 229687 146599 397784 519458 433741 979219 196926 94565 ,289288 377580 229687 146599 397784 519458 433741 979219 196926 94565 
145549 285503 854635 707002 448629 781572 654123 225129 594647 973434 ,145549 285503 854635 707002 448629 781572 654123 225129 594647 973434 
764022 993845 289287 707002 781572 2232 389462 266948 651412 366850 ,764022 993845 289287 707002 781572 2232 389462 266948 651412 366850 
174685 234500 385015 596753 420270 688307 845271 385092 777558 597152 ,174685 234500 385015 596753 420270 688307 845271 385092 777558 597152 
854804 887692 85594 494711 35201 997326 465073 968873 56767 728292 ,854804 887692 85594 494711 35201 997326 465073 968873 56767 728292 
108453 176334 334696 522855 446756 782969 862533 5970 879524 733102 ,108453 176334 334696 522855 446756 782969 862533 5970 879524 733102 
494711 63761 538689 196344 577625 97400 944397 227039 14718 839077 ,494711 63761 538689 196344 577625 97400 944397 227039 14718 839077 
843822 379993 424957 271423 108366 374623 927623 412151 970849 794614 ,843822 379993 424957 271423 108366 374623 927623 412151 970849 794614 
443139 627953 158755 994170 445008 402742 512522 579759 788344 57748 ,443139 627953 158755 994170 445008 402742 512522 579759 788344 57748 
480129 151816 215675 824226 204546 210834 701288 107087 915141 994352 ,480129 151816 215675 824226 204546 210834 701288 107087 915141 994352 
532096 742221 111202 506453 718040 692633 487404 417112 370039 390187 ,532096 742221 111202 506453 718040 692633 487404 417112 370039 390187 
411457 210755 627800 267829 473396 525272 645524 529404 151203 778957 ,411457 210755 627800 267829 473396 525272 645524 529404 151203 778957 
410567 931256 835263 309842 250899 836381 800065 196237 9642 425492 ,410567 931256 835263 309842 250899 836381 800065 196237 9642 425492 
741429 545771 425492 16343 593794 804534 800065 896294 598672 55593 ,741429 545771 425492 16343 593794 804534 800065 896294 598672 55593 
224891 931256 804534 220613 835263 441581 196237 741429 56357 598672 ,224891 931256 804534 220613 835263 441581 196237 741429 56357 598672 
253206 82434 70116 983350 243825 331 304992 736573 30791 485195 ,253206 82434 70116 983350 243825 331 304992 736573 30791 485195 
970760 502374 759255 366890 914600 514961 767718 607107 391087 136532 ,970760 502374 759255 366890 914600 514961 767718 607107 391087 136532 
280109 271209 505737 27936 488761 655012 89419 609848 469560 762344 ,280109 271209 505737 27936 488761 655012 89419 609848 469560 762344 
609848 89419 636826 834734 40916 27936 271209 961928 762344 721718 ,609848 89419 636826 834734 40916 27936 271209 961928 762344 721718 
912520 293731 728950 20610 381568 462041 798669 943477 874267 798523 ,912520 293731 728950 20610 381568 462041 798669 943477 874267 798523 
848871 886142 789960 102818 545563 794836 31816 475629 34879 5844 ,848871 886142 789960 102818 545563 794836 31816 475629 34879 5844 
170122 550713 692115 281026 841707 629456 313798 430519 526292 232811 ,170122 550713 692115 281026 841707 629456 313798 430519 526292 232811 
588116 628246 343295 158725 227421 14032 484182 933054 562247 563843 ,588116 628246 343295 158725 227421 14032 484182 933054 562247 563843 
918624 505659 412037 131908 227421 537169 886528 128253 96845 7243 ,918624 505659 412037 131908 227421 537169 886528 128253 96845 7243 
839683 975895 214355 194776 169304 966233 586144 739891 62879 706409 ,839683 975895 214355 194776 169304 966233 586144 739891 62879 706409 
446957 667212 449219 279756 797883 949788 213143 168062 559694 704772 ,446957 667212 449219 279756 797883 949788 213143 168062 559694 704772 
627915 307071 426663 664152 296646 397752 472415 636138 10388 59272 ,627915 307071 426663 664152 296646 397752 472415 636138 10388 59272 
219749 773689 391254 531690 145273 839555 864468 871003 563997 614565 ,219749 773689 391254 531690 145273 839555 864468 871003 563997 614565 
12247 154591 197674 716904 388533 610106 5902 859393 508893 100496 ,12247 154591 197674 716904 388533 610106 5902 859393 508893 100496 
784935 821116 59248 90147 910811 165764 184123 429685 293562 562258 ,784935 821116 59248 90147 910811 165764 184123 429685 293562 562258 
532802 607185 423629 690850 508468 740842 820886 403810 196950 257614 ,532802 607185 423629 690850 508468 740842 820886 403810 196950 257614 
608670 286856 694979 754508 82129 435930 884082 748229 947494 610217 ,608670 286856 694979 754508 82129 435930 884082 748229 947494 610217 
45469 340517 410739 907309 257555 197035 201900 413176 601554 35796 ,45469 340517 410739 907309 257555 197035 201900 413176 601554 35796 
722548 997991 621769 17673 552667 725467 755689 169729 285731 340849 ,722548 997991 621769 17673 552667 725467 755689 169729 285731 340849 
946531 604693 98163 968873 73917 860765 539023 468969 44980 92085 ,946531 604693 98163 968873 73917 860765 539023 468969 44980 92085 
204864 719587 489522 680079 538689 830953 686805 931707 220539 931995 ,204864 719587 489522 680079 538689 830953 686805 931707 220539 931995 
543191 882623 66594 764782 639986 587688 931077 297145 876826 771868 ,543191 882623 66594 764782 639986 587688 931077 297145 876826 771868 
553407 700091 191994 228796 336948 501456 469587 531166 952863 414491 ,553407 700091 191994 228796 336948 501456 469587 531166 952863 414491 
332180 572303 357501 920437 302296 373002 228545 587084 966837 842856 ,332180 572303 357501 920437 302296 373002 228545 587084 966837 842856 
904587 478510 238447 639210 426842 390187 479838 342660 333318 658157 ,904587 478510 238447 639210 426842 390187 479838 342660 333318 658157 
891280 956145 65287 835943 689361 367226 686794 705013 398009 749959 ,891280 956145 65287 835943 689361 367226 686794 705013 398009 749959 
886978 681405 790087 23926 510126 300232 784965 168062 305031 813092 ,886978 681405 790087 23926 510126 300232 784965 168062 305031 813092 
861896 798222 551752 258317 414491 85199 20388 149392 435862 813092 ,861896 798222 551752 258317 414491 85199 20388 149392 435862 813092 
897330 988567 974190 527344 850298 667175 320695 400653 364312 424402 ,897330 988567 974190 527344 850298 667175 320695 400653 364312 424402 
233542 424957 355451 272047 845267 226414 186492 205855 787651 487239 ,233542 424957 355451 272047 845267 226414 186492 205855 787651 487239 
203413 239083 695014 655842 373866 755549 450760 383200 665499 282050 ,203413 239083 695014 655842 373866 755549 450760 383200 665499 282050 
597116 842806 335734 817915 103600 531690 866199 611 854911 260096 ,597116 842806 335734 817915 103600 531690 866199 611 854911 260096 
338599 396017 878366 232170 993211 284516 231475 541623 83832 528323 ,338599 396017 878366 232170 993211 284516 231475 541623 83832 528323 
309573 618603 526638 435146 238376 185429 377052 500665 110773 511601 ,309573 618603 526638 435146 238376 185429 377052 500665 110773 511601 
830280 904402 540060 987846 540533 303150 476695 539184 483405 63656 ,830280 904402 540060 987846 540533 303150 476695 539184 483405 63656 
448127 814829 655316 280864 306321 793920 365407 104077 911919 85199 ,448127 814829 655316 280864 306321 793920 365407 104077 911919 85199 
275993 140991 269215 102081 254922 586897 238323 972680 265161 375344 ,275993 140991 269215 102081 254922 586897 238323 972680 265161 375344 
559509 416019 677812 254302 690269 141828 518085 69768 823700 233800 ,559509 416019 677812 254302 690269 141828 518085 69768 823700 233800 
100496 635438 496638 139724 516481 865293 238056 110475 497405 88835 ,100496 635438 496638 139724 516481 865293 238056 110475 497405 88835 
561626 573387 276190 698812 932755 482907 19180 729289 370320 7650 ,561626 573387 276190 698812 932755 482907 19180 729289 370320 7650 
659718 520566 960325 416141 286514 614644 189022 926318 477926 20066 ,659718 520566 960325 416141 286514 614644 189022 926318 477926 20066 
310442 526233 772495 34865 67119 87336 753491 386729 350433 953370 ,310442 526233 772495 34865 67119 87336 753491 386729 350433 953370 
121706 602157 617177 34865 276460 188765 184991 424322 822117 448771 ,121706 602157 617177 34865 276460 188765 184991 424322 822117 448771 
209638 210616 888133 892978 842580 620816 191358 111602 18320 812069 ,209638 210616 888133 892978 842580 620816 191358 111602 18320 812069 
503403 587775 381521 279233 363432 72432 6838 953111 9529 914490 ,503403 587775 381521 279233 363432 72432 6838 953111 9529 914490 
606844 951679 680275 429704 511611 742673 761523 494862 987105 294833 ,606844 951679 680275 429704 511611 742673 761523 494862 987105 294833 
407074 597526 175081 236907 1649 792108 66097 203765 723318 431346 ,407074 597526 175081 236907 1649 792108 66097 203765 723318 431346 
717278 369926 986900 474286 139572 78089 13640 614134 329457 851510 ,717278 369926 986900 474286 139572 78089 13640 614134 329457 851510 
365814 859117 341351 204546 332869 232354 740574 647012 231172 832603 ,365814 859117 341351 204546 332869 232354 740574 647012 231172 832603 
997991 420148 186313 429563 336757 989423 698478 471902 95166 735796 ,997991 420148 186313 429563 336757 989423 698478 471902 95166 735796 
724106 406576 401320 215694 927248 112093 153153 210214 268421 63929 ,724106 406576 401320 215694 927248 112093 153153 210214 268421 63929 
254232 203779 416441 444785 548742 561929 23481 55726 213405 923804 ,254232 203779 416441 444785 548742 561929 23481 55726 213405 923804 
276519 739473 238788 183604 544149 598580 627677 9013 91996 745741 ,276519 739473 238788 183604 544149 598580 627677 9013 91996 745741 
724106 153153 215694 526355 995499 467667 153348 23481 480452 152967 ,724106 153153 215694 526355 995499 467667 153348 23481 480452 152967 
370966 512495 428430 15011 801174 518077 162059 652558 732173 19424 ,370966 512495 428430 15011 801174 518077 162059 652558 732173 19424 
80802 259463 83127 459891 525551 111301 539744 45020 552512 378632 ,80802 259463 83127 459891 525551 111301 539744 45020 552512 378632 
249235 833304 984280 473460 165540 340582 380584 168037 926716 614134 ,249235 833304 984280 473460 165540 340582 380584 168037 926716 614134 
208392 859074 699585 351913 498447 532645 725299 590557 197135 91946 ,208392 859074 699585 351913 498447 532645 725299 590557 197135 91946 
749191 81695 742221 699585 792400 944356 838189 678039 958512 290077 ,749191 81695 742221 699585 792400 944356 838189 678039 958512 290077 
794328 605211 541064 796591 211115 908040 591069 213119 997592 858512 ,794328 605211 541064 796591 211115 908040 591069 213119 997592 858512 
640877 100534 660024 894773 881772 647695 641696 825430 417250 791229 ,640877 100534 660024 894773 881772 647695 641696 825430 417250 791229 
576236 144394 651082 664567 429991 140930 780688 337616 717096 7548 ,576236 144394 651082 664567 429991 140930 780688 337616 717096 7548 
24455 279234 89047 967667 748630 730557 306383 487404 515651 379551 ,24455 279234 89047 967667 748630 730557 306383 487404 515651 379551 
514088 55854 397114 321607 336859 379313 240535 441029 306072 105178 ,514088 55854 397114 321607 336859 379313 240535 441029 306072 105178 
379313 55854 20769 289288 534379 25792 1252 724936 910196 716568 ,379313 55854 20769 289288 534379 25792 1252 724936 910196 716568 
15977 964867 12112 80316 929321 706640 710969 273676 905019 309064 ,15977 964867 12112 80316 929321 706640 710969 273676 905019 309064 
927954 207517 684831 51034 302710 728058 432423 270630 178308 129389 ,927954 207517 684831 51034 302710 728058 432423 270630 178308 129389 
681905 240535 928204 699830 947494 321607 694373 724936 105178 85163 ,681905 240535 928204 699830 947494 321607 694373 724936 105178 85163 
368409 515654 744886 68111 61647 901312 478758 381144 415597 618341 ,368409 515654 744886 68111 61647 901312 478758 381144 415597 618341 
547920 927605 244168 196170 979541 608670 925366 188730 80590 992563 ,547920 927605 244168 196170 979541 608670 925366 188730 80590 992563 
468862 213246 913272 911677 340212 955144 153659 41701 891769 279756 ,468862 213246 913272 911677 340212 955144 153659 41701 891769 279756 
298796 367853 389930 434509 168712 84616 261483 823452 790727 30234 ,298796 367853 389930 434509 168712 84616 261483 823452 790727 30234 
269884 568233 88757 942521 21989 354462 565084 865883 487061 80541 ,269884 568233 88757 942521 21989 354462 565084 865883 487061 80541 
447344 764953 375949 375303 709724 574887 611267 762424 983377 950434 ,447344 764953 375949 375303 709724 574887 611267 762424 983377 950434 
720793 233741 518657 85875 889556 389930 107087 540616 526974 215083 ,720793 233741 518657 85875 889556 389930 107087 540616 526974 215083 
180737 895459 507826 862980 744389 260129 869070 828498 278113 610975 ,180737 895459 507826 862980 744389 260129 869070 828498 278113 610975 
497044 656043 136532 928335 788491 186820 688978 6162 552512 793183 ,497044 656043 136532 928335 788491 186820 688978 6162 552512 793183 
862224 383461 732078 881356 688978 83127 686301 972376 458896 788491 ,862224 383461 732078 881356 688978 83127 686301 972376 458896 788491 
902537 987633 189386 278429 110981 465331 58192 386751 456332 545440 ,902537 987633 189386 278429 110981 465331 58192 386751 456332 545440 
425492 598672 227331 883809 226060 664603 478377 734224 344187 709066 ,425492 598672 227331 883809 226060 664603 478377 734224 344187 709066 
401320 671641 292508 598086 969077 500865 532425 650545 154447 326197 ,401320 671641 292508 598086 969077 500865 532425 650545 154447 326197 
299653 916236 320584 109535 813092 694281 322165 41287 161588 350712 ,299653 916236 320584 109535 813092 694281 322165 41287 161588 350712 
479463 215160 641407 601685 464613 129961 562353 559314 303723 413799 ,479463 215160 641407 601685 464613 129961 562353 559314 303723 413799 
540084 671566 68164 634746 778841 468073 852076 540393 129239 533412 ,540084 671566 68164 634746 778841 468073 852076 540393 129239 533412 
30030 495801 337303 99114 295809 83997 283710 948704 521967 799688 ,30030 495801 337303 99114 295809 83997 283710 948704 521967 799688 
772029 834734 889966 305583 609848 310694 354239 144625 694669 278834 ,772029 834734 889966 305583 609848 310694 354239 144625 694669 278834 
187632 930159 376936 978646 215965 951595 443164 498499 541541 15558 ,187632 930159 376936 978646 215965 951595 443164 498499 541541 15558 
980202 975847 311261 65757 62538 795793 835322 113710 407474 357654 ,980202 975847 311261 65757 62538 795793 835322 113710 407474 357654 
220677 241903 696186 289849 200644 331517 633421 900713 770078 996670 ,220677 241903 696186 289849 200644 331517 633421 900713 770078 996670 
560985 362073 489744 784965 279352 692666 228762 926077 225766 700858 ,560985 362073 489744 784965 279352 692666 228762 926077 225766 700858 
825782 770844 605465 854526 313309 392147 921281 2763 920014 181632 ,825782 770844 605465 854526 313309 392147 921281 2763 920014 181632 
658262 567816 524763 88639 818873 834788 104898 685496 686148 712709 ,658262 567816 524763 88639 818873 834788 104898 685496 686148 712709 
726239 754866 57157 773111 46820 753740 808836 732236 45469 820473 ,726239 754866 57157 773111 46820 753740 808836 732236 45469 820473 
591950 688515 197206 592980 485292 320916 943245 950865 857372 854812 ,591950 688515 197206 592980 485292 320916 943245 950865 857372 854812 
992437 627990 40208 380232 795684 201346 895044 656152 1151 614134 ,992437 627990 40208 380232 795684 201346 895044 656152 1151 614134 
683822 587166 455633 619207 182855 367853 928887 905589 841183 76224 ,683822 587166 455633 619207 182855 367853 928887 905589 841183 76224 
1550 473395 401619 346521 149998 740062 326594 294864 229625 506552 ,1550 473395 401619 346521 149998 740062 326594 294864 229625 506552 
93590 389458 723994 477064 356297 721695 551587 975169 474529 589933 ,93590 389458 723994 477064 356297 721695 551587 975169 474529 589933 
669251 249688 223902 702298 377866 355633 812029 917280 247623 343066 ,669251 249688 223902 702298 377866 355633 812029 917280 247623 343066 
577814 551748 465562 8828 631521 913871 167617 128541 146525 289902 ,577814 551748 465562 8828 631521 913871 167617 128541 146525 289902 
227945 465648 551748 804251 210317 490797 512848 638789 176872 396965 ,227945 465648 551748 804251 210317 490797 512848 638789 176872 396965 
732154 812069 692000 926716 243026 467733 552549 478673 379746 536639 ,732154 812069 692000 926716 243026 467733 552549 478673 379746 536639 
251303 12027 802113 207289 71505 549050 771612 891624 889665 61471 ,251303 12027 802113 207289 71505 549050 771612 891624 889665 61471 
916638 236907 65985 230255 655509 71003 524241 497656 682078 514455 ,916638 236907 65985 230255 655509 71003 524241 497656 682078 514455 
949952 383063 453814 636019 689246 914014 879654 105046 807643 484902 ,949952 383063 453814 636019 689246 914014 879654 105046 807643 484902 
345501 456017 289946 808457 418618 529389 119078 684460 753964 954340 ,345501 456017 289946 808457 418618 529389 119078 684460 753964 954340 
627915 656358 963646 362317 637348 667500 376133 321686 712002 68826 ,627915 656358 963646 362317 637348 667500 376133 321686 712002 68826 
12368 834371 138267 484182 887415 303627 77746 567139 240303 849230 ,12368 834371 138267 484182 887415 303627 77746 567139 240303 849230 
333314 210238 495040 438116 963648 520448 769451 908283 380498 226459 ,333314 210238 495040 438116 963648 520448 769451 908283 380498 226459 
474752 833462 224669 274038 806841 938563 58892 598294 474400 85163 ,474752 833462 224669 274038 806841 938563 58892 598294 474400 85163 
649860 767441 398009 654729 973678 590156 641751 480316 697658 76787 ,649860 767441 398009 654729 973678 590156 641751 480316 697658 76787 
689361 273545 287567 941872 870301 679194 15558 956145 398903 128847 ,689361 273545 287567 941872 870301 679194 15558 956145 398903 128847 
348882 595322 733520 817349 759981 834013 695461 430792 111147 941602 ,348882 595322 733520 817349 759981 834013 695461 430792 111147 941602 
218934 379230 964986 781696 767853 213065 309759 566229 792803 5788 ,218934 379230 964986 781696 767853 213065 309759 566229 792803 5788 
137972 433120 610358 95537 848682 521695 238535 208461 159032 949613 ,137972 433120 610358 95537 848682 521695 238535 208461 159032 949613 
85858 131417 797883 449219 414212 955252 704772 600823 279756 374984 ,85858 131417 797883 449219 414212 955252 704772 600823 279756 374984 
408339 523176 90147 729960 283710 848162 788491 769957 918159 146196 ,408339 523176 90147 729960 283710 848162 788491 769957 918159 146196 
14963 919190 102457 823305 225678 922197 986017 112915 641794 458790 ,14963 919190 102457 823305 225678 922197 986017 112915 641794 458790 
309126 598365 594765 322028 811341 310601 67678 348761 810367 57074 ,309126 598365 594765 322028 811341 310601 67678 348761 810367 57074 
513160 6384 843097 652913 68008 199499 402285 456534 215673 128396 ,513160 6384 843097 652913 68008 199499 402285 456534 215673 128396 
351913 780086 415480 662370 559387 425448 182168 99114 525272 280732 ,351913 780086 415480 662370 559387 425448 182168 99114 525272 280732 
261736 660892 573670 651292 231763 243775 518661 448268 603856 599177 ,261736 660892 573670 651292 231763 243775 518661 448268 603856 599177 
730177 695989 890433 83068 23 402985 20014 192274 469044 547496 ,730177 695989 890433 83068 23 402985 20014 192274 469044 547496 
786992 344785 451332 959605 125 830837 393490 703231 65631 390649 ,786992 344785 451332 959605 125 830837 393490 703231 65631 390649 
261917 814887 233800 712710 518085 514088 905009 44865 487529 152559 ,261917 814887 233800 712710 518085 514088 905009 44865 487529 152559 
233800 821969 514088 351036 20781 599065 649264 242627 259902 487529 ,233800 821969 514088 351036 20781 599065 649264 242627 259902 487529 
506633 231763 518661 603856 341175 24448 526233 660892 695291 242627 ,506633 231763 518661 603856 341175 24448 526233 660892 695291 242627 
99226 905442 203352 868154 807720 416726 191065 464478 828498 797094 ,99226 905442 203352 868154 807720 416726 191065 464478 828498 797094 
222322 864486 771691 50282 574289 899428 59455 505659 763636 179636 ,222322 864486 771691 50282 574289 899428 59455 505659 763636 179636 
258016 106711 315308 731505 560149 735675 927535 810523 272255 62407 ,258016 106711 315308 731505 560149 735675 927535 810523 272255 62407 
685028 420081 351043 721067 675330 780464 94440 73374 237925 92943 ,685028 420081 351043 721067 675330 780464 94440 73374 237925 92943 
173805 88343 396232 81851 898719 59382 588387 869064 330154 404407 ,173805 88343 396232 81851 898719 59382 588387 869064 330154 404407 
475951 756674 997347 881863 803050 541136 57157 213478 966913 201687 ,475951 756674 997347 881863 803050 541136 57157 213478 966913 201687 
79087 526297 156333 862060 225648 253752 716541 278669 586941 293045 ,79087 526297 156333 862060 225648 253752 716541 278669 586941 293045 
944559 946535 102030 862533 103954 421528 770642 214850 423629 836113 ,944559 946535 102030 862533 103954 421528 770642 214850 423629 836113 
177587 423629 977949 44997 597155 225648 234749 739783 780010 102030 ,177587 423629 977949 44997 597155 225648 234749 739783 780010 102030 
391191 268685 408613 951126 668400 343334 35469 108555 185390 481858 ,391191 268685 408613 951126 668400 343334 35469 108555 185390 481858 
854526 960900 828251 807720 210616 173272 633254 923217 967851 697684 ,854526 960900 828251 807720 210616 173272 633254 923217 967851 697684 
989559 997767 974548 256669 301487 56157 920647 114100 854583 845267 ,989559 997767 974548 256669 301487 56157 920647 114100 854583 845267 
448885 489074 654394 26776 982949 246903 705931 317930 18659 89280 ,448885 489074 654394 26776 982949 246903 705931 317930 18659 89280 
39357 356197 818123 737101 996692 848004 797377 882822 651848 624493 ,39357 356197 818123 737101 996692 848004 797377 882822 651848 624493 
429871 510313 351913 422983 815392 540616 716513 363371 466918 58637 ,429871 510313 351913 422983 815392 540616 716513 363371 466918 58637 
391053 18080 768374 804830 608331 679399 66077 862379 963597 407703 ,391053 18080 768374 804830 608331 679399 66077 862379 963597 407703 
39357 848004 624493 996692 651848 903637 271222 671347 628621 356197 ,39357 848004 624493 996692 651848 903637 271222 671347 628621 356197 
315372 8962 976603 126521 552377 488852 784758 196806 705944 36379 ,315372 8962 976603 126521 552377 488852 784758 196806 705944 36379 
768374 963597 407703 541478 852660 66077 730500 843827 391053 856426 ,768374 963597 407703 541478 852660 66077 730500 843827 391053 856426 
179550 84945 744394 100874 955330 433827 780028 96337 337876 929942 ,179550 84945 744394 100874 955330 433827 780028 96337 337876 929942 
433827 181899 338256 464980 780028 326197 107069 80761 179550 448825 ,433827 181899 338256 464980 780028 326197 107069 80761 179550 448825 
558871 887616 898576 513920 128381 933921 588387 590990 170708 331722 ,558871 887616 898576 513920 128381 933921 588387 590990 170708 331722 
919187 533007 711591 632643 881863 333414 36090 942574 366605 798300 ,919187 533007 711591 632643 881863 333414 36090 942574 366605 798300 
56556 856708 189684 232776 607398 833702 419800 113179 39494 998229 ,56556 856708 189684 232776 607398 833702 419800 113179 39494 998229 
108114 638561 431425 480825 264399 74984 135730 824730 139355 699912 ,108114 638561 431425 480825 264399 74984 135730 824730 139355 699912 
784956 510012 816931 537376 924153 421614 361876 204975 732653 50563 ,784956 510012 816931 537376 924153 421614 361876 204975 732653 50563 
475404 666180 772971 502230 248795 444964 414732 77772 505548 912294 ,475404 666180 772971 502230 248795 444964 414732 77772 505548 912294 
495266 82687 87209 79567 180948 391817 87692 606945 308068 497361 ,495266 82687 87209 79567 180948 391817 87692 606945 308068 497361 
903852 375949 574887 896507 926426 828655 45623 682045 827981 131908 ,903852 375949 574887 896507 926426 828655 45623 682045 827981 131908 
718426 664896 364312 527344 636826 305583 667048 587443 745158 476134 ,718426 664896 364312 527344 636826 305583 667048 587443 745158 476134 
969504 513884 526355 386447 5615 636826 527344 26214 667048 695461 ,969504 513884 526355 386447 5615 636826 527344 26214 667048 695461 
504044 295877 877751 288925 91819 852185 289747 36494 268421 370052 ,504044 295877 877751 288925 91819 852185 289747 36494 268421 370052 
447814 141408 485592 363832 755127 745741 526355 256208 516439 526271 ,447814 141408 485592 363832 755127 745741 526355 256208 516439 526271 
683740 310327 347180 119378 324296 456042 827376 704250 822793 83763 ,683740 310327 347180 119378 324296 456042 827376 704250 822793 83763 
680291 187388 211851 147850 263916 824735 716670 790885 108047 519719 ,680291 187388 211851 147850 263916 824735 716670 790885 108047 519719 
473257 871797 101624 216352 416571 442751 688953 106331 834050 233924 ,473257 871797 101624 216352 416571 442751 688953 106331 834050 233924 
750647 950004 902064 719489 316266 742278 671115 494831 279722 972207 ,750647 950004 902064 719489 316266 742278 671115 494831 279722 972207 
825684 748442 434313 406521 268658 16534 10126 321918 58827 705105 ,825684 748442 434313 406521 268658 16534 10126 321918 58827 705105 
709066 11827 883590 243026 462426 358199 425492 214099 862963 428 ,709066 11827 883590 243026 462426 358199 425492 214099 862963 428 
352491 653924 278676 401041 210850 785202 750878 764693 258261 978846 ,352491 653924 278676 401041 210850 785202 750878 764693 258261 978846 
178644 97340 754099 48189 477826 948450 557018 454011 121887 148465 ,178644 97340 754099 48189 477826 948450 557018 454011 121887 148465 
625276 624104 917135 657115 780660 822974 60825 378341 682553 752678 ,625276 624104 917135 657115 780660 822974 60825 378341 682553 752678 
262661 391586 21229 813509 987654 851253 620681 285199 779712 850970 ,262661 391586 21229 813509 987654 851253 620681 285199 779712 850970 
89748 481016 659801 932755 868022 454510 634442 895565 829973 729289 ,89748 481016 659801 932755 868022 454510 634442 895565 829973 729289 
502187 304992 142169 830084 354520 359358 703708 956257 56020 965450 ,502187 304992 142169 830084 354520 359358 703708 956257 56020 965450 
430973 693264 199579 460644 914680 730899 888065 492880 136500 464122 ,430973 693264 199579 460644 914680 730899 888065 492880 136500 464122 
946016 758149 994429 990788 493710 375043 266473 874215 102818 6935 ,946016 758149 994429 990788 493710 375043 266473 874215 102818 6935 
14963 12914 713113 166174 641794 917258 242223 680068 294327 288688 ,14963 12914 713113 166174 641794 917258 242223 680068 294327 958650 
915415 399302 637953 30030 959928 719251 80761 294652 240538 200090 ,915415 399302 637953 30030 959928 719251 80761 294652 240538 200090 
932461 480316 626296 96492 400219 6209 36090 782541 973848 478377 ,932461 480316 626296 96492 400219 6209 36090 782541 973848 478377 
458644 409840 697937 638893 44443 429991 123714 670374 99471 629982 ,458644 409840 697937 638893 44443 429991 123714 670374 99471 629982 
74710 86999 727294 101531 590557 364706 471295 123710 522276 293454 ,74710 86999 727294 101531 590557 364706 471295 123710 522276 293454 
72279 268421 370052 978821 473493 172103 841707 390026 156122 821972 ,72279 268421 370052 978821 473493 172103 841707 390026 156122 821972 
777997 794305 909063 473493 246903 834210 156122 47704 982949 459513 ,777997 794305 909063 473493 246903 834210 156122 47704 982949 459513 
487138 741747 461637 82035 771161 100496 978821 305583 152153 514615 ,487138 741747 461637 82035 771161 100496 978821 305583 152153 514615 
161363 466918 969648 578335 633019 963746 293921 220052 523922 3140 ,161363 466918 969648 578335 633019 963746 293921 220052 523922 3140 
682202 25197 261196 369825 972833 291492 465272 238759 370183 290988 ,682202 25197 261196 369825 972833 291492 465272 238759 370183 290988 
756342 765487 571210 483405 106335 876898 181556 544386 331762 889992 ,756342 765487 571210 483405 106335 876898 181556 544386 331762 889992 
81964 417797 380603 527001 662250 526638 514071 317817 4231 963065 ,81964 417797 380603 527001 662250 526638 514071 317817 4231 963065 
960906 207809 843097 391332 200671 215738 474031 69242 498714 871515 ,960906 207809 843097 391332 200671 215738 474031 69242 498714 871515 
721330 742541 432489 84462 633743 503200 513843 699300 378938 600670 ,721330 742541 432489 84462 633743 503200 513843 699300 378938 600670 
512559 503200 987365 100879 181911 292083 378938 95215 599662 627915 ,512559 503200 987365 100879 181911 292083 378938 95215 599662 627915 
465017 286446 795051 465648 530070 194056 435956 603455 689874 389995 ,465017 286446 795051 465648 530070 194056 435956 603455 689874 389995 
213065 667048 421731 824226 677500 638524 558991 971283 535427 768898 ,213065 667048 421731 824226 677500 638524 558991 971283 535427 768898 
995857 439518 486337 469986 41135 416441 771106 451722 971220 846492 ,995857 439518 486337 469986 41135 416441 771106 451722 971220 846492 
495791 40208 20453 141808 562916 15155 66981 102887 489139 532369 ,495791 40208 20453 141808 562916 15155 66981 102887 489139 532369 
134460 775612 764842 691981 828217 303716 340760 641696 572331 225330 ,134460 775612 764842 691981 828217 303716 340760 641696 572331 225330 
379313 623333 456017 949368 174845 416067 884550 186620 637953 179596 ,379313 623333 456017 949368 174845 416067 884550 186620 637953 179596 
155281 349064 92774 8928 456231 371153 681344 143803 313502 564225 ,155281 349064 92774 8928 456231 371153 681344 143803 313502 564225 
957837 995483 994471 674287 616881 323282 658938 892963 309759 893350 ,957837 995483 994471 674287 616881 323282 658938 892963 309759 893350 
968598 386375 15062 512827 142347 752664 303570 576592 62879 137106 ,968598 386375 15062 512827 142347 752664 303570 576592 62879 137106 
930387 450451 983018 138194 957691 399442 956836 153526 805665 544392 ,930387 450451 983018 138194 957691 399442 956836 153526 805665 544392 
99178 34355 108301 808914 850411 735926 895262 748630 501456 549641 ,99178 34355 108301 808914 850411 735926 895262 748630 501456 549641 
858603 133004 200679 391254 956836 243066 193654 909077 179606 226575 ,858603 133004 200679 391254 956836 243066 193654 909077 179606 226575 
715901 725467 232811 451722 655509 659375 106836 687337 533463 177916 ,715901 725467 232811 451722 655509 659375 106836 687337 533463 177916 
132021 855251 132331 768227 830820 960656 798232 966470 661070 60813 ,132021 855251 132331 768227 830820 960656 798232 966470 661070 60813 
622123 444202 374202 249 919870 641701 374443 240814 575750 585492 ,622123 444202 374202 249 919870 641701 374443 240814 575750 585492 
473466 406909 470918 491404 166363 129226 993338 105782 53971 434154 ,473466 406909 470918 491404 166363 129226 993338 105782 53971 434154 
547155 456656 518504 172317 862063 573670 354003 429545 327082 906744 ,547155 456656 518504 172317 862063 573670 354003 429545 327082 906744 
941182 227624 412380 968770 882306 458452 926018 992941 690542 8523 ,941182 227624 412380 968770 882306 458452 926018 992941 690542 8523 
990410 564151 545637 968335 780793 835727 272464 734821 828993 173797 ,990410 564151 545637 968335 780793 835727 272464 734821 828993 173797 
598294 58892 97546 2031 548701 58207 514759 726266 85163 199492 ,598294 58892 97546 2031 548701 58207 514759 726266 85163 199492 
511191 474752 211799 274120 549406 937787 924781 904926 793171 243005 ,511191 474752 211799 274120 549406 937787 924781 904926 793171 243005 
654775 16548 222162 745438 601226 143074 229136 96891 917644 145982 ,654775 16548 222162 745438 601226 143074 229136 96891 917644 145982 
304471 126493 379459 233800 677812 404705 432555 978419 658248 490175 ,304471 126493 379459 233800 677812 404705 432555 978419 658248 490175 
954340 524825 105156 529389 31449 423673 261483 809730 85615 497656 ,954340 524825 105156 529389 31449 423673 261483 809730 85615 497656 
208939 815179 931623 783082 122279 318761 623616 134725 794066 437073 ,208939 815179 931623 783082 122279 318761 623616 134725 794066 437073 
484667 225207 668278 405654 975020 494103 193705 460197 638561 955988 ,484667 225207 668278 405654 975020 494103 193705 460197 638561 955988 
470857 521869 73132 841399 854526 500558 494831 121034 690476 501780 ,470857 521869 73132 841399 854526 500558 494831 121034 690476 501780 
20355 990028 439741 238091 301307 247240 361207 391634 204079 281911 ,20355 990028 439741 238091 301307 247240 361207 391634 204079 281911 
612190 916037 766085 793800 545675 609973 548929 52503 175706 319349 ,612190 916037 766085 793800 545675 609973 548929 52503 175706 319349 
473916 369926 460058 996299 445803 239009 187632 200306 460958 180235 ,473916 369926 460058 996299 445803 239009 187632 200306 460958 180235 
311148 198368 404 386655 992426 606845 791338 855379 470889 946094 ,311148 198368 404 386655 992426 606845 791338 855379 470889 946094 
909867 130253 784950 101620 276190 713177 203665 909125 265504 140408 ,909867 130253 784950 101620 276190 713177 203665 909125 265504 140408 
251025 653827 610863 128683 257810 827999 905099 318819 982031 486146 ,251025 653827 610863 128683 257810 827999 905099 318819 982031 486146 
659286 704719 663091 590898 75913 481858 147649 802550 67722 665930 ,659286 704719 663091 590898 75913 481858 147649 802550 67722 665930 
239009 369926 353190 187632 96656 473916 582968 927850 321377 374437 ,239009 369926 353190 187632 96656 473916 582968 927850 321377 374437 
460649 535006 374609 324563 128683 395005 556848 408613 57748 44289 ,460649 535006 374609 324563 128683 395005 556848 408613 57748 44289 
481858 704719 158755 102714 390167 366551 37750 244992 807423 788540 ,481858 704719 158755 102714 390167 366551 37750 244992 807423 788540 
39227 391602 733035 660804 130611 227826 922111 146913 538751 338410 ,39227 391602 733035 660804 130611 227826 922111 146913 538751 338410 
1054 579784 818023 420395 77505 507386 960684 126990 426874 272948 ,1054 579784 818023 420395 77505 507386 960684 126990 426874 272948 
960043 251462 520434 243021 882476 499563 857277 221598 834166 841610 ,960043 251462 520434 243021 882476 499563 857277 221598 834166 841610 
683822 346521 416135 867203 307101 455633 294864 977119 23481 247979 ,683822 346521 416135 867203 307101 455633 294864 977119 23481 247979 
81172 619458 951282 276566 715407 50999 175963 482087 69464 518252 ,81172 619458 951282 276566 715407 50999 175963 482087 69464 518252 
892600 232837 622000 269037 14910 264467 827618 947566 989680 64695 ,892600 232837 622000 269037 14910 264467 827618 947566 989680 64695 
682737 369300 460071 619236 699935 179665 669821 310601 801664 348761 ,682737 369300 460071 619236 699935 179665 669821 310601 801664 348761 
571703 299653 156697 214381 811486 124734 967605 813092 746863 302070 ,571703 299653 156697 214381 811486 124734 967605 813092 746863 302070 
453465 269539 879734 888133 472274 931634 250522 573294 548158 877021 ,453465 269539 879734 888133 472274 931634 250522 573294 548158 877021 
889095 931877 191650 751164 423568 690733 223895 21936 601960 405905 ,889095 931877 191650 751164 423568 690733 223895 21936 601960 405905 
920725 482138 268578 583752 273902 40300 14241 836166 205062 623160 ,920725 482138 268578 583752 273902 40300 14241 836166 205062 623160 
816557 367622 445587 216137 140966 792293 117328 623120 831160 717927 ,816557 367622 445587 216137 140966 792293 117328 623120 831160 717927 
296414 679756 924645 911235 661198 411842 193479 699877 107001 439234 ,296414 679756 924645 911235 661198 411842 193479 699877 107001 439234 
899743 359141 635645 954491 344873 169655 845267 268414 355051 269653 ,899743 359141 635645 954491 344873 169655 845267 268414 355051 269653 
808352 435956 365407 994017 658961 28997 525043 708759 429991 419339 ,808352 435956 365407 994017 658961 28997 525043 708759 429991 419339 
24905 262109 305221 541682 242337 601006 572638 636896 82241 525043 ,24905 262109 305221 541682 242337 601006 572638 636896 82241 525043 
808352 658961 28997 635463 531166 242337 435956 522021 429503 365407 ,808352 658961 28997 635463 531166 242337 435956 522021 429503 365407 
421315 964746 312460 593217 704618 938730 943241 386729 168614 141216 ,421315 964746 312460 593217 704618 938730 943241 386729 168614 141216 
651848 759920 837803 688282 487032 746574 550173 242342 575095 58793 ,651848 759920 837803 688282 487032 746574 550173 242342 575095 58793 
755142 916258 407360 966434 79071 666187 968873 110664 509403 640877 ,755142 916258 407360 966434 79071 666187 968873 110664 509403 640877 
41467 460204 781697 203621 794405 821706 677213 890830 264309 151364 ,41467 460204 781697 203621 794405 821706 677213 890830 264309 151364 
510176 834707 230454 245022 612916 936633 506494 587768 294707 128864 ,510176 834707 230454 245022 612916 936633 506494 587768 294707 128864 
618154 871593 960934 148941 852468 679493 155991 527497 334135 391053 ,618154 871593 960934 148941 852468 679493 155991 527497 334135 391053 
852252 877057 79537 941141 56214 853306 586144 596512 100751 91201 ,852252 877057 79537 941141 56214 853306 586144 596512 100751 91201 
514599 166337 20781 514088 560410 518085 741454 681531 61303 29517 ,514599 166337 20781 514088 560410 518085 741454 681531 61303 29517 
702219 292312 235707 998798 723784 760957 156343 82714 505344 804063 ,702219 292312 235707 998798 723784 760957 156343 82714 505344 804063 
770021 490273 889630 259567 259079 632458 862519 381567 910696 737848 ,770021 490273 889630 259567 259079 632458 862519 381567 910696 737848 
610558 715941 65669 835860 994294 421091 271258 320877 891488 490840 ,610558 715941 65669 835860 994294 421091 271258 320877 891488 490840 
753566 740957 925228 42242 914777 673180 413661 831242 538594 842088 ,753566 740957 925228 42242 914777 673180 413661 831242 538594 842088 
846585 69943 555947 997489 185607 762072 774399 844080 905019 464624 ,846585 69943 555947 997489 185607 762072 774399 844080 905019 464624 
427946 575442 937223 873378 14123 59721 500393 913185 454496 85064 ,427946 575442 937223 873378 14123 59721 500393 913185 454496 85064 
839430 215673 123829 890167 634919 13594 193675 248355 570139 619063 ,839430 215673 123829 890167 634919 13594 193675 248355 570139 619063 
886365 129331 892868 921400 970122 872495 80633 848131 69943 210397 ,886365 129331 892868 921400 970122 872495 80633 848131 69943 210397 
140930 212579 516549 894693 694475 363567 618180 571284 748250 228401 ,140930 212579 516549 894693 694475 363567 618180 571284 748250 228401 
644113 756923 775960 571892 629011 84901 576838 909063 37413 495931 ,644113 756923 775960 571892 629011 84901 576838 909063 37413 495931 
996890 231747 817915 802802 569581 532682 825257 993686 848871 849134 ,996890 231747 817915 802802 569581 532682 825257 993686 848871 849134 
425998 516653 253562 981250 828498 861988 692791 486157 756342 516086 ,425998 516653 253562 981250 828498 861988 692791 486157 756342 516086 
422974 516512 139969 655631 901565 577958 905660 667048 490079 862099 ,422974 516512 139969 655631 901565 577958 905660 667048 490079 862099 
207876 882972 253562 688242 425998 176454 516086 16687 756342 745423 ,207876 882972 253562 688242 425998 176454 516086 16687 756342 745423 
861454 625980 196979 957086 955749 182853 727680 17898 298499 542633 ,861454 625980 196979 957086 955749 182853 727680 17898 298499 542633 
266518 550553 615065 465821 32136 889459 302092 10686 854575 821116 ,266518 550553 615065 465821 32136 889459 302092 10686 854575 821116 
742339 839705 75556 104320 260056 173797 403075 118289 487795 15222 ,742339 839705 75556 104320 260056 173797 403075 118289 487795 15222 
304056 216198 895565 858100 693572 632309 672808 740409 361009 757021 ,304056 216198 895565 858100 693572 632309 672808 740409 361009 757021 
648992 306682 313798 772038 635085 742221 532162 634967 754254 438083 ,648992 306682 313798 772038 635085 742221 532162 634967 754254 438083 
160352 275540 522528 49429 473328 193143 566531 634967 778963 824463 ,160352 275540 522528 49429 473328 193143 566531 634967 778963 824463 
575189 942433 593613 514527 40409 997991 821069 925649 750741 612903 ,575189 942433 593613 514527 40409 997991 821069 925649 750741 612903 
901655 611886 758456 417566 604196 919688 543207 57748 158755 992251 ,901655 611886 758456 417566 604196 919688 543207 57748 158755 992251 
705544 372632 399446 513843 823796 722979 804944 818313 99819 584700 ,705544 372632 399446 513843 823796 722979 804944 818313 99819 584700 
9089 798241 33539 777964 982074 345067 810267 186146 883968 459397 ,9089 798241 33539 777964 982074 345067 810267 186146 883968 459397 
883567 807157 695720 414185 182160 868129 978504 662616 620866 829006 ,883567 807157 695720 414185 182160 868129 978504 662616 620866 829006 
634798 929258 813958 549342 214355 14735 233146 929536 776217 754866 ,634798 929258 813958 549342 214355 14735 233146 929536 776217 754866 
429991 435956 533349 181235 663655 961924 238616 904 112384 917770 ,429991 435956 533349 181235 663655 961924 238616 904 112384 917770 
59401 16368 478356 448958 864416 842402 885074 961020 719489 549601 ,59401 16368 478356 448958 864416 842402 885074 961020 719489 549601 
634798 14735 349187 835957 538859 233146 59401 856426 680653 541439 ,634798 14735 349187 835957 538859 233146 59401 856426 680653 541439 
212872 608421 100792 10589 347180 668428 867996 554773 833597 680843 ,212872 608421 100792 10589 347180 668428 867996 554773 833597 680843 
549500 600330 122937 549611 778081 408339 274692 178950 700940 634263 ,549500 600330 122937 549611 778081 408339 274692 178950 700940 634263 
531166 237971 851125 68757 538402 484593 151441 106348 437108 292631 ,531166 237971 851125 68757 538402 484593 151441 106348 437108 292631 
753640 731862 251055 576866 399170 62856 94252 610061 586541 78954 ,753640 731862 251055 576866 399170 62856 94252 610061 586541 78954 
755289 403218 618970 242437 158775 675135 732877 892978 272198 433056 ,755289 403218 618970 242437 158775 675135 732877 892978 272198 433056 
283205 724523 665039 440705 385864 106458 432879 555486 281770 451722 ,283205 724523 665039 440705 385864 106458 432879 555486 281770 451722 
598953 603937 772717 609650 68831 565440 774191 487325 901287 850031 ,598953 603937 772717 609650 68831 565440 774191 487325 901287 850031 
284782 425243 677439 709218 274197 60396 572845 280379 326514 690627 ,284782 425243 677439 709218 274197 60396 572845 280379 326514 690627 
461582 893413 835990 394452 201928 15259 479799 861214 705486 169713 ,461582 893413 835990 394452 201928 15259 479799 861214 705486 169713 
669378 392215 123468 1808 175483 710604 22097 966133 610889 578857 ,669378 392215 123468 1808 175483 710604 22097 966133 610889 578857 
4756 648529 200549 29977 841707 692419 895958 254377 110110 401084 ,4756 648529 200549 29977 841707 692419 895958 254377 110110 401084 
250363 292523 105156 572718 800357 152864 726378 136532 309573 437003 ,250363 292523 105156 572718 800357 152864 726378 136532 309573 437003 
105244 264783 829502 516677 308933 29977 903116 36925 48174 754160 ,105244 264783 829502 516677 308933 29977 903116 36925 48174 754160 
933248 200671 595261 132586 455933 293505 550603 19689 957791 521619 ,933248 200671 595261 132586 455933 293505 550603 19689 957791 521619 
155281 471778 724019 843822 145931 985885 920796 448832 540401 189163 ,155281 471778 724019 843822 145931 985885 920796 448832 540401 189163 
310601 52234 538039 609481 928194 328397 470420 182142 77493 551253 ,310601 52234 538039 609481 928194 328397 470420 182142 77493 551253 
790580 814082 385779 978340 882298 295611 198321 285803 965139 971846 ,790580 814082 385779 978340 882298 295611 198321 285803 965139 971846 
101677 525247 283166 824463 655499 247761 112307 903014 663145 296374 ,101677 525247 283166 824463 655499 247761 112307 903014 663145 296374 
56380 62392 191143 778889 571026 698169 663145 736404 552375 558650 ,56380 62392 191143 778889 571026 698169 663145 736404 552375 558650 
690733 210541 931877 152414 842271 415391 328397 226730 841158 112134 ,690733 210541 931877 152414 842271 415391 328397 226730 841158 112134 
428229 495266 69466 354353 351395 329479 464913 423202 719517 79460 ,428229 495266 69466 354353 351395 329479 464913 423202 719517 79460 
93126 56020 699956 523207 256082 282923 830084 230651 237923 464860 ,93126 56020 699956 523207 256082 282923 830084 230651 237923 464860 
407767 477946 256450 558741 714375 30466 929199 488399 996493 826936 ,407767 477946 256450 558741 714375 30466 929199 488399 996493 826936 
802831 798899 536494 624680 774666 529404 841863 846914 520877 266108 ,802831 798899 536494 624680 774666 529404 841863 846914 520877 266108 
71222 636138 56620 190165 292809 294194 236962 418120 107483 513843 ,71222 636138 56620 190165 292809 294194 236962 418120 107483 513843 
477918 276290 881927 355451 57074 59135 868879 205851 144271 18686 ,477918 276290 881927 355451 57074 59135 868879 205851 144271 18686 
500670 797966 287413 292809 208554 455900 701106 337682 692633 66219 ,500670 797966 287413 292809 208554 455900 701106 337682 692633 66219 
292509 271952 742221 230607 659754 841077 682233 127837 852866 427750 ,292509 271952 742221 230607 659754 841077 682233 127837 852866 427750 
99114 495801 99117 70680 54680 496973 525240 406574 484277 889945 ,99114 495801 99117 70680 54680 496973 525240 406574 484277 889945 
140181 946203 819404 328928 620645 270139 629469 588520 148470 438147 ,140181 946203 819404 328928 620645 270139 629469 588520 148470 438147 
666810 539828 830247 764138 373910 131194 46644 961346 811321 615857 ,666810 539828 830247 764138 373910 131194 46644 961346 811321 615857 
492874 128864 741367 659723 278125 604524 849884 840094 112915 532322 ,492874 128864 741367 659723 278125 604524 849884 840094 112915 532322 
402431 989550 550331 17625 995703 754477 432293 387211 294597 832931 ,402431 989550 550331 17625 995703 754477 432293 387211 294597 832931 
121481 58041 746006 8799 970122 359538 354818 619044 947085 267194 ,121481 58041 746006 8799 970122 359538 354818 619044 947085 267194 
350521 482510 264807 366977 770421 181023 534872 833182 238383 832931 ,350521 482510 264807 366977 770421 181023 534872 833182 238383 832931 
924670 253243 202537 203146 510831 220716 348049 803521 75999 240413 ,924670 253243 202537 203146 510831 220716 348049 803521 75999 240413 
69733 832931 699595 440923 708799 469806 429991 252239 294597 482510 ,69733 832931 699595 440923 708799 469806 429991 252239 294597 482510 
719587 761700 811903 540243 618092 488024 222431 210908 510576 704461 ,719587 761700 811903 540243 618092 488024 222431 210908 510576 704461 
385520 506005 207983 338410 726349 693184 839683 598672 994847 606699 ,385520 506005 207983 338410 726349 693184 839683 598672 994847 606699 
656043 83127 656256 535019 862063 869318 55726 892433 890728 282123 ,656043 83127 656256 535019 862063 869318 55726 892433 890728 282123 
805678 104627 193479 95186 516378 243026 463434 5751 978323 789960 ,805678 104627 193479 95186 516378 243026 463434 5751 978323 789960 
388460 224344 536871 476899 218467 533804 997946 881784 992756 100496 ,388460 224344 536871 476899 218467 533804 997946 881784 992756 100496 
753372 519498 688242 223520 879722 225321 780183 932817 592344 729876 ,753372 519498 688242 223520 879722 225321 780183 932817 592344 729876 
299031 985782 899521 243469 902755 781572 856446 749801 798731 905524 ,299031 985782 899521 243469 902755 781572 856446 749801 798731 905524 
403958 338599 260509 486347 117676 319561 565033 741750 596614 240970 ,403958 338599 260509 486347 117676 319561 565033 741750 596614 240970 
678947 722112 90200 633046 958960 974279 563015 185345 116526 157151 ,678947 722112 90200 633046 958960 974279 563015 185345 116526 157151 
141433 318567 756962 217836 997767 886895 813339 537349 58197 45472 ,141433 318567 756962 217836 997767 886895 813339 537349 58197 45472 
855257 9083 593361 374811 539917 596536 247825 809487 436964 538821 ,855257 9083 593361 374811 539917 596536 247825 809487 436964 538821 
928725 467769 664641 762479 819309 136814 763435 44980 833769 136440 ,928725 467769 664641 762479 819309 136814 763435 44980 833769 136440 
281295 550489 321099 200032 914026 175282 449193 725467 599068 181023 ,281295 550489 321099 200032 914026 175282 449193 725467 599068 181023 
834002 799966 725467 755689 694849 746995 638561 308933 552667 181023 ,834002 799966 725467 755689 694849 746995 638561 308933 552667 181023 
205670 451722 853460 17673 997991 883983 506418 862830 501108 340849 ,205670 451722 853460 17673 997991 883983 506418 862830 501108 340849 
727837 260056 94242 588951 836748 707120 798972 687255 284993 705635 ,727837 260056 94242 588951 836748 707120 798972 687255 284993 705635 
8224 514961 54381 423557 96711 599461 797962 736499 558650 847381 ,8224 514961 54381 423557 96711 599461 797962 736499 558650 847381 
209230 85199 519450 55726 317898 742912 638032 38633 355043 287172 ,209230 85199 519450 55726 317898 742912 638032 38633 355043 287172 
854911 490300 924020 543120 997634 309214 927850 553739 689035 485762 ,854911 490300 924020 543120 997634 309214 927850 553739 689035 485762 
152215 82241 903803 93890 276000 36340 349739 81187 196527 562734 ,152215 82241 903803 93890 276000 36340 349739 81187 196527 562734 
612627 460391 686433 525005 68769 176379 4076 965883 82241 335161 ,612627 460391 686433 525005 68769 176379 4076 965883 82241 335161 
60931 867873 561220 934166 871666 660804 130138 338410 889296 68724 ,60931 867873 561220 934166 871666 660804 130138 338410 889296 68724 
853365 580092 209069 450433 47681 666369 948696 232776 578688 259915 ,853365 580092 209069 450433 47681 666369 948696 232776 578688 259915 
314738 923 203427 360473 613739 748252 704369 250623 506476 370538 ,314738 923 203427 360473 613739 748252 704369 250623 506476 370538 
748442 229434 364475 293730 282654 111137 176653 248869 348603 954837 ,748442 229434 364475 293730 282654 111137 176653 248869 348603 954837 
655097 215675 46268 824226 994698 421123 912239 929250 123970 907724 ,655097 215675 46268 824226 994698 421123 912239 929250 123970 907724 
538860 36011 977396 255423 488449 931623 936353 555339 904811 185345 ,538860 36011 977396 255423 488449 931623 936353 555339 904811 185345 
305659 250623 506476 900137 510104 668743 975895 996759 17308 121566 ,305659 250623 506476 900137 510104 668743 975895 996759 17308 121566 
838077 984044 138459 641701 961721 932755 833537 968767 715658 585492 ,838077 984044 138459 641701 961721 932755 833537 968767 715658 585492 
533503 513843 412147 547091 250567 289288 169334 96918 275343 603422 ,533503 513843 412147 547091 250567 289288 169334 96918 275343 603422 
952072 893170 937226 514700 489722 228873 932130 327166 913547 833563 ,952072 893170 937226 514700 489722 228873 932130 327166 913547 833563 
929270 894982 862321 278305 929104 224730 973881 432528 457895 536444 ,929270 894982 862321 278305 929104 224730 973881 432528 457895 536444 
715377 493763 384928 472112 35726 71845 58474 249355 961753 199001 ,715377 493763 384928 472112 35726 71845 58474 249355 961753 199001 
856301 890920 811463 848434 642585 498554 16089 843822 894982 424957 ,856301 890920 811463 848434 642585 498554 16089 843822 894982 424957 
390049 379636 520033 31090 997991 754281 929825 432879 176493 350631 ,390049 379636 520033 31090 997991 754281 929825 432879 176493 350631 
985690 449675 15632 618575 89649 853305 877134 158924 940640 932296 ,985690 449675 15632 618575 89649 853305 877134 158924 940640 932296 
198529 891280 589380 690193 480292 788427 252882 932296 841399 13450 ,198529 891280 589380 690193 480292 788427 252882 932296 841399 13450 
359509 413932 207571 580925 568952 238726 135993 251518 213165 448322 ,359509 413932 207571 580925 568952 238726 135993 251518 213165 448322 
82241 861896 441576 238726 469248 813092 448322 84945 936409 89804 ,82241 861896 441576 238726 469248 813092 448322 84945 936409 89804 
645733 405677 705013 827153 788427 398009 353037 13450 941222 313125 ,645733 405677 705013 827153 788427 398009 353037 13450 941222 313125 
787394 191506 285636 372957 796679 430519 314583 520225 528796 11433 ,787394 191506 285636 372957 796679 430519 314583 520225 528796 11433 
555711 88784 969192 295649 742390 952041 449438 93213 312407 4712 ,555711 88784 969192 295649 742390 952041 449438 93213 312407 4712 
164497 461993 330691 964119 735577 105802 700424 630120 34639 505452 ,164497 461993 330691 964119 735577 105802 700424 630120 34639 505452 
927932 779827 714557 440031 238583 439594 222335 722327 540569 882229 ,927932 779827 714557 440031 238583 439594 222335 722327 540569 882229 
363885 698478 392215 609415 713095 854931 292820 185429 3911 736586 ,363885 698478 392215 609415 713095 854931 292820 185429 3911 736586 
863061 475296 812226 247825 398813 619200 106335 541840 511149 574114 ,863061 475296 812226 247825 398813 619200 106335 541840 511149 574114 
245048 851038 574744 855697 845121 439536 960042 519429 640409 396298 ,245048 851038 574744 855697 845121 439536 960042 519429 640409 396298 
911677 458018 460421 444785 249336 424070 556686 855728 714396 539564 ,911677 458018 460421 444785 249336 424070 556686 855728 714396 539564 
111497 996759 645372 413202 159341 596590 880257 743001 929002 879734 ,111497 996759 645372 413202 159341 596590 880257 743001 929002 879734 
526812 825986 814131 344841 841399 521869 343066 435279 413261 841342 ,526812 825986 814131 344841 841399 521869 343066 435279 413261 841342 
386375 793759 396416 383577 441918 619589 335124 86932 489480 916737 ,386375 793759 396416 383577 441918 619589 335124 86932 489480 916737 
975182 124932 888825 887197 96353 806919 212983 221516 742404 360620 ,975182 124932 888825 887197 96353 806919 212983 221516 742404 360620 
547301 644421 253540 733096 210616 806768 491043 633190 887287 460058 ,547301 644421 253540 733096 210616 806768 491043 633190 887287 460058 
826575 634442 887287 399034 707478 876201 393685 885797 274577 185872 ,826575 634442 887287 399034 707478 876201 393685 885797 274577 185872 
36586 942666 697684 886434 905080 431398 435638 984224 879679 381343 ,36586 942666 697684 886434 905080 431398 435638 984224 879679 381343 
973434 755872 447457 900318 881021 448629 443515 849095 854635 212747 ,973434 755872 447457 900318 881021 448629 443515 849095 854635 212747 
320507 498287 224898 663333 128242 841434 953544 585389 249641 333134 ,320507 498287 224898 663333 128242 841434 953544 585389 249641 333134 
71883 952545 18079 119447 883779 4060 125862 240774 197926 128864 ,71883 952545 18079 119447 883779 4060 125862 240774 197926 128864 
444193 652405 446756 307101 41741 649264 782969 346681 235054 788119 ,444193 652405 446756 307101 41741 649264 782969 346681 235054 788119 
189336 739954 690415 663671 335731 954542 709124 884082 522987 576493 ,189336 739954 690415 663671 335731 954542 709124 884082 522987 576493 
484537 919226 953946 819626 674912 274997 376224 605126 266614 822324 ,484537 919226 953946 819626 674912 274997 376224 605126 266614 822324 
72541 723069 730731 429494 698710 82241 599145 544183 994017 708759 ,72541 723069 730731 429494 698710 82241 599145 544183 994017 708759 
900912 717128 456332 136929 401749 790666 499472 533630 745606 354315 ,900912 717128 456332 136929 401749 790666 499472 533630 745606 354315 
500558 646642 535725 836877 404412 966233 504236 193600 905019 376537 ,500558 646642 535725 836877 404412 966233 504236 193600 905019 376537 
905981 538689 705453 545643 99226 857543 535605 494087 491178 538930 ,905981 538689 705453 545643 99226 857543 535605 494087 491178 538930 
205142 881811 59401 291081 680348 555298 250854 434322 393496 97354 ,205142 881811 59401 291081 680348 555298 250854 434322 393496 97354 
170217 233146 61933 190633 538689 203664 396405 434322 678034 63654 ,170217 233146 61933 190633 538689 203664 396405 434322 678034 63654 
328286 995975 240485 908040 491976 953090 796591 542212 479709 958226 ,328286 995975 240485 908040 491976 953090 796591 542212 479709 958226 
913950 769594 20842 231146 531602 532862 71649 805451 481261 262688 ,913950 769594 20842 231146 531602 532862 71649 805451 481261 262688 
607978 170280 312174 695720 449524 709534 300940 721439 698478 440705 ,607978 170280 312174 695720 449524 709534 300940 721439 698478 440705 
490668 744985 910869 175108 719200 628195 266273 80802 50867 784965 ,490668 744985 910869 175108 719200 628195 266273 80802 50867 784965 
930040 836251 686003 176121 554639 268012 836813 602413 902623 920823 ,930040 836251 686003 176121 554639 268012 836813 602413 902623 920823 
179180 547707 143427 125258 612301 328919 697274 341464 497940 975847 ,179180 547707 143427 125258 612301 328919 697274 341464 497940 975847 
129793 499798 618341 291535 53841 633307 276063 627915 809990 332338 ,129793 499798 618341 291535 53841 633307 276063 627915 809990 332338 
919248 780762 858701 542012 395873 988688 231791 191650 682503 1962 ,919248 780762 858701 542012 395873 988688 231791 191650 682503 1962 
220716 294458 959314 629103 876891 846080 886365 299626 831145 635046 ,220716 294458 959314 629103 876891 846080 886365 299626 831145 635046 
890851 846080 960656 540601 920647 443545 843353 223607 972155 563015 ,890851 846080 960656 540601 920647 443545 843353 223607 972155 563015 
236740 233306 303391 704772 500944 292380 203413 601034 353624 869341 ,236740 233306 303391 704772 500944 292380 203413 601034 353624 869341 
738661 84061 364706 281026 466822 376030 782841 429541 815477 815259 ,738661 84061 364706 281026 466822 376030 782841 429541 815477 815259 
163165 909683 855766 481350 616968 855586 962845 210121 542986 352634 ,163165 909683 855766 481350 616968 855586 962845 210121 542986 352634 
514063 236399 16099 694950 72678 474552 724620 353184 316689 876379 ,514063 236399 16099 694950 72678 474552 724620 353184 316689 876379 
933947 824226 604296 767893 570349 541355 768341 48420 479001 309759 ,933947 824226 604296 767893 570349 541355 768341 48420 479001 309759 
187391 273731 210238 349123 975169 153586 107660 383268 348202 554583 ,187391 273731 210238 349123 975169 153586 107660 383268 348202 554583 
122766 673328 958445 323371 278527 814770 326545 352702 555272 322639 ,122766 673328 958445 323371 278527 814770 326545 352702 555272 322639 
587547 210616 957413 844162 856337 854794 752330 960656 226362 888133 ,587547 210616 957413 844162 856337 854794 752330 960656 226362 888133 
107087 308460 488583 809350 302346 627915 248125 915141 933947 687983 ,107087 308460 488583 809350 302346 627915 248125 915141 933947 687983 
106266 192720 497680 337462 397453 105103 16803 351200 797485 174980 ,106266 192720 497680 337462 397453 105103 16803 351200 797485 174980 
122766 958445 124795 413916 326545 673328 323371 83901 16803 960697 ,122766 958445 124795 413916 326545 673328 323371 83901 16803 960697 
400697 690476 810267 121026 60699 798972 867663 928322 765594 861542 ,400697 690476 810267 121026 60699 798972 867663 928322 765594 861542 
572319 839036 349083 133429 695102 590876 788051 146747 561699 685995 ,572319 839036 349083 133429 695102 590876 788051 146747 561699 685995 
734979 265204 90567 525210 80802 303391 634917 379631 279740 410090 ,734979 265204 90567 525210 80802 303391 634917 379631 279740 410090 
897851 487962 390187 171514 898749 410288 686969 393059 690276 165537 ,897851 487962 390187 171514 898749 410288 686969 393059 690276 165537 
265698 336297 924645 179261 125260 834280 942320 61565 199929 130611 ,265698 336297 924645 179261 125260 834280 942320 61565 199929 130611 
89508 942320 130611 199929 145354 300196 811533 493251 713113 580988 ,89508 942320 130611 199929 145354 300196 811533 493251 713113 580988 
716528 844633 88338 498654 703066 82378 628594 815419 720001 833091 ,716528 844633 88338 498654 703066 82378 628594 815419 720001 833091 
261394 325208 603287 737270 141897 411052 104815 367412 518085 915141 ,261394 325208 603287 737270 141897 411052 104815 367412 518085 915141 
141887 851429 530441 99554 258160 948267 899098 813343 403958 201493 ,141887 851429 530441 99554 258160 948267 899098 813343 403958 201493 
523533 524904 406205 696027 437003 389946 242215 384232 406012 465475 ,523533 524904 406205 696027 437003 389946 242215 384232 406012 465475 
263668 99554 851429 141887 530441 899098 948267 766398 813339 223888 ,263668 99554 851429 141887 530441 899098 948267 766398 813339 223888 
208942 31078 491819 560985 138433 165424 791473 697326 770983 254829 ,208942 31078 491819 560985 138433 165424 791473 697326 770983 254829 
842730 988648 823459 823682 926834 902967 200329 251673 725525 96003 ,842730 988648 823459 823682 926834 902967 200329 251673 725525 96003 
525487 991794 523207 772671 780419 96003 159260 524966 307139 551098 ,525487 991794 523207 772671 780419 96003 159260 524966 307139 551098 
153299 633514 246696 468052 569459 210926 799635 84398 65189 502215 ,153299 633514 246696 468052 569459 210926 799635 84398 65189 502215 
420148 522285 24616 353011 19974 566296 272252 804490 487832 277319 ,420148 522285 24616 353011 19974 566296 272252 804490 487832 277319 
667130 991773 40851 604263 856708 343997 961877 232776 349384 853445 ,667130 991773 40851 604263 856708 343997 961877 232776 349384 853445 
419622 833018 512070 367484 765691 395622 580437 1550 72404 616221 ,419622 833018 512070 367484 765691 395622 580437 1550 72404 616221 
934836 18440 873226 728950 18184 205206 557853 383379 871790 300770 ,934836 18440 873226 728950 18184 205206 557853 383379 871790 300770 
198196 12076 957326 698478 68503 429215 964768 224765 120476 198466 ,198196 12076 957326 698478 68503 429215 964768 224765 120476 198466 
530354 987903 535659 260837 499771 632681 889715 229134 978711 681240 ,530354 987903 535659 260837 499771 632681 889715 229134 978711 681240 
571723 409615 836714 154958 190082 421643 702770 577958 498844 895462 ,571723 409615 836714 154958 190082 421643 702770 577958 498844 895462 
271622 727682 984547 469320 17884 573242 373177 634235 631678 519655 ,271622 727682 984547 469320 17884 573242 373177 634235 631678 519655 
722199 413156 505085 818011 204344 864192 897196 205846 365739 706747 ,722199 413156 505085 818011 204344 864192 897196 205846 365739 706747 
407519 598801 390765 295852 812069 813437 996513 673388 340403 773125 ,407519 598801 390765 295852 812069 813437 996513 673388 340403 773125 
154262 406395 895459 406803 832630 961519 845188 207587 987336 770844 ,154262 406395 895459 406803 832630 961519 845188 207587 987336 770844 
16866 930523 478166 916384 351812 489064 773125 813437 885686 800396 ,16866 930523 478166 916384 351812 489064 773125 813437 885686 800396 
489064 478166 844143 16866 351812 856836 15692 233297 422525 813437 ,489064 478166 844143 16866 351812 856836 15692 233297 422525 813437 
375889 290077 966506 321905 60193 342195 189594 279611 233948 920938 ,375889 290077 966506 321905 60193 342195 189594 279611 233948 920938 
880233 555475 987336 509359 705254 935409 130138 53062 84844 338599 ,880233 555475 987336 509359 705254 935409 130138 53062 84844 338599 
420970 351095 400653 768341 310293 46236 922007 862433 46189 607917 ,420970 351095 400653 768341 310293 46236 922007 862433 46189 607917 
820551 427070 477569 607917 656058 207189 102965 929539 970132 189594 ,820551 427070 477569 607917 656058 207189 102965 929539 970132 189594 
833404 302875 226060 583752 757307 40300 505477 904119 309839 921772 ,833404 302875 226060 583752 757307 40300 505477 904119 309839 921772 
933412 900748 279159 739954 520471 722265 71067 576493 381260 60562 ,933412 900748 279159 739954 520471 722265 71067 576493 381260 60562 
424045 275001 866314 192341 951368 297636 329655 739013 588387 36043 ,424045 275001 866314 192341 951368 297636 329655 739013 588387 36043 
961788 875592 516552 936855 46854 773652 203081 430026 333904 439395 ,961788 875592 516552 936855 46854 773652 203081 430026 333904 439395 
497886 941052 291218 254155 325994 897451 534872 232269 723441 696105 ,497886 941052 291218 254155 325994 897451 534872 232269 723441 696105 
693019 401718 605940 955938 857943 583752 773061 58848 387175 115757 ,693019 401718 605940 955938 857943 583752 773061 58848 387175 115757 
108047 516321 659613 654906 308191 571026 41701 340212 458921 424095 ,108047 516321 659613 654906 308191 571026 41701 340212 458921 424095 
936205 931877 842272 703170 58077 390825 843289 863723 730705 884833 ,936205 931877 842272 703170 58077 390825 843289 863723 730705 884833 
852733 919056 753014 198529 594283 859432 89433 49919 928322 842328 ,852733 919056 753014 198529 594283 859432 89433 49919 928322 842328 
951980 396896 210616 191358 899898 224749 828498 201928 392147 541652 ,951980 396896 210616 191358 899898 224749 828498 201928 392147 541652 
20649 338198 354621 600165 425492 180314 946427 895241 706498 793258 ,20649 338198 354621 600165 425492 180314 946427 895241 706498 793258 
390587 771596 59153 736046 919331 846832 396896 319129 888133 392147 ,390587 771596 59153 736046 919331 846832 396896 319129 888133 392147 
518720 380655 838807 126277 707286 514082 958120 21737 853925 114864 ,518720 380655 838807 126277 707286 514082 958120 21737 853925 114864 
172910 204599 168942 35873 417778 436230 631696 707791 682659 126277 ,172910 204599 168942 35873 417778 436230 631696 707791 682659 126277 
842048 771691 488380 495461 987846 393809 625343 614565 586152 593247 ,842048 771691 488380 495461 987846 393809 625343 614565 586152 593247 
622173 219350 924958 542091 204246 301431 860467 222214 75620 927691 ,622173 219350 924958 542091 204246 301431 860467 222214 75620 927691 
732286 986729 198529 933152 969115 717155 719587 931707 915760 587547 ,732286 986729 198529 933152 969115 717155 719587 931707 915760 587547 
240423 719587 374870 483410 535024 399459 904955 908667 933152 830953 ,240423 719587 374870 483410 535024 399459 904955 908667 933152 830953 
377635 884892 164547 502614 537802 570088 309634 53860 418953 107314 ,377635 884892 164547 502614 537802 570088 309634 53860 418953 107314 
84739 62250 377767 688302 184713 876838 498689 615869 453990 30666 ,84739 62250 377767 688302 184713 876838 498689 615869 453990 30666 
894992 167208 845908 918849 973434 986729 395569 244032 895044 969115 ,894992 167208 845908 918849 973434 986729 395569 244032 895044 969115 
618465 935935 283205 170280 719150 485064 661486 358967 474752 435103 ,618465 935935 283205 170280 719150 485064 661486 358967 474752 435103 
807707 467579 520418 146510 967726 81357 53855 718175 684870 421731 ,807707 467579 520418 146510 967726 81357 53855 718175 684870 421731 
244504 132828 18402 810367 23420 492880 76032 912160 103697 20349 ,244504 132828 18402 810367 23420 492880 76032 912160 103697 20349 
229563 941984 426935 871233 356906 961557 89804 453505 368166 268767 ,229563 941984 426935 871233 356906 961557 89804 453505 368166 268767 
725100 666219 299810 136536 18402 491808 739013 371408 179473 401333 ,725100 666219 299810 136536 18402 491808 739013 371408 179473 401333 
443515 692508 886142 409738 886171 853467 212747 77746 425445 639867 ,443515 692508 886142 409738 886171 853467 212747 77746 425445 639867 
268767 949715 420827 138038 143787 751858 161572 402947 513843 188996 ,268767 949715 420827 138038 143787 751858 161572 402947 513843 188996 
636826 667395 40916 69029 607141 816703 216739 415699 655012 699053 ,636826 667395 40916 69029 607141 816703 216739 415699 655012 699053 
701180 557763 988490 36090 614134 794785 536378 487239 127479 895214 ,701180 557763 988490 36090 614134 794785 536378 487239 127479 895214 
179118 391831 79810 74302 170598 942434 20392 432879 377140 816586 ,179118 391831 79810 74302 170598 942434 20392 432879 377140 816586 
325761 926716 98809 825013 226741 36090 773854 560263 998229 900318 ,325761 926716 98809 825013 226741 36090 773854 560263 998229 900318 
61758 431300 919017 903896 99226 229913 60069 276931 416726 103717 ,61758 431300 919017 903896 99226 229913 60069 276931 416726 103717 
203998 135490 792718 310819 895459 212662 699531 456285 841551 350236 ,203998 135490 792718 310819 895459 212662 699531 456285 841551 350236 
372883 904876 204795 598717 723620 434766 895992 490956 669167 111879 ,372883 904876 204795 598717 723620 434766 895992 490956 669167 111879 
208982 139643 499797 321245 583983 797998 723907 348164 315679 131282 ,208982 139643 499797 321245 583983 797998 723907 348164 315679 131282 
408035 937360 626068 602894 786018 736586 176782 528522 992126 431723 ,408035 937360 626068 602894 786018 736586 176782 528522 992126 431723 
738332 55408 322269 686677 78001 226527 808627 32597 412493 72746 ,738332 55408 322269 686677 78001 226527 808627 32597 412493 72746 
636366 152115 72936 880947 437337 890885 739001 308761 771542 390760 ,636366 152115 72936 880947 437337 890885 739001 308761 771542 390760 
29635 455291 167879 786951 433587 550782 9180 700576 976639 520877 ,29635 455291 167879 786951 433587 550782 9180 700576 976639 520877 
893431 998874 192334 807489 780660 840143 561041 14082 15558 531690 ,893431 998874 192334 807489 780660 840143 561041 14082 15558 531690 
224365 959960 930387 919620 60361 844385 256534 682105 935211 600922 ,224365 959960 930387 919620 60361 844385 256534 682105 935211 600922 
784190 731769 694746 700091 888410 628151 273269 952863 192808 904207 ,784190 731769 694746 700091 888410 628151 273269 952863 192808 904207 
99169 377720 294597 128021 440990 663726 810198 24946 4645 306316 ,99169 377720 294597 128021 440990 663726 810198 24946 4645 306316 
918583 667362 478632 758427 886607 814380 113003 702274 764138 711096 ,918583 667362 478632 758427 886607 814380 113003 702274 764138 711096 
71222 442316 678881 376339 25701 702870 262094 580866 293868 274641 ,71222 442316 678881 376339 25701 702870 262094 580866 293868 274641 
80802 128941 112203 969865 30466 458537 389531 515651 198392 978595 ,80802 128941 112203 969865 30466 458537 389531 515651 198392 978595 
123974 429541 299464 730557 615006 448371 853419 964707 428863 797043 ,123974 429541 299464 730557 615006 448371 853419 964707 428863 797043 
540855 860327 409111 110783 440674 97585 390187 470155 800609 696372 ,540855 860327 409111 110783 440674 97585 390187 470155 800609 696372 
348916 687397 543599 697807 517588 823908 300991 302762 680524 980868 ,348916 687397 543599 697807 517588 823908 300991 302762 680524 980868 
23435 536494 510573 730557 29963 408914 635099 797043 529404 964707 ,23435 536494 510573 730557 29963 408914 635099 797043 529404 964707 
77672 818963 381568 505445 994010 602899 742264 2179 723820 20479 ,77672 818963 381568 505445 994010 602899 742264 2179 723820 20479 
849559 893172 525282 890338 518504 338649 540031 101550 554388 899330 ,849559 893172 525282 890338 518504 338649 540031 101550 554388 899330 
92328 811685 409567 638032 519450 900602 735926 96564 535584 695903 ,92328 811685 409567 638032 519450 900602 735926 96564 535584 695903 
420949 370052 487715 110006 219937 107357 210214 836167 519598 281015 ,420949 370052 487715 110006 219937 107357 210214 836167 519598 281015 
862816 25271 158914 773834 299691 783477 742221 268709 432187 355043 ,862816 25271 158914 773834 299691 783477 742221 268709 432187 355043 
313275 149058 234636 552998 726370 175619 327216 109590 785983 348822 ,313275 149058 234636 552998 726370 175619 327216 109590 785983 348822 
868698 844870 313125 522056 661359 482545 933026 827153 705013 936151 ,868698 844870 313125 522056 661359 482545 933026 827153 705013 936151 
868160 526561 214443 441283 372843 589380 967103 993525 535936 449018 ,868160 526561 214443 441283 372843 589380 967103 993525 535936 449018 
379963 504532 415066 409528 297045 236626 362354 854804 4187 173384 ,379963 504532 415066 409528 297045 236626 362354 854804 4187 173384 
630493 353766 31464 952302 596614 728041 931857 585492 544386 97246 ,630493 353766 31464 952302 596614 728041 931857 585492 544386 97246 
95702 241317 984446 324212 22790 511055 806778 324131 263288 220702 ,95702 241317 984446 324212 22790 511055 806778 324131 263288 220702 
93213 736625 246700 350705 431375 753964 635520 664645 82170 188769 ,93213 736625 246700 350705 431375 753964 635520 664645 82170 188769 
456017 292203 293350 188769 99207 519294 209339 351036 43258 753964 ,456017 292203 293350 188769 99207 519294 209339 351036 43258 753964 
876887 502065 331921 551843 805888 83901 825801 60423 88640 105156 ,876887 502065 331921 551843 805888 83901 825801 60423 88640 105156 
82423 521855 684559 241457 476796 351913 719337 502234 637879 256082 ,82423 521855 684559 241457 476796 351913 719337 502234 637879 256082 
692115 124379 385864 125785 597258 261759 550321 219218 132562 520033 ,692115 124379 385864 125785 597258 261759 550321 219218 132562 520033 
529130 704457 95292 243964 808056 770699 412182 645310 354671 376937 ,529130 704457 95292 243964 808056 770699 412182 645310 354671 376937 
253913 636162 490639 41480 441633 98032 671554 484832 760090 482872 ,253913 636162 490639 41480 441633 98032 671554 484832 760090 482872 
914806 362515 589333 606231 554557 275714 645154 674097 468969 260952 ,914806 362515 589333 606231 554557 275714 645154 674097 468969 260952 
653721 760236 755760 602480 506810 782408 769776 485111 8694 660690 ,653721 760236 755760 602480 506810 782408 769776 485111 8694 660690 
304695 156896 941164 800717 345748 872406 661509 351650 584155 23184 ,304695 156896 941164 800717 345748 872406 661509 351650 584155 23184 
95528 716513 719337 948481 332869 58715 82423 529405 181023 340849 ,95528 716513 719337 948481 332869 58715 82423 529405 181023 340849 
748442 514498 830251 517029 26625 280725 815224 95097 79381 994280 ,748442 514498 830251 517029 26625 280725 815224 95097 79381 994280 
137972 473063 80086 278605 98827 552396 830857 480826 603422 248475 ,137972 473063 80086 278605 98827 552396 830857 480826 603422 248475 
234694 617177 453029 22404 461413 974225 977586 177213 788772 357548 ,234694 617177 453029 22404 461413 974225 977586 177213 788772 357548 
468073 250127 59642 143082 534451 246939 52488 422327 992823 818839 ,468073 250127 59642 143082 534451 246939 52488 422327 992823 818839 
845468 864065 997093 842129 496805 60180 457895 225458 895259 100490 ,845468 864065 997093 842129 496805 60180 457895 225458 895259 100490 
841358 550816 489094 831865 902623 207809 852035 922323 457895 931811 ,841358 550816 489094 831865 902623 207809 852035 922323 457895 931811 
860387 118306 232315 596813 748469 213246 80802 414491 128601 105146 ,860387 118306 232315 596813 748469 213246 80802 414491 128601 105146 
932870 777769 890485 827618 886528 560973 958428 496984 569854 410742 ,932870 777769 890485 827618 886528 560973 958428 496984 569854 410742 
225937 712943 480763 933921 734521 96492 842402 843289 886528 206113 ,225937 712943 480763 933921 734521 96492 842402 843289 886528 206113 
525848 81575 517739 344524 82129 871696 295957 271816 259265 390187 ,525848 81575 517739 344524 82129 871696 295957 271816 259265 390187 
533067 219235 753764 321454 268709 366583 423216 578858 529242 228766 ,533067 219235 753764 321454 268709 366583 423216 578858 529242 228766 
671857 573703 799443 592288 690017 211432 85162 178244 859995 685073 ,671857 573703 799443 592288 690017 211432 85162 178244 859995 685073 
268709 185429 663666 152775 293065 364049 497866 533067 953045 202577 ,268709 185429 663666 152775 293065 364049 497866 533067 953045 202577 
835828 291492 57565 814257 126543 721974 803157 909711 184590 985101 ,835828 291492 57565 814257 126543 721974 803157 909711 184590 985101 
919748 511108 75796 75770 513460 881215 586897 955020 198482 128847 ,919748 511108 75796 75770 513460 881215 586897 955020 198482 128847 
269247 632992 732394 8763 958884 746568 196894 630771 168040 503929 ,269247 632992 732394 8763 958884 746568 196894 630771 168040 503929 
511528 265132 101323 890532 112698 52551 795089 340004 711542 77459 ,511528 265132 101323 890532 112698 52551 795089 340004 711542 77459 
187208 143318 925130 249688 336408 502691 112563 702298 156227 810001 ,187208 143318 925130 249688 336408 502691 112563 702298 156227 810001 
715801 321051 355991 503929 79872 931314 259846 630771 151829 942999 ,715801 321051 355991 503929 79872 931314 259846 630771 151829 942999 
474529 477064 861142 969681 182440 470097 286727 415197 812029 629469 ,474529 477064 861142 969681 182440 470097 286727 415197 812029 629469 
360018 790447 546885 796679 322239 697019 24448 153640 350500 339656 ,360018 790447 546885 796679 322239 697019 24448 153640 350500 339656 
401826 85367 399459 882950 809325 243809 708407 418482 320527 394198 ,401826 85367 399459 882950 809325 243809 708407 418482 320527 394198 
183928 19921 197926 274470 169430 598554 161138 868592 528746 184096 ,183928 19921 197926 274470 169430 598554 161138 868592 528746 184096 
152153 459816 73529 449438 291490 523931 869445 479000 789357 525075 ,152153 459816 73529 449438 291490 523931 869445 479000 789357 525075 
814060 728709 406726 118009 221777 807452 50192 902457 72104 865210 ,814060 728709 406726 118009 221777 807452 50192 902457 72104 865210 
54083 265132 5334 262111 151829 869319 266031 330905 885400 416903 ,54083 265132 5334 262111 151829 869319 266031 330905 885400 416903 
445017 794328 213119 987391 107469 336917 833176 654916 431008 292364 ,445017 794328 213119 987391 107469 336917 833176 654916 431008 292364 
535064 557067 37597 990733 647173 282050 958753 850197 821040 285473 ,535064 557067 37597 990733 647173 282050 958753 850197 821040 285473 
875614 419933 875121 456285 677799 57081 681509 268539 538689 403440 ,875614 419933 875121 456285 677799 57081 681509 268539 538689 403440 
251462 863764 666427 877820 233542 387265 795839 42177 889059 562527 ,251462 863764 666427 877820 233542 387265 795839 42177 889059 562527 
534358 230161 537876 979581 360426 734978 792945 359888 692000 886272 ,534358 230161 537876 979581 360426 734978 792945 359888 692000 886272 
362148 280039 274635 680009 978056 578857 655307 629817 243668 74306 ,362148 280039 274635 680009 978056 578857 655307 629817 243668 74306 
254232 746121 336917 292364 107469 351201 985524 241466 602480 498630 ,254232 746121 336917 292364 107469 351201 985524 241466 602480 498630 
107073 864422 279354 292364 105643 142658 337940 206841 70794 746121 ,107073 864422 279354 292364 105643 142658 337940 206841 70794 746121 
788014 998122 249482 447802 666768 767438 862965 192339 232532 583477 ,788014 998122 249482 447802 666768 767438 862965 192339 232532 583477 
972003 733358 637774 533698 990671 11116 187893 45032 908492 729177 ,972003 733358 637774 533698 990671 11116 187893 45032 908492 729177 
204929 489072 305696 350612 90567 279580 769935 305031 942368 602480 ,204929 489072 305696 350612 90567 279580 769935 305031 942368 602480 
939430 750503 946352 232932 963910 90416 182139 258185 429586 835551 ,939430 750503 946352 232932 963910 90416 182139 258185 429586 835551 
984957 309692 456056 358960 174138 898895 971846 508252 333235 657544 ,984957 309692 456056 358960 174138 898895 971846 508252 333235 657544 
450451 465812 877134 987478 782389 842360 745825 233821 63680 538689 ,450451 465812 877134 987478 782389 842360 745825 233821 63680 538689 
233060 548152 518635 797966 385092 355682 282901 780464 96896 492908 ,233060 548152 518635 797966 385092 355682 282901 780464 96896 492908 
868024 201704 713080 270735 19747 19017 525626 433414 679669 435638 ,868024 201704 713080 270735 19747 19017 525626 433414 679669 435638 
821690 664081 950404 582701 661283 316480 553963 222378 795322 932049 ,821690 664081 950404 582701 661283 316480 553963 222378 795322 932049 
940657 463782 590959 771357 399258 141836 721881 595529 270130 441571 ,940657 463782 590959 771357 399258 141836 721881 595529 270130 441571 
421924 549343 289264 272354 829853 876947 562954 813515 12992 236533 ,421924 549343 289264 272354 829853 876947 562954 813515 12992 236533 
73429 684831 339901 235535 152206 169353 563040 307341 332960 108172 ,73429 684831 339901 235535 152206 169353 563040 307341 332960 108172 
178299 579239 949939 798726 657959 219386 393065 765402 969071 967223 ,178299 579239 949939 798726 657959 219386 393065 765402 969071 967223 
910260 696273 514088 917278 349933 164976 265632 93523 486743 300391 ,910260 696273 514088 917278 349933 164976 265632 93523 486743 300391 
120900 168187 273648 283494 604110 651454 550573 392111 265426 485948 ,120900 168187 273648 283494 604110 651454 550573 392111 265426 485948 
705837 799100 933031 196042 392111 924318 120900 550573 397111 827921 ,705837 799100 933031 196042 392111 924318 120900 550573 397111 827921 
523441 298361 598034 378116 185922 125258 842231 681510 929633 111091 ,523441 298361 598034 378116 185922 125258 842231 681510 929633 111091 
96 889036 130887 770844 832630 905442 847488 851085 515325 544615 ,96 889036 130887 770844 832630 905442 847488 851085 515325 544615 
469659 300391 560726 329385 193392 294986 870894 547070 531166 168187 ,469659 300391 560726 329385 193392 294986 870894 547070 531166 168187 
214087 413086 197389 798348 902546 344342 900689 128253 13402 388813 ,214087 413086 197389 798348 902546 344342 900689 128253 13402 388813 
355327 284539 448322 302804 812744 95849 315023 797532 468340 270078 ,355327 284539 448322 302804 812744 95849 315023 797532 468340 270078 
448322 196570 525240 953995 17216 741001 287245 919847 573782 480570 ,448322 196570 525240 953995 17216 741001 287245 919847 573782 480570 
577538 427672 929691 187184 746828 602996 635099 64611 181184 1732 ,577538 427672 929691 187184 746828 602996 635099 64611 181184 1732 
750238 3625 485024 66490 788160 630899 883252 245081 550652 488772 ,750238 3625 485024 66490 788160 630899 883252 245081 550652 488772 
85436 806319 529844 596874 250708 465017 929691 680110 703239 112700 ,85436 806319 529844 596874 250708 465017 929691 680110 703239 112700 
739188 484704 806319 709090 692940 365034 72858 261151 261789 997991 ,739188 484704 806319 709090 692940 365034 72858 261151 261789 997991 
174230 950815 972663 269646 693918 306405 328290 552770 439471 478762 ,174230 950815 972663 269646 693918 306405 328290 552770 439471 478762 
514760 612066 177163 459967 603482 114425 128601 261921 869902 431469 ,514760 612066 177163 459967 603482 114425 128601 261921 869902 431469 
220664 830269 881103 913328 749959 479050 679073 869531 530354 15632 ,220664 830269 881103 913328 749959 479050 679073 869531 530354 15632 
261483 664564 566270 799404 89804 790727 390260 522276 236829 724977 ,261483 664564 566270 799404 89804 790727 390260 522276 236829 724977 
62407 674257 688541 516321 52809 461306 66421 834121 60440 387402 ,62407 674257 688541 516321 52809 461306 66421 834121 60440 387402 
754036 376277 337462 262029 105103 293065 806009 419340 813387 806422 ,754036 376277 337462 262029 105103 293065 806009 419340 813387 806422 
714230 107367 232811 966505 292631 301439 350632 695043 530838 323699 ,714230 107367 232811 966505 292631 301439 350632 695043 530838 323699 
889665 869137 534257 175423 770861 755253 511245 874862 925538 680132 ,889665 869137 534257 175423 770861 755253 511245 874862 925538 680132 
714092 187936 211828 497161 912099 467569 323846 541593 379106 658651 ,714092 187936 211828 497161 912099 467569 323846 541593 379106 658651 
518771 456552 516299 596478 785420 588339 714018 873286 792263 407077 ,518771 456552 516299 596478 785420 588339 714018 873286 792263 407077 
242395 367061 873152 987665 455633 152559 962263 68845 874010 254377 ,242395 367061 873152 987665 455633 152559 962263 68845 874010 254377 
498272 840734 181155 76857 431196 169403 535670 394866 599217 234749 ,498272 840734 181155 76857 431196 169403 535670 394866 599217 234749 
242842 278677 491387 280796 469560 464765 337510 518085 85436 731660 ,242842 278677 491387 280796 469560 464765 337510 518085 85436 731660 
956359 952892 458136 603950 760537 809866 123228 170550 314277 700911 ,956359 952892 458136 603950 760537 809866 123228 170550 314277 700911 
866576 796828 236083 474286 501830 333414 917537 440268 754130 725573 ,866576 796828 236083 474286 501830 333414 917537 440268 754130 725573 
744312 653244 649303 640426 689380 228873 285138 495943 635046 20985 ,744312 653244 649303 640426 689380 228873 285138 495943 635046 20985 
946545 47681 654123 611637 212747 900318 228458 996758 252949 336605 ,946545 47681 654123 611637 212747 900318 228458 996758 252949 336605 
802227 121070 62391 271156 147396 481018 170018 559383 440220 240955 ,802227 121070 62391 271156 147396 481018 170018 559383 440220 240955 
293164 350825 131687 978220 442316 967764 840467 968435 526569 464782 ,293164 350825 131687 978220 442316 967764 840467 968435 526569 464782 
822132 211728 980882 279228 305556 497826 961924 982327 4473 797434 ,822132 211728 980882 279228 305556 497826 961924 982327 4473 797434 
815375 815392 723500 43875 519830 391804 524805 540616 279137 422983 ,815375 815392 723500 43875 519830 391804 524805 540616 279137 422983 
562359 59401 146799 54118 869865 935422 66077 957385 871066 104901 ,562359 59401 146799 54118 869865 935422 66077 957385 871066 104901 
628621 440529 563332 163060 200449 913343 556020 444079 819932 790170 ,628621 440529 563332 163060 200449 913343 556020 444079 819932 790170 
308460 803969 840249 190537 351708 351408 17504 345556 515874 519830 ,308460 803969 840249 190537 351708 351408 17504 345556 515874 519830 
440529 996162 200449 957993 62879 542128 253503 867926 652913 168028 ,440529 996162 200449 957993 62879 542128 253503 867926 652913 168028 
516149 813959 899252 780757 961020 868519 560942 739784 223485 746039 ,516149 813959 899252 780757 961020 868519 560942 739784 223485 746039 
31178 274025 172447 101992 822908 390187 630178 239486 747865 883567 ,31178 274025 172447 101992 822908 390187 630178 239486 747865 883567 
377379 138798 101450 363475 903803 294597 123826 292494 410005 309925 ,377379 138798 101450 363475 903803 294597 123826 292494 410005 309925 
17993 297905 682433 215517 400729 216527 44172 23594 11924 733893 ,17993 297905 682433 215517 400729 216527 44172 23594 11924 733893 
417533 908525 743804 502741 442671 850707 423510 411944 700930 37752 ,417533 908525 743804 502741 442671 850707 423510 411944 700930 37752 
294597 363484 429991 80802 351312 363475 69223 232418 396969 75460 ,294597 363484 429991 80802 351312 363475 69223 232418 396969 75460 
554870 123826 825684 500595 480452 279958 309925 363484 658386 914181 ,554870 123826 825684 500595 480452 279958 309925 363484 658386 914181 
730950 684933 230406 400055 57157 424957 268856 844003 852002 661020 ,730950 684933 230406 400055 57157 424957 268856 844003 852002 661020 
784190 83205 713163 442019 806284 976571 975154 807027 536226 636303 ,784190 83205 713163 442019 806284 976571 975154 807027 536226 636303 
819384 3013 967851 743527 923217 888133 929146 221598 960900 226300 ,819384 3013 967851 743527 923217 888133 929146 221598 960900 226300 
929392 654720 770163 536367 656831 450228 604049 254553 508130 289823 ,929392 654720 770163 536367 656831 450228 604049 254553 508130 289823 
234007 299327 277068 927691 764381 498502 57419 20294 309692 229365 ,234007 299327 277068 927691 764381 498502 57419 20294 309692 229365 
514920 174564 998317 153246 865513 946986 296771 874837 257810 21006 ,514920 174564 998317 153246 865513 946986 296771 874837 257810 21006 
248203 553901 673074 490628 888951 25055 757307 790399 468972 755979 ,248203 553901 673074 490628 888951 25055 757307 790399 468972 755979 
205265 383577 378266 257810 809132 458452 865513 832042 920212 923954 ,205265 383577 378266 257810 809132 458452 865513 832042 920212 923954 
310934 458452 281698 353284 923954 437957 42372 257810 660687 132555 ,310934 458452 281698 353284 923954 437957 42372 257810 660687 132555 
657496 522663 861433 293454 861357 102430 406012 941458 352491 504289 ,657496 522663 861433 293454 861357 102430 406012 941458 352491 504289 
504439 744656 751557 233189 99964 80149 967932 581029 198874 129731 ,504439 744656 751557 233189 99964 80149 967932 581029 198874 129731 
282123 64269 144255 949793 819253 639950 336968 910925 523387 456513 ,282123 64269 144255 949793 819253 639950 336968 910925 523387 456513 
478631 284751 45622 131922 604317 732250 692508 774751 553106 824216 ,478631 284751 45622 131922 604317 732250 692508 774751 553106 824216 
239318 796710 676711 744389 9453 737450 888125 827132 763939 890797 ,239318 796710 676711 744389 9453 737450 888125 827132 763939 890797 
434286 565745 394779 87605 980976 662784 568429 543798 147211 119737 ,434286 565745 394779 87605 980976 662784 568429 543798 147211 119737 
40705 539597 7218 721156 215827 496638 971006 676683 516481 570668 ,40705 539597 7218 721156 215827 496638 971006 676683 516481 570668 
550431 830084 684300 1655 734145 113148 118303 818313 598562 930385 ,550431 830084 684300 1655 734145 113148 118303 818313 598562 930385 
489617 355017 600758 443728 119615 113062 238056 496638 818752 937829 ,489617 355017 600758 443728 119615 113062 238056 496638 818752 937829 
97979 119779 390214 730050 242627 36677 633019 407008 519330 505933 ,97979 119779 390214 730050 242627 36677 633019 407008 519330 505933 
634235 12549 688114 403552 229136 150139 698713 520044 812679 844337 ,634235 12549 688114 403552 229136 150139 698713 520044 812679 844337 
951798 787482 996067 512583 429807 864950 90898 803775 434578 664777 ,951798 787482 996067 512583 429807 864950 90898 803775 434578 664777 
809469 926716 996517 856615 825013 609204 216883 879809 560263 964313 ,809469 926716 996517 856615 825013 609204 216883 879809 560263 964313 
789437 479036 834895 808397 854364 747192 223196 968038 951394 450391 ,789437 479036 834895 808397 854364 747192 223196 968038 951394 450391 
790447 797361 16916 233245 273309 293623 990195 114739 64706 797396 ,790447 797361 16916 233245 273309 293623 990195 114739 64706 797396 
912984 828891 522731 343034 963222 140991 773034 954786 916791 902064 ,912984 828891 522731 343034 963222 140991 773034 954786 916791 902064 
84536 81824 304996 690025 470834 920599 82046 429576 367527 744751 ,84536 81824 304996 690025 470834 920599 82046 429576 367527 744751 
51834 609204 421162 614134 194219 536639 812760 879809 926716 997634 ,51834 609204 421162 614134 194219 536639 812760 879809 926716 997634 
772671 278598 692942 846350 492604 784965 612505 548089 797558 354214 ,772671 278598 692942 846350 492604 784965 612505 548089 797558 354214 
312109 189163 760111 531528 999261 244538 958709 246215 303605 928482 ,312109 189163 760111 531528 999261 244538 958709 246215 303605 928482 
51692 131491 851167 65189 616952 733364 967001 267456 893121 924888 ,51692 131491 851167 65189 616952 733364 967001 267456 893121 924888 
900046 961729 996497 412433 640565 862433 212071 541743 329385 719018 ,900046 961729 996497 412433 640565 862433 212071 541743 329385 719018 
928482 988311 398499 887501 696756 911659 835235 161802 227039 704955 ,928482 988311 398499 887501 696756 911659 835235 161802 227039 704955 
466291 575663 334811 283369 811521 168756 621308 551545 738869 438772 ,466291 575663 334811 283369 811521 168756 621308 551545 738869 438772 
116210 764138 39537 951881 79046 674040 890535 675352 853475 539828 ,116210 764138 39537 951881 79046 674040 890535 675352 853475 539828 
867047 629209 39233 191869 24571 695785 57285 57444 888125 51576 ,867047 629209 39233 191869 24571 695785 57285 57444 888125 51576 
503719 861988 130886 522522 504882 456285 176454 2590 488222 183942 ,503719 861988 130886 522522 504882 456285 176454 2590 488222 183942 
520684 628107 515619 322527 960659 742140 415656 226292 459868 136532 ,520684 628107 515619 322527 960659 742140 415656 226292 459868 136532 
39537 79046 249482 764138 206694 116210 442738 187893 890535 283314 ,39537 79046 249482 764138 206694 116210 442738 187893 890535 283314 
680066 237282 773712 202104 2590 949444 791928 523525 705554 96588 ,680066 237282 773712 202104 2590 949444 791928 523525 705554 96588 
39233 340479 726239 910288 346716 318600 969043 404275 544446 267819 ,39233 340479 726239 910288 346716 318600 969043 404275 544446 267819 
620834 634665 141638 181177 41831 848545 562778 869344 712755 741227 ,620834 634665 141638 181177 41831 848545 562778 869344 712755 741227 
740392 261621 186312 675330 278834 161740 123309 780053 558741 742922 ,740392 261621 186312 675330 278834 161740 123309 780053 558741 742922 
483988 845148 987183 503275 433016 361619 418674 203938 75911 495962 ,483988 845148 987183 503275 433016 361619 418674 203938 75911 495962 
430666 523644 724106 293448 732365 526355 704129 284905 515173 151346 ,430666 523644 724106 293448 732365 526355 704129 284905 515173 151346 
291218 94505 511559 419384 184019 926889 232148 325994 360594 175178 ,291218 94505 511559 419384 184019 926889 232148 325994 360594 175178 
709136 110739 62768 708754 520730 84616 524813 365393 364198 953278 ,709136 110739 62768 708754 520730 84616 524813 365393 364198 953278 
246043 176495 606071 66071 887616 713512 598020 771914 385520 141123 ,246043 176495 606071 66071 887616 713512 598020 771914 385520 141123 
929942 925575 173311 524813 376277 599053 122359 525240 520730 499141 ,929942 925575 173311 524813 376277 599053 122359 525240 520730 499141 
321995 426663 605564 672708 907724 182407 785396 46854 346207 899826 ,321995 426663 605564 672708 907724 182407 785396 46854 346207 899826 
87264 872877 794317 729661 182872 213088 724457 298067 978476 322972 ,87264 872877 794317 729661 182872 213088 724457 298067 978476 322972 
966202 256352 830427 508790 485024 566130 907057 988688 717200 366605 ,966202 256352 830427 508790 485024 566130 907057 988688 717200 366605 
989581 70539 868428 993249 858448 936227 531050 585724 413755 544624 ,989581 70539 868428 993249 858448 936227 531050 585724 413755 544624 
54680 495801 663235 677814 522336 110550 76171 360026 429872 686148 ,54680 495801 663235 677814 522336 110550 76171 360026 429872 686148 
672848 699018 375333 825355 38081 886142 828149 900683 513218 657715 ,672848 699018 375333 825355 38081 886142 828149 900683 513218 657715 
912627 739783 474290 684093 459240 722006 155726 677247 533789 421906 ,912627 739783 474290 684093 459240 722006 155726 677247 533789 421906 
202853 531525 12925 188776 131103 547053 566270 733343 121983 599217 ,202853 531525 12925 188776 131103 547053 566270 733343 121983 599217 
522336 76171 79556 686148 708083 889945 82378 525638 719288 524763 ,522336 76171 79556 686148 708083 889945 82378 525638 719288 524763 
214335 503870 522163 11367 595947 503698 233352 885918 931504 425020 ,214335 503870 522163 11367 595947 503698 233352 885918 931504 425020 
269231 660824 704110 28094 225491 659746 677073 268569 535202 180189 ,269231 660824 704110 28094 225491 659746 677073 268569 535202 180189 
481181 934529 310736 302038 931504 437390 572141 695186 798470 111287 ,481181 934529 310736 302038 931504 437390 572141 695186 798470 111287 
497760 108033 187135 792199 79600 514088 79626 423966 4716 416019 ,497760 108033 187135 792199 79600 514088 79626 423966 4716 416019 
107369 121195 116350 176670 345802 145420 273572 309616 181135 239486 ,107369 121195 116350 176670 345802 145420 273572 309616 181135 239486 
333953 388125 141015 71615 364706 829845 63527 306383 429304 489510 ,333953 388125 141015 71615 364706 829845 63527 306383 429304 489510 
262094 279010 347399 44076 278762 658386 280752 296571 502476 663607 ,262094 279010 347399 44076 278762 658386 280752 296571 502476 663607 
380970 434583 510573 226292 141015 21035 502247 782841 629616 432487 ,380970 434583 510573 226292 141015 21035 502247 782841 629616 432487 
652079 518166 228181 904876 871325 254376 359919 20479 474031 135226 ,652079 518166 228181 904876 871325 254376 359919 20479 474031 135226 
798232 878372 483410 416239 899109 270874 60813 867804 272936 966470 ,798232 878372 483410 416239 899109 270874 60813 867804 272936 966470 
174175 323682 419376 911177 232149 175729 739095 725053 796978 356936 ,174175 323682 419376 911177 232149 175729 739095 725053 796978 356936 
116242 42632 663923 441223 307653 987962 593748 873223 374202 496104 ,116242 42632 663923 441223 307653 987962 593748 873223 374202 496104 
187682 326842 444661 188050 994233 893192 762155 644929 692000 534351 ,187682 326842 444661 188050 994233 893192 762155 644929 692000 534351 
741747 230294 239897 491827 975980 103521 533463 668471 309759 269375 ,741747 230294 239897 491827 975980 103521 533463 668471 309759 269375 
195343 295327 800283 529123 517501 690247 683899 418618 61077 21989 ,195343 295327 800283 529123 517501 690247 683899 418618 61077 21989 
517501 732434 83262 892700 431594 19593 184386 381794 926528 319409 ,517501 732434 83262 892700 431594 19593 184386 381794 926528 319409 
870825 717883 21662 193694 32244 745600 825518 475350 21110 739005 ,870825 717883 21662 193694 32244 745600 825518 475350 21110 739005 
208495 338485 270874 513684 878372 16429 260509 770852 868796 99424 ,208495 338485 270874 513684 878372 16429 260509 770852 868796 99424 
658502 404052 14987 81964 948461 683891 696643 983623 307594 578461 ,658502 404052 14987 81964 948461 683891 696643 983623 307594 578461 
371334 914975 322966 885046 185783 783757 837108 206816 460578 926245 ,371334 914975 322966 885046 185783 783757 837108 206816 460578 926245 
310576 745600 796679 354520 182109 700041 663054 473369 720041 659375 ,310576 745600 796679 354520 182109 700041 663054 473369 720041 659375 
915316 95702 169403 319124 340325 290740 305739 348587 123281 929119 ,915316 95702 169403 319124 340325 290740 305739 348587 123281 929119 
739954 453430 659017 948461 201415 805488 249055 550628 459228 501281 ,739954 453430 659017 948461 201415 805488 249055 550628 459228 501281 
52511 814743 567732 30330 526509 711515 815139 261483 529123 567858 ,52511 814743 567732 30330 526509 711515 815139 261483 529123 567858 
294597 280460 487834 810198 390259 401171 604012 127287 610106 529968 ,294597 280460 487834 810198 390259 401171 604012 127287 610106 529968 
498499 407627 61273 550058 697071 67453 376936 335609 746074 448832 ,498499 407627 61273 550058 697071 67453 376936 335609 746074 448832 
429441 560460 5516 827033 541444 700844 856708 699788 700264 469589 ,429441 560460 5516 827033 541444 700844 856708 699788 700264 469589 
744649 67481 466362 124591 552403 105550 283004 397047 7218 723765 ,744649 67481 466362 124591 552403 105550 283004 397047 7218 723765 
401171 614904 26624 658182 551613 30011 4645 514363 440990 280460 ,401171 614904 26624 658182 551613 30011 4645 514363 440990 280460 
193863 894239 839147 376936 295852 541444 255326 232928 611505 639399 ,193863 894239 839147 376936 295852 541444 255326 232928 611505 639399 
811463 614134 521951 785624 646651 851524 24571 835322 975847 375250 ,811463 614134 521951 785624 646651 851524 24571 835322 975847 375250 
960281 458452 586144 320916 966233 176643 126448 895369 913231 923217 ,960281 458452 586144 320916 966233 176643 126448 895369 913231 923217 
213119 608454 55604 53860 42554 50943 661723 960376 910843 570088 ,213119 608454 55604 53860 42554 50943 661723 960376 910843 570088 
624334 227342 386729 140726 950110 272914 348651 204813 176508 151296 ,624334 227342 386729 140726 950110 272914 348651 204813 176508 151296 
190705 545747 611267 637432 667275 849213 890314 218074 555165 810889 ,190705 545747 611267 637432 667275 849213 890314 218074 555165 810889 
282361 49282 832884 527749 911209 798112 997521 477726 165645 898002 ,282361 49282 832884 527749 911209 798112 997521 477726 165645 898002 
70713 564529 848052 701288 308460 399096 16722 715375 526974 790315 ,70713 564529 848052 701288 308460 399096 16722 715375 526974 790315 
308460 34751 546373 448705 363105 987352 531441 107087 526974 631776 ,308460 34751 546373 448705 363105 987352 531441 107087 526974 631776 
89083 791515 923221 899252 215898 19427 278389 268264 123829 983671 ,89083 791515 923221 899252 215898 19427 278389 268264 123829 983671 
60430 905442 830953 425326 872431 752888 899252 99226 831860 732286 ,60430 905442 830953 425326 872431 752888 899252 99226 831860 732286 
121042 27341 632622 648522 363272 412462 214355 14166 582 87959 ,121042 27341 632622 648522 363272 412462 214355 14166 582 87959 
813339 577375 58197 615216 866588 767113 673548 353993 812069 52119 ,813339 577375 58197 615216 866588 767113 673548 353993 812069 52119 
491102 215473 274722 1707 100719 925440 607764 81530 97246 487165 ,491102 215473 274722 1707 100719 925440 607764 81530 97246 487165 
472112 15012 114232 54927 144155 361915 766933 378686 874362 318022 ,472112 15012 114232 54927 144155 361915 766933 378686 874362 318022 
576236 570055 477568 417726 979572 279297 924556 965346 446957 390348 ,576236 570055 477568 417726 979572 279297 924556 965346 446957 390348 
720265 803133 380417 595723 793377 845267 378686 112573 143423 159157 ,720265 803133 380417 595723 793377 845267 378686 112573 143423 159157 
196527 275343 298860 787718 392249 86956 440894 419970 989197 87209 ,196527 275343 298860 787718 392249 86956 440894 419970 989197 87209 
176733 260770 518773 678697 261925 725520 720205 741766 699811 194072 ,176733 260770 518773 678697 261925 725520 720205 741766 699811 194072 
537523 57459 468073 721522 803912 756192 216340 563003 449606 553739 ,537523 57459 468073 721522 803912 756192 216340 563003 449606 553739 
292394 363565 24544 280972 450468 683480 638841 496731 505606 854928 ,292394 363565 24544 280972 450468 683480 638841 496731 505606 854928 
454213 346963 220972 209671 383392 392297 951258 401333 679358 210238 ,454213 346963 220972 209671 383392 392297 951258 401333 679358 210238 
535725 978680 563004 660797 556109 857372 477686 994170 742057 320916 ,535725 978680 563004 660797 556109 857372 477686 994170 742057 320916 
698478 663549 268709 547948 385480 518219 669557 184804 522235 250755 ,698478 663549 547948 385480 518219 669557 184804 522235 250755 653721 
104844 985772 734898 742057 490116 611267 994170 540201 535725 606543 ,104844 985772 734898 742057 490116 611267 994170 540201 535725 606543 
917855 527710 990138 686266 621063 519848 356019 564133 345126 429685 ,917855 527710 990138 686266 621063 519848 356019 564133 345126 429685 
768607 357288 376539 264001 45622 745186 743156 887415 470380 952217 ,768607 357288 376539 264001 45622 745186 743156 887415 470380 952217 
451388 970234 563177 520781 871003 403172 752192 831340 47362 836166 ,451388 970234 563177 520781 871003 403172 752192 831340 47362 836166 
302911 244547 503776 384263 59248 577638 623380 456650 362073 697687 ,302911 244547 503776 384263 59248 577638 623380 456650 362073 697687 
390259 523207 449872 514767 929823 509620 892709 691154 941504 658478 ,390259 523207 449872 514767 929823 509620 892709 691154 941504 658478 
316971 221598 978435 989044 653827 68356 810001 398208 502783 224365 ,316971 221598 978435 989044 653827 68356 810001 398208 502783 224365 
244844 430724 324605 790731 233985 10497 921013 427453 311148 678679 ,244844 430724 324605 790731 233985 10497 921013 427453 311148 678679 
366938 575169 969336 417967 218124 359976 86493 175074 162084 364949 ,366938 575169 969336 417967 218124 359976 86493 175074 162084 364949 
241706 531347 922853 518173 579016 223932 634889 942771 517440 908490 ,241706 531347 922853 518173 579016 223932 634889 942771 517440 908490 
904498 548896 734521 489094 376475 884159 542624 272249 915686 921758 ,904498 548896 734521 489094 376475 884159 542624 272249 915686 921758 
803489 946545 537923 234753 661345 912892 909193 155417 679055 268243 ,803489 946545 537923 234753 661345 912892 909193 155417 679055 268243 
969145 226978 722075 545251 872495 553601 960649 650754 109086 880374 ,969145 226978 722075 545251 872495 553601 960649 650754 109086 880374 
200191 366158 926940 817080 506553 533324 334248 449291 741068 708966 ,200191 366158 926940 817080 506553 533324 334248 449291 741068 708966 
207376 849951 997990 576463 136472 670389 346707 173862 765484 573882 ,207376 849951 997990 576463 136472 670389 346707 173862 765484 573882 
733702 174930 568497 853329 12143 141367 365590 602192 600795 546348 ,733702 174930 568497 853329 12143 141367 365590 602192 600795 546348 
566165 772580 529005 474711 958428 240970 793375 971875 560973 412352 ,566165 772580 529005 474711 958428 240970 793375 971875 560973 412352 
468947 533007 853305 309644 732868 618575 789701 343576 977455 892740 ,468947 533007 853305 309644 732868 618575 789701 343576 977455 892740 
504785 711661 63440 525638 615563 407580 695043 436287 540563 550584 ,504785 711661 63440 525638 615563 407580 695043 436287 540563 550584 
499563 336408 224616 14664 378516 842269 103683 520434 526473 440613 ,499563 336408 224616 14664 378516 842269 103683 520434 526473 440613 
834330 99682 310116 723920 353184 821969 691235 420036 299084 601714 ,834330 99682 310116 723920 353184 821969 691235 420036 299084 601714 
584062 720600 573650 89957 800018 933351 827757 354478 898319 789058 ,584062 720600 573650 89957 800018 933351 827757 354478 898319 789058 
673329 674717 306830 433397 79112 439741 127020 64185 967207 159340 ,673329 674717 306830 433397 79112 439741 127020 64185 967207 159340 
965286 197686 581748 735031 559187 4076 295080 22893 629491 522171 ,965286 197686 581748 735031 559187 4076 295080 22893 629491 522171 
824631 501384 251901 931528 33112 431594 450518 609211 500125 818305 ,824631 501384 251901 931528 33112 431594 450518 609211 500125 818305 
537349 113269 113179 886895 900318 288010 673717 293891 715250 792565 ,537349 113269 113179 886895 900318 288010 673717 293891 715250 792565 
769118 777681 9779 690476 998340 68851 483329 628637 501087 877151 ,769118 777681 9779 690476 998340 68851 483329 628637 501087 877151 
644052 254922 893973 696457 666797 677702 810889 940599 673347 310549 ,644052 254922 893973 696457 666797 677702 810889 940599 673347 310549 
824996 260088 688407 892157 77288 83218 477818 622980 143480 479995 ,824996 260088 688407 892157 77288 83218 477818 622980 143480 479995 
343433 30543 946582 887219 22893 470262 522171 724944 726690 30466 ,343433 30543 946582 887219 22893 470262 522171 724944 726690 30466 
448482 306383 469757 530961 353041 754162 637671 321456 238167 716915 ,448482 306383 469757 530961 353041 754162 637671 321456 238167 716915 
20844 843656 750203 391308 750396 186847 644849 883720 392995 951197 ,20844 843656 750203 391308 750396 186847 644849 883720 392995 951197 
829005 389968 300338 534477 822087 960684 810483 458270 101359 258074 ,829005 389968 300338 534477 822087 960684 810483 458270 101359 258074 
671789 90324 333494 927124 295323 874870 875940 274543 852797 419441 ,671789 90324 333494 927124 295323 874870 875940 274543 852797 419441 
607154 8828 883572 755466 28157 744448 180926 4734 741149 258225 ,607154 8828 883572 755466 28157 744448 180926 4734 741149 258225 
42046 94348 500109 815282 547862 703198 602008 108248 451647 547652 ,42046 94348 500109 815282 547862 703198 602008 108248 451647 547652 
978056 934624 912118 500237 440957 524737 916126 578857 929284 681312 ,978056 934624 912118 500237 440957 524737 916126 578857 929284 681312 
530431 539485 808799 330574 630548 779403 691814 623785 471923 238027 ,530431 539485 808799 330574 630548 779403 691814 623785 471923 238027 
406071 7484 57098 667627 925424 207068 828196 908889 467326 895537 ,406071 7484 57098 667627 925424 207068 828196 908889 467326 895537 
83035 859468 378551 740831 585834 527001 327035 914620 381060 425813 ,83035 859468 378551 740831 585834 527001 327035 914620 381060 425813 
643204 301668 136206 328310 33720 103446 629511 570819 344817 139404 ,643204 301668 136206 328310 33720 103446 629511 570819 344817 139404 
975169 745263 475266 81692 658793 738225 528746 293756 260395 346501 ,975169 745263 475266 81692 658793 738225 528746 293756 260395 346501 
585834 497161 957298 681891 379285 864422 410255 17398 950585 279228 ,585834 497161 957298 681891 379285 864422 410255 17398 950585 279228 
599217 572235 840227 560301 833886 661486 30245 898537 711944 744084 ,599217 572235 840227 560301 833886 661486 30245 898537 711944 744084 
892496 578058 534567 123780 838648 314383 866641 5217 894074 793112 ,892496 578058 534567 123780 838648 314383 866641 5217 894074 793112 
890396 587166 401281 146283 947183 874222 574310 576323 397784 92709 ,890396 587166 401281 146283 947183 874222 574310 576323 397784 92709 
320527 747072 76218 582176 620834 543817 116526 599048 304258 841748 ,320527 747072 76218 582176 620834 543817 116526 599048 304258 841748 
712647 900689 294619 493563 296972 417566 344342 509198 135530 131900 ,712647 900689 294619 493563 296972 417566 344342 509198 135530 131900 
267867 406185 262935 353152 371825 497115 475616 357763 629011 24905 ,267867 406185 262935 353152 371825 497115 475616 357763 629011 24905 
899917 698932 421181 516321 614763 772495 357086 960168 208987 505115 ,899917 698932 421181 516321 614763 772495 357086 960168 208987 505115 
674257 123266 398289 861803 445788 211737 714092 674381 787909 631088 ,674257 123266 398289 861803 445788 211737 714092 674381 787909 631088 
43789 357086 695493 54354 817734 202882 897731 380825 300319 119127 ,43789 357086 695493 54354 817734 202882 897731 380825 300319 119127 
792610 852876 46271 602090 679054 897949 948491 142357 227127 324295 ,792610 852876 46271 602090 679054 897949 948491 142357 227127 324295 
92109 538366 118058 265586 876128 197092 399431 335734 1248 801685 ,92109 538366 118058 265586 876128 197092 399431 335734 1248 801685 
19014 531358 603056 523355 202882 784882 384111 262027 295166 517190 ,19014 531358 603056 523355 202882 784882 384111 262027 295166 517190 
72702 862379 542182 983883 939741 660804 339047 457571 57081 546190 ,72702 862379 542182 983883 939741 660804 339047 457571 57081 546190 
507421 365285 106267 363948 933412 861079 690075 579991 575388 174919 ,507421 365285 106267 363948 933412 861079 690075 579991 575388 174919 
425492 198704 226060 148174 57081 542182 788169 744965 19638 858683 ,425492 198704 226060 148174 57081 542182 788169 744965 19638 858683 
269216 401224 553005 659673 51140 496275 235239 966722 989591 499181 ,269216 401224 553005 659673 51140 496275 235239 966722 989591 499181 
601114 508568 183460 760198 410115 827693 946884 298973 944356 101277 ,601114 508568 183460 760198 410115 827693 946884 298973 944356 101277 
325403 790751 544951 44136 95166 599083 790727 29968 280930 635099 ,325403 790751 544951 44136 95166 599083 790727 29968 280930 635099 
237742 262109 522021 576236 341446 422910 199791 51357 716434 892695 ,237742 262109 522021 576236 341446 422910 199791 51357 716434 892695 
883809 505259 542179 140669 542182 832479 198704 146913 425492 343295 ,883809 505259 542179 140669 542182 832479 198704 146913 425492 343295 
79753 519912 635099 579261 628385 772730 599083 736251 456017 234650 ,79753 519912 635099 579261 628385 772730 599083 736251 456017 234650 
659310 437820 428828 104795 495229 246642 73374 675330 815262 830587 ,659310 437820 428828 104795 495229 246642 73374 675330 815262 830587 
374443 373893 313581 962753 659951 284653 747301 661371 605011 665606 ,374443 373893 313581 962753 659951 284653 747301 661371 605011 665606 
763558 774399 851000 989778 996177 350203 849435 837723 555947 648941 ,763558 774399 851000 989778 996177 849435 837723 555947 648941 404867 
43388 178906 781858 172319 811341 368478 347804 807340 96866 352580 ,43388 178906 781858 172319 811341 368478 347804 807340 96866 352580 
812834 278941 258857 861060 933867 139659 308637 99718 801989 728807 ,812834 278941 258857 861060 933867 139659 308637 99718 801989 728807 
467122 742221 159421 793305 600757 978045 576236 953708 560084 744932 ,467122 742221 159421 793305 600757 978045 576236 953708 560084 744932 
479499 810582 556795 400407 754017 55766 810016 732733 810498 502614 ,479499 810582 556795 400407 754017 55766 810016 732733 810498 502614 
862347 617130 786145 126465 203528 170777 113008 397215 415221 629527 ,862347 617130 786145 126465 203528 170777 113008 397215 415221 629527 
856836 123558 967603 6185 518507 475015 71026 730899 754389 51424 ,856836 123558 967603 6185 518507 475015 71026 730899 754389 51424 
550744 165537 940560 760676 940216 778274 897851 746453 679096 454850 ,550744 165537 940560 760676 940216 778274 897851 746453 679096 454850 
841894 653254 416891 679399 896441 27914 165285 247674 205574 91971 ,841894 653254 416891 679399 896441 27914 165285 247674 205574 91971 
964338 945360 479699 854804 390092 460856 436250 92085 40208 734936 ,964338 945360 479699 854804 390092 460856 436250 92085 40208 734936 
628621 246158 444079 446685 373762 941163 963597 201925 858364 138578 ,628621 246158 444079 446685 373762 941163 963597 201925 858364 138578 
51321 735942 983547 299979 298734 786335 384942 696143 48012 39485 ,51321 735942 983547 299979 298734 786335 384942 696143 48012 39485 
987899 861231 426240 422 391254 534969 10445 932025 984582 931957 ,987899 861231 426240 422 391254 534969 10445 932025 984582 931957 
843538 873603 474307 931623 732183 248512 391053 871335 441438 886434 ,843538 873603 474307 931623 732183 248512 391053 871335 441438 886434 
156128 743648 138236 571922 50110 412514 571936 9949 133236 896296 ,156128 743648 138236 571922 50110 412514 571936 9949 133236 896296 
905099 186514 345181 385319 858364 312155 254915 611516 884486 224561 ,905099 186514 345181 385319 858364 312155 254915 611516 884486 224561 
629876 313798 146719 427104 365608 603405 590790 216282 851200 473328 ,629876 313798 146719 427104 365608 603405 590790 216282 851200 473328 
704550 415429 238868 473328 37027 185555 6020 426863 916638 351913 ,704550 415429 238868 473328 37027 185555 6020 426863 916638 351913 
457086 595703 926587 307709 628126 349625 639346 457722 851198 620748 ,457086 595703 926587 307709 628126 349625 639346 457722 851198 620748 
473328 263925 438083 351913 560070 705047 415429 862533 183340 495940 ,473328 263925 438083 351913 560070 705047 415429 862533 183340 495940 
95054 351174 99040 74710 20066 506012 687943 432648 340994 83901 ,95054 351174 99040 74710 20066 506012 687943 432648 340994 83901 
188646 194739 900098 829469 124591 839389 907132 694775 720788 97604 ,188646 194739 900098 829469 124591 839389 907132 694775 720788 97604 
836620 245138 104898 37027 415429 830587 31268 364007 185555 473328 ,836620 245138 104898 37027 415429 830587 31268 364007 185555 473328 
830587 55538 396899 713986 291880 587248 997991 30567 528459 96358 ,830587 55538 396899 713986 291880 587248 997991 30567 528459 96358 
407413 920847 146941 958887 317595 12429 271554 798972 302038 661868 ,407413 920847 146941 958887 317595 12429 271554 798972 302038 661868 
146941 517299 754350 319039 805411 795590 534351 317595 661217 882416 ,146941 517299 754350 319039 805411 795590 534351 317595 661217 882416 
25093 85144 284071 502494 489831 809866 464782 125452 436047 444761 ,25093 85144 284071 502494 489831 809866 464782 125452 436047 444761 
62120 253059 903990 71516 839835 480539 952904 71523 789472 174403 ,62120 253059 903990 71516 839835 480539 952904 71523 789472 174403 
633254 929928 916485 48784 911439 100999 905080 266619 44146 45982 ,633254 929928 916485 48784 911439 100999 905080 266619 44146 45982 
472692 57720 413383 53335 214682 803688 546598 190367 546527 687502 ,472692 57720 413383 53335 214682 803688 546598 190367 546527 687502 
529945 720085 485436 385050 670763 359202 355540 730775 261736 505344 ,529945 720085 485436 385050 670763 359202 355540 730775 261736 505344 
260193 772120 608020 971178 887486 231798 848232 2738 992941 837099 ,260193 772120 608020 971178 887486 231798 848232 2738 992941 837099 
903685 496017 295890 427819 980823 974722 122902 354520 523228 478753 ,903685 496017 295890 427819 980823 974722 122902 354520 523228 478753 
627803 34100 821174 31300 481539 292083 347634 728004 780420 974521 ,627803 34100 821174 31300 481539 292083 347634 728004 780420 974521 
223697 874566 57096 770927 227216 410288 321924 333318 227178 754590 ,223697 874566 57096 770927 227216 410288 321924 333318 227178 754590 
122867 147469 556771 305860 480148 277340 266227 895674 148552 661509 ,122867 147469 556771 305860 480148 277340 266227 895674 148552 661509 
809121 593173 528209 587593 863063 62795 45032 23350 253547 51930 ,809121 593173 528209 587593 863063 62795 45032 23350 253547 51930 
238207 554870 693848 529988 480452 279580 524619 733116 349110 500595 ,238207 554870 693848 529988 480452 279580 524619 733116 349110 500595 
194524 78925 936075 236123 528209 270197 679483 857372 518278 587593 ,194524 78925 936075 236123 528209 270197 679483 857372 518278 587593 
833499 800855 944356 839583 106484 901844 718738 483053 695107 709831 ,833499 800855 944356 839583 106484 901844 718738 483053 695107 709831 
307615 61672 95611 326961 946551 419397 504289 22251 97777 742221 ,307615 61672 95611 326961 946551 419397 504289 22251 97777 742221 
684559 351913 903068 730968 768753 616621 785229 495229 94477 791447 ,684559 351913 903068 730968 768753 616621 785229 495229 94477 791447 
278113 679659 380584 285512 144361 339823 15606 796003 904728 551571 ,278113 679659 380584 285512 144361 339823 15606 796003 904728 551571 
693984 81546 522663 367097 226507 265120 465213 603373 660459 949210 ,693984 81546 522663 367097 226507 265120 465213 603373 660459 949210 
833693 835575 59382 172048 869064 116308 842806 64531 330154 395116 ,833693 835575 59382 172048 869064 116308 842806 64531 330154 395116 
817231 368411 373175 81546 390620 706918 120067 840223 344232 72741 ,817231 368411 373175 81546 390620 706918 120067 840223 344232 72741 
915817 482016 500558 859303 642376 269798 542140 742355 833833 249482 ,915817 482016 500558 859303 642376 269798 542140 742355 833833 249482 
278412 869907 355946 3331 722698 862581 844709 811232 747996 639759 ,278412 869907 355946 3331 722698 862581 844709 811232 747996 639759 
854812 669875 897795 634554 709633 233728 664110 842985 642678 691205 ,854812 669875 897795 634554 709633 233728 664110 842985 642678 691205 
482036 670185 967131 231889 73447 595343 669875 233728 935216 997313 ,482036 670185 967131 231889 73447 595343 669875 233728 935216 997313 
203987 713830 619414 538689 11827 747996 919758 598222 539253 130138 ,203987 713830 619414 538689 11827 747996 919758 598222 539253 130138 
763957 554278 79810 727294 690991 59012 364706 532645 121977 133396 ,763957 554278 79810 727294 690991 59012 364706 532645 121977 133396 
544082 77171 872140 593173 257772 659053 710435 215392 35763 747647 ,544082 77171 872140 593173 257772 659053 710435 215392 35763 747647 
538689 561409 214575 713830 936242 619414 193809 203987 130138 100253 ,538689 561409 214575 713830 936242 619414 193809 203987 130138 100253 
524187 106600 731621 209264 64078 637671 390854 813071 204644 512880 ,524187 106600 731621 209264 64078 637671 390854 813071 204644 512880 
132769 935676 874571 17073 858797 348097 742085 786527 842580 855881 ,132769 935676 874571 17073 858797 348097 742085 786527 842580 855881 
110993 743527 580765 930955 831470 211408 23318 943041 398493 352125 ,110993 743527 580765 930955 831470 211408 23318 943041 398493 352125 
268685 804785 405990 600425 499912 329448 259049 383679 35469 496369 ,268685 804785 405990 600425 499912 329448 259049 383679 35469 496369 
472336 724442 880274 782214 931634 983197 905442 840393 921210 43127 ,472336 724442 880274 782214 931634 983197 905442 840393 921210 43127 
525421 268658 230750 364553 200639 639784 528533 968321 431346 716810 ,525421 268658 230750 364553 200639 639784 528533 968321 431346 716810 
158871 893413 841377 456488 258373 589729 355911 404212 81403 402490 ,158871 893413 841377 456488 258373 589729 355911 404212 81403 402490 
988876 583752 100329 226642 472336 393036 594708 749170 110993 905442 ,988876 583752 100329 226642 472336 393036 594708 749170 110993 905442 
891451 426014 554482 159725 269553 643356 190448 874686 322340 497521 ,891451 426014 554482 159725 269553 643356 190448 874686 322340 497521 
46510 548316 794443 826959 408490 577739 683351 590994 875870 203992 ,46510 548316 794443 826959 408490 577739 683351 590994 875870 203992 
686148 595460 450373 309679 190529 230198 100640 84310 524763 80396 ,686148 595460 450373 309679 190529 230198 100640 84310 524763 80396 
140409 993345 406712 661186 535302 594947 558756 613990 252949 477008 ,140409 993345 406712 661186 535302 594947 558756 613990 252949 477008 
687733 415350 51668 31514 334135 367620 91029 700516 833369 1210 ,687733 415350 51668 31514 334135 367620 91029 700516 833369 1210 
382442 279228 308931 55553 677037 199965 479709 607107 19235 156556 ,382442 279228 308931 55553 677037 199965 479709 607107 19235 156556 
194057 227945 589653 745980 522165 611719 841079 518852 121890 525968 ,194057 227945 589653 745980 522165 611719 841079 518852 121890 525968 
835957 157708 310539 760266 438226 633499 650055 18080 62560 532988 ,835957 157708 310539 760266 438226 633499 650055 18080 62560 532988 
59528 404852 272238 602710 754439 924357 944642 791930 927154 158831 ,59528 404852 272238 602710 754439 924357 944642 791930 927154 158831 
633019 594385 507337 90168 435103 136348 72514 69401 424038 63307 ,633019 594385 507337 90168 435103 136348 72514 69401 424038 63307 
440155 269289 585656 799527 955456 649116 394212 242732 761541 485194 ,440155 269289 585656 799527 955456 649116 394212 242732 761541 485194 
928136 994170 217764 446451 410567 271222 810889 659812 996692 190600 ,928136 994170 217764 446451 410567 271222 810889 659812 996692 190600 
841743 205456 580875 391053 514600 60430 155991 932914 862379 133242 ,841743 205456 580875 391053 514600 60430 155991 932914 862379 133242 
102623 122867 271209 471357 46268 891485 584155 104788 637146 488761 ,102623 122867 271209 471357 46268 891485 584155 104788 637146 488761 
534007 810841 126882 913871 453036 136348 658786 913950 944163 442203 ,534007 810841 126882 913871 453036 136348 658786 913950 944163 442203 
862379 268264 980235 41837 874154 205751 209531 391053 832533 570001 ,862379 268264 980235 41837 874154 205751 209531 391053 832533 570001 
893198 474461 129501 662500 222435 996614 995705 758611 264892 42533 ,893198 474461 129501 662500 222435 996614 995705 758611 264892 42533 
732250 718780 410955 294705 839147 282164 54066 6003 710497 38484 ,732250 718780 410955 294705 839147 282164 54066 6003 710497 38484 
966026 517746 542633 391604 913474 485330 609206 408544 200292 265292 ,966026 517746 542633 391604 913474 485330 408544 200292 265292 233542 
100630 381144 408573 17141 265823 72300 270218 463957 861354 950577 ,100630 381144 408573 17141 265823 72300 270218 463957 861354 950577 
30234 510623 946341 466631 60193 953278 435871 5373 678420 350433 ,30234 510623 946341 466631 60193 953278 435871 5373 678420 350433 
886221 830223 241518 15392 478377 226060 844588 44353 410179 484911 ,886221 830223 241518 15392 226060 844588 44353 410179 484911 670263 
662131 151149 967369 689877 465017 141597 527184 987323 284718 342285 ,662131 151149 967369 689877 465017 141597 527184 987323 284718 342285 
644737 793477 85061 491199 712921 564751 458384 211714 629982 948796 ,644737 793477 85061 491199 712921 564751 458384 211714 629982 948796 
11958 714794 763084 575735 49013 291078 136472 702134 403403 410177 ,11958 714794 763084 575735 49013 291078 136472 702134 403403 410177 
655992 98492 20121 540243 89097 602792 494469 429490 403167 532202 ,655992 98492 20121 540243 89097 602792 494469 429490 403167 532202 
98163 198529 911724 683789 554924 880197 940918 267842 772859 691981 ,98163 198529 911724 683789 554924 880197 940918 267842 772859 691981 
658119 755658 870965 421039 350203 612810 911670 710157 467689 878884 ,658119 755658 870965 421039 350203 612810 911670 710157 467689 878884 
773943 251662 610870 505231 868510 334949 345641 456664 220636 442391 ,773943 251662 610870 505231 868510 334949 345641 456664 220636 442391 
849659 430036 900318 240648 409738 886142 735278 446031 231670 901338 ,849659 430036 900318 240648 409738 886142 735278 446031 231670 901338 
520775 410767 411945 905612 478171 379230 423754 423381 5788 189339 ,520775 410767 411945 905612 478171 379230 423754 423381 5788 189339 
591477 592594 397469 566897 197616 666219 712848 828078 930296 711096 ,591477 592594 397469 566897 197616 666219 712848 828078 930296 711096 
778529 107243 658262 15148 780349 323999 104898 809614 157123 718393 ,778529 107243 658262 15148 780349 323999 104898 809614 157123 718393 
686148 94524 893418 534710 306383 634518 59272 299464 68472 152795 ,686148 94524 893418 534710 306383 634518 59272 299464 68472 152795 
833406 516208 8000 919521 841400 316296 244062 620725 523566 663794 ,833406 516208 8000 919521 841400 316296 244062 620725 523566 663794 
739155 221516 376915 57401 78293 107240 314787 835439 644426 609211 ,739155 221516 376915 57401 78293 107240 314787 835439 644426 609211 
865478 43019 671611 2295 640259 444790 441416 478904 903852 386312 ,865478 43019 671611 2295 640259 444790 441416 478904 903852 386312 
673168 990432 845139 857091 876654 825542 355857 808246 952037 990851 ,673168 990432 845139 857091 876654 825542 355857 808246 952037 990851 
186272 571703 650614 299653 186348 564372 227384 762088 361062 124734 ,186272 571703 650614 299653 186348 564372 227384 762088 361062 124734 
451477 957729 642648 694344 871233 432487 558121 213136 602575 691080 ,451477 957729 642648 694344 871233 432487 558121 213136 602575 691080 
116719 674626 981062 506403 402046 651734 272554 695255 806969 577878 ,116719 674626 981062 506403 402046 651734 272554 695255 806969 577878 
686049 619772 294266 604273 489345 460279 890367 966373 185995 369124 ,686049 619772 294266 604273 489345 460279 890367 966373 185995 369124 
432069 88639 903382 152795 243637 809614 157123 567816 796706 500305 ,432069 88639 903382 152795 243637 809614 157123 567816 796706 500305 
496912 884008 520179 653788 181985 8398 403966 835370 33913 430355 ,496912 884008 520179 653788 181985 8398 403966 835370 33913 430355 
741962 586897 869137 511792 75773 867315 842695 506499 368631 138748 ,741962 586897 869137 511792 75773 867315 842695 506499 368631 138748 
282043 228378 850416 806850 492534 734517 518699 238616 429409 512327 ,282043 228378 850416 806850 492534 734517 518699 238616 429409 512327 
76171 36340 567760 426704 524025 408881 687758 219714 814032 739139 ,76171 36340 567760 426704 524025 408881 687758 219714 814032 739139 
555289 542017 551205 494318 597967 714471 47864 368859 332085 682767 ,555289 542017 551205 494318 597967 714471 47864 368859 332085 682767 
542017 668391 591493 504301 671347 797790 932537 749502 689766 504110 ,542017 668391 591493 504301 671347 797790 932537 749502 689766 504110 
919313 840120 165764 144674 835370 629929 510577 33913 390259 410860 ,919313 840120 165764 144674 835370 629929 510577 33913 390259 410860 
258449 817478 170034 27582 22671 49753 648864 49881 107754 143188 ,258449 817478 170034 27582 22671 49753 648864 49881 107754 143188 
485984 573929 266497 703510 722416 126522 967103 594824 206301 938132 ,485984 573929 266497 703510 722416 126522 967103 594824 206301 938132 
272825 380816 483336 851758 728371 214275 404167 47362 32655 597967 ,272825 380816 483336 851758 728371 214275 404167 47362 32655 597967 
190642 771978 60814 617958 889896 190986 855562 852961 989898 857300 ,190642 771978 60814 617958 889896 190986 855562 852961 989898 857300 
929125 732183 690476 560980 20349 986460 169516 395067 588387 486279 ,929125 732183 690476 560980 20349 986460 169516 395067 588387 486279 
376857 813174 212948 106413 195007 771884 522788 820886 530403 227946 ,376857 813174 212948 106413 195007 771884 522788 820886 530403 227946 
426986 300891 175363 313798 720753 12964 219410 658493 784792 350908 ,426986 300891 175363 313798 720753 12964 219410 658493 784792 350908 
560976 245739 572959 830657 729594 853952 179261 75911 932218 692372 ,560976 245739 572959 830657 729594 853952 179261 75911 932218 692372 
570906 306917 721905 631491 922263 209253 772495 601317 410444 67380 ,570906 306917 721905 631491 922263 209253 772495 601317 410444 67380 
519450 807925 395545 46269 963972 752991 127365 265131 873286 132090 ,519450 807925 395545 46269 963972 752991 127365 265131 873286 132090 
768130 446171 998122 446253 552506 764138 890535 638260 765680 951881 ,768130 446171 998122 446253 552506 764138 890535 638260 765680 951881 
350415 391899 603120 313797 518504 525240 782784 44367 411376 434512 ,350415 391899 603120 313797 518504 525240 782784 44367 411376 434512 
848871 610517 374848 545563 567143 978153 802509 367622 430299 831160 ,848871 610517 374848 545563 567143 978153 802509 367622 430299 831160 
602480 204929 788491 960697 391899 446793 365415 785091 502145 36455 ,602480 204929 788491 960697 391899 446793 365415 785091 502145 36455 
124060 247409 311222 591316 642569 926931 692172 729594 396010 879790 ,124060 247409 311222 591316 642569 926931 692172 729594 396010 879790 
524825 815260 450185 457465 524763 558351 889945 994017 122963 840468 ,524825 815260 450185 457465 524763 558351 889945 994017 122963 840468 
598990 452682 22590 609042 367877 292719 293729 326875 684111 701763 ,598990 452682 22590 609042 367877 292719 293729 326875 684111 701763 
605614 470918 873497 520556 736188 682202 186650 929284 839309 608346 ,605614 470918 873497 520556 736188 682202 186650 929284 839309 608346 
522163 947553 879749 127718 683779 488612 977247 225507 226186 416257 ,522163 947553 879749 127718 683779 488612 977247 225507 226186 416257 
77387 519450 716493 566113 132090 48234 38183 411376 763963 683528 ,77387 519450 716493 566113 132090 48234 38183 411376 763963 683528 
753648 200680 55731 417317 541453 800065 469202 480164 39537 490956 ,753648 200680 55731 417317 541453 800065 469202 480164 39537 490956 
868178 899217 517302 618589 916778 207332 712735 473558 880741 145595 ,868178 899217 517302 618589 916778 207332 712735 473558 880741 145595 
947267 858888 746381 130138 60931 871666 209728 843035 966162 947169 ,947267 858888 746381 130138 60931 871666 209728 843035 966162 947169 
506376 583258 834315 209728 605778 11741 677852 920175 876778 265125 ,506376 583258 834315 209728 605778 11741 677852 920175 876778 265125 
422076 183355 397792 303296 38161 478095 434873 86116 546583 786995 ,422076 183355 397792 303296 38161 478095 434873 86116 546583 786995 
337246 698361 926806 124138 187533 784931 805173 994017 724159 742331 ,337246 698361 926806 124138 187533 784931 805173 994017 724159 742331 
347192 91183 119170 216397 152768 409056 165997 870044 666315 607818 ,347192 91183 119170 216397 152768 409056 165997 870044 666315 607818 
185211 787981 470549 442275 953682 634967 738822 233495 846873 30461 ,185211 470549 442275 953682 634967 738822 233495 846873 30461 922382 
321453 531212 420270 929618 188769 389816 599075 730381 343235 663351 ,321453 531212 420270 929618 188769 389816 599075 730381 343235 663351 
656287 283744 638446 763980 189403 428454 824345 656891 577958 790066 ,656287 283744 638446 763980 189403 428454 824345 656891 577958 790066 
116436 443471 278702 821892 780285 213876 723640 788478 572638 350553 ,116436 443471 278702 821892 780285 213876 723640 788478 572638 350553 
577880 453581 987570 482765 636749 528023 174681 126359 629656 520991 ,577880 453581 987570 482765 636749 528023 174681 126359 629656 520991 
374090 666683 74348 813339 269707 990320 73669 954777 585832 876824 ,374090 666683 74348 813339 269707 990320 73669 954777 585832 876824 
950275 876034 505947 161272 111985 282749 169221 272014 164242 222868 ,950275 876034 505947 161272 111985 282749 169221 272014 164242 222868 
37934 905881 611267 536362 190710 890741 39327 248203 892817 627953 ,37934 905881 611267 536362 190710 890741 39327 248203 892817 627953 
609874 217411 40496 536965 445919 985253 477252 820658 911700 101624 ,609874 217411 40496 536965 445919 985253 477252 820658 911700 101624 
719587 617887 224561 830953 11827 843682 403833 405884 932082 879697 ,719587 617887 224561 830953 11827 843682 403833 405884 932082 879697 
983350 495100 449593 418618 993911 309342 689876 82718 29998 96896 ,983350 495100 449593 418618 993911 309342 689876 82718 29998 96896 
254789 385520 897292 333672 86018 622205 485353 83640 583936 184855 ,254789 385520 897292 333672 86018 622205 485353 83640 583936 184855 
141433 817744 133852 360727 446087 114395 760158 576720 405102 848815 ,141433 817744 133852 360727 446087 114395 760158 576720 405102 848815 
464728 560940 355449 810686 826177 535394 812069 734171 223773 826326 ,464728 560940 355449 810686 826177 535394 812069 734171 223773 826326 
325284 102430 849653 189638 423079 914660 741784 488269 510901 634967 ,325284 102430 849653 189638 423079 914660 741784 488269 510901 634967 
454672 346112 255237 561492 574012 847937 833971 779632 218983 817744 ,454672 346112 255237 561492 574012 847937 833971 779632 218983 817744 
213823 279228 295379 63307 587854 218349 213119 510365 421586 661723 ,213823 279228 295379 63307 587854 218349 213119 510365 421586 661723 
694694 93126 344913 510331 58653 529192 546237 832255 610773 114062 ,694694 93126 344913 510331 58653 529192 546237 832255 610773 114062 
19725 106587 904046 450451 371153 359719 356476 483461 826689 625980 ,19725 106587 904046 450451 371153 359719 356476 483461 826689 625980 
850411 108955 430893 723928 986948 607368 422694 269077 480727 378523 ,850411 108955 430893 723928 986948 607368 422694 269077 480727 378523 
989413 294155 976545 194960 933630 730808 860588 329766 916867 307132 ,989413 294155 976545 194960 933630 730808 860588 329766 916867 307132 
736337 373459 43255 12964 655475 111137 719820 724272 525322 299597 ,736337 373459 43255 12964 655475 111137 719820 724272 525322 299597 
329127 112573 495141 323378 765402 199726 917258 230069 885778 574094 ,329127 112573 495141 323378 765402 199726 917258 230069 885778 574094 
77603 16863 318022 310461 603156 455142 402687 900484 144573 697216 ,77603 16863 318022 310461 603156 455142 402687 900484 144573 697216 
17193 691929 64841 954624 848131 451448 949244 710514 145228 899027 ,17193 691929 64841 954624 848131 451448 949244 710514 145228 899027 
593004 884198 72761 41925 842512 811865 595652 912866 578698 206586 ,593004 884198 72761 41925 842512 811865 595652 912866 578698 206586 
278768 461571 293840 563906 229215 552396 741020 524680 255174 427601 ,278768 461571 293840 563906 229215 552396 741020 524680 255174 427601 
887521 148784 949244 195864 274620 14241 207994 879734 971439 126967 ,887521 148784 949244 195864 274620 14241 207994 879734 971439 126967 
713933 643893 642735 913420 807989 654015 639998 735484 721156 654645 ,713933 643893 642735 913420 807989 654015 639998 735484 721156 654645 
572385 377371 903724 184229 269529 478506 396485 434154 623331 2884 ,572385 377371 903724 184229 269529 478506 396485 434154 623331 2884 
304796 985934 346816 610344 904615 96845 7775 670036 57528 474031 ,304796 985934 346816 610344 904615 96845 7775 670036 57528 474031 
2443 549079 198178 124464 333782 813072 926997 291903 227326 188022 ,2443 549079 198178 124464 333782 813072 926997 291903 227326 188022 
459973 452852 761483 689700 697972 756897 731642 517251 478242 807453 ,459973 452852 761483 689700 697972 756897 731642 517251 478242 807453 
648943 985649 675487 688665 608308 941630 280759 393994 137428 117622 ,648943 985649 675487 688665 608308 941630 280759 393994 137428 117622 
78857 887415 71845 198432 870754 404184 303627 479232 227000 45745 ,78857 887415 71845 198432 870754 404184 303627 479232 227000 45745 
151561 481858 15159 876826 818048 734985 569857 642187 670893 825788 ,151561 481858 15159 876826 818048 734985 569857 642187 670893 825788 
655058 868088 929392 421071 985708 657379 164457 37814 445788 476879 ,655058 868088 929392 421071 985708 657379 164457 37814 445788 476879 
746215 480823 514920 749697 505659 704719 830964 203665 753393 392147 ,746215 480823 514920 749697 505659 704719 830964 203665 753393 392147 
368735 461523 733365 953036 627915 826998 41658 55617 656755 286836 ,368735 461523 733365 953036 627915 826998 41658 55617 656755 286836 
802437 622282 425629 614026 997901 159177 815219 93303 728805 69234 ,802437 622282 425629 614026 997901 159177 815219 93303 728805 69234 
560036 180872 164309 808891 719626 181029 94047 489197 94337 229762 ,560036 180872 164309 808891 719626 181029 94047 489197 94337 229762 
132281 715401 399777 622000 563759 286827 897179 398200 657752 612344 ,132281 715401 399777 622000 563759 286827 897179 398200 657752 612344 
146670 38036 948622 213154 699929 289156 701321 794277 962346 410985 ,146670 38036 948622 213154 699929 289156 701321 794277 962346 410985 
960266 678788 725081 190633 885858 535936 90986 922585 959224 569909 ,960266 678788 725081 190633 885858 535936 90986 922585 959224 569909 
303235 263755 500863 331122 93401 342426 132983 86741 718450 979419 ,303235 263755 500863 331122 93401 342426 132983 86741 718450 979419 
398009 915570 790934 417016 619641 800264 408902 933486 618741 562642 ,398009 915570 790934 417016 619641 800264 408902 933486 618741 562642 
822762 879268 657710 202851 360408 321063 309327 836270 861055 482122 ,822762 879268 657710 202851 360408 321063 309327 836270 861055 482122 
922090 254360 200824 511499 369579 755108 889780 452035 594008 58469 ,922090 254360 200824 511499 369579 755108 889780 452035 594008 58469 
834774 445765 994317 849135 743549 98163 200306 195834 38948 395873 ,834774 445765 994317 849135 743549 98163 200306 195834 38948 395873 
922090 941368 40703 556418 172291 296194 416135 504423 191732 735796 ,922090 941368 40703 556418 172291 296194 416135 504423 191732 735796 
766213 837183 698869 442977 47300 891000 499196 415128 785969 154972 ,766213 837183 698869 442977 47300 891000 499196 415128 785969 154972 
627897 516114 377515 105495 264637 262774 368595 44917 917249 403749 ,627897 516114 377515 105495 264637 262774 368595 44917 917249 403749 
351095 282023 81791 694950 511559 780113 627897 560212 693918 502300 ,351095 282023 81791 694950 511559 780113 627897 560212 693918 502300 
202537 161211 268578 267205 96492 822762 369300 293208 393857 957875 ,202537 161211 268578 267205 96492 822762 369300 293208 393857 957875 
696615 263589 805302 127929 859755 906841 449243 898380 661754 686982 ,696615 263589 805302 127929 859755 906841 449243 898380 661754 686982 
604194 96492 590229 293208 857289 992212 172915 267205 268644 318800 ,604194 96492 590229 293208 857289 992212 172915 267205 268644 318800 
930192 16064 975249 947085 899982 583752 932870 625171 225485 606545 ,930192 16064 975249 947085 899982 583752 932870 625171 225485 606545 
768341 850298 567190 527344 826076 667175 826093 988567 46854 899826 ,768341 850298 567190 527344 826076 667175 826093 988567 46854 899826 
133717 24905 467805 910794 354820 195476 614921 790727 232400 40262 ,133717 24905 467805 910794 354820 195476 614921 790727 232400 40262 
656141 753869 218586 445788 102209 447544 994200 861803 442330 638764 ,656141 753869 218586 445788 102209 447544 994200 861803 442330 638764 
30574 536446 957578 519086 130334 566272 450653 602996 602270 600880 ,30574 536446 957578 519086 130334 566272 450653 602996 602270 600880 
139577 10412 754697 254360 387211 725835 175122 354820 803608 931528 ,139577 10412 754697 254360 387211 725835 175122 354820 803608 931528 
246619 911677 535120 356689 918195 511423 521785 218586 518504 296374 ,246619 911677 535120 356689 918195 511423 521785 218586 518504 296374 
413274 89674 50092 213246 558553 649525 745130 994181 305714 383608 ,413274 89674 50092 213246 558553 649525 745130 994181 305714 383608 
636644 9324 968961 403832 807027 877913 597526 453231 801949 523581 ,636644 9324 968961 403832 807027 877913 597526 453231 801949 523581 
94348 79810 396874 723061 307412 372341 549588 997834 382468 748630 ,94348 79810 396874 723061 307412 372341 549588 997834 382468 748630 
798589 927124 917094 710129 887567 712313 182279 494887 46012 696186 ,798589 927124 917094 710129 887567 712313 182279 494887 46012 696186 
498789 230750 456656 457891 732431 140390 117203 435196 905572 310029 ,498789 230750 456656 457891 732431 140390 117203 435196 905572 310029 
921046 557579 397047 304103 477273 293325 236695 311148 901561 540129 ,921046 557579 397047 304103 477273 293325 236695 311148 901561 540129 
826998 637348 604296 713933 569572 53841 641260 636826 937580 824226 ,826998 637348 604296 713933 569572 53841 641260 636826 937580 824226 
348468 467960 915947 507832 792144 724817 679666 963648 344268 680715 ,348468 467960 915947 507832 792144 724817 679666 963648 344268 680715 
172925 19180 416954 16039 42341 293389 898958 570106 987336 32095 ,172925 19180 416954 16039 42341 293389 898958 570106 987336 32095 
865450 796869 730586 144323 864634 901231 638611 4342 141433 747472 ,865450 796869 730586 144323 864634 901231 638611 4342 141433 747472 
277603 503382 618661 523309 43828 440634 250884 12027 665818 522530 ,277603 503382 618661 523309 43828 440634 250884 12027 665818 522530 
869430 629250 771691 878981 742822 660194 746882 5799 365680 486584 ,869430 629250 771691 878981 742822 660194 746882 5799 365680 486584 
519702 153524 630476 94058 939042 107647 875115 486634 547681 311298 ,519702 153524 630476 94058 939042 107647 875115 486634 547681 311298 
783045 809733 268658 188296 738938 472936 521 420148 620751 947494 ,783045 809733 268658 188296 738938 472936 521 420148 620751 947494 
293325 305760 20975 528776 758060 719379 350568 301999 351465 324605 ,293325 305760 20975 528776 758060 719379 350568 301999 351465 324605 
417726 364468 899927 715842 715392 457891 476538 638032 792272 547155 ,417726 364468 899927 715842 715392 457891 476538 638032 792272 547155 
694273 56020 791158 242180 708978 261758 606976 188825 364759 111921 ,694273 56020 791158 242180 708978 261758 606976 188825 364759 111921 
307652 87046 472112 477378 537889 283071 701910 718780 454011 410382 ,307652 87046 472112 477378 537889 283071 701910 718780 454011 410382 
366298 959860 802102 317489 691369 402012 106274 764787 522855 13142 ,366298 959860 802102 317489 691369 402012 106274 764787 522855 13142 
126767 222428 598303 61513 383161 267720 123569 596103 119695 126340 ,126767 222428 598303 61513 383161 267720 123569 596103 119695 126340 
642743 731787 464331 173324 360018 274098 274120 982766 416192 176884 ,642743 731787 464331 173324 360018 274098 274120 982766 416192 176884 
525033 427439 389618 467297 416912 378862 51819 723250 597521 469320 ,525033 427439 389618 467297 416912 378862 51819 723250 597521 469320 
24885 566744 673412 900468 673674 588197 830141 951881 869369 811167 ,24885 566744 673412 900468 673674 588197 830141 951881 869369 811167 
754705 4579 788832 55521 384900 809541 883961 588197 273364 90701 ,754705 4579 788832 55521 384900 809541 883961 588197 273364 90701 
189302 521855 130457 278669 467297 282130 452362 420682 27455 169094 ,189302 521855 130457 278669 467297 282130 452362 420682 27455 169094 
497259 479709 702602 250875 242627 90567 126098 591069 664631 84444 ,497259 479709 702602 250875 242627 90567 126098 591069 664631 84444 
936624 838030 759920 20122 71548 153927 943245 252914 100534 837803 ,936624 838030 759920 20122 71548 153927 943245 252914 100534 837803 
873876 104241 773732 693819 901245 415210 232371 57285 536330 666159 ,873876 104241 773732 693819 901245 415210 232371 57285 536330 666159 
858193 963316 410130 841610 227464 190602 822718 734147 823102 645050 ,858193 963316 410130 841610 227464 190602 822718 734147 823102 645050 
337500 354734 407633 722681 498522 222229 76224 797874 386467 831324 ,337500 354734 407633 722681 498522 222229 76224 797874 386467 831324 
863764 203352 536145 867959 915517 543817 922439 922531 657549 782768 ,863764 203352 536145 867959 915517 543817 922439 922531 657549 782768 
752673 858422 520434 705453 704110 224234 122843 475063 843904 102160 ,752673 858422 520434 705453 704110 224234 122843 475063 843904 102160 
348755 481018 677155 932082 229913 267745 987134 564018 291332 988443 ,348755 481018 677155 932082 229913 267745 987134 564018 291332 988443 
949596 46643 659442 543404 601066 354462 620549 183460 944902 55696 ,949596 46643 659442 543404 601066 354462 620549 183460 944902 55696 
258815 588988 392230 634595 302804 603056 647791 988862 809730 355327 ,258815 588988 392230 634595 302804 603056 647791 988862 809730 355327 
551208 563331 439882 376765 56058 39828 692519 615661 2676 241569 ,551208 563331 439882 376765 56058 39828 692519 615661 2676 241569 
718898 214381 953939 162158 446043 606249 101118 309091 657163 23685 ,718898 214381 953939 162158 446043 606249 101118 309091 657163 23685 
697972 953348 307868 899219 112303 242177 488980 315308 442913 825312 ,697972 953348 307868 899219 112303 242177 488980 315308 442913 825312 
204213 265692 481268 2676 836813 67360 598371 844814 111602 229153 ,204213 265692 481268 2676 836813 67360 598371 844814 111602 229153 
808430 321607 262073 296859 534379 984547 366671 730361 862433 433049 ,808430 321607 262073 296859 534379 984547 366671 730361 862433 433049 
844529 843999 532562 526573 584650 163783 719876 13747 435021 755235 ,844529 843999 532562 526573 584650 163783 719876 13747 435021 755235 
158837 530359 879525 817733 66820 700325 849393 954542 271264 681905 ,158837 530359 879525 817733 66820 700325 849393 954542 271264 681905 
193328 198704 396931 869084 272988 306299 936478 809021 523968 889162 ,193328 198704 396931 869084 272988 306299 936478 809021 523968 889162 
722112 991564 811554 996247 618442 259955 103655 149251 678947 375336 ,722112 991564 811554 996247 618442 259955 103655 149251 678947 375336 
113389 293947 318454 790030 635046 344318 993285 568471 758969 9460 ,113389 293947 318454 790030 635046 344318 993285 568471 758969 9460 
903865 823338 607398 659619 232776 52176 757715 220322 773042 759976 ,903865 823338 607398 659619 232776 52176 757715 220322 773042 759976 
421440 538606 908041 59029 421082 654963 829059 68812 207608 459803 ,421440 538606 908041 59029 421082 654963 829059 68812 207608 459803 
682618 277244 92709 435361 390271 566119 601670 962263 197402 82434 ,682618 277244 92709 435361 390271 566119 601670 962263 197402 82434 
12732 638885 813339 903865 650002 962014 997634 544799 799068 354855 ,12732 638885 813339 903865 650002 962014 997634 544799 799068 354855 
902150 73132 243105 420546 224349 882973 14120 470857 868686 929536 ,902150 73132 243105 420546 224349 882973 14120 470857 868686 929536 
345407 554571 255381 450391 389273 628615 74489 988490 698308 342041 ,345407 554571 255381 450391 389273 628615 74489 988490 698308 342041 
997834 711176 746000 616326 988730 434125 459346 497693 73253 94348 ,997834 711176 746000 616326 988730 434125 459346 497693 73253 94348 
955085 508980 623398 483256 843603 845851 646075 520434 570406 428 ,955085 508980 623398 483256 843603 845851 646075 520434 570406 428 
19414 754522 547473 453396 336929 805856 353746 376277 434287 492444 ,19414 754522 547473 453396 336929 805856 353746 376277 434287 492444 
228429 131298 870689 734360 323943 283055 795523 89907 636138 467992 ,228429 131298 870689 734360 323943 283055 795523 89907 636138 467992 
158159 169150 71517 883119 570139 661727 522054 223869 665830 15690 ,158159 169150 71517 883119 570139 661727 522054 223869 665830 15690 
763205 566343 712709 12926 836861 492978 61630 401356 598167 549429 ,763205 566343 712709 12926 836861 492978 61630 401356 598167 549429 
895365 885875 808847 772266 828217 56214 885011 772462 825534 824608 ,895365 885875 808847 772266 828217 56214 885011 772462 825534 824608 
123473 570088 541299 55553 439518 910843 718988 306186 799670 213681 ,123473 570088 541299 55553 439518 910843 718988 306186 799670 213681 
659028 682079 233097 228545 880838 841769 862259 981654 26232 995076 ,659028 682079 233097 228545 880838 841769 862259 981654 26232 995076 
628451 544978 844104 856569 969115 879721 931707 223869 164491 916316 ,628451 544978 844104 856569 969115 879721 931707 223869 164491 916316 
862379 842820 867751 870976 154262 566001 830953 842104 538689 702292 ,862379 842820 867751 870976 154262 566001 830953 842104 538689 702292 
482402 888475 251462 44270 850390 563196 172505 983547 773125 309858 ,482402 888475 251462 44270 850390 563196 172505 983547 773125 309858 
202537 224882 923217 194524 200630 13716 169150 513495 879357 205558 ,202537 224882 923217 194524 200630 13716 169150 513495 879357 205558 
213065 421731 217389 447346 826998 636826 667048 825313 912724 853906 ,213065 421731 217389 447346 826998 636826 667048 825313 912724 853906 
735945 799821 213823 418953 468862 808178 218349 646268 428408 704099 ,735945 799821 213823 418953 468862 808178 218349 646268 428408 704099 
40029 640613 6944 225710 881198 254924 862259 772462 644025 842980 ,40029 640613 6944 225710 881198 254924 862259 772462 644025 842980 
287815 308487 692145 975229 137016 555503 377767 690983 662610 85875 ,287815 308487 692145 975229 137016 555503 377767 690983 662610 85875 
506576 835957 617927 251735 193675 119058 127361 780650 485171 368241 ,506576 835957 617927 251735 193675 119058 127361 780650 485171 368241 
808989 540004 596090 6086 409343 6384 222491 437306 788965 797459 ,808989 540004 596090 6086 409343 6384 222491 437306 788965 797459 
716285 513585 39170 568249 38736 171518 664311 791426 467235 559180 ,716285 513585 39170 568249 38736 171518 664311 791426 467235 559180 
307252 822676 419600 830388 376271 130370 313606 997747 534109 333763 ,307252 822676 419600 830388 376271 130370 313606 997747 534109 333763 
459034 297903 936719 826399 696918 177646 412351 356152 731245 26677 ,459034 297903 936719 826399 696918 177646 412351 356152 731245 26677 
328664 949847 988973 943585 76434 851462 969484 324772 66008 468358 ,328664 949847 988973 943585 76434 851462 969484 324772 66008 468358 
567529 865053 819553 997767 568747 662300 675642 24183 234204 996584 ,567529 865053 819553 997767 568747 662300 675642 24183 234204 996584 
515822 512827 289351 713879 299494 287496 843581 776855 284577 694052 ,515822 512827 289351 713879 299494 287496 843581 776855 284577 694052 
596855 919243 986071 574094 890920 474597 764052 487239 902854 825311 ,596855 919243 986071 574094 890920 474597 764052 487239 902854 825311 
470420 881256 99443 980202 11845 331946 297918 271554 36010 962246 ,470420 881256 99443 980202 11845 331946 297918 271554 36010 962246 
29423 548099 581518 729722 387402 433929 772495 497161 789988 731986 ,29423 548099 581518 729722 387402 433929 772495 497161 789988 731986 
309900 515356 701064 221915 975869 840865 804944 428651 676731 827996 ,309900 515356 701064 221915 975869 840865 804944 428651 676731 827996 
605253 61291 182528 529784 411060 418618 850732 85436 966149 113008 ,605253 61291 182528 529784 411060 418618 850732 85436 966149 113008 
10110 624002 772021 438118 548637 106266 93728 739005 497680 809503 ,10110 624002 772021 438118 548637 106266 93728 739005 497680 809503 
733343 188418 790727 810912 82378 723301 516839 468063 815474 617868 ,733343 188418 790727 810912 82378 723301 516839 468063 815474 617868 
461867 738683 780438 823242 702845 103912 522772 781078 585983 541073 ,461867 738683 780438 823242 702845 103912 522772 781078 585983 541073 
520726 42882 613446 772021 108248 336822 89638 637671 516839 91640 ,520726 42882 613446 772021 108248 336822 89638 637671 516839 91640 
318704 281017 433786 279159 352719 615392 39635 93934 130624 85080 ,318704 281017 433786 279159 352719 615392 39635 93934 130624 85080 
761395 758685 24143 835263 667362 447969 546642 672920 374064 536657 ,761395 758685 24143 835263 667362 447969 546642 672920 374064 536657 
99296 435638 587547 569106 243076 264381 210334 990095 562805 226561 ,99296 435638 587547 569106 243076 264381 210334 990095 562805 226561 
331512 549993 107427 76921 693194 583192 41794 597463 681051 960064 ,331512 549993 107427 76921 693194 583192 41794 597463 681051 960064 
260187 246182 831580 368185 932585 374236 210644 522318 481350 557686 ,260187 246182 831580 368185 932585 374236 210644 522318 481350 557686 
792263 261322 780438 736934 765547 738683 727473 826780 454106 452558 ,792263 261322 780438 736934 765547 738683 727473 826780 454106 452558 
688391 16953 619423 138270 257810 71320 285719 929645 532322 215778 ,688391 16953 619423 138270 257810 71320 285719 929645 532322 215778 
435329 798855 994643 883968 210238 739779 440310 221984 329039 721902 ,435329 798855 994643 883968 210238 739779 440310 221984 329039 721902 
981197 106335 896849 362555 256352 281242 150191 668462 375344 273731 ,981197 106335 896849 362555 256352 281242 150191 668462 375344 273731 
962923 861019 957413 583714 560811 376353 65812 919316 336029 990071 ,962923 861019 957413 583714 560811 376353 65812 919316 336029 990071 
156227 285014 967554 375705 325179 46239 877349 436415 386664 605428 ,156227 285014 967554 375705 325179 46239 877349 436415 386664 605428 
574151 459419 598294 743891 931326 736458 728766 942681 288576 396916 ,574151 459419 598294 743891 931326 736458 728766 942681 288576 396916 
784504 222673 366907 187871 422089 965059 637671 456133 517011 175186 ,784504 222673 366907 187871 422089 965059 637671 456133 517011 175186 
175485 725467 69008 705047 243401 696176 467904 573359 291880 540680 ,175485 725467 69008 705047 243401 696176 467904 573359 291880 540680 
216828 957413 868836 809524 932597 811762 212569 844648 703423 922776 ,216828 957413 868836 809524 932597 811762 212569 844648 703423 922776 
400756 825917 884550 90219 924221 574273 282739 792332 338643 525064 ,400756 825917 884550 90219 924221 574273 282739 792332 338643 525064 
976123 290226 360911 401859 715136 369408 777964 464172 203598 61745 ,976123 290226 360911 401859 715136 369408 777964 464172 203598 61745 
661926 218748 673094 692508 302567 45622 536361 957743 533040 672808 ,661926 218748 673094 692508 302567 45622 536361 957743 533040 672808 
348184 616369 299026 946888 696994 965242 286569 401353 569748 155673 ,348184 616369 299026 946888 696994 965242 286569 401353 569748 155673 
450901 981464 419195 623965 768245 284677 709633 149306 835005 473914 ,450901 981464 419195 623965 768245 284677 709633 149306 835005 473914 
889136 44172 44443 271518 520474 415582 668727 136532 700930 522427 ,889136 44172 44443 271518 520474 415582 668727 136532 700930 522427 
240594 812663 736100 258995 362375 833833 987738 604316 962066 661769 ,240594 812663 736100 258995 362375 833833 987738 604316 962066 661769 
681381 32945 248328 107358 399522 548550 154701 371071 779403 588387 ,681381 32945 248328 107358 399522 548550 154701 371071 779403 588387 
365432 874437 55656 712911 848113 567056 994179 853963 742973 757723 ,365432 874437 55656 712911 848113 567056 994179 853963 742973 757723 
220290 837892 897795 326438 489352 480316 256669 642678 455933 402099 ,220290 837892 897795 326438 489352 480316 256669 642678 455933 402099 
785043 13681 454578 863417 691879 431897 694109 192274 843688 120258 ,785043 13681 454578 863417 691879 431897 694109 192274 843688 120258 
739301 518034 213347 32826 38156 463447 220677 771145 240741 385534 ,739301 518034 213347 32826 38156 463447 220677 771145 240741 385534 
472112 812425 559332 250975 992030 454011 84784 82442 977528 744080 ,472112 812425 559332 250975 992030 454011 84784 82442 977528 744080 
346637 146233 419309 277840 419011 325304 189258 794169 38156 914041 ,346637 146233 419309 277840 419011 325304 189258 794169 38156 914041 
365929 985734 233673 834233 862540 782021 758667 583283 256170 774536 ,365929 985734 233673 834233 862540 782021 758667 583283 256170 774536 
210238 297636 593485 788668 383679 255046 346708 180028 343003 537928 ,210238 297636 593485 788668 383679 255046 346708 180028 343003 537928 
843057 910034 269777 59691 592760 896340 562499 786241 807720 997124 ,843057 910034 269777 59691 592760 896340 562499 786241 807720 997124 
16452 697898 355204 526660 754709 304992 26699 155746 694694 668862 ,16452 697898 355204 526660 754709 304992 26699 155746 694694 668862 
562170 425492 749170 839372 603679 705181 310819 837635 988876 338198 ,562170 425492 749170 839372 603679 705181 310819 837635 988876 338198 
255046 373452 857083 346708 180028 597106 297636 291319 103089 36043 ,255046 373452 857083 346708 180028 597106 297636 291319 103089 36043 
530539 412649 731656 149899 69457 880011 105404 998798 18052 20769 ,530539 412649 731656 149899 69457 880011 105404 998798 18052 20769 
16782 485572 923183 474546 353377 210317 742221 388106 352092 338998 ,16782 485572 923183 474546 353377 210317 742221 388106 352092 338998 
865953 371126 225648 126983 615161 630737 465995 597521 187895 575064 ,865953 371126 225648 126983 615161 630737 465995 597521 187895 575064 
292639 949373 651594 841079 32478 575169 761092 724992 726987 741787 ,292639 949373 651594 841079 32478 575169 761092 724992 726987 741787 
403188 914340 419012 741365 702112 201346 926390 739889 272238 752282 ,403188 914340 419012 741365 702112 201346 926390 739889 272238 752282 
677346 141036 774229 718850 835537 993507 618955 801514 102990 127544 ,677346 141036 774229 718850 835537 993507 618955 801514 102990 127544 
953090 476600 215774 477291 657187 216352 446307 657201 211828 912813 ,953090 476600 215774 477291 657187 216352 446307 657201 211828 912813 
295852 190722 855600 996513 536095 217060 447603 249220 824924 667130 ,295852 190722 855600 996513 536095 217060 447603 249220 824924 667130 
869918 751117 774399 766165 861686 487024 911646 226315 707219 618837 ,869918 751117 774399 766165 861686 487024 911646 226315 707219 618837 
274038 84857 724631 588049 423629 529523 525912 459412 58892 583681 ,274038 84857 724631 588049 423629 529523 525912 459412 58892 583681 
630180 376624 237831 529013 441766 176226 74055 548617 600859 55978 ,630180 376624 237831 529013 441766 176226 74055 548617 600859 55978 
124572 62795 234920 768606 597947 339331 660687 686963 253519 51538 ,124572 62795 234920 768606 597947 339331 660687 686963 253519 51538 
200281 617924 625809 107170 162905 347181 494469 523671 245026 895459 ,200281 617924 625809 107170 162905 347181 494469 523671 245026 895459 
501257 436300 234361 938969 802301 853995 370798 947780 938229 93859 ,501257 436300 234361 938969 802301 853995 370798 947780 938229 93859 
502874 986729 870987 254914 776766 642786 969835 763231 907634 855681 ,502874 986729 870987 254914 776766 642786 969835 763231 907634 855681 
9990 674093 765040 711787 492470 319627 456931 842835 267492 695260 ,9990 674093 765040 711787 492470 319627 456931 842835 267492 695260 
425232 38484 673388 779948 666955 760179 667130 996513 946931 893767 ,425232 38484 673388 779948 666955 760179 667130 996513 946931 893767 
754501 10101 282164 590693 718780 385525 882978 545891 732154 743979 ,754501 10101 282164 590693 718780 385525 882978 545891 732154 743979 
112451 105046 635145 879654 299190 459490 144495 903659 411659 193613 ,112451 105046 635145 879654 299190 459490 144495 903659 411659 193613 
678039 191811 748723 770369 742221 725467 772038 528430 699585 116604 ,678039 191811 748723 770369 742221 725467 772038 528430 699585 116604 
734815 794066 854586 839739 992051 611775 482907 144125 843743 182020 ,734815 794066 854586 839739 992051 611775 482907 144125 843743 182020 
577805 383039 76011 176164 828472 655625 119737 767358 303078 713390 ,577805 383039 76011 176164 828472 655625 119737 767358 303078 713390 
466702 526306 858447 997991 916638 600477 385046 601416 533770 123163 ,466702 526306 858447 997991 916638 600477 385046 601416 533770 123163 
445008 998122 569727 535439 443139 657930 604316 417566 446855 509004 ,445008 998122 569727 535439 443139 657930 604316 417566 446855 509004 
606999 604196 535439 385634 627953 555104 254074 980515 543207 896507 ,606999 604196 535439 385634 627953 555104 254074 980515 543207 896507 
731690 913950 950227 870059 849724 900936 874277 518442 594588 906881 ,731690 913950 950227 870059 849724 900936 874277 518442 594588 906881 
529649 968408 64037 533047 753344 437285 48156 386869 478688 820092 ,529649 968408 64037 533047 753344 437285 48156 386869 478688 820092 
759887 633495 346049 827076 190974 27140 499431 102818 149118 139359 ,759887 633495 346049 827076 190974 27140 499431 102818 149118 139359 
195007 364320 530566 518915 214543 715631 826898 496739 754254 694335 ,195007 364320 530566 518915 214543 715631 826898 496739 754254 694335 
740409 467594 590693 198799 55677 483646 234614 248689 938663 478673 ,740409 467594 590693 198799 55677 483646 234614 248689 938663 478673 
868487 466445 573387 378235 128195 299781 691296 867876 588387 573407 ,868487 466445 573387 378235 128195 299781 691296 867876 588387 573407 
746565 440917 634859 701020 252064 504190 812663 984772 241584 968408 ,746565 440917 634859 701020 252064 504190 812663 984772 241584 968408 
57783 57860 876487 557779 555302 713031 126281 216867 470795 192427 ,57783 57860 876487 557779 555302 713031 126281 216867 470795 192427 
652145 179011 453976 189225 769011 283827 912939 958786 27447 760262 ,652145 179011 453976 189225 769011 283827 912939 958786 27447 760262 
707805 597197 881297 727800 599186 601317 522469 580879 259643 287177 ,707805 597197 881297 727800 599186 601317 522469 580879 259643 287177 
404275 684677 657267 264503 236743 766018 903590 907223 79537 60314 ,404275 684677 657267 264503 236743 766018 903590 907223 79537 60314 
842271 908839 659339 123451 478824 483317 807720 243021 856612 15105 ,842271 908839 659339 123451 478824 483317 807720 243021 856612 15105 
779453 619423 234077 201390 269379 386903 750734 856612 223902 508177 ,779453 619423 234077 201390 269379 386903 750734 856612 223902 508177 
700424 327389 345098 106745 419963 808362 660417 538487 59443 671882 ,700424 327389 345098 106745 419963 808362 660417 538487 59443 671882 
925911 91270 707286 156313 96887 912011 753918 181273 590142 628451 ,925911 91270 707286 156313 96887 912011 753918 181273 590142 628451 
360092 651852 824886 864405 752469 184590 283780 18341 912118 654769 ,360092 651852 824886 864405 752469 184590 283780 18341 912118 654769 
269424 937663 464001 661354 844774 318600 419963 968873 149591 589177 ,269424 937663 464001 661354 844774 318600 419963 968873 149591 589177 
233208 100742 22255 321624 431865 23481 370046 131552 204850 296834 ,233208 100742 22255 321624 431865 23481 370046 131552 204850 296834 
87075 398858 788289 259106 286081 170180 796710 576136 679938 269312 ,87075 398858 788289 259106 286081 170180 796710 576136 679938 269312 
560238 684894 618773 255649 875153 670697 514673 879838 863000 920244 ,560238 684894 618773 255649 875153 670697 514673 879838 863000 920244 
246030 124692 704232 72003 724489 343857 355019 341420 781865 499797 ,246030 124692 704232 72003 724489 343857 355019 341420 781865 499797 
659723 153165 827439 527243 605776 317905 684677 269775 270912 903590 ,659723 153165 827439 527243 605776 317905 684677 269775 270912 903590 
640498 410413 902537 901655 475296 991175 501001 761351 666743 442063 ,640498 410413 902537 901655 475296 991175 501001 761351 666743 442063 
902242 229282 204360 492874 776533 675482 804389 256004 406908 3908 ,902242 229282 204360 492874 776533 675482 804389 256004 406908 3908 
431723 969874 707723 548004 794662 346403 464996 802602 776332 395049 ,431723 969874 707723 548004 794662 346403 464996 802602 776332 395049 
316843 105802 660417 631340 66818 106745 558264 345098 593874 419963 ,316843 105802 660417 631340 66818 106745 558264 345098 593874 419963 
577407 433907 950044 749492 526668 449042 699751 401281 999599 105217 ,577407 433907 950044 749492 526668 449042 699751 401281 999599 105217 
543825 861142 388238 381568 296999 797256 269463 185422 47734 415197 ,543825 861142 388238 381568 296999 797256 269463 185422 47734 415197 
686148 120557 281771 305052 924120 202577 44865 598580 845417 480452 ,686148 120557 281771 305052 924120 202577 44865 598580 845417 480452 
830128 539828 539442 534491 657736 666743 765680 764138 947903 901655 ,830128 539828 539442 534491 657736 666743 765680 764138 947903 901655 
648240 58074 507937 199098 240962 206319 520434 971794 394513 319378 ,648240 58074 507937 199098 240962 206319 520434 971794 394513 319378 
394160 965175 879393 19769 138333 488143 740520 518414 685209 910717 ,394160 965175 879393 19769 138333 488143 740520 518414 685209 910717 
911407 788822 615916 913303 854928 814732 649443 674220 627800 653094 ,911407 788822 615916 913303 854928 814732 649443 674220 627800 653094 
781360 423063 899021 846354 889095 915676 225129 967146 449280 957573 ,781360 423063 899021 846354 889095 915676 225129 967146 449280 957573 
242894 973028 949495 163567 924704 873524 226292 391899 656797 788491 ,242894 973028 949495 163567 924704 873524 226292 391899 656797 788491 
185905 20405 177469 114917 382536 333765 100632 615380 676380 380323 ,185905 20405 177469 114917 382536 333765 100632 615380 676380 380323 
505192 506288 308057 210961 758528 50168 437298 727930 669318 625512 ,505192 506288 308057 210961 758528 50168 437298 727930 669318 625512 
240538 311950 945018 528575 854395 323806 604501 341273 514389 292474 ,240538 311950 945018 528575 854395 323806 604501 341273 514389 292474 
95166 996019 5087 429566 547051 808645 430341 566270 721193 466922 ,996019 95166 5087 429566 547051 808645 430341 566270 721193 466922 
326936 285418 427073 740416 919235 560590 294233 800697 570495 355017 ,326936 285418 427073 740416 919235 560590 294233 800697 570495 355017 
770508 962285 796805 552624 51521 925227 405116 555073 656058 820609 ,770508 962285 796805 552624 51521 925227 405116 555073 656058 820609 
284875 54758 290321 356801 421761 692685 173384 66549 705816 316989 ,284875 54758 290321 356801 421761 692685 173384 66549 705816 316989 
879750 868108 880233 597086 561733 935409 93363 199063 633859 639688 ,879750 868108 880233 597086 561733 935409 93363 199063 633859 639688 
854573 957708 399904 643002 904498 46408 409785 667775 253540 842272 ,854573 957708 399904 643002 904498 46408 409785 667775 253540 842272 
862967 392098 839077 401781 879731 88697 693700 874337 704250 585235 ,862967 392098 839077 401781 879731 88697 693700 874337 704250 585235 
482229 805286 742240 21027 779388 82699 485896 841158 940918 853650 ,482229 805286 742240 21027 779388 82699 485896 841158 940918 853650 
227640 678167 905968 955123 55363 600758 633718 714172 47002 834075 ,227640 678167 905968 955123 55363 600758 633718 47002 834075 798968 
151149 98688 689877 987323 698535 151411 542507 754184 31234 922064 ,151149 98688 689877 987323 698535 151411 542507 754184 31234 922064 
112026 279082 80146 713777 323999 321583 566778 658262 48380 632207 ,112026 279082 80146 713777 323999 321583 566778 658262 48380 632207 
835135 951211 486027 231670 665901 242929 835328 900484 831368 854155 ,835135 951211 486027 231670 665901 242929 835328 900484 831368 854155 
81944 412160 814473 11972 535193 354099 370414 255703 328697 199589 ,81944 412160 814473 11972 535193 354099 370414 255703 328697 199589 
987104 963354 762088 473536 821736 472939 930073 338355 186348 902977 ,987104 963354 762088 473536 821736 472939 930073 338355 186348 902977 
533386 268308 539935 810174 7886 698955 685586 339582 521695 396485 ,533386 268308 539935 810174 7886 698955 685586 339582 521695 396485 
292829 936260 800203 292165 496713 473509 374984 286920 48635 788766 ,292829 936260 800203 292165 496713 473509 374984 286920 48635 788766 
563961 929304 837285 493823 844021 474271 232200 852961 36346 225722 ,563961 929304 837285 493823 844021 474271 232200 852961 36346 225722 
699382 446067 568134 912724 636826 539565 654801 993974 666882 406319 ,699382 446067 568134 912724 636826 539565 654801 993974 666882 406319 
718377 521 508879 132919 635099 938134 623333 90220 389906 441521 ,718377 521 508879 132919 635099 938134 623333 90220 389906 441521 
828484 891228 246507 274548 906184 886451 448648 225513 332560 254793 ,828484 891228 246507 274548 906184 886451 448648 225513 332560 254793 
917601 710345 834043 788974 808017 909021 402512 985708 6906 72853 ,917601 710345 834043 788974 808017 909021 402512 985708 6906 72853 
292380 788491 993704 82372 566872 322651 737223 969865 23758 354495 ,292380 788491 993704 82372 566872 322651 737223 969865 23758 354495 
700772 690025 209860 95694 834562 201016 313004 230607 724107 774146 ,700772 690025 209860 95694 834562 201016 313004 230607 724107 774146 
852169 19182 16359 562503 688553 59135 181272 139936 13572 14730 ,852169 19182 16359 562503 688553 59135 181272 139936 13572 14730 
577878 506323 837626 54338 37021 341192 258427 891263 871821 193065 ,577878 506323 837626 54338 37021 341192 258427 891263 871821 193065 
572142 225999 399244 276441 9595 734521 885957 726301 912744 902063 ,572142 225999 399244 276441 9595 734521 885957 726301 912744 902063 
487366 452821 205410 994750 235450 327215 790992 845139 357797 831225 ,487366 452821 205410 994750 235450 327215 790992 845139 357797 831225 
318386 316003 845087 563015 713311 865780 544655 748238 603291 544789 ,318386 316003 845087 563015 713311 865780 544655 748238 603291 544789 
749547 702909 942162 619880 372129 246686 348474 272758 843440 715751 ,749547 702909 942162 619880 372129 246686 348474 272758 843440 715751 
246686 111083 865676 183580 636676 487024 517560 720261 398124 985116 ,246686 111083 865676 183580 636676 487024 517560 720261 398124 985116 
957907 990564 912744 617896 190552 846133 842597 914187 44370 36586 ,957907 990564 912744 617896 190552 846133 842597 914187 44370 36586 
540601 143699 316003 13572 404272 19182 649303 623748 155312 931461 ,540601 143699 316003 13572 404272 19182 649303 623748 155312 931461 
830609 650360 535151 317293 351631 437306 778841 978323 51680 225361 ,830609 650360 535151 317293 351631 437306 778841 978323 51680 225361 
30467 805822 950727 287950 942738 59834 560209 500476 332099 197135 ,30467 805822 950727 287950 942738 59834 560209 500476 332099 197135 
510842 957617 987846 774927 194705 502017 869062 543693 685190 742928 ,510842 957617 987846 774927 194705 502017 869062 543693 685190 742928 
115523 566147 408250 71845 743156 778841 80652 858010 754189 811848 ,115523 566147 408250 71845 743156 778841 80652 858010 754189 811848 
24632 26214 655930 445380 38752 667627 39068 677247 719033 445854 ,24632 26214 655930 445380 38752 667627 39068 677247 719033 445854 
331827 300897 130381 157031 792636 188641 783260 860432 524381 809719 ,331827 300897 130381 157031 792636 188641 783260 860432 524381 809719 
426844 507337 788491 327514 337071 323756 247769 202240 995845 200486 ,426844 507337 788491 327514 337071 323756 247769 202240 995845 200486 
14907 849884 510842 703821 274620 515283 934945 94987 436653 372471 ,14907 849884 510842 703821 274620 515283 934945 94987 436653 372471 
250236 631833 904267 719976 141828 723784 421473 724106 495030 389391 ,250236 631833 904267 719976 141828 723784 421473 724106 495030 389391 
825001 408290 198920 806862 474896 349026 170859 802731 744389 290399 ,825001 408290 198920 806862 474896 349026 170859 802731 744389 290399 
92425 894405 71845 800638 287762 267393 290543 243924 662579 474589 ,92425 894405 71845 800638 287762 267393 290543 243924 662579 474589 
421787 309573 154434 507337 513329 110773 798871 861676 171449 509037 ,421787 309573 154434 507337 513329 110773 798871 861676 171449 509037 
715013 288604 435182 213679 980300 290257 727726 456410 325872 967855 ,715013 288604 435182 213679 980300 290257 727726 456410 325872 967855 
448957 681490 640079 103656 776738 895459 59945 762136 640430 959663 ,448957 681490 640079 103656 776738 895459 59945 762136 640430 959663 
625257 948152 502364 356187 201900 303681 28937 496384 871707 812524 ,625257 948152 502364 356187 201900 303681 28937 496384 871707 812524 
478377 68327 671383 905442 731531 11331 130156 830624 158967 11063 ,68327 671383 905442 731531 11331 130156 830624 158967 11063 489948 
942633 200680 406698 741955 17210 841446 684893 836270 348402 151989 ,942633 200680 406698 741955 17210 841446 684893 836270 348402 151989 
890338 479545 823534 445265 757879 952817 207614 215996 446004 718956 ,890338 479545 823534 445265 757879 952817 207614 215996 446004 718956 
593992 244014 843035 619656 209728 966162 857092 670868 524382 854910 ,593992 244014 843035 619656 209728 966162 857092 670868 524382 854910 
340849 566075 848799 194571 677085 184804 900210 944973 322808 96003 ,340849 566075 848799 194571 677085 184804 900210 944973 322808 96003 
68330 524310 404281 691199 808672 692123 189131 959732 261460 235305 ,68330 524310 404281 691199 808672 692123 189131 959732 261460 235305 
805411 195248 632315 678807 836392 542106 514987 208531 670792 57157 ,805411 195248 632315 678807 836392 542106 514987 208531 670792 57157 
328385 810948 323723 321608 526581 189401 427653 281660 506810 111896 ,328385 810948 323723 321608 526581 189401 427653 281660 506810 111896 
901907 386209 253699 424296 659278 559023 732404 582008 246466 454325 ,901907 386209 253699 424296 659278 559023 732404 582008 246466 454325 
542272 260056 782645 538689 759531 257392 614039 523691 318761 989178 ,542272 260056 782645 538689 759531 257392 614039 523691 318761 989178 
783757 631041 136929 228999 684023 714809 774482 743579 749073 71943 ,783757 631041 136929 228999 684023 714809 774482 743579 749073 71943 
757796 638452 771491 906881 421614 711001 825313 423637 429614 822710 ,757796 638452 771491 906881 421614 711001 825313 423637 429614 822710 
505428 145430 14718 593173 510795 472054 203574 732404 565926 542460 ,505428 145430 14718 593173 510795 472054 203574 732404 565926 542460 
455215 849295 399859 491550 35066 508645 918071 362300 10676 340656 ,455215 849295 399859 491550 35066 508645 918071 362300 10676 340656 
122955 632799 130964 526581 958797 772246 303391 428721 234228 663596 ,122955 632799 130964 526581 958797 772246 303391 428721 234228 663596 
957477 226332 522148 984430 871048 396848 482944 564462 488127 876673 ,957477 226332 522148 984430 871048 396848 482944 564462 488127 876673 
714451 154384 850530 712458 337989 27162 297905 844107 397456 540666 ,714451 154384 850530 712458 337989 27162 297905 844107 397456 540666 
516535 815565 510295 71362 833781 250236 977349 874029 295598 544116 ,516535 815565 510295 71362 833781 250236 977349 874029 295598 544116 
138420 773045 840210 441387 746998 15361 123330 886957 220725 248494 ,138420 773045 840210 441387 746998 15361 123330 886957 220725 248494 
943977 69711 736 179316 354745 286226 127907 966231 591636 248704 ,943977 69711 736 179316 354745 286226 127907 966231 591636 248704 
79260 560076 958069 53776 671951 635438 695568 536582 83974 481902 ,79260 560076 958069 53776 671951 635438 695568 536582 83974 481902 
215995 228895 735401 120586 664509 562118 236533 412228 249921 951126 ,215995 228895 735401 120586 664509 562118 236533 412228 249921 951126 
864975 545356 325727 323630 878841 527013 497405 220034 581200 653710 ,864975 545356 325727 323630 878841 527013 497405 220034 581200 653710 
38370 373789 28503 672898 162346 611578 856317 648781 541507 654226 ,38370 373789 28503 672898 162346 611578 856317 648781 541507 654226 
743527 399034 518741 868250 623615 393065 423568 21099 239872 852839 ,743527 399034 518741 868250 623615 393065 423568 21099 239872 852839 
436681 710058 599143 665646 965830 394192 579290 618343 265480 225408 ,436681 710058 599143 665646 965830 394192 579290 618343 265480 225408 
647517 996481 417569 838280 789885 654976 804248 830671 878841 604578 ,647517 996481 417569 838280 789885 654976 804248 830671 878841 604578 
356635 27001 527053 847445 677986 541596 979038 275619 957550 395873 ,356635 27001 527053 847445 677986 541596 979038 275619 957550 395873 
796707 337071 515041 259905 628195 576576 305866 710175 792910 408949 ,796707 337071 515041 259905 628195 576576 305866 710175 792910 408949 
276843 189713 269753 604940 86639 964589 87456 389225 852693 113836 ,276843 189713 269753 604940 86639 964589 87456 389225 852693 113836 
924058 627882 575270 124734 500671 943019 477733 75187 655454 901065 ,924058 627882 575270 124734 500671 943019 477733 75187 655454 901065 
203665 885995 769118 998791 210616 996904 905415 191358 644421 929633 ,203665 885995 769118 998791 210616 996904 905415 191358 644421 929633 
668923 377658 65287 956930 474286 832341 597035 760971 460958 392489 ,668923 377658 65287 956930 474286 832341 597035 760971 460958 392489 
429351 237908 830084 348803 749481 977274 740760 540613 420148 390115 ,429351 237908 830084 348803 749481 977274 740760 540613 420148 390115 
878803 947357 251628 932077 160315 616287 249539 782563 48099 724822 ,878803 947357 251628 932077 160315 616287 249539 782563 48099 724822 
647034 115107 652574 126956 82908 583318 101721 771490 441614 399530 ,647034 115107 652574 126956 82908 583318 101721 771490 441614 399530 
158587 200329 96907 381880 797558 983298 82749 871444 947291 798813 ,158587 200329 96907 381880 797558 983298 82749 871444 947291 798813 
327461 555355 560985 977274 354520 322510 469190 724106 26699 237908 ,327461 555355 560985 977274 354520 322510 469190 724106 26699 237908 
407060 894214 639411 490644 886456 457475 873570 590940 978489 951126 ,407060 894214 639411 490644 886456 457475 873570 590940 978489 951126 
640780 7722 538113 737290 517824 485020 768735 640838 800092 192220 ,640780 7722 538113 737290 517824 485020 768735 640838 800092 192220 
719976 420987 82424 566296 514174 219800 245334 510313 724106 85847 ,719976 420987 82424 566296 514174 219800 245334 510313 724106 85847 
32587 389833 321639 941504 96907 158587 341738 321615 364231 440990 ,32587 389833 321639 941504 96907 158587 341738 321615 364231 440990 
496132 350149 559191 494230 979038 98101 884772 506402 946247 927712 ,496132 350149 559191 494230 979038 98101 884772 506402 946247 927712 
445788 667212 656667 667438 190845 912323 824186 655638 763079 656047 ,445788 667212 656667 667438 190845 912323 824186 655638 763079 656047 
37620 448246 668752 972869 515041 152019 985708 152725 190845 824186 ,37620 448246 668752 972869 515041 152019 985708 152725 190845 824186 
260024 338957 931698 896746 734583 271331 466916 480914 20688 82434 ,260024 338957 931698 896746 734583 271331 466916 480914 20688 82434 
206778 380584 863764 228807 798972 754098 177228 614134 226360 595702 ,206778 380584 863764 228807 798972 754098 177228 614134 226360 595702 
833311 26137 442158 335835 821835 882306 480964 482460 632316 833537 ,833311 26137 442158 335835 821835 882306 480964 482460 632316 833537 
713950 997124 769522 831116 958820 42177 933754 659593 957413 487239 ,713950 997124 769522 831116 958820 42177 933754 659593 957413 487239 
751701 223998 85832 725467 211380 896715 744249 304577 197027 293897 ,751701 223998 85832 725467 211380 896715 744249 304577 197027 293897 
269672 78125 840641 494722 249 732404 973372 350327 44481 880741 ,269672 78125 840641 494722 249 732404 973372 350327 44481 880741 
193188 470492 497693 174631 805488 805214 323971 778081 678749 157970 ,193188 470492 497693 174631 805488 805214 323971 778081 678749 157970 
370773 840495 809292 742398 480773 23614 52511 787961 581252 803728 ,370773 840495 809292 742398 480773 23614 52511 787961 581252 803728 
264280 383185 108551 540165 460946 49419 140168 50026 468273 84921 ,264280 383185 108551 540165 460946 49419 140168 50026 468273 84921 
205492 535453 138417 566909 702273 954083 962949 471125 831497 775603 ,205492 535453 138417 566909 702273 954083 962949 471125 831497 775603 
12793 488118 914426 314767 301809 931519 312757 7510 246662 59248 ,12793 488118 914426 314767 301809 931519 312757 7510 246662 59248 
990045 672725 190830 896596 768024 566909 831497 113269 673996 824892 ,990045 672725 190830 896596 768024 566909 831497 113269 673996 824892 
712392 585829 244991 450159 954694 945909 214099 182564 162863 369265 ,712392 585829 244991 450159 954694 945909 214099 182564 162863 369265 
92672 885732 509987 546682 541797 851242 940606 924246 885909 930965 ,92672 885732 509987 546682 541797 851242 940606 924246 885909 930965 
351901 186401 526129 71223 759238 151730 633526 421256 439324 858237 ,351901 186401 526129 71223 759238 151730 633526 421256 439324 858237 
191299 539253 190642 130138 857300 768664 940606 851242 843404 546682 ,191299 539253 190642 130138 857300 768664 940606 851242 843404 546682 
570285 840292 928763 604811 758198 375336 395978 395908 948172 360408 ,570285 840292 928763 604811 758198 375336 395978 395908 948172 360408 
914861 170034 509356 354390 955568 32659 195277 323307 146004 613929 ,914861 170034 509356 354390 955568 32659 195277 323307 146004 613929 
51814 777514 890449 139368 868120 907186 905237 227291 718227 895674 ,51814 777514 890449 139368 868120 907186 905237 227291 718227 895674 
4076 931499 59248 433906 281178 475567 299014 180590 608994 651387 ,4076 931499 59248 433906 281178 475567 299014 180590 608994 651387 
619240 334119 68880 324337 323474 739770 283188 917420 801537 245277 ,619240 334119 68880 324337 323474 739770 283188 917420 801537 245277 
942514 948301 18453 913109 246280 283955 533929 293870 406048 392169 ,942514 948301 18453 913109 246280 283955 533929 293870 406048 392169 
215152 724102 532714 78901 154076 123892 101277 538402 276217 138356 ,215152 724102 532714 78901 154076 123892 101277 538402 276217 138356 
131298 809714 703508 271816 199073 805905 981238 296852 574819 453208 ,131298 809714 703508 271816 199073 805905 981238 296852 574819 453208 
684064 486643 256856 690193 869743 226453 259682 689361 128126 983067 ,684064 486643 256856 690193 869743 226453 259682 689361 128126 983067 
783020 302785 766517 141871 646723 939944 440352 751366 478095 331248 ,783020 302785 766517 141871 646723 939944 440352 751366 478095 331248 
52160 52182 847762 236944 339442 295520 853329 588494 826798 312818 ,52160 52182 847762 236944 339442 295520 853329 588494 826798 312818 
575351 819051 271841 232170 111591 955075 336275 573817 335628 196592 ,575351 819051 271841 232170 111591 955075 336275 573817 335628 196592 
655871 473266 517076 823534 816704 911677 654419 448127 465051 655609 ,655871 473266 517076 823534 816704 911677 654419 448127 465051 655609 
595680 198394 585827 973848 854953 979738 273545 919141 130138 844703 ,595680 198394 585827 973848 854953 979738 273545 919141 130138 844703 
152385 429503 181413 149965 197024 283815 321234 72271 486208 868350 ,152385 429503 181413 149965 197024 283815 321234 72271 486208 868350 
760198 310694 525848 396137 431235 413869 271211 233012 729744 394865 ,760198 310694 525848 396137 431235 413869 271211 233012 729744 394865 
859531 170904 893471 548882 6274 669998 351069 693984 458644 491766 ,859531 170904 893471 548882 6274 669998 351069 693984 458644 491766 
482994 689877 645524 278120 119181 732993 943948 711474 388863 733702 ,482994 689877 645524 278120 119181 732993 943948 711474 388863 733702 
255964 750599 858772 975847 889715 407474 304161 915795 260837 611626 ,255964 750599 858772 975847 889715 407474 304161 915795 260837 611626 
398009 921093 583753 56046 252147 973848 892740 932296 684064 142807 ,398009 921093 583753 56046 252147 973848 892740 932296 684064 142807 
454928 844254 364498 772235 24864 351759 657080 336955 917651 384713 ,454928 844254 364498 772235 24864 351759 657080 336955 917651 384713 
563931 416180 497331 106469 554301 429626 945354 745063 887529 429358 ,563931 416180 497331 106469 554301 429626 945354 887529 429358 525624 
507346 877557 657849 560849 563458 657821 201637 267018 820215 682264 ,507346 877557 657849 560849 563458 657821 201637 267018 820215 682264 
15062 895259 835592 276694 689279 883008 61100 618520 680318 62869 ,15062 895259 835592 276694 689279 883008 61100 618520 680318 62869 
768901 666703 670559 165966 643148 910740 764953 647117 842236 139908 ,768901 666703 670559 165966 643148 910740 764953 647117 842236 139908 
303627 479232 71845 9873 656579 495382 227000 8705 442420 897650 ,303627 479232 71845 9873 656579 495382 227000 8705 442420 897650 
875206 409562 289630 773248 45729 190160 916017 276843 798103 975703 ,875206 409562 289630 773248 45729 190160 916017 276843 798103 975703 
36120 996890 147125 395873 843149 182084 877902 295218 400694 606072 ,36120 996890 147125 395873 843149 182084 877902 295218 400694 606072 
90394 623061 492247 733210 509326 5373 292140 342822 413624 279269 ,90394 623061 492247 733210 509326 5373 292140 342822 413624 279269 
211516 436295 226060 227817 480316 272988 842461 919621 889497 767441 ,211516 436295 226060 227817 480316 272988 842461 919621 889497 767441 
204546 300153 931498 81979 231172 192982 755602 82575 549628 110429 ,204546 300153 931498 81979 231172 192982 755602 82575 549628 110429 
34477 887517 244571 792288 143165 970404 373800 29785 780650 941188 ,34477 887517 244571 792288 143165 970404 373800 29785 780650 941188 
459046 181023 198117 552185 178503 865432 400646 189336 738815 469929 ,459046 181023 198117 552185 178503 865432 400646 189336 738815 469929 
740237 852506 351315 139080 857696 797709 34448 227817 974737 325305 ,740237 852506 351315 139080 857696 797709 34448 227817 974737 325305 
862379 887898 367226 778054 787417 867916 311051 140242 842125 863723 ,862379 887898 367226 778054 787417 867916 311051 140242 842125 863723 
847404 819047 486146 970404 899895 942633 836270 643091 912893 757648 ,847404 819047 486146 970404 899895 942633 836270 643091 912893 757648 
269775 443392 895260 416038 857562 679194 979011 11063 868257 885109 ,269775 443392 895260 416038 857562 679194 979011 11063 868257 885109 
690452 187976 58817 566272 809717 519086 40262 730851 480689 482510 ,690452 187976 58817 566272 809717 519086 40262 730851 480689 482510 
662678 748079 252294 873266 526378 168940 283544 840665 635274 684141 ,662678 748079 252294 873266 526378 168940 283544 840665 635274 684141 
445281 555763 307622 787729 84238 799402 652405 110245 648767 29212 ,445281 555763 307622 787729 84238 799402 652405 110245 648767 29212 
417041 518627 457978 119304 470423 246355 763470 682335 506580 819397 ,417041 518627 457978 119304 470423 246355 763470 682335 506580 819397 
401458 354492 632726 96250 802812 787667 305627 736048 183204 535226 ,401458 354492 632726 96250 802812 787667 305627 736048 183204 535226 
473662 362080 869950 453883 718569 896305 411640 32230 383656 694270 ,473662 362080 869950 453883 718569 896305 411640 32230 383656 694270 
372828 428989 872468 102091 520542 269314 28878 462397 210505 29717 ,372828 428989 872468 102091 520542 269314 28878 462397 210505 29717 
277133 779559 573686 429909 970033 386655 955813 336960 271510 946094 ,277133 779559 573686 429909 970033 386655 955813 336960 271510 946094 
552550 662634 602756 496973 230646 560912 726212 79691 282923 187566 ,552550 662634 602756 496973 230646 560912 726212 79691 282923 187566 
472854 393094 183809 884639 43828 209211 382994 522530 246472 865839 ,472854 393094 183809 884639 43828 209211 382994 522530 246472 865839 
929175 639986 405727 885720 15159 807423 665930 670559 297145 774399 ,929175 639986 405727 885720 15159 807423 665930 670559 297145 774399 
876201 985514 403927 909523 63624 406048 181865 182701 959274 301240 ,876201 985514 403927 909523 63624 406048 181865 182701 959274 301240 
324563 532501 782222 372317 297145 167845 789350 764782 485612 899567 ,324563 532501 782222 372317 297145 167845 789350 764782 485612 899567 
539177 10290 985266 737286 889887 301049 472484 857687 218059 305975 ,539177 10290 985266 737286 889887 301049 472484 857687 218059 305975 
73010 503929 224254 945295 163182 978056 634021 797359 612532 912118 ,73010 503929 224254 945295 163182 978056 634021 797359 612532 912118 
108453 777811 554317 38729 468118 92031 953593 263255 897623 263692 ,108453 777811 554317 38729 468118 92031 953593 263255 897623 263692 
193479 251462 435582 253456 36090 736001 683407 872779 746324 233542 ,193479 251462 435582 253456 36090 736001 683407 872779 746324 233542 
786661 263047 266214 610416 850881 603716 218137 381930 716875 289883 ,786661 263047 266214 610416 850881 603716 218137 381930 716875 289883 
649051 844792 439948 212556 79392 595035 981414 74223 1804 282559 ,649051 844792 439948 212556 79392 595035 981414 74223 1804 282559 
680284 70673 683182 16821 178021 710295 477283 728658 573703 908636 ,680284 70673 683182 16821 178021 710295 477283 728658 573703 908636 
269798 531463 300033 496104 577625 314935 325850 927714 270201 499160 ,269798 531463 300033 496104 577625 314935 325850 927714 270201 499160 
170775 567173 845928 716565 804027 796609 478687 238406 905075 478762 ,170775 567173 845928 716565 804027 796609 478687 238406 905075 478762 
151232 421264 809717 685228 228619 77309 662576 526587 959928 601602 ,151232 421264 809717 685228 228619 77309 662576 526587 959928 601602 
570327 57326 52525 672795 71105 995791 520919 960559 470380 672943 ,570327 57326 52525 672795 71105 995791 520919 960559 470380 672943 
11795 19903 179636 128731 166283 744241 942240 242588 807114 503555 ,11795 19903 179636 128731 166283 744241 942240 242588 807114 503555 
807519 565569 540522 380290 101611 613181 900098 477431 284706 893477 ,807519 565569 540522 380290 101611 613181 900098 477431 284706 893477 
687337 193307 195266 63956 21662 285731 575350 372286 89210 1588 ,687337 193307 195266 63956 21662 285731 575350 372286 89210 1588 
960266 150405 393386 670092 868418 646414 416132 957413 15962 969115 ,960266 150405 393386 670092 868418 646414 416132 957413 15962 969115 
484350 232532 577263 475191 500558 718950 890741 735238 425175 735866 ,484350 232532 577263 475191 500558 718950 890741 735238 425175 735866 
298796 458760 790899 606540 973014 272051 242091 192803 1588 545390 ,298796 458760 790899 606540 973014 272051 242091 192803 1588 545390 
598347 972563 392641 912118 151784 175505 429563 226969 523601 524356 ,598347 972563 392641 912118 151784 175505 429563 226969 523601 524356 
636352 277832 319409 464493 15437 513843 510477 75247 627679 557578 ,636352 277832 319409 464493 15437 513843 510477 75247 627679 557578 
521250 53302 768279 820691 468854 11863 616446 756945 571605 929539 ,521250 53302 768279 820691 468854 11863 616446 756945 571605 929539 
142169 77551 81546 942701 721067 836547 521309 24887 306135 107469 ,142169 77551 81546 942701 721067 836547 521309 24887 306135 107469 
748078 550713 170385 174929 361724 805488 818313 22627 305673 272051 ,748078 550713 170385 174929 361724 805488 818313 22627 305673 272051 
788106 913037 425379 642179 609862 181054 654555 657641 820658 820508 ,788106 913037 425379 642179 609862 181054 654555 657641 820658 820508 
600073 758622 415887 316496 981164 67772 631281 121612 427367 931496 ,600073 758622 415887 316496 981164 67772 631281 121612 427367 931496 
48955 24647 147979 535306 99819 409072 196765 833871 634986 365814 ,48955 24647 147979 535306 99819 409072 196765 833871 634986 365814 
596651 405308 729289 801741 696756 691296 868427 94499 14069 859316 ,596651 405308 729289 801741 696756 691296 868427 94499 14069 859316 
187652 497804 723641 52135 818752 622540 161101 279239 640641 28723 ,187652 497804 723641 52135 818752 622540 161101 279239 640641 28723 
702272 46897 873870 864793 696610 82585 807643 328069 65189 789736 ,702272 46897 873870 864793 696610 82585 807643 328069 65189 789736 
865835 596943 465303 737706 965471 634229 416492 163147 350048 15230 ,865835 596943 465303 737706 965471 634229 416492 163147 350048 15230 
680079 931707 16605 617863 20148 648748 342931 879713 578043 274614 ,680079 931707 16605 617863 20148 648748 342931 879713 578043 274614 
456934 364270 569758 647967 772038 43945 914660 199887 21312 545238 ,456934 364270 569758 647967 772038 43945 914660 199887 21312 545238 
663312 304056 310548 102234 910021 577805 666568 452448 713390 817277 ,663312 304056 310548 102234 910021 577805 666568 452448 713390 817277 
999118 911181 849653 427315 721433 732240 393042 746293 794118 189128 ,999118 911181 849653 427315 721433 732240 393042 746293 794118 189128 
729299 797809 67722 269733 944151 461792 951197 314374 355019 681126 ,729299 797809 67722 269733 944151 461792 951197 314374 355019 681126 
513407 847696 166237 801119 80694 163147 355019 283640 522713 608811 ,513407 847696 166237 801119 80694 163147 355019 283640 522713 608811 
577847 148940 520508 461827 591380 41664 35976 309917 613278 756485 ,577847 148940 520508 461827 591380 41664 35976 309917 613278 756485 
304938 940558 843436 931187 916252 147272 191889 582143 712866 765784 ,304938 940558 843436 931187 916252 147272 191889 582143 712866 765784 
586945 518581 919890 745255 323286 696748 233303 155021 828983 220651 ,586945 518581 919890 745255 323286 696748 233303 155021 828983 220651 
415567 50673 855949 594483 38961 536070 898055 570642 536186 861642 ,415567 50673 855949 594483 38961 536070 898055 570642 536186 861642 
940504 737439 362579 151056 106565 175619 768724 743761 508193 274809 ,940504 737439 362579 151056 106565 175619 768724 743761 508193 274809 
550209 409913 955597 804568 320557 754485 678938 772004 419472 79810 ,550209 409913 955597 804568 320557 754485 678938 772004 419472 79810 
555362 310405 546191 493446 533077 352482 512460 795523 618294 628915 ,555362 310405 546191 493446 533077 352482 512460 795523 618294 628915 
348853 532656 988720 382911 124842 364851 630157 229008 733877 834895 ,348853 532656 988720 382911 124842 364851 630157 229008 733877 834895 
421082 538606 816491 54488 139969 655608 654963 464275 48930 667048 ,421082 538606 816491 54488 139969 655608 654963 464275 48930 667048 
635390 868202 69534 214786 517466 785771 523176 430829 363433 599386 ,635390 868202 69534 214786 517466 785771 523176 430829 363433 599386 
229600 843289 471927 932082 36256 391335 102316 848232 923707 135300 ,229600 843289 471927 932082 36256 391335 102316 848232 923707 135300 
665116 190965 821206 993013 618862 773042 256663 296892 852293 644150 ,665116 190965 821206 993013 618862 773042 256663 296892 852293 644150 
544040 881142 841510 37098 260010 174430 972519 130889 464527 911153 ,544040 881142 841510 37098 260010 174430 972519 130889 464527 911153 
178863 500167 587829 433649 349767 630178 759038 274441 761092 254558 ,178863 500167 587829 433649 349767 630178 759038 274441 761092 254558 
530440 260812 199367 989677 614134 849520 246961 932692 813958 60825 ,530440 260812 199367 989677 614134 849520 246961 932692 813958 60825 
399975 721244 465429 141203 801200 403332 744515 750264 292903 918169 ,399975 721244 465429 141203 801200 403332 744515 750264 292903 918169 
456179 485999 917100 194736 285753 560547 105715 930524 36174 193542 ,456179 485999 917100 194736 285753 560547 105715 930524 36174 193542 
555504 987613 352073 685922 400729 732550 554679 537716 100611 78098 ,555504 987613 352073 685922 400729 732550 554679 537716 100611 78098 
968096 451486 252554 291221 688108 279580 503253 352073 224631 591790 ,968096 451486 252554 291221 688108 279580 503253 352073 224631 591790 
323392 516473 491327 715570 686235 233264 381529 409135 483945 851202 ,323392 516473 491327 715570 686235 233264 381529 409135 483945 851202 
718738 922049 959742 297208 472727 912724 862308 716658 29106 49954 ,718738 922049 959742 297208 472727 912724 862308 716658 29106 49954 
293864 866722 949730 638832 916060 603543 468858 971969 700622 602032 ,293864 866722 949730 638832 916060 603543 468858 971969 700622 602032 
834169 413067 218546 281498 363254 480276 634946 874415 201900 866207 ,834169 413067 218546 281498 363254 480276 634946 874415 201900 866207 
599749 609864 637159 555969 96085 346851 428544 834144 36091 527497 ,599749 609864 637159 555969 96085 346851 428544 834144 36091 527497 
355480 128312 76518 170354 220878 500595 723061 528875 432643 12641 ,355480 128312 76518 170354 220878 500595 723061 528875 432643 12641 
29567 658487 522291 294597 724466 684559 91595 452455 716557 484682 ,29567 658487 522291 294597 724466 684559 91595 452455 716557 484682 
426369 842319 503333 105715 434322 947732 377337 13949 871490 141052 ,426369 842319 503333 105715 434322 947732 377337 13949 871490 141052 
640524 674719 641686 992955 617393 781345 643053 647619 634863 879843 ,640524 674719 641686 992955 617393 781345 643053 647619 634863 879843 
385843 95537 437430 728667 903172 822167 140658 293746 625741 120668 ,385843 95537 437430 728667 903172 822167 140658 293746 625741 120668 
994471 213065 60638 472415 655732 445517 191539 655402 816421 46422 ,994471 213065 60638 472415 655732 445517 191539 655402 816421 46422 
937902 383585 777298 32189 498942 955782 82165 449835 927336 297148 ,937902 383585 777298 32189 498942 955782 82165 449835 927336 297148 
717472 381686 315219 318957 501788 914833 451107 954559 108615 37913 ,717472 381686 315219 318957 501788 914833 451107 954559 108615 37913 
426993 309759 906867 438920 236962 229687 894445 130536 869663 65348 ,426993 309759 906867 438920 236962 229687 894445 130536 869663 65348 
42025 405555 978338 535557 953550 233306 254553 664794 473011 608454 ,42025 405555 978338 535557 953550 233306 254553 664794 473011 608454 
969429 311942 808352 215489 322297 703197 845689 519294 883464 637672 ,969429 311942 808352 215489 322297 703197 845689 519294 883464 637672 
515924 78954 298796 365768 284071 88738 173352 681443 702937 808343 ,515924 78954 298796 365768 284071 88738 173352 681443 702937 808343 
885139 53162 954569 132299 120651 986491 993213 974239 981601 877132 ,885139 53162 954569 132299 120651 986491 993213 974239 981601 877132 
79540 495741 940710 406335 5788 44027 736337 410767 379230 973012 ,79540 495741 940710 406335 5788 44027 736337 410767 379230 973012 
40386 403838 186593 340786 595745 297000 689966 560455 367264 724099 ,40386 403838 186593 340786 595745 297000 689966 560455 367264 724099 
321686 538350 453523 510529 109189 406539 634505 230198 46908 544114 ,321686 538350 453523 510529 109189 406539 634505 230198 46908 544114 
17163 497909 47166 971361 480600 682248 156877 618970 811682 274549 ,17163 497909 47166 971361 480600 682248 156877 618970 811682 274549 
724959 501596 366017 208299 306383 519917 575725 322297 490673 14541 ,724959 501596 366017 208299 306383 519917 575725 322297 490673 14541 
639366 417723 716473 944445 698544 262771 405555 562181 467111 782930 ,639366 417723 716473 944445 698544 262771 405555 562181 467111 782930 
854367 910700 741784 889980 738107 125070 260646 15125 363433 110870 ,854367 910700 741784 889980 738107 125070 260646 15125 363433 110870 
866540 804129 772365 201704 812084 892978 565085 892755 144260 116240 ,866540 804129 772365 201704 812084 892978 565085 892755 144260 116240 
60788 392461 538860 485171 948702 156254 554781 546183 879609 592871 ,60788 392461 538860 485171 948702 156254 554781 546183 879609 592871 
443587 642787 919927 830551 824984 885875 402479 675637 6152 37430 ,443587 642787 919927 830551 824984 885875 402479 675637 6152 37430 
153036 458299 528267 58637 229136 111196 514290 174780 767717 416019 ,153036 458299 528267 58637 229136 111196 514290 174780 767717 416019 
108648 879721 519817 425938 126005 681335 392830 497927 784758 14437 ,108648 879721 519817 425938 126005 681335 392830 497927 784758 14437 
22475 566343 122359 762846 494003 747427 385201 723079 615065 22453 ,22475 566343 122359 762846 494003 747427 385201 723079 615065 22453 
319839 638683 447076 675103 870880 835328 605254 956820 569581 190687 ,319839 638683 447076 675103 870880 835328 605254 956820 569581 190687 
746574 341720 909769 47960 810857 584368 886517 902047 34567 954139 ,746574 341720 909769 47960 810857 584368 886517 902047 34567 954139 
723745 146146 748336 903075 375934 786660 910315 376218 631019 221588 ,723745 146146 748336 903075 375934 786660 910315 376218 631019 221588 
269397 918796 436094 534269 618425 128216 376353 715463 888666 485314 ,269397 918796 436094 534269 618425 128216 376353 715463 888666 485314 
64591 200221 915879 673328 705459 428555 122766 948584 278527 860865 ,64591 200221 915879 673328 705459 428555 122766 948584 278527 860865 
431799 565986 143033 243048 223600 923905 245048 865272 219676 515867 ,431799 565986 143033 243048 223600 923905 245048 865272 219676 515867 
390343 435638 715463 223600 947023 838624 391126 618425 61034 101215 ,390343 435638 715463 223600 947023 838624 391126 618425 61034 101215 
641934 770795 848222 823747 187133 550901 43606 204701 186366 917973 ,641934 770795 848222 823747 187133 550901 43606 204701 186366 917973 
743891 749512 117217 329229 366674 812638 424242 112700 272290 391995 ,743891 749512 117217 329229 366674 812638 424242 112700 272290 391995 
688600 140972 400650 678394 524750 552680 2085 179402 781966 584615 ,688600 140972 678394 524750 552680 2085 179402 781966 584615 920629 
103605 293238 599461 282050 450100 324397 599732 822232 422174 296150 ,103605 293238 599461 282050 450100 324397 599732 822232 422174 296150 
573076 919550 969525 854355 781361 190524 854583 859316 561467 886725 ,573076 919550 969525 854355 781361 190524 854583 859316 561467 886725 
307579 327642 531429 269747 553067 966065 184133 672386 128783 585825 ,307579 327642 531429 269747 553067 966065 184133 672386 128783 585825 
61254 971871 94065 514364 782841 860152 358 736138 16492 402445 ,61254 971871 94065 514364 782841 860152 358 736138 16492 402445 
420644 483113 84984 543680 933592 695956 346653 998008 714300 927336 ,420644 483113 84984 543680 933592 695956 346653 998008 714300 927336 
479188 971375 311909 181251 144941 64606 304199 874211 394969 21066 ,479188 971375 311909 181251 144941 64606 304199 874211 394969 21066 
447053 825540 721156 667006 641629 640329 638656 615154 445902 674287 ,447053 825540 721156 667006 641629 640329 638656 615154 445902 674287 
449774 953512 190165 681392 706825 432808 62033 105023 82687 354378 ,449774 953512 190165 681392 706825 432808 62033 105023 82687 354378 
802153 680499 650161 876433 123880 76434 118214 728091 437380 193841 ,802153 680499 650161 876433 123880 76434 118214 728091 437380 193841 
970166 299100 374236 254673 230642 758175 147543 218908 329941 761281 ,970166 299100 374236 254673 230642 758175 147543 218908 329941 761281 
638241 381448 195171 348295 519482 266810 120903 243839 380095 888472 ,638241 381448 195171 348295 519482 266810 120903 243839 380095 888472 
59428 992055 322984 194673 238007 563887 603350 454269 146525 270430 ,59428 992055 322984 194673 238007 563887 603350 454269 146525 270430 
104022 71505 834895 932152 181278 289629 928092 822662 202115 688318 ,104022 71505 834895 932152 181278 289629 928092 822662 202115 688318 
58827 431346 327926 498654 349738 566409 516386 825684 419736 293672 ,58827 431346 327926 498654 349738 566409 516386 825684 419736 293672 
287060 717278 273829 635164 297966 906632 726976 577205 748855 356389 ,287060 717278 273829 635164 297966 906632 726976 577205 748855 356389 
959809 605850 81080 227528 454237 594367 402346 237792 37263 682503 ,959809 605850 81080 227528 454237 594367 402346 237792 37263 682503 
527889 289315 618285 9642 915494 806998 168490 484363 33720 967728 ,527889 289315 618285 9642 915494 806998 168490 484363 33720 967728 
264626 680991 946734 370018 394310 167666 47428 986119 778603 718497 ,264626 680991 946734 370018 394310 167666 47428 986119 778603 718497 
47014 827512 614134 273829 656152 76295 986900 717278 835730 161383 ,47014 827512 614134 273829 656152 76295 717278 835730 161383 225707 
298740 548523 4620 384921 97350 369007 31048 85477 559919 242842 ,298740 548523 4620 384921 97350 369007 31048 85477 559919 242842 
223866 915494 390619 810267 16343 569447 654661 606027 538830 257062 ,223866 915494 390619 810267 16343 569447 654661 606027 538830 257062 
220063 279775 850732 88330 822732 125308 83930 153012 84536 503409 ,220063 279775 850732 88330 822732 125308 83930 153012 84536 503409 
85741 8828 987597 432934 530539 516662 746768 855683 672708 518651 ,85741 8828 987597 432934 530539 516662 746768 855683 672708 518651 
462426 224561 473957 585832 62560 369150 301330 226060 540513 61471 ,462426 224561 473957 585832 62560 369150 301330 226060 540513 61471 
735925 368671 782888 751805 441556 180151 523287 883968 942870 134156 ,735925 368671 782888 751805 441556 180151 523287 883968 942870 134156 
834050 498987 921944 481687 742452 123433 646480 186625 28947 907801 ,834050 498987 921944 481687 742452 123433 646480 186625 28947 907801 
175674 342848 470137 106266 171785 938134 184834 416141 271294 64706 ,175674 342848 470137 106266 171785 938134 184834 416141 271294 64706 
67144 276455 455260 697055 81944 311005 42052 31685 694906 818592 ,67144 276455 455260 697055 81944 311005 42052 31685 694906 818592 
768031 410483 953109 958321 656919 42621 48420 837446 655097 907667 ,768031 410483 953109 958321 656919 42621 48420 837446 655097 907667 
159553 730667 921209 733396 92139 175707 16029 320472 698279 171688 ,159553 730667 921209 733396 92139 175707 16029 320472 698279 171688 
747259 704719 367830 806036 832870 930955 333314 883819 339910 391294 ,747259 704719 367830 806036 832870 930955 333314 883819 339910 391294 
402043 927562 577209 504571 459267 718412 712258 71003 122647 960898 ,402043 927562 577209 504571 459267 718412 712258 71003 122647 960898 
781541 535962 997022 851382 982408 856615 846676 278537 920386 957098 ,781541 535962 997022 851382 982408 856615 846676 278537 920386 957098 
795361 283392 305419 18831 708459 162134 935736 530695 341152 363620 ,795361 283392 305419 18831 708459 162134 935736 530695 341152 363620 
141941 562131 840393 927165 602976 64652 843822 852423 206606 73028 ,141941 562131 840393 927165 602976 64652 843822 852423 206606 73028 
472302 272010 353686 742529 96807 424928 495266 502196 496638 263252 ,472302 272010 353686 742529 96807 424928 495266 502196 496638 263252 
38752 640565 445778 215827 541743 45073 445918 667627 37676 804436 ,38752 640565 445778 215827 541743 45073 445918 667627 37676 804436 
366890 856645 472957 133069 897660 878254 10689 225985 604138 627834 ,366890 856645 472957 133069 897660 878254 10689 225985 604138 627834 
222575 261313 549311 948601 962044 967648 411131 777648 728004 232647 ,222575 261313 549311 948601 962044 967648 411131 777648 728004 232647 
429003 995968 791558 816930 536367 282497 995864 423700 822870 28865 ,429003 995968 791558 816930 536367 282497 995864 423700 822870 28865 
132104 883820 869918 337797 743001 757942 759135 861481 292367 631246 ,132104 883820 869918 337797 743001 757942 759135 861481 292367 631246 
64685 238376 986942 80035 396859 172384 566296 85967 911168 379458 ,64685 238376 986942 80035 396859 172384 566296 85967 911168 379458 
995864 778856 373455 410229 911401 656288 255531 793913 779180 602618 ,995864 778856 373455 410229 911401 656288 255531 793913 779180 602618 
206649 596220 206586 881501 361662 832129 743527 227468 730704 826932 ,206649 596220 206586 881501 361662 832129 743527 227468 730704 826932 
275627 68988 745036 229136 705829 384940 711025 48738 345748 454405 ,275627 68988 745036 229136 705829 384940 711025 48738 345748 454405 
476695 447276 445008 648607 226498 574887 542434 604249 989988 702274 ,476695 447276 445008 648607 226498 574887 542434 604249 989988 702274 
471778 65688 297045 357266 617079 90071 414223 205081 704443 448832 ,471778 65688 297045 357266 617079 90071 414223 205081 704443 448832 
545407 873123 250051 452160 918743 862311 667637 588993 612725 610344 ,545407 873123 250051 452160 918743 862311 667637 588993 612725 610344 
588852 377255 288367 732515 711051 454514 226262 545440 226459 400364 ,588852 377255 288367 732515 711051 454514 226262 545440 400364 235559 
825481 406100 979419 474339 535418 233297 295852 282361 812069 673352 ,825481 406100 979419 474339 535418 233297 295852 282361 812069 673352 
564331 767102 440917 556020 596512 354996 840402 732084 37917 249407 ,564331 767102 440917 556020 596512 354996 840402 732084 37917 249407 
600413 533047 732083 556020 504190 241584 354996 529649 960036 595096 ,600413 533047 732083 556020 504190 241584 354996 529649 960036 595096 
812543 107084 32329 207902 155542 233201 450468 835644 691928 693107 ,812543 107084 32329 207902 155542 233201 450468 835644 691928 693107 
357748 338939 723095 533463 337826 351158 172325 704162 59462 274349 ,357748 338939 723095 533463 337826 351158 172325 704162 59462 274349 
916092 762963 615736 318670 209910 949994 18471 931581 317427 596244 ,916092 762963 615736 318670 209910 949994 931581 317427 596244 959922 
198707 932295 207619 99804 840306 521928 544386 229548 534301 976617 ,198707 932295 207619 99804 840306 521928 544386 229548 534301 976617 
923446 656258 954259 661546 885020 206428 146802 114894 71381 191677 ,923446 656258 954259 661546 885020 206428 146802 114894 71381 191677 
533381 140437 873355 705612 895724 797736 613066 395569 561987 682503 ,533381 140437 873355 705612 895724 797736 613066 395569 561987 682503 
423096 101988 23685 585432 998060 649276 854021 960161 916236 216604 ,423096 101988 23685 585432 998060 649276 854021 960161 916236 216604 
377956 480816 957495 49210 920818 404247 581695 710780 625512 308510 ,377956 480816 957495 49210 920818 404247 581695 710780 625512 308510 
960697 292135 854021 249261 500564 101241 23685 719315 365960 322165 ,960697 292135 854021 249261 500564 101241 23685 719315 365960 322165 
886687 919109 15734 68328 858172 985794 406021 893261 482399 777855 ,886687 919109 15734 68328 858172 985794 406021 893261 482399 777855 
560726 323392 600658 255236 130360 607800 850323 943348 40220 325994 ,560726 323392 600658 255236 130360 607800 850323 943348 40220 325994 
423001 448126 899826 236827 899873 603655 379452 895755 46854 768341 ,423001 448126 899826 236827 899873 603655 379452 895755 46854 768341 
588689 611338 483354 697087 830455 196802 257172 388548 311543 564291 ,588689 611338 483354 697087 830455 196802 257172 388548 311543 564291 
79540 732324 139101 895755 936287 554727 228401 502297 733444 341739 ,79540 732324 139101 895755 936287 554727 228401 502297 733444 341739 
430134 326197 600213 381260 5136 377580 363592 456017 723083 262467 ,430134 326197 600213 381260 5136 377580 363592 456017 723083 262467 
994847 15734 311874 180972 61021 186008 606071 437917 370119 246043 ,994847 15734 311874 180972 61021 186008 606071 437917 370119 246043 
717342 850323 181965 227883 291218 772195 31127 201956 525282 821174 ,717342 850323 181965 227883 291218 772195 31127 201956 525282 821174 
940746 495163 531050 833870 111673 503555 751816 763201 722718 483354 ,940746 495163 531050 833870 111673 503555 751816 763201 722718 483354 
919056 921411 846165 960029 886868 892929 598763 678913 606699 777855 ,919056 921411 846165 960029 886868 892929 598763 678913 606699 777855 
506288 161754 328750 675618 98007 443015 931428 805990 764802 546217 ,506288 161754 328750 675618 98007 443015 931428 805990 764802 546217 
109549 714429 749826 64993 67069 35791 76939 896145 438537 527456 ,109549 714429 749826 64993 67069 35791 76939 896145 438537 527456 
511108 63913 843904 268245 924702 181458 391541 645396 647421 21229 ,511108 63913 843904 268245 924702 181458 391541 645396 647421 21229 
807065 480974 927248 412643 623017 416912 514615 731416 698394 32165 ,807065 480974 927248 412643 623017 416912 514615 731416 698394 32165 
515941 894096 576430 580304 534551 77055 453628 889688 325032 694881 ,515941 894096 576430 580304 534551 77055 453628 889688 325032 694881 
243739 390079 201390 150914 378368 781072 541614 966233 211787 269379 ,243739 390079 201390 150914 378368 781072 541614 966233 211787 269379 
926376 736999 699505 96174 728579 516244 17052 631590 20865 635383 ,926376 736999 699505 96174 728579 516244 17052 631590 20865 635383 
939338 434509 116069 684508 195625 702936 205416 400633 416067 269256 ,939338 434509 116069 684508 195625 702936 205416 400633 416067 269256 
506924 659996 734414 591171 413624 468259 94121 464860 22755 141863 ,506924 659996 734414 591171 413624 468259 94121 464860 22755 141863 
356801 343150 156800 54758 33033 828487 705489 453170 110336 564168 ,356801 343150 156800 54758 33033 828487 705489 453170 110336 564168 
387963 303594 774447 693535 800638 172895 542014 309786 713193 726239 ,387963 303594 774447 693535 800638 172895 542014 309786 713193 726239 
846777 875452 900973 714759 562878 808590 992951 876810 541439 870500 ,846777 875452 900973 714759 562878 808590 992951 876810 541439 870500 
101892 227719 857687 980519 916791 166683 990186 943245 22596 896415 ,101892 227719 857687 980519 916791 166683 990186 943245 22596 896415 
521294 521183 371492 550657 127627 493446 750073 508557 988065 892433 ,521294 521183 371492 550657 127627 493446 750073 508557 988065 892433 
880650 546636 719648 551410 633235 37101 489205 693516 493781 471087 ,880650 546636 719648 551410 633235 37101 489205 693516 493781 471087 
829853 538955 107172 435757 237622 932817 805377 620158 860729 750337 ,829853 538955 107172 435757 237622 932817 805377 620158 860729 750337 
711255 781876 183701 572888 941538 319337 666394 590250 149429 283406 ,711255 781876 183701 572888 941538 319337 666394 590250 149429 283406 
548505 36450 112100 702344 817280 889966 41741 690330 305221 751002 ,548505 36450 112100 702344 817280 889966 41741 690330 305221 751002 
576526 747743 234385 673046 438147 149836 242712 149334 817099 627331 ,576526 747743 234385 673046 438147 149836 242712 149334 817099 627331 
699908 254853 709326 489621 746488 620158 112835 225275 225321 618433 ,699908 254853 709326 489621 746488 620158 112835 225275 225321 618433 
753372 99697 108 556402 591332 82212 35431 376554 861897 703885 ,753372 99697 108 556402 591332 82212 35431 376554 861897 703885 
610279 885020 610344 568915 137688 849993 373722 22596 743652 356772 ,610279 885020 610344 568915 137688 849993 373722 22596 743652 356772 
698176 31368 756005 990188 578556 780627 751765 107631 168486 5194 ,698176 31368 756005 990188 578556 780627 751765 107631 168486 5194 
152699 993777 641374 11831 404856 405785 60196 726105 208942 463917 ,152699 993777 641374 11831 404856 405785 60196 726105 208942 463917 
878643 696774 679938 978323 25821 796710 338670 601300 949573 874311 ,878643 696774 679938 978323 25821 796710 338670 601300 949573 874311 
941538 149429 268145 566560 722754 988523 551775 572888 771859 233252 ,941538 149429 268145 566560 722754 988523 551775 572888 771859 233252 
478247 174672 112093 94651 500865 136225 122747 805032 627832 793339 ,478247 174672 112093 94651 500865 136225 122747 805032 627832 793339 
384298 569437 12237 463926 409615 979790 975113 536871 272901 309367 ,384298 569437 12237 463926 409615 979790 975113 536871 272901 309367 
483641 854931 18684 925400 645624 947812 522753 108321 742406 120479 ,483641 854931 18684 925400 645624 947812 522753 108321 742406 120479 
293502 409849 492089 74512 279580 188011 544474 896955 563939 85572 ,293502 409849 492089 74512 279580 188011 544474 896955 563939 85572 
830153 244232 962859 134999 900961 10041 374457 676711 467556 99311 ,830153 244232 962859 134999 900961 10041 374457 676711 467556 99311 
402106 800216 46826 307615 249336 983596 783477 287172 227186 947879 ,402106 800216 46826 307615 249336 983596 783477 287172 227186 947879 
264884 854526 660870 619332 740078 54172 932969 670185 908520 264372 ,264884 854526 660870 619332 740078 54172 932969 670185 908520 264372 
217765 23500 25469 527344 615589 59029 23782 90878 791178 320355 ,217765 23500 25469 527344 615589 59029 23782 90878 791178 320355 
436372 436647 466107 69524 942854 170394 70508 914362 283411 482417 ,436372 436647 466107 69524 942854 170394 70508 914362 283411 482417 
578681 710794 562547 275727 953806 91590 923220 742910 516498 439676 ,578681 710794 562547 275727 953806 91590 923220 742910 516498 439676 
515651 806682 732382 440276 341244 381592 92030 772671 458400 721062 ,515651 806682 732382 440276 341244 381592 92030 772671 458400 721062 
10309 57401 88691 799506 510477 504044 408139 295019 930522 624612 ,10309 57401 88691 799506 510477 504044 408139 295019 930522 624612 
39638 886175 643440 913782 224080 216070 239083 638173 482627 872662 ,39638 886175 643440 913782 224080 216070 239083 638173 482627 872662 
867133 99311 952299 612760 537349 416313 837162 538288 863410 572643 ,867133 99311 952299 612760 537349 416313 837162 538288 863410 572643 
809211 563709 731599 948967 23819 523562 417695 407185 461890 758371 ,809211 563709 731599 948967 23819 523562 417695 407185 461890 758371 
810430 241903 213478 49991 51770 73724 269690 693698 39233 803545 ,810430 241903 213478 49991 51770 73724 269690 693698 39233 803545 
469484 995499 414247 363832 806102 108248 784787 815392 363373 746196 ,469484 995499 414247 363832 806102 108248 784787 815392 363373 746196 
997347 736093 298702 436051 468947 335789 46212 841931 543120 587269 ,997347 736093 298702 436051 468947 335789 46212 841931 543120 587269 
514739 997834 465483 711176 1959 487323 635099 261775 772604 833781 ,514739 997834 465483 711176 1959 487323 635099 261775 772604 833781 
993996 718329 402524 202349 636704 225221 798083 867133 652258 702862 ,993996 718329 402524 202349 636704 225221 798083 867133 652258 702862 
736020 668096 264884 801534 628334 868842 725158 105674 266497 116754 ,736020 668096 264884 801534 628334 868842 725158 105674 266497 116754 
394820 803036 446613 751302 401825 690476 869137 561146 391351 210346 ,394820 803036 446613 751302 401825 690476 869137 561146 391351 210346 
859033 29883 198961 659296 843483 341394 354144 47066 420136 989197 ,859033 29883 198961 659296 843483 341394 354144 47066 420136 989197 
730585 870325 618697 265708 419738 239318 952299 161899 138417 313679 ,730585 870325 618697 265708 419738 239318 952299 161899 138417 313679 
855364 402524 636704 993996 718329 652569 687733 508742 895425 189855 ,855364 402524 636704 993996 718329 652569 687733 508742 895425 189855 
806102 345500 37419 515651 700699 754609 469484 458400 549382 723928 ,806102 345500 37419 515651 700699 754609 469484 458400 549382 723928 
781887 671485 971893 701940 83397 167907 902423 535584 576576 81446 ,781887 671485 971893 701940 83397 167907 902423 535584 576576 81446 
825743 962898 846970 578681 567335 425079 833304 828140 756674 742910 ,825743 962898 846970 578681 567335 425079 833304 828140 756674 742910 
704105 390739 843289 739122 858603 881610 800474 289090 105548 231252 ,704105 390739 843289 739122 858603 881610 800474 289090 105548 231252 
304853 38034 814404 938506 655102 912724 974190 298271 502277 748277 ,304853 38034 814404 938506 655102 912724 974190 298271 502277 748277 
25271 101696 781230 902423 487404 452460 612898 99178 909651 539750 ,25271 101696 781230 902423 487404 452460 612898 99178 909651 539750 
280018 440419 524037 101139 81187 719977 426515 458400 30216 548616 ,280018 440419 524037 101139 81187 719977 426515 458400 30216 548616 
137103 610344 6691 700051 553447 191735 470674 809294 756569 849435 ,137103 610344 6691 700051 553447 191735 470674 809294 756569 849435 
258681 934903 517238 253073 262010 627661 245012 670462 691205 844338 ,258681 934903 517238 253073 262010 627661 245012 670462 691205 844338 
595333 552504 260017 515764 281279 274799 980582 941710 190876 998215 ,595333 552504 260017 515764 281279 274799 980582 941710 190876 998215 
78001 976903 257614 662146 247085 494843 45753 330569 697935 498974 ,78001 976903 257614 662146 247085 494843 45753 330569 697935 498974 
547156 999008 24848 616203 984062 566445 946340 647275 901497 961522 ,547156 999008 24848 616203 984062 566445 946340 647275 901497 961522 
191065 862980 266356 210889 593992 903896 69333 14621 954193 682253 ,191065 862980 266356 210889 593992 903896 69333 14621 954193 682253 
602219 719254 823700 255013 797754 175562 161613 122908 363570 511601 ,602219 719254 823700 255013 797754 175562 161613 122908 363570 511601 
62663 63091 414537 778359 530927 806534 545179 338479 870573 73835 ,62663 63091 414537 778359 530927 806534 545179 338479 870573 73835 
827159 597521 59524 186046 967754 390022 176502 26515 60131 618465 ,827159 597521 59524 186046 967754 390022 176502 26515 60131 618465 
705453 496559 443601 82155 210572 634246 443372 739891 719587 933152 ,705453 496559 443601 82155 210572 634246 443372 739891 719587 933152 
474560 520457 77470 379963 665099 680348 540871 851618 899209 231432 ,474560 520457 77470 379963 665099 680348 540871 851618 899209 231432 
569591 655902 215675 476959 655097 837308 208066 816931 421731 216353 ,569591 655902 215675 476959 655097 837308 208066 816931 421731 216353 
379963 189833 290903 56516 480764 414715 636006 556793 71900 900552 ,379963 189833 290903 56516 480764 414715 636006 556793 71900 900552 
542272 929536 202242 897428 565819 960692 125774 855366 904811 198482 ,542272 929536 202242 897428 565819 960692 125774 855366 904811 198482 
828217 227624 186473 486154 513156 811991 982900 962014 539805 42665 ,828217 227624 186473 486154 513156 811991 982900 962014 539805 42665 
86938 5273 631460 972929 549225 802351 632467 501689 686165 497125 ,86938 5273 631460 972929 549225 802351 632467 501689 686165 497125 
675073 674383 673845 781345 617565 651061 653254 969134 894807 262275 ,675073 674383 673845 781345 617565 651061 969134 894807 262275 230867 
986456 402291 526356 890818 28028 29183 745081 508669 910691 991594 ,986456 402291 526356 890818 28028 29183 745081 508669 910691 991594 
639876 546779 102163 828392 481388 244032 944039 357119 143995 223979 ,639876 546779 102163 828392 481388 244032 944039 357119 143995 223979 
977527 716436 277147 106543 923 237588 460591 958646 160785 545296 ,977527 716436 277147 106543 923 237588 460591 958646 160785 545296 
641749 609874 907168 186614 800814 770303 759255 211828 207088 911327 ,641749 609874 907168 186614 800814 770303 759255 211828 207088 911327 
837148 591306 208739 561254 921494 285031 393427 595476 884707 194789 ,837148 591306 208739 561254 921494 285031 393427 595476 884707 194789 
157882 842126 746006 433909 884237 843989 665773 852887 695364 620299 ,157882 842126 746006 433909 884237 843989 665773 852887 695364 620299 
723494 571003 60193 191434 506181 174900 263205 702547 126812 432555 ,723494 571003 60193 191434 506181 174900 263205 702547 126812 432555 
477333 415084 567135 687808 557044 579720 281238 386726 328793 917090 ,477333 415084 567135 687808 557044 579720 281238 386726 328793 917090 
899872 94289 363763 916060 200563 676836 990496 278891 982705 931784 ,899872 94289 363763 916060 200563 676836 990496 278891 982705 931784 
15977 871303 719746 458603 524572 931822 75547 538830 284405 13972 ,15977 871303 719746 458603 524572 931822 75547 538830 284405 13972 
567206 472187 45568 946807 421614 757796 576369 565941 940710 421123 ,567206 472187 45568 946807 421614 757796 576369 565941 940710 421123 
525089 221381 143670 934761 391426 806497 265779 307764 486337 879277 ,525089 221381 143670 934761 391426 806497 265779 307764 486337 879277 
531441 189196 88437 357558 204950 307828 736863 518085 324416 180658 ,531441 189196 88437 357558 204950 307828 736863 518085 324416 180658 
666992 820326 606543 837859 848571 996863 52125 896052 800904 446559 ,666992 820326 606543 837859 848571 996863 52125 896052 800904 446559 
293591 316455 970760 900008 623484 682041 897269 499301 462382 969883 ,293591 316455 970760 900008 623484 682041 897269 499301 462382 969883 
318612 181953 35813 783036 420186 166316 491364 490693 565926 543517 ,318612 181953 35813 783036 420186 166316 491364 490693 565926 543517 
852717 955944 956544 411603 782733 996902 761785 207435 363187 542272 ,852717 955944 956544 411603 782733 996902 761785 207435 363187 542272 
997991 631204 48270 295164 684499 464849 243208 123210 508982 124658 ,997991 631204 48270 295164 684499 464849 243208 123210 508982 124658 
724106 977274 526660 510502 400784 617703 787725 67705 452533 566518 ,724106 977274 526660 510502 400784 617703 787725 67705 452533 566518 
695568 27821 999025 560076 44798 44279 276775 125644 55447 904624 ,695568 27821 999025 560076 44798 44279 276775 125644 55447 904624 
717636 871585 611911 173909 887396 155420 129971 647328 489744 771414 ,717636 871585 611911 173909 155420 129971 647328 489744 771414 956094 
620402 263458 59587 223044 868250 302976 915757 113141 146191 377189 ,620402 263458 59587 223044 868250 302976 915757 113141 146191 377189 
20737 99124 124330 1879 971064 399034 416257 658575 680318 37281 ,20737 99124 124330 1879 971064 399034 416257 658575 680318 37281 
248871 942165 308655 24392 731878 556858 330905 101275 70529 824908 ,248871 942165 308655 24392 731878 556858 330905 101275 70529 824908 
253853 409739 756691 57528 702274 448139 536658 814380 764138 45658 ,253853 409739 756691 57528 702274 448139 536658 814380 764138 45658 
854526 299435 903553 210645 993692 513123 574398 142972 14883 59455 ,854526 299435 903553 210645 993692 513123 574398 142972 14883 59455 
857640 598682 835406 416711 591469 60379 192334 942787 164125 464150 ,857640 598682 835406 416711 591469 60379 192334 942787 164125 464150 
669883 821116 892582 968096 64825 636164 81786 18684 603313 343433 ,669883 821116 892582 968096 64825 636164 81786 18684 603313 343433 
236010 968234 661746 545559 470908 714324 392266 952981 764782 653822 ,236010 968234 661746 545559 470908 714324 392266 952981 764782 653822 
582566 293868 529066 762662 159472 733520 304103 510391 298325 82061 ,582566 293868 529066 762662 159472 733520 304103 510391 298325 82061 
77101 835204 74724 371741 17885 420307 289634 512233 19001 976080 ,77101 835204 74724 371741 17885 420307 289634 512233 19001 976080 
446196 681957 446383 445936 655985 552512 559515 422022 46590 38950 ,446196 681957 446383 445936 655985 552512 559515 422022 46590 38950 
687342 38734 700264 249213 469589 38098 414205 469724 39272 944878 ,687342 38734 700264 249213 469589 38098 414205 469724 39272 944878 
101767 299435 574398 662106 666611 855542 826671 839555 864498 11181 ,101767 299435 574398 662106 666611 855542 826671 839555 864498 11181 
645160 618703 888605 527764 92975 693785 744295 209000 139073 912966 ,645160 618703 888605 527764 92975 693785 744295 209000 139073 912966 
995845 647900 190861 199800 365610 284238 968096 211521 957172 649007 ,995845 647900 190861 199800 365610 284238 968096 211521 957172 649007 
914166 625725 61528 14082 304664 844731 463573 592921 686317 25825 ,914166 625725 61528 14082 304664 844731 463573 592921 686317 25825 
404585 985311 985708 656043 793183 647889 285810 497408 80802 216771 ,404585 985311 985708 656043 793183 647889 285810 497408 216771 877951 
454896 757901 625649 834852 847502 835322 1522 825641 531690 978646 ,454896 757901 625649 834852 847502 835322 1522 825641 531690 978646 
673507 740540 391457 386772 598116 852392 896010 741323 11449 865463 ,673507 740540 391457 386772 598116 852392 896010 741323 11449 865463 
808076 541386 539828 45658 673081 980234 666810 253853 638098 811321 ,808076 541386 539828 45658 673081 980234 666810 253853 638098 811321 
268985 147636 343433 252495 59248 274331 807313 412523 951787 496733 ,268985 147636 343433 252495 59248 274331 807313 412523 951787 496733 
454896 531690 155905 406757 65287 556807 304161 524498 849077 951394 ,454896 531690 155905 406757 65287 556807 304161 524498 849077 951394 
324114 928652 497044 972038 244593 505566 66531 924705 275654 68710 ,324114 928652 497044 972038 244593 505566 66531 924705 275654 68710 
540846 422793 953087 64554 812465 374826 425505 176404 674208 760420 ,540846 422793 953087 64554 812465 374826 425505 176404 674208 760420 
510507 119627 60039 723334 632213 480727 123887 129064 37428 16534 ,510507 119627 60039 723334 632213 480727 123887 129064 37428 16534 
582605 321199 65269 159122 892995 521619 326886 330431 562295 146982 ,582605 321199 65269 159122 892995 521619 326886 330431 562295 146982 
73610 884767 618487 515319 461909 169412 867062 930641 155905 945976 ,73610 884767 618487 515319 461909 169412 867062 930641 155905 945976 
997981 100442 993124 944197 868229 964129 916821 267703 386751 224365 ,997981 100442 993124 944197 868229 964129 916821 267703 386751 224365 
501085 86101 572227 868040 909130 749122 380679 458758 909455 891659 ,501085 86101 572227 868040 909130 749122 380679 458758 909455 891659 
540165 84269 127616 50026 108899 85393 140168 777514 265638 110273 ,540165 84269 127616 50026 108899 85393 140168 777514 265638 110273 
493973 187513 287187 992136 745420 285672 254531 615032 460036 381357 ,493973 187513 287187 992136 745420 285672 254531 615032 460036 381357 
90654 563374 472602 643833 384025 300489 58660 470506 884672 898304 ,90654 563374 472602 643833 384025 300489 58660 470506 884672 898304 
800941 798199 147146 846469 625216 113854 933971 861051 594765 995832 ,800941 798199 147146 846469 625216 113854 933971 861051 594765 995832 
961928 723842 68757 44681 323307 383373 897134 215152 546586 430355 ,961928 723842 68757 44681 323307 383373 897134 215152 546586 430355 
611391 207111 63993 997634 482631 482698 500497 39837 709066 623398 ,611391 207111 63993 997634 482631 482698 500497 39837 709066 623398 
289351 273972 929237 868597 858679 463863 505476 480310 62391 113854 ,289351 273972 929237 868597 858679 463863 505476 480310 62391 113854 
701763 930073 765422 11319 19912 320467 869074 804123 501100 236740 ,701763 930073 765422 11319 19912 320467 869074 804123 501100 236740 
526129 154591 391792 3791 71223 488396 839681 919867 793218 607291 ,526129 154591 391792 3791 71223 488396 839681 919867 793218 607291 
471685 281358 353278 73594 101748 279161 89835 53156 682751 171630 ,471685 281358 353278 73594 101748 279161 89835 53156 682751 171630 
421699 94252 139480 461363 562890 699811 422646 762584 258623 236768 ,421699 94252 139480 461363 562890 699811 422646 762584 258623 236768 
117465 289776 353355 82500 526902 26218 287950 217165 703082 924530 ,117465 289776 353355 82500 526902 26218 287950 217165 703082 924530 
547330 40855 252090 309541 934549 554119 458938 416345 682264 87142 ,547330 40855 252090 309541 934549 554119 458938 416345 682264 87142 
668042 193187 539262 868580 219521 315608 143461 61888 554119 42877 ,668042 193187 539262 868580 219521 315608 143461 61888 554119 42877 
334482 926426 810097 896507 678044 989860 149373 53323 251431 44513 ,334482 926426 810097 896507 678044 989860 149373 53323 251431 44513 
345226 26969 806728 610181 838816 718040 194292 324337 818307 673329 ,345226 26969 806728 610181 838816 718040 194292 324337 818307 673329 
737153 298860 762056 200937 519294 218083 495857 4477 470152 122196 ,737153 298860 762056 200937 519294 218083 495857 4477 470152 122196 
480781 744479 408398 704676 740355 522558 201704 238888 869972 713144 ,480781 744479 408398 704676 740355 522558 201704 238888 869972 713144 
683151 225321 535333 819521 15333 564597 880227 808647 941039 203212 ,683151 225321 535333 819521 15333 564597 880227 808647 941039 203212 
543866 61859 214183 38302 812315 631365 907186 186899 543860 764762 ,543866 61859 214183 38302 812315 631365 907186 186899 543860 764762 
44711 831497 415692 232127 886142 545891 10101 896596 800805 190617 ,44711 831497 415692 232127 886142 545891 10101 896596 800805 190617 
128195 765883 181278 933924 815217 814017 32655 285171 675427 877528 ,128195 765883 181278 933924 815217 814017 32655 285171 675427 877528 
175483 91946 25316 615388 167611 964707 408914 4730 155032 108248 ,175483 91946 25316 615388 167611 964707 408914 4730 155032 108248 
618709 337156 262452 409738 212747 632705 950763 908209 136445 234753 ,618709 337156 262452 409738 212747 632705 950763 908209 136445 234753 
450294 500310 640683 378783 485756 354007 113288 912563 12169 385235 ,450294 500310 640683 378783 485756 354007 113288 912563 12169 385235 
130804 616737 773139 425223 384408 844749 208592 140748 31643 306908 ,130804 616737 773139 425223 384408 844749 208592 140748 31643 306908 
227421 492631 838485 190506 986960 260405 460036 223607 886251 771934 ,227421 492631 838485 190506 986960 260405 460036 223607 886251 771934 
86355 964707 231040 406521 91627 408332 517069 802317 426704 609695 ,86355 964707 231040 406521 91627 408332 517069 802317 426704 609695 
407523 260396 922846 539997 859302 373713 662500 775097 641918 856615 ,407523 260396 922846 539997 859302 373713 662500 775097 641918 856615 
828512 969242 883590 604811 256974 77355 995522 975304 924261 621252 ,828512 969242 883590 604811 256974 77355 995522 975304 924261 621252 
902821 80834 185412 991160 711335 578060 12687 871398 702540 255642 ,902821 80834 185412 991160 711335 578060 12687 871398 702540 255642 
346940 567767 524763 530261 110891 815343 637130 818479 87209 815288 ,346940 567767 524763 530261 110891 815343 637130 818479 87209 815288 
196527 275343 427858 481818 337230 86956 337801 94343 724858 169505 ,196527 275343 427858 481818 337230 86956 337801 94343 724858 169505 
16534 4730 615388 964707 780086 167611 536494 839681 567816 364759 ,16534 4730 615388 964707 780086 167611 536494 839681 567816 364759 
64109 227010 242157 898506 268484 519699 706912 771426 137145 31386 ,64109 227010 242157 898506 268484 519699 706912 771426 137145 31386 
338256 171508 354743 326197 91343 607291 148568 535250 309443 86605 ,338256 171508 354743 326197 91343 607291 148568 535250 309443 86605 
844703 810938 704144 28674 585827 480763 206634 339048 42650 29565 ,844703 810938 704144 28674 585827 480763 206634 339048 42650 29565 
464971 498303 502562 336859 939272 158162 522416 312818 259265 714019 ,464971 498303 502562 336859 939272 158162 522416 312818 259265 714019 
474696 409840 541361 414491 213246 703195 941891 479842 188041 593668 ,474696 409840 541361 414491 213246 703195 941891 479842 188041 593668 
350433 690588 802503 782841 575958 385843 418575 661486 128784 239184 ,350433 690588 802503 782841 575958 385843 418575 661486 128784 239184 
397784 267369 168903 697019 519141 12635 94787 257633 611261 37464 ,397784 267369 168903 697019 519141 12635 94787 257633 611261 37464 
111279 336848 600616 489343 806868 305064 105156 528315 430038 685045 ,111279 336848 600616 489343 806868 305064 105156 528315 430038 685045 
495897 21304 868592 13246 977668 14827 275700 159025 453230 147940 ,495897 21304 868592 13246 977668 14827 275700 159025 453230 147940 
108500 339453 510274 420621 232697 712546 529785 461061 502237 693988 ,108500 339453 510274 420621 232697 712546 529785 461061 502237 693988 
683187 338677 362636 326345 272766 310912 393765 946311 437272 467538 ,683187 338677 362636 326345 272766 310912 393765 946311 437272 467538 
885987 331551 416468 408004 397166 110128 421664 231753 314146 299576 ,885987 331551 416468 408004 397166 110128 421664 231753 314146 299576 
4178 913400 854770 807720 480228 584196 25071 929335 208675 416726 ,4178 913400 854770 807720 480228 584196 25071 929335 208675 416726 
600923 924645 835395 672116 299564 273592 619952 819335 481267 423143 ,600923 924645 835395 672116 299564 273592 619952 819335 481267 423143 
507056 804732 665286 344210 396522 629643 765753 962955 202806 259046 ,507056 804732 665286 344210 396522 629643 765753 962955 202806 259046 
302951 300744 360715 354118 794851 571112 586223 197348 502684 134132 ,302951 300744 360715 354118 794851 571112 586223 197348 502684 134132 
513460 986230 362611 137696 478832 840586 634638 75796 586897 366912 ,513460 986230 362611 137696 478832 840586 634638 75796 586897 366912 
420910 109534 447814 692 246579 921931 730042 662725 411060 397196 ,420910 109534 447814 692 246579 921931 730042 662725 411060 397196 
257601 485981 653838 573497 522849 711591 971342 894773 478785 149216 ,257601 485981 653838 573497 522849 711591 971342 894773 478785 149216 
189843 575274 299907 190079 37849 440946 162109 994029 10861 588294 ,189843 575274 299907 190079 37849 440946 162109 994029 10861 588294 
404794 796374 833210 217606 374479 757987 572043 892668 761935 162090 ,404794 796374 833210 217606 374479 757987 572043 892668 761935 162090 
429116 351047 278665 261736 960697 517017 68967 339899 284210 231763 ,429116 351047 278665 261736 960697 517017 68967 339899 284210 231763 
323395 338235 270249 887498 974744 402943 269231 273146 15105 456410 ,323395 338235 270249 887498 974744 402943 269231 273146 15105 456410 
616782 99016 247370 409846 675896 47681 419880 839126 946545 745268 ,616782 99016 247370 409846 675896 47681 419880 839126 946545 745268 
806455 542701 629643 919331 952494 847749 208206 658793 338410 507056 ,806455 542701 629643 919331 952494 847749 208206 658793 338410 507056 
48784 954820 766328 670938 660024 436965 14907 969444 640877 642186 ,48784 954820 766328 670938 660024 436965 14907 969444 640877 642186 
150140 756220 961520 12731 71746 499913 326493 403249 497569 885847 ,150140 756220 961520 12731 71746 499913 326493 403249 497569 885847 
725941 792199 863028 449438 232307 181502 281853 952041 92031 132472 ,725941 792199 863028 449438 232307 181502 281853 952041 92031 132472 
999474 46148 524129 476207 133739 412687 888741 425617 170435 582810 ,999474 46148 524129 476207 133739 412687 888741 425617 170435 582810 
934577 409545 198813 692239 665276 51892 767714 385862 979728 913724 ,934577 409545 198813 692239 665276 51892 767714 385862 979728 913724 
134724 942514 667793 123097 986677 681509 184651 716922 236214 882078 ,134724 942514 667793 123097 986677 681509 184651 716922 236214 882078 
535873 574920 103326 596322 287115 910127 655912 676130 765109 174737 ,535873 574920 103326 596322 287115 910127 655912 676130 765109 174737 
699806 386729 292428 107007 863011 908225 563353 316278 284539 501085 ,699806 386729 292428 107007 863011 908225 563353 316278 284539 501085 
252537 541453 826151 820885 81 593388 447398 571474 8870 831498 ,252537 541453 826151 820885 81 593388 447398 571474 8870 831498 
297210 641320 852876 679054 515281 897949 488753 186676 109639 909988 ,297210 641320 852876 679054 515281 897949 488753 186676 109639 909988 
654231 102965 640652 693229 46189 713802 654046 799716 447788 538486 ,654231 102965 640652 693229 46189 713802 654046 799716 447788 538486 
194684 135786 26436 610261 366122 756570 834247 998102 878366 9592 ,194684 135786 26436 610261 366122 756570 834247 998102 878366 9592 
505259 989054 433182 670781 16066 481482 976439 198153 202716 3566 ,505259 989054 433182 670781 16066 481482 976439 198153 202716 3566 
679870 442152 247927 755155 794144 304791 920089 669051 885998 459687 ,679870 442152 247927 755155 794144 304791 920089 669051 885998 459687 
554870 365486 30520 187533 431469 433369 68480 175178 379614 978428 ,554870 365486 30520 187533 431469 433369 68480 175178 379614 978428 
449616 102983 426785 253555 641274 960168 651446 558424 674450 309091 ,449616 102983 426785 253555 641274 960168 651446 558424 674450 309091 
937286 958057 26276 387775 315308 514573 683154 754982 594354 614753 ,937286 958057 26276 387775 315308 514573 683154 754982 594354 614753 
425073 180526 213526 340097 604047 223164 538943 324217 291136 573806 ,425073 180526 213526 340097 604047 223164 538943 324217 291136 573806 
211737 218403 413083 973558 423751 685579 202180 85365 38919 921462 ,211737 218403 413083 973558 423751 685579 202180 85365 38919 921462 
144519 649608 231132 612406 38036 902420 27066 784404 325496 81378 ,144519 649608 231132 612406 38036 902420 27066 784404 325496 81378 
9455 935357 929630 812020 226937 544398 546213 849135 669367 811157 ,9455 935357 929630 812020 226937 544398 546213 849135 669367 811157 
42464 913027 231747 361195 625289 825086 247927 478370 991521 405274 ,42464 913027 231747 361195 625289 825086 247927 478370 991521 405274 
303053 582015 411011 617173 498189 538492 591500 429006 208140 52160 ,303053 582015 411011 617173 498189 538492 591500 429006 208140 52160 
479709 590532 75097 683154 347439 977877 921785 100278 594354 882847 ,479709 590532 75097 683154 347439 977877 921785 100278 594354 882847 
46789 422755 889118 365285 891875 50706 427672 30058 58867 151881 ,46789 422755 889118 365285 891875 50706 427672 30058 58867 151881 
61904 932537 639959 473105 640597 50027 919967 82190 887098 240739 ,61904 932537 639959 473105 640597 50027 919967 82190 887098 240739 
211240 891488 426870 482167 364340 627915 639714 427362 520912 607012 ,211240 891488 426870 482167 364340 627915 639714 427362 520912 607012 
28505 839030 710780 468528 873326 374371 340073 568601 190971 204004 ,28505 839030 710780 468528 873326 374371 340073 568601 190971 204004 
479529 58523 410998 46914 65752 908443 54447 53445 736019 389458 ,479529 58523 410998 46914 65752 908443 54447 53445 736019 389458 
473717 905494 730297 744892 662002 588792 246527 69131 211483 29793 ,473717 905494 730297 744892 662002 588792 246527 69131 211483 29793 
399791 869137 845027 543794 770861 397020 534257 587872 796453 392825 ,399791 869137 845027 543794 770861 397020 534257 587872 796453 392825 
835860 477926 721921 267829 759855 426663 228130 941043 168982 969813 ,835860 477926 721921 267829 759855 426663 228130 941043 168982 969813 
300158 175423 867139 690476 183362 966470 108814 392825 977857 832496 ,300158 175423 867139 690476 183362 966470 108814 392825 977857 832496 
391022 404052 38869 770172 812387 478358 740944 723670 914620 814343 ,391022 404052 38869 770172 812387 478358 740944 723670 914620 814343 
125577 765713 298703 887098 87960 909794 984413 196815 822591 373956 ,125577 765713 298703 887098 87960 909794 984413 196815 822591 373956 
585834 628886 577018 335477 82309 206396 83035 267881 733713 982969 ,585834 628886 577018 335477 82309 206396 83035 267881 733713 982969 
667438 667212 656667 953106 445919 568005 211828 953217 767064 418953 ,667438 667212 656667 953106 445919 568005 211828 953217 767064 418953 
537349 373771 952642 476805 952030 540198 113269 908128 900318 540422 ,537349 373771 952642 476805 952030 540198 113269 908128 900318 540422 
660020 710980 332890 563016 727568 76218 318335 482816 934276 185231 ,660020 710980 332890 563016 727568 76218 318335 482816 934276 185231 
659375 495332 356448 274182 44865 683675 435103 106266 244121 176251 ,659375 495332 356448 274182 44865 683675 435103 106266 244121 176251 
619423 986042 705643 810678 223902 162748 183362 247623 837635 148294 ,619423 986042 705643 810678 223902 162748 183362 247623 837635 148294 
158633 674503 398763 551303 261496 755650 365357 346502 369824 390736 ,158633 674503 398763 551303 261496 755650 365357 346502 369824 390736 
420897 754852 684145 102489 66809 202230 568498 89750 358193 665756 ,420897 754852 684145 102489 66809 202230 568498 89750 358193 665756 
866862 861896 276683 743978 575409 551140 176603 11319 411304 632500 ,866862 861896 276683 743978 575409 551140 176603 11319 411304 632500 
916426 919350 574744 756020 940699 121034 308625 600413 433056 226974 ,916426 919350 574744 756020 940699 121034 308625 600413 433056 226974 
878064 415210 543343 494145 613746 477128 754822 996334 104210 256832 ,878064 415210 543343 494145 613746 477128 754822 996334 104210 256832 
842748 119677 846328 992374 765713 646492 26448 125577 831849 603937 ,842748 119677 846328 992374 765713 646492 26448 125577 831849 603937 
800603 892023 757584 587872 227019 538680 223477 690477 541952 15697 ,800603 892023 757584 587872 227019 538680 223477 690477 541952 15697 
328069 478358 91598 799821 793546 641182 913410 404052 479793 55891 ,328069 478358 91598 799821 793546 641182 913410 404052 479793 55891 
261574 153704 790727 151252 664152 94325 495030 540613 363832 526974 ,261574 153704 790727 151252 664152 94325 495030 540613 363832 526974 
435843 85407 200303 233179 389930 547862 117481 96734 533860 658574 ,435843 85407 200303 233179 389930 547862 117481 96734 533860 658574 
792876 281524 591268 592168 181170 700468 458345 652322 813628 269357 ,792876 281524 591268 592168 181170 700468 458345 652322 813628 269357 
637776 814770 910783 673328 568262 122766 647071 174850 958445 555272 ,637776 814770 910783 673328 568262 122766 647071 174850 958445 555272 
303031 767548 618954 953727 678765 938596 788398 556529 996197 15155 ,303031 767548 618954 953727 678765 938596 788398 556529 996197 15155 
253226 563016 933684 690472 831470 473643 710780 15692 120239 309210 ,253226 563016 933684 690472 831470 473643 710780 15692 120239 309210 
955143 410767 5788 410483 657473 91715 442880 335949 113579 87893 ,955143 410767 5788 410483 657473 91715 442880 335949 113579 87893 
98649 58077 719282 225944 566136 983197 931707 732286 128216 219494 ,98649 58077 719282 225944 566136 983197 931707 732286 128216 219494 
720757 607548 544117 599217 397752 102660 488889 279775 84616 617866 ,720757 607548 544117 599217 397752 102660 488889 279775 84616 617866 
948461 72715 658502 861896 47794 259157 18048 777138 949756 427368 ,948461 72715 658502 861896 47794 259157 18048 777138 949756 427368 
908443 135819 684016 194583 708095 391191 421358 632459 149651 185212 ,908443 135819 684016 194583 708095 391191 421358 632459 149651 185212 
505477 208798 334945 477788 932537 38189 553132 61904 318848 752704 ,505477 208798 334945 477788 932537 38189 553132 61904 318848 752704 
308460 603900 720757 617866 683675 529073 789003 658402 634967 512837 ,308460 603900 720757 617866 683675 529073 789003 658402 634967 512837 
122085 406174 628072 919884 87960 733358 958784 500558 696395 69881 ,122085 406174 628072 919884 87960 733358 958784 500558 696395 69881 
885245 297588 143414 61956 531690 730948 213887 352601 955961 849761 ,885245 297588 143414 61956 531690 730948 213887 352601 955961 849761 
491498 613746 277925 26781 109554 179968 426291 944422 233854 508280 ,491498 613746 277925 26781 109554 179968 426291 944422 233854 508280 
190971 28505 568601 274483 204004 710780 374371 468528 996197 253226 ,190971 28505 568601 274483 204004 710780 374371 468528 996197 253226 
720560 220455 95166 669940 716515 466822 672486 182385 367097 566296 ,720560 220455 95166 669940 716515 466822 672486 182385 367097 566296 
680714 310601 317816 714533 73917 257215 939463 25277 478375 747399 ,680714 317816 714533 73917 257215 939463 25277 478375 747399 303131 
857833 278102 171580 539370 407625 867139 504736 620170 845267 223734 ,857833 278102 171580 539370 407625 867139 504736 620170 845267 223734 
490046 944426 966493 587034 127732 664509 417566 928655 700781 575612 ,490046 944426 966493 587034 127732 664509 417566 928655 700781 575612 
157436 923681 779712 606027 806071 919870 791336 587281 169626 295291 ,157436 923681 779712 606027 806071 919870 791336 587281 169626 295291 
687335 379071 477154 143363 110763 570955 51971 558492 190640 672636 ,687335 379071 477154 143363 110763 570955 51971 558492 190640 672636 
913354 714456 486967 705030 961721 671160 210335 886161 842271 308927 ,913354 714456 486967 705030 961721 671160 210335 886161 308927 60814 
281721 841707 113256 170007 362353 685838 177916 719478 786797 523228 ,281721 841707 113256 170007 362353 685838 177916 719478 786797 523228 
