GT,Result
652396 651918 652207 958344 407047 406813 155273 135343 454487 564751 ,652396 652207 958344 407047 155273 135343 454487 373656 83626 203189 
839707 529579 335469 388582 718044 115255 388993 850389 513646 595290 ,718044 301649 850489 704057 461712 104303 969041 302073 214282 514443 
177056 913827 530049 529263 723882 752901 369852 20471 581605 383642 ,369852 383642 31622 509656 613626 465820 23384 484664 308228 749395 
658823 659025 216629 190637 305988 412052 659613 329220 190701 949036 ,658823 659025 305988 412052 329220 190701 903114 327065 636739 279263 
927764 707303 544055 112914 976937 125414 112548 773208 773310 421278 ,759793 411022 621248 614468 127633 625058 182818 723544 756478 61638 
665433 896439 170844 482977 267527 61838 532709 287380 325123 533621 ,482977 267527 532709 287380 325123 533621 298102 529610 796127 390713 
152085 178785 542448 507965 887498 86094 747892 697000 625466 138517 ,625466 372292 133575 169787 631174 484792 271695 403764 793619 542081 
84631 463205 199834 76098 505358 408240 299165 586102 931425 85057 ,84631 463205 199834 505358 299165 586102 57139 967925 472533 701557 
614851 614402 500643 748873 601123 450172 146036 145564 845161 748693 ,614851 146036 845161 128936 708237 160404 145898 142072 584202 489343 
621952 180505 436288 4983 859780 86538 85181 619124 800767 408229 ,180505 800767 64143 172543 171215 783894 710108 612153 160064 419268 
760530 758907 758349 858346 131773 117304 112708 117950 374111 143363 ,758349 374111 604644 117870 132939 392177 767594 942983 306113 159274 
347533 496812 426501 422239 555341 723456 24106 130335 960725 380779 ,347533 130335 960725 426488 5017 569506 350963 429254 336765 526379 
363679 242064 703031 8458 517480 987046 514893 261434 261423 519643 ,242064 517480 261434 261423 523493 242032 400622 130335 780307 281556 
337118 280269 528983 69657 69449 523720 151165 151160 112159 547063 ,280269 69657 151160 112159 516528 292598 292311 122094 513829 338020 
604128 612143 572517 83719 83894 192439 271255 951532 391544 19020 ,572517 83719 83894 192439 271255 391544 19020 961211 608460 220746 
799670 637984 39086 793355 606941 534434 189212 534432 467724 100669 ,799670 793355 476885 953020 102895 442937 607480 667396 423197 615191 
557003 552934 646394 893345 659781 869699 837431 840292 535546 861550 ,557003 552934 893345 869699 535546 970910 841107 717131 832191 341732 
476035 782781 188222 418714 918631 520873 903774 475740 879122 343601 ,918631 903774 475740 879122 479610 617603 476248 616067 479057 163595 
969731 189978 189858 765066 643032 765691 648106 907598 642910 912825 ,643032 912825 643859 907031 615779 615996 190892 383024 756334 646337 
186533 201923 766785 360474 201458 265736 193250 680151 550281 351490 ,186533 360474 265736 193250 680151 550281 351490 184288 186406 186619 
125672 303634 92078 857334 343354 319733 190244 231533 721420 235204 ,857334 231533 721420 57183 807628 54718 206030 720639 461286 437752 
353297 47337 47769 353135 413835 413885 341046 363339 301307 305996 ,353297 47337 353135 413885 341046 305996 435922 414979 442203 221207 
883468 547747 883657 793056 909695 395911 989352 42018 319140 931502 ,909695 931502 144944 244129 526439 22891 904433 677067 699222 842641 
237294 285814 315616 477759 18439 45654 734043 421630 295416 45095 ,315616 18439 45654 45095 754590 44631 197371 57276 57359 808329 
355088 948540 519192 289288 341394 111223 128541 256689 130402 684329 ,355088 111223 130402 994057 112101 603005 988566 798404 957970 990618 
334848 690570 665187 46713 90878 334629 566958 510302 264878 929804 ,665187 46713 90878 566958 510302 264878 929804 567110 365303 690626 
373148 822908 468233 297365 653204 31858 252253 483221 328595 943871 ,822908 468233 297365 653204 31858 483221 943871 66526 288309 665392 
953140 819212 953183 953152 473367 633475 83157 212543 402237 953358 ,953140 819212 953183 953152 633475 953358 653059 23768 82232 23873 
558632 674886 609749 647071 189246 653403 607142 23685 609736 994671 ,609749 607142 23685 609736 603190 677402 887841 649714 428323 428684 
594510 835321 594191 488802 929613 594050 869883 852596 979337 208370 ,488802 929613 869883 979337 208370 13495 404129 861760 983759 369232 
528361 315051 710220 310344 31717 158600 701561 532048 512913 420164 ,710220 31717 158600 701561 420164 42039 888231 322501 349603 312022 
436416 656723 354583 983966 868142 73429 517586 192977 848519 310778 ,354583 868142 310778 157710 238768 249904 197675 784414 143872 312318 
385137 406095 99194 879218 99069 901610 999398 84158 421274 137602 ,999398 84158 137602 546232 482715 320927 448359 879350 771113 538759 
184314 202921 267199 802946 387006 959262 262697 625457 999274 949977 ,184314 802946 949977 388174 284859 373081 364396 365128 961967 312956 
712866 576243 25896 190866 115932 580917 554522 11795 196936 300488 ,712866 576243 25896 190866 580917 300488 214672 576382 254848 299341 
30387 30200 85444 88739 821919 40262 84951 806511 526869 81913 ,30200 85444 821919 84951 81913 749481 122522 83727 638038 94347 
230201 746945 695385 584495 511892 341468 747303 408641 426298 364128 ,230201 746945 341468 747303 408641 426298 747621 690426 273863 294531 
910824 825881 23555 824546 651559 814655 443864 653132 443837 653271 ,910824 825881 23555 824546 443837 653271 443611 672975 614941 443523 
740475 664162 185702 862402 417027 562076 508034 797764 63270 395641 ,862402 63270 234835 555720 96110 421835 519595 437963 66436 398198 
490090 784191 516794 95955 635138 632646 230734 519343 517097 914953 ,230734 519343 517097 20864 94793 487720 637879 470570 521366 353276 
773246 324144 325926 772907 670309 12283 120026 10107 811779 419546 ,773246 324144 325926 772907 120026 811779 335183 811876 670588 65255 
480658 775958 314341 638745 136349 878307 877914 95792 939957 30585 ,480658 95792 30585 581248 776383 981677 727520 736995 116686 751740 
971440 618000 656345 640142 342169 227370 553823 516734 545615 554650 ,971440 618000 342169 653958 572766 640023 602142 823721 664245 847413 
902995 473226 941925 563080 584631 29173 450331 63725 608666 450776 ,473226 941925 608666 609137 683467 73306 585024 607710 318036 924513 
69260 58732 142858 516209 608766 226598 535083 554926 137652 842555 ,142858 147507 36418 140590 16604 273607 42219 223640 207009 554794 
453761 924227 623967 485182 740978 739155 636919 896696 800733 473277 ,453761 924227 740978 636919 896696 800733 473277 981566 386102 473321 
110250 229393 337899 723761 549261 549669 338524 182130 389291 345126 ,110250 337899 549261 338524 389291 246659 499432 707623 518408 131438 
246179 471053 840605 988933 471142 941470 942775 955319 300553 932413 ,246179 471142 300553 405919 93463 593731 523574 366395 208523 972497 
461638 72494 61423 911250 706256 593435 102116 270512 527590 196689 ,196689 510610 96784 274808 196873 483873 353230 2483 268635 552615 
800707 112038 246356 176201 392774 232275 725047 698661 176437 566494 ,800707 112038 392774 232275 566494 926559 668086 17416 468381 363744 
408713 188212 348702 887907 104076 92704 664866 602500 761373 320506 ,348702 104076 602500 761373 320506 974430 139351 888135 347837 887313 
837213 410114 838279 843323 690294 992476 942192 837221 505213 930774 ,837213 838279 992476 837221 505213 409184 933331 71286 671777 55242 
847322 780140 131252 242001 235015 916839 159682 364475 44582 321505 ,321505 604027 509208 338203 434311 69239 599970 651036 305374 755719 
152323 755601 503535 98903 488438 488280 490081 491579 99206 755778 ,152323 755601 503535 98903 488438 488280 490081 99206 755778 322116 
153849 533393 939534 206151 270429 235830 980738 725574 507959 928696 ,533393 980738 94035 468480 222790 362752 3491 433664 850190 530514 
549326 46551 821768 265292 519892 593009 929791 329466 554428 121252 ,329466 226685 606231 400217 274624 505493 606339 636290 275711 196895 
533651 574288 666058 561467 858023 205446 269724 665167 92250 473795 ,561467 858023 205446 930611 483630 561976 518208 226256 561589 751380 
735751 667095 889906 855601 648480 673332 672767 673431 825020 993632 ,667095 648480 673332 672767 673431 825020 535595 190715 534547 698204 
406185 734476 295920 429479 494997 738163 174950 430701 162719 691280 ,734476 738163 691280 713565 432053 431957 699733 279783 167456 441441 
996117 996134 917166 778164 779669 904934 787192 996325 912875 74308 ,996134 917166 904934 912875 74308 540839 906126 76475 892378 571799 
773468 929323 774105 773034 886525 887124 769881 754039 736591 890802 ,774105 886525 887124 769881 881069 410465 39220 769877 919337 773470 
320496 34081 479415 117600 468318 238823 631041 7707 711117 479131 ,34081 117600 468318 7707 711117 768885 5814 427201 113887 43186 
859750 343206 144584 522530 772909 780910 924275 250055 510174 544261 ,859750 343206 144584 772909 780910 544261 560834 780698 812548 314100 
610323 586117 282163 95990 683665 441695 834444 417156 234520 204054 ,610323 282163 95990 441695 574679 818497 11244 2814 573661 730528 
37739 641744 559323 573607 478432 189447 641659 799868 560267 768698 ,37739 641744 573607 189447 641659 799868 768698 901506 56388 83239 
104143 104125 990045 446844 674134 757178 862019 853210 862209 128434 ,104143 446844 674134 862019 853210 862209 128434 672513 907225 773728 
814513 848450 373771 755614 446495 447452 373734 447925 848659 667023 ,446495 447452 373734 848659 373715 446615 758833 445346 768077 768155 
662651 637440 533822 94435 110634 531106 385077 171837 833558 806218 ,662651 637440 94435 385077 406341 93377 451524 514181 465009 23463 
812596 214202 770979 653504 539883 353411 769150 802851 890525 876946 ,812596 653504 802851 876946 857643 292072 824879 674534 808943 541626 
154857 399822 471252 6191 515430 591739 181670 133176 566113 358091 ,399822 358091 787789 809998 289158 81361 472844 166417 588693 585213 
359869 358732 812882 320265 341681 340730 773607 321050 756917 545694 ,358732 812882 320265 341681 340730 773607 321050 545694 776240 774633 
121952 426020 123528 122232 5609 70141 956762 60148 873232 272286 ,70141 322138 426787 79889 466909 96410 560162 156158 78085 9707 
326822 726413 242501 777321 530192 599447 530762 857310 968850 288300 ,777321 599447 530762 364813 172127 740229 321664 708691 921383 48077 
353265 625251 338688 523030 381519 348571 522706 301999 245373 772948 ,353265 625251 338688 523030 348571 522706 831185 841164 351751 969479 
422948 50444 716794 713773 339314 600101 704772 811893 640374 351935 ,713773 216579 429318 352992 653025 524137 693994 102692 787914 20756 
227545 555599 890324 216774 556620 923828 555981 216453 641390 616046 ,227545 890324 923828 555981 216453 641390 616046 641143 792473 642293 
35952 35969 35826 847332 916309 428550 876825 594167 911504 916746 ,35969 35826 916309 876825 911504 916746 828647 709681 669517 664292 
570072 98602 460941 628345 61729 350191 170843 601847 395669 665769 ,460941 628345 61729 806440 461252 135155 725986 807345 185194 301212 
602996 432790 196297 275113 90745 517452 611016 521665 465340 314305 ,196297 269148 82680 762896 158957 955246 269127 439121 759145 293537 
683701 896319 934452 895621 895421 85979 547392 526883 547149 359429 ,683701 934452 895421 482131 420706 635462 33794 619490 460834 636180 
652973 684485 757062 186908 436066 879439 130169 66228 450755 431204 ,671718 522509 529674 435766 178705 808712 166676 717763 812356 458382 
452414 197588 662202 337159 391341 37423 956307 923945 367701 383642 ,452414 197588 662202 337159 923945 383642 111024 95513 390157 397962 
58057 885886 389793 389726 810837 885826 995812 885848 51322 759961 ,389793 810837 885826 995812 51322 759961 885751 971168 375235 996279 
83026 745669 95484 617506 475761 914912 311320 909361 94946 475851 ,83026 475761 914912 311320 29662 50658 263083 156979 78477 153289 
975217 975073 528339 608653 851165 92646 801596 258201 788290 624039 ,975217 608653 193507 774565 53653 984954 779549 858151 91914 90789 
911495 888406 385454 830105 606690 841154 858981 346649 250713 250885 ,385454 830105 606690 858981 250713 250885 993615 980569 216733 846750 
499588 68394 108247 678380 29994 875385 411068 525795 495412 824938 ,499588 68394 108247 29994 411068 525795 495412 547231 525734 340228 
210568 905060 678649 515173 678307 477926 214306 103826 653519 599914 ,237960 653177 470884 423008 514965 559828 905617 637383 444458 536720 
609516 484250 297230 319674 257606 334949 298128 734772 869106 369403 ,609516 484250 297230 257606 298128 734772 869106 369403 273977 147519 
114572 763850 296838 657141 875979 557685 945837 974657 760399 749424 ,296838 657141 875979 557685 974657 760399 749424 117149 119700 116915 
888909 106710 372908 554935 48095 453640 538937 452350 877565 932644 ,888909 739579 604273 234535 878126 257451 125138 512482 539429 721478 
638475 638447 711008 530742 604424 638425 644961 710904 810114 448679 ,639153 604447 607630 759729 137626 787891 714261 605210 287269 710025 
468739 313360 34981 119170 823094 137465 702663 985229 728025 689665 ,468739 137465 728025 931437 727844 678063 419070 23327 826946 492834 
677222 614293 814689 675827 210863 825714 653634 648779 23597 694251 ,677222 614293 825714 444842 640053 654050 444304 446141 443571 444660 
866422 499292 508643 281046 490544 640903 297261 334689 651190 830848 ,866422 281046 490544 297261 334689 651190 830848 6231 84801 126285 
234212 932650 267685 525623 290781 73047 98357 31573 933614 554449 ,267685 525623 73047 31573 888420 70427 484916 32924 365800 554452 
836630 888259 887512 910459 927457 896228 724963 966676 124983 701889 ,836630 888259 910459 896228 724963 966676 106226 952457 712846 683117 
196845 410262 364687 416865 732703 725461 363844 133879 239841 696161 ,410262 133879 239841 617776 109210 285534 709779 145591 938333 62692 
139657 188553 367089 832714 216663 393302 219546 979706 958572 682003 ,682003 796402 176149 595347 294705 295566 86945 982628 982785 426424 
532189 706139 198387 277203 283770 302870 705698 839552 553329 712544 ,198387 277203 705698 839552 801585 736161 854925 979468 585936 405941 
205333 335275 692714 945970 778534 36152 507044 725736 231285 938604 ,778534 36152 231285 34926 916286 275036 586968 197007 939338 595364 
590579 590826 175094 193554 272370 14525 662726 695971 783099 337143 ,590579 590826 175094 193554 14525 662726 695971 783099 470233 307801 
88525 738796 59376 60242 59744 930732 806286 140554 90633 199564 ,60242 140554 420658 309709 553050 868359 719815 204205 20215 125688 
176331 136554 866152 629141 371960 151619 527412 160034 107821 765782 ,371960 527412 107821 574660 683716 573700 826219 280480 691280 31008 
628284 949983 407094 34184 964279 731413 943770 994944 655036 945689 ,628284 407094 943770 994944 655036 805543 900672 469753 868602 563080 
359429 657248 155018 649271 896319 144944 206669 412845 33794 895621 ,359429 657248 155018 649271 144944 412845 645688 656764 866059 34626 
827255 826948 642231 421942 827151 44192 44328 763079 654642 763415 ,826948 421942 44192 763415 763274 99398 763396 905246 571616 641002 
69401 69812 60251 61464 133979 141497 990137 292677 929766 174665 ,69812 61464 141497 929766 174665 522505 780311 131479 322685 780375 
917705 844314 844788 736208 308964 883017 931623 122815 309753 126773 ,736208 308964 122815 309753 982681 748031 642958 441437 377194 122704 
769504 635099 238073 174734 685291 174771 174762 928621 495075 784355 ,769504 238073 928621 495075 749896 465524 719157 184001 662613 132396 
529929 723897 629224 180705 734277 105526 515509 71494 434112 388751 ,529929 723897 629224 105526 71494 859478 469522 469591 524781 737460 
684673 282807 224102 757531 758307 980569 283440 885916 912213 374807 ,684673 282807 757531 758307 980569 885916 912213 219837 981506 849457 
646776 915753 983527 423377 915678 915858 925279 378645 901597 650938 ,983527 423377 915678 378645 761781 718606 604466 752791 983619 659800 
203941 833555 205712 193733 156588 872921 634346 384126 161109 498831 ,203941 156588 348549 168965 163823 489482 278303 142664 253233 281217 
820221 496033 224792 225426 543644 932534 578385 543850 513629 433141 ,820221 224792 433141 434994 72408 869271 103121 664780 944736 524023 
262305 740366 563545 738340 936913 785415 637422 773088 684612 601290 ,262305 740366 637422 773088 175484 151377 363755 560049 569059 520733 
338405 968980 517688 581446 67214 193414 513970 586114 586883 973267 ,338405 968980 517688 193414 586114 586883 512817 241852 153622 895475 
749654 811462 519634 188679 450663 210830 609187 519861 224841 711672 ,749654 168512 844809 332072 404307 429702 400552 67050 864742 68528 
797611 76652 290079 167567 411231 67779 183810 454506 289816 321139 ,411231 67779 454506 45460 591114 834796 967046 99835 45728 132736 
90745 496509 100151 430679 117073 88898 117495 579754 690132 23543 ,90745 496509 100151 430679 579754 690132 23543 519482 703064 454063 
853950 208177 851225 997863 896786 850130 442257 270422 269968 21099 ,208177 850130 539073 863105 526288 271949 273677 336348 913129 113079 
441029 997530 59324 98278 429714 338019 429449 440990 101528 972966 ,997530 429449 440990 972966 131610 429539 433241 502260 294290 131214 
225344 692871 512172 622186 194675 273491 692659 780679 732150 96621 ,194675 273491 692659 780679 732150 692551 126131 454665 521737 236697 
705067 618661 186763 488642 394602 293660 365198 12862 722007 989088 ,394602 147155 780638 596337 394124 491189 362762 223669 693625 109683 
422671 352627 426566 422548 30282 736625 989877 326294 506420 714462 ,70287 305971 30253 305903 957340 924507 281544 336682 174511 698586 
424084 723495 723433 346874 702961 549817 25158 521935 762035 250333 ,723495 723433 702961 549817 762035 250333 822095 782334 390146 964710 
498199 499057 316339 666366 190429 766866 776847 928978 945052 402243 ,498199 499057 316339 945052 244511 438201 665758 796626 180537 369331 
998127 88337 554674 743609 85429 93606 321692 70846 473390 205373 ,88337 92448 389347 157534 17577 484582 807234 22505 63194 634356 
561074 22937 860774 561172 670708 820092 15662 964489 274383 541874 ,271895 895566 123018 896703 574741 889427 276419 739901 891779 424982 
163501 240841 44542 235859 670155 339939 433014 869627 864286 606608 ,163501 408129 178176 753054 546962 975643 484086 720727 970328 481308 
142709 175634 690159 984101 644914 731708 142291 360395 983848 289083 ,142291 289083 317122 246143 578059 99824 902580 346820 418417 263103 
132788 46959 2337 826647 891344 536234 848820 446845 871391 1906 ,2337 826647 536234 848820 446845 871391 1906 24365 857655 654205 
901279 902097 668758 517454 731631 903543 732551 35699 502842 717391 ,731631 903543 732551 35699 717391 517485 754341 754670 269017 753571 
855868 857434 592271 974211 575803 913663 405145 629508 846767 412870 ,855868 592271 974211 575803 913663 405145 846767 412870 625652 255871 
216893 151902 105519 216527 106459 850557 151473 306186 890053 39065 ,216893 105519 216527 306186 324303 236946 51402 11960 230564 609757 
991194 991799 288253 929695 12968 261244 14953 201884 16404 842444 ,288253 929695 14953 967728 849735 20845 16050 596517 565575 529390 
271597 52127 884479 475239 905667 233791 640254 52105 271483 234644 ,271597 52127 475239 52105 271483 153321 641964 969689 456583 472355 
558867 656979 559172 657332 492310 92454 573137 912023 92659 884933 ,657332 573137 912023 92659 884933 515839 930645 948628 635751 790354 
114972 735258 243752 66712 317125 69010 847300 307970 69634 462989 ,847300 583695 735401 68768 753932 577131 678311 669195 687254 858347 
668978 753757 996759 410595 809961 773468 558044 886140 448164 188027 ,410595 773468 774029 39516 479396 474805 774848 445365 411280 445248 
747797 739678 187143 186870 729135 628492 888671 741547 571961 429170 ,747797 739678 187143 186870 729135 888671 741547 571961 429170 902456 
445139 994106 422959 445401 791041 837649 807412 445552 373939 774108 ,994106 422959 445401 791041 837649 774108 478708 832020 445303 825358 
527249 195195 85706 575409 237520 732706 405406 406785 154257 489476 ,85706 732706 406785 489476 407122 200378 122236 872296 456594 86463 
943335 943859 948991 944769 225208 951048 93264 588787 428523 536869 ,943335 948991 93264 588787 981870 466033 668517 590708 931128 976339 
493007 353782 511971 531358 513107 192547 271363 522790 83056 572171 ,493007 353782 522790 83056 292155 152440 15394 690953 540664 520904 
55460 57317 693046 54657 53446 477354 650543 996645 996364 997952 ,55460 54657 53446 477354 996694 959464 52633 477341 324076 97616 
913679 680421 807867 269223 894280 130119 110651 206712 270990 706796 ,680421 894280 110651 206712 270990 826836 805823 735656 132078 476205 
421775 615794 227388 311418 227375 168629 781584 455319 907633 436896 ,421775 168629 780082 755195 292798 215202 151346 504387 363442 351525 
364309 307486 730320 364982 206638 526845 437045 107180 236025 992426 ,307486 437045 107180 658438 212566 990281 295217 96374 105027 306290 
442159 486119 202293 266571 399876 259305 651008 267895 353422 483537 ,442159 202293 266571 399876 483537 252057 226662 377829 59166 534351 
859368 697298 695874 50417 164006 986631 442422 508710 616154 199556 ,697298 695874 164006 442422 508710 278372 199556 209358 333187 347583 
929844 268436 396024 680558 234382 951918 258266 18961 317355 158807 ,664259 314486 630308 280910 162348 812037 939238 719075 192684 438607 
880559 847089 856661 869419 141742 151680 855783 252307 851597 993525 ,880559 847089 141742 151680 855783 252307 851597 877357 991771 846597 
485857 133823 835361 783248 152345 183705 158370 134258 316641 988113 ,485857 152345 183705 158370 134258 316641 287814 749592 909115 783162 
85965 177790 492941 558871 457394 779747 97535 88097 174110 754601 ,779747 174110 32413 163373 343175 464685 390104 64309 176163 62823 
466997 151321 90584 36403 146904 809763 203838 268116 450005 449700 ,466997 36403 146904 268116 204689 429576 105747 510770 515286 467174 
615004 467261 759038 760562 88330 965779 374641 615522 836319 639111 ,615004 965779 615522 836319 85003 547339 350836 87181 547179 91375 
925171 56724 56689 891150 575110 211495 351128 211483 51707 354833 ,925171 56724 575110 211495 351128 211483 51707 627761 96198 458567 
498573 730880 520003 664089 152218 748552 628480 237354 392205 930781 ,664089 392205 930883 788935 63882 519869 200781 517563 53622 369204 
980818 839147 909739 281079 239203 406249 808370 673714 99056 753562 ,839147 909739 239203 406249 100305 301250 736385 662270 870016 6003 
844067 209675 208566 989282 962031 731960 225519 879837 224391 710349 ,225519 879837 125280 525798 199506 551139 172298 156590 543875 934076 
111927 82549 209990 201237 408758 200564 264842 264715 371269 682273 ,209990 264842 264715 371269 217864 491718 337009 430355 321552 695110 
768346 243537 543251 640320 753705 326028 570679 770294 8085 771778 ,243537 640320 570679 770294 771778 553965 985971 329947 557890 376399 
247136 242014 791156 524742 279705 389522 927350 363808 496781 786217 ,247136 927350 51282 448377 278616 363539 337080 188020 663476 772751 
71871 26382 70548 487472 729946 522424 408279 693906 28208 807036 ,71871 26382 487472 729946 522424 466171 168629 104794 433227 240539 
52369 410948 411032 740678 51066 53444 409059 499976 824790 196104 ,52369 410948 411032 51066 53444 409059 824790 409527 53665 538113 
708200 517505 889886 91454 391537 937019 809386 87253 122803 520373 ,708200 937019 520373 522562 90031 87010 152898 288376 633556 2257 
697862 372197 652738 316487 797193 968168 799058 55211 924370 924070 ,556951 970476 658099 10 651472 633901 929425 313510 325145 346805 
976099 205204 856869 440279 606205 235331 393470 217439 884853 729498 ,729498 486003 393376 895046 487091 841690 217182 246961 74007 81838 
630807 270034 528164 212900 430469 198535 277351 628184 986660 495151 ,528164 430469 986660 693645 492768 585975 463432 453867 524450 655561 
220205 384695 720560 504952 361724 806150 988000 703283 712567 990179 ,504952 361724 518498 772370 815201 808421 638084 520524 256098 46436 
850165 558738 164547 346903 142140 608157 117895 141682 785383 116635 ,502163 150557 412517 407692 157591 464838 356592 464818 983141 70448 
417408 124016 123167 503407 908530 879810 622884 975171 823837 884351 ,123167 622884 884351 533739 465178 879866 193043 225940 402516 587612 
181502 596513 153066 483501 163923 114052 70639 866146 611459 719764 ,596513 153066 483501 114052 70639 114114 126588 525974 791467 413741 
195936 274752 374410 732878 22682 540546 539418 405193 639072 724395 ,274752 374410 732878 540546 539418 197001 275817 735485 540430 918641 
862438 376183 870326 420169 990186 595355 58259 862316 82582 52253 ,862438 420169 990186 58259 862316 82582 52253 999250 869910 652606 
411842 115090 544529 773796 911114 555738 911201 788244 916418 656294 ,544529 911201 788244 916418 656294 905375 69758 200670 774305 21984 
855624 972974 973087 835384 163223 939566 228613 727691 543798 165973 ,163223 939566 543798 150632 237214 618293 355080 561186 875452 402712 
220290 579563 276213 221612 69774 668982 865393 221320 225303 833573 ,276213 221612 69774 668982 865393 225303 561104 400502 661296 702995 
245983 266027 819556 200678 264956 730150 193077 271893 453454 812022 ,245983 264956 730150 115848 551583 200147 940702 598385 452764 134975 
481177 461081 53125 866917 866624 99961 472265 461338 472368 664861 ,481177 866917 866624 99961 472265 664861 281373 221226 1360 512510 
652315 649126 647186 651439 647966 649532 647231 648767 649719 651010 ,649532 646551 651171 648988 654157 762171 444313 534702 534575 425127 
941614 893814 831609 864268 212050 983579 982991 516498 899021 900650 ,831609 864268 212050 516498 900650 848626 13959 146354 858838 441217 
50646 255381 446895 50622 53458 57352 786144 54399 310199 447576 ,50646 255381 446895 50622 57352 786144 447576 52389 788692 410247 
102150 842648 905486 842264 93193 200608 264886 905997 442861 842779 ,442861 930087 443009 915617 268263 883023 715463 641238 269144 511158 
374554 975784 597831 680227 992478 228441 397381 194083 374036 228198 ,975784 597831 680227 374036 228198 541537 979080 605381 620162 237279 
340193 838023 235928 838127 266971 368603 6003 512683 826808 47510 ,340193 235928 368603 512683 5986 602759 960575 286154 255181 857889 
260509 227421 654941 660818 659089 562273 869918 22746 932149 254636 ,932149 805491 207713 990414 491062 207777 130871 658853 957569 552810 
304186 325167 784694 650643 908342 91873 818376 349261 531577 693342 ,304186 325167 818376 531577 693342 957266 584103 301541 882877 227868 
110950 326850 321757 174511 284479 251598 699779 79614 469649 533931 ,326850 321757 174511 284479 878067 943039 130745 704426 518443 439411 
349425 355769 307215 853497 283226 634113 825391 983102 206428 270706 ,349425 307215 853497 283226 983102 441499 990164 889529 826470 595045 
359508 721071 956662 338723 589799 340651 485558 599983 375705 4128 ,359508 956662 338723 340651 542800 418972 599714 930939 519558 139680 
174621 160157 828461 515265 420680 69806 746196 313933 311910 678380 ,174621 828461 515265 420680 313933 315271 725604 501464 769406 699105 
20408 454850 629355 84705 531668 470009 272697 86286 696099 391291 ,20408 629355 84705 470009 272697 86286 696099 89503 309175 6351 
54643 560267 559323 52315 56388 642004 800551 774371 814575 642229 ,560267 52315 56388 800551 774371 814575 642229 683948 770133 641770 
33720 460697 34244 35020 144599 65111 109386 7349 797779 62536 ,33720 460697 35020 144599 109386 62536 19909 784569 20131 462334 
451537 361921 328353 860231 506224 832458 365779 971762 951750 543824 ,451537 361921 860231 299496 682905 970886 188682 362481 43644 422443 
473751 33568 235208 406700 621175 32807 19185 181195 192967 271783 ,473751 181195 271783 271056 205694 169514 224091 70932 561552 463836 
54731 53639 204184 268462 476676 936762 467937 389273 56537 676693 ,54731 204184 476676 936762 467937 56537 812584 693728 828280 688079 
494103 500976 495304 482684 426182 515272 584722 527318 59419 11515 ,494103 426182 515272 11515 527170 174196 482636 195172 107284 205156 
599393 309092 161691 600017 373233 962595 503348 525850 950016 666503 ,599393 309092 373233 962595 503348 242354 736815 151860 899565 667565 
314542 936044 906285 75213 201471 265749 592161 589808 203335 267613 ,314542 75213 265749 201471 203335 267613 878592 908431 530885 935798 
470061 661892 572246 763859 730759 299045 183643 182956 335402 313344 ,470061 572246 763859 730759 313344 353233 277038 988659 920460 960197 
712383 510440 68537 362536 155825 245121 735571 737153 391794 713597 ,68537 362536 735571 391794 391771 72743 68499 95088 263596 99940 
950937 943905 943174 823097 713659 612884 387624 911131 255324 565320 ,950937 943174 823097 612884 911131 255324 565320 246699 959784 688156 
435637 405971 405885 594030 380718 55007 884146 910119 212821 842402 ,435637 405971 594030 910119 983433 541430 738329 807932 933146 929472 
514559 125462 868645 62082 295315 857488 214775 182119 596465 848131 ,514559 125462 62082 295315 857488 182119 596465 985749 169429 483353 
955321 94537 242174 467501 726307 674278 750913 547443 472964 839866 ,242174 674278 547443 337710 909371 5619 40556 566794 105995 553184 
649198 619341 485682 374071 640018 825109 650364 831808 653845 878083 ,649198 374071 640018 825109 831808 878083 374332 246672 796357 876924 
779010 793912 85395 795130 548157 734713 876389 898674 991636 917029 ,779010 793912 734713 876389 917029 758600 192435 944037 778457 941008 
628497 637056 959583 309635 238531 755060 100191 351818 768341 80801 ,637056 309635 366726 576916 699853 637226 967218 283863 487690 516569 
845462 821910 209834 168253 614354 520291 918073 107351 851357 671508 ,821910 168253 614354 918073 107351 563592 886591 690318 281172 684599 
710154 710846 669181 626460 223683 877254 836993 146078 888158 942330 ,223683 199393 550983 861302 199668 551294 928362 912815 561051 59706 
650487 827074 644475 642304 615299 656599 906897 827633 755884 99398 ,827074 642304 615299 906897 827633 755884 912596 644738 656321 912629 
321625 426094 83864 818650 292269 151369 365878 26513 524738 365530 ,321625 426094 818650 151369 365878 26513 524738 365530 923125 321742 
677159 677283 190654 677346 676617 677479 676509 756903 677542 673119 ,677159 677283 190654 676617 677479 756903 677542 756381 758338 757821 
393275 61429 732345 62707 961343 223530 618432 897253 396453 923906 ,61429 897253 809734 207684 864416 207713 961020 842263 441474 879838 
967220 865953 107743 377767 702168 169502 788382 61355 310170 725028 ,967220 107743 702168 169502 310170 764509 967242 966509 633383 763808 
996959 607750 322767 897060 996989 327357 73089 705168 188868 997104 ,996989 73089 705168 232622 953599 232770 604680 232612 308049 845496 
496937 645019 644912 501459 279499 86126 487664 497217 94456 490275 ,496937 501459 279608 458043 489912 524135 236909 502287 276503 293399 
451829 533535 391470 961131 725225 495451 514342 658536 257633 292617 ,451829 495451 522791 331964 188280 660578 386340 870151 182562 262052 
907597 775687 960045 189979 969730 775639 643031 643062 642875 818577 ,189979 969730 775639 643031 643062 642875 654312 969665 654118 654320 
378725 814568 378707 378513 38994 676778 896043 467551 852064 555450 ,378725 378513 676778 896043 852064 826464 826282 676512 770184 900378 
648420 645977 645828 914911 179531 837699 429072 646222 179959 611702 ,645977 645828 837699 429072 646222 611702 594168 611813 838165 242981 
497881 822506 283990 534376 528434 279511 469665 883609 528447 307453 ,497881 822506 283990 528434 469665 883609 528447 716775 29004 337180 
72793 71712 73807 415976 200220 265674 854886 378542 461821 254507 ,72793 73807 415976 890359 746949 299764 909018 895127 812906 598108 
926603 417525 359600 537423 988304 49295 401500 852225 992371 807930 ,49295 600082 479924 450073 562428 285454 451063 320849 206917 419676 
209947 288257 720142 625748 599334 22514 553932 513629 22334 664092 ,288257 720142 625748 22514 553932 513629 664092 664605 121553 631980 
325521 55811 476141 858610 53516 310721 421792 466506 414044 204271 ,858610 310721 414044 204271 300862 910156 957040 414565 303872 970141 
646366 27197 579463 613127 189445 76545 162643 578589 647194 85762 ,579463 613127 189445 162643 578589 734961 989874 571181 728870 90487 
643000 643013 640130 642285 639869 642950 640510 457630 640232 642944 ,643000 640130 642285 639869 642950 640510 457630 643347 52127 640005 
865839 483742 811028 78267 976200 81612 283497 545529 634680 733245 ,811028 78267 545529 733245 869023 980956 163185 592747 220289 597183 
824911 977349 597521 381332 160572 794620 806202 546585 118537 30791 ,143591 104986 689804 254244 176234 923252 499068 693961 500262 125325 
575101 610751 575806 829465 277255 390866 201234 265512 139095 46253 ,575101 610751 575806 829465 201234 265512 139095 569375 698779 233807 
199374 29529 951004 205077 708600 49701 390904 272555 707909 288671 ,29529 951004 205077 49701 402861 957774 920784 402020 823780 408371 
238501 497591 506304 547088 667924 329845 497399 198556 277372 94660 ,238501 497591 667924 497399 282767 802085 92707 83126 364440 931157 
425313 58293 632671 670312 397703 917287 425546 884911 412185 643074 ,58293 632671 670312 643074 439252 58315 925030 99699 58449 378093 
513153 685609 776800 431468 124380 844947 994549 519890 549711 323824 ,685609 124380 323824 189116 81346 685862 232598 517779 927603 371380 
353263 261736 279693 519220 292650 903185 519648 776381 278859 279202 ,279693 519220 292650 903185 279202 719868 350545 452287 292963 278947 
100181 4603 411068 5085 29938 982475 818476 774441 116335 521854 ,5085 29938 116335 355465 761473 697897 699272 278668 522168 350672 
385149 720425 681196 680151 113623 276320 761556 583996 840922 391157 ,385149 680151 583996 698465 271710 192894 737192 397298 575792 694569 
600507 633642 193507 359298 778073 118037 301824 86077 127274 246130 ,600507 633642 193507 778073 127274 635796 272347 180478 927648 636714 
523552 500546 201133 71536 765951 73703 396482 972350 741748 412378 ,523552 765951 419620 161649 411857 823432 371979 194666 501229 123453 
130694 240144 595495 444210 594239 594646 454313 710902 831138 379723 ,594239 594646 454313 831138 379723 870188 921995 379522 725191 987736 
737237 499751 497250 795292 932606 803435 116562 497125 721429 309790 ,737237 499751 497250 803435 309790 526330 955796 917023 117643 733888 
256697 583755 92122 309348 429797 419719 636405 393834 135170 516762 ,583755 636405 36592 92379 216122 30439 305299 48739 488086 298302 
487683 816156 14486 428513 131409 155262 742334 520315 538577 764554 ,487683 14486 742334 520315 856711 915380 816681 764845 117691 765458 
221159 483589 397183 669240 68225 705855 706960 341491 518101 565364 ,483589 397183 669240 705855 341491 518101 555759 490543 562976 399716 
932069 169655 678602 861419 140608 932130 265793 178212 843430 842835 ,265793 178212 933027 433259 8643 543067 731182 125556 123059 227705 
485209 9716 933083 28078 775405 334738 402835 27186 921740 104051 ,485209 9716 181605 828021 198444 631444 572825 774264 584731 844848 
355568 343699 814807 706246 230622 756283 575003 485157 476434 41785 ,343699 476434 876033 233855 460339 484358 441540 867593 476385 418976 
337814 352172 340847 351446 806379 380223 351145 337172 997834 464882 ,337814 352172 351446 380119 999123 513842 392081 803438 925586 926674 
344273 346580 320252 416350 119314 714659 73560 432750 86521 296902 ,344273 346580 416350 119314 86521 296902 714977 876907 454766 635066 
82525 525226 84181 392099 638160 128880 30568 75029 526025 512561 ,680640 809984 263501 615716 573241 170364 684346 529820 923328 12633 
734913 734973 780940 617272 797966 73812 461128 293062 863187 809129 ,461128 293062 466611 89154 499757 157386 689861 305852 371143 735724 
599722 599538 929572 347276 110930 929374 313335 973810 820276 97706 ,599722 929572 929374 207931 879384 344765 111522 200147 700419 253793 
514794 514469 693570 520447 420260 493411 808150 420025 615949 938944 ,693570 520447 808150 420025 615949 192219 205634 775725 515520 370791 
352953 323623 338710 324714 310439 353748 948744 218062 608914 949091 ,323623 338710 948744 795530 520948 554815 292546 295574 754127 274394 
307199 355527 364706 60594 510528 42883 915365 566186 791613 366495 ,355527 510528 915365 366495 498962 280731 262572 244533 524738 312408 
232415 282088 469631 337592 491840 230289 804570 316251 662920 722488 ,282088 469631 337592 491840 804570 316251 662920 722488 105316 492248 
384192 49859 760312 48333 786060 22849 128342 762605 146534 455208 ,49859 760312 48333 786060 22849 762605 743974 786581 762091 248805 
707376 504993 107113 852391 766238 779338 488222 764459 65768 880851 ,504993 779338 488222 764459 921517 489662 749625 269271 880207 919522 
690137 392894 690157 468298 702714 510883 548224 198556 277372 367280 ,845331 613870 725959 88309 343180 137084 859536 699549 461353 137605 
376715 376967 376514 441220 995585 910664 590810 396123 842916 609164 ,376715 376967 441220 995585 910664 590810 98315 787795 631925 631269 
885914 887467 386013 951781 277905 64088 225566 781749 185281 64498 ,885914 66481 960948 662266 770016 800503 374649 911841 840996 679503 
752836 701293 172203 331387 795924 530761 389260 442183 21747 177097 ,331387 530761 442183 177097 529538 323814 322007 380771 322250 282320 
531208 532441 671193 989447 209723 534026 868050 356714 533035 298475 ,356714 870796 678804 288295 619900 151806 620874 17178 698781 290730 
337082 518443 692123 692679 363664 21129 418018 88710 363629 788215 ,337082 418018 88710 336840 364079 540814 685917 430254 440418 917192 
511543 335137 538809 433976 512096 865654 920393 729681 333721 874471 ,511543 433976 512096 865654 729681 333721 874471 13843 455101 334563 
159760 319470 23524 246659 23544 321530 321496 151844 262976 321511 ,159760 246659 321496 601624 291907 68450 156491 321577 528610 246707 
828604 829679 793244 917007 345621 989716 642448 917740 884680 364736 ,793244 917007 345621 989716 917740 364736 749756 961286 857025 761979 
425471 2636 158323 711936 1747 402363 525555 740534 219108 68737 ,425471 158323 1747 402363 525555 366309 795675 140364 740160 112317 
652246 652697 638544 173007 654625 137871 627332 101953 768300 961507 ,652697 137871 961507 567124 468905 811693 568554 605041 888337 865053 
535950 883119 541839 763252 833247 13973 52500 900531 207853 133145 ,833247 900531 133145 541889 52810 931378 899479 929966 630144 597626 
435674 20221 470800 19390 973590 584356 435251 20226 76481 178109 ,435674 470800 973590 584356 435251 792724 95706 153498 771471 174864 
703409 840068 865273 843041 560914 564329 861996 564530 618325 564333 ,703409 840068 843041 560914 564329 618325 564333 722512 140260 867724 
323565 416664 33480 461962 494877 497558 125001 692282 58797 429708 ,323565 125001 429708 243252 326101 449494 594103 474329 734912 58644 
155562 339555 520587 360884 9838 118850 681859 372834 63632 240634 ,118850 63632 665633 982064 606072 341222 974541 189856 661584 312585 
688321 78764 770357 188181 792447 810281 217167 795689 807472 863668 ,78764 770357 188181 792447 810281 217167 795689 807472 807562 540097 
821936 821925 956646 411399 411445 170541 630289 742164 929264 583007 ,821936 821925 411399 411445 170541 630289 742164 929264 583007 368874 
71371 745832 847487 721253 698781 543843 15129 195630 274446 542076 ,195630 274446 542076 81749 755024 474308 547568 918298 629894 311860 
676679 16286 539418 187541 732878 809282 258698 880978 982111 964679 ,16286 539418 258698 880978 982111 595108 992970 881686 135053 736158 
494481 904481 860185 495178 399378 518033 696323 980719 680715 874321 ,494481 860185 495178 518033 519327 689156 681107 465489 600267 414763 
458004 336727 458020 280354 279728 359850 594041 292754 920342 503954 ,336727 458020 279728 359850 292754 594004 458006 503569 419969 488205 
489445 490658 325692 262892 17276 151826 497741 503086 906279 237621 ,906279 508204 982583 832591 409570 634967 618806 76585 183008 177801 
334553 664533 308461 663044 309198 663469 343627 662928 257443 126808 ,308461 663044 309198 662928 257443 8000 289774 392214 835719 831661 
360668 96981 895067 973226 628248 142077 55059 424503 911890 628584 ,628248 911890 9539 181260 529476 405491 250553 486770 919163 201333 
430192 423132 344828 415468 528974 227549 422911 357889 606849 407594 ,430192 423132 357889 407594 366526 176513 364982 594109 905036 922365 
974615 339966 976513 357640 454919 255095 60919 341988 343448 255029 ,974615 339966 454919 255095 343448 454856 433471 919096 929454 561156 
17970 663349 296788 875167 1895 872820 705602 195245 274061 998297 ,875167 880091 917479 663286 887447 169524 389590 659804 854435 194284 
831553 560276 389579 131735 151489 614966 691443 279070 780288 10552 ,560276 389579 131735 614966 691443 391738 420871 942683 514099 22160 
142283 600765 524956 132117 523773 524793 42126 151491 599071 430829 ,523773 524793 599071 599062 96411 152050 662665 296721 81190 79805 
68232 832868 620005 819236 835312 730821 732075 257846 327370 416452 ,832868 620005 819236 732075 327370 416452 228269 257346 245969 556726 
262413 301284 151997 982779 431749 350785 104674 430086 94902 287106 ,301284 151997 94902 690490 611878 695618 37318 853948 379565 485114 
660034 223938 594206 723803 594064 61288 382027 150239 71670 93110 ,223938 61288 71670 664602 183334 752605 277483 597891 897180 151578 
271055 112477 245027 112636 31717 723802 692860 569362 385180 433559 ,271055 112477 245027 31717 723802 569362 822823 533791 508849 3277 
233321 973506 780674 179725 352633 238005 234619 881866 796119 650681 ,234619 796119 766140 72498 766656 8833 222390 958267 86344 158783 
114063 584697 534443 534464 356989 727170 992366 559564 910772 556882 ,534443 534464 727170 559564 556882 194040 166593 821724 496974 689909 
5213 104988 122253 151333 410324 285344 873171 872563 121976 991578 ,104988 122253 151333 410324 121976 863419 54222 417082 470981 5772 
7451 591140 7188 918058 870629 66816 171970 329676 419716 779610 ,918058 171970 983464 807512 348842 694771 875942 954139 475041 778816 
529766 339442 507350 699119 356642 307995 837088 29793 444481 537514 ,339442 837088 351650 688193 500794 91055 979794 559423 717294 20389 
501537 937547 204533 268811 129245 506890 450181 401778 16593 88073 ,501537 937547 506890 450181 401778 16593 88073 594163 453580 552614 
938651 940375 518140 518032 866680 218017 43897 221847 876124 650600 ,43897 43878 397681 789240 373562 336529 700979 711287 452528 807476 
725059 703757 521188 684161 684188 519671 521288 214993 679677 67447 ,684188 519671 521288 214993 679677 67447 84174 158417 684205 686923 
184938 62019 477752 932891 929531 552813 337557 935416 85055 896822 ,184938 62019 477752 552813 337557 85055 769072 805602 629355 52952 
979774 452287 998153 375972 362884 978120 303707 904753 231089 375880 ,452287 998153 978120 303707 458228 934030 196659 323188 88192 497713 
824690 654472 816502 567067 655012 423135 899571 824700 816758 887048 ,824700 816354 638210 861804 667204 824952 899675 638096 883294 642521 
387547 35994 387297 630231 230522 795685 949110 926026 673465 234427 ,387547 35994 630231 926026 673465 234427 899673 783373 387157 811177 
159469 176464 464849 510763 353367 464839 871098 151368 525224 470690 ,159469 464839 871098 195620 306504 724390 21 132040 125584 406333 
655067 837262 656623 447033 655544 447493 965100 905876 41543 965136 ,447033 655544 447493 905876 643813 445887 447289 448028 448292 446183 
351184 325593 484626 853225 857840 140348 515730 541558 465343 851960 ,484626 140348 515730 30414 171391 59204 158229 532165 421525 158214 
774623 818030 210949 441757 414181 514317 722960 419719 293488 932361 ,774623 722960 832644 662759 487475 872318 820771 305141 54397 957990 
422196 504597 922154 598678 512165 731257 173561 160448 27165 469792 ,922154 731257 646438 10345 556309 324699 455073 10032 559472 57730 
553043 623554 987212 3228 987110 384502 75471 77754 392369 755000 ,94854 930902 373645 259240 721865 37039 564143 722512 682322 484149 
113394 296882 660728 202028 266306 735693 534380 660007 956999 496382 ,202028 266306 660007 477524 771899 914157 422194 335428 429145 204761 
551019 966212 402276 351811 246025 965587 19955 351073 485857 974325 ,551019 246025 19955 485857 974325 353851 780731 963395 751985 577332 
430333 464664 143257 3428 63069 565601 225233 372047 240597 843776 ,430333 143257 63069 565601 225233 372047 350103 542482 904492 242933 
566984 190732 759550 612644 834805 673169 673309 832490 835593 610057 ,566984 190732 759550 612644 834805 673169 673309 832490 835593 833154 
494321 496057 597954 836534 562238 199353 278169 730951 93666 115838 ,730951 803836 725741 471148 74287 153107 103040 416829 542259 739784 
471649 475764 339442 167306 808254 475890 736188 898325 718728 173993 ,475764 718728 173993 186694 891794 650665 433786 887985 559283 29793 
681043 158851 680382 159136 173793 832246 864076 831646 773183 886700 ,158851 680382 173793 670782 414174 405960 384723 831651 979744 326554 
347533 349240 594952 684155 404764 95272 948644 663566 168725 716810 ,347533 349240 594952 404764 95272 168725 716810 515130 426488 126591 
675301 136476 174021 312691 402254 533625 41717 575226 616101 988711 ,136476 174021 312691 402254 41717 575226 86001 700423 155553 543126 
409549 288046 787147 715198 293076 409349 882815 279928 411236 794063 ,288046 715198 409349 882815 794063 478413 476139 648361 217732 417555 
894124 456067 781846 757837 530743 654173 558114 947386 929086 885356 ,781846 757837 947386 977457 597714 947893 440442 784284 857024 578345 
95201 279056 246674 351828 95326 639811 51195 973314 973354 132560 ,95201 279056 95326 639811 51195 973314 973354 132560 187913 892678 
762024 762136 212429 998002 762748 219599 482699 658696 542634 986564 ,219599 482699 658696 704192 104397 840849 762299 264421 626990 522996 
887048 673432 423637 569685 654791 902878 655799 423721 655573 44033 ,655799 423721 44033 654982 569504 654950 424747 655076 656821 49393 
782466 790838 404986 612423 528441 729762 807027 405061 467132 990234 ,790838 404986 729762 405061 467132 990234 496875 481487 171285 728384 
58692 480567 987911 58750 481019 508758 885363 932026 540592 420325 ,480567 481019 508758 932026 932431 583878 509791 23307 808990 432008 
523820 725311 112247 37004 181714 967659 496664 998379 690320 732628 ,112247 37004 690320 95405 321706 73279 732754 254788 204881 269159 
141641 880736 881135 385662 632914 384870 12564 634529 456780 919526 ,385662 632914 384870 12564 634529 456780 691018 65819 732201 661868 
163942 825923 768475 72084 192821 133447 628028 742271 192595 218967 ,825923 768475 628028 742271 192595 218967 213571 771135 793580 716420 
89932 386078 822155 760388 860077 150209 368512 314461 7068 95162 ,89932 386078 150209 368512 314461 992326 318480 912988 424483 352839 
190897 957642 191298 969198 190694 885672 190538 545162 885717 855005 ,190897 957642 191298 885672 855005 546498 191394 191001 854794 191065 
459694 453390 452816 459221 461770 459631 460187 452238 452490 547325 ,459694 452816 461770 460187 452238 452490 547325 458183 452993 552714 
834605 877556 44733 515462 877300 728838 479578 48034 542640 225783 ,834605 877556 515462 728838 479578 542640 728358 255648 737310 563962 
71531 682006 877015 448430 842440 741779 940632 448415 181500 857581 ,71531 940632 921792 917584 15681 283163 158993 17775 499180 937893 
420425 208148 613985 791863 892270 283882 963821 354421 97179 42079 ,613985 283882 354421 805933 320820 285688 925839 899466 296015 283239 
827081 62231 61565 41562 41242 819856 481853 281813 825041 988698 ,827081 62231 41562 481853 281813 825041 820056 756177 809127 373812 
459957 460141 453961 774531 350069 470578 556833 348630 608041 557781 ,459957 460141 774531 470578 608041 604363 608708 883356 465716 734540 
208128 885106 726029 891674 933941 833941 675 725559 17917 210744 ,885106 675 725559 782758 681642 101935 15514 841988 820322 930538 
132280 133008 967129 549950 15930 607896 773 225088 60757 73735 ,132280 967129 549950 60757 73735 485314 9794 360250 596039 525708 
600787 82424 353282 601058 600856 481252 685872 494946 282399 40560 ,600787 601058 600856 481252 685872 494946 40560 615105 264815 523759 
453902 306577 307425 522209 176224 338111 177281 271282 929255 922099 ,453902 522209 176224 338111 177281 929255 299439 506617 328738 457664 
729116 511805 76406 47241 495709 89121 486551 231688 355287 991316 ,76406 231688 355287 215047 338497 247192 203816 635891 508262 227993 
389407 842336 842440 802857 843495 703232 957751 879728 752347 957633 ,389407 842336 842440 802857 843495 703232 957751 879728 752347 957633 
427615 385456 605385 26872 547904 357594 877431 470719 385080 507049 ,385456 605385 357594 877431 385080 507049 570125 941380 892108 213849 
812225 895549 930270 14727 599021 656294 91603 227277 895739 16860 ,895549 656294 895739 895930 75358 501909 267360 227397 724450 867837 
427775 174734 174771 965311 32313 534741 523455 547503 227242 170267 ,427775 174734 534741 547503 227242 169381 690220 732196 174667 363623 
405344 452366 458192 405607 376798 183552 31401 949060 632276 458238 ,458192 376798 183552 31401 949060 632276 458238 416079 529868 452443 
984390 985579 578788 970031 943374 865208 263016 633659 20732 744632 ,839122 486439 578993 798879 981454 742544 132656 948827 576839 455586 
409520 863240 725757 414452 301970 189285 464792 106037 61653 61313 ,863240 725757 414452 61313 898171 62512 691993 409497 82207 82016 
19268 623109 766278 932772 957733 935262 137416 932658 785277 71643 ,766278 957733 932658 785277 14419 957886 482678 322556 624328 504976 
483391 355218 684221 924298 781158 90322 684698 81905 193216 76793 ,924298 90322 193216 272327 363396 498091 658347 371770 498926 89450 
603740 447555 447250 603868 443327 447459 604443 828927 889200 445971 ,447250 447459 447433 853813 655226 666939 447421 447793 447025 446929 
805204 198741 277557 663748 143151 759919 714164 779633 651304 991183 ,198741 663748 538941 121694 111998 476711 175613 511821 142120 363065 
874201 872729 792608 355753 297825 287796 40721 158895 889823 5049 ,355753 297825 889823 5049 309878 324836 369863 889323 284777 318207 
308262 79553 307829 279070 84208 312604 331837 4903 472375 363623 ,308262 307829 279070 84208 4903 363623 732965 699421 206087 261443 
925016 778451 113964 778468 461728 673262 140359 628035 405355 159057 ,925016 778451 113964 461728 673262 140359 405355 159057 646874 576333 
35623 625457 596018 396002 442819 259400 362275 510831 955153 696560 ,696560 529649 225639 69881 69654 225098 596778 181573 935778 210538 
922185 456850 941237 635042 900575 120555 328481 685143 284896 73767 ,456850 328481 437112 227797 362276 633710 295339 798125 505832 712267 
603722 114700 104712 941715 114786 44407 281871 863168 167235 967288 ,114700 104712 785839 582215 910994 5215 673775 524069 189054 789666 
454805 539797 641101 112620 970701 957245 929293 92520 604168 109141 ,454805 539797 112620 970701 929293 604168 603678 666670 971032 838378 
1216 724099 346128 110181 282255 965603 848823 441376 989594 614059 ,346128 965603 848088 481207 196628 275444 491400 176663 600804 356573 
293151 635261 946926 780980 408040 633103 432413 21133 634068 581090 ,251800 138483 236377 120152 968540 261199 203222 472244 78971 14170 
429748 865558 181143 367213 616689 332418 496728 429778 100704 458430 ,181143 616689 332418 516472 92874 616579 325445 114633 236676 132349 
41731 675700 41686 605265 447993 375820 602995 299238 676128 319643 ,675700 605265 375820 299238 319643 867517 646445 190989 881659 654833 
16682 806062 182877 481830 94644 729743 480512 251876 252629 523797 ,16682 182877 481830 94644 480512 251876 523797 678327 677985 892987 
797140 801687 798169 796904 469842 607482 864407 635272 469778 74813 ,801687 798169 796904 607482 635272 469778 74813 699497 352944 194698 
131547 131172 132310 131328 131834 582701 451018 658025 133853 595312 ,131547 131172 131834 358631 282734 621498 792188 881884 838228 655473 
839449 373793 820738 638482 667331 820763 676874 373922 839369 717921 ,373793 820738 667331 676874 373922 717921 995133 449616 995365 913051 
502450 32084 735409 294314 630795 377030 449605 140494 584510 420226 ,377030 420414 174612 480480 201923 422101 521926 275369 691521 925392 
247015 7548 524998 278929 84335 422936 30079 216818 174935 350411 ,524998 30079 306137 524833 81190 351796 321636 323004 350434 321586 
647693 646139 468168 739077 703617 988730 738777 571091 419935 818191 ,647693 739077 571091 818191 370438 927258 316626 371059 769351 116311 
416019 496797 170537 419762 188743 9397 187666 690821 168461 559958 ,496797 188743 690821 168461 559958 496846 469153 719148 618026 31091 
611149 409133 740562 748350 549346 884264 850255 467514 850416 906408 ,409133 850255 467514 906408 691198 850281 243182 312366 823406 948912 
125556 223933 109093 107794 3013 61066 389721 916065 223918 391654 ,125556 109093 107794 61066 389721 916065 988225 679409 111021 347851 
24521 653485 673135 825731 649605 648319 648384 653049 648147 647740 ,24521 673135 649748 959545 653685 994851 653097 653081 913184 653372 
924909 714670 860825 926700 772525 300730 924670 773415 304833 672141 ,924909 714670 772525 300730 773415 274103 689713 594579 908443 60473 
647009 653102 970299 646682 609705 653168 653432 615706 961975 755720 ,970299 646682 609705 653432 615706 891872 607142 444780 717079 653403 
94428 305785 94146 502408 295659 590851 86860 280148 658551 351695 ,305785 94146 502408 295659 590851 86860 280148 658551 236917 247176 
368547 156023 948182 844883 930601 129916 208739 463762 523309 96067 ,96067 750734 708072 933046 730948 749158 431255 455877 416281 868198 
576369 338929 41551 678023 902443 984104 384164 907472 534960 920352 ,576369 41551 902443 920352 754228 981903 44573 421498 942946 535040 
283654 347226 929924 23103 978823 918432 128402 210346 199673 46871 ,283654 347226 929924 978823 210346 399217 529560 46204 210243 521234 
647385 425505 647885 803375 798332 648368 790622 648075 650563 649445 ,647385 647885 803375 798332 648368 648075 649445 647612 423430 649833 
814776 804049 514534 522569 815256 905249 946179 754354 563921 957825 ,514534 815256 905249 754354 957825 379187 840177 152259 806084 68829 
629510 789881 828747 826395 287663 900690 744223 539561 174375 27846 ,789881 826395 287663 539561 840911 639696 743912 734936 738709 39243 
776650 714071 375001 665822 603841 664917 608522 319718 318225 461357 ,776650 603841 608522 461357 390785 462447 390682 629467 317547 17128 
551621 551643 551681 815462 815395 815358 815270 693961 29938 816476 ,551621 551681 815270 29938 816476 609916 815447 815322 815341 815401 
692508 672977 672794 684778 654226 824706 672763 673284 672766 673635 ,672794 684778 654226 673165 699235 553572 673026 447034 672642 905758 
778039 524435 921492 928941 757706 390547 90548 109210 94110 212364 ,921492 928941 94110 212364 124618 88285 275188 308611 152692 378747 
457569 928736 113668 508579 98120 782871 256702 555134 205628 701866 ,457569 113668 98120 256702 701866 281394 529522 256390 822784 981683 
475714 9057 475613 7262 5634 410255 475566 377268 700418 45812 ,475714 7262 51723 397358 377006 752959 56535 104616 692828 793546 
423735 523631 183349 840326 130883 175935 816122 175823 30148 258070 ,423735 183349 840326 130883 816122 175823 30148 459299 423247 379569 
398530 402831 398925 402129 399881 403007 281473 284835 399001 773609 ,398530 402831 398925 402129 403007 281473 284835 705717 515209 378389 
392486 392504 434308 7753 106295 184747 434482 974245 1838 463275 ,392504 434308 106295 512400 2614 548427 209325 703623 531360 860351 
578341 117601 119231 122997 899351 862941 919048 460088 873654 115462 ,578341 119231 899351 919048 614069 967162 258523 931569 924624 843605 
168146 687701 631088 894014 631685 923984 455909 462553 659656 385781 ,168146 894014 631685 923984 659656 385781 480557 522310 833288 737676 
470540 474579 470424 101510 99614 99232 359133 314339 566817 737072 ,474579 314339 955728 381124 548227 429443 440906 904554 516553 790604 
51406 808513 983951 614512 286887 319769 331439 486524 343514 437842 ,51406 983951 614512 286887 319769 331439 264567 612406 370957 478157 
924873 545736 385726 397414 719321 547328 81836 975326 392158 511030 ,392158 511030 271336 973140 270467 206189 414249 511412 801025 561186 
188800 375947 678119 518634 73063 658278 724511 521864 16709 719143 ,188800 375947 518634 521864 16709 719143 16824 732543 188823 815650 
934150 800449 178743 596150 315269 596250 880492 931183 687158 296196 ,880492 931183 296196 10726 205862 270140 269420 873340 510051 299099 
397448 386856 411197 476441 617385 906797 878095 152039 389538 641218 ,386856 411197 617385 906797 878095 152039 389538 520212 808412 820671 
934861 783182 501064 931011 368130 934836 476271 571846 72624 894744 ,934861 931011 72624 423890 942757 52329 743478 476127 262966 701637 
669697 610750 758760 758703 854938 431202 552982 813844 305779 23155 ,669697 431202 552982 813844 788037 301334 197495 431204 595250 672070 
927309 9247 8376 8398 771314 300853 131975 285626 124687 125815 ,927309 9247 8376 124687 125815 530747 360386 295273 771514 923621 
386859 888491 641508 38867 560584 327223 478927 820714 641803 641474 ,386859 888491 641508 38867 327223 881189 5941 461518 538226 82375 
378239 344111 339698 528038 492658 652837 896225 454696 664239 173304 ,378239 344111 173304 513321 371910 530174 12700 155697 843389 817037 
394185 109285 125662 393195 98614 153302 60187 574194 107711 870875 ,394185 109285 125662 98614 60187 870875 668733 712668 646459 670794 
513532 165838 174116 161922 20183 524066 454058 517120 174392 701902 ,513532 276137 401316 108835 222152 150240 169819 454696 356686 122665 
689954 689947 255349 573763 242717 498222 826568 826936 237127 249030 ,689954 689947 498222 249030 370649 638095 247860 638083 483807 804274 
298433 898627 822938 822325 823155 333564 300051 475067 688264 597458 ,822325 333564 300051 455910 596231 7787 914384 362569 353917 536155 
997324 373895 833770 623183 716979 891791 483833 596644 567147 595833 ,997324 833770 623183 716979 483833 596644 567147 774433 837801 713979 
410654 835090 776018 834644 442602 86142 521110 674260 86594 675284 ,410654 834644 521110 408350 880554 673955 828722 85386 888205 835495 
669295 969268 7249 970407 598918 134218 939132 939211 421999 852476 ,669295 7249 134218 421999 921030 942008 911743 558776 253792 562355 
503017 621744 48506 726506 620559 880220 776479 859523 895379 938357 ,620559 880220 938357 369942 130385 836016 873763 392552 382377 816839 
565088 252211 811891 251475 559651 757304 562008 593731 409330 464710 ,252211 811891 251475 757304 562008 409330 464710 791435 916765 995379 
480202 828149 412161 823876 535438 535455 886171 477092 82049 56440 ,480202 828149 412161 823876 477092 82049 56440 56999 865179 759568 
779827 889365 835720 967609 580777 435808 48202 321165 840958 794619 ,889365 435808 48202 764496 814126 370285 368266 964679 652129 595070 
860588 751013 247672 247945 247528 20217 365597 61715 681458 750821 ,751013 750821 511795 248257 658807 109314 507266 441071 310674 261135 
910803 837703 986688 868187 582275 314896 123548 403454 552928 891811 ,837703 986688 868187 582275 123548 403454 986514 606160 86254 837649 
679443 900778 900488 402254 213841 89299 99320 784384 269993 798925 ,679443 900778 900488 402254 89299 99320 784384 442181 930438 34871 
649460 707520 647713 221203 525625 651355 894396 221024 100609 525840 ,525625 894396 100609 525947 431448 801775 406759 445104 23996 413858 
913101 912443 795010 936940 348373 98890 935338 693638 99026 990076 ,913101 912443 795010 348373 935338 693638 789301 82240 637243 991371 
65260 832586 973655 431586 832841 250435 66003 841767 896957 323460 ,973655 789625 253651 274594 747412 375612 429811 973349 456656 539264 
496652 496649 450185 569481 449937 184478 518498 292761 636697 684258 ,496649 21117 730687 402446 278668 170025 609787 279643 255783 29956 
36223 883324 631369 795133 914338 449243 426974 883320 415380 715898 ,36223 883324 795133 914338 426974 695628 504018 993103 15578 975107 
913971 640261 618301 756759 374290 374090 889229 892727 374709 756728 ,913971 618301 374290 374090 889229 892727 903865 618334 889642 100871 
491906 541819 265545 404364 455762 518620 373672 871428 681797 563915 ,541819 265545 455762 681797 563915 563911 120937 916320 840014 746010 
554937 263202 152186 292486 788743 162732 215618 555074 87341 66227 ,554937 263202 292486 215618 898070 241270 105733 547631 523512 449179 
542229 923811 90572 595094 502705 917487 876511 594320 681524 542285 ,595094 876511 858782 798497 463855 19358 397957 183727 19336 10399 
322175 107218 509987 140779 982408 124639 887295 9733 880479 490044 ,107218 982408 124639 9733 490044 207974 153342 807933 997201 491163 
893023 505010 10821 645837 659477 857609 365727 831378 892954 831358 ,10821 645837 857609 831358 781968 650875 789449 862417 584360 862249 
899149 899147 398435 896146 375904 977462 895248 73610 669228 473669 ,899147 976421 198228 327785 706015 922849 548588 531230 608501 572330 
719139 719141 488258 907194 726520 448663 803135 86996 898778 898788 ,719139 719141 448663 803135 86996 164927 703947 487917 507008 512699 
315342 838001 4207 839651 896573 586918 344555 142464 309457 313706 ,896573 586918 142464 309457 313706 839416 245171 943033 13607 969224 
690821 324028 690462 740191 560090 690452 599066 336910 389390 294388 ,690821 324028 740191 599066 336910 389390 294388 527936 684039 472913 
366725 58888 428375 223852 367144 68659 923469 818724 742818 817646 ,366725 58888 223852 367144 818724 742818 368714 480415 253932 194947 
931484 329854 538088 350288 304825 542035 623366 380699 786540 60528 ,538088 304825 786540 60528 339176 128432 575058 708278 734766 97470 
235901 924020 926814 542633 456429 835303 835852 962360 699970 871003 ,924020 699970 871003 742801 844637 242438 46250 530188 14139 561414 
460329 323184 502646 637736 943218 161341 102984 974398 502368 605422 ,637736 161341 102984 605422 759701 737389 151259 324628 780159 600772 
860421 598412 226355 598371 864211 232827 632078 64264 512716 964113 ,860421 598412 226355 864211 232827 632078 225310 28378 598926 871416 
36477 56723 623663 649641 793149 53027 57720 54593 793300 498205 ,36477 56723 623663 649641 793149 53027 54593 793300 498205 54787 
781774 265432 269397 58142 621548 696904 181902 59900 842940 215605 ,58142 59900 66137 902095 273250 726918 142858 457933 517542 395007 
426536 806085 522622 118519 708799 495411 326056 982842 567883 337177 ,426536 806085 522622 495411 326056 982842 567883 299694 350597 862639 
352834 99275 749372 10440 835644 980343 12133 11427 599119 599106 ,99275 10440 12133 11427 599119 599239 918442 411957 526783 749414 
500586 552323 552584 393370 406429 325249 671977 470035 931550 307108 ,552323 671977 931550 321335 325625 381160 598754 223192 78692 714532 
807497 560099 994059 994020 912132 776508 558658 983228 912613 558662 ,560099 912132 760853 898172 716817 423419 391205 807516 214601 721609 
325818 573956 850695 514649 451712 959571 295848 318413 106151 602630 ,573956 514649 959571 295848 318413 106151 602630 152720 293924 206968 
370976 418964 20353 993262 550059 240409 792653 232019 230622 683230 ,370976 418964 993262 232019 230622 896339 876764 70677 929674 300491 
131493 135259 140937 158876 689645 742806 321428 158503 863726 979499 ,135259 158876 863726 140565 411239 82784 601535 867045 286369 544150 
826990 957906 557180 581251 501410 646009 376045 416901 607995 175526 ,376045 607995 141074 937635 993027 432614 82128 468352 29484 748222 
584364 398463 606329 155552 135955 265317 25794 634085 514794 233753 ,584364 398463 155552 265317 634085 233753 686842 264802 155750 370791 
985938 986816 103841 985411 651824 960256 890706 415263 924815 843407 ,986816 985411 651824 960256 890706 136310 925281 546142 375416 372408 
492790 871625 14646 12789 169694 224458 947329 105314 302 513537 ,492790 871625 12789 302 513537 225074 193434 175142 270295 20390 
706821 9236 678197 951029 474285 944294 915625 887236 849733 481481 ,61579 931809 99803 70465 882929 15145 71186 457418 839646 17482 
404732 610278 404871 645625 114181 468846 757971 835167 954352 831999 ,610278 404871 468846 757971 831999 757353 757621 885019 405409 374344 
112511 911693 768297 896881 37844 39076 793629 207803 37752 207733 ,112511 911693 768297 896881 37844 207803 207733 656945 655584 123266 
169662 372218 35445 846819 401390 796734 167167 691908 459328 772923 ,796734 169737 929659 32523 188152 575485 175045 929396 22295 436219 
559785 529992 359064 364207 611332 529702 978407 532265 286497 788639 ,559785 529992 364207 611332 529702 286497 565265 307112 219204 522449 
249002 227194 898929 144617 541274 80582 94508 10104 566376 363760 ,898929 144617 10104 482383 232408 633516 80473 300855 511421 501591 
934464 929576 951587 356902 595648 966778 358905 2388 749006 708152 ,951587 966778 358905 2388 708152 495214 886538 3261 4373 703998 
771885 817588 278647 702820 695009 227707 707599 787093 432632 298416 ,771885 695009 227707 707599 787093 298416 453583 242669 227333 193256 
151176 734796 662906 292034 23764 787394 776966 94369 85409 156457 ,23764 776966 94369 85409 156457 222494 255447 30116 423871 307256 
51270 501798 283231 523996 111212 912682 754356 942029 36610 375081 ,283231 912682 36610 966486 661882 998020 408109 502092 912595 976229 
994278 654857 657341 654504 654979 915188 764762 656994 445897 764036 ,657341 654979 424073 655038 445308 655485 655369 423362 445959 423263 
825845 825758 305254 436113 122006 122100 554654 168607 439425 698907 ,305254 122100 554654 168607 181037 960682 441135 525352 170237 170381 
782223 584613 177298 345800 57591 688824 513087 331806 626870 512686 ,782223 584613 57591 626870 512686 372015 585586 548219 347438 154736 
913394 604960 840959 956970 963796 914222 87518 849489 459803 452890 ,913394 840959 963796 789729 623598 915085 425015 566129 945864 449866 
6834 910726 673464 996812 996596 996809 673184 673996 835051 836653 ,6834 996812 673996 835051 836653 673058 994891 833593 834264 772391 
150982 708805 559701 180008 785302 658351 560768 632604 525618 362589 ,150982 708805 559701 180008 785302 658351 560768 525618 528879 771658 
253226 959403 253632 340482 941573 708349 91852 90868 230468 418994 ,253226 253632 708349 91852 418994 655664 656874 362579 678651 624769 
118651 65003 81295 16039 13492 14082 372984 81556 797390 804999 ,118651 13492 372984 391245 259218 728120 20356 495793 394776 1986 
133127 629932 167883 909315 134629 631634 165179 610381 975045 978511 ,167883 134629 610381 303740 560515 673802 804090 580139 23160 143465 
766029 587967 860777 514793 514908 846591 880530 860087 628383 72350 ,880530 170762 957941 153507 635988 731047 721987 338485 781462 150440 
611664 788930 989961 910873 672326 445505 768775 736299 645656 468799 ,736299 716855 740445 663102 4914 613317 673248 672424 487404 351065 
162891 707061 172741 822840 402119 66579 532615 343882 554006 339713 ,707061 822840 66579 554006 339713 190071 181635 173956 558837 174221 
54397 497760 724538 600839 230617 305944 524968 30080 684243 99006 ,54397 724538 719223 30607 560322 784926 639993 81242 421712 830115 
104943 634585 130335 237014 857476 168386 971435 719428 94327 94337 ,857476 337873 125476 547358 617870 686829 186327 5017 67339 124912 
235702 235513 919512 193479 230244 104049 308564 44339 484228 503119 ,235702 44339 503119 229833 240216 47999 948705 86618 431269 44347 
455903 95497 687699 462825 132406 976079 575129 761975 376698 299439 ,687699 462825 132406 976079 299439 449140 279986 502646 81737 793736 
115657 974990 374286 859942 829415 182132 860332 150113 854905 147339 ,115657 974990 374286 859942 829415 182132 860332 150113 854905 147339 
247250 434884 25262 466326 635668 126762 171298 545483 563489 606924 ,466326 635668 126762 545483 421525 503525 63762 297307 749036 635793 
705878 71456 412981 288533 845188 706837 433085 426376 541818 72556 ,71456 412981 706837 426376 541818 412713 748283 432058 563627 936473 
564887 29936 215636 815490 520726 501569 815474 815292 815368 30331 ,564887 215636 815490 520726 815474 815292 30331 809810 636833 806079 
492113 799797 17585 750866 973189 720921 562590 942583 742217 903239 ,17585 720921 562590 903239 342333 433415 456552 740598 684949 88009 
514391 93377 387051 522451 966183 82128 125908 513945 659963 253626 ,514391 93377 522451 82128 513393 280771 386238 921279 517481 430167 
890553 51433 50991 684734 568657 292066 112360 469685 469869 913380 ,50991 292066 469869 294699 722488 515389 255099 232619 959881 658328 
676683 657611 608795 736498 676366 675568 657608 536159 374597 676479 ,657611 608795 736498 675568 536159 374597 676479 536336 656685 151365 
656832 657030 721084 656849 657059 770403 654460 654494 443211 655861 ,657030 443211 654519 599249 443078 374180 657045 656871 560335 446176 
451930 451673 617639 615680 151282 53060 108486 40262 815556 68335 ,68335 186267 699271 30110 815491 995692 99518 818348 638041 29945 
128826 948156 690187 862110 181432 595951 424215 932530 681678 112565 ,128826 948156 690187 181432 954852 82144 166845 887495 887430 132476 
384067 522428 30802 155138 32657 177249 419805 32430 170595 386710 ,384067 30802 32657 177249 419805 386710 634345 170379 170267 99157 
852808 250547 503121 788919 541680 813869 606072 502115 503397 633362 ,788919 502115 503397 666482 247587 555125 807726 283890 1124 859302 
69235 68707 475525 16742 422935 230415 48484 232153 16583 68537 ,475525 16742 422935 230415 232153 16583 322200 977324 584424 500392 
296539 503380 520780 845764 748343 519630 18242 171161 262852 248678 ,248678 434463 527488 526318 279247 548627 537099 51289 536872 193975 
74016 297458 311092 73542 166337 464819 167937 485879 670636 512780 ,74016 166337 464819 167937 611010 251890 497004 709170 79402 86968 
974731 685283 818203 434682 605173 708941 818752 653879 434561 300202 ,818203 107754 26198 810041 649706 332930 337141 428598 331431 372857 
424347 424048 828356 828779 644691 424595 113369 113865 211421 850845 ,828356 644691 113865 536668 976116 220616 821192 644854 952406 384453 
136792 72805 779574 178883 688432 817803 358588 406754 817321 946530 ,72805 779574 178883 946530 49453 750047 343024 100121 189694 485924 
402472 357521 419934 685945 702761 823406 862764 809436 823330 141652 ,956848 701590 482333 106514 886682 123384 117839 979914 235461 748619 
242737 233194 232858 972468 358478 156670 117377 242146 623583 135829 ,233194 232858 242146 135829 133852 877399 484763 359641 972109 353889 
851307 235396 187867 281651 920372 850677 791508 331633 295323 52117 ,851307 235396 187867 281651 920372 791508 331633 52117 649429 154509 
895102 667838 842886 919369 795318 828484 781200 606020 594320 869405 ,895102 667838 842886 606020 594320 42527 869332 195307 274123 895036 
682274 682085 471332 60776 688421 575410 968961 222826 716035 793816 ,682274 688421 575410 968961 222826 793816 433593 616757 109920 909105 
172365 847296 847141 801888 493455 193060 271876 272458 236126 271736 ,847296 847141 193060 272458 236126 271736 316407 848193 84286 519741 
969919 397696 807126 963007 832539 401184 401190 313746 969995 896767 ,397696 963007 401184 401190 969995 896767 888744 397577 956602 638236 
129894 527632 129834 806537 58452 573212 59777 711287 915700 133253 ,529093 249669 450297 245884 279859 471006 467128 142194 518471 305710 
817611 534961 534935 767140 909463 545203 711022 965335 34153 176293 ,909463 711022 176293 121100 131967 776001 535292 539506 120250 657250 
233196 233821 235521 239127 745927 648942 578789 514459 871689 580110 ,233196 235521 648942 578789 514459 871689 224479 200814 191445 947528 
843908 546107 315698 578107 700718 702171 984954 78806 582672 11975 ,843908 578107 700718 984954 78806 11975 612080 407829 91914 143792 
202637 919122 412185 226909 941472 716327 962396 650270 143586 993358 ,202637 919122 716327 650270 143586 993358 480969 941055 316139 69611 
524905 516409 94622 816533 305856 391743 690144 391792 526618 95290 ,94622 816533 391743 526618 246586 246658 967369 336864 573888 48613 
818464 612882 818670 635118 612242 613141 997131 993852 790213 632652 ,818464 612882 818670 635118 613141 993852 632652 714009 772831 994575 
786499 822206 431789 757703 633900 227949 377008 781147 528351 380351 ,431789 633900 227949 528351 21224 785771 763552 187264 153030 543837 
930192 792052 219333 71187 701697 926561 15190 456090 60330 298136 ,219333 71187 15190 60330 883408 416507 61619 432401 60337 550412 
480561 454818 480465 564848 517259 562418 90335 731754 225347 938256 ,454818 480465 562418 90335 731754 938256 226464 524062 88552 941229 
432632 513365 431211 631363 784908 78352 387196 426194 502508 784915 ,432632 431211 784908 78352 784915 863129 60755 352574 736271 544249 
939188 695730 206221 270499 281829 848351 709966 620467 189696 49034 ,206221 270499 281829 709966 49034 366697 818365 123226 784208 508487 
430864 514799 720257 17517 17105 86731 485194 20080 737011 58782 ,86731 20080 721292 92313 88671 413003 551227 530270 254819 548240 
943494 458657 456703 365488 936139 463689 73044 432658 690835 66472 ,458657 365488 463689 432658 66472 690303 13639 519858 432609 18346 
160737 82956 702358 685357 682554 236113 141757 637435 323987 548001 ,82956 685357 141757 637435 548001 503769 708244 907677 181469 453212 
522579 695616 523285 522955 996152 914042 154713 166283 960218 515674 ,523285 522955 515674 569976 317048 195160 273976 701732 256985 694379 
896601 648977 350961 609745 784843 676002 714787 336992 161342 143485 ,648977 784843 714787 653452 211751 717160 755823 653275 624552 554933 
777260 198388 629494 565159 684016 195449 274265 491293 313120 14439 ,777260 198388 629494 565159 684016 405971 372397 840549 696386 12853 
156229 697186 828036 727837 15745 503046 635988 682417 394132 16149 ,697186 72350 935308 69084 250233 198631 150440 593711 982470 196638 
723795 284411 283512 638103 525550 491597 935378 815078 505195 619877 ,283512 512801 387303 369824 798440 59749 265304 572874 561 637628 
916042 564803 970981 484193 920240 905513 484104 426292 971782 409438 ,564803 484193 971782 409438 553302 907757 44296 227130 112190 916220 
760659 758375 761425 470872 513180 470876 473901 472890 621111 516113 ,758375 513180 470876 516113 469521 279304 73496 123888 340023 471900 
113706 546790 916169 247346 546839 801580 848302 29617 248173 772129 ,546790 546839 801580 848302 29617 772129 847074 772100 103456 29055 
425707 425130 461189 368010 724733 543206 543200 647378 619567 965484 ,619567 965484 454739 659160 912888 929917 822571 13651 663850 88279 
24139 649073 650201 990949 444299 6272 712658 258447 964282 214014 ,24139 649073 650201 258447 964282 214014 881586 473531 101748 898191 
78732 60840 85843 436133 310259 62958 53310 569232 88139 602747 ,60840 310259 62958 53310 569232 88139 496519 83134 984431 737382 
394784 819431 131374 62718 393763 59935 481483 842648 930959 731917 ,62718 59935 481483 842648 223972 511158 842779 598686 13424 883263 
628947 628334 630009 109332 333788 876709 597408 775593 488068 99536 ,488068 960931 285915 332427 550269 286192 388054 383004 551154 184750 
88380 959144 89395 128599 155484 107268 979477 454225 535370 61740 ,88380 959144 89395 128599 107268 979477 535370 527986 137530 799150 
712171 907521 110433 902336 993121 888338 853415 891746 768272 748827 ,712171 110433 993121 888338 853415 768272 247236 674293 710692 811694 
293778 868557 531752 335114 459411 209243 249542 89945 868359 292766 ,868557 459411 209243 89945 868359 372583 320253 502260 87963 241313 
298456 153153 468902 349240 526297 305633 517480 168386 397962 603117 ,349240 168386 397962 350728 521916 658288 237786 159130 989671 468930 
996228 672303 906341 810662 757754 625426 796756 834879 852506 651640 ,672303 906341 625426 834879 995773 770430 994195 878036 648011 672198 
996771 996762 996853 73232 742447 477814 394920 704361 36294 978007 ,996762 996853 742447 477814 36294 978007 122863 600325 442154 704676 
779093 429401 988901 212449 25817 443556 433764 14557 608990 875760 ,779093 429401 988901 433764 14557 608990 875760 961344 863705 314476 
187534 180039 52495 150243 581268 909631 89781 688763 480713 466212 ,180039 52495 150243 156138 88114 115293 149133 580401 94229 520614 
732626 732547 605769 732641 777215 777189 351071 777180 955427 605000 ,732626 732547 732641 351071 955427 77391 742804 611528 588716 236268 
421996 979833 695568 809881 934699 641149 89911 641465 304614 499963 ,979833 809881 934699 641149 89911 641465 304614 409806 999311 712267 
792446 620895 367831 782178 367546 782228 356264 936879 799243 954429 ,356264 936879 749236 646027 649452 783168 803181 988626 650870 609857 
804079 397311 498704 857495 397215 65599 495675 70839 337727 571825 ,804079 337727 571825 526433 470637 273416 194600 105016 391959 426415 
480029 869393 865080 410382 696592 865887 877625 181831 521651 241563 ,410382 521651 454011 531638 701910 736475 738582 451122 506112 84578 
901077 476904 36833 472223 933440 814529 558617 50031 376889 472327 ,901077 933440 814529 558617 50031 377016 419912 196025 167987 475405 
776057 489541 775776 761823 828089 403973 662430 253043 64037 256767 ,256767 560453 256305 829839 328901 241958 842919 249555 257203 354522 
935591 938279 455693 212298 120656 867315 551617 967350 422311 723643 ,459525 595688 866416 630816 697587 266368 219959 174584 200983 265261 
703362 490751 491737 843173 908804 842883 596984 260686 703274 703128 ,703362 842883 950357 96143 526666 525708 704387 845677 886998 206189 
967447 98921 122336 833226 659560 122425 573247 916848 775145 132910 ,98921 916848 864837 929969 756256 98912 645845 662067 834164 594679 
494830 895936 193659 711318 260384 496262 778698 495358 710940 709187 ,494830 193659 260384 496262 778698 495358 709059 802078 590875 832809 
353104 426975 314481 548275 724824 831381 55790 55897 168854 338867 ,426975 547237 227188 517176 56067 429433 64405 516513 168750 518966 
398208 403300 398515 404248 819235 849909 697656 256532 398354 659943 ,849909 662184 231528 584560 362445 896227 860075 450719 253261 659445 
528519 237786 772193 929263 528439 822077 365308 833895 261441 87385 ,822077 84561 908939 528402 261482 700052 524910 616867 600803 804236 
348428 840584 634951 560846 800396 194983 273799 634874 905883 574968 ,840584 634951 194983 273799 982219 207968 204938 228771 679190 917368 
975215 974509 529761 88059 794273 725128 975056 588434 709798 280954 ,975215 974509 88059 794273 975056 588434 97315 253052 215717 871714 
231731 378538 56622 579264 43395 56654 689309 442930 700777 695340 ,538257 217876 898929 448311 37665 151860 546548 571381 605909 50794 
996275 845979 274554 112707 54837 908531 896144 827228 855166 57246 ,112707 908531 896144 827228 57246 204835 937445 211668 546979 888044 
492781 507463 285329 500550 561641 973756 288629 60176 253734 831972 ,492781 507463 285329 500550 288629 60176 405531 489007 459253 663108 
437824 764442 798311 916480 916923 575005 580180 389001 579946 262025 ,389001 262025 390628 284357 630280 892253 270450 834756 84937 1941 
937695 937782 575408 874331 390799 460633 387262 745272 421902 567534 ,575408 387262 567534 398140 807824 516237 422183 536678 5072 470009 
121411 121206 845188 391065 397802 398896 174454 730999 628027 385461 ,397802 398896 174454 730999 629851 212533 810147 932180 916623 782160 
498431 503346 128439 875725 128618 2919 662586 860945 718840 824152 ,503346 464178 92829 186124 108684 204786 590773 488633 52301 592449 
350140 956752 571080 844531 434311 315022 701801 941299 79393 246760 ,437995 247597 111706 170522 331530 786381 495201 366526 322328 213133 
503924 496997 499811 503424 502600 292773 284210 502681 232452 292449 ,503924 496997 499811 502681 292449 292021 386697 248593 496758 281810 
757092 829381 991329 801695 715324 773577 786470 796923 758368 973692 ,991329 801695 715324 773577 796923 973692 474443 886397 558852 37002 
115029 115939 468223 61545 239622 309937 136321 240835 468315 895906 ,136321 937897 678261 212909 574932 948950 547234 532147 777189 539927 
91707 205497 269775 890377 883181 16979 955483 941816 947807 669023 ,205497 883181 955483 901633 830722 503108 617892 836813 890850 273664 
116618 114601 115211 115643 896238 237678 437161 515160 70831 297868 ,896238 163024 695484 859762 665882 711898 541714 976942 518616 358250 
475890 20389 407500 736188 83958 118604 139568 128656 138286 556304 ,83958 118604 139568 138286 556304 462877 732544 523266 128439 207766 
399156 71243 402405 802142 935238 955100 523689 34076 629159 496537 ,935238 523689 937391 120746 784135 17440 632058 173349 338506 324875 
15009 372281 580543 280066 15256 110405 140030 777595 72398 841233 ,580543 15256 140030 72398 170078 59994 964749 522042 777824 396925 
517620 439121 637961 671641 432610 474634 511553 753345 124594 573549 ,753345 124594 467414 497766 13120 228560 80078 550358 496721 723083 
360955 535606 563547 202560 266838 349177 99801 933283 734545 32458 ,734545 161713 21694 907397 689120 194859 226523 72786 63348 533010 
398871 399064 402669 403181 402448 417898 189343 893116 655577 654762 ,207963 655590 667650 667700 655278 477233 960481 448321 742140 102622 
6124 6804 655162 768142 543487 768033 543444 768100 768076 567938 ,6124 655162 768142 543487 768033 543444 638187 862388 953091 981353 
602201 374556 374312 419716 873859 460279 925290 459703 978324 478898 ,602201 374312 978324 478898 893298 44427 10556 277983 407904 104209 
73406 627562 537732 75347 860517 37242 255831 860531 925440 985886 ,255831 277468 771745 345673 734055 758205 249267 122899 985601 16245 
499445 493508 65752 517557 453600 507923 260849 507721 297952 58327 ,499445 517557 453600 507721 297952 51116 300783 520901 45831 379150 
453655 872560 461644 454344 459921 460628 201631 663494 575279 663830 ,461644 454344 459921 460628 255988 930929 628996 750158 18794 400102 
97078 344234 550068 340858 319346 484590 847827 566622 338454 721227 ,550068 340858 566622 960803 219148 599342 960678 281971 483303 264558 
708832 576392 32400 516159 408579 140284 202061 109252 484009 322306 ,106016 785884 307612 282608 699861 392083 710851 781001 90133 62177 
190271 405640 470408 86188 574996 88691 256424 184197 119401 553386 ,574996 256424 233221 489825 345777 75711 121226 479994 199687 630755 
143165 554322 954634 516984 284187 20062 457845 983308 987909 955188 ,205602 596892 226925 480333 894451 710045 854254 610709 267470 330046 
845120 547308 503630 547209 504764 504185 547292 81921 596303 547468 ,547308 503630 504764 547292 547468 157224 225152 90794 739605 121276 
326387 323049 322952 531054 888097 887263 203880 419358 76437 386223 ,326387 322952 148939 267820 703249 73425 855799 285794 152032 435653 
236083 114941 512851 492577 574323 588208 492214 831137 582749 804277 ,582749 840316 259423 915332 665055 249038 876769 876827 885010 942409 
341427 341614 226519 145533 259999 14263 886242 456473 259095 14130 ,926695 106612 539737 964670 657175 16024 210435 210486 630650 14924 
749682 136795 634110 515253 189908 465357 197112 275928 497570 725978 ,515253 465357 762417 985229 116582 161866 596163 978061 889716 613891 
911934 424205 912596 642126 911862 907004 641749 986325 906897 642304 ,911934 424205 912596 642126 911862 907004 906897 642304 642602 641801 
353711 193003 271819 323833 389414 775983 192982 739350 324615 879343 ,879343 694480 608025 180390 319713 695391 405774 449182 122109 451281 
463453 450192 451007 725922 406468 397857 408824 600266 541010 72068 ,463453 600266 541010 46951 93680 755011 993775 515145 312813 656473 
280921 313283 439621 550909 934043 574960 515677 21698 500403 130289 ,209889 481081 945387 678497 415222 185747 973580 362796 753923 73 
230283 714326 297040 351859 624361 621149 804788 344031 308753 74212 ,714326 849472 601538 80505 501266 360422 720205 342145 60621 194051 
292502 247858 755526 247396 278872 292364 292543 292752 247415 246545 ,249000 305235 306397 215686 910843 246555 776381 246523 746047 570088 
509607 435884 251763 933684 212092 199102 277918 212900 839483 773547 ,773547 510224 713250 858074 672282 858563 998345 542161 852209 191600 
743384 982309 743771 415754 415800 416081 793354 909116 409457 978544 ,743771 968874 43344 897461 879182 711872 572283 12176 628747 409565 
190778 283285 560562 410192 190773 190839 327812 346766 298630 168099 ,168099 986890 230612 387796 284369 651284 590731 508368 231797 711295 
16949 18182 313757 823936 901349 755401 37450 44889 343001 250823 ,16949 313757 755401 44889 343001 965327 773459 99092 607632 543306 
567731 72334 567733 567744 248293 188421 708731 708719 571704 114626 ,567744 248293 708731 708719 719337 135028 134358 199904 336777 487700 
860032 859728 209579 662928 830442 919756 919733 540567 662979 540593 ,830442 81729 619460 920566 209887 514663 640030 859208 911008 376306 
496378 494371 565576 493475 436199 434816 706049 545599 621749 623571 ,494371 565576 493475 436199 706049 683835 397269 962819 397138 377758 
170330 185492 678763 661409 706571 173094 839 171128 267940 620042 ,170330 839 171128 551372 598240 598680 864829 798498 636657 631659 
711363 200886 712164 351727 926760 712193 539983 807244 712993 755326 ,711363 712164 539983 807244 712993 969861 958187 814673 129151 154029 
619877 122482 636819 353848 773835 789454 839538 398237 742515 480960 ,636819 353848 773835 356107 313306 181647 308244 112264 298663 390399 
234394 330905 97551 916422 233922 942862 606940 482167 308122 909429 ,234394 916422 233922 942862 343403 412955 465013 6608 304864 504780 
15900 15224 718886 554920 14932 718510 555028 667851 656422 13322 ,15900 554920 667851 41470 430036 842083 834728 719282 858077 484115 
502157 389697 34009 532466 233428 175566 780288 59541 671641 503391 ,233428 59541 510555 131735 168883 448471 536466 551806 179595 427795 
265576 576654 576119 203493 267771 792102 138958 202015 266293 956329 ,832766 454525 879839 266815 229922 204300 486528 210389 419764 400685 
396998 400708 397015 396970 60058 509853 125634 200021 890503 71274 ,396998 509853 125634 80910 963445 235513 16058 616782 234308 965444 
159658 797615 156581 312321 61508 469264 14072 867220 367965 187449 ,367965 580620 798759 997962 731735 797160 798113 731085 576508 942448 
402168 906502 424583 397798 214117 616114 401397 914540 766787 536779 ,402168 424583 397798 616114 766787 418894 677519 906076 211151 656449 
495720 451967 659496 308151 829853 936340 118437 169344 854453 539188 ,659496 936340 118437 169344 177268 267112 202834 496459 533183 303779 
519693 520321 520664 724302 519798 427758 954382 744465 632982 339632 ,519693 520321 724302 519798 954382 632982 264917 200639 466800 201051 
642378 640701 641362 641899 609496 643005 640671 641397 143121 958237 ,640701 641362 609496 643005 640671 143121 958237 51421 673656 640720 
831132 782199 300162 20976 773373 942660 834052 412427 767708 538966 ,782199 20976 942660 767708 202072 661226 450075 789018 831393 767094 
400491 943252 631529 455776 811398 681991 943884 265793 437286 370503 ,400491 455776 811398 265793 437286 748028 944275 223539 142727 973745 
76346 57879 966231 886978 967155 304393 327113 110696 419249 944099 ,362839 91827 938211 194453 273269 554511 629507 597617 69463 120335 
486759 506376 505733 512855 512225 244671 409786 409665 245499 162525 ,486759 505733 512855 244671 245499 271201 70408 232861 229183 370937 
566992 145532 791163 821396 9022 175767 352751 21723 729355 329269 ,145532 175767 965949 21482 892942 695561 437844 818746 323829 379534 
768255 650027 655602 653959 772086 653089 649749 647423 649190 650599 ,768255 650027 655602 772086 649749 649190 648159 647598 653640 651512 
20523 11824 192499 271315 658603 568228 700946 687770 718534 698717 ,20523 11824 698717 822987 371021 719747 325165 339646 131483 631078 
844212 539737 209842 869713 725447 497472 391453 404132 628248 223928 ,209842 725447 497472 628248 274018 705503 224810 564191 224881 869142 
678335 118203 566791 467437 558977 679411 581124 23852 156890 413775 ,678335 118203 467437 679411 413775 29609 550439 567113 822429 425470 
165224 918143 723285 573567 153571 551752 573125 966547 174971 152586 ,165224 918143 573567 152586 945606 714197 457701 603029 745497 475842 
232868 235955 227294 227213 227324 908919 636581 17182 278049 585319 ,908919 636581 278049 197953 419229 169325 780926 691389 169093 149354 
152804 616290 843965 667939 198913 277729 77848 154158 492490 301382 ,843965 154158 419715 170180 307988 779962 742523 480029 62549 153452 
526996 277713 87751 709767 89890 89670 422678 268626 189911 30833 ,189911 343134 87316 68373 43843 822857 89974 175612 631909 170390 
47635 668198 775114 939893 667847 773773 859072 50345 50343 667997 ,565959 129602 583068 668409 846195 270084 989754 551027 643087 962808 
732187 26292 947127 940791 996022 885792 828867 410466 188028 38160 ,885792 839381 640864 996848 411013 409799 520695 641918 891492 38558 
397335 397324 400812 143422 558665 858836 558661 11901 12201 297670 ,297670 779765 861655 400886 753970 754983 397656 908686 96827 894819 
52854 606022 538546 386528 981851 56636 982068 378852 39438 207223 ,47908 378668 682792 443253 106080 165926 412555 129373 892324 572283 
899733 413004 477129 478428 476366 476377 53706 538430 477041 768068 ,478641 666743 666768 768516 447999 823532 207910 447663 39404 952858 
96980 886914 839442 97636 406048 231791 826239 58882 231778 488726 ,886914 839442 391061 667851 839457 862369 911030 834728 678083 98870 
959 1361 938979 733008 322639 426724 427569 299659 736452 742284 ,427569 736452 742284 678242 978125 305398 620261 521347 788063 162927 
751655 649221 841110 650303 61427 305217 46811 771714 821601 989991 ,649221 305217 821601 657722 950909 905104 321832 228428 91591 321680 
105561 543166 105461 791363 122474 105502 122863 202354 266632 205021 ,105561 105461 122474 105502 122863 205021 872913 375623 109492 482328 
400983 402180 399598 708322 477757 810045 615938 845078 188383 887433 ,6569 56848 376320 737736 57303 44657 744458 678683 479074 813732 
944835 183732 182996 692708 59952 844641 170930 75598 935627 166280 ,581198 807737 888231 31627 578875 455855 519556 805961 597928 983382 
338272 385446 128656 220778 208007 417844 287413 511571 729740 388169 ,691422 803510 933346 933365 835358 957335 736003 725771 217681 920494 
950806 950343 143224 125017 876130 953165 485051 123880 268295 269931 ,876130 953165 123880 842286 971849 471190 123649 930444 366192 549560 
800956 879690 800654 883234 480182 58117 416490 883744 668140 68328 ,800956 868507 780051 736462 561827 566029 484116 777502 258418 929890 
600407 220971 706771 571575 436166 571593 687645 304289 991888 221166 ,600407 950455 753407 94737 844154 326634 628330 324399 916699 59633 
755954 471137 868270 739863 572346 614388 611733 622269 360807 865966 ,471137 614388 622269 47693 664139 619882 623612 912750 897431 611595 
592736 497260 59299 488007 702733 992992 591243 341535 630347 482684 ,992992 293966 597776 294536 734287 150626 88480 357456 525427 242020 
347648 997936 782365 283041 799739 927866 999393 50518 927703 281659 ,347648 799739 50518 160965 778883 905156 905101 188056 318527 107277 
878443 358152 396792 73715 651819 967534 354412 75541 598590 798766 ,878443 358152 73715 967534 354412 75541 944808 708403 393772 877997 
321630 88916 931830 140444 481812 760270 20273 193454 272270 524702 ,30344 92854 588919 124387 774075 156308 449618 84855 122913 391015 
896332 734249 719041 830027 651655 831338 554985 953264 654400 959761 ,651655 222253 830675 118603 761637 344206 261800 473122 958747 675064 
842207 254620 933042 393675 882926 993259 964340 394233 833312 542272 ,63525 858889 223825 15056 341666 864245 940908 423641 598694 862370 
845369 979413 354843 501042 323960 2010 159703 465133 634133 146531 ,603140 809290 406004 165714 771971 754258 421976 271204 942721 629528 
951781 945306 952924 513031 777990 485417 865189 933920 515646 951438 ,777990 933920 859135 653732 964887 91961 842421 843837 853070 13456 
766618 569876 569665 661225 205963 806504 719559 224469 114322 117614 ,806504 480750 729538 811717 712226 868174 266905 155267 433258 912853 
247511 492367 790690 82922 780174 295539 456204 701090 700891 7997 ,790690 82922 780174 701090 700891 7997 415531 366756 246496 246750 
234016 218788 607730 986945 47362 216548 877113 197669 276485 833144 ,986945 216548 276485 197669 833144 546575 753211 595992 877342 792640 
219166 112847 219149 630175 219372 19397 972948 186039 169051 706227 ,219166 219149 630175 562675 219141 7641 523456 193690 272506 430549 
943324 949511 89596 691139 691824 844627 682980 966597 682463 929813 ,943324 89596 691139 966597 506108 704827 60303 6165 865663 968138 
981141 204880 532703 168567 631792 388348 275861 294144 771265 412187 ,631792 412187 135621 278372 622895 73599 918020 116110 64847 179142 
703455 310337 158220 306509 278635 685683 211820 279918 292022 364200 ,364200 306185 292007 80321 237682 664168 659755 241063 738649 637230 
352261 81230 322907 392306 859963 392324 322463 322588 526815 153676 ,81230 392324 322463 322588 62960 242962 720410 823278 393099 32173 
853594 887726 849070 830097 797559 190563 886686 196294 275110 990568 ,190563 564946 904869 845685 854940 940855 210228 990298 938709 832963 
326970 847844 679003 902 192292 244910 340952 290550 699890 847652 ,326970 902 244910 847652 972790 679184 901718 430233 96310 950658 
788671 645542 14766 788576 284835 645426 161010 148271 397022 439182 ,788576 284835 397022 143634 835010 397079 449305 923826 450324 396994 
83143 790016 195057 273873 520660 61141 198598 298719 79124 524089 ,298719 925339 298121 61610 396982 744071 713060 83373 883884 266501 
653917 60988 450327 982703 684985 805217 569342 637404 58725 31103 ,60988 569342 31103 569310 31473 293028 306868 337584 348830 687101 
566915 910933 88190 567110 616341 239179 283734 404139 472403 822279 ,567110 88036 784938 88956 508033 601582 826125 911070 293202 467024 
553955 553809 260474 412933 55838 199781 278597 111232 408559 930868 ,622942 425578 299649 819376 232104 779484 753857 114491 39416 313901 
133523 996905 483293 668716 41788 880315 10451 853784 833138 885821 ,133523 668716 880315 853784 833138 885821 962644 858929 430636 106305 
227421 481743 998875 961072 236913 231798 564958 240801 564517 691005 ,481743 961072 236913 240801 564517 236941 159839 919434 573940 13655 
317287 48404 253019 67059 80919 252435 780253 326202 405513 123448 ,48404 253019 67059 326202 123448 327737 273821 48357 48121 268641 
647758 831370 663184 398553 857552 401022 399697 954012 841679 25520 ,398553 954012 177364 846951 398393 177566 954152 401617 398212 503054 
810934 623028 937767 919698 938079 111590 987429 127850 186030 960698 ,810934 937767 919698 960698 180594 576139 326793 228880 228763 141121 
945411 943263 948769 942292 942417 60099 949559 220148 545794 533424 ,948769 942292 949559 220148 545794 45281 978656 460732 876802 131240 
181701 505859 990306 181871 420533 508755 841528 284241 941144 140277 ,140277 990016 284328 181647 668456 351918 960747 740516 669878 140572 
455459 32792 133553 153452 523926 21444 397020 91773 384381 523239 ,21444 397020 523239 522541 976993 393187 493755 404110 396954 798265 
112437 131005 401974 112875 304412 605806 565760 143372 562246 186096 ,220048 123293 562247 198963 660804 800405 584180 561938 877337 899737 
7237 626572 716064 536562 381601 172684 237441 949157 383164 462136 ,7237 626572 716064 536562 172684 949157 462136 65966 146598 320913 
758005 705035 490613 638287 727565 845906 314514 638464 493148 703961 ,727565 703961 674744 766818 604373 606267 683314 178398 195241 675121 
204021 268299 491989 486622 239460 486886 505029 664577 850075 490388 ,491989 486886 490388 507602 338405 204593 268871 895200 893451 406557 
147117 148388 362633 136189 92025 57299 716464 371785 802090 913248 ,147117 148388 362633 136189 92025 716464 802090 913248 53606 693740 
19149 935803 454222 596770 752115 12965 167750 608874 86257 934874 ,103066 690350 578986 250154 860437 871495 842427 170977 76794 914703 
290729 383119 629064 709064 866373 900103 951195 962283 623777 461302 ,629064 951195 962283 623777 9984 790278 208635 9831 454335 417436 
491092 953199 110427 111710 787638 599658 464769 516620 130484 246982 ,246982 525230 517082 305228 426507 379020 323722 983010 350382 351174 
6834 6316 6612 768167 672413 768289 672523 830147 673996 830132 ,6376 447421 447559 446962 446727 447770 768014 673267 758954 648481 
950517 944218 950847 944713 504780 256630 233076 463035 233010 256739 ,950847 504780 256630 256739 609962 698567 709733 558839 679004 227658 
374781 777790 765761 374552 374089 374281 374303 948373 149199 907010 ,374089 374281 777569 869505 861539 374122 552801 374873 375697 766358 
797752 308460 944333 17607 770646 577326 574923 353016 314351 770378 ,724758 194139 560741 512559 452942 70832 748499 664691 336996 884893 
931635 10007 877134 879720 223550 868185 871592 882936 885686 969832 ,416872 219494 931416 895103 543174 879955 482031 564077 879713 868103 
878751 302924 776435 62640 188538 188540 412550 412490 914806 896338 ,412550 154989 798308 295801 302115 275284 275422 156853 691836 701905 
705908 341075 629193 658142 441472 998027 595068 745861 22181 188756 ,341075 658142 441472 998027 22181 188756 4717 136960 254245 302282 
116282 112460 40892 899570 599461 41564 893530 816757 539587 539627 ,816757 656472 599359 131557 569454 601314 655134 446456 656592 131699 
992978 6405 782307 606380 52188 869634 576180 781821 569962 725944 ,251521 447150 304041 433057 976555 58374 304536 621026 864361 231183 
5390 5669 686362 7346 376423 7758 53298 997979 5242 54581 ,876631 475902 411767 50703 711756 560572 778857 801854 38995 807696 
224465 225139 173092 439304 704790 928010 176356 954663 500503 437178 ,224465 704790 706305 704140 108525 60909 205101 314940 270568 844097 
708298 585362 243256 272193 39970 886551 918655 310183 917421 917743 ,708298 918655 917421 917234 348295 325089 723042 619230 317031 505290 
459508 174928 153057 261469 152149 174770 175482 175688 188960 452002 ,612856 728156 724478 509502 396638 389932 106581 174990 483947 832467 
511984 405541 992071 894281 253435 636472 569374 774780 669387 984870 ,405541 992071 894281 253435 774780 669387 711100 298166 846541 737158 
16727 796592 979518 337676 988737 543494 458534 801207 486042 707460 ,979518 988737 543494 458534 801207 486042 484834 403676 215202 578035 
281822 244593 753382 177330 184901 280517 351425 748148 448737 281165 ,753382 184901 748148 448737 928310 807075 367174 806887 602301 410414 
21402 66521 524004 244646 20263 19826 799561 368250 366323 497847 ,293183 846974 117956 400718 282613 851690 714061 280900 487523 757437 
407222 316503 613096 901774 380318 1093 74592 695802 337 99116 ,316503 613096 380318 1093 337 580132 226372 854539 328866 106779 
558675 427895 84631 427958 687729 85036 558762 463884 410983 764387 ,427895 521116 378749 914277 407425 931344 468661 526301 994159 913869 
562019 661622 481118 862825 481267 482425 105715 406343 540476 426445 ,278594 199778 106466 886358 268924 406401 561337 634890 272358 359237 
115752 116636 466940 795912 906689 797048 242604 242288 145134 438501 ,115752 116636 242288 145134 25043 416635 735842 174890 735679 159153 
706314 707876 704919 852636 851978 704496 396744 762741 367975 394860 ,605959 117583 316558 118276 836940 651811 339429 833495 581154 342501 
716123 63623 250975 253945 19275 229540 956038 37481 852715 853049 ,63623 956038 853049 114839 767739 37203 239453 63845 583199 116073 
144024 527449 258110 453723 11349 722834 680438 980757 331244 454254 ,527449 258110 11349 995281 284065 51414 990085 11614 124558 574166 
400346 403522 653282 800523 795762 646443 762328 785092 910466 7672 ,785092 553887 775964 473483 583849 577573 841696 762127 369352 735905 
853181 539037 854047 919780 706975 971115 405877 104612 541956 670899 ,539037 854047 971115 104612 541956 490786 207099 668362 191325 795714 
235078 375002 870408 117360 904499 666424 396816 819280 369928 539855 ,235078 904499 396816 877566 972899 539779 771746 838595 660126 236069 
114938 114567 115713 102112 603821 578615 910335 617680 42071 777625 ,114938 114567 115713 578615 42071 777625 65695 616981 784332 24388 
704428 705334 482031 211407 802329 622610 573618 726918 435511 67522 ,573618 726918 435511 483257 416872 214526 842255 628259 690379 170655 
161741 602674 301544 919235 528562 133828 104854 105016 136844 946670 ,161741 602674 301544 136844 138209 257029 673899 601040 523721 279429 
855394 45563 912491 790196 936033 216896 45135 65562 129983 116119 ,855394 45563 790196 936033 216896 65562 116119 11818 154788 448898 
96764 254943 490251 492131 363082 875449 395091 61365 521553 870263 ,254943 492131 363082 716646 659140 716694 118963 526749 105571 79723 
302717 393809 724333 140741 420485 607483 543819 393029 169634 301804 ,302717 724333 420485 607483 682866 321897 392372 392473 153969 883333 
489535 488586 492821 69103 518666 168505 168637 834505 340636 631922 ,518666 340636 604441 861330 713791 794896 339903 846054 518757 615774 
993605 85297 311720 125730 84158 397355 16113 700094 798696 16279 ,798696 16279 563743 15354 563872 487580 517305 554594 133550 86717 
662610 662619 973142 523318 544189 645162 160 94618 191257 68534 ,662619 645162 160 191257 702934 646409 600783 650303 60775 810090 
840149 840652 351117 840090 242769 835983 169996 993653 554060 554119 ,865676 179003 583194 236502 945562 985116 549865 711945 273298 283770 
407602 705933 46722 91161 188602 171241 869481 807751 38039 46896 ,46722 38039 807792 39103 152986 807500 572339 49129 163445 412531 
978035 751221 110823 2538 997540 928010 298341 15843 844600 514007 ,751221 752251 752429 861977 628934 392097 682290 729538 185354 165294 
206261 270539 716165 238439 877129 492076 931416 844637 619067 258553 ,844637 204685 60051 15025 983996 195243 563985 885926 768705 3886 
762804 834980 955316 281150 15762 844350 668192 622419 335479 16373 ,762696 621714 631481 763320 317510 75417 716268 236216 704168 65387 
514898 827221 827070 828368 960982 961381 203497 267775 918337 742489 ,12853 629494 637138 243025 12766 925252 375923 562359 903337 782002 
100146 244255 882757 653166 922379 922918 978030 264423 535185 99993 ,244255 376666 535900 260574 880903 473125 534356 666255 595670 927869 
452620 459136 762010 948988 486775 700265 762031 719747 227784 220878 ,452620 707510 96630 469556 94956 458521 51363 690000 155976 322627 
367142 210767 280406 188824 816570 421063 9473 131548 617578 563418 ,367142 280406 188824 816570 421063 9473 131548 617578 468187 293307 
667968 987828 195955 274771 670288 989325 987417 842641 667786 207560 ,667968 987828 195955 274771 989325 987417 667786 431108 130960 685873 
79704 452485 452228 497264 342432 293129 116644 305460 261490 271675 ,293129 305460 336659 526245 351049 327261 498754 321513 364847 354926 
578312 242400 764712 212594 290981 741170 794290 942532 514991 119631 ,242400 764712 290981 794290 942532 119631 701612 752918 159911 753139 
4162 193836 272652 862145 513866 194789 273605 225566 402172 276137 ,4162 193836 272652 862145 273605 194789 276137 130728 491295 869516 
956861 923585 430759 156821 430668 977119 448642 355480 957426 259956 ,448642 719607 514200 431103 719542 166184 682509 433745 104880 21294 
904488 623265 793990 781397 370851 794663 625842 446443 135824 846673 ,793990 781397 625842 846673 982283 888402 957667 402808 373784 670488 
667868 51639 670899 561089 667918 545670 71378 766501 239392 667747 ,51639 670899 561089 667918 441474 668025 102317 614888 549552 539980 
910576 748871 505213 260193 116471 92477 396826 24345 499909 242980 ,116471 9595 633712 487325 126731 647537 708844 426423 203192 996891 
608069 335193 712302 508106 174891 174715 438742 122092 89843 526229 ,608069 89843 526229 526535 188767 250237 458462 152270 76172 16483 
819780 868698 702992 192663 271479 839078 61224 14975 13184 839602 ,62718 886630 268624 301089 827361 543174 865654 679351 299113 13704 
484487 484115 921093 746391 840393 667827 58419 667789 52848 449598 ,880211 996787 920854 376200 223496 800653 904673 54161 548895 669808 
99306 181635 463936 224236 36957 290324 81167 182020 620003 724089 ,99306 181635 224236 81167 438154 689489 766105 99434 764758 372255 
521980 861931 59826 414174 59081 184840 477636 156943 58838 827037 ,156943 421269 158620 477821 898166 678778 605364 271904 678909 578949 
705359 199870 763552 685937 581488 629021 533214 753955 200033 264311 ,264311 297393 618951 17909 473918 74629 859496 994645 516596 726789 
943278 942810 948325 213741 213592 683728 789225 60099 659831 364734 ,948325 60790 866952 130185 959326 330494 238181 237696 545646 681083 
256342 828078 950027 357733 256412 604408 406412 358409 609539 604125 ,322758 6004 982597 406307 470347 470078 765122 946276 188753 851682 
108834 880177 152712 521869 947274 521890 110520 940907 102543 901447 ,880177 521869 940907 870961 861833 103218 512566 845865 940618 206595 
332935 984791 936093 404346 615830 3593 632605 480372 202865 393655 ,751839 498145 179834 727361 485597 129935 19874 930733 20272 60729 
781982 729199 124123 392033 123146 883941 741677 151842 741045 738729 ,729199 124123 392033 123146 883941 151842 741045 738729 779727 550917 
8851 174633 548497 439325 8549 534570 242288 925821 151352 30791 ,174633 242288 346506 343483 174667 242604 466756 491321 44338 534709 
92027 941771 923003 63592 810945 76521 261647 125169 987685 914189 ,261647 105129 703083 515328 60765 126122 77402 809028 524685 141356 
649909 648859 653151 648103 648538 648620 814805 647266 653545 653640 ,648859 648103 648538 648620 814805 647266 653545 653640 648823 675085 
33867 525288 841031 31028 97061 526083 974394 273573 153386 694677 ,525288 31028 526083 353152 324746 174242 574416 438228 73054 183954 
80761 151192 524967 633908 95342 348341 494856 210722 566296 471371 ,524967 348341 5086 719508 818253 818022 790758 822316 929446 389820 
963987 679222 810802 728853 794102 188725 273146 560968 551153 432355 ,794102 15183 400661 396988 400788 299790 462773 721232 836973 929988 
143932 191828 522905 124868 16652 705941 146491 34988 587744 191739 ,143932 124868 146491 34988 191739 915494 425933 159842 293633 182334 
868637 732822 942692 732877 730553 73921 864338 946039 568790 41409 ,942692 864338 560966 949829 72667 864838 730888 136409 760916 73945 
390193 391741 470323 561121 534173 117128 178149 708310 381124 407564 ,470323 534173 381124 19318 126856 442314 385368 209239 391757 474579 
533190 709338 246935 443707 131589 351781 908318 249097 278747 431441 ,131589 351781 212521 337802 254844 246569 132877 431842 338202 934354 
463033 462275 455878 456581 61708 698343 681669 617041 61433 230804 ,455878 617041 230804 75390 260933 520650 230650 961269 359696 696375 
807714 642062 73061 910669 900912 253067 808513 526166 114829 134680 ,807714 642062 73061 900912 114829 134680 476815 760649 912460 126237 
816385 628091 279215 816477 964707 469275 690070 609916 964730 818650 ,816385 279215 816477 469275 609916 567740 821921 170025 469122 850226 
169035 169314 798565 260010 168863 680182 396681 14409 393490 287390 ,369150 33879 841905 267607 128216 875435 690688 519988 841400 563688 
529085 439563 293365 295555 611206 718289 524222 171031 21746 115570 ,529085 293365 430448 681831 489326 389722 58644 176413 469434 681950 
525629 927814 106928 429429 278915 430830 834484 485895 176633 965017 ,106928 176633 636125 432376 822706 822882 30892 732371 118369 305034 
531650 95074 306604 519552 900809 807083 510742 503628 188548 883043 ,95074 510742 883043 83460 75792 125901 864437 904677 921884 148352 
970925 211674 962379 226546 586281 900228 18582 970969 801034 884085 ,970925 900228 801034 21913 647082 130906 547462 35671 645327 370309 
690379 908121 844788 844314 867139 13585 517928 690516 749071 539695 ,844314 517928 539695 154917 724196 222713 906813 61197 202725 934279 
917520 703277 33445 909280 238165 533001 932201 215347 575568 819681 ,223487 91630 874753 833466 629352 15851 390875 932665 947166 172298 
724972 834561 522010 77681 92026 833101 84883 521883 97040 821941 ,833101 821941 390047 169971 124500 110953 808128 555513 740619 157846 
939264 237735 173883 202779 267057 620639 955535 122998 89045 32580 ,939264 267057 32580 63610 936277 952575 946431 971272 731685 921153 
236400 241360 491823 238403 120472 310811 309324 574336 314507 338551 ,236400 241360 491823 238403 120472 310811 309324 574336 314507 338551 
89345 63073 802688 9872 941988 64979 932918 9684 732820 732860 ,63073 64979 12853 94032 732678 587910 300585 236220 99176 491397 
105910 280435 285770 290385 246585 663400 486303 108059 497353 291973 ,105910 280435 290385 663400 108059 497353 293254 77741 298440 458259 
204000 138828 73193 954492 622541 751643 619471 623764 751694 237836 ,355019 133842 161179 251091 600105 148990 598813 326870 224651 89244 
951446 673690 951758 966195 359400 369219 966604 835562 395973 974337 ,966604 611511 320520 978856 85039 699556 424401 703335 504698 424778 
403605 59458 685983 337971 601854 171685 133401 363676 399961 691025 ,237168 132177 456197 515036 730346 62574 396249 515857 950918 161769 
427437 835244 736841 923902 889298 544722 717050 742829 834460 732489 ,835244 544722 717050 903579 256896 179025 682790 491742 544551 741344 
965519 892680 799925 960655 516168 960651 987139 380617 19141 969108 ,965519 892680 799925 713598 778377 973654 247228 799622 379995 246953 
282408 24964 528162 25841 103352 594865 283040 595125 615538 792095 ,282408 528162 283040 595125 615538 792095 608857 727293 24993 237446 
281172 943551 30569 726363 976869 282869 526960 414035 599608 523568 ,943551 30569 526960 599608 523568 235340 132163 126078 439409 562896 
154808 460729 612336 239672 200822 265100 154825 65283 531678 16598 ,154808 154825 65283 531678 16598 203029 267307 684695 308555 181612 
345639 782967 984024 223922 916768 484496 998445 202906 267184 688309 ,485396 100608 916027 225963 193319 272135 498202 105536 297097 13716 
354586 246693 246584 186221 497422 54187 459174 497077 254124 232407 ,54187 497077 102648 50504 255862 594998 82226 364616 459125 364468 
717079 672354 655151 674886 445046 607142 672347 999121 655395 649059 ,672347 443834 776962 674855 653885 654183 867689 571711 653403 653966 
598225 508658 890446 942028 412636 985283 99440 502375 507620 297276 ,99440 502375 110613 743330 297488 522073 527130 634508 400450 742801 
27238 396325 959182 447195 792534 920327 159728 720418 465626 874174 ,849554 887230 699578 658753 950403 181399 729199 160828 660577 662903 
360261 336580 470268 333851 774528 457716 924680 41823 335856 210302 ,333851 457716 210302 233863 63758 295744 966992 532418 184997 18721 
163229 410755 818745 789818 158503 169326 219549 182288 950009 370827 ,410755 789818 950009 873996 329561 776512 912480 327311 773760 108225 
281589 68248 439365 377921 101053 778821 240232 285192 712938 465617 ,636070 735186 19236 988405 404152 839783 708221 636280 71136 690640 
928767 487049 43810 349465 842129 598382 416329 454019 238308 257067 ,43810 547672 162687 121957 803136 402872 20834 135791 822272 529802 
840579 93760 841149 691638 686618 506875 15304 597916 432781 550366 ,488465 874353 393719 978617 988877 919461 69863 60975 465893 533285 
487413 723373 151520 262476 105109 723506 122243 106767 663351 699300 ,723373 262476 105109 723506 106767 658888 153497 350516 531472 321695 
7491 844554 156627 515010 981510 206386 270664 515359 513537 202990 ,7491 156627 515010 206386 918795 918798 426369 317428 681796 904711 
708891 986932 849917 684458 468043 744324 321919 448495 263623 833754 ,744324 448495 263623 833517 599079 21902 669235 699526 806105 567649 
205968 597478 513409 900373 986553 583555 41976 182402 58538 901711 ,205968 900373 986553 583555 41976 182402 58538 344015 138562 596396 
305805 726343 407425 689681 689367 307348 339144 566057 688837 836164 ,490503 990471 526599 685035 207189 38729 527713 628216 681951 477569 
187107 823146 991094 809360 373538 423901 909702 690916 408315 792687 ,373538 902283 84060 611175 790172 106769 849183 760748 127878 915085 
717722 890619 717717 890229 663612 146567 663227 232407 663130 254553 ,890619 717717 890229 663227 232407 102622 232609 339063 228263 274769 
850118 850148 98800 157489 513733 970841 42575 411316 440607 641119 ,850118 850148 98800 157489 513733 42575 945101 778136 424956 898132 
956227 483228 762245 518036 454693 940134 204044 268322 64909 367745 ,483228 204044 268322 64909 21594 689290 179811 887635 866015 689369 
607954 863137 607741 942417 638830 66564 866071 678313 128818 451467 ,638830 535188 535040 638291 783016 601413 429569 429658 783259 631686 
563799 513351 490170 34851 74084 970183 15972 831568 499933 691500 ,988526 68688 425250 125848 296022 250505 90618 69485 898586 308198 
848500 969580 721490 837282 987275 248211 911031 907883 857501 201323 ,848500 837282 248211 911031 907883 857501 850006 376411 620801 416366 
728633 841680 120882 118279 790656 144453 131064 729520 769247 439866 ,120882 118279 642686 840965 627185 965751 336492 131095 259808 261134 
495082 968434 424848 586047 79269 424333 262138 602586 585970 321426 ,968434 424848 79269 424333 262138 602586 585970 321426 423989 723744 
389803 480728 89135 596635 471372 815040 348803 510312 815627 348831 ,471372 815627 987008 402446 471369 529344 170025 125195 987032 780251 
662407 359513 358436 518831 519455 228303 441290 441357 526150 527187 ,662407 358436 518831 441290 441357 339386 987801 292194 212453 459003 
957040 538252 508084 52338 476153 53535 479803 478337 39823 53643 ,476153 823727 53516 476899 701452 265893 753978 11252 267019 885616 
187754 951859 72333 780250 780242 635111 470730 401896 693961 689812 ,72333 693961 747009 469841 542895 780084 944647 352685 413618 825003 
539242 781599 513470 691952 936234 199360 278176 659903 539247 223709 ,539242 691952 659903 223709 921022 659496 267783 203505 983061 197538 
285048 999006 392168 466073 885746 919301 242153 484524 397132 232518 ,969367 441281 501087 845685 936527 919831 625845 843563 326713 514017 
995156 995082 996223 995826 397547 996796 995267 401687 773915 838074 ,946456 942409 885010 666849 876821 590565 443684 808503 876827 248626 
767382 660455 397975 616022 930927 208138 759796 942455 685687 157193 ,660455 397975 616022 457034 895371 56098 284791 754560 585785 659568 
92497 581873 93749 628562 489536 659818 660550 307231 301721 403600 ,628562 659818 307231 659580 628624 748812 854305 739614 75923 606581 
646611 649216 653459 653623 647716 653215 646683 654841 444008 647850 ,653215 653392 651523 647492 653103 825514 617317 648694 649887 25670 
360932 520741 487504 350537 363905 369402 336810 500537 151870 67338 ,520741 363905 369402 500537 151870 246727 66100 824171 261615 926910 
89259 529245 780780 528890 235893 665706 177715 84526 883612 431506 ,883612 431506 727971 107066 365308 83348 430885 431238 780335 548418 
677240 610572 427342 132407 414015 424230 994671 600793 786176 676186 ,424230 994671 786176 776569 831337 675777 785953 733605 674336 994302 
397817 401420 200893 274648 617570 200964 265242 201390 265668 222455 ,397817 401420 274648 222455 640891 617346 221442 563872 384992 397572 
583271 201111 265389 201818 17336 581687 942333 200712 264990 408441 ,583271 581687 942333 408441 172695 17488 381998 346842 889347 176128 
496619 505184 473560 130813 111882 340036 465191 126401 451353 172467 ,496619 505184 130813 465191 451353 172467 284264 244082 440381 557614 
887690 911031 833349 887521 915470 562750 228225 658380 658583 400915 ,911031 576234 397386 868744 564356 878543 483037 315985 376411 899982 
299318 530186 701209 684335 122580 724969 432051 321968 30318 912122 ,684335 264163 129850 58633 453634 780533 481577 308337 514408 825965 
802465 138493 262145 420368 785861 393209 110940 12331 367379 665641 ,785861 110940 12331 764713 456490 518803 979928 69383 157721 136681 
8356 7797 511325 806838 792323 349404 942656 863588 106024 407483 ,7797 742445 889940 500032 501537 275368 196552 830240 367422 892453 
464383 356129 617544 917117 946767 392940 65819 157553 9932 927822 ,230943 225741 124885 533089 134566 377557 486119 595165 600378 976993 
471622 632433 518921 338606 792972 516952 790074 898908 703492 472808 ,518921 703492 406620 800216 516925 710501 467025 365712 889220 937830 
40353 171604 112193 165124 843760 59960 174287 729594 184739 728756 ,174287 728756 595918 692847 193826 798186 272661 193845 919266 987394 
118541 254800 655549 71136 835606 766636 843768 834181 68858 183941 ,391361 62608 795269 630605 184966 958571 267673 164639 984007 915534 
393723 701992 885866 97070 806705 835437 352429 86520 169353 712827 ,86520 169353 710377 628471 710039 475175 411034 585495 698825 405465 
463800 504212 680562 571635 795888 597164 335907 91227 919934 778921 ,628897 587453 229455 926343 539033 244743 218605 1100 375619 395614 
583382 171806 175965 865887 164674 172172 819819 155552 960856 925703 ,583382 175965 865887 164674 819819 164766 717281 710711 723429 450527 
663446 758896 749444 900469 836240 595624 595328 391110 16382 605530 ,677846 705066 256664 293138 194371 877108 100481 975857 709504 40971 
933532 933811 523491 18774 185547 700504 416949 84014 941123 880323 ,523491 18774 700504 936152 933790 700359 632568 612176 448724 334314 
856731 64743 544537 725637 263778 965995 832801 722957 203839 268117 ,856731 203839 268117 268968 204690 279138 280633 16684 739278 965290 
393077 392691 70534 712063 784074 256118 951258 868780 753716 229597 ,392691 70534 784074 144888 754683 167153 734666 697197 61114 492888 
320467 630832 376813 630676 260097 850659 678347 166008 425515 437371 ,955863 199294 501236 124835 813510 907758 326136 714948 145640 874019 
500371 835926 836276 506770 404471 365330 324975 152704 72479 123978 ,835926 365330 324975 152704 123978 403333 678922 196542 75115 62199 
560888 11046 746391 563911 740662 426370 911346 793043 541954 544715 ,746391 740662 541954 544715 918825 264152 199874 919001 215777 881220 
773047 338987 8173 345226 340521 342759 689934 663782 103880 756321 ,338987 8173 663782 103880 292592 210754 202901 663565 811223 438148 
925156 941812 932843 948461 520365 109150 783196 550668 598187 930989 ,941812 109150 783196 84978 730925 506763 548069 269435 719176 438835 
182808 924066 685369 506822 491362 403870 662230 895229 518918 497610 ,685369 268316 181961 927940 622369 217753 958873 979531 776414 992704 
841086 439249 91937 390940 387013 705724 345779 391373 594020 71165 ,705724 71165 311935 62537 619145 633432 697225 133267 174013 316133 
22183 844165 2839 934022 452781 935307 987924 842260 227857 975785 ,452781 227857 975785 178030 633284 864289 561459 452842 873581 174853 
392921 394049 400899 666387 437972 561349 400955 397110 463746 664490 ,392921 561349 463746 296192 519002 971913 144552 332179 284381 184738 
237328 876830 529141 236807 703015 524704 424463 429542 658201 617941 ,876830 529141 524704 424463 617941 294403 177952 291663 302116 524679 
118531 119053 120229 120405 679663 344160 522828 680457 370057 679140 ,522760 66960 227932 53014 515757 923943 207676 82747 464824 52421 
493989 505938 498376 490554 492108 499888 505359 506852 499023 904442 ,498376 490554 492108 499888 505359 506852 904442 387994 432848 294521 
392421 392568 303978 303254 521527 245241 521518 790981 306918 293381 ,392421 303978 303254 521527 521518 790981 590256 769187 531352 532258 
933212 323089 262558 21565 47094 629314 660549 661949 937031 887603 ,46674 242523 279285 714384 458022 338132 513586 68016 828356 242339 
111691 835998 509783 263971 415351 503573 58096 682496 436202 356634 ,263971 503573 682496 158067 627611 923096 432271 832556 439207 962142 
873162 26998 795507 478113 207291 382247 935607 535790 788681 406659 ,478113 406659 478014 478061 871778 420175 379232 406448 817717 76225 
325165 365217 393284 123157 658533 719648 281574 467604 497123 105176 ,365217 658533 719648 407177 432488 144406 628538 151520 666444 287956 
13660 122277 313933 94066 488889 514196 550312 551683 269696 635558 ,122277 305841 684417 427817 719407 174899 173397 523134 509773 823548 
549305 551416 600643 40353 798186 948196 959570 425185 692435 172922 ,600643 959570 692435 958902 683178 549825 193826 272642 564 561500 
820953 572766 780506 500111 418313 571935 656345 227414 342986 971751 ,820953 572766 500111 571406 104296 272913 609783 685109 968187 883093 
414181 414358 616614 415982 979915 466877 466785 467948 781888 823946 ,466877 466785 525625 818545 487475 912052 784949 419719 695754 862762 
394973 395569 395042 390263 832431 204321 395888 914704 596735 44369 ,395042 395888 44369 914321 895467 879989 905415 868426 542028 842780 
718282 568912 983376 397941 398122 662039 660650 222255 401712 717671 ,717671 393391 126361 167535 623848 465410 240127 126483 51929 890818 
281123 141009 104803 367033 140848 315763 913142 325593 242501 751128 ,104803 242501 170916 913297 431165 603385 915476 806120 83695 748285 
118907 492159 239278 19405 651665 634970 302901 538331 678987 6384 ,492159 19405 634970 302901 774670 205310 269588 229912 411421 14014 
858568 269263 595826 563407 553543 413273 309865 76338 696004 490582 ,269263 595826 979059 463812 456527 980636 964043 526175 813639 681004 
557530 750308 515557 132757 306297 519869 68792 161562 695189 312128 ,557530 750308 695189 133083 511527 313172 296422 861655 52464 222533 
533447 107410 480590 484333 302961 401481 48850 523555 918438 482666 ,918438 482666 90932 317109 179082 584895 461209 78916 960162 799502 
933412 366981 933758 482332 540633 560049 364446 91954 664021 628132 ,482332 815702 748628 90240 915623 18941 834486 484725 614988 664959 
129279 39051 714218 476610 207721 717984 417726 123062 38169 654321 ,430337 715432 953022 656375 911336 207888 50530 890913 713932 42199 
88046 524739 547384 547244 524778 514088 559919 286828 800009 547592 ,524739 547384 559919 286828 338020 517202 363508 48436 640171 869519 
934855 932930 989287 702989 703164 207031 652636 415841 470485 136250 ,934855 929974 931672 96218 682416 181299 416052 555260 224572 719281 
497310 490298 125090 489360 429398 153192 474723 460981 126236 148069 ,490298 489360 429398 153192 39726 455662 453596 494820 382459 471075 
903430 903490 694913 233832 669239 777082 827784 227503 325861 694434 ,903430 694913 827784 325861 472401 106059 319120 322123 689642 105744 
195670 500785 277841 399968 167450 714638 468538 264637 403785 159210 ,500785 277841 714638 403785 150829 287340 280640 154995 263700 161896 
233985 234768 338923 522868 23553 96295 47086 401928 610755 832055 ,338923 522868 47086 401928 610755 832055 796164 383441 171960 23466 
394564 394633 690946 453447 990114 194504 273320 191651 246490 867831 ,444256 583000 628804 468292 266038 905416 946969 919551 249859 542476 
15789 786730 88214 394587 327957 93302 972271 499483 340133 872339 ,15789 93302 520082 155816 599198 382995 732579 196957 770310 13279 
393712 565157 564620 264238 254410 396499 504701 392772 564524 488794 ,564620 564524 199853 200441 632265 286922 933603 620169 250476 393093 
723421 397297 401209 892762 98971 405078 321776 889945 214692 351134 ,723421 397297 405078 321776 214692 351134 46504 780124 321606 467191 
532721 680458 582562 307328 29892 679664 44149 276304 120406 524364 ,532721 680458 307328 44149 276304 120406 524364 70147 508226 88359 
540309 856561 814499 540386 789779 677369 53257 689745 53229 908204 ,88120 768986 814430 438717 11242 501761 349479 690942 170777 468589 
58005 594118 710270 539140 869181 925371 893358 794835 919149 710045 ,58005 594118 710270 925371 893358 919149 919026 539168 869031 246686 
605210 830177 604725 896442 852039 605099 605915 605579 710821 759147 ,605210 830177 852039 605579 710821 837735 665630 830242 553982 560257 
45203 529728 24382 730761 788179 160284 60223 306146 404778 695101 ,160284 953669 591708 351179 281786 201977 401324 896228 156976 902891 
94373 664115 708847 524809 262687 248694 470867 524784 708745 94491 ,94373 524784 94491 678008 93212 79496 106469 30239 261431 339119 
36720 604377 364402 88598 181701 483844 782162 883427 185812 950765 ,638071 187260 170950 13366 267747 631726 679053 2997 75369 994000 
943206 523287 355580 795616 556453 412364 315113 521335 696986 407095 ,697921 913268 714343 284077 409059 65436 499024 138743 493518 696020 
934480 931823 510696 795647 407567 795381 510783 634507 407973 481815 ,698800 868730 634533 399484 379091 82143 202478 700017 698781 232629 
479856 479577 224512 781360 224401 739121 955998 224305 744964 449369 ,545923 667798 840050 505262 594248 708740 545118 916500 850948 544978 
389878 390004 250774 251803 249995 919914 617862 977883 852391 69829 ,977883 785797 49397 542324 623953 253687 988079 947477 861386 487733 
866039 17183 933986 987381 987605 16923 69759 483629 79070 71907 ,866039 876849 842144 541672 223396 539536 610216 169809 269875 275940 
402031 597216 477973 537944 681211 398133 413206 476548 954298 55028 ,410544 211478 11227 562089 42486 381586 746732 924954 492595 105793 
913293 439278 437496 436086 912692 176696 859217 793068 712052 637051 ,637051 463494 834959 744622 217524 717803 9429 954899 183923 34802 
139277 919236 63126 990429 238050 61162 524861 68961 158135 658277 ,238050 524861 158135 658277 301109 407178 355138 499694 238317 157565 
953570 487655 883333 330347 256095 635281 488003 860743 302717 158649 ,487655 883333 256095 635281 302717 302155 618116 180775 397337 393193 
349065 823026 186068 931342 437474 487653 699817 432364 433115 372343 ,437474 741220 822878 669017 149759 111691 183942 735623 915747 618814 
782841 470281 82570 86955 352969 91946 140272 703022 104890 791016 ,470281 82570 86955 352969 140272 791016 68310 108200 505436 177667 
296270 714059 847922 414280 74493 40878 6778 566213 905839 295098 ,905055 305026 336721 632799 428721 106239 671418 234228 292973 255531 
495666 492657 464392 315862 314395 226947 68282 828976 999741 66883 ,495666 464392 315862 314395 68282 828976 66883 438964 753087 320926 
754930 419010 802125 479638 208081 409350 538079 766204 421506 387726 ,754930 419010 479638 208081 409350 538079 766204 421506 387726 476276 
731101 554396 300961 100153 579916 396450 574825 263324 697250 194588 ,396450 583926 352997 110724 185898 264112 744190 286929 183487 688897 
648096 649268 975765 995313 650617 774883 988129 616658 776074 547479 ,648096 649268 975765 995313 650617 988129 776074 547479 714517 547475 
6070 919617 138184 673324 8486 411888 118923 674756 673335 862760 ,6070 971540 468907 113423 43190 759976 838773 447433 190763 814372 
597058 776454 139477 201816 9597 625275 775652 881337 986119 196801 ,776454 64191 598256 595133 774574 562743 792534 464401 34656 657250 
552725 914136 535387 596126 905393 537312 888816 535062 967802 402427 ,914136 535387 596126 905393 605799 583060 606017 661651 604934 99090 
96777 466070 490727 450212 994156 635574 107685 150160 782515 845916 ,96777 945502 904469 162955 964132 899524 705396 466401 842632 304085 
513166 506870 86442 808078 614516 225533 866996 405479 402895 852689 ,614516 597160 165372 127508 156387 752284 10594 300286 450671 377563 
392077 852940 491279 533706 851076 733843 734199 749071 621645 1323 ,491279 704323 397110 376690 844314 515395 13048 842891 791989 598108 
903927 648504 971110 781266 904705 802628 648230 590552 123987 513618 ,802628 648230 123987 646023 647005 91591 797931 648530 471748 152312 
262353 262036 845919 499050 845896 68961 501100 337127 876299 108393 ,499050 140745 238050 528874 499694 228723 529792 488273 288364 237452 
60421 880107 880049 879738 866568 880022 278309 57081 224284 711031 ,711031 430378 391278 12812 885921 943274 9542 541921 513813 915889 
15135 15388 13415 12990 517639 426218 249235 283200 398777 680820 ,320374 769655 209906 164339 319452 836627 144768 193422 204213 861749 
864887 895600 591749 842646 224033 862269 728490 8030 590552 571798 ,895600 591749 571798 605122 256502 473636 895907 531437 240964 790419 
190455 479907 91206 706980 342469 421673 153028 408600 466433 812535 ,190455 342469 421673 153028 466433 812535 861316 266146 715864 467854 
488321 497858 79436 236283 83007 309613 790376 309543 390938 799415 ,488321 79436 309613 390938 140405 104729 494565 488660 475244 899950 
799450 610418 610497 58877 58835 516113 526563 587000 527278 610433 ,799450 610418 610497 58877 516113 587000 527278 610433 95895 433220 
577093 762074 823749 865410 565476 224462 483187 795317 574160 244804 ,565476 933668 594466 908244 679120 16102 842594 511532 432910 935610 
994338 754002 477949 308584 422361 500030 90654 341728 809917 754774 ,286720 774135 479971 657812 479340 380504 379127 879111 414415 191021 
601258 68538 384651 151199 151157 426618 68770 521858 55537 780145 ,601258 68538 384651 151199 151157 426618 68770 55537 780145 130934 
390781 659344 215923 195449 379189 324333 828725 327268 618519 242769 ,379189 242769 480660 965190 300609 438818 111036 438033 314695 263977 
843439 94987 895456 665684 899147 722182 849913 659341 60001 95720 ,95720 899149 862871 923571 141173 85076 90215 900509 570709 146718 
157260 427688 433106 599620 713381 228962 525231 427322 71651 380245 ,79647 406184 292368 941358 998972 983011 964740 956521 7156 235179 
182611 309024 65269 394787 812761 203633 267911 811970 851460 81481 ,81481 169152 646485 634636 764342 240587 930156 6934 223714 982846 
390491 318014 222774 437521 598059 798813 834828 508308 713182 13502 ,13502 622892 397097 362748 658272 70825 533494 465430 429851 460052 
254811 971608 505046 741074 504191 972483 738729 883118 13781 813352 ,69348 228201 272292 685080 527253 157418 481119 205775 681892 143146 
628547 629007 806006 863239 390996 627843 112013 390610 720928 156436 ,629007 627843 873937 518758 82473 76980 351485 965331 454976 806990 
300417 233328 230542 287382 688745 176679 813605 228492 967064 747137 ,230542 228492 747137 234351 227714 487278 780832 834114 125272 596297 
548355 86314 686581 791235 986932 564550 37514 21528 812051 564592 ,86314 37514 564592 242395 551816 482772 690538 678585 424938 243278 
914165 683636 378019 515487 549546 712958 411159 90803 548005 908364 ,914165 378019 712958 548005 714313 84692 838147 89611 872388 484226 
133277 883204 985442 316196 111734 983065 903942 929158 208391 489769 ,435654 13674 15516 224194 678321 270802 853783 271748 623774 273201 
673229 673481 673193 755395 26103 25923 423067 718923 442417 755451 ,673481 755395 26103 423067 656580 103578 423014 545192 790009 716189 
574419 526367 455903 573249 397648 161162 525674 841999 71583 160925 ,397648 59869 723981 352350 366071 124796 101870 337070 495891 917471 
140430 80041 544281 544236 723702 487025 962393 330428 452364 141999 ,140430 544281 452087 30376 141079 832914 419991 51275 780311 136484 
674172 676992 674592 676701 756903 677126 676109 676655 190655 673810 ,674172 676992 674592 676701 756903 677126 676109 676655 190655 673810 
309068 483643 15667 33669 528858 980717 686593 339596 353325 803989 ,738626 727648 187819 616501 532676 702533 459026 841366 926765 405465 
722699 191121 663984 621105 554555 29291 621828 29056 402204 28441 ,902656 847372 634968 637274 625589 673048 374843 637653 779428 967466 
144330 19176 407156 503611 214973 265908 597477 408830 344620 687770 ,407156 265908 205278 419552 907544 267450 408806 287979 58681 289339 
53707 89524 524698 426838 68365 466216 213215 186311 91972 350525 ,53707 466216 91972 524639 68703 68436 686707 30052 82303 121963 
915537 501782 441127 946809 516993 325008 987512 349253 240686 944458 ,205891 488519 120997 596208 964548 599021 273110 620985 275067 17631 
212733 428064 921152 921761 324645 949466 562672 582924 377173 999961 ,324645 387636 903647 754561 286579 482352 460550 509683 462529 612129 
546005 893241 659909 779428 100532 757734 619342 847898 847372 149836 ,893241 659909 100532 757734 847898 100750 893425 759117 29291 263756 
655081 652235 911865 445441 676468 4281 924145 45579 445219 445285 ,911865 445441 676468 45579 445219 675924 61470 675685 427394 827603 
41745 870930 4066 17327 109709 812340 97527 2497 231517 558127 ,41745 870930 4066 109709 97527 2497 558127 336466 56517 301052 
722594 919225 760144 777942 28740 9199 797467 374238 722159 796186 ,919225 777942 797467 374238 796186 548456 611515 797170 25655 995782 
212996 547363 901306 402993 782095 773676 989215 564112 666617 64433 ,212996 547363 564112 781854 484371 230300 605700 730976 689472 334018 
31629 306346 429855 305827 306205 188690 292100 98857 547485 401624 ,188690 496904 517744 522919 85465 421657 263982 411021 502221 547014 
267745 600636 866476 867166 197899 276715 226868 225877 879717 988195 ,600636 866476 197899 375840 14960 706143 746599 997356 68874 275555 
228086 301452 44678 867056 872382 106296 27495 450453 592617 165424 ,450453 74712 54044 26896 406604 433099 155978 87515 66001 154196 
532249 528878 530424 320826 261709 975195 51276 513180 337879 153498 ,530424 51276 513180 760333 514193 990415 470800 505690 113333 471910 
13107 911960 907046 912744 526361 947732 947377 989058 104494 946906 ,947732 947377 21201 14698 12786 10150 436611 273859 853082 75675 
866866 968296 970103 679484 999386 708187 475422 537586 907196 707499 ,866866 100305 246998 970633 99738 875211 324568 678833 65091 808085 
141978 77695 169659 107808 492489 510406 546425 3136 490751 206476 ,141978 3136 124476 181053 126172 233556 525957 840538 627906 134091 
960478 62373 906257 277371 135043 12448 379843 201829 266107 278402 ,460730 515866 915732 460176 859009 831325 915694 18226 647520 372415 
618373 773397 876552 793046 987682 986349 600059 580766 996667 44502 ,618373 773397 793046 987682 986349 600059 996667 44502 622152 618095 
335079 73957 160186 549031 162043 31680 59597 177934 62114 660094 ,59597 660094 689724 126357 89982 452179 84889 628873 83917 458067 
523354 341473 257139 833288 337866 355756 336644 356649 833319 337516 ,341473 833319 934423 336642 390924 321891 336702 292077 324445 278949 
430095 590182 931794 898102 111112 593831 430551 70912 102161 390463 ,430095 590182 931794 898102 111112 593831 430551 102161 126058 3391 
730607 78985 453663 138787 391366 329255 505046 735844 81529 767810 ,730607 138787 505046 767810 888721 322843 106066 844700 403556 66756 
430852 364030 364881 495956 780242 780250 104766 42714 494857 823547 ,430852 364030 364881 495956 494857 823547 241458 89135 241001 42712 
87854 574035 64710 785648 573807 20222 356727 535658 722225 89257 ,87854 20222 89257 188734 17808 111383 136849 578684 333533 989500 
956836 603291 870190 862151 870253 696683 871469 862112 712079 798470 ,956836 711049 931639 697044 991325 16156 957751 886909 253676 840046 
640369 422228 44599 850304 641698 186495 826621 410346 988026 129601 ,486197 768864 58197 221785 39908 754416 63196 62169 979283 775603 
695579 904238 159290 193324 272140 346854 396485 172659 725180 690273 ,840385 277945 973865 529922 297086 942688 316029 206331 163403 212944 
496449 134444 485302 356182 551300 354365 174889 804072 596782 748383 ,485302 356182 596782 748383 170736 533494 796298 171296 596851 917690 
842853 668102 671017 171814 867614 777161 985493 842226 668926 864418 ,842853 867614 668926 54200 738799 986259 555086 54161 670024 556223 
807245 683647 497243 585024 711364 214185 88053 763 91553 647837 ,585024 91553 456034 9942 510830 497686 186694 630062 16918 874707 
257680 859408 58824 919382 194859 273675 920200 584854 958340 847222 ,859408 824710 610221 191486 855420 193693 734218 815045 196011 565438 
629225 629210 142412 238964 736962 592648 291378 870222 737930 44647 ,629225 629210 238964 736962 291378 870222 517952 102245 188617 466503 
999842 311004 749873 734187 493456 80343 54283 174287 743617 326126 ,493456 54283 174287 928681 222373 863911 385834 994037 428697 479909 
454699 454425 467087 151331 330310 222893 455970 352714 176939 913613 ,454425 467087 222893 455970 352714 222541 615537 944091 714899 797113 
109860 165766 214310 748672 167613 977349 504854 630421 20107 176186 ,165766 167613 135029 174757 174650 397007 262857 549507 130232 23737 
138063 415683 80997 710421 417096 407467 648579 408948 891435 417366 ,415683 366018 410236 964016 118021 728717 331914 381673 989285 303487 
878574 375112 916176 915778 758039 759064 955187 824436 744173 569533 ,772922 103347 876826 665930 614092 594168 978434 895194 543036 101810 
903108 903112 167776 46154 428435 41230 55272 701195 735659 409045 ,409045 167711 627976 57557 421359 917603 700538 401786 410775 636927 
980479 980523 975090 551867 301308 727276 364811 431901 76692 944673 ,711571 826595 467211 966481 211149 2140 923088 264499 978451 273026 
340750 742172 219102 742188 577495 88243 745556 924745 663238 412544 ,742172 742188 577495 29876 260549 311094 59718 497127 740906 780068 
569667 589980 762812 982100 360665 455764 172512 851835 98492 772112 ,589980 360665 569817 250177 915059 710044 757222 20293 866029 92716 
674470 673823 991461 675613 675191 773042 667220 190763 674641 672350 ,773042 667082 541532 759976 447034 654226 825257 950953 827571 699788 
859417 208866 915914 9759 859390 870144 863508 668717 773343 868876 ,537018 103597 562272 932561 393478 683210 264213 897073 539805 4119 
573297 656635 994592 638837 401804 401475 981121 449196 639639 639158 ,573297 656635 981121 443222 649389 953116 572921 251466 647954 441066 
675400 675453 689518 511064 361690 334839 22595 798518 23246 786569 ,675400 511064 23246 627323 962994 847174 112952 72634 285216 99587 
42635 697820 370616 807866 535053 51024 662445 194271 496842 467100 ,42635 697820 370616 51024 496842 467100 368739 492555 470268 421929 
941268 927317 186678 255951 941783 948124 76641 107711 600219 111014 ,255951 513596 611212 917064 186709 72954 671491 71639 63556 883345 
33001 30481 799394 30647 903059 547756 94439 174601 30152 525592 ,94439 525592 32566 799567 614912 795463 33079 426244 175971 448145 
439981 294668 439091 407819 452305 92471 60441 60631 773227 337284 ,434761 93525 922945 339144 364609 213117 23889 194139 284230 589251 
979569 984182 984947 631369 681634 395685 979159 352560 631898 53260 ,906261 739941 484954 867851 657751 273226 194410 581315 945932 994024 
833208 223485 77611 90970 980960 223579 594403 980166 562664 892224 ,219434 57736 71031 842282 519045 146595 209449 406331 539543 10833 
651169 310222 967500 349925 961269 81963 229006 78437 872850 556948 ,310222 349925 961269 92890 284821 269959 284304 199263 278079 605741 
900217 88002 336584 929813 967785 190648 446501 376009 77847 187531 ,900217 88002 336584 446501 376009 969170 162560 919664 376111 130361 
988652 509215 864010 380569 746815 870862 630731 677934 394983 691140 ,420832 853037 606618 678325 728450 880097 747583 390603 729047 386818 
515865 515614 386421 309119 722744 870747 414607 244368 149200 925339 ,515614 386421 722744 414607 874332 109115 712412 615815 615933 505214 
961862 178159 513933 827467 162098 576802 37875 899286 886419 604317 ,178159 513933 827467 162098 37875 886419 857327 372655 672519 936070 
676716 222410 953580 750845 898729 898460 203629 892638 474499 724746 ,676716 953580 750845 892638 83516 793414 263930 472141 471785 716492 
595563 674863 852537 842360 844491 879963 39836 749625 488140 13020 ,488221 183222 432513 347851 374765 25983 554926 740505 398447 112753 
402876 202038 266316 255871 259385 10719 12999 110311 848507 403080 ,202038 10719 12999 848507 429853 145807 565622 699800 684642 60350 
712372 323412 245304 624772 8933 62138 298436 637641 31039 392776 ,298436 64821 124438 489051 385196 415708 300151 574911 593009 409887 
657363 674839 559921 646065 654645 657584 674420 565691 189301 421188 ,654645 189301 655150 994657 572800 559902 822210 792605 186644 839662 
977056 976790 776975 982263 787931 422703 716682 569306 444045 30379 ,776975 787931 422703 30379 785078 30233 242272 615193 422673 910968 
706660 682203 333195 232031 975803 93776 923627 198829 277645 50728 ,975803 277645 507896 96773 660351 96084 156979 937023 875638 909308 
840862 92224 173342 883648 528287 578315 259283 820302 865173 565772 ,8845 213763 668465 367007 852538 931433 929453 2989 689848 893944 
715533 844271 927925 118988 520761 946344 118771 337799 338316 182160 ,844271 927925 118771 337799 435201 844635 724672 698328 724135 432353 
675012 205826 270104 427094 772269 575118 422718 113865 575321 781420 ,270104 205826 772269 575118 422718 113865 717184 816830 839770 806151 
238355 833087 153098 510406 434180 934145 99236 510418 873092 821382 ,11388 201697 830907 929359 659135 169454 509215 68382 511868 510469 
84755 511439 489429 810894 55361 75793 353644 385068 51841 635970 ,84755 809668 917953 39681 534958 411705 951786 922074 478315 82358 
817028 586686 968686 587121 647750 788541 727222 650578 304650 234030 ,817028 586686 647750 788541 727222 650578 693477 355765 490252 354411 
995079 994843 676916 994880 996246 676649 615911 39929 100515 646457 ,995079 994843 676649 39929 617542 427286 675128 604360 778559 60789 
196147 274963 686671 731263 984112 473437 936583 2473 471922 468614 ,16854 727631 721928 772030 214046 97722 498784 923374 628042 364537 
192565 271381 501366 965376 451227 716541 994548 600477 815586 380990 ,62264 428310 143786 755606 833699 31448 397249 811265 808824 292512 
466196 546657 974833 475205 577661 680176 378813 304460 187868 1389 ,466196 974833 577661 187868 1389 681580 988376 831443 988758 333974 
671610 671567 671325 895828 889257 640864 895407 880928 44657 837842 ,671567 895828 889257 880928 44657 837842 595354 889414 889541 188028 
651665 355424 377424 378100 773150 910536 16767 891725 861171 10139 ,651665 355424 377424 378100 773150 891725 10139 773610 158641 184522 
94823 10903 863450 505907 433723 442334 569234 503418 862165 590745 ,10903 569234 503418 922056 684135 502954 610454 302755 585709 731172 
309414 660690 585890 661982 48741 372370 16505 108944 501564 364044 ,482329 42149 371711 522385 687047 293200 530464 326156 397731 215649 
855895 558322 557840 654646 68159 558169 854665 940821 644938 965937 ,557840 558169 223456 646392 646026 764980 543732 646880 709220 646698 
110263 77751 806857 893230 51668 341526 85743 319333 399216 764171 ,110263 806857 85743 399216 245296 437442 491363 569843 463240 633996 
108789 370862 849501 420992 844749 429454 109625 486671 664981 509911 ,108789 429454 109625 698918 883609 22437 108388 89386 509896 592636 
998933 227483 449213 998355 310884 709835 721651 744305 823210 997692 ,449213 201086 433571 845278 165222 3763 796348 421275 151563 437419 
981620 857493 791334 787822 824267 982894 997143 191389 858174 907077 ,997143 858174 912446 855041 756088 905414 807832 443312 854992 852658 
613785 936930 300338 824398 956348 296787 437899 943982 756568 337782 ,613785 824398 756568 125778 441655 266781 162608 266659 484931 234250 
395616 156092 40409 706827 580927 303526 697905 241911 173015 85638 ,156092 85638 950767 91498 581507 85828 155453 948017 30123 492588 
20875 20795 20778 577815 16541 26468 833529 242420 176472 174675 ,95222 113907 721861 426925 710220 512626 95386 689886 249730 514539 
987270 913104 92970 907558 508486 497212 987488 503024 3200 168967 ,913104 907558 987488 503024 745142 457250 498344 550848 497396 747521 
853800 313900 581425 698275 337798 331607 737396 101038 358458 166082 ,313900 101038 794977 967803 592722 311840 945574 608425 11906 27949 
558871 558775 558879 493418 936680 330736 493277 939472 66722 288709 ,936680 330736 493277 939472 89552 88693 661243 152734 495620 661195 
491382 882686 671992 669174 671313 440479 791960 882885 585241 584975 ,882686 669174 671313 882885 585241 432366 493607 482266 603262 56486 
754004 559846 554052 100641 640788 719024 559839 536535 929214 807561 ,536171 559019 953505 676411 535173 937269 810194 635206 657345 707355 
127184 639578 44786 573690 128634 168016 869208 802613 522852 12667 ,44786 573690 128634 167241 467976 584834 636426 695125 159405 436325 
895194 923780 606986 606949 895084 610060 923933 607040 804904 862445 ,895194 964229 876826 444367 277301 972216 898976 326993 543191 764491 
100336 101126 625938 554265 654883 624899 526545 742101 543830 565988 ,625938 624899 543830 597796 596980 394322 156639 151855 344862 725548 
124157 374641 272636 449827 952535 769669 272252 970194 390844 93211 ,544711 14324 143196 336740 210986 469286 639641 365267 639186 87876 
39369 43962 996654 37702 917613 44075 671611 886232 916860 444820 ,39369 43962 37702 44075 919657 7934 37938 754553 215741 999168 
687384 981392 519479 540692 73503 158461 141057 554990 927852 982266 ,519479 554990 554969 266139 122195 453706 517451 458222 517958 170139 
413061 565701 688553 762854 488735 146112 683508 833353 918454 74173 ,146112 772226 762655 520455 75964 519559 682196 788620 34434 841115 
842926 199977 90573 93194 908417 912763 961526 907460 597075 441281 ,921210 869114 90575 877017 877028 960233 969230 969181 576413 190644 
656247 656166 445681 788287 446149 446383 445909 642094 653850 447345 ,496863 447544 446194 446143 905633 447787 445715 447109 445941 445000 
518463 434961 529929 515509 968004 416351 864435 3674 236911 506976 ,233463 503785 743754 520862 151528 459112 415298 243104 547528 70857 
602111 847265 578654 695428 45550 349731 84211 105511 409960 679390 ,602111 847265 45550 409960 679390 442744 872310 410650 257761 992837 
774530 345488 774016 977848 316074 858876 846990 330480 858881 663816 ,930102 775054 910048 611701 29707 623585 365050 328119 767645 248242 
507475 359020 468964 445125 559626 445228 444396 310544 579442 445545 ,507475 445125 445228 310544 579442 445545 611874 611662 419939 804343 
634307 859937 395841 411170 325656 987909 33946 453328 455509 932806 ,859937 395841 33946 4445 730283 940699 734784 329378 822863 926811 
392634 983052 393860 30682 536115 153760 982509 932983 373177 651225 ,982527 474615 430093 536155 527890 256760 21071 334739 965124 295851 
771005 604283 938805 770807 604601 770496 938806 793602 593964 879302 ,604283 770807 604601 770496 938806 793602 646331 614031 635116 800006 
641603 759574 28075 993867 852500 558016 993936 837337 27960 996675 ,448648 640028 641050 640513 444654 635180 854111 640110 911029 641227 
524809 525376 363689 124464 481249 523515 21005 840790 495572 664931 ,524809 525376 363689 20974 507098 500303 497894 141064 142268 254424 
118476 748946 66293 317450 937876 816551 124864 982216 347041 392151 ,392151 467727 485396 114183 62671 543670 497919 405580 315144 828836 
960157 970484 443053 710302 754647 823952 751474 952625 900975 415693 ,247044 541357 755535 996791 447654 477377 649431 26740 477071 908129 
153533 428520 780190 602908 32204 717316 5666 366112 791202 965298 ,153533 780190 602908 5666 366112 791202 965298 339513 137699 121273 
281749 969102 502558 108234 920918 602914 919399 919812 311505 88111 ,741478 339139 854107 325004 306696 453177 199660 465106 294360 304106 
671721 556038 224039 554314 555056 486761 980730 258807 485513 36180 ,224039 555056 36180 308806 260045 756674 600414 483540 452715 376666 
754354 498692 278696 811265 366309 365719 295788 709026 353126 100523 ,366309 365719 709026 79467 243640 79874 690070 278667 708999 351042 
352100 835653 356149 380498 21385 310962 353797 32125 174978 382966 ,356149 310962 353797 282870 502087 828712 326616 308998 930328 296189 
558987 39275 477013 45598 5928 559099 856254 39246 476731 685489 ,45598 5928 559099 38212 467870 796142 8771 474451 807568 700790 
643345 642493 655888 655415 642124 642699 642808 423152 908126 446222 ,643345 642493 655888 642124 642699 642808 423152 908126 642735 643467 
751580 64326 712357 926645 875997 192621 271437 926559 406410 924762 ,64326 926645 924762 208921 322440 513152 376274 215382 182310 209217 
458068 452180 514557 876997 998385 248416 88033 658547 977660 710678 ,514557 876997 248416 88033 658547 528703 20864 243673 85440 456204 
644011 881422 643514 641993 568818 882176 644312 643911 891451 643071 ,644011 881422 643514 641993 568818 882176 644312 643071 644887 814868 
526292 59276 70755 88920 350423 800100 307801 905318 527584 822013 ,350423 307801 285607 615804 790801 816818 288750 26810 4886 87641 
652897 24236 73038 927473 707512 525661 500355 910104 966475 958322 ,927473 525661 966475 158799 495466 691657 600782 84107 431156 493974 
210376 199199 498218 967734 500300 967169 947718 97420 97608 659770 ,947718 659770 660754 164068 227788 155316 461267 659578 323114 555683 
291534 279724 659542 389723 514328 662617 517451 297789 192297 540814 ,291534 659542 389723 662617 297789 515029 662605 488569 484332 84679 
496875 93377 79524 79771 363521 628403 91628 628141 799382 95227 ,79524 363521 628403 261442 261427 83849 364030 79626 89984 141987 
144271 772255 825430 193896 627698 989678 542378 989729 399733 808955 ,772255 193896 627698 542378 809135 772553 563822 945703 249778 399079 
138279 139286 437630 12331 96131 182015 932962 70857 629893 139327 ,137453 308109 850245 436210 769502 685241 699500 382558 740612 175670 
91780 254152 254499 829404 368059 90974 246638 524933 305455 114564 ,246638 114564 323035 675699 466919 306340 69040 110426 784949 703373 
92860 83509 89463 810238 725617 93606 322330 89717 158798 375947 ,83509 89463 725617 322330 89717 375947 519671 214993 547381 83055 
995544 496875 332909 547001 29980 685281 90518 994017 94622 662651 ,662766 459495 677794 82596 104789 815370 694693 106839 350909 350444 
503403 104990 674336 791088 293665 786492 591531 336828 337720 30298 ,664588 336871 288008 674481 659171 122125 305294 292211 763460 908597 
656183 48798 655726 41035 655564 696286 195954 196106 274922 501684 ,656183 655726 41035 655564 696286 630862 631055 104879 31276 982905 
968826 168760 704246 844032 171736 669708 881048 14053 16023 455955 ,168760 881048 16023 455955 991517 454866 455031 636732 964284 883334 
821244 820969 130738 100859 11182 680586 242725 432924 238632 969955 ,791405 815148 480955 199763 225222 791040 931778 521928 593066 850529 
666900 666918 825272 893049 604579 423219 642283 893040 642977 825357 ,986325 893190 771060 643332 825539 446048 906899 639964 427134 446226 
667000 653740 970498 717084 961629 216407 616203 666923 568046 703807 ,703807 131287 718717 983595 237286 376100 117703 351666 910992 929939 
674543 828057 429615 838361 960333 777571 886895 899946 778075 443180 ,429615 838361 899946 910023 892167 651671 765210 190841 667111 899729 
925216 35078 314195 33018 398953 468477 468076 87589 403344 222922 ,398953 403344 140054 784396 7520 753501 720280 985047 440643 391185 
667329 667344 445125 993792 464614 991550 857028 446757 771895 999680 ,667344 907097 411636 770791 450686 339752 674602 130660 732430 419939 
717921 715356 657025 994083 429143 449616 657355 539635 100215 820628 ,715356 47203 657541 657795 736499 817107 6910 742690 660338 995416 
43636 993620 823616 681581 37813 543203 546656 37825 571921 442688 ,640096 673154 546658 711243 692425 810691 615732 207206 685726 673368 
667597 667552 667659 451557 452086 513000 755968 189957 190288 766902 ,667597 667552 667659 451557 452086 189957 667533 797493 909928 802071 
837918 211140 880101 833650 837405 836309 340760 649452 366089 841450 ,837918 837405 836309 841450 995157 366705 819218 995083 338138 995220 
24336 325757 24781 442712 536668 44247 575936 113865 769799 281090 ,24336 325757 544717 297618 498426 976116 768593 427876 261801 41309 
320665 482306 297299 315330 3685 158955 344086 820846 777261 159313 ,313137 1174 651021 137470 198290 277106 931749 694552 146377 199742 
630183 628313 789849 386282 786644 770712 617363 855059 773798 209835 ,630183 789849 386282 786644 855059 87947 644105 388730 933958 770517 
956215 943905 860693 588961 692201 550499 776065 974197 338441 834504 ,588961 338441 352090 833321 547939 339220 926600 949514 547866 614670 
893087 564025 253563 919042 893261 883108 933819 903896 919219 871246 ,253563 919042 903896 904208 960336 190644 100683 919271 844812 911257 
386878 325585 387658 169369 682080 879946 565834 721968 682071 430222 ,387658 277708 529979 514673 256021 679336 192649 271465 199172 99746 
709157 808251 441089 903827 483725 660138 944028 904127 54456 243837 ,709157 441089 944028 904127 243837 57832 113136 409961 818699 893265 
38622 820581 167906 379907 751455 837974 37591 383254 782026 934185 ,167906 751455 837974 383254 782026 934185 795592 144206 782765 125929 
435866 660740 563860 978950 838183 113853 933072 882953 873302 238124 ,435866 873302 224725 540909 224086 484678 808795 394910 503642 141820 
947987 10332 701148 587864 125972 753923 786202 61857 407172 702317 ,124970 214953 576396 188768 10355 305842 68565 116989 282625 684342 
465585 435038 664 574410 292846 560923 560592 9988 918732 227654 ,560923 560592 918732 227654 550031 811953 237400 881581 879788 879856 
461276 606035 10777 892485 460260 40103 329531 557940 592061 607963 ,461276 606035 10777 40103 557940 592061 906516 41927 285314 10713 
661588 660743 664752 666353 741017 335061 226600 921287 738865 781881 ,226600 921287 486894 739092 658475 175760 787163 349360 124510 22011 
396377 395412 407662 142118 863321 842454 15830 34510 186076 396782 ,396782 851480 389062 331970 223783 463747 343554 396512 550973 595727 
853185 769092 963658 768933 904805 997306 206524 270802 598319 223487 ,60813 915618 845774 855258 842090 935307 919490 858370 971758 190642 
749157 749889 553593 988002 740504 692154 801741 553867 665821 691552 ,553867 595507 594473 727718 117577 865795 752688 918959 89785 618590 
989873 274189 17566 989742 973038 473693 658790 844992 151439 853638 ,274189 473693 853638 776460 597003 231244 694358 979635 7437 200037 
393239 773553 701925 240977 843921 553299 868938 103243 584869 299383 ,553299 868938 519536 261005 457771 917883 499627 287920 774148 802834 
918805 108930 195647 274463 562282 422579 883012 125837 376343 127713 ,108930 376343 851756 929471 679259 867749 883026 545119 967144 225301 
466654 118164 351254 684523 121372 312922 521539 983231 322404 728527 ,466654 118164 351254 684523 230484 79384 705268 449724 599172 497953 
246279 489026 539244 161179 917026 917308 174508 488877 196562 275378 ,161179 917026 724188 13657 488711 490845 863094 480529 881650 431639 
374360 375756 38486 191362 448151 424420 39199 43501 558900 7934 ,38486 448151 558900 424612 38204 349008 878007 37938 667509 424198 
630236 162368 912821 954272 450436 633774 408262 501560 681176 986535 ,912821 681176 297807 735968 742062 298254 741768 85472 426431 153946 
630698 631094 129319 867664 790940 791105 791023 915566 515346 703170 ,872590 45519 480184 791454 719524 886807 685123 875404 860445 883408 
317871 109040 790068 285589 126826 426060 135234 109386 677583 728484 ,109040 135234 109386 633996 675449 190329 114800 912156 775885 637358 
694663 861758 176336 691864 965552 311615 871077 870029 707460 632461 ,694663 176336 965552 311615 73940 802999 633745 460241 983052 200925 
755882 758089 117635 453730 31754 392482 248621 135863 31973 95834 ,755882 117635 116395 634452 160455 450340 386829 391374 850738 886563 
312302 659747 134717 255105 626372 316074 246918 855450 610234 781222 ,312302 626372 246918 855450 955915 481789 955841 797171 660276 330480 
85073 958112 321991 788741 84566 154373 293009 83975 293673 719330 ,85073 321991 84566 83975 719330 119 719353 151377 83822 180158 
98084 175136 548647 727987 682273 358217 514421 314216 525674 489564 ,98084 175136 314216 630018 832804 98574 390843 491473 98046 17351 
299132 697157 280573 439741 9955 592913 438850 97370 696918 195852 ,439741 280692 950480 297365 668461 95923 392351 233929 441397 668757 
290183 582716 181381 954825 753305 172405 739185 888503 505777 834489 ,185108 508258 723481 526117 83454 863585 48129 175641 280976 873823 
806445 909429 527373 238503 8987 705962 682422 10947 354526 555729 ,238503 423086 496763 746328 477607 870954 505220 497886 232359 158325 
241089 237739 799079 321740 179351 866635 535326 590783 179646 384270 ,511609 251457 600099 692499 321819 376228 130204 683972 466439 182887 
666838 666791 604315 447719 768185 447968 447998 446569 768161 539661 ,667023 54953 446813 51045 666939 447793 443331 768321 655226 541394 
353210 892861 781199 315815 517274 336721 457767 300557 457133 340182 ,353210 892861 300557 122642 500929 714059 200796 265074 601599 286143 
633907 18402 844051 633732 122666 547916 9861 869514 589291 931739 ,132558 842207 13674 990635 399672 13716 224194 224882 895509 439788 
41161 912957 912794 210179 217825 944130 920231 15707 606105 920504 ,218693 241916 717898 912061 912456 395844 868847 251548 471014 65821 
548101 549422 645995 332611 431304 319383 692029 997777 359814 170924 ,289396 90321 389819 321484 725787 44110 932956 99493 803953 400300 
428696 428849 418198 912120 845381 103273 904862 330519 559546 425199 ,428849 418198 912120 103273 706752 159013 698921 293091 400554 342954 
45641 156848 314328 189734 189623 428399 57214 238411 53983 456653 ,699610 505445 298326 556453 449480 38992 521505 328682 183620 45542 
143314 62293 635658 226427 58884 848048 229330 58757 522543 224407 ,635658 229330 16193 664299 112637 788635 342576 344924 179104 58837 
658172 152807 379724 570198 392011 514366 379508 730314 483936 391910 ,484852 82733 600855 349402 554737 663980 599192 871344 70683 187368 
345410 915364 347687 244135 320220 632316 856033 546849 778343 819085 ,347687 244135 759782 915845 855985 831456 198847 847099 912212 876819 
483779 990968 991392 60870 191378 880367 437934 973560 997275 991534 ,989004 870662 782363 858336 540602 191785 301989 696739 527826 915760 
372776 741273 743293 424656 741362 306733 162238 803787 913110 21734 ,636158 494180 743322 550515 472090 630414 161816 64640 791063 937112 
968059 639098 639250 99345 570255 392438 473899 485535 760409 42225 ,968059 485535 45760 747593 120864 764991 22390 747014 982370 429346 
496818 833513 527062 682394 364605 31919 854589 525014 723085 336683 ,496818 833513 31919 723085 336683 723080 854709 403739 521193 389754 
33458 419879 177388 32873 33079 32566 839813 111170 433523 481006 ,33458 33079 32566 24951 965475 523588 351817 523456 723304 188428 
461851 463092 132162 301764 132298 603339 897112 133797 573399 539967 ,461851 603339 651371 209105 187080 252227 305606 252128 603350 165801 
633295 633289 733006 848885 633586 283159 733139 584225 733048 742453 ,633295 633289 733006 633586 584225 461621 635735 736303 30318 451259 
566055 391399 843555 829441 842086 100620 802110 642623 17134 60551 ,842086 802110 60551 842062 912767 596715 392041 880534 628150 544244 
905944 71562 312964 309527 502591 699417 395804 766674 630308 279810 ,502591 221258 234304 96015 518581 85481 461186 354855 408023 764152 
981064 303730 981078 986869 674424 849111 849317 764675 859453 674216 ,849111 849317 674216 302280 457879 618215 570328 360926 569997 10214 
768563 520958 50824 908393 768428 294587 39102 577516 42337 881627 ,520958 908393 39102 881627 409369 807551 684845 967427 409588 801340 
652734 866220 556888 910616 904340 954560 955131 590420 76056 313822 ,313822 914983 291166 154292 174466 317527 688258 931209 778519 601424 
197590 276406 894090 894024 807478 829834 50192 57240 76453 546791 ,894024 807478 829834 57240 76453 673223 546876 747018 335355 43731 
397852 403187 218642 403191 402620 91105 475588 774608 401165 401273 ,397852 402620 633372 799505 479214 770314 774133 410387 382801 381586 
698883 978662 893641 17085 128386 779255 753492 77859 396135 630167 ,698883 753492 241050 243791 779929 94250 248109 931082 295368 971904 
363456 337581 505220 280016 247011 292022 292381 279918 60928 502440 ,278716 278714 646912 960658 143411 784883 363728 913212 962146 497886 
377175 69986 822694 69056 226458 377174 22082 518234 879945 944736 ,822694 69056 518234 879945 680418 223519 709644 264123 199845 932229 
278665 662685 536212 321519 233207 51302 566393 68348 515472 351196 ,278665 662685 233207 94341 43907 154572 350517 140919 745893 984647 
969284 9948 846700 597289 92672 960675 781541 9644 212822 903268 ,92672 903268 315105 854610 832776 833247 628716 396305 762058 574924 
633098 584403 584227 448821 317812 449112 426877 379978 154265 248223 ,584403 806737 435674 700922 372092 365548 111131 988353 627425 323056 
124313 448721 802531 171231 241119 296220 220719 332380 801304 299903 ,296220 837102 562478 248541 920310 896604 704489 920224 102199 318053 
512533 1519 1703 460996 935261 460687 719040 88210 87186 997827 ,1519 327558 245362 505071 597495 731015 591973 269338 466389 436241 
682089 491967 124854 352919 368052 469452 907178 351593 246636 237736 ,682089 368052 469452 246636 470826 246786 366392 340720 133041 379534 
424307 527547 437288 195277 478196 708542 891788 212364 56158 478337 ,527547 437288 478196 708542 891788 478337 54717 858610 125723 432743 
373848 404798 838595 675774 348825 117360 102025 541398 812546 652192 ,348825 839900 654615 375112 973735 808946 773966 987881 420427 255759 
566963 655412 142900 313795 137666 375776 254452 162725 262011 708793 ,618092 756372 106690 664169 855187 359523 63909 961116 248418 608540 
746492 961533 771328 746813 25598 95813 491865 9841 814181 519493 ,746813 25598 519493 980968 892813 94957 421660 661426 86066 555216 
836749 214973 177281 176224 419539 419398 31216 501801 217548 394865 ,214973 419539 31216 432887 618477 500056 176916 717947 256782 365913 
363954 493470 364389 448405 448391 426543 292146 279194 509580 501576 ,363954 493470 364389 448405 448391 426543 292146 501576 426490 236718 
563183 749895 416877 750096 889277 353287 749502 282724 989334 138194 ,989334 729612 691652 880534 274565 916146 698945 992745 678086 662565 
81472 525392 752759 408619 522914 937424 778492 391474 981347 752677 ,81472 525392 752759 408619 937424 778492 731408 378837 525017 523545 
97420 97608 635751 118917 396415 515884 605697 502763 80317 503103 ,515479 487794 607511 454033 169340 931455 589712 124125 199472 278288 
826052 849353 890848 445623 443740 641498 544527 855255 102810 891678 ,849353 544527 102810 886088 912536 102877 640512 445387 446190 853712 
97726 396692 253903 215346 798343 305663 731535 658817 139503 15632 ,526277 693734 947925 102032 265790 392282 2152 278377 324580 703112 
563867 67637 66990 77738 399400 520106 510476 551594 188156 799400 ,399400 520106 204862 957046 957138 957238 23128 74861 754404 127420 
579349 78062 280918 709545 812716 345039 904904 616584 707112 35414 ,579349 78062 616584 707112 280340 693740 386527 505931 76839 258750 
389819 468638 322130 806222 389805 470013 468279 502153 591170 806141 ,389819 468638 421657 719148 344535 516910 478912 188690 316727 151735 
528498 441131 529374 86184 548121 528497 350756 517668 306351 281978 ,548121 528497 517668 89386 528921 270935 448711 322145 355527 850441 
877366 50128 881074 920665 971884 557361 503388 390434 676221 788317 ,379861 236921 837345 674009 834245 858151 225098 211182 834300 481771 
4556 54567 814350 888480 698896 476936 410807 953023 714860 795172 ,615192 953040 171003 468762 4690 279282 516543 987365 424122 23608 
74173 69945 553261 129447 803875 554345 984690 565883 180687 454188 ,553261 554345 454188 241381 197602 276418 843790 633128 694968 989109 
197613 331162 191332 966818 364131 789643 841757 663612 663130 198170 ,197613 789643 841757 663612 663130 276986 461522 458930 230041 664599 
209984 410147 198331 277147 669313 835018 491899 882369 960904 391431 ,491899 399130 236220 71967 466262 304729 765771 408181 890509 51406 
456809 381763 463256 629033 696040 413019 874085 488590 194118 272934 ,463256 488590 519549 519964 471212 790387 110253 111148 337588 68494 
510536 934485 551246 603528 668669 968757 958927 703334 573759 422045 ,196778 275594 411450 401649 797692 720880 331057 427775 381722 366065 
853283 853564 259987 129223 579950 66869 298010 668657 327749 916923 ,579950 66869 298010 668657 916923 402966 255515 324306 334073 307404 
531713 225791 388826 226622 199504 253804 984581 593244 252156 211979 ,164846 260007 174515 243547 828879 301088 177105 176575 949707 385806 
234606 30886 235015 833018 322503 751704 737741 652996 877430 430174 ,235015 430174 579536 323946 991437 886111 473614 201522 997342 380765 
797838 798638 155262 313599 577488 316055 578111 589632 75413 803922 ,797838 798638 589632 75413 76622 179772 201840 224236 193295 886157 
571003 658996 336848 191434 87171 843574 570376 111889 518833 852781 ,571003 191434 658259 517749 84037 67655 111713 684217 488383 763693 
896466 683707 590712 896297 709795 897065 930316 145644 99499 709494 ,896466 257145 430968 493122 201520 489292 25073 894961 172948 490330 
682823 842334 665256 635122 896505 235555 722225 234598 632682 488612 ,777581 966635 966953 841643 110166 598691 744176 206301 844830 71707 
497904 823060 473381 738731 433389 823437 200990 265268 177770 107337 ,514447 525426 133712 884068 96988 797580 271305 550620 623332 11323 
40166 43398 218750 43025 43114 40215 437911 42931 910480 442988 ,40166 43025 43114 42931 910480 442988 572689 853577 571988 207241 
896080 944510 394962 461013 612135 121267 841799 943337 34764 335458 ,250279 749053 392946 749413 749553 199339 425238 752667 969062 219115 
38179 471997 5197 362228 201080 199129 277945 244009 244259 538913 ,362228 244259 538913 263472 124644 539026 299859 61033 201560 79897 
395830 377399 485681 554412 162704 680055 143690 124123 400988 486198 ,485681 554412 162704 124123 400988 486198 551595 181067 688145 883941 
610409 795194 612577 795098 195266 514990 533680 744167 189672 381268 ,189672 362377 725690 744120 13807 240498 497414 614522 721056 418216 
502443 502405 497319 496890 573974 499203 496837 278827 502542 337906 ,502443 502405 573974 499203 278827 502542 500298 496910 410201 350487 
363723 465225 352412 855559 942424 941835 663388 370443 658840 792943 ,363723 352412 855559 942424 941835 663388 658840 635592 299910 351953 
234433 235508 696223 234280 71501 22667 321966 322414 308379 323863 ,234433 235508 696223 71501 322414 308379 910966 722892 422766 361216 
764052 584659 890242 585194 765412 28236 851340 531517 584618 259130 ,585194 765412 28236 851340 259130 670535 585537 532454 28592 670717 
785402 987262 31118 161916 41190 430174 840568 840287 731878 134357 ,987262 161916 430174 840568 840287 134357 473614 305992 475502 831088 
689250 566104 207140 194158 954917 565793 668539 934520 36094 538923 ,566104 272453 44342 60420 736551 223719 172521 69611 202637 179630 
638590 243041 850294 274623 73646 777482 342884 211725 99689 74491 ,274623 73646 320808 312456 441686 907468 228095 779659 237412 84483 
16995 16576 929179 576496 419329 929907 393175 517326 504571 470030 ,16995 929179 419329 517326 259489 988871 886904 158433 662865 773084 
724568 488447 724574 123975 724642 772002 430646 810058 469619 169045 ,488447 724590 67326 772618 914189 658211 796655 512075 689978 503821 
609917 13712 521876 638041 761474 15506 537628 516403 538350 404628 ,638041 537628 516403 404628 932800 760731 529839 404622 633264 68635 
93285 546442 372224 809508 336706 973019 87252 93905 336630 236398 ,87252 264714 631077 811132 150567 106628 292497 193144 515876 188392 
690225 256064 135792 882009 916136 867896 593315 323575 881401 786696 ,690225 256064 882009 916136 867896 881401 1941 970959 783656 933484 
954144 954340 963297 99360 4725 29942 123867 609916 971871 469158 ,609916 420681 430248 243640 450147 547015 41199 429254 799265 816477 
226068 133298 586043 708567 565704 831596 381868 245102 623321 917652 ,133298 708567 917652 344080 8390 439447 532890 273935 532348 739797 
580196 559419 645030 644891 559284 644087 559051 667493 217881 667568 ,559419 644087 559110 559290 423930 666498 356806 733585 602408 644235 
831086 435417 132634 594900 391532 197926 276742 594553 947135 710260 ,594900 594553 947135 95873 1468 160834 352602 541616 942662 844427 
634007 652861 195933 274749 970807 652887 958435 892180 682875 651641 ,652861 892180 682875 269010 204732 682987 849054 482266 682912 595628 
462466 461445 719675 305605 306265 863066 305631 214612 282178 809546 ,214612 215078 393876 463330 904707 187546 393541 430159 281161 497392 
842126 191895 986528 986728 986406 986764 880177 191821 758476 985895 ,986528 758476 985895 915672 36546 986080 517546 924211 861945 846530 
533517 84462 567832 567866 916162 497308 601501 601463 607004 261847 ,533517 567832 567866 916162 497308 734330 520614 236917 754268 887789 
343908 315228 345254 917162 346484 944832 473295 944320 923098 731642 ,345254 917162 346484 944832 944320 923098 201755 266033 917020 201095 
50015 538358 864332 93590 46389 808908 538413 137151 733942 56765 ,714343 295772 579704 372687 772525 58364 493518 950269 320718 95160 
941265 947599 174745 706089 217573 552196 299435 822472 298654 878872 ,706089 877996 515431 806797 263565 878826 576550 115461 120756 928794 
623878 206567 270845 762011 22888 112331 575929 105688 153869 547872 ,623878 270845 575929 547600 22858 629185 308071 24688 421364 148571 
419423 202304 850343 822297 572886 201253 265531 698239 455349 153948 ,419423 850343 822297 201253 698239 153948 810887 822675 344914 603398 
419492 419599 419433 422257 422062 915946 713604 177832 177013 883621 ,422257 422062 883621 319208 261456 813531 724548 168672 141065 519424 
329487 27893 804588 665138 877158 737582 72418 346025 242812 777491 ,27893 804588 665138 72418 346025 242812 816835 946108 484077 60958 
97613 831363 341609 868869 293857 843030 152049 466616 610472 548867 ,152049 232849 548356 713568 800677 713580 405599 406419 363465 340023 
567074 758290 759746 140524 568602 758701 675171 567321 604238 568738 ,568352 759004 995880 567258 190804 777774 833151 758790 604198 674884 
596907 595902 513015 594027 679749 392121 264198 174821 264099 694677 ,264198 32226 809207 310344 154498 424923 142072 569008 68997 13124 
831311 985067 103405 831073 996886 373809 103484 360751 101770 984515 ,103405 103484 99476 810705 449364 638982 885699 876817 920287 833112 
758032 758290 567308 759004 970752 568520 568012 568458 758701 759599 ,759004 995880 568352 758911 758790 833151 567258 190804 26552 604198 
114709 109433 577607 840222 576925 359317 114867 163195 912135 664892 ,840222 175450 844712 163968 505421 320836 785301 441035 505859 396449 
481445 9646 641426 289970 586866 883142 214859 40571 585755 349076 ,481445 9646 289970 40571 864601 996969 383167 564237 912138 573235 
300484 460488 172685 470035 495727 66122 460147 330600 193110 271926 ,300484 470035 66122 964587 483971 291155 269098 436772 145490 371850 
634573 632299 634744 530898 694037 380931 467457 635057 632155 548780 ,634573 99813 37561 93505 98930 249419 98821 881865 207132 512138 
199637 548895 932218 248932 932013 394278 670409 430714 597253 684587 ,597253 668181 917699 207681 684582 45683 852964 44342 957286 496995 
886446 653125 833217 890421 827077 894063 331023 748902 764933 374202 ,886446 833217 827077 748902 764933 774219 374196 673375 307356 890630 
425245 975315 424614 387079 63759 976109 386388 811579 540912 424649 ,975315 976109 386388 740462 300675 826957 954908 468205 924638 144217 
240605 456637 217040 485201 991911 595089 484961 851705 177795 875192 ,595089 177795 886643 155868 723240 16449 268875 235175 15725 607452 
74553 52327 53635 921066 921521 895336 910560 44658 895829 796253 ,200418 921170 755064 895408 913853 401470 985761 278180 823884 89955 
971699 963519 94619 85919 945092 396858 708936 350726 85192 813711 ,94619 85919 396858 350726 547133 818253 815137 517283 68311 824430 
175597 63485 336802 806145 62540 510462 160630 510703 691154 158172 ,63485 62540 510462 160630 510703 973368 600687 114767 780593 521379 
677725 677599 676023 677391 161100 676797 934354 677740 453977 701159 ,677725 677391 676797 934354 701159 910987 887592 336992 26888 850641 
322035 953637 754398 753759 516507 685196 446109 23792 339064 101021 ,322035 953637 50531 23722 424425 108772 31276 228264 229888 901899 
574145 574031 862134 862073 871346 869866 567300 567159 862549 554420 ,574031 862134 862073 871346 869866 567300 567159 862549 863680 572456 
425641 535344 234773 967477 898852 512332 535464 572744 833896 690915 ,535344 898852 512332 535464 833896 351272 569349 307092 506688 131944 
424879 446388 907119 423362 657341 995200 655698 423582 641905 824952 ,424879 446388 423362 655698 824952 643814 446262 643077 447346 905877 
579277 899345 294102 877655 968580 230212 564633 950747 957394 12761 ,579277 877655 230212 239307 903854 941332 933489 839146 869009 839175 
988732 978594 884344 210418 992263 588430 665953 666124 726471 210328 ,978594 884344 665953 285868 631895 402516 680462 959202 975408 944990 
677890 885687 905272 885678 708741 166312 931417 101155 879323 546770 ,101155 880250 204686 268964 879326 630793 838445 923186 708738 708823 
211157 25814 732364 732440 567843 63486 450942 505024 23613 732373 ,732364 732373 422407 23605 80026 75597 157705 481559 23520 424293 
563594 255301 566018 351819 600854 254951 535557 328342 888756 487536 ,541292 930253 373581 112350 708950 339145 570164 158135 248586 535911 
277726 60742 257606 561117 484250 455442 527177 527826 205213 269491 ,257606 561117 269491 303023 204582 304880 204684 297777 22847 550917 
988059 988133 217149 930578 222920 930995 574915 304834 573581 787752 ,217149 930995 373812 855602 634921 388740 619343 593979 357074 41562 
278971 808770 292171 600721 278905 177952 279491 817041 520371 263731 ,600721 177952 520371 266660 682195 69114 716536 281755 716522 285065 
637703 999181 520212 641077 641508 641249 897639 820709 641309 641534 ,641508 999102 618316 188543 84825 829895 678795 560199 637799 796423 
108552 62591 578611 360682 193340 272156 31152 11171 723556 95899 ,578611 193340 31152 11171 340146 467529 31446 976582 790783 599997 
289482 287775 638753 417356 514634 715293 988575 517577 523918 218904 ,638753 417356 218904 869274 697764 64148 638877 841149 697095 62659 
856613 779214 553450 553070 552581 553416 76702 553390 553468 869627 ,856613 869627 553249 275039 553518 313109 553056 384086 58400 74542 
118337 803244 255977 351155 284842 261919 93551 94229 776639 966566 ,280015 182359 965118 889078 488270 94336 522751 874070 790989 248391 
5023 5500 5177 6187 978240 137232 284610 160369 173565 132200 ,5023 160369 173565 222799 135445 705929 446971 786653 169242 610561 
566206 566218 112484 566220 658168 363440 323985 898723 352033 104905 ,566218 566220 280668 1477 242297 364161 340943 588792 248592 429319 
562206 876590 635630 97535 945687 724285 596911 199074 277890 952045 ,695681 173539 513895 62748 844109 208945 396060 60296 677973 788877 
518777 518938 854178 855082 512013 511893 614417 519111 363585 85597 ,518777 854178 512013 511893 805513 635043 635123 530215 512139 527571 
257243 181198 402034 399725 403172 946066 915334 457402 968415 258430 ,968415 895531 182954 158869 165467 678874 163913 704386 543054 781900 
426860 850286 423976 698219 345182 747868 448428 19480 69384 15501 ,448428 833725 152623 4577 405599 770710 397296 525212 80631 55221 
879215 996798 858191 766364 571436 191702 857527 856359 857848 767665 ,879215 858191 857527 858214 857857 571248 766128 737181 572102 737305 
79006 77117 468338 467900 634924 551777 632749 832449 178110 859692 ,713544 122642 83474 222927 223998 223672 308883 299842 98409 266538 
22160 482677 433190 703531 97037 36498 484996 96205 298295 931782 ,22160 292557 122778 720970 364570 85313 86630 401306 251271 350524 
601554 193541 272357 892189 791343 52350 754407 984690 259849 67518 ,272357 193541 791343 52350 754407 984690 259849 67518 571407 260198 
911219 413012 600102 568727 740393 255977 336975 413351 699482 916050 ,911219 788424 40377 514661 192631 815842 236162 736300 698658 357889 
498978 953054 845623 603016 124266 718135 470477 602144 577301 123067 ,498978 953054 845623 603016 718135 602144 122713 542404 280257 30420 
733342 935627 881787 154375 569084 339995 352259 301055 152030 788240 ,935627 339995 352259 301055 282004 876413 789491 258349 939654 89505 
319761 296290 670078 250495 333322 403329 255091 543111 763024 484229 ,484229 297965 969010 781538 251431 194698 740892 826776 250344 711425 
852722 350829 84123 339817 297310 84173 736387 979106 30112 436827 ,339817 84173 436827 524097 271079 206801 853098 270365 206087 270438 
541794 541814 544521 207634 549552 896836 667757 669871 619055 983433 ,484044 879698 879703 670899 51639 961367 207744 441474 983931 896849 
680198 473915 476110 393821 682907 682921 706444 432924 960154 42223 ,680198 476110 393821 682907 682921 706444 432924 960154 435718 391661 
680248 680807 386259 288101 399974 480387 929615 84504 151163 769975 ,769975 273979 183458 370776 433130 941876 233780 695247 511290 770055 
42305 708750 207085 123985 444859 959962 833105 42902 886001 124171 ,444859 833105 207147 886122 891907 946969 842014 929510 889048 708739 
781394 705659 216923 863316 910759 863489 202637 266915 947287 941055 ,863489 947287 804387 825169 343738 845259 669077 268772 374823 668218 
738937 88883 263872 342669 742041 663465 89423 969192 623892 223954 ,522773 969218 574378 197999 306649 414937 279475 742922 68403 461805 
681169 630660 183297 873005 606257 2878 973421 169629 356608 169552 ,681169 183297 873005 973421 356608 359554 695595 456220 400382 801552 
353286 894981 966901 526503 894977 932655 353727 20370 395075 753986 ,492751 361440 743290 396415 428968 428576 738044 733777 660 743253 
46373 45771 573429 132289 132139 422720 573185 48484 910845 211103 ,893195 354796 454276 422738 873847 269228 905838 422582 634574 215804 
550168 958051 397438 397206 613665 162312 613307 838473 146855 164011 ,550168 958051 397438 397206 613665 794860 590327 182436 401189 183247 
81333 656436 595288 595209 831597 773987 609951 115611 979107 905318 ,81333 609951 115611 722914 69917 964815 5946 80402 37351 396980 
235643 601362 502218 698905 601798 231434 478684 806497 389905 501518 ,601798 806497 358435 68737 511990 428310 104847 359512 239740 928288 
961268 572632 990051 809642 809933 932875 861665 398423 258118 811848 ,572632 990051 861665 861774 951680 961171 104610 412164 800780 546593 
706486 405412 785548 405427 670159 518486 59336 562766 712324 74647 ,706486 405427 518486 59336 562766 74647 119413 405205 475112 773820 
698987 552424 523751 948607 296110 439158 317673 85612 106048 4224 ,57623 187307 365639 441766 563557 209115 410761 714744 56343 56309 
540531 848186 782053 102951 824038 48318 423739 814699 800573 543862 ,540531 824038 543862 290647 409243 558716 648720 411890 774135 907648 
252116 54220 74364 963122 937113 287111 996777 336606 24520 584590 ,252116 74364 963122 996777 584590 837375 225213 187635 668854 553107 
95683 61281 68738 286930 353674 944472 943691 13308 683337 62317 ,61281 68738 353674 62317 15467 365943 15178 268560 513168 15757 
892231 406652 746153 517984 898970 82455 754472 54518 536424 738582 ,892231 746153 517984 754472 698990 406077 520325 402280 400983 631558 
212148 228570 222355 212781 275325 814555 783436 510439 281021 3108 ,992519 799786 503686 342046 237780 238001 155969 228235 107948 508618 
377344 533731 109658 411309 108861 145697 441231 300638 590298 127671 ,109658 108861 441231 300638 482380 411119 695442 370083 315726 298960 
235675 358824 27914 676768 346688 675851 321406 751073 760761 676628 ,346688 760761 817336 309737 155390 857313 971838 317597 818395 606248 
392112 22225 198043 276859 692270 393325 389082 369394 804855 798034 ,389082 369394 219550 710741 242288 806383 861149 229062 724548 663388 
424260 316105 405406 571844 229225 778290 872354 451313 200111 451072 ,316105 229225 316115 521274 792819 379987 864312 89879 50735 804577 
970671 962900 961973 962434 906359 251573 574345 838497 970246 23867 ,849993 919376 646533 594548 137688 916218 851580 772651 684913 760067 
890354 893190 448954 890112 568816 893031 449098 890255 757949 892966 ,757949 380349 998740 870371 10689 900039 6910 838479 641801 660338 
890364 642597 477011 598697 57249 185421 57966 954592 83797 776833 ,185421 57966 83797 776833 107408 385294 196818 149430 597377 143939 
890871 406754 771593 133000 771406 491180 388985 699901 153883 515838 ,771593 771406 699901 391406 441453 579728 54102 53018 510107 602456 
232887 91796 88353 87979 193061 271877 86643 224653 350686 27426 ,91796 87979 271877 271737 192921 520594 420042 86667 658249 690919 
678527 678654 458721 754869 755136 569962 587655 351652 4598 681628 ,678527 678654 458721 754869 755136 587655 4598 653777 889578 133000 
408586 806755 33701 599247 427855 785634 113760 177708 567882 427112 ,599247 567882 727241 32200 8663 966500 32848 390013 31912 636056 
294 379055 695267 973859 669417 669465 482620 265265 509591 669515 ,265265 509591 93164 696510 239980 278005 431159 926777 337598 508404 
442243 473848 198418 277234 299528 208478 636487 173673 927822 97399 ,473848 299528 636487 173673 927822 695827 126898 814097 795411 109714 
679287 65752 297952 716128 37751 57206 555814 46914 571928 108142 ,740839 470912 911699 213042 468636 415635 287188 667266 130696 425775 
88910 193701 272517 195186 274002 748633 751730 226215 904298 48560 ,88910 193701 272517 274002 195186 493339 911380 982759 886779 225696 
738935 600088 96124 439637 249132 456168 353811 294736 533601 714295 ,596711 564828 298110 583211 168663 924948 79406 456992 760289 211895 
412477 376202 122934 504244 541217 861022 234103 272209 518151 510646 ,412477 376202 272209 410753 703438 264129 524827 412377 541214 412995 
184176 402173 691722 987748 520277 471287 469920 801440 275261 425487 ,471287 425487 597955 572912 253546 500057 883942 63392 65168 873317 
156287 186694 718728 770520 913884 121515 661542 214185 440333 520556 ,770520 913884 121515 909587 807245 188232 174101 790569 572050 737233 
431558 3627 198704 401411 465930 841513 705770 705806 843664 123293 ,620229 168986 840728 844675 374414 700231 856619 168801 320665 169127 
648592 423350 649096 422892 534819 649207 641600 534669 648418 472197 ,648592 534819 649207 641600 534669 648418 649125 646765 425113 647215 
933372 697661 696946 927881 109292 12448 107294 170510 107504 107713 ,933372 697661 696946 12448 170510 119544 698296 338518 199987 823870 
558528 423669 558443 38025 37772 37770 38960 38709 38875 905344 ,558528 38025 38847 4850 105072 105311 37639 477328 171390 38842 
970912 760288 116788 59265 795054 781205 795138 307465 674707 579491 ,760288 59265 307465 579491 905563 600983 783650 609385 719378 570120 
476390 331788 960039 303583 211579 97023 478511 476490 220956 110303 ,395148 309914 390988 396702 260512 713258 696033 687115 936181 867361 
641243 640821 640927 640129 641011 640769 640921 640969 640982 640855 ,641243 640821 640129 640769 640969 640982 640855 642409 640621 641064 
134221 716879 713854 989765 648730 673214 6648 667549 610011 760219 ,648730 673214 610011 760219 827330 760002 649047 816074 569542 228301 
116311 323689 730679 694973 434845 63740 465579 732408 715458 434825 ,548741 948390 107873 791462 931015 766732 558202 961948 367086 373634 
641801 642126 642706 642836 969912 423175 970401 644478 424205 642214 ,814857 417860 890598 381436 893335 766256 991817 537011 832539 560084 
454114 394171 749260 436212 868374 503055 453625 868117 868093 390403 ,868374 868093 745191 714582 722847 526530 202003 715447 931913 947553 
349017 258831 233936 665898 356855 780044 662919 244500 359390 27757 ,251191 563932 975898 340153 278784 805490 273108 354054 948576 554820 
352149 338701 337703 249467 669888 353035 280118 306646 492682 307425 ,669888 307425 526127 630348 31851 738649 337906 839184 240875 351000 
879787 830744 738878 868497 10115 777162 885664 738778 732328 823156 ,738778 668986 921303 594153 223666 977642 883108 191640 99966 519260 
283207 829771 196696 275512 283049 728367 727729 79706 63611 13562 ,196696 13562 299437 494958 79760 986981 532427 290190 111826 823780 
475860 475555 476421 308030 328156 524367 223391 845476 923250 716575 ,716575 632117 14764 68364 102377 510901 535194 498214 764521 363418 
729465 485969 407333 485996 509487 119665 523594 880977 976151 890620 ,729465 485969 523594 880977 976151 890620 522654 416655 457771 601865 
628286 628513 162971 159854 663147 162941 347386 246515 112864 134064 ,963646 215603 924753 822210 293868 187307 540672 656358 355288 582566 
85428 83036 65026 600667 83115 108059 280060 350468 940951 524652 ,108059 280060 292869 152791 95198 336622 177038 294899 305244 514766 
905747 549262 906417 589251 482075 183710 345127 183095 189846 923257 ,183095 923257 209240 711109 455182 712201 24272 762046 246361 178295 
934011 935791 388080 497248 320586 320785 973 900664 227674 229185 ,934011 935791 320586 214531 936711 228317 575543 174910 486284 857008 
791897 925318 16381 754175 735445 782159 562659 9421 295308 753576 ,16381 735445 782159 753576 285519 989080 782730 508100 8774 575421 
353427 902368 519493 74937 519842 56559 450721 415088 73421 890260 ,902368 56559 890260 74468 81988 59793 104736 432650 207677 61134 
826054 826576 711144 953105 646317 786878 730237 610157 796775 592655 ,592655 311669 676444 883093 883054 654767 104246 647743 772949 30904 
796667 827513 427131 369441 503080 679239 790896 100057 448677 155640 ,827513 448677 435466 403062 846360 427096 538045 416042 84193 25193 
597910 303601 396819 240177 166694 755462 269903 561169 546777 60761 ,756468 988298 278602 660323 865868 350294 195614 362676 989449 204418 
192527 271343 47347 305393 449872 439809 739094 227488 111765 688232 ,271343 739094 227488 688232 123755 306643 703438 130475 53996 804033 
552462 66260 552823 391481 570293 84673 83034 829486 330311 897706 ,552462 84673 477865 596110 924898 217133 66332 884493 570687 997613 
547180 321506 658164 602356 350477 336642 602076 350493 660764 364425 ,336642 336702 953644 934423 279272 787547 182551 321560 308864 350426 
910393 653572 681943 652635 598961 441760 670691 653951 630376 207168 ,910393 681943 670691 207168 207284 225811 859072 964241 448728 681920 
499718 364389 98820 754177 719046 826097 72225 363954 883609 358664 ,499718 754177 365292 120204 529679 508538 524127 235894 127972 685646 
36439 895632 537398 924529 718294 474044 140707 470903 409017 560026 ,537398 924529 718294 474044 470903 470956 52336 689447 43834 874660 
235791 241101 331078 410886 169176 346850 392690 178594 230783 333623 ,230783 877913 169643 625894 724987 753955 627123 300131 626693 279477 
134891 755064 244827 211991 873707 230548 654384 306954 420751 52382 ,230548 52382 57532 71451 890179 882596 251139 178176 44271 829875 
913076 320461 290376 321274 651721 789967 301771 518250 586540 317000 ,320461 290376 321274 789967 518250 317000 63513 372046 299605 661619 
952210 946088 888566 739324 707619 390819 965486 71080 704849 965900 ,71080 105343 928519 987529 687711 276079 936459 688834 122815 10148 
792229 193656 754129 209567 503952 374357 63307 247060 694727 62020 ,754129 209567 555710 405 326545 98961 969893 310438 430527 133889 
796011 875385 874028 938297 716581 472105 541651 143473 524820 830234 ,175526 680247 160417 778875 92475 567648 516613 216494 520033 963582 
104846 122240 458177 105138 230196 363932 422049 753345 868443 107708 ,122240 237417 525648 421816 188794 410004 292025 520177 237020 528573 
339195 214489 342049 27921 350986 526136 140740 24349 691513 690820 ,690820 893418 22600 258646 21450 272311 671618 754904 406332 534477 
795446 101030 325988 917542 25811 904846 415229 778997 826753 27941 ,795446 101030 325988 25811 324323 976267 294815 59520 475663 743221 
795456 795671 795990 614852 610822 610472 392878 219128 843226 143321 ,795456 219128 843226 90948 549348 84108 352219 242582 430438 529118 
293576 350567 337287 306360 306681 350776 105029 609004 279973 845919 ,350567 609004 321964 709040 352765 278811 123466 321504 306226 292246 
967069 681009 696197 182004 795819 792064 406241 229834 929492 878212 ,792064 513600 705436 838556 927436 670406 481387 768361 405002 980050 
750376 150126 749492 746828 149589 166034 603950 727942 972522 996673 ,150126 149589 166034 996673 17581 714476 172119 323362 590200 765902 
382710 464086 613715 464392 457072 526888 56362 315862 317259 53416 ,464392 457072 526888 53416 314395 397065 380392 740346 199607 278423 
188852 188915 188844 40571 188879 340073 912138 188894 114793 704627 ,188852 188915 188844 40571 340073 912138 704627 864601 758543 536301 
915763 889866 124476 967462 254548 535429 369500 855220 855999 233547 ,855220 2494 66088 842278 842170 799348 66783 696634 856274 66959 
537532 640871 916249 907158 502212 754141 502371 668672 762760 634129 ,537532 916249 907158 502212 754141 502371 762760 634129 619158 911244 
227574 27055 227523 840419 413837 413885 228018 840223 248262 745220 ,227574 227523 413885 745220 237509 227725 465359 341046 251868 227928 
35578 586433 401171 177385 108591 586053 289833 795487 434400 508833 ,879315 397647 413043 402387 429461 404321 318300 262027 909899 167611 
354846 312557 527660 883442 403367 843861 22846 709647 916308 498511 ,403367 811858 632727 844522 225570 806433 632681 88510 529541 13456 
568263 785334 637555 646912 934584 855987 607447 609731 762089 640052 ,443397 775964 279918 683377 262373 583849 23554 713735 450060 444309 
640678 572800 559714 826116 839433 183890 44487 839360 655356 809999 ,826116 839360 804479 822414 443217 839476 657538 657927 190957 826074 
742266 462047 742350 714756 687195 707931 463800 554376 843937 457332 ,714756 687195 340137 119817 340463 33757 455438 109728 585223 508112 
683902 66220 85978 633327 683893 405271 63091 683536 683644 62689 ,66220 791887 705739 852106 405206 410317 908761 288240 259908 218864 
460644 462486 242438 397957 61067 770915 489167 378544 929078 842069 ,242219 518671 869690 735632 503506 862026 395322 261181 603965 301989 
879817 879813 879759 879785 142858 535083 36418 493427 226598 554781 ,879813 879759 142858 36418 554781 63085 696904 101157 158231 842555 
915861 936742 122395 915875 539285 684889 277831 840608 105039 452431 ,915861 936742 105039 841676 663418 55736 100046 659319 42993 54481 
708741 929129 61060 887797 678478 564428 745118 736281 861600 867886 ,61060 564428 745118 867886 226643 479857 929170 670080 376506 12922 
159575 287647 402152 398720 287177 290962 159291 404778 402112 281786 ,159575 287647 402152 159291 404778 160284 883371 480370 531948 519079 
730246 539609 796374 316255 892668 240472 241031 963604 622621 251336 ,730246 316255 240472 241031 963604 622621 251336 776549 583480 114193 
489328 930024 304428 76818 75251 66974 586695 164266 482283 263300 ,76818 75251 66974 164266 822843 65515 525999 76148 961860 796993 
982608 536526 853752 981629 397379 981791 909712 503754 536629 398268 ,982608 441116 800275 668262 442294 275456 74531 109019 862189 498640 
174811 113082 484661 192168 31427 702970 468054 113314 982233 997486 ,113082 31427 95293 524163 459868 493372 154071 869348 752401 821970 
578249 260152 668295 569220 764203 670111 931868 528344 146820 764197 ,578249 764203 197764 198223 936046 316484 868551 226605 247465 708573 
478403 56187 53441 775196 475139 908526 419712 684061 786439 174269 ,474118 911994 56309 552403 473552 794327 59143 106407 850301 856933 
641374 385804 902222 65809 415116 641524 421671 640632 83915 374323 ,385804 415116 641524 83915 374323 537644 543749 552972 557819 4780 
323395 338830 181840 381903 951733 423745 910048 326382 976052 692603 ,338830 910048 411160 95298 765321 462669 978492 356468 91172 20653 
387187 940102 386759 769982 383191 617035 411136 808173 167215 678673 ,37874 478562 906796 810740 476032 79023 810498 829373 475813 282737 
953335 912953 643077 446767 655482 656652 642892 887584 639933 446176 ,953174 446683 850456 907440 816725 642735 445844 656588 447744 479331 
889405 889427 833833 982208 672793 113196 825090 676855 824917 41138 ,825090 41138 373975 854564 604039 672315 543253 772835 672932 673549 
545162 996908 855362 867688 849192 997059 848818 858945 853636 191394 ,846844 856383 849194 969105 846686 877017 443005 852975 756110 832993 
460368 478187 624182 283465 656163 698783 106297 129102 349343 124566 ,460368 698783 129102 490554 110048 793095 715776 139435 398152 732469 
541954 541907 226479 225859 801090 667793 682082 444593 103958 515942 ,846970 936265 264892 936516 840050 918849 668413 852157 850948 870987 
846687 997056 996900 996933 996965 824015 768224 867667 846136 867730 ,846687 997056 996933 996965 824015 768224 867667 846136 867730 867731 
916317 915630 729990 835281 988046 452254 969026 285133 915420 374480 ,916317 915420 285650 374192 594679 374117 90653 870848 964991 917889 
632993 336716 951859 63928 25358 799382 524715 850226 942682 510288 ,850226 336630 469275 536467 279215 106636 923213 816477 964710 25158 
798733 739121 458220 441678 223676 669797 795561 893192 226479 246290 ,441678 669797 225859 628085 272784 669815 87966 254338 199830 264108 
841167 969367 563976 720428 862464 553732 70562 664178 664793 971398 ,841167 969367 563976 553732 811826 201050 265328 225367 841287 271466 
730072 313047 645657 53141 905216 913380 861358 414029 417166 417127 ,730072 417166 536061 422712 861548 512044 973091 533901 730479 861367 
182827 10747 827581 978134 890304 884386 148224 226838 965521 784323 ,978134 965521 194174 827389 632307 220861 824076 251654 902820 804256 
528888 94209 135216 171541 678420 94182 521440 223154 838471 83173 ,521440 83173 430354 387771 267025 483207 568464 798175 108789 726818 
714510 588924 226116 349718 574575 785784 867682 288524 190021 250882 ,714510 867682 515886 243884 715270 599234 431401 317722 45068 258182 
561777 317730 917344 418595 409156 971519 872272 834894 312382 72775 ,561777 418595 409156 834894 241684 302016 345052 661887 235869 197352 
449278 907392 885478 912835 539526 379960 449369 480185 539535 890376 ,541323 71922 410130 883183 278537 385666 955086 879742 671539 272976 
844991 776246 21635 711630 128532 195010 98532 695399 484012 362065 ,128532 98532 888210 381410 111842 435781 385727 269372 267671 940958 
211475 584763 364474 792434 902679 799422 907065 849952 476648 476259 ,849952 867689 908998 284213 479128 890127 620538 123010 172948 982830 
542514 238632 74603 542625 210960 481942 977508 864062 563825 16932 ,542514 238632 977508 16932 703114 977811 345968 679402 893585 907928 
343146 337388 348267 742453 453383 350489 336854 58645 454082 350638 ,348267 805755 411547 512844 161301 211218 158353 323377 488167 193257 
5705 812313 223969 224135 118352 226295 302874 878769 16430 553913 ,223969 16430 553913 226038 852052 522175 813342 797175 481033 861165 
795429 452139 270143 321339 559461 369674 604746 520002 871975 630969 ,795429 630969 50736 813007 218115 154735 616553 413378 605155 346247 
816466 816052 816520 777071 817446 777125 570877 959746 886273 890738 ,816466 816520 817446 890738 66447 816314 210763 775437 785474 890625 
311957 794323 366622 199348 278164 88229 193683 272499 948461 253404 ,794323 110940 36718 203864 140277 608601 140386 691886 860879 284911 
991592 973961 847178 775924 191726 997469 768374 768191 845582 854354 ,973961 775924 768191 845582 854354 857615 787823 889206 851175 995155 
437846 22387 119932 181425 856429 731249 20568 706238 725871 216486 ,250039 15540 331761 680889 917289 181205 916614 686202 582773 731031 
471723 338442 227601 776066 991810 905737 645541 964986 825271 417569 ,905737 825271 193082 40925 905926 717252 643944 651215 825356 893039 
956553 860119 183777 864997 341148 864957 342597 212852 987397 933469 ,183777 677767 821729 58147 196195 741720 15723 381482 24981 841848 
520275 382589 481575 748884 564285 474516 60357 804860 947966 397036 ,804860 947966 397036 479249 739801 84537 117190 654383 545600 771184 
849748 102212 873722 772132 769145 102249 997816 756341 957805 542465 ,772132 954443 768374 858718 807609 843653 885745 848300 947601 807832 
827320 827453 906567 827675 46965 753586 907001 911922 753559 45943 ,827320 827453 827675 46965 753586 45943 753571 608744 906390 721011 
785437 186796 642299 642460 981976 227602 717251 24033 787887 616150 ,41467 421284 220121 781697 96711 599250 960376 53860 428408 905650 
706548 110761 761642 605333 729538 522432 64438 193875 272691 741874 ,522432 272691 155267 72802 630342 12423 711111 483001 100006 17593 
934585 380180 857271 215760 374985 730072 852918 847624 350706 536061 ,934585 380180 857271 374985 730072 852918 847624 350706 422712 140499 
666229 377516 949615 93445 399707 947684 535541 535452 688437 658095 ,377516 93445 535452 75383 770944 631645 241085 360646 788238 105369 
807904 465073 811086 692042 806824 426941 190378 692191 32271 587379 ,806824 692191 32271 66522 231943 753724 560659 589111 36705 427264 
642855 642269 642562 643622 643205 895134 436860 893704 894032 355195 ,642562 439249 288542 760277 925521 530934 758987 895041 114092 318405 
26989 904552 665095 42496 761104 785947 850741 872871 830280 26565 ,904552 665095 42496 761104 850741 26565 838391 830204 618942 665434 
233556 123775 205147 269425 665204 989057 233460 929909 64610 666573 ,62973 876666 988830 989246 276506 394640 195080 273896 963048 854848 
576011 807060 573606 841537 726588 229126 159051 230917 415611 410855 ,807060 573606 140916 265864 465476 465235 294425 22854 960911 465761 
505274 459250 499539 249108 182585 339975 684447 954474 100262 261728 ,339524 518967 279129 340748 548333 260648 81156 260329 43879 459654 
940638 823734 993843 642659 447044 885575 545655 476621 885194 212631 ,642659 950708 472557 476494 559138 996427 672635 154469 853717 651714 
20800 522313 522773 941817 94484 522587 312992 534659 601077 953452 ,365589 523662 943148 432911 473483 69520 231262 472376 26630 365671 
381304 565807 209881 840175 679170 961207 861232 539 228187 212970 ,679170 539 212970 227633 564635 795438 266916 127175 237297 840091 
839160 975476 656575 211296 899283 285908 353604 657616 702849 992569 ,839160 975476 656575 285908 301223 211252 20069 320412 976305 212030 
827154 828619 279150 103598 323101 323324 645819 646160 902614 645734 ,645734 539884 645628 539746 824715 59136 679036 396559 665492 778311 
342465 341926 605246 356997 946358 782654 417347 6179 636212 31913 ,342465 417347 811087 774102 471966 765069 626702 486034 179965 533931 
222253 488425 344656 878432 450392 371257 779657 634733 478588 211901 ,450392 371257 634733 941511 250660 248582 369435 987266 321365 788493 
305263 80535 55996 79727 662710 422552 79413 614954 80272 785060 ,305263 80535 662710 79413 80272 785060 422517 776982 80265 637662 
357363 675238 672899 878201 673796 666107 675560 356382 322480 603563 ,357363 675238 672899 878201 675560 356382 603563 280605 638699 651395 
237219 351143 719086 575789 753787 336946 781561 781145 630468 213011 ,351143 575789 753787 781561 341238 631294 352343 754246 228256 50983 
912857 368685 912981 230316 368854 240106 846190 846009 436213 913681 ,846009 922267 471531 636347 774447 834888 196650 676678 718639 908741 
586631 752195 691878 745331 692055 722681 284910 96075 855691 741579 ,586631 745331 284910 130217 3508 453659 485051 885961 123480 459334 
457335 889977 889768 640280 398215 668983 203820 828485 188793 204063 ,880815 704452 236394 451884 74031 639895 515854 728260 638255 237278 
358191 344795 342138 299963 302936 297374 204002 357037 213947 442025 ,358191 344795 342138 299963 302936 357037 442025 628210 204387 218092 
404061 678903 38671 993915 993907 403038 849923 470251 454011 994021 ,203495 897800 733079 875673 421886 18721 517813 313995 204938 995592 
603872 607866 1180 607299 700514 1289 388443 485877 943900 607063 ,603872 1180 700514 1289 388443 485877 603626 226607 540816 225326 
306172 370774 942736 78543 110061 806818 548420 316450 305846 943382 ,78543 548420 316450 305846 516006 492227 520415 514583 93161 807158 
622849 953743 791468 144359 130659 434534 368054 483649 95125 130263 ,144359 483649 95125 24772 526769 311279 795598 313468 160773 111544 
737374 293933 585096 350511 739219 741073 263050 80093 81532 245449 ,737374 739219 741073 263050 245449 662905 171086 375732 497076 99237 
49483 165857 701817 171695 2699 1564 454603 438607 454562 49593 ,2699 1564 454562 49593 460544 465785 174585 874386 920319 680487 
868180 392524 256440 933484 392077 963670 296197 329428 625727 18009 ,404135 3848 13005 594285 298078 262322 630173 868540 626393 840087 
764342 883356 33423 491364 350069 522299 522859 819596 231419 639721 ,764342 883356 33423 522299 522859 819596 231419 639721 575883 284502 
147765 164666 587050 584764 230929 132315 382450 994687 855373 947401 ,147765 855373 312639 91758 748174 655766 311079 942405 151962 948371 
196856 275672 434139 706711 210109 732348 597508 238667 791788 947373 ,210109 238667 681193 695225 947112 987434 831955 858084 13355 595043 
827957 828918 764010 836662 762779 802284 764934 665826 761307 773913 ,827957 836662 773913 642965 819427 614031 826455 604283 713919 894021 
939083 567096 554108 441730 801 25565 322639 442195 912581 248852 ,554108 441730 25565 442195 993790 597419 46536 806168 838858 781501 
432985 692171 436309 432160 129269 253890 809019 838975 243330 511691 ,692171 619570 989186 25654 852525 315449 13962 574287 608842 653484 
308002 436552 284691 481090 950535 435393 582411 33290 595487 324731 ,284691 435393 324731 907041 982634 645427 645632 394185 178338 293760 
655877 518175 42259 931153 8497 616134 207597 383702 959671 75612 ,655877 42259 931153 616134 959671 563174 42536 43552 980912 545113 
932558 14788 360162 378007 385028 356943 930609 844932 18360 933235 ,932558 14788 378007 844932 18360 377721 17137 12883 99209 840153 
377035 124931 51623 993751 37927 810499 419691 39120 411197 903404 ,124931 993751 37927 39120 903404 200641 124279 604589 641175 922622 
89140 91969 469622 482505 280016 43944 298447 250203 370749 367891 ,91969 469622 280016 43944 298447 250203 93824 541273 53621 713614 
295468 304735 293920 949012 93516 942137 716142 976665 186770 296750 ,293920 949012 93516 942137 976665 186770 294420 187031 222949 948925 
467157 467004 467206 234645 293031 468632 294704 236181 575202 233757 ,467157 467004 467206 293031 294704 575202 233757 233375 785446 152638 
860092 96175 745622 482337 407528 516990 240350 778768 795658 860308 ,860092 96175 516990 240350 778768 104385 689775 517654 84118 351400 
158442 997773 191075 761107 568217 758924 833116 190804 568412 649859 ,612820 468907 838050 190993 567211 760252 759005 993345 405690 881684 
602059 838975 586448 658758 839191 380905 233410 139540 838764 160920 ,139540 251789 315449 803833 144413 233673 347487 740112 852525 142490 
537792 376241 538160 538626 39318 477103 477426 581360 537274 914419 ,537792 376241 538160 538626 39318 477103 477426 581360 537274 914419 
877090 641846 443565 881576 640607 640109 877419 443925 643163 444722 ,641846 443565 881576 640109 877419 443925 443738 444690 959885 995858 
352747 338422 351915 337893 337434 350588 350703 236942 505912 227242 ,352747 338422 351915 337893 236942 505912 227242 283428 227189 236910 
405654 125561 380476 612333 964863 614060 117757 405254 346715 783371 ,380476 964863 752165 13719 420588 763499 616294 617358 747726 870751 
883154 292025 673532 672387 673357 686098 292422 672164 600869 748373 ,292025 673532 672387 292422 469121 520177 810089 188794 469134 674720 
461204 372100 751311 777674 888152 818006 151055 777813 667411 161745 ,461204 751311 151055 667411 893369 718294 164000 888323 331810 653605 
295131 498353 499429 621344 365094 693202 516552 485078 52901 516696 ,295131 621344 365094 693202 516696 202237 266515 60924 251977 579272 
422816 423092 994114 305176 129271 246526 444012 227344 470839 75716 ,422816 129271 475278 503724 321852 619159 249001 854257 814171 237288 
592431 887704 760869 222639 450398 633796 849957 474501 700309 979857 ,760869 540807 979811 80831 951874 697082 483441 357140 56363 274411 
65571 565869 678772 177762 226518 801822 151655 468485 936826 434057 ,936826 361491 270588 182968 93436 845160 921507 164988 681409 18428 
297045 156520 614525 461510 205103 699721 883254 124056 80983 728967 ,156520 614525 461510 205103 614516 462770 297261 809852 1383 822638 
602175 608131 661575 614619 32658 31380 48425 281348 32193 901879 ,602175 608131 661575 31380 48425 901879 179058 48526 209414 743105 
297974 72714 557734 975739 659036 339323 20521 550311 519265 906214 ,60375 337452 941249 437173 930976 367042 19679 703517 679929 936206 
795281 795545 552480 618611 795419 552592 468695 141941 253422 564770 ,552592 468695 253422 564770 774381 565470 872578 894204 854529 471414 
929845 539419 193 835058 857179 243293 836146 194156 272972 941900 ,539419 857179 962338 223783 970621 9897 878396 878899 520586 543048 
617990 390946 397108 615205 257560 615031 400955 346995 665096 400214 ,257560 368878 71913 780700 14626 406587 262525 310718 821607 237506 
923419 741083 770937 246919 431780 762332 665711 762702 613319 564883 ,665711 899181 392658 768714 139170 837282 821728 248664 627830 585899 
353793 947183 947613 573859 577062 423858 752308 693783 230836 574562 ,423858 693783 574562 166922 573412 278896 260192 424989 610046 171366 
801858 801515 882671 904970 797876 811726 100283 801727 984214 980399 ,801515 797876 801727 638236 878022 421739 641277 570413 467084 603975 
354157 355432 341879 337520 342870 431919 453402 99167 694027 432402 ,429553 464981 481089 317419 826274 503831 723182 283036 946957 75408 
339850 354265 817001 45397 339998 5789 101773 186667 354126 675066 ,339850 817001 339998 5789 675066 403388 465802 402979 706283 654749 
802292 340809 75913 949726 384062 923578 387666 371887 309566 383350 ,198632 914367 941317 728330 92386 87872 850096 619111 430526 13243 
346397 345773 324616 228034 536593 821133 685669 813091 495856 248073 ,685669 813091 495856 599495 749083 599362 29218 514135 131604 514280 
512292 38485 917378 426120 581360 477455 556979 257754 256142 7847 ,912954 893765 37937 329447 38379 138417 753881 541372 129822 534546 
45323 303266 45671 45974 632213 967431 813763 439449 327356 76741 ,813763 7739 209458 704917 780448 75306 419730 110681 574397 198260 
893545 540 987757 988903 863707 219457 924784 861973 988768 237933 ,540 987757 863707 219457 924784 988768 757033 217781 330757 877162 
812059 418153 606664 880648 583218 668404 375518 373970 9836 413459 ,583218 131261 839911 516367 788349 830688 270815 60078 71378 987906 
581119 767488 828683 255066 971223 280062 900057 581262 576893 604148 ,767488 971223 280062 581262 823543 972531 58222 756916 255329 160608 
524018 10903 524566 864421 81722 735113 17472 863450 16015 490674 ,864421 81722 17472 863450 490674 487884 326001 27927 452648 460519 
310481 37980 984542 248297 38512 39386 389664 38448 312101 39042 ,604032 477448 38203 541383 558723 541372 39459 41166 38588 831497 
116990 13039 426154 752570 966996 933025 13523 752369 884852 248732 ,248732 236566 967972 713492 354813 588453 356410 116395 441973 436578 
5551 6709 870840 920464 620523 6611 6676 447124 891968 38096 ,6676 38096 312084 448137 410943 447084 827715 641723 128435 447374 
923882 903103 298300 985319 306741 424447 903083 624275 431562 407372 ,306741 230041 231259 337218 578371 113190 141067 367481 342291 991409 
365248 881173 918927 899018 904838 366069 120567 432725 353474 8378 ,904838 919697 224075 127947 464994 512700 566139 414249 872964 886101 
74197 806982 74779 740361 75585 464651 732543 805955 837101 810238 ,806982 221991 419553 424899 521142 518065 598454 264070 719236 730656 
503520 759780 500793 389826 326378 351379 389851 932468 529009 150374 ,500793 389826 389851 932468 336687 174881 998755 932818 572591 559715 
356111 988181 153033 737711 356734 563249 343151 734520 743893 602545 ,356734 185068 386421 42737 537826 155968 24200 239102 14871 149928 
766510 33353 403873 593477 680749 185972 111742 179823 498907 808571 ,766510 33353 680749 169472 844930 891845 649894 873821 21152 916152 
862365 862635 821259 848740 848816 646279 24722 24915 833323 821333 ,849383 732385 190597 636924 886300 672635 190708 447339 871391 445852 
826952 829497 827560 247316 936552 332903 247863 938065 152508 152684 ,826952 827560 247316 290148 91164 259655 332678 347266 828526 571849 
570055 363864 510256 500103 305096 817646 130901 687356 426723 599470 ,79462 281751 642155 445037 445666 714218 405555 207086 736934 512416 
514647 514431 630117 940770 497535 712475 200349 264627 538169 867295 ,514647 514431 630117 497535 538169 867295 628897 15930 361435 424713 
441404 872269 825319 330614 10642 441374 405040 414323 773900 405272 ,872269 825319 405040 414323 773900 414376 862313 773891 47109 631272 
548881 610187 313838 190933 624960 965504 688072 624213 601339 292147 ,610187 313838 190933 624960 624213 601339 292147 190786 278962 719924 
875413 339978 336691 690086 258217 925931 741783 251824 253568 287283 ,336691 741783 7909 63343 352829 134152 79386 575909 169972 36111 
519545 96149 312089 181408 691117 243593 943802 165303 962161 594420 ,117870 509130 979753 584625 866460 648952 477304 734171 298769 319442 
650037 998940 971390 831283 654895 757279 655603 447077 760032 961851 ,998940 971390 654895 757279 655603 760032 819198 760526 566100 673476 
40892 906706 902877 899674 906400 44038 40862 423636 655013 604309 ,906400 44038 655013 655574 42112 656472 655727 654983 655944 442330 
474309 380305 595635 392147 988248 649669 432528 944239 200875 875290 ,380305 472337 974144 681410 931709 391453 104175 842423 460960 514254 
731615 362177 814141 516961 77965 717394 724624 994205 876680 71379 ,732803 5884 346807 923710 5325 551880 10081 360008 507352 125796 
232161 46663 189048 219337 219200 549051 732336 717616 717304 520735 ,189048 219337 219200 549051 732336 717616 717304 520735 425922 732347 
80553 22435 326534 693766 129725 463916 480550 584064 77045 64812 ,577083 727830 740849 125212 251325 581528 45628 144004 59915 45547 
235212 303284 891146 696875 890542 235680 491010 562139 137847 933294 ,491010 482655 467097 482229 734218 93738 595153 199635 200961 13375 
760515 835616 221970 850499 829526 759041 34078 762801 221000 757887 ,850499 191076 760806 124133 567601 336465 190971 567597 835981 989708 
987325 847785 835759 59632 846999 851480 204267 268545 721705 771799 ,708572 16232 915125 985895 858572 212821 723732 792245 594517 541785 
950825 646395 209211 763749 253632 817378 435897 252254 125141 433537 ,368729 570798 666020 296198 841108 360786 951633 733245 211059 220289 
952142 844388 748816 88283 881444 461774 575637 800672 690516 623854 ,461774 462900 269735 146074 550548 595912 786679 550740 328205 911254 
910690 555571 555502 387943 985855 957974 879086 897482 984684 647400 ,910690 555571 555502 957974 984684 647400 136850 770591 646605 985543 
256229 406974 118665 491371 585405 255378 574126 720763 770717 395026 ,118665 720763 209007 64189 531138 976028 998213 826680 4977 32796 
364095 605612 341898 506570 330273 292374 350805 663782 230789 350950 ,341898 330273 663782 350950 90495 325080 306223 511229 287175 782365 
765676 323551 473611 326964 377174 92467 43491 377175 933509 74184 ,377174 6549 433141 131805 255820 647993 484071 224543 487684 664780 
133074 624378 649809 214823 538250 510610 708689 972522 119304 722736 ,119304 624136 748077 360125 293637 437808 166106 16350 23100 403541 
631584 466884 697010 109167 484860 9217 395644 852535 456580 697177 ,466884 109167 456580 945368 946645 680849 893332 402407 209389 276338 
38566 559162 39416 512544 38446 888937 559379 559355 39429 512415 ,39410 39341 39404 478386 890813 638244 521306 55237 511236 426121 
969601 911852 306281 710354 943994 272252 699377 482267 354536 684007 ,969601 699377 482267 273809 272097 31776 484348 63164 239961 33169 
200676 264954 919403 284688 99688 128611 475748 637322 123623 416084 ,919403 236320 454280 835358 539369 592174 43662 509394 902919 322888 
907929 236146 83494 77686 84000 718475 450192 718234 910668 479205 ,907929 236146 83494 450192 718234 910668 760576 84969 759717 907533 
957642 957533 904185 854019 191159 857940 957907 832993 846110 866106 ,957642 957533 904185 191159 832993 846110 866106 852658 443339 867729 
678725 549624 669368 828095 684739 81169 991242 27036 173696 755090 ,678725 828095 684739 27036 755090 398136 334021 31155 556411 326826 
352994 74236 64577 16821 513900 574351 394 823555 153806 175618 ,74236 201115 609570 578962 721315 174083 93035 529494 431924 990819 
786793 787133 362042 483933 12372 998416 592316 579212 12009 297766 ,786793 787133 362042 483933 12009 297766 737836 83388 762527 871863 
660505 291209 490413 660808 321079 433510 695366 291578 351140 489177 ,660505 490413 660808 321079 433510 786299 457944 661972 547863 252056 
808381 715324 795689 538279 894355 415074 700561 814406 252862 904030 ,808381 715324 894355 252862 904030 253013 814317 216059 603575 718439 
823656 686934 282200 927027 296548 641893 640733 442622 641419 442653 ,823656 641419 282271 641597 58295 480063 389429 683963 537091 686440 
24964 940566 407007 432266 780082 504105 858310 364807 435786 515512 ,24964 940566 407007 504105 364807 780080 780452 281951 292584 431215 
497178 500332 497355 497328 498632 628232 502897 971981 502345 308815 ,971981 152701 376978 282136 66083 100706 256723 390550 664034 600683 
396812 64764 78295 868889 947111 403671 877995 798930 192975 271791 ,879793 482562 876667 268265 748031 861825 682689 69863 134295 664178 
134233 412481 412453 610094 317364 68604 88128 610109 227598 751378 ,152992 57387 53669 229576 61420 263077 376979 89715 322095 356654 
850351 321833 24264 440690 560726 850347 454275 24130 354795 305662 ,850351 24264 850347 454275 24130 305662 7858 714803 417069 95113 
405618 406857 282628 985737 286448 199351 273816 278167 283271 964571 ,405618 406857 286448 199351 278167 123305 954532 379072 828683 196996 
821951 821932 86091 825498 104706 466671 600997 566292 821922 522337 ,104706 566292 821922 688334 86762 61496 305106 600726 168406 293027 
998905 859194 400036 858619 538824 241174 226238 124102 995916 857976 ,538824 226238 992914 847659 993309 858023 183932 832058 989129 997482 
359609 301954 584416 842473 805736 485556 983272 178181 485042 144649 ,359609 301954 485556 485042 144649 145964 182735 301177 358894 345568 
329141 178623 809559 325635 576495 490688 173826 703479 529657 988737 ,809559 576495 529657 988737 242206 529879 166912 530072 339827 170822 
68590 684192 934991 982886 65983 68494 512127 731475 916566 723411 ,68494 14370 684239 83592 70155 69595 960666 65059 266341 64892 
548328 394649 561654 203264 267542 875214 946257 59815 472211 843460 ,597268 563182 181761 707123 129731 824362 193935 127395 871543 416400 
832994 672548 834964 594289 135760 544599 373718 834111 837801 133440 ,672548 834964 594289 373718 837801 133440 834095 757790 672684 673044 
279957 514052 94504 610628 645211 421410 806230 339113 404079 806224 ,279957 610628 421410 806230 404079 806224 806823 489321 806175 227698 
756168 570241 7394 570923 7538 732291 905687 948028 767637 732251 ,570241 732251 747424 556032 711637 916652 648764 411894 249715 7957 
725193 79997 61410 580801 119502 159611 69144 556270 523829 126553 ,159611 69144 523829 126553 352335 333803 913209 114290 324243 355789 
501264 100154 692431 84287 233903 922254 79204 693501 522257 99773 ,922254 584770 131016 955543 400051 79613 254608 726780 10888 165038 
854705 202901 267179 85726 84238 30808 684732 501135 637040 974730 ,202901 85726 501135 637040 31460 578323 336866 610181 566582 817051 
339664 816171 816205 816230 834346 836365 815937 816203 835329 836470 ,836365 835329 836470 835440 835629 834152 834162 836230 834636 834111 
768219 559296 559188 560066 879444 222523 792474 644351 890973 642856 ,559296 559188 773581 37077 442483 569245 890597 654108 423917 41648 
46410 100213 47137 602569 962169 443090 416706 346820 209444 645945 ,602569 346820 209444 602277 383572 373033 287007 270424 106003 717803 
95041 465875 70277 431241 345472 193116 271932 465221 514998 817822 ,95041 70277 431241 313941 499118 88320 479164 479040 386991 313737 
62037 754944 91469 421754 90785 691795 66332 467585 88100 166128 ,421982 241451 307595 110123 88370 453656 454700 468589 422477 526751 
381517 934136 217980 233396 908883 932649 381539 547651 821210 949577 ,934136 217980 932649 97800 376344 167324 110824 149424 351611 214620 
237877 796002 796807 802911 678588 801599 826146 733295 982782 733768 ,733768 564633 729391 588537 889437 665492 863894 226454 758161 972873 
965578 406537 406340 665039 350679 524945 719136 514767 718441 505013 ,406537 406340 83936 87088 87425 699703 293310 190951 437047 177384 
226031 629346 917832 882805 594351 174786 399098 957602 975976 646062 ,396209 176307 973672 831868 786902 873244 842793 2183 858916 519539 
792246 979560 873274 772555 642903 981506 980569 757843 595574 465585 ,873274 981506 595574 264233 139575 200228 596115 668427 980889 954639 
22364 790785 725996 404293 580616 940796 315604 303025 636159 505672 ,934684 624591 584362 940863 354767 813947 788110 623716 613209 764633 
582215 581955 94512 503133 803989 97349 765900 597089 547321 552420 ,582215 503133 97349 597089 552420 803983 262048 377407 62500 526805 
487832 636836 123295 68394 487391 526063 487378 525504 111922 487379 ,123295 68394 487391 487378 111922 487379 815379 818476 84815 815492 
7098 384900 397589 688432 746524 689331 410425 252069 754572 881937 ,7098 397589 689331 252069 754572 881937 251031 249324 411594 825011 
166274 754653 939505 914901 959745 549455 415116 961741 977011 167634 ,939505 415116 961741 375603 989457 620740 571544 92364 979446 415085 
89816 91047 893777 559769 963967 869986 862113 964575 963532 432083 ,89816 559769 964575 963532 432083 919063 957391 957482 704996 714758 
764513 166889 718767 26654 52904 787148 56474 794064 914638 56695 ,52801 783377 53925 801241 644699 537426 489898 367806 328038 307610 
594438 322965 968432 877828 597879 396684 235734 324562 404296 877586 ,872822 267092 233728 231889 272229 70842 890186 266023 93513 355930 
599327 754759 54344 532924 718323 253068 910668 420025 252528 343441 ,599327 253068 780066 784538 39055 813974 700873 373195 812948 999747 
744151 398678 11289 87467 209790 205897 270175 209530 738395 746815 ,270175 400032 888563 85682 930269 577027 844008 842689 988310 403831 
949525 613426 614419 723965 173061 928755 707652 425549 14590 561626 ,949525 613426 614419 723965 173061 707652 14590 461618 561260 331442 
537894 332743 536814 691136 510033 116690 459218 951236 687897 173959 ,510033 116690 538048 53442 118056 102461 103189 370485 393527 944740 
313875 358327 696282 118721 143332 690700 298646 87971 302748 665164 ,358327 143332 647193 300151 946522 946809 133490 946248 311407 916602 
961153 961037 530238 530723 901247 917411 483421 438749 767230 483198 ,900194 764782 437752 645742 184268 122605 856400 782222 650189 689169 
585161 755698 869230 755953 20216 726009 645408 80579 820654 82601 ,585161 755953 645408 80579 820654 82601 820890 216318 86587 932259 
800396 596815 800229 597164 598008 813855 329605 349639 489315 315182 ,597164 598008 813855 489315 315182 273261 194445 826403 488958 356516 
40309 40406 930448 525940 781675 329229 432800 931296 733923 119718 ,40309 781675 119718 747630 395077 737197 633263 966629 257345 223068 
161642 139327 427896 280795 977569 700904 158879 518849 601416 977315 ,949038 98858 122370 716717 419386 973817 397296 296914 670594 528830 
71978 680452 957508 845400 36339 679260 591252 787826 594190 712781 ,71978 680452 679260 787826 336348 594452 40432 532940 842642 533688 
510083 289153 247600 19402 843279 907107 906878 230252 948185 182316 ,247600 19402 329127 663491 681343 145837 184609 317298 363142 722717 
699709 9925 714219 39949 234807 39956 267097 505665 908639 39977 ,9925 39949 267097 908639 915710 885469 4397 358925 9708 326190 
959573 905175 573120 694701 716682 653220 855093 799497 704992 717503 ,573120 716682 242020 716580 233799 795383 965996 653670 648629 211330 
632439 608293 374400 997403 295104 290338 663895 294084 849927 301868 ,301868 302145 585128 877621 945810 655541 504005 659559 495269 998687 
67233 809991 16532 172320 822748 16584 467094 124128 463875 195676 ,16532 172320 467094 140882 718995 723025 298239 953525 170870 723591 
193541 272357 571407 296289 77746 359236 517687 637863 922439 664612 ,296289 916876 138417 402558 359621 196615 775603 821577 675478 127990 
890223 207765 41993 207807 210727 2896 259110 700312 529553 247991 ,210727 259110 600772 792207 890057 246905 717897 152481 260059 118603 
19891 417954 413377 685651 955034 218868 970979 567429 54696 956999 ,417954 413377 970979 54696 956999 954180 294631 877755 611906 699933 
177789 758654 612718 719397 719654 757576 219981 612461 757308 764587 ,758654 757770 720463 255511 626327 838330 326528 256324 756623 611846 
982758 480737 708169 598701 254510 519566 540222 711946 714952 752844 ,982758 519566 997615 480631 205162 3028 528648 226216 90469 871451 
864373 388892 813640 721502 705051 182823 352313 781484 727248 105799 ,388892 182823 681660 91763 255512 515395 682048 664124 160107 189198 
336670 278807 410055 336759 231539 228381 236962 254227 241303 241278 ,232971 496783 472358 285774 365606 363865 502542 342432 51278 237047 
55383 486509 82517 82942 237130 731980 227445 92713 296066 57189 ,82517 82942 92713 296066 57202 594066 514554 502192 510255 81782 
258184 402002 551147 399365 861954 398493 788258 956451 222152 208091 ,399365 861954 788258 846525 786301 835253 504491 631733 584434 970085 
80659 80263 525122 512696 705283 95101 957088 668723 203928 268206 ,80659 512696 95101 999808 524933 464231 398467 150182 124107 150028 
874729 538486 416004 52435 204671 268949 402036 538644 245083 401591 ,52435 538644 245083 401591 11820 187057 655545 54631 228888 52797 
541735 572435 910721 421312 479609 288227 83660 450765 369943 903414 ,910721 826605 199751 332328 463608 626962 811973 627718 195542 274358 
781575 946604 782373 925676 926476 802087 704168 15949 317510 653752 ,946604 926476 111113 946082 929124 509040 488600 71877 680733 346910 
197533 276349 970623 977552 270853 114191 961948 120894 272388 139967 ,970623 270853 120894 272388 617977 114263 970639 527769 237304 431655 
880662 895127 619511 899754 273402 870007 11487 258288 441956 997918 ,335528 225412 929749 855562 58919 637314 546765 56243 858343 723733 
749355 358753 6084 626703 311103 283777 367477 749077 6434 288145 ,283777 288145 281993 845986 224781 391134 453129 156482 169774 92697 
526934 405218 393888 518585 405569 433889 250987 886163 199816 264094 ,988071 173650 937099 281782 233610 512752 313372 904899 614235 694175 
445568 446198 814365 446249 446247 445618 446683 447620 446049 446362 ,445568 446198 446249 447090 446510 445268 445315 445782 655482 889803 
50841 50787 50987 124541 399032 206738 271016 50893 415081 402699 ,124541 271016 415081 415046 320056 407965 757089 105764 595901 296325 
642755 768133 768111 642697 191782 86747 84497 207419 768141 799965 ,642755 768133 768111 642697 191782 768141 642417 789119 606405 879106 
18359 930014 892930 500966 17001 17135 987525 400347 366485 68851 ,199398 194284 886781 639643 629516 840297 899754 823544 894501 879737 
199872 264150 200179 264457 902759 307987 264572 160158 480777 517561 ,199872 264150 480777 726492 43872 840921 348442 4945 426664 754911 
966446 948698 471128 59365 635146 538266 939931 1252 490144 632471 ,505952 70613 713943 338525 139649 511304 271953 337900 704366 193080 
226070 57004 540006 56940 474907 557200 66191 413328 486116 475024 ,56940 413328 660306 653300 230119 843965 19249 52139 124571 957228 
208003 207835 207685 207745 614929 957482 780977 962201 207714 51638 ,208003 207835 207685 207745 207714 51638 542197 667746 207636 635025 
923797 638600 759729 830476 980153 759147 624776 830510 604725 28898 ,980153 830464 810027 581815 374110 464098 620613 863215 595141 851982 
897195 753932 44949 901287 468998 478653 684828 920767 320604 255066 ,44949 637596 535439 254074 207857 900268 50565 205292 919688 684883 
468650 229008 155428 381815 159721 749757 249322 680333 533856 986272 ,468650 155428 749757 533856 986272 322381 652748 370981 914307 985354 
70621 70555 745981 367212 569704 472412 279285 397830 481921 24393 ,810170 323673 305457 238361 324026 718283 192706 405695 873498 427307 
800407 938230 118302 304140 235762 827043 184318 116997 16357 246356 ,118302 827043 184318 16357 16091 678972 72905 938802 75180 827759 
587208 832885 193322 272138 450425 832267 982424 587454 486731 99709 ,406327 841270 712324 205917 846202 15160 536357 658775 973654 106965 
56989 735308 778629 305805 735429 282971 735272 56929 180717 726343 ,735429 292879 307348 280451 572456 54494 432156 79393 733824 356654 
686075 233572 761185 940965 504045 233869 16852 6180 605248 669803 ,686075 761185 504045 954358 883524 773555 42745 669997 566564 779032 
343834 158361 612140 123549 659741 969519 783602 113583 613238 108324 ,178963 584454 441546 573921 663965 130139 324959 20937 35686 788493 
822846 822799 823265 994946 610115 654884 959688 659800 474179 912996 ,822846 959688 211714 906868 971284 579935 655783 912012 578711 311082 
796771 66442 796894 225351 624281 356394 671449 391420 731388 122277 ,796771 796894 391420 265457 195296 245853 424875 275008 214057 110285 
329675 533007 569753 122209 981054 344308 922918 9621 999083 80641 ,344308 9621 781786 480938 225741 997745 123548 578681 498331 309872 
671479 914265 868426 420546 513709 422494 975809 595680 130299 724657 ,671479 914265 513709 130299 914788 563094 921808 449370 874049 41972 
192710 271526 466574 466575 118256 607904 297913 192907 517070 194210 ,192710 271526 273026 194210 913232 707431 510680 510767 500920 468001 
637201 636987 637508 366373 638010 566462 412528 637950 561833 112063 ,637201 636987 637508 366373 561833 112063 292123 966522 153020 293443 
808283 63996 312621 315498 665034 508593 180502 519599 931561 82494 ,665034 180502 242774 345521 322779 91639 85201 700159 68903 658384 
107585 604275 603958 680838 923672 362757 617515 881221 932307 682411 ,107585 603958 680838 923672 362757 617515 932307 785276 154043 920392 
637422 80008 43909 322495 121930 79995 566392 321746 919853 480888 ,637422 80008 43909 322495 121930 79995 566392 919853 389347 79979 
52360 763357 561329 148976 824617 807500 12974 479901 537360 107336 ,723669 126365 986206 53242 478249 379075 778555 641419 892212 641129 
687601 85422 639155 638982 519567 71747 519432 978891 368264 391603 ,687601 85422 639155 638982 368264 256925 624539 4502 92150 891260 
242135 482367 786385 345499 908203 32393 32722 179697 347611 176400 ,242135 179697 161709 712952 750174 19490 330944 161186 43006 591768 
553098 246063 552102 751884 222726 397869 336465 464571 944071 397191 ,553098 397869 464571 480071 552006 147215 702370 707183 318070 820790 
604740 56297 702517 426908 237546 56397 518343 104905 237132 227430 ,604740 56297 702517 426908 237546 56397 104905 237132 227430 601223 
638904 8905 127846 116025 914565 8792 827444 143969 614232 405094 ,638904 8905 628828 212812 950849 240408 759017 834894 954519 674953 
46722 38039 999311 822971 823108 49129 407602 640633 641640 641745 ,46896 47729 641129 774372 941743 731445 31660 188608 778555 53242 
24759 672350 101744 672363 24398 831561 673494 604184 757178 832968 ,772190 833647 837802 950953 772391 831497 830609 827645 666827 468763 
880154 880092 540485 565549 837607 103405 974469 939115 880611 540513 ,195686 550816 922201 396931 471413 919242 535268 408912 249691 338198 
822037 258367 416926 600930 293730 191327 496769 457774 659821 121600 ,416926 659821 822126 251209 527211 587157 294444 628500 866228 241626 
53485 546322 675566 53460 698153 36228 687613 410663 39782 867017 ,53485 546322 675566 53460 36228 410663 39782 867017 701605 738138 
182872 114237 182201 542439 414 785255 282473 455520 77818 985824 ,77818 983999 789841 645405 398773 981859 397077 140118 322665 979145 
691313 221420 753170 680915 914689 564152 111315 288986 90116 384965 ,288986 90116 435263 463027 304262 593774 932344 480864 678324 325668 
810364 118182 953563 116029 386693 811850 810982 467457 454747 297583 ,810364 118182 953563 116029 810982 467457 454747 402710 534871 814135 
820803 698488 820653 695280 172684 458967 793515 529508 80130 789024 ,793515 566791 34321 620624 586987 147730 530949 723380 453643 466230 
924692 776486 832871 396001 629696 612349 130051 991399 774251 361996 ,629696 187140 832463 845026 186933 340482 844757 14619 552060 5277 
639898 443900 443892 639953 640411 640217 444461 640512 642437 640326 ,640512 642437 848481 851280 854489 443762 444907 444368 642185 853712 
86438 690842 885344 415333 454330 700423 851319 598426 852989 480296 ,86438 690842 415333 598426 461194 307129 409527 494952 470035 7296 
524495 261692 238076 798343 376563 376194 395581 27107 881488 205137 ,864011 98101 467767 335940 101477 946247 206004 627336 935761 179630 
265674 704429 396849 920853 695424 200220 264498 967408 333838 510178 ,704429 264498 200220 510178 262444 264653 705248 723127 707657 202233 
247876 658640 551582 69409 247468 124994 247265 225603 860006 16923 ,16923 473109 265240 200962 940805 867058 274430 632578 940708 967389 
650688 490202 648045 650805 649131 793719 648046 792389 427803 793720 ,650688 649131 793720 637359 551069 352313 403247 75485 433764 172966 
500303 279486 516582 546066 524762 280395 905680 744809 890133 41199 ,500303 516582 524762 890133 719189 524717 684424 699958 662775 501141 
361910 166609 524283 584099 116996 21275 723592 388080 765081 873434 ,384329 485185 192794 271610 407974 271409 192593 482647 401331 407823 
663045 172105 32190 134766 31509 256466 84582 134793 956073 587311 ,172105 32190 134766 84582 134793 956073 357512 159286 401037 570217 
629205 248048 512460 280629 430354 282260 629495 125085 285312 41903 ,629205 629495 285312 514968 180865 42204 283588 282992 514864 865480 
685579 37771 545236 852503 555377 207735 191549 851032 4849 761483 ,37771 852503 555377 851032 4849 38959 871074 83164 5531 572471 
311237 357211 346574 184175 805389 941045 788087 461629 273573 123715 ,311237 346574 184175 461629 273573 123715 108441 128136 125732 592428 
592280 410496 541094 853032 791739 989444 633505 805014 786727 97365 ,541094 805014 786727 632964 114620 374346 145847 694623 971179 543648 
111647 522538 212614 212514 437845 60894 599448 130620 82062 238236 ,359512 258061 246070 440869 262942 662676 111889 431990 84952 464795 
700863 579517 370768 281878 852710 370450 460712 600765 30162 429995 ,107973 242421 527576 242187 336712 835909 368471 429745 96619 271821 
994109 820736 558423 683863 641475 641138 641387 820708 820713 951571 ,558423 934315 685064 555402 825243 944962 656959 894638 104952 480067 
573313 558043 289847 919101 667505 8705 533916 317321 598147 606421 ,573313 558043 289847 919101 533916 598147 606421 407854 307568 262643 
978838 13104 984332 979346 213206 669656 562556 776499 531641 299565 ,213206 531641 96754 648069 598738 318028 541723 122175 772754 263900 
811726 407291 812082 649444 924536 924490 791169 947735 647469 657466 ,407291 812082 649444 647469 941176 904555 572472 647827 648111 648501 
638625 638716 639420 639165 639309 639328 639277 57839 639228 908681 ,661690 793139 947888 715602 478086 4053 936179 757074 562729 154548 
824473 849689 709221 116093 862873 443843 958650 114862 824319 995220 ,862873 114862 854111 603936 443872 603887 824308 881746 824389 854790 
591531 579726 503403 580135 687700 230522 567481 245837 504154 504734 ,591531 579726 230522 567481 245837 504154 504734 291246 280058 506901 
899157 933999 895112 531654 865935 855862 404120 923700 530346 776547 ,899157 531654 865935 855862 923700 530346 564253 248025 915777 357764 
882201 631580 787304 965672 914797 731622 306491 491720 463955 514322 ,399968 305634 481738 5292 456457 393771 63470 900 230836 746043 
809045 186341 472543 642651 920566 472679 640335 880103 58098 920115 ,809045 472543 920566 472679 640335 880103 58098 920115 641633 58102 
779083 779019 778916 685140 556944 770184 685735 778858 799864 871146 ,688541 212601 521199 826227 921694 38759 213246 147500 468862 638020 
192577 551468 730077 672756 193721 272537 206641 270919 945017 844899 ,192577 551468 672756 168677 477696 692012 1647 17635 338433 452003 
201947 266225 635590 745546 976089 662555 607625 480265 633211 284571 ,201947 976089 662555 633211 741850 417265 226381 844594 843515 620062 
187470 67875 220473 896005 27746 943689 669622 947299 515025 682308 ,187470 67875 682308 1097 884645 893231 939004 207170 202033 266311 
153612 539012 967054 154106 967389 978210 73033 83225 181390 531084 ,538983 749080 96195 726961 224718 687046 489393 727799 911351 226042 
633090 633749 541996 199728 278544 972752 982295 280832 916700 137466 ,633090 633749 541996 199728 982295 280832 916700 632941 325869 134642 
328569 308064 791000 791503 340307 482772 504944 185987 372866 888231 ,328569 632774 790783 528963 370556 14424 168254 910186 828096 22828 
347012 551905 132771 260275 311265 330608 163045 372823 256958 289071 ,132771 311265 330608 289071 352934 800863 380519 195219 950331 58913 
77241 520653 850928 850829 764506 764919 81078 487197 519819 801212 ,801212 519114 513401 173063 680462 802136 157782 185597 329730 494697 
618842 569178 107468 476215 762217 5447 543133 5868 108097 51349 ,569178 5868 258846 235792 570259 55254 995722 262980 870732 3109 
678184 728294 678438 861201 432215 140554 237167 228566 228471 195487 ,228566 228471 195487 690526 18336 69263 341410 126287 925537 320805 
517350 326945 519829 517589 37278 474611 517778 520149 518041 645273 ,517350 326945 519829 520149 518041 645273 484143 174742 408928 466656 
688509 192979 821945 947523 468187 20627 448737 364047 77203 689343 ,634013 594990 240498 820680 748302 482451 338420 748441 108217 448772 
858945 996908 851564 997059 849192 848818 545162 996909 852239 190552 ,856383 849194 846844 877017 969105 854354 443005 846686 853627 852975 
34173 35394 107777 779901 478756 123122 150496 30343 122977 19947 ,35394 731043 370932 449896 144572 144987 550476 143007 732828 362123 
472905 472917 471401 470891 471390 363403 363391 279245 472412 219477 ,979494 430252 391752 351661 151300 337446 701774 421576 506361 953428 
146379 21712 600267 891173 795446 147044 285298 737661 183354 346269 ,263673 21347 507832 367100 272870 695330 634086 304658 628815 161041 
965608 152975 422372 843759 805497 731710 843963 682519 116618 605237 ,171358 823354 170590 734618 16054 370394 605777 219920 823411 606130 
246567 246532 350948 529478 502666 777251 509590 350661 95291 279098 ,529478 509590 350661 352503 569566 678166 254569 524940 88173 405061 
696981 182569 149157 452755 458489 964301 791029 523890 154276 578008 ,467330 982692 452308 958522 82061 775684 949790 250447 118825 587518 
593960 898060 919530 920138 884097 346160 413904 236804 926813 721423 ,593960 44251 448580 801305 973400 973199 399580 230823 534167 293962 
51094 640310 230634 232096 769776 306286 429280 231160 351258 516049 ,351258 95326 659656 639811 51195 284225 806593 158326 51230 516463 
293099 279908 720108 278829 308272 724303 961166 212045 279852 278722 ,293099 279852 293597 294070 278860 267700 322098 322719 535100 235965 
759782 758670 101338 758891 613916 517678 107275 244564 921419 883876 ,759782 758670 758891 613916 883876 883736 847683 641018 244135 983638 
511641 782290 433920 781905 243595 173317 176381 512802 707760 857742 ,511641 782290 781905 243595 857742 783589 338936 581962 691941 586386 
732081 387069 566107 329438 385408 66953 681122 388007 631530 424462 ,329438 66953 388007 865347 565475 108969 107699 633774 124908 505990 
44312 371785 735089 981769 304962 801994 290769 501354 415121 236142 ,415121 363113 469842 858328 524072 707241 879384 406117 100173 303787 
475892 377441 413294 411716 476095 479522 549696 411742 154205 250440 ,377441 413294 411926 79136 479673 475506 90623 936506 836909 856658 
238115 877180 227874 506313 122512 598727 973498 676165 372126 65516 ,372126 998997 948044 976050 980552 513017 680749 878543 169456 989954 
589312 310778 589634 916786 471329 333269 91738 330101 193144 271960 ,310778 91738 193144 74778 508991 724479 694018 84196 990591 118260 
776320 944010 91325 93068 519927 520419 707856 949429 930328 894362 ,424649 131282 160385 123141 528746 561119 194218 598813 726168 92465 
122704 782363 8849 564645 8479 226978 896623 932976 124927 564613 ,122704 8849 564645 8479 226978 896623 564613 970432 377243 844813 
73335 63275 66320 949819 941641 63868 763769 947258 841372 225812 ,949819 941641 947258 225812 11541 19094 396095 314186 721089 577893 
759497 117108 759362 136996 336309 21481 404655 191077 759683 759015 ,758213 667587 837543 231228 760252 135583 835915 796362 568685 777689 
908531 116079 112707 987365 845979 215969 79463 556067 937445 246597 ,908531 112707 215969 79463 937445 246597 476539 112461 158416 869342 
521227 27780 702598 611239 28778 836329 201420 265698 746181 73079 ,702598 201420 418544 196718 828580 116586 938328 226850 860649 778047 
54680 615135 365267 30718 920599 157716 528483 30089 190534 321583 ,157716 528483 536135 121931 301479 536212 350485 80478 525539 452156 
831169 718628 676389 608283 120537 9234 33971 910511 715013 985528 ,831169 718628 676389 608283 9234 33971 476055 199332 1708 57624 
755740 831675 993208 755923 755503 766397 992634 756070 980024 827706 ,831675 404630 24620 674110 769861 996614 989558 830707 990242 991470 
366555 869798 164124 857457 449300 345298 870913 281413 659957 933576 ,962058 259845 229202 65040 179288 16167 130455 827264 321028 523966 
312343 20875 140050 141104 725609 2070 5733 82168 122409 690863 ,322012 544659 603407 512626 379495 636632 242420 322100 588576 21934 
344043 348206 628306 890087 401444 744771 688998 830039 628504 541986 ,348206 401444 541986 76818 78935 491559 76148 119978 402891 310734 
926388 693779 688847 437752 580267 785811 193063 271879 947500 651697 ,693779 580267 785811 271879 595705 442045 277151 792659 405710 791680 
512140 513576 480467 715200 489621 583753 905189 538930 718510 331479 ,905189 719154 905266 513864 130931 977347 600340 207662 335137 114520 
651410 926241 527887 283333 799005 303577 164630 564980 917066 345836 ,283333 583463 526992 303220 985096 60863 108353 156744 515144 782341 
213079 545338 977328 453762 633092 545899 560998 442289 985640 845002 ,942257 949671 948391 782296 264041 29033 751603 350202 371978 769185 
202232 551312 435853 548348 142229 472008 475776 250410 141184 246741 ,551312 250410 928383 415861 325205 840620 533616 30878 683554 960184 
473517 428608 698693 251155 30547 771199 691110 341131 245907 91331 ,473517 428608 698693 30547 341131 91331 336982 245490 176863 324524 
287515 433557 697323 806375 714439 497044 583912 144602 430346 590706 ,433557 697323 806375 714439 430346 416447 341020 169125 411301 519484 
208236 970807 208283 207464 722097 901631 613918 412448 50252 207518 ,208236 970807 208283 722097 613918 412448 50252 207518 304877 899000 
143369 88746 926164 360992 344082 461510 575002 646693 88124 302924 ,88746 926164 461510 575002 88124 302924 156520 108882 362242 236365 
866210 688144 753274 124022 417313 163700 987748 211016 206198 270476 ,987748 211016 206198 595984 858848 108284 246179 841424 684583 865969 
795738 54626 823262 639983 984417 984111 496985 774771 606094 497649 ,795738 54626 639983 984111 496985 497649 411890 763878 45112 538217 
341026 388471 478980 887716 354365 478995 490220 354680 494766 941891 ,388471 478980 478995 494766 23654 917690 478981 339138 356182 496421 
919467 509785 454764 145626 549082 947630 430144 595755 727183 308962 ,919467 549082 947630 430144 454338 62023 683179 95026 95853 224689 
182755 25309 575685 435353 234348 232458 564686 723069 140307 25247 ,575685 234348 232458 564686 140307 299814 625460 272291 421936 219681 
558303 557792 702385 593831 930610 870244 590182 873960 872003 130177 ,122657 270479 202251 956401 781470 539061 879326 152327 184006 960109 
200681 264959 159821 158876 481230 258306 507150 974963 501688 162945 ,481230 258306 806925 943589 52595 329246 231145 151650 234837 258646 
400022 924769 865880 874496 550379 728934 939319 392278 527055 59583 ,865880 208474 713230 415279 161162 160925 700895 696328 951388 157100 
80007 79978 80147 825958 188705 522441 80891 601599 919852 261517 ,80007 79978 80147 825958 80891 601599 919852 261517 511323 279854 
231685 241391 240650 484924 934815 662463 389235 908443 659872 318942 ,240650 484924 662463 389235 659872 318942 776361 639238 287560 654859 
754764 51429 30149 151269 615563 30280 79494 389072 426861 662705 ,151269 51345 957578 94341 80191 350503 315967 427556 23764 524664 
144903 367466 297069 287419 367076 368843 55534 909141 255305 513753 ,304863 482166 921564 156181 279532 666222 499706 386393 306623 305191 
546619 546445 546446 546423 546556 546395 546659 349580 546479 770751 ,770751 563872 346208 317259 540182 520356 116609 540151 474226 860873 
501919 105103 515716 93646 97144 411424 524889 563880 292853 684500 ,501919 515716 93646 524889 563880 292853 563495 186475 522153 525023 
528899 528880 400843 932246 325591 535560 100105 535794 379386 947014 ,528899 528880 932246 325591 535560 95989 862511 924284 731850 433185 
112808 622602 839303 228818 228001 813565 221938 966116 241300 113950 ,112808 622602 839303 228001 966116 241300 113950 327571 785795 619959 
613160 777886 212859 613459 578711 777766 973420 557500 216537 793388 ,777886 578711 777766 973420 557500 216537 793388 778748 944036 895367 
758383 758937 758814 757952 757825 757932 596098 759566 758750 758010 ,758937 757932 758750 758566 834967 778109 374238 677646 7102 778122 
953346 421063 178079 153534 615602 713659 953256 380394 702533 210691 ,953346 421063 178079 953256 4672 51327 88975 351001 68917 363424 
995303 556899 883875 406157 825516 71285 117506 884224 140568 643163 ,360212 885844 643983 140814 308806 524372 717745 541942 794977 846475 
295268 506731 938637 321011 200244 264522 312280 154445 330676 952934 ,295268 506731 357996 505711 317259 273019 549663 117614 634384 329981 
83576 60132 12926 815068 86152 520730 40273 5862 13333 152635 ,520730 13333 152635 351803 637086 126475 88959 131319 638251 815649 
656809 440639 734649 67037 882871 94076 164411 950452 201816 164955 ,127395 129060 938933 155816 683004 802387 750300 577041 64757 412022 
682613 682831 351381 427255 421463 998341 694835 157110 173263 60755 ,682613 682831 427255 421463 173263 235149 170290 59708 966928 430752 
914759 908917 745216 743362 793860 666377 745311 411566 134924 743534 ,755592 835963 848815 824325 39372 188603 207909 24449 440696 480282 
955 78156 119561 2287 77074 77061 384329 727889 502329 465497 ,78156 727889 73750 481207 2242 169866 704159 20623 201567 514991 
895276 596313 564078 140527 406015 868047 98629 996937 140559 564025 ,596313 140527 905487 737182 930179 217982 535084 522081 121723 223985 
862803 630216 778638 870632 750531 854467 629506 988216 807656 796974 ,988216 629751 84607 534837 138409 411035 940389 255895 146727 73251 
429325 700657 96666 137910 540807 52452 814844 849957 56446 50966 ,429325 540807 814844 56532 82669 428882 559050 254969 979651 46898 
197829 276645 118467 465303 943521 416143 964131 376707 508665 964661 ,454347 13967 597366 501625 385749 796131 863683 725921 385488 171012 
929681 930001 354714 460787 471969 362163 955902 335295 980692 753076 ,929681 354714 394193 211273 157763 963732 320220 572161 628836 652958 
588022 627487 734821 783894 724042 724220 19068 226944 105241 615737 ,193816 160389 122227 97871 223715 874669 513560 549738 957750 60068 
997312 728322 975068 61698 830603 234997 726999 47564 71995 636366 ,997312 728322 468695 565470 564770 926464 727373 684582 599137 729225 
195193 274009 788548 691040 262699 485361 163935 748179 171739 704602 ,262699 171739 390576 515950 400500 196204 723476 149418 731393 634017 
996997 547847 997813 99367 824622 853041 380596 906674 825994 747907 ,547847 824622 547393 757665 992961 443335 886672 560945 827697 839083 
826947 19845 494621 902833 796691 606364 776600 175906 494731 865621 ,492886 844663 378413 394120 948057 798004 483828 359466 118102 734067 
919224 192741 271557 919019 919074 146424 661482 193168 271984 481205 ,919224 919019 919074 434830 498357 60415 834187 889342 261250 696385 
263668 263037 264054 263187 801413 962227 988576 502229 877088 91345 ,199396 483795 634732 922201 995148 620133 367673 824977 852577 991610 
931707 64652 66195 931876 373937 374869 1368 880566 591382 592344 ,63993 809738 783487 52939 782937 832341 500572 844637 130895 36158 
516836 293851 410089 610979 962594 698751 161306 610140 942543 516962 ,239970 639864 142556 237211 639819 554748 227293 124549 502361 68610 
612139 771100 102427 103171 669703 415664 671949 645992 102657 614562 ,303025 922516 430988 965721 599345 647920 586202 357220 912568 609200 
76819 227674 932333 374600 435650 829619 153880 115246 374669 32738 ,227674 115246 32738 370173 239011 713092 634055 749717 514258 484995 
880373 880252 99153 594188 880669 201675 265953 598613 912767 911256 ,880373 880252 880669 265953 912767 911256 683034 867740 921211 224585 
560822 523812 563944 563942 868178 560810 943360 988259 157418 523373 ,560822 523812 988259 939134 969256 868533 563930 111951 729467 904578 
467072 467151 845152 956747 700013 248830 311846 821946 484503 511604 ,467072 845152 700013 311846 821946 484503 826350 485832 214583 594956 
617232 810320 607718 897718 385779 442324 792895 635914 386069 81539 ,617232 607718 897718 442324 792895 635914 386069 81539 171888 785811 
61561 695103 60422 697166 694537 335825 384503 695211 309749 724489 ,695103 697166 694537 173092 67818 899738 696594 311720 706060 262718 
918099 747996 678724 376661 71820 684585 931736 753842 122503 69618 ,376661 71820 678478 683276 13073 102160 904536 208738 845851 994367 
760252 760604 567230 832459 759562 567084 568294 140476 568593 568469 ,567084 140476 759683 469406 830263 759333 759550 568685 830243 592766 
130527 128032 20949 887125 886865 106061 79027 848755 77483 83270 ,646840 266300 696604 138138 696948 505404 366893 485430 364934 239275 
330731 195855 274671 921206 123059 921494 749721 14837 874402 195243 ,195855 14837 195243 572806 266112 399451 728245 196212 538940 886781 
199287 278103 430515 969482 747620 948911 242987 539871 227062 585447 ,539871 942123 541724 320993 929341 983883 545599 3268 824565 832630 
681403 959776 457041 256110 935925 943965 487100 6585 950997 5192 ,457041 577022 77103 416422 630053 116117 791891 228105 1239 836318 
163493 931248 321448 466463 872062 575235 570637 308184 784457 87310 ,321448 872062 87310 293402 495986 117103 311714 841534 467979 118107 
442333 40747 718738 423754 472938 589053 428659 911556 373469 473314 ,442333 40747 473314 995362 715355 428493 714943 38627 850429 982599 
526352 931058 365818 460169 497783 486128 835318 932564 932183 343922 ,581 272109 497693 147235 31427 823744 929926 810205 369384 233857 
801674 626528 287045 895721 298411 629091 213324 441936 830885 799484 ,626528 298411 830885 715350 285755 314610 75071 241397 761466 586843 
411899 411791 412058 553253 978030 149341 837625 863221 891811 567213 ,837625 567213 240216 164892 482236 553483 229833 486119 709110 901264 
811081 612461 871806 611846 328297 255268 219981 619773 436744 191680 ,811081 328297 619773 609800 597500 764587 155716 330623 544419 148361 
402516 228266 687443 351718 715380 398307 390279 244888 982198 656366 ,402516 228266 715380 390279 228084 884344 398742 345801 665953 631951 
234055 747838 231558 423937 418963 36129 467176 467100 33958 126753 ,747838 231558 418963 467100 779637 773507 805850 994201 497510 968909 
761755 759036 494564 569489 569438 616718 133956 866750 201472 265750 ,810006 274069 636644 358403 797267 916355 480564 808135 731647 535132 
612233 614059 612259 612332 613251 483314 485747 844599 403739 198682 ,614059 612332 613251 483314 485747 844599 403739 198682 481973 843342 
333651 490582 440516 286516 353006 21588 115182 181535 181499 268007 ,333651 651121 402741 141978 179415 731169 393224 117659 393485 766283 
758396 95460 63684 489897 605019 772889 84175 753105 409766 782055 ,95460 63684 605019 772889 84175 753105 409766 782055 260857 604991 
575297 622555 576635 576266 961831 362740 703081 601861 625552 886463 ,622555 576266 436451 79204 130366 501264 348033 432603 90861 836949 
536569 181912 942045 948742 182884 401822 433844 798155 135987 603471 ,754801 742001 30533 798725 176707 754752 741612 686546 678750 550387 
695379 895337 284791 779178 84539 232914 845277 286217 389408 59989 ,232914 389408 223481 85584 706917 223509 962206 921071 157602 180381 
120650 117080 299497 185248 500584 930766 522299 660879 236741 845102 ,299497 500584 660879 522859 193450 272266 964159 73153 679841 954272 
233052 160171 232729 239863 754278 919611 639531 619934 51680 544923 ,406854 380201 857353 908849 99540 521603 417683 580039 808237 560679 
946298 943120 170951 394912 366575 484429 622390 923454 203975 268253 ,320584 721044 22508 721877 828552 952408 198427 174727 22827 22488 
758250 831675 994605 831382 593226 980024 962425 993208 980638 759103 ,593226 993208 674110 373808 757442 673365 756165 567601 820011 673813 
518937 584242 197140 275956 586089 431086 228239 453209 934128 725231 ,431086 952332 202281 439673 431071 254994 704714 175343 961726 306907 
607948 59200 233083 914084 770471 607335 906429 168393 568856 754026 ,607948 59200 770471 607335 168393 568856 754026 80386 953129 279509 
531451 679524 279769 258738 822642 680310 215141 745920 731004 169572 ,822642 24445 491236 458881 698664 636047 265212 825941 436991 121242 
652820 374086 829185 666958 996571 824900 852772 853146 541375 673585 ,829185 824900 852772 853146 650707 447339 673647 467812 900805 594220 
856008 959614 326281 856370 878322 924599 146583 325201 824112 237207 ,856008 959614 326281 856370 878322 237207 943480 237444 232352 686908 
877820 878116 226216 381458 684895 735116 838923 574288 913939 126730 ,877820 381458 684895 574288 126730 17117 561022 632727 561052 895023 
796811 512131 725754 110617 10533 797665 451669 182776 789307 553265 ,553265 395516 627717 853354 828288 97075 981049 74115 630464 498582 
796820 169290 107263 280964 711980 437535 753304 729624 332543 37368 ,437535 255320 670016 716785 632697 322086 2291 391248 31662 770716 
923961 248088 244025 874630 923449 283441 821198 919304 168731 912057 ,795695 840548 224198 197821 299845 997472 196638 275454 772661 827198 
455629 74598 73438 706393 681422 225483 63670 243306 798717 844596 ,225483 63670 62232 961107 121340 62214 575915 843660 499483 693165 
385079 924754 695292 430264 927322 124695 124635 924927 486920 918503 ,918503 698852 924768 686182 104394 430076 763580 296371 777285 763693 
647935 758039 374900 996277 855158 375827 656790 824460 824580 757180 ,647935 758039 374900 996277 375827 824460 824580 374873 757554 374725 
406015 843696 899252 842903 869999 223891 223985 604346 199778 278594 ,406015 868849 899354 867740 984218 922169 210889 885490 512216 983782 
346477 749898 866063 332600 865328 874584 86076 218033 874927 35313 ,346477 866063 332600 865328 874584 86076 218033 874927 149034 477990 
642408 918320 979688 84268 638921 774456 603802 980716 380693 769252 ,642408 918320 979688 84268 638921 603802 980716 380693 712291 148154 
160082 651721 713886 686577 735038 711550 163329 861749 164339 141607 ,686577 163329 164339 869709 115866 503914 993301 375212 102421 278531 
985788 94491 64330 815869 816589 95761 816832 817342 6778 104998 ,985788 94491 64330 815869 816589 95761 6778 339119 94373 816330 
985263 756235 613442 224294 375778 627736 539821 618467 391293 234383 ,756235 375778 627736 539821 839701 362335 995706 586371 320233 315448 
323835 515356 790783 514769 97926 588644 98210 362279 279747 425411 ,419354 706559 951625 21494 482772 482586 719909 187325 403306 23102 
476269 39441 478204 38456 51046 604421 476148 779642 218486 476254 ,604421 638244 521306 129200 55237 207910 666768 626155 768516 191164 
181604 498656 532410 456107 512072 245098 157004 513301 87720 555519 ,245098 157004 332142 521600 507149 830357 616396 245771 732584 440191 
855426 996648 996412 996721 994333 801735 994265 546895 421702 996244 ,469096 894607 893858 996549 641182 58271 56507 50852 891569 770309 
649684 604235 446488 649431 856832 143227 903768 375477 816542 830137 ,649684 649431 830137 952481 757797 445008 190600 836248 26302 592829 
364128 101442 111187 554856 990416 308312 453043 954120 78085 116510 ,30554 261849 180650 219632 30429 160019 465210 636028 306054 427775 
719205 427984 661290 22429 660764 568625 784807 23876 48918 953032 ,427984 22429 546886 855380 736903 787012 774377 421077 497052 851418 
351650 337955 837088 82479 352278 352853 351088 895301 452426 352162 ,337955 837088 82479 352278 352853 895301 352162 890712 280540 113267 
26967 664206 76358 592831 110091 62068 87668 595929 156562 729402 ,26967 76358 592831 110091 156562 941609 941814 539437 394355 802872 
646194 721635 812278 617829 940532 925766 789366 812243 465255 911682 ,617528 560025 379733 646013 474498 57859 703076 646256 379869 777749 
233505 72797 622855 795740 189904 393055 74521 227528 796245 403863 ,72797 795740 74521 71685 269300 515647 61769 18720 748541 71126 
682921 929667 895016 926501 202387 266665 845098 929694 223988 495212 ,929667 895016 266665 202387 845098 495212 181952 508328 492197 123001 
370935 788544 965762 788387 28359 590247 795386 714289 503427 660089 ,258022 297697 111760 835022 244645 835562 370912 18966 379601 639312 
905576 422786 784775 965241 905037 364591 25290 953078 845623 964789 ,965241 905037 364591 25290 845623 964789 32338 784779 948497 781162 
369414 184611 120823 794052 517556 370052 364622 407026 161317 98813 ,364622 407026 20933 151889 869944 856658 535593 511875 314768 952173 
996909 190552 190524 996908 851564 849192 443316 867669 997059 768169 ,846844 856383 849194 853627 854354 854973 969105 877710 846686 756110 
828332 433436 55200 918159 834082 695047 56717 199997 519855 435108 ,695047 440393 282952 913229 810403 781887 54299 53491 769661 41488 
514702 742001 741612 529322 452534 533221 452334 262880 514193 14271 ,514702 742001 741612 514193 15737 397297 799824 713684 497239 547012 
559202 505592 807965 117585 556438 38094 801328 556642 713126 991921 ,807965 38094 801328 824575 553035 84231 342206 504352 772936 977821 
92863 739793 398367 417596 471104 521849 731484 504826 63103 97234 ,92863 417596 504826 552354 472463 62038 564232 440677 728612 322086 
213512 762251 807317 721296 7648 740802 94684 414718 45167 103105 ,54763 988875 734889 822043 51299 333617 340524 735025 581028 822764 
224726 1667 285795 853638 911787 930701 168510 206303 270581 224087 ,930701 594431 480750 170882 610303 224864 312691 21852 739232 695379 
614224 510858 962130 983744 750049 603863 225265 783565 475261 25242 ,614224 510858 983744 750049 225265 475261 25242 419249 975050 269063 
13870 749112 186380 760464 837684 196243 428946 210898 249270 601278 ,13870 749112 428946 210898 601278 186383 562446 207547 539414 609904 
327783 328482 83684 434620 434416 437400 328677 435761 438244 612627 ,328677 680151 630265 136105 333382 261992 339728 230284 271710 192894 
350498 80857 379729 336671 179496 169689 776800 352141 272485 726491 ,80857 271959 698558 177072 248643 685197 724108 790724 193236 180887 
754251 753559 753586 754228 753571 638404 45943 947263 827320 677744 ,979509 443157 646065 850720 803301 857012 757215 124223 443237 498910 
423118 9324 160962 198647 277463 235930 460258 70124 955184 352664 ,3846 461712 696292 876796 524222 182313 282128 89255 880043 959761 
232989 869830 865022 711786 511233 967990 950301 968235 228064 843292 ,232989 711786 511233 967990 950301 968235 228064 843292 408991 951236 
642707 614360 122290 141685 869927 566430 364322 19426 40902 141401 ,566430 364322 19426 997482 824121 869849 743889 969119 102248 826305 
76350 459571 75139 460257 566477 704058 216005 704202 301081 805129 ,459571 216005 691018 254548 765192 816812 992014 974202 224174 972610 
516283 401962 450257 753407 843573 706771 866539 167316 832655 998896 ,516283 706771 866539 832655 998896 892779 312288 708177 604585 878768 
708806 801170 932861 801800 723803 799545 829436 870655 919971 771975 ,932861 723803 604934 654004 499307 376261 918545 941748 827641 187729 
810990 947755 336203 810235 441407 716424 400207 542990 668656 784743 ,965034 750413 435131 919526 678447 978290 210299 874948 810489 916122 
949432 590807 948569 433068 809307 346850 389913 114019 193248 272064 ,101992 188780 30720 191996 132258 711917 17673 72130 128817 150803 
972442 81215 584409 309504 311134 592694 130212 182085 927979 182118 ,363786 84304 51791 274069 52055 337815 45223 380021 454546 861963 
508806 255819 60458 195374 805220 864532 919280 223539 842595 297332 ,598148 190511 412022 733938 87794 197373 916122 265624 198542 913353 
510979 511118 758544 511020 102894 342542 510981 211873 815245 133227 ,388721 395833 738032 524448 468907 158369 666434 301887 673442 311155 
997178 772844 976072 815026 373766 830108 800264 373808 404800 103971 ,850951 991949 851413 918718 973223 858030 824121 991393 991999 949123 
499476 855380 632234 450460 498426 365261 474462 632558 635084 497763 ,365261 272257 846237 469861 350634 632119 272812 31857 366400 606454 
221339 222238 90807 88821 86542 696195 565086 532671 207870 18771 ,90807 88821 696195 861507 416425 876406 835788 932050 13073 896831 
755648 756328 756176 757122 758695 757400 759062 895216 545872 758076 ,755648 756328 758076 825415 755875 593978 373811 632214 648736 666934 
512754 814966 179758 969109 597919 129294 808598 393252 925453 188201 ,925453 188201 1525 338891 242604 424680 519596 974796 180435 614410 
660746 346453 596827 311740 594557 210683 89841 348343 298212 828577 ,660746 346453 210683 89841 298212 828577 582769 251026 422186 843071 
735587 549237 971277 105735 545423 849089 394189 885087 538709 858838 ,735587 849089 885087 858838 706166 856757 430176 435087 688390 436413 
734805 698427 500875 496284 591532 27519 305069 465579 442141 96998 ,591532 21879 567480 750540 515564 600574 217827 600468 198317 779292 
769800 817677 607143 442144 445233 759221 846297 654060 911113 112967 ,769800 442144 427095 953645 884366 817437 816831 973846 40927 785500 
702436 702666 543391 292360 874415 114220 313402 626156 828716 343550 ,874415 115239 41166 54953 51045 448087 54729 39415 541372 473732 
157735 638079 815404 815448 815352 95883 814713 815333 815305 525796 ,157735 815404 815448 95883 814713 815333 815305 525796 719189 815425 
28662 540957 458483 541218 77991 280931 68609 78891 29121 16739 ,28662 541218 78891 29121 106894 28691 67656 156982 799378 566330 
82201 696169 126544 923489 125419 364808 188221 435227 427908 106311 ,696169 188221 435227 427908 106311 193710 357456 736367 354924 130746 
615735 224499 10068 559796 659488 224225 570190 923160 14302 837284 ,659488 15302 254888 278556 224198 385266 55753 175663 998577 520275 
207888 339463 281043 826997 129191 151364 109170 42934 111640 412528 ,281043 50584 151466 253555 423904 855533 218706 412143 516511 502868 
389746 738795 740581 962613 315036 156605 464323 740636 681114 668649 ,464323 831325 238014 182927 339920 642144 668291 745519 842919 539310 
647552 649067 647214 648112 649533 647861 648093 647801 797848 649848 ,649067 648112 649533 797848 648673 647408 648739 649363 649251 647440 
735099 627735 37301 735175 53945 36368 877638 670717 545385 774327 ,36368 668300 921065 793156 519010 760350 581152 213950 856615 661069 
99559 408426 118126 101834 913461 163812 7101 475997 461834 696889 ,287683 793620 651491 475173 169057 538324 358488 399701 999748 178960 
390010 633209 597004 561035 845073 900088 771264 854648 560921 196649 ,390010 771264 265963 201685 411212 196726 271388 192572 455776 224468 
852428 938364 441733 443348 190998 633973 545162 940635 919491 855362 ,938364 956705 190729 960335 546485 850889 997150 877177 916592 885892 
807436 878064 110169 616782 731108 406612 877765 730668 380560 616430 ,807436 110169 730668 996221 771101 995914 406249 111265 537846 462406 
47693 413369 412514 626620 706468 205530 269808 981650 802433 783844 ,413369 205530 802433 783844 412638 710929 980984 828609 711576 378570 
196247 275063 982489 997956 420844 80864 252524 420767 433629 748957 ,275063 196247 420844 65949 464963 366495 634721 501366 208380 433704 
834827 548452 888158 450340 335511 832060 973025 813729 972238 895687 ,813729 506276 785466 843298 834762 498445 503649 595756 598343 551360 
474152 609583 677517 171567 650942 642090 972598 612568 837067 636171 ,171567 972598 612568 837067 636171 641710 964223 837172 971181 442678 
417152 801106 514547 535790 801336 178877 8259 389234 608625 651644 ,146681 326317 2526 832012 50816 2804 980428 56375 580600 733873 
420544 574847 337117 203769 268047 678497 215474 551231 343361 519881 ,343361 141728 305842 549669 690546 108217 725362 76377 684342 947987 
769595 437419 399066 168601 617659 183266 839262 449474 968439 466905 ,183266 466905 502718 950773 73713 617439 264779 176808 385311 971195 
261517 30606 68703 639992 30052 429954 693963 719298 122060 522291 ,261517 30606 68703 639992 30052 429954 693963 719298 122060 152427 
612747 7730 665639 428257 957446 606153 915051 7499 957406 858536 ,612747 7730 665639 606153 915051 7499 858536 847432 331543 611427 
432609 692467 259883 547128 868571 249846 292469 337036 248829 380023 ,432609 249846 337036 925128 292181 158433 411388 158201 686270 256849 
523615 732440 732364 429957 339384 152601 356044 606889 590303 208746 ,732364 265297 732373 389369 797923 830115 989554 482384 43064 138472 
455044 197550 276366 462055 110946 239491 916569 281250 741407 111842 ,276366 197550 110946 741407 111842 155816 127395 400098 110822 62462 
42451 700415 57558 291378 693729 577314 238964 849180 215995 775838 ,291378 577314 775838 53359 568788 229791 687398 774141 737930 586759 
480768 772686 158339 892779 832432 756694 564605 294458 706771 225376 ,480768 772686 892779 756694 564605 706771 225376 892805 975632 564454 
322873 81778 350643 294106 496790 350463 719656 780140 239803 301757 ,339131 780129 279882 249912 283025 23667 406184 308655 336682 616118 
715893 793127 890435 801893 652572 418819 559776 104638 644652 236329 ,715893 793127 559776 644652 236329 644580 793741 786972 889833 217691 
352712 608469 820820 978618 872248 163394 951491 573009 123450 325548 ,608469 123568 713389 868953 254464 974335 929294 70573 974670 883843 
962014 963747 854939 849774 889923 449583 960013 546790 854694 649457 ,649738 766840 541923 675024 759519 132903 985762 849895 776735 541383 
611775 372929 613047 804518 63818 683600 332481 610985 142522 500481 ,611775 372929 332481 142522 397856 189497 541063 901332 773417 275752 
352185 869245 364488 278700 600897 337987 293613 278810 101244 337248 ,869245 278810 101244 337248 420906 292436 350554 309852 977248 295629 
439786 385189 367326 225985 590580 557769 25137 312151 368282 356422 ,385189 367326 590580 557769 312151 368282 95173 448412 95363 352199 
292566 445360 158471 329834 215686 292135 158235 56121 414071 368974 ,246655 682433 246528 246556 248784 777159 469624 338438 905591 246668 
159916 618983 618704 741676 241679 310562 585531 739813 774196 117815 ,374373 373737 739563 242224 417353 613721 374477 610401 756372 792609 
302926 975682 399690 298902 602714 296329 976433 252539 577276 129501 ,602714 461428 28220 850820 746552 218019 857217 532061 714818 855479 
129133 956014 844878 452780 551005 926333 724301 552625 149310 544024 ,597972 523490 669483 957268 125634 420832 671553 489659 127395 10597 
406097 861660 649437 404667 649139 869605 651061 760798 242437 870108 ,406097 649437 404667 649139 869605 999849 862148 326529 242714 867180 
891271 840735 316306 371101 822911 243694 21384 634480 809510 330498 ,330498 532924 328112 718017 176575 609839 463139 735848 352101 491195 
472040 896945 543277 64260 418886 935763 561736 952671 797325 677196 ,952671 205798 362450 798243 42856 75007 84144 636655 41059 702559 
350290 363244 362574 484674 207477 253189 370082 700076 40557 207319 ,207477 368272 755104 218347 753800 829667 652490 772718 340947 104594 
321709 321550 62861 719795 130069 420868 466576 825667 825958 638077 ,321709 825667 638077 815627 546384 525236 495956 481558 480887 294415 
81220 66124 974201 278951 450040 398087 956505 456692 345153 191333 ,974201 278951 450040 279152 419939 264666 536632 578851 579442 450686 
250148 82788 918368 962280 902717 791560 82730 762642 988532 267472 ,169564 668955 860770 77103 565981 999651 76451 524116 665803 503970 
535105 866894 36249 192808 271624 880010 538031 70469 941198 436457 ,36249 70469 64255 572825 426092 701575 699725 76810 170418 717115 
996053 765327 760038 821461 765454 103548 449151 468985 103487 642437 ,642437 796451 837758 891538 714051 641494 446190 849353 445387 102877 
194741 273557 227069 849358 702234 478708 254338 124152 893192 210931 ,194741 849358 478708 210931 172521 974402 884434 640100 982991 274772 
935523 112729 254782 83837 397684 726189 921461 7932 472027 77737 ,935523 112729 254782 397684 921461 472027 77737 82533 95252 397501 
975564 107975 535449 25574 963746 162239 520641 69677 69402 204815 ,25574 595940 923396 357569 292515 511416 634132 519371 6149 72952 
392079 183571 492781 83075 208740 54880 71194 482426 819950 820049 ,403454 141886 682287 258654 916083 664251 511098 582275 321362 130716 
873734 404950 830241 117194 830176 788389 858663 10072 862635 830905 ,873734 404950 830176 788389 858663 954084 605315 538159 954098 837734 
653907 213503 263434 797466 946295 545190 981020 545032 881952 829803 ,140789 177452 158544 544769 619567 833509 828416 468907 349384 404200 
423824 417502 423390 423377 787887 714964 24847 423761 981475 547642 ,423824 714964 24847 717896 41211 655673 761781 716461 911810 786413 
223734 223885 971409 226537 561223 562042 9582 869523 130893 912910 ,223885 226537 561223 562042 9582 130893 912910 683034 982893 207613 
193222 184656 192560 271376 657099 300806 638776 719536 466838 338551 ,192560 271376 466838 333480 307801 265494 338289 831320 535928 689854 
124451 487435 68309 815387 446882 637130 484093 68313 487381 105421 ,124451 487435 68309 487381 105421 108245 982473 526066 815445 487398 
482942 966635 225969 930014 484629 789413 967382 193433 272249 826671 ,966635 79968 905486 876871 850620 205309 723791 877030 17592 455579 
70848 935518 802572 285978 506694 111250 111394 70750 43125 93528 ,70848 43125 197332 554427 50826 69807 508600 799969 302138 909168 
975035 975507 638229 942004 848893 45930 819416 554247 484214 403575 ,975035 975507 638229 45930 554247 819832 943321 927728 899965 209256 
338049 364740 57605 229178 53153 254155 499919 106810 337752 799822 ,338049 57605 229178 499919 106810 305220 101242 307836 44149 431128 
37286 279431 372944 280236 19084 254091 279899 705409 977764 411427 ,525242 774571 364087 306648 122526 292523 354969 547558 282625 237003 
929650 181345 748703 531686 81916 530052 860956 941523 383654 428201 ,383654 557755 383414 186789 30143 985273 723993 387503 308717 398210 
469306 202447 266725 958495 201811 266089 752910 655361 84942 337305 ,28385 471877 252313 503349 690625 365072 227531 620456 135756 512746 
215654 641027 603689 717363 129121 215916 424336 754266 715810 714512 ,717363 129121 754266 715810 714512 714245 423125 219298 39002 246974 
819170 48111 737548 970845 652288 739556 759113 996966 27264 725982 ,470597 758946 855066 597368 140201 313688 374336 659781 21105 306224 
353320 367254 525409 259921 607069 307275 742747 505371 306549 742879 ,367254 742747 505371 306549 307372 188900 366543 603384 525375 322932 
777221 777130 468832 29473 959237 28644 255338 927284 538289 588374 ,777130 468832 29473 959237 28644 255338 927284 538289 588374 881625 
365895 470539 392221 780116 292571 529143 528402 151153 190431 504753 ,392221 780116 528402 504753 51633 521727 524558 708730 519283 708724 
354907 310522 742743 342967 743157 356620 344710 742583 310091 355930 ,354907 310522 742743 342967 743157 356620 344710 742583 310091 355930 
511445 485982 753519 52954 225882 247523 883939 677997 452315 182100 ,485982 52954 594573 509986 207553 522598 250967 328901 249497 105484 
935488 775418 504977 989562 258639 178211 216193 497412 267199 977612 ,157641 272155 871448 452882 193932 266299 193399 222642 460932 449026 
351667 98400 281661 155286 602514 514308 789117 503892 61356 157605 ,261432 540683 497224 56063 530351 292214 69657 280103 490498 540814 
300216 428939 155553 494534 192397 84116 494075 86001 462725 927577 ,300216 428939 155553 84116 462725 999969 552868 461144 537641 489599 
748397 748193 175336 716433 112586 107281 368246 340288 175407 953387 ,748193 107281 340288 108257 279356 279095 355111 495828 30116 748799 
343714 356684 393274 14075 311803 209531 886229 172048 13869 15973 ,298341 160109 433337 843670 933865 484913 752200 708560 160106 214315 
724531 518936 158866 736390 602197 583764 21087 20923 789447 583844 ,724531 158866 583764 583844 237334 705519 327325 583741 831476 658149 
216566 496670 807847 295064 537077 982738 897105 994456 785705 837648 ,216566 807847 897105 994456 785705 998972 663097 753660 811109 982462 
230861 613376 940674 229925 539777 889596 762637 384875 191485 762257 ,191485 264459 9733 807933 800474 847659 833278 808246 561589 858023 
514570 574365 490123 965741 454617 104855 88151 452739 659422 105744 ,490123 429508 834813 559666 511291 90870 299784 559685 155111 202302 
598079 564618 287373 565155 62426 983782 748954 775924 527133 984178 ,417033 997085 795441 864704 868469 864453 118288 795137 267060 275603 
8931 918586 260473 425577 426334 539903 910555 512857 319101 809331 ,39415 43247 755187 115239 41166 956340 39236 249575 947473 38953 
536124 536161 411633 978474 511427 332924 894366 828366 894229 978897 ,536161 978474 894366 828366 978897 775119 775461 159456 410336 833221 
663626 663572 883027 681872 481017 258807 89082 503397 83760 813647 ,663626 663572 883027 481017 258807 89082 848964 677999 35968 260045 
492330 174541 103323 48153 301637 294002 490910 684068 173700 723488 ,174541 684068 671619 80017 668457 702511 754369 507479 508173 800686 
41782 7647 689726 597062 810452 809594 810430 386479 385572 78332 ,582068 389195 290134 789673 475875 84598 39770 805699 195129 695256 
84569 515029 252802 629832 104924 863863 105608 790387 122527 323932 ,84569 629832 104924 105608 122527 321843 662715 105027 298924 306290 
79285 11718 592078 915136 738105 633346 593034 581625 298548 207479 ,915136 298548 443198 208230 779151 524301 508213 876164 727003 885305 
788440 993779 140760 656395 817437 761151 846247 517878 930362 855987 ,566533 380179 756352 713735 715645 97751 708876 262373 272918 799402 
938897 628540 629515 989600 841563 781748 908348 201161 867635 913129 ,913129 202183 266461 10399 15025 840629 678512 223791 843213 940712 
721152 55741 473654 473476 477288 476900 721590 900089 237344 477006 ,473654 476900 721590 762607 216973 810022 473467 915861 57114 131209 
514253 514509 514240 514311 374589 516573 518501 615890 514247 624668 ,514240 514311 514483 392339 467574 122125 368714 294806 615377 454664 
134120 743974 634473 207570 965899 902860 384192 49859 298503 477037 ,743974 634473 298503 786060 351638 128342 418202 422085 695537 51032 
593577 452936 593036 737404 452645 45910 800542 799978 459709 222233 ,45910 552961 937579 50777 186461 144594 909313 470419 947445 213632 
768763 413638 643701 835702 829592 608738 807855 826820 555811 902337 ,768763 643701 835702 829592 608738 807855 826820 555811 902337 114500 
414105 875866 32755 248419 735948 32069 332146 245443 198263 277079 ,414105 248419 32069 332146 32711 491506 693166 479186 311044 231625 
817376 347051 181285 619775 219982 131494 316534 673721 665137 664965 ,817376 347051 181285 219982 131494 316534 673721 664965 22953 664821 
549134 844055 514527 179787 742695 791282 182156 785199 168652 678389 ,168652 79452 266559 266117 480370 306817 546412 749628 2135 510620 
38744 24310 862989 709361 97347 37839 384813 119147 816828 816833 ,283979 955321 713161 695852 525085 44843 69188 279249 386533 682384 
664189 133107 856857 54260 489447 856505 858623 113948 198231 277047 ,113948 328025 880777 903138 947473 309112 541541 297193 582719 839347 
985510 986851 971698 995812 991700 674693 811158 762841 766321 556640 ,991610 249691 199396 930515 916746 967287 620133 55832 553935 647588 
874733 294755 119353 462063 866610 402923 87470 875655 819330 198224 ,462063 983321 398602 978740 964131 451186 977910 480840 279358 66221 
591643 922717 418936 894827 418821 896385 789776 617495 637175 900092 ,591643 922717 418821 617495 940082 959280 968604 971012 425201 715816 
325214 953436 478322 953454 463640 234612 556439 97370 838797 323651 ,702021 740954 393336 967177 322856 738092 948212 364332 365991 493187 
291960 924263 291983 511658 292099 82852 467170 111513 130769 109716 ,420710 989424 17523 942485 95227 449808 338113 503821 83138 997810 
845705 305851 496693 443718 233459 305310 496698 784991 958577 354054 ,305851 443718 784991 354054 566222 784975 305122 426467 22441 325080 
280829 295296 550079 294459 434346 547986 76955 245957 855930 280438 ,280829 434346 322868 281158 651298 332016 294870 105765 354331 600613 
820735 906522 839318 443237 839334 443280 654812 839476 646399 546294 ,839318 443237 443280 820700 646065 994908 857012 421495 797825 757667 
301044 769274 782231 968287 917411 883830 260487 287439 299835 343354 ,343354 766136 11604 764782 373499 92704 310906 748310 437752 531852 
795237 58896 500015 499538 233094 795276 532446 70167 353467 419340 ,795237 500015 70167 353467 364354 929164 617559 182046 227368 824178 
558780 558788 558604 558722 640998 558712 685855 686416 543866 697934 ,558722 640998 558712 686416 697934 543483 558621 541666 409342 543493 
77214 75694 78720 861896 78469 77249 789493 408909 77187 566845 ,75694 78720 77249 408909 566845 427909 375346 92577 91502 788834 
964046 283997 439653 711100 283275 756702 29563 964092 285628 347505 ,283275 29563 565694 88818 142708 135636 495275 914460 48791 175635 
606564 979918 616352 683662 569328 662408 435137 29855 464211 794133 ,569328 569580 25456 271675 245319 461312 228742 235685 80615 753658 
488772 561183 345670 359103 492235 958419 10759 741489 895353 110420 ,359103 492235 10759 741489 515380 3012 15443 3529 838986 16366 
716217 451339 451219 411146 807800 478448 927690 378624 903762 831615 ,411146 807800 378624 903762 84719 735657 874879 92440 424915 409696 
398527 403120 397905 671896 314453 116324 492623 941467 845400 560994 ,398527 397905 671896 941467 758745 489132 923229 557177 619442 123059 
210009 513460 189327 659496 553359 741129 121856 209445 397411 795978 ,189327 553359 741129 121856 552516 1930 741650 397263 741214 2495 
427437 40823 985174 759168 290992 283848 41088 641598 427099 536243 ,427437 40823 759168 290992 283848 41088 427099 536243 535984 124556 
763951 763880 965549 765063 176289 485627 974548 764697 941212 339911 ,234644 998362 988709 930023 646394 995223 885707 242706 619611 364966 
987718 538656 581137 40206 238583 915172 729754 582933 3263 883616 ,987718 538656 581137 40206 582933 883616 442868 671359 47903 238440 
770518 768356 642915 773514 774948 837691 644897 642902 399457 770334 ,768356 774948 399457 203620 773127 991662 202176 266454 890738 552223 
834355 310092 223613 312288 40606 619848 753423 820302 563216 18357 ,111111 621256 266275 925275 809886 481315 399853 991159 992014 247421 
509948 689910 356988 308015 523499 735207 803582 392304 154588 530629 ,689910 308015 735207 154588 690459 249297 550839 949917 903772 719812 
249166 222400 871322 803441 257496 77481 937357 755866 409920 504800 ,77481 937357 755866 133540 74019 76624 756446 201308 74352 791571 
840286 658559 813958 426364 192905 271721 193484 748953 225501 142478 ,192905 193484 748953 225501 141946 852080 993524 265949 201671 851847 
331215 548385 660579 245377 343466 870560 501602 15009 432949 140030 ,245377 140030 577364 84707 860509 753391 86391 159642 238378 161530 
550956 489727 904696 885257 664699 28231 666017 110299 914821 957105 ,473512 52303 907969 829711 947439 217195 495115 885367 904194 344094 
526184 526703 771168 636442 224150 636209 13456 512579 512732 998242 ,224150 636209 998242 488740 899910 872160 863723 489396 224835 877594 
322843 551007 258159 413500 216986 88564 482184 225229 613214 106066 ,413500 91680 844700 669342 805528 240720 750648 77199 216795 946423 
39440 892146 476774 480163 7634 476423 477123 477514 39378 478254 ,54953 51045 874415 667023 768321 128389 115239 446813 448087 948237 
870901 191481 191471 975397 870599 976299 9939 607822 30922 572641 ,191471 975397 870599 976299 607822 862526 862800 863801 10066 870695 
695743 481219 306404 744102 351703 738502 480867 695048 740176 464788 ,695743 481219 744102 480867 740176 409777 363473 262177 962803 560022 
250425 299398 18322 836099 702510 517004 18832 561480 517188 69035 ,299398 916782 702807 274492 516447 194947 273763 777062 529249 980486 
987662 536272 754416 877660 187715 987964 969757 559658 670847 187699 ,987662 877347 813760 905022 970006 920357 811017 880484 919340 445385 
839536 839406 839448 840175 830199 604510 841998 830301 454400 455344 ,839448 455344 555222 696698 858499 80299 228187 606622 101316 128074 
734902 986981 935623 378942 734415 872921 636655 934579 885143 94027 ,935763 221258 39770 601681 734861 744709 147968 65821 200481 157516 
776678 919979 361599 840358 259637 978787 366396 387863 226071 61790 ,640589 695310 390524 132894 2498 841326 90701 829972 416236 409798 
943135 440960 533811 944024 309748 525838 357542 826938 800362 72200 ,943135 533811 309748 525838 357542 800362 565544 363798 467133 289967 
414378 453457 73167 861774 560395 537889 188551 453363 889925 254381 ,73167 254381 414457 886518 828682 64587 886561 678833 259849 212913 
613245 613630 548499 611378 877284 841767 967952 279368 868195 710143 ,613245 613630 548499 967952 279368 140601 237980 925847 547160 471070 
863880 789209 55765 852154 644333 786258 903668 646534 820922 46179 ,863880 789209 903668 46179 808547 540502 814556 45210 808733 359628 
899313 899503 834314 631910 835685 225713 798519 555576 777192 973258 ,899503 777192 488228 16828 17099 923883 749744 516724 17016 957639 
118065 451772 603188 108080 769368 133742 795398 566348 293198 145474 ,603188 293198 565230 231836 866378 879100 470633 965845 144254 121871 
119657 895600 826028 963507 898460 417285 557063 964564 996082 471826 ,894696 46619 882236 917938 606270 445450 247775 589757 683687 646646 
849143 952246 436550 723180 964221 191885 791450 306815 218172 435393 ,849143 436550 723180 964221 306815 70361 738363 747019 723330 235469 
430320 344245 757408 324691 353557 670019 233876 102587 25485 231823 ,430320 757408 670019 25485 231823 697943 728708 639799 639793 273220 
840984 539532 539538 628053 564714 938688 395996 956705 219334 867764 ,539532 539538 628053 913920 842255 126900 867805 745779 594654 142858 
557769 25933 827102 817523 200171 264449 215626 615478 544618 24371 ,827102 826627 806257 315035 806226 969660 574306 909470 672649 969733 
684357 99494 738530 560016 321458 495229 604878 429882 321452 230841 ,560016 321458 604878 80264 430270 55537 566396 30134 321491 42126 
321843 781888 322158 377675 144417 158782 823821 557874 777326 603970 ,685835 823198 390271 103326 785491 859470 698658 803331 299465 265677 
45 762411 49 537726 288789 665733 153262 83327 290574 57528 ,754570 538048 900759 681581 597439 701700 475121 67811 57945 574529 
605500 370791 588560 366209 107522 730470 329366 141212 178747 39126 ,366209 329366 493629 283435 283861 118296 546062 78061 254529 897987 
513624 513081 690557 533646 90218 658437 93347 512785 525184 987816 ,513081 690557 533646 658437 93347 974329 88959 321877 502106 193330 
868266 636492 864860 301663 44591 855073 844326 480227 883364 839151 ,596680 706745 772055 930632 530008 833136 36118 791548 919418 399441 
714531 151544 57010 282023 337475 159472 682894 753841 373484 373371 ,57010 337475 373484 373371 215989 255999 237307 373345 351097 323979 
966796 717672 714744 556381 966849 250702 913026 464178 625224 11131 ,498431 929585 479310 922453 908720 634304 74614 824154 860504 84608 
