GT,Result
652396 651918 652207 958344 407047 406813 155273 135343 454487 564751 ,652396 651918 652207 958344 407047 155273 135343 454487 352011 621406 
839707 529579 335469 388582 718044 115255 388993 850389 513646 595290 ,718044 850389 513646 301649 850489 704057 461712 698239 358763 104303 
177056 913827 530049 529263 723882 752901 369852 20471 581605 383642 ,177056 913827 529263 723882 752901 369852 20471 581605 383642 258607 
658823 659025 216629 190637 305988 412052 659613 329220 190701 949036 ,658823 659025 216629 190637 305988 412052 329220 190701 949036 658651 
927764 707303 544055 112914 976937 125414 112548 773208 773310 421278 ,773208 759793 411022 841764 582716 32195 664927 621248 614468 461651 
665433 896439 170844 482977 267527 61838 532709 287380 325123 533621 ,482977 267527 61838 532709 287380 325123 533621 966501 298102 328857 
152085 178785 542448 507965 887498 86094 747892 697000 625466 138517 ,152085 507965 887498 86094 747892 697000 625466 906164 372292 61729 
84631 463205 199834 76098 505358 408240 299165 586102 931425 85057 ,84631 463205 199834 505358 408240 299165 586102 85057 341103 57139 
614851 614402 500643 748873 601123 450172 146036 145564 845161 748693 ,614851 601123 146036 145564 845161 59781 128936 182849 936120 708237 
621952 180505 436288 4983 859780 86538 85181 619124 800767 408229 ,621952 180505 436288 859780 86538 85181 800767 408229 737377 64143 
760530 758907 758349 858346 131773 117304 112708 117950 374111 143363 ,760530 758907 758349 858346 131773 117304 112708 117950 374111 604644 
347533 496812 426501 422239 555341 723456 24106 130335 960725 380779 ,347533 422239 555341 723456 24106 130335 960725 380779 426488 5017 
363679 242064 703031 8458 517480 987046 514893 261434 261423 519643 ,363679 242064 517480 987046 514893 261434 261423 523493 242032 400622 
337118 280269 528983 69657 69449 523720 151165 151160 112159 547063 ,280269 528983 69657 69449 151165 151160 112159 547063 322410 122060 
604128 612143 572517 83719 83894 192439 271255 951532 391544 19020 ,604128 612143 572517 83719 83894 192439 271255 951532 391544 19020 
799670 637984 39086 793355 606941 534434 189212 534432 467724 100669 ,799670 39086 793355 534434 189212 534432 987366 476885 953020 130577 
557003 552934 646394 893345 659781 869699 837431 840292 535546 861550 ,557003 552934 646394 893345 659781 869699 837431 840292 535546 861550 
476035 782781 188222 418714 918631 520873 903774 475740 879122 343601 ,782781 418714 918631 520873 903774 475740 879122 343601 479610 617603 
969731 189978 189858 765066 643032 765691 648106 907598 642910 912825 ,189858 643032 765691 648106 642910 912825 643859 907031 642626 953478 
186533 201923 766785 360474 201458 265736 193250 680151 550281 351490 ,186533 766785 360474 265736 193250 680151 550281 351490 24346 965762 
125672 303634 92078 857334 343354 319733 190244 231533 721420 235204 ,125672 303634 92078 857334 343354 231533 721420 10941 477179 57183 
353297 47337 47769 353135 413835 413885 341046 363339 301307 305996 ,353297 47337 47769 353135 413835 413885 341046 363339 305996 435922 
883468 547747 883657 793056 909695 395911 989352 42018 319140 931502 ,547747 883657 909695 931502 85923 144944 880699 244129 883709 491551 
237294 285814 315616 477759 18439 45654 734043 421630 295416 45095 ,237294 315616 18439 45654 734043 421630 295416 45095 754590 282078 
355088 948540 519192 289288 341394 111223 128541 256689 130402 684329 ,355088 519192 111223 256689 130402 684329 994057 112101 310653 354671 
334848 690570 665187 46713 90878 334629 566958 510302 264878 929804 ,334848 690570 665187 46713 90878 334629 566958 510302 264878 929804 
373148 822908 468233 297365 653204 31858 252253 483221 328595 943871 ,373148 822908 468233 297365 653204 31858 252253 483221 943871 66526 
953140 819212 953183 953152 473367 633475 83157 212543 402237 953358 ,953140 819212 953183 953152 633475 83157 212543 953358 653059 23768 
558632 674886 609749 647071 189246 653403 607142 23685 609736 994671 ,609749 647071 189246 653403 607142 23685 609736 994671 603190 677402 
594510 835321 594191 488802 929613 594050 869883 852596 979337 208370 ,488802 929613 594050 869883 979337 208370 13495 684064 269054 404129 
528361 315051 710220 310344 31717 158600 701561 532048 512913 420164 ,528361 315051 710220 310344 31717 158600 701561 420164 404048 147781 
436416 656723 354583 983966 868142 73429 517586 192977 848519 310778 ,436416 656723 354583 868142 848519 310778 462594 726537 435117 200979 
385137 406095 99194 879218 99069 901610 999398 84158 421274 137602 ,406095 99069 999398 84158 137602 546232 482715 320927 459571 448359 
184314 202921 267199 802946 387006 959262 262697 625457 999274 949977 ,184314 267199 802946 959262 625457 949977 157641 389038 371685 388174 
712866 576243 25896 190866 115932 580917 554522 11795 196936 300488 ,712866 576243 25896 190866 115932 580917 554522 11795 196936 300488 
30387 30200 85444 88739 821919 40262 84951 806511 526869 81913 ,30387 30200 85444 821919 40262 84951 81913 749481 122522 432210 
230201 746945 695385 584495 511892 341468 747303 408641 426298 364128 ,230201 746945 695385 511892 341468 747303 408641 426298 364128 747621 
910824 825881 23555 824546 651559 814655 443864 653132 443837 653271 ,910824 825881 23555 824546 651559 814655 443864 443837 653271 647086 
740475 664162 185702 862402 417027 562076 508034 797764 63270 395641 ,740475 664162 862402 417027 562076 508034 797764 63270 395641 234835 
490090 784191 516794 95955 635138 632646 230734 519343 517097 914953 ,784191 95955 635138 632646 230734 519343 517097 914953 20374 636138 
773246 324144 325926 772907 670309 12283 120026 10107 811779 419546 ,773246 324144 325926 772907 670309 120026 811779 419546 335183 811876 
480658 775958 314341 638745 136349 878307 877914 95792 939957 30585 ,480658 775958 314341 136349 877914 95792 30585 878254 581248 595035 
971440 618000 656345 640142 342169 227370 553823 516734 545615 554650 ,971440 618000 656345 342169 554650 953329 388107 653958 653468 228970 
902995 473226 941925 563080 584631 29173 450331 63725 608666 450776 ,473226 941925 608666 503929 609137 609483 860287 683467 73306 585024 
69260 58732 142858 516209 608766 226598 535083 554926 137652 842555 ,142858 226598 842555 193913 147507 129201 36418 140590 416318 16604 
453761 924227 623967 485182 740978 739155 636919 896696 800733 473277 ,453761 924227 623967 485182 740978 739155 636919 896696 800733 473277 
110250 229393 337899 723761 549261 549669 338524 182130 389291 345126 ,110250 337899 549261 338524 182130 389291 246659 499432 707623 685084 
246179 471053 840605 988933 471142 941470 942775 955319 300553 932413 ,246179 840605 471142 941470 942775 955319 300553 405919 93463 115425 
461638 72494 61423 911250 706256 593435 102116 270512 527590 196689 ,61423 102116 527590 196689 510610 96784 274808 403432 196873 425453 
800707 112038 246356 176201 392774 232275 725047 698661 176437 566494 ,800707 112038 246356 176201 392774 232275 566494 196874 926559 668086 
408713 188212 348702 887907 104076 92704 664866 602500 761373 320506 ,408713 188212 348702 887907 104076 92704 664866 602500 761373 320506 
837213 410114 838279 843323 690294 992476 942192 837221 505213 930774 ,837213 410114 838279 843323 690294 992476 942192 837221 505213 962553 
847322 780140 131252 242001 235015 916839 159682 364475 44582 321505 ,847322 780140 242001 235015 916839 321505 604027 509208 774256 170412 
152323 755601 503535 98903 488438 488280 490081 491579 99206 755778 ,152323 755601 503535 98903 488438 488280 490081 491579 99206 755778 
153849 533393 939534 206151 270429 235830 980738 725574 507959 928696 ,533393 980738 554686 530431 94035 468480 222790 362752 84457 3491 
549326 46551 821768 265292 519892 593009 929791 329466 554428 121252 ,549326 46551 821768 519892 593009 929791 329466 714692 551005 523566 
533651 574288 666058 561467 858023 205446 269724 665167 92250 473795 ,533651 574288 561467 858023 205446 92250 473795 930611 483630 561976 
735751 667095 889906 855601 648480 673332 672767 673431 825020 993632 ,667095 855601 648480 673332 672767 673431 825020 667018 535595 190715 
406185 734476 295920 429479 494997 738163 174950 430701 162719 691280 ,406185 734476 295920 429479 738163 174950 430701 162719 691280 713565 
996117 996134 917166 778164 779669 904934 787192 996325 912875 74308 ,996134 917166 778164 779669 904934 787192 912875 74308 540839 906126 
773468 929323 774105 773034 886525 887124 769881 754039 736591 890802 ,774105 773034 886525 887124 769881 754039 881069 38693 410465 39037 
320496 34081 479415 117600 468318 238823 631041 7707 711117 479131 ,34081 479415 117600 468318 7707 711117 38443 768885 999313 2214 
859750 343206 144584 522530 772909 780910 924275 250055 510174 544261 ,859750 343206 144584 522530 772909 780910 924275 250055 544261 402858 
610323 586117 282163 95990 683665 441695 834444 417156 234520 204054 ,610323 586117 282163 95990 441695 834444 417156 234520 268332 204054 
37739 641744 559323 573607 478432 189447 641659 799868 560267 768698 ,37739 641744 559323 573607 478432 189447 641659 799868 560267 768698 
104143 104125 990045 446844 674134 757178 862019 853210 862209 128434 ,104143 104125 446844 674134 862019 853210 862209 128434 25362 374682 
814513 848450 373771 755614 446495 447452 373734 447925 848659 667023 ,848450 373771 755614 446495 447452 373734 848659 667023 649806 448074 
662651 637440 533822 94435 110634 531106 385077 171837 833558 806218 ,662651 637440 94435 385077 406341 93377 451524 546387 514181 465009 
812596 214202 770979 653504 539883 353411 769150 802851 890525 876946 ,812596 653504 539883 802851 890525 876946 857643 292072 824879 858017 
154857 399822 471252 6191 515430 591739 181670 133176 566113 358091 ,154857 399822 6191 515430 591739 181670 133176 566113 358091 79138 
359869 358732 812882 320265 341681 340730 773607 321050 756917 545694 ,358732 812882 320265 341681 340730 773607 321050 545694 776240 722949 
121952 426020 123528 122232 5609 70141 956762 60148 873232 272286 ,123528 70141 956762 322138 426787 807785 714739 79889 20580 174597 
326822 726413 242501 777321 530192 599447 530762 857310 968850 288300 ,242501 777321 530192 599447 530762 968850 288300 364813 103394 738361 
353265 625251 338688 523030 381519 348571 522706 301999 245373 772948 ,353265 625251 338688 523030 381519 348571 522706 301999 245373 772948 
422948 50444 716794 713773 339314 600101 704772 811893 640374 351935 ,713773 216579 429318 352992 716993 653025 897986 524137 693994 822763 
227545 555599 890324 216774 556620 923828 555981 216453 641390 616046 ,227545 890324 216774 923828 555981 216453 641390 616046 641143 792473 
35952 35969 35826 847332 916309 428550 876825 594167 911504 916746 ,35952 35969 35826 916309 876825 594167 911504 916746 828647 709681 
570072 98602 460941 628345 61729 350191 170843 601847 395669 665769 ,570072 460941 628345 61729 350191 170843 601847 395669 665769 989301 
602996 432790 196297 275113 90745 517452 611016 521665 465340 314305 ,602996 432790 196297 275113 517452 611016 521665 465340 314305 92026 
683701 896319 934452 895621 895421 85979 547392 526883 547149 359429 ,683701 896319 934452 895621 895421 85979 526883 359429 369353 482131 
652973 684485 757062 186908 436066 879439 130169 66228 450755 431204 ,652973 436066 879439 450755 662723 684302 671718 376676 467205 522509 
452414 197588 662202 337159 391341 37423 956307 923945 367701 383642 ,452414 197588 662202 337159 391341 956307 923945 383642 417660 543495 
58057 885886 389793 389726 810837 885826 995812 885848 51322 759961 ,885886 389793 389726 810837 885826 995812 51322 759961 885751 374489 
83026 745669 95484 617506 475761 914912 311320 909361 94946 475851 ,83026 745669 95484 617506 475761 914912 311320 909361 475851 29662 
975217 975073 528339 608653 851165 92646 801596 258201 788290 624039 ,975217 608653 851165 92646 801596 193507 774565 53653 189170 984954 
911495 888406 385454 830105 606690 841154 858981 346649 250713 250885 ,385454 830105 606690 841154 858981 346649 250713 250885 774561 993615 
499588 68394 108247 678380 29994 875385 411068 525795 495412 824938 ,499588 68394 108247 29994 875385 411068 525795 495412 547231 525734 
210568 905060 678649 515173 678307 477926 214306 103826 653519 599914 ,210568 905060 678649 214306 103826 599914 98185 965124 237960 653177 
609516 484250 297230 319674 257606 334949 298128 734772 869106 369403 ,609516 484250 297230 257606 334949 298128 734772 869106 369403 629418 
114572 763850 296838 657141 875979 557685 945837 974657 760399 749424 ,763850 296838 657141 875979 557685 945837 974657 760399 749424 117149 
888909 106710 372908 554935 48095 453640 538937 452350 877565 932644 ,888909 106710 372908 554935 877565 932737 247899 739579 149759 604273 
638475 638447 711008 530742 604424 638425 644961 710904 810114 448679 ,710904 639153 604447 759147 714304 607630 759729 137626 714228 787891 
468739 313360 34981 119170 823094 137465 702663 985229 728025 689665 ,468739 313360 34981 137465 702663 985229 728025 689665 493617 931437 
677222 614293 814689 675827 210863 825714 653634 648779 23597 694251 ,677222 614293 675827 210863 825714 653634 694251 444842 445282 640053 
866422 499292 508643 281046 490544 640903 297261 334689 651190 830848 ,866422 281046 490544 640903 297261 334689 651190 830848 6231 84801 
234212 932650 267685 525623 290781 73047 98357 31573 933614 554449 ,234212 932650 267685 525623 290781 73047 98357 31573 933614 275430 
836630 888259 887512 910459 927457 896228 724963 966676 124983 701889 ,836630 888259 910459 896228 724963 966676 124983 106226 581043 952457 
196845 410262 364687 416865 732703 725461 363844 133879 239841 696161 ,196845 410262 364687 416865 363844 133879 239841 696161 617776 470308 
139657 188553 367089 832714 216663 393302 219546 979706 958572 682003 ,139657 832714 216663 219546 958572 682003 849337 233620 796402 176149 
532189 706139 198387 277203 283770 302870 705698 839552 553329 712544 ,198387 277203 302870 705698 839552 741245 110780 801585 853197 736161 
205333 335275 692714 945970 778534 36152 507044 725736 231285 938604 ,205333 335275 778534 36152 507044 231285 938604 34926 916286 381891 
590579 590826 175094 193554 272370 14525 662726 695971 783099 337143 ,590579 590826 175094 193554 272370 14525 662726 695971 783099 168054 
88525 738796 59376 60242 59744 930732 806286 140554 90633 199564 ,88525 738796 59376 60242 930732 806286 140554 90633 199564 278380 
176331 136554 866152 629141 371960 151619 527412 160034 107821 765782 ,866152 371960 151619 527412 107821 765782 263175 278302 574660 672010 
628284 949983 407094 34184 964279 731413 943770 994944 655036 945689 ,628284 407094 943770 994944 655036 805543 885452 900672 778449 306554 
359429 657248 155018 649271 896319 144944 206669 412845 33794 895621 ,359429 657248 155018 649271 896319 144944 206669 412845 895621 645688 
827255 826948 642231 421942 827151 44192 44328 763079 654642 763415 ,826948 421942 44192 763079 654642 763415 763274 99398 763396 905246 
69401 69812 60251 61464 133979 141497 990137 292677 929766 174665 ,69401 69812 60251 61464 141497 990137 292677 929766 174665 522505 
917705 844314 844788 736208 308964 883017 931623 122815 309753 126773 ,844314 736208 308964 883017 122815 309753 126773 731232 982681 748031 
769504 635099 238073 174734 685291 174771 174762 928621 495075 784355 ,769504 238073 174734 174762 928621 495075 784355 684039 749896 465524 
529929 723897 629224 180705 734277 105526 515509 71494 434112 388751 ,529929 723897 629224 180705 734277 105526 515509 71494 434112 719165 
684673 282807 224102 757531 758307 980569 283440 885916 912213 374807 ,684673 282807 757531 758307 980569 885916 912213 374807 913241 219837 
646776 915753 983527 423377 915678 915858 925279 378645 901597 650938 ,983527 423377 915678 378645 901597 761781 718606 650461 604466 752791 
203941 833555 205712 193733 156588 872921 634346 384126 161109 498831 ,203941 833555 193733 156588 161109 498831 691571 951004 463046 805847 
820221 496033 224792 225426 543644 932534 578385 543850 513629 433141 ,820221 496033 224792 543644 932534 543850 513629 433141 820363 434994 
262305 740366 563545 738340 936913 785415 637422 773088 684612 601290 ,262305 740366 738340 785415 637422 773088 175484 151377 363755 511890 
338405 968980 517688 581446 67214 193414 513970 586114 586883 973267 ,338405 968980 517688 67214 193414 513970 586114 586883 513458 119264 
749654 811462 519634 188679 450663 210830 609187 519861 224841 711672 ,749654 210830 519861 224841 711672 526673 168512 844809 340684 762713 
797611 76652 290079 167567 411231 67779 183810 454506 289816 321139 ,411231 67779 183810 454506 253238 45460 723055 591114 834796 576104 
90745 496509 100151 430679 117073 88898 117495 579754 690132 23543 ,90745 496509 100151 430679 117495 579754 690132 23543 453986 461151 
853950 208177 851225 997863 896786 850130 442257 270422 269968 21099 ,208177 851225 997863 850130 21099 539073 921827 801813 959273 881034 
441029 997530 59324 98278 429714 338019 429449 440990 101528 972966 ,997530 59324 98278 429449 440990 101528 972966 512866 131610 69448 
225344 692871 512172 622186 194675 273491 692659 780679 732150 96621 ,225344 622186 194675 273491 692659 780679 732150 96621 692551 126131 
705067 618661 186763 488642 394602 293660 365198 12862 722007 989088 ,618661 186763 488642 394602 293660 12862 722007 989088 275232 619855 
422671 352627 426566 422548 30282 736625 989877 326294 506420 714462 ,422671 352627 422548 30282 326294 714462 322141 505200 607111 417101 
424084 723495 723433 346874 702961 549817 25158 521935 762035 250333 ,424084 723495 723433 702961 549817 25158 762035 250333 1526 771345 
498199 499057 316339 666366 190429 766866 776847 928978 945052 402243 ,498199 499057 316339 666366 190429 766866 928978 945052 402243 359875 
998127 88337 554674 743609 85429 93606 321692 70846 473390 205373 ,88337 93606 70846 269651 95431 92448 494856 522865 915700 528493 
561074 22937 860774 561172 670708 820092 15662 964489 274383 541874 ,22937 860774 561172 670708 820092 964489 124561 271895 531648 895566 
163501 240841 44542 235859 670155 339939 433014 869627 864286 606608 ,163501 240841 44542 235859 670155 433014 864286 606608 961245 408129 
142709 175634 690159 984101 644914 731708 142291 360395 983848 289083 ,142709 142291 360395 289083 317122 246143 578059 213288 565974 99824 
132788 46959 2337 826647 891344 536234 848820 446845 871391 1906 ,2337 826647 891344 536234 848820 446845 871391 1906 24365 857655 
901279 902097 668758 517454 731631 903543 732551 35699 502842 717391 ,901279 517454 731631 903543 732551 35699 502842 717391 517485 754341 
855868 857434 592271 974211 575803 913663 405145 629508 846767 412870 ,855868 592271 974211 575803 913663 405145 629508 846767 412870 625652 
216893 151902 105519 216527 106459 850557 151473 306186 890053 39065 ,216893 105519 216527 306186 124430 667563 442913 324303 236946 51402 
991194 991799 288253 929695 12968 261244 14953 201884 16404 842444 ,991799 288253 929695 12968 14953 201884 16404 842444 286820 328011 
271597 52127 884479 475239 905667 233791 640254 52105 271483 234644 ,271597 52127 884479 475239 905667 233791 640254 52105 271483 234644 
558867 656979 559172 657332 492310 92454 573137 912023 92659 884933 ,656979 559172 657332 92454 573137 912023 92659 884933 723515 190087 
114972 735258 243752 66712 317125 69010 847300 307970 69634 462989 ,735258 243752 66712 317125 847300 307970 69634 58871 583695 572515 
668978 753757 996759 410595 809961 773468 558044 886140 448164 188027 ,753757 410595 773468 558044 886140 448164 188027 993850 996851 774029 
747797 739678 187143 186870 729135 628492 888671 741547 571961 429170 ,747797 739678 187143 186870 729135 888671 741547 571961 429170 902456 
445139 994106 422959 445401 791041 837649 807412 445552 373939 774108 ,994106 422959 445401 791041 837649 373939 774108 962791 478708 832020 
527249 195195 85706 575409 237520 732706 405406 406785 154257 489476 ,527249 85706 575409 237520 732706 405406 406785 489476 407122 200378 
943335 943859 948991 944769 225208 951048 93264 588787 428523 536869 ,943335 948991 944769 225208 951048 93264 588787 428523 981870 689543 
493007 353782 511971 531358 513107 192547 271363 522790 83056 572171 ,493007 353782 531358 192547 271363 522790 83056 572171 292155 152440 
55460 57317 693046 54657 53446 477354 650543 996645 996364 997952 ,55460 54657 53446 477354 996694 959464 52633 895327 477341 468421 
913679 680421 807867 269223 894280 130119 110651 206712 270990 706796 ,680421 894280 110651 206712 270990 193139 951512 826836 805823 7869 
421775 615794 227388 311418 227375 168629 781584 455319 907633 436896 ,421775 615794 227388 311418 227375 168629 781584 455319 907633 400319 
364309 307486 730320 364982 206638 526845 437045 107180 236025 992426 ,364309 307486 730320 364982 206638 437045 107180 236025 658438 528408 
442159 486119 202293 266571 399876 259305 651008 267895 353422 483537 ,442159 486119 202293 266571 399876 259305 651008 267895 353422 483537 
859368 697298 695874 50417 164006 986631 442422 508710 616154 199556 ,859368 697298 695874 50417 164006 986631 442422 508710 278372 199556 
929844 268436 396024 680558 234382 951918 258266 18961 317355 158807 ,317355 170132 664259 160406 7229 314486 630308 712255 920840 280910 
880559 847089 856661 869419 141742 151680 855783 252307 851597 993525 ,880559 847089 141742 151680 855783 252307 851597 993525 877357 991771 
485857 133823 835361 783248 152345 183705 158370 134258 316641 988113 ,485857 133823 835361 152345 183705 158370 134258 316641 287814 782200 
85965 177790 492941 558871 457394 779747 97535 88097 174110 754601 ,85965 177790 492941 779747 88097 174110 328126 754703 622222 945608 
466997 151321 90584 36403 146904 809763 203838 268116 450005 449700 ,466997 151321 90584 36403 146904 203838 268116 450005 449700 280866 
615004 467261 759038 760562 88330 965779 374641 615522 836319 639111 ,615004 467261 759038 760562 88330 965779 374641 615522 836319 639111 
925171 56724 56689 891150 575110 211495 351128 211483 51707 354833 ,925171 56724 56689 575110 211495 351128 211483 51707 354833 627761 
498573 730880 520003 664089 152218 748552 628480 237354 392205 930781 ,498573 520003 664089 152218 628480 237354 392205 930781 508563 308222 
980818 839147 909739 281079 239203 406249 808370 673714 99056 753562 ,980818 839147 909739 239203 406249 100305 539592 44083 504324 301250 
844067 209675 208566 989282 962031 731960 225519 879837 224391 710349 ,844067 209675 208566 989282 962031 731960 225519 879837 224391 957215 
111927 82549 209990 201237 408758 200564 264842 264715 371269 682273 ,111927 209990 408758 264842 264715 371269 682273 66668 217864 491718 
768346 243537 543251 640320 753705 326028 570679 770294 8085 771778 ,768346 243537 640320 326028 570679 770294 771778 640533 409900 414447 
247136 242014 791156 524742 279705 389522 927350 363808 496781 786217 ,247136 927350 363808 51282 448377 278616 151434 363539 364056 337080 
71871 26382 70548 487472 729946 522424 408279 693906 28208 807036 ,71871 26382 70548 487472 729946 522424 408279 693906 28208 807036 
52369 410948 411032 740678 51066 53444 409059 499976 824790 196104 ,52369 410948 411032 740678 51066 53444 409059 499976 824790 196104 
708200 517505 889886 91454 391537 937019 809386 87253 122803 520373 ,708200 889886 91454 937019 809386 87253 122803 520373 522562 90031 
697862 372197 652738 316487 797193 968168 799058 55211 924370 924070 ,372197 652738 55211 924070 655988 434305 117117 556951 970476 318678 
976099 205204 856869 440279 606205 235331 393470 217439 884853 729498 ,440279 235331 729498 486003 393376 895046 482151 975682 487091 841690 
630807 270034 528164 212900 430469 198535 277351 628184 986660 495151 ,630807 270034 528164 212900 430469 277351 628184 986660 495151 360180 
220205 384695 720560 504952 361724 806150 988000 703283 712567 990179 ,220205 504952 361724 703283 712567 518498 772370 702934 754631 602806 
850165 558738 164547 346903 142140 608157 117895 141682 785383 116635 ,850165 164547 142140 785383 116635 502163 87036 375595 312130 699177 
417408 124016 123167 503407 908530 879810 622884 975171 823837 884351 ,417408 123167 503407 908530 879810 622884 975171 823837 884351 591305 
181502 596513 153066 483501 163923 114052 70639 866146 611459 719764 ,181502 596513 153066 483501 114052 70639 866146 177916 114114 126588 
195936 274752 374410 732878 22682 540546 539418 405193 639072 724395 ,274752 374410 732878 540546 539418 197001 275817 735485 540430 918641 
862438 376183 870326 420169 990186 595355 58259 862316 82582 52253 ,862438 870326 420169 990186 595355 58259 862316 82582 52253 870035 
411842 115090 544529 773796 911114 555738 911201 788244 916418 656294 ,544529 773796 911114 555738 911201 788244 916418 656294 857684 905375 
855624 972974 973087 835384 163223 939566 228613 727691 543798 165973 ,972974 973087 835384 163223 939566 543798 257554 150632 860008 237214 
220290 579563 276213 221612 69774 668982 865393 221320 225303 833573 ,220290 276213 221612 69774 668982 865393 221320 225303 561104 400502 
245983 266027 819556 200678 264956 730150 193077 271893 453454 812022 ,245983 266027 819556 200678 264956 730150 193077 812022 115848 551583 
481177 461081 53125 866917 866624 99961 472265 461338 472368 664861 ,481177 866917 866624 99961 472265 461338 664861 523871 281373 958 
652315 649126 647186 651439 647966 649532 647231 648767 649719 651010 ,649532 646551 650263 651171 648988 649032 654157 762171 444313 534702 
941614 893814 831609 864268 212050 983579 982991 516498 899021 900650 ,941614 893814 831609 864268 212050 983579 982991 516498 899021 900650 
50646 255381 446895 50622 53458 57352 786144 54399 310199 447576 ,50646 255381 446895 50622 57352 786144 54399 447576 890655 794368 
102150 842648 905486 842264 93193 200608 264886 905997 442861 842779 ,102150 842648 905486 93193 264886 905997 442861 842779 930087 443009 
374554 975784 597831 680227 992478 228441 397381 194083 374036 228198 ,975784 597831 680227 397381 374036 228198 541537 979080 227858 230019 
340193 838023 235928 838127 266971 368603 6003 512683 826808 47510 ,340193 235928 368603 6003 512683 826808 5986 666049 602759 960575 
260509 227421 654941 660818 659089 562273 869918 22746 932149 254636 ,654941 660818 869918 22746 932149 805491 149 207713 990414 133812 
304186 325167 784694 650643 908342 91873 818376 349261 531577 693342 ,304186 325167 784694 650643 908342 818376 349261 531577 693342 957266 
110950 326850 321757 174511 284479 251598 699779 79614 469649 533931 ,326850 321757 174511 284479 251598 699779 79614 469649 533931 287516 
349425 355769 307215 853497 283226 634113 825391 983102 206428 270706 ,349425 355769 307215 853497 283226 634113 983102 206428 270706 441499 
359508 721071 956662 338723 589799 340651 485558 599983 375705 4128 ,359508 956662 338723 340651 375705 542800 418972 462894 599714 930939 
174621 160157 828461 515265 420680 69806 746196 313933 311910 678380 ,174621 160157 828461 515265 420680 69806 313933 678380 405501 315271 
20408 454850 629355 84705 531668 470009 272697 86286 696099 391291 ,20408 454850 629355 84705 531668 470009 272697 86286 696099 391291 
54643 560267 559323 52315 56388 642004 800551 774371 814575 642229 ,560267 559323 52315 56388 642004 800551 774371 814575 642229 683948 
33720 460697 34244 35020 144599 65111 109386 7349 797779 62536 ,33720 460697 35020 144599 109386 7349 62536 19909 784569 399971 
451537 361921 328353 860231 506224 832458 365779 971762 951750 543824 ,451537 361921 860231 365779 971762 951750 543824 299496 682905 790115 
473751 33568 235208 406700 621175 32807 19185 181195 192967 271783 ,473751 33568 621175 181195 271783 192967 406656 390219 182021 271056 
54731 53639 204184 268462 476676 936762 467937 389273 56537 676693 ,54731 53639 204184 476676 936762 467937 56537 812584 693728 828280 
494103 500976 495304 482684 426182 515272 584722 527318 59419 11515 ,494103 500976 495304 482684 426182 515272 584722 59419 11515 59755 
599393 309092 161691 600017 373233 962595 503348 525850 950016 666503 ,599393 309092 161691 600017 373233 962595 503348 525850 950016 666503 
314542 936044 906285 75213 201471 265749 592161 589808 203335 267613 ,314542 936044 75213 265749 201471 592161 203335 267613 878592 422808 
470061 661892 572246 763859 730759 299045 183643 182956 335402 313344 ,470061 572246 763859 730759 183643 313344 353233 336490 277038 988659 
712383 510440 68537 362536 155825 245121 735571 737153 391794 713597 ,68537 362536 155825 735571 737153 391794 713597 391771 155221 72743 
950937 943905 943174 823097 713659 612884 387624 911131 255324 565320 ,950937 943174 823097 713659 612884 911131 255324 565320 246699 528834 
435637 405971 405885 594030 380718 55007 884146 910119 212821 842402 ,435637 405971 594030 380718 55007 884146 910119 212821 983433 842710 
514559 125462 868645 62082 295315 857488 214775 182119 596465 848131 ,514559 125462 62082 295315 857488 182119 596465 985749 169429 210150 
955321 94537 242174 467501 726307 674278 750913 547443 472964 839866 ,955321 242174 467501 726307 674278 750913 547443 839866 337710 909371 
649198 619341 485682 374071 640018 825109 650364 831808 653845 878083 ,649198 485682 374071 640018 825109 650364 831808 653845 878083 374332 
779010 793912 85395 795130 548157 734713 876389 898674 991636 917029 ,779010 793912 734713 876389 898674 917029 758600 192435 328939 944037 
628497 637056 959583 309635 238531 755060 100191 351818 768341 80801 ,637056 959583 309635 755060 100191 80801 366726 576916 953431 699853 
845462 821910 209834 168253 614354 520291 918073 107351 851357 671508 ,845462 821910 168253 614354 520291 918073 107351 851357 918348 286874 
710154 710846 669181 626460 223683 877254 836993 146078 888158 942330 ,626460 223683 836993 146078 888158 671686 563911 598920 707125 560888 
650487 827074 644475 642304 615299 656599 906897 827633 755884 99398 ,827074 642304 615299 906897 827633 755884 912596 644738 781697 656321 
321625 426094 83864 818650 292269 151369 365878 26513 524738 365530 ,321625 426094 818650 292269 151369 365878 26513 524738 365530 814716 
677159 677283 190654 677346 676617 677479 676509 756903 677542 673119 ,677159 677283 190654 677346 676617 677479 756903 677542 673119 756381 
393275 61429 732345 62707 961343 223530 618432 897253 396453 923906 ,393275 61429 732345 897253 396453 809734 679235 207684 554609 864416 
967220 865953 107743 377767 702168 169502 788382 61355 310170 725028 ,967220 107743 702168 169502 310170 725028 764509 967242 966509 633383 
996959 607750 322767 897060 996989 327357 73089 705168 188868 997104 ,996959 607750 322767 996989 73089 705168 188868 997104 261488 305988 
496937 645019 644912 501459 279499 86126 487664 497217 94456 490275 ,496937 645019 644912 501459 279499 86126 490275 279608 131026 458043 
451829 533535 391470 961131 725225 495451 514342 658536 257633 292617 ,451829 533535 961131 725225 495451 257633 292617 724964 719900 522791 
907597 775687 960045 189979 969730 775639 643031 643062 642875 818577 ,960045 189979 969730 775639 643031 643062 642875 654312 969665 654118 
378725 814568 378707 378513 38994 676778 896043 467551 852064 555450 ,378725 814568 378513 38994 676778 896043 852064 826227 826464 122932 
648420 645977 645828 914911 179531 837699 429072 646222 179959 611702 ,648420 645977 645828 914911 179531 837699 429072 646222 179959 611702 
497881 822506 283990 534376 528434 279511 469665 883609 528447 307453 ,497881 822506 283990 528434 469665 883609 528447 307453 716775 145352 
72793 71712 73807 415976 200220 265674 854886 378542 461821 254507 ,72793 71712 73807 415976 200220 265674 854886 378542 461821 254507 
926603 417525 359600 537423 988304 49295 401500 852225 992371 807930 ,926603 417525 988304 49295 401500 992371 807930 600082 696007 927115 
209947 288257 720142 625748 599334 22514 553932 513629 22334 664092 ,288257 720142 625748 22514 553932 513629 22334 664092 664605 599292 
325521 55811 476141 858610 53516 310721 421792 466506 414044 204271 ,858610 53516 310721 466506 414044 204271 300862 910156 957040 414565 
646366 27197 579463 613127 189445 76545 162643 578589 647194 85762 ,646366 579463 613127 189445 162643 578589 85762 402739 734961 989874 
643000 643013 640130 642285 639869 642950 640510 457630 640232 642944 ,643000 643013 640130 642285 639869 642950 640510 457630 642944 643347 
865839 483742 811028 78267 976200 81612 283497 545529 634680 733245 ,865839 483742 811028 78267 81612 545529 634680 733245 869023 980956 
824911 977349 597521 381332 160572 794620 806202 546585 118537 30791 ,824911 160572 546585 143591 662974 953260 101361 104986 844283 448521 
575101 610751 575806 829465 277255 390866 201234 265512 139095 46253 ,575101 610751 575806 829465 277255 390866 201234 265512 139095 46253 
199374 29529 951004 205077 708600 49701 390904 272555 707909 288671 ,199374 29529 951004 205077 708600 49701 272555 288671 402861 251333 
238501 497591 506304 547088 667924 329845 497399 198556 277372 94660 ,238501 497591 506304 667924 497399 277372 94660 990735 282767 805237 
425313 58293 632671 670312 397703 917287 425546 884911 412185 643074 ,58293 632671 670312 397703 917287 412185 643074 115783 974625 882717 
513153 685609 776800 431468 124380 844947 994549 519890 549711 323824 ,513153 685609 124380 844947 994549 519890 549711 323824 994746 364895 
353263 261736 279693 519220 292650 903185 519648 776381 278859 279202 ,279693 519220 292650 903185 519648 776381 279202 903459 719868 292373 
100181 4603 411068 5085 29938 982475 818476 774441 116335 521854 ,4603 411068 5085 29938 982475 818476 774441 116335 521854 699957 
385149 720425 681196 680151 113623 276320 761556 583996 840922 391157 ,385149 680151 113623 761556 583996 391157 980383 698465 271710 192894 
600507 633642 193507 359298 778073 118037 301824 86077 127274 246130 ,600507 633642 193507 359298 778073 118037 301824 86077 127274 488772 
523552 500546 201133 71536 765951 73703 396482 972350 741748 412378 ,523552 201133 71536 765951 396482 972350 412378 205843 450934 16041 
130694 240144 595495 444210 594239 594646 454313 710902 831138 379723 ,240144 444210 594239 594646 454313 710902 831138 379723 870188 921995 
737237 499751 497250 795292 932606 803435 116562 497125 721429 309790 ,737237 499751 497250 803435 497125 721429 309790 526330 800261 955796 
256697 583755 92122 309348 429797 419719 636405 393834 135170 516762 ,583755 309348 636405 364698 36592 92379 321453 216122 603405 688632 
487683 816156 14486 428513 131409 155262 742334 520315 538577 764554 ,487683 14486 155262 742334 520315 856711 403756 915380 816681 764845 
221159 483589 397183 669240 68225 705855 706960 341491 518101 565364 ,221159 483589 397183 669240 68225 705855 341491 518101 555759 490543 
932069 169655 678602 861419 140608 932130 265793 178212 843430 842835 ,169655 861419 265793 178212 843430 842835 933027 433259 219731 8643 
485209 9716 933083 28078 775405 334738 402835 27186 921740 104051 ,485209 9716 933083 334738 402835 27186 9585 783993 181605 775068 
355568 343699 814807 706246 230622 756283 575003 485157 476434 41785 ,355568 343699 814807 706246 230622 756283 575003 476434 41785 876033 
337814 352172 340847 351446 806379 380223 351145 337172 997834 464882 ,337814 352172 351446 997834 243689 380119 999123 513842 888616 392081 
344273 346580 320252 416350 119314 714659 73560 432750 86521 296902 ,344273 346580 416350 119314 714659 86521 296902 714977 876907 664489 
82525 525226 84181 392099 638160 128880 30568 75029 526025 512561 ,525226 392099 638160 30568 526025 512561 518079 680640 85741 964774 
734913 734973 780940 617272 797966 73812 461128 293062 863187 809129 ,734913 734973 617272 461128 293062 809129 466611 89154 499757 157386 
599722 599538 929572 347276 110930 929374 313335 973810 820276 97706 ,599722 599538 929572 110930 929374 973810 820276 97706 207931 661405 
514794 514469 693570 520447 420260 493411 808150 420025 615949 938944 ,693570 520447 420260 493411 808150 420025 615949 192219 269912 205634 
352953 323623 338710 324714 310439 353748 948744 218062 608914 949091 ,323623 338710 324714 310439 353748 948744 218062 608914 949091 795530 
307199 355527 364706 60594 510528 42883 915365 566186 791613 366495 ,307199 355527 510528 915365 566186 791613 366495 498962 131100 659630 
232415 282088 469631 337592 491840 230289 804570 316251 662920 722488 ,282088 469631 337592 491840 230289 804570 316251 662920 722488 105316 
384192 49859 760312 48333 786060 22849 128342 762605 146534 455208 ,384192 49859 760312 48333 786060 22849 128342 762605 743974 786581 
707376 504993 107113 852391 766238 779338 488222 764459 65768 880851 ,504993 107113 852391 766238 779338 488222 764459 65768 880851 921517 
690137 392894 690157 468298 702714 510883 548224 198556 277372 367280 ,690137 468298 702714 548224 381553 845331 185980 454570 613870 725959 
376715 376967 376514 441220 995585 910664 590810 396123 842916 609164 ,376715 376967 376514 441220 995585 910664 590810 396123 842916 609164 
885914 887467 386013 951781 277905 64088 225566 781749 185281 64498 ,885914 386013 277905 64088 225566 185281 64498 843509 988957 930075 
752836 701293 172203 331387 795924 530761 389260 442183 21747 177097 ,331387 530761 442183 177097 135557 229725 529538 323814 322007 380771 
531208 532441 671193 989447 209723 534026 868050 356714 533035 298475 ,531208 989447 209723 356714 298475 870796 169992 930103 678804 399980 
337082 518443 692123 692679 363664 21129 418018 88710 363629 788215 ,337082 692123 692679 363664 21129 418018 88710 363629 788215 371248 
511543 335137 538809 433976 512096 865654 920393 729681 333721 874471 ,511543 335137 433976 512096 865654 920393 729681 333721 874471 13843 
159760 319470 23524 246659 23544 321530 321496 151844 262976 321511 ,159760 319470 23524 246659 23544 321496 151844 262976 321511 285771 
828604 829679 793244 917007 345621 989716 642448 917740 884680 364736 ,829679 793244 917007 345621 989716 642448 917740 884680 364736 761610 
425471 2636 158323 711936 1747 402363 525555 740534 219108 68737 ,425471 158323 1747 402363 525555 219108 68737 738741 366309 566190 
652246 652697 638544 173007 654625 137871 627332 101953 768300 961507 ,652246 652697 654625 137871 627332 961507 567124 468905 811693 568554 
535950 883119 541839 763252 833247 13973 52500 900531 207853 133145 ,883119 763252 833247 900531 133145 541889 52810 931378 899479 929966 
435674 20221 470800 19390 973590 584356 435251 20226 76481 178109 ,435674 20221 470800 973590 584356 435251 20226 76481 792724 95706 
703409 840068 865273 843041 560914 564329 861996 564530 618325 564333 ,703409 840068 865273 843041 560914 564329 861996 564530 618325 564333 
323565 416664 33480 461962 494877 497558 125001 692282 58797 429708 ,323565 494877 497558 125001 58797 429708 243252 811087 326101 788683 
155562 339555 520587 360884 9838 118850 681859 372834 63632 240634 ,155562 339555 9838 118850 372834 63632 240634 441693 795617 337573 
688321 78764 770357 188181 792447 810281 217167 795689 807472 863668 ,78764 770357 188181 792447 810281 217167 795689 807472 863668 807562 
821936 821925 956646 411399 411445 170541 630289 742164 929264 583007 ,821936 821925 956646 411399 411445 170541 630289 742164 929264 583007 
71371 745832 847487 721253 698781 543843 15129 195630 274446 542076 ,71371 745832 847487 698781 543843 15129 195630 274446 542076 889624 
676679 16286 539418 187541 732878 809282 258698 880978 982111 964679 ,676679 16286 539418 187541 732878 809282 258698 880978 982111 964679 
494481 904481 860185 495178 399378 518033 696323 980719 680715 874321 ,494481 904481 860185 495178 399378 518033 696323 980719 680715 519327 
458004 336727 458020 280354 279728 359850 594041 292754 920342 503954 ,458004 336727 458020 279728 359850 292754 920342 325463 594004 458006 
489445 490658 325692 262892 17276 151826 497741 503086 906279 237621 ,489445 151826 906279 237621 724711 264283 200005 515177 434127 508204 
334553 664533 308461 663044 309198 663469 343627 662928 257443 126808 ,334553 664533 308461 663044 309198 663469 662928 257443 126808 8000 
360668 96981 895067 973226 628248 142077 55059 424503 911890 628584 ,973226 628248 142077 55059 424503 911890 628584 20954 9539 181260 
430192 423132 344828 415468 528974 227549 422911 357889 606849 407594 ,430192 423132 422911 357889 407594 366526 176513 364982 734998 429319 
974615 339966 976513 357640 454919 255095 60919 341988 343448 255029 ,974615 339966 976513 357640 454919 255095 343448 255029 454856 433471 
17970 663349 296788 875167 1895 872820 705602 195245 274061 998297 ,875167 998297 658785 880091 917479 632918 425486 663286 863705 887447 
831553 560276 389579 131735 151489 614966 691443 279070 780288 10552 ,560276 389579 131735 614966 691443 780288 10552 391738 506512 420871 
142283 600765 524956 132117 523773 524793 42126 151491 599071 430829 ,523773 524793 42126 599071 599062 131222 96411 152050 467042 662665 
68232 832868 620005 819236 835312 730821 732075 257846 327370 416452 ,832868 620005 819236 732075 327370 416452 228269 257346 245969 556726 
262413 301284 151997 982779 431749 350785 104674 430086 94902 287106 ,301284 151997 982779 431749 350785 430086 94902 690490 95688 611878 
660034 223938 594206 723803 594064 61288 382027 150239 71670 93110 ,223938 594206 723803 594064 61288 150239 71670 93110 664602 183334 
271055 112477 245027 112636 31717 723802 692860 569362 385180 433559 ,271055 112477 245027 112636 31717 723802 692860 569362 385180 433559 
233321 973506 780674 179725 352633 238005 234619 881866 796119 650681 ,234619 796119 546306 766140 799860 186030 712496 72498 437981 766656 
114063 584697 534443 534464 356989 727170 992366 559564 910772 556882 ,114063 534443 534464 727170 559564 556882 272856 194040 327045 424155 
5213 104988 122253 151333 410324 285344 873171 872563 121976 991578 ,104988 122253 151333 410324 285344 872563 121976 863419 54222 417082 
7451 591140 7188 918058 870629 66816 171970 329676 419716 779610 ,918058 171970 294471 983464 807512 348842 694771 875942 870792 954139 
529766 339442 507350 699119 356642 307995 837088 29793 444481 537514 ,339442 837088 29793 351650 688193 500794 458453 44585 305508 91055 
501537 937547 204533 268811 129245 506890 450181 401778 16593 88073 ,501537 937547 268811 129245 506890 450181 401778 16593 88073 594163 
938651 940375 518140 518032 866680 218017 43897 221847 876124 650600 ,518140 218017 43897 295672 43878 972892 43987 625950 397681 789240 
725059 703757 521188 684161 684188 519671 521288 214993 679677 67447 ,725059 521188 684161 684188 519671 521288 214993 679677 67447 926945 
184938 62019 477752 932891 929531 552813 337557 935416 85055 896822 ,184938 62019 477752 932891 929531 552813 337557 85055 590161 285105 
979774 452287 998153 375972 362884 978120 303707 904753 231089 375880 ,452287 998153 362884 978120 303707 231089 375880 458228 904542 537520 
824690 654472 816502 567067 655012 423135 899571 824700 816758 887048 ,816502 567067 655012 899571 824700 887048 821276 423721 569685 656453 
387547 35994 387297 630231 230522 795685 949110 926026 673465 234427 ,387547 35994 387297 630231 230522 795685 949110 926026 673465 234427 
159469 176464 464849 510763 353367 464839 871098 151368 525224 470690 ,159469 176464 510763 353367 464839 871098 151368 525224 470690 195620 
655067 837262 656623 447033 655544 447493 965100 905876 41543 965136 ,655067 837262 447033 655544 447493 965100 905876 41543 965136 101576 
351184 325593 484626 853225 857840 140348 515730 541558 465343 851960 ,351184 325593 484626 853225 857840 140348 515730 541558 30414 726079 
774623 818030 210949 441757 414181 514317 722960 419719 293488 932361 ,774623 818030 441757 514317 722960 419719 293488 932361 832644 385715 
422196 504597 922154 598678 512165 731257 173561 160448 27165 469792 ,922154 598678 512165 731257 27165 469792 798047 495252 646438 11059 
553043 623554 987212 3228 987110 384502 75471 77754 392369 755000 ,553043 755000 330949 94034 94854 511246 930902 31559 86080 416037 
113394 296882 660728 202028 266306 735693 534380 660007 956999 496382 ,202028 266306 660007 956999 496382 477524 583131 771899 216712 914157 
551019 966212 402276 351811 246025 965587 19955 351073 485857 974325 ,551019 966212 351811 246025 965587 19955 351073 485857 974325 353851 
430333 464664 143257 3428 63069 565601 225233 372047 240597 843776 ,430333 464664 143257 3428 63069 565601 225233 372047 843776 350103 
566984 190732 759550 612644 834805 673169 673309 832490 835593 610057 ,566984 190732 759550 612644 834805 673169 673309 832490 835593 833154 
494321 496057 597954 836534 562238 199353 278169 730951 93666 115838 ,494321 496057 562238 278169 730951 17719 803836 413290 395224 725741 
471649 475764 339442 167306 808254 475890 736188 898325 718728 173993 ,475764 808254 475890 736188 718728 173993 25197 186694 455895 891794 
681043 158851 680382 159136 173793 832246 864076 831646 773183 886700 ,681043 158851 680382 159136 173793 832246 864076 773183 886700 123386 
347533 349240 594952 684155 404764 95272 948644 663566 168725 716810 ,347533 349240 594952 684155 404764 95272 948644 663566 168725 716810 
675301 136476 174021 312691 402254 533625 41717 575226 616101 988711 ,136476 174021 312691 402254 533625 41717 575226 988711 850757 86001 
409549 288046 787147 715198 293076 409349 882815 279928 411236 794063 ,409549 288046 787147 715198 293076 409349 882815 411236 794063 478413 
894124 456067 781846 757837 530743 654173 558114 947386 929086 885356 ,894124 456067 781846 757837 654173 558114 947386 929086 885356 977457 
95201 279056 246674 351828 95326 639811 51195 973314 973354 132560 ,95201 279056 246674 351828 95326 639811 51195 973314 973354 132560 
762024 762136 212429 998002 762748 219599 482699 658696 542634 986564 ,762024 762136 998002 219599 482699 658696 542634 986564 704192 104397 
887048 673432 423637 569685 654791 902878 655799 423721 655573 44033 ,887048 654791 655799 423721 44033 654982 569504 654950 655012 424747 
782466 790838 404986 612423 528441 729762 807027 405061 467132 990234 ,782466 790838 404986 612423 729762 405061 467132 990234 662651 528430 
58692 480567 987911 58750 481019 508758 885363 932026 540592 420325 ,58692 480567 481019 508758 885363 932026 420325 632661 396760 660805 
523820 725311 112247 37004 181714 967659 496664 998379 690320 732628 ,725311 112247 37004 181714 967659 496664 690320 421176 113570 95405 
141641 880736 881135 385662 632914 384870 12564 634529 456780 919526 ,881135 385662 632914 384870 12564 634529 456780 919526 691018 65819 
163942 825923 768475 72084 192821 133447 628028 742271 192595 218967 ,825923 768475 72084 192821 133447 628028 742271 192595 218967 694136 
89932 386078 822155 760388 860077 150209 368512 314461 7068 95162 ,89932 386078 822155 150209 368512 314461 7068 95162 992326 318480 
190897 957642 191298 969198 190694 885672 190538 545162 885717 855005 ,190897 957642 191298 885672 855005 856182 546498 191394 191001 854794 
459694 453390 452816 459221 461770 459631 460187 452238 452490 547325 ,459694 453390 452816 459221 461770 459631 460187 452238 452490 547325 
834605 877556 44733 515462 877300 728838 479578 48034 542640 225783 ,834605 877556 515462 877300 728838 479578 542640 225783 728358 255648 
71531 682006 877015 448430 842440 741779 940632 448415 181500 857581 ,71531 741779 940632 946964 921792 917584 565451 946923 506533 594148 
420425 208148 613985 791863 892270 283882 963821 354421 97179 42079 ,420425 613985 791863 283882 963821 354421 97179 42079 805933 320820 
827081 62231 61565 41562 41242 819856 481853 281813 825041 988698 ,827081 62231 61565 41562 481853 281813 825041 988698 820056 756177 
459957 460141 453961 774531 350069 470578 556833 348630 608041 557781 ,459957 460141 774531 350069 470578 556833 348630 608041 557781 604363 
208128 885106 726029 891674 933941 833941 675 725559 17917 210744 ,885106 933941 675 725559 17917 782758 681642 801975 101935 15514 
132280 133008 967129 549950 15930 607896 773 225088 60757 73735 ,132280 133008 967129 549950 15930 607896 773 225088 60757 73735 
600787 82424 353282 601058 600856 481252 685872 494946 282399 40560 ,600787 82424 601058 600856 481252 685872 494946 282399 40560 615105 
453902 306577 307425 522209 176224 338111 177281 271282 929255 922099 ,453902 307425 522209 176224 338111 177281 929255 922099 322992 989922 
729116 511805 76406 47241 495709 89121 486551 231688 355287 991316 ,729116 511805 76406 47241 495709 231688 355287 213141 407641 281084 
389407 842336 842440 802857 843495 703232 957751 879728 752347 957633 ,389407 842336 842440 802857 843495 703232 957751 879728 752347 957633 
427615 385456 605385 26872 547904 357594 877431 470719 385080 507049 ,385456 605385 547904 357594 877431 470719 385080 507049 570125 941380 
812225 895549 930270 14727 599021 656294 91603 227277 895739 16860 ,895549 930270 599021 656294 91603 227277 895739 16860 895930 75358 
427775 174734 174771 965311 32313 534741 523455 547503 227242 170267 ,427775 174734 965311 32313 534741 547503 227242 170267 534724 502149 
405344 452366 458192 405607 376798 183552 31401 949060 632276 458238 ,405344 458192 376798 183552 31401 949060 632276 458238 416079 529868 
984390 985579 578788 970031 943374 865208 263016 633659 20732 744632 ,985579 578788 20732 744632 170242 839122 348037 970453 96485 178933 
409520 863240 725757 414452 301970 189285 464792 106037 61653 61313 ,863240 725757 414452 189285 464792 106037 61653 61313 531637 402875 
19268 623109 766278 932772 957733 935262 137416 932658 785277 71643 ,623109 766278 957733 935262 932658 785277 986418 79163 14419 695542 
483391 355218 684221 924298 781158 90322 684698 81905 193216 76793 ,355218 684221 924298 781158 90322 684698 193216 76793 123889 272327 
603740 447555 447250 603868 443327 447459 604443 828927 889200 445971 ,447555 447250 443327 447459 604443 889200 443317 447433 446410 603759 
805204 198741 277557 663748 143151 759919 714164 779633 651304 991183 ,198741 277557 663748 143151 714164 779633 651304 991183 782040 302749 
874201 872729 792608 355753 297825 287796 40721 158895 889823 5049 ,874201 872729 792608 355753 297825 40721 889823 5049 309878 711221 
308262 79553 307829 279070 84208 312604 331837 4903 472375 363623 ,308262 307829 279070 84208 312604 4903 472375 363623 152552 732965 
925016 778451 113964 778468 461728 673262 140359 628035 405355 159057 ,925016 778451 113964 461728 673262 140359 628035 405355 159057 646874 
35623 625457 596018 396002 442819 259400 362275 510831 955153 696560 ,35623 625457 596018 442819 362275 696560 926178 925614 529649 225639 
922185 456850 941237 635042 900575 120555 328481 685143 284896 73767 ,456850 328481 685143 437112 527229 407826 227797 362276 633710 295339 
603722 114700 104712 941715 114786 44407 281871 863168 167235 967288 ,114700 104712 281871 328943 785839 582215 740062 910994 5342 5215 
454805 539797 641101 112620 970701 957245 929293 92520 604168 109141 ,454805 539797 641101 112620 970701 929293 92520 604168 109141 191058 
1216 724099 346128 110181 282255 965603 848823 441376 989594 614059 ,1216 724099 346128 965603 989594 614059 848088 481207 196628 275444 
293151 635261 946926 780980 408040 633103 432413 21133 634068 581090 ,635261 780980 408040 633103 432413 21133 251800 980284 464493 671873 
429748 865558 181143 367213 616689 332418 496728 429778 100704 458430 ,429748 181143 616689 332418 429778 458430 516472 92874 799494 616579 
41731 675700 41686 605265 447993 375820 602995 299238 676128 319643 ,41731 675700 41686 605265 447993 375820 299238 676128 319643 389505 
16682 806062 182877 481830 94644 729743 480512 251876 252629 523797 ,16682 182877 481830 94644 480512 251876 252629 523797 678327 677985 
797140 801687 798169 796904 469842 607482 864407 635272 469778 74813 ,801687 798169 796904 469842 607482 864407 635272 469778 74813 244052 
131547 131172 132310 131328 131834 582701 451018 658025 133853 595312 ,131547 131172 132310 131328 131834 451018 133853 595312 354640 359843 
839449 373793 820738 638482 667331 820763 676874 373922 839369 717921 ,373793 820738 667331 676874 373922 717921 995133 449616 914040 995365 
502450 32084 735409 294314 630795 377030 449605 140494 584510 420226 ,502450 32084 735409 630795 377030 449605 584510 420226 420414 174612 
247015 7548 524998 278929 84335 422936 30079 216818 174935 350411 ,247015 7548 524998 278929 84335 422936 30079 216818 350411 306137 
647693 646139 468168 739077 703617 988730 738777 571091 419935 818191 ,647693 646139 468168 739077 703617 988730 571091 419935 818191 790536 
416019 496797 170537 419762 188743 9397 187666 690821 168461 559958 ,496797 188743 9397 187666 690821 168461 559958 496846 469153 719148 
611149 409133 740562 748350 549346 884264 850255 467514 850416 906408 ,409133 740562 748350 549346 884264 850255 467514 850416 906408 201242 
125556 223933 109093 107794 3013 61066 389721 916065 223918 391654 ,125556 109093 107794 61066 389721 916065 223918 391654 988225 679409 
24521 653485 673135 825731 649605 648319 648384 653049 648147 647740 ,24521 673135 649748 959545 648073 653685 674298 653011 650723 994851 
924909 714670 860825 926700 772525 300730 924670 773415 304833 672141 ,924909 714670 860825 926700 772525 300730 924670 773415 274103 483285 
647009 653102 970299 646682 609705 653168 653432 615706 961975 755720 ,970299 646682 609705 653432 615706 817157 891872 762753 607142 427094 
94428 305785 94146 502408 295659 590851 86860 280148 658551 351695 ,94428 305785 94146 502408 295659 590851 86860 280148 658551 351695 
368547 156023 948182 844883 930601 129916 208739 463762 523309 96067 ,948182 844883 208739 523309 96067 425134 709054 553865 208496 726939 
576369 338929 41551 678023 902443 984104 384164 907472 534960 920352 ,576369 338929 41551 902443 384164 534960 920352 754228 981903 44573 
283654 347226 929924 23103 978823 918432 128402 210346 199673 46871 ,283654 347226 929924 23103 978823 918432 210346 199673 46871 399217 
647385 425505 647885 803375 798332 648368 790622 648075 650563 649445 ,647385 647885 803375 798332 648368 790622 648075 650563 649445 647612 
814776 804049 514534 522569 815256 905249 946179 754354 563921 957825 ,814776 804049 514534 815256 905249 946179 754354 563921 957825 379187 
629510 789881 828747 826395 287663 900690 744223 539561 174375 27846 ,629510 789881 828747 826395 287663 900690 744223 539561 174375 27846 
776650 714071 375001 665822 603841 664917 608522 319718 318225 461357 ,776650 714071 375001 603841 608522 319718 461357 390785 967484 665243 
551621 551643 551681 815462 815395 815358 815270 693961 29938 816476 ,551621 551681 815462 815270 693961 29938 816476 40881 609916 815447 
692508 672977 672794 684778 654226 824706 672763 673284 672766 673635 ,672794 684778 654226 673284 443331 673165 699235 113421 672848 553572 
778039 524435 921492 928941 757706 390547 90548 109210 94110 212364 ,778039 524435 921492 928941 757706 390547 90548 109210 94110 212364 
457569 928736 113668 508579 98120 782871 256702 555134 205628 701866 ,457569 928736 113668 98120 256702 555134 205628 701866 281394 529522 
475714 9057 475613 7262 5634 410255 475566 377268 700418 45812 ,475714 9057 7262 5634 410255 475566 51723 397358 377006 752959 
423735 523631 183349 840326 130883 175935 816122 175823 30148 258070 ,423735 523631 183349 840326 130883 175935 816122 175823 30148 258070 
398530 402831 398925 402129 399881 403007 281473 284835 399001 773609 ,398530 402831 398925 402129 399881 403007 281473 284835 705717 688215 
392486 392504 434308 7753 106295 184747 434482 974245 1838 463275 ,392504 434308 106295 974245 1838 348274 253502 468289 691591 551281 
578341 117601 119231 122997 899351 862941 919048 460088 873654 115462 ,578341 117601 119231 899351 862941 919048 460088 115462 457421 614069 
168146 687701 631088 894014 631685 923984 455909 462553 659656 385781 ,168146 894014 631685 923984 455909 659656 385781 480557 781068 888725 
470540 474579 470424 101510 99614 99232 359133 314339 566817 737072 ,470540 474579 99232 359133 314339 566817 670635 378865 470193 955728 
51406 808513 983951 614512 286887 319769 331439 486524 343514 437842 ,51406 808513 983951 614512 286887 319769 331439 486524 264567 509707 
924873 545736 385726 397414 719321 547328 81836 975326 392158 511030 ,924873 385726 397414 719321 547328 81836 392158 511030 381409 271336 
188800 375947 678119 518634 73063 658278 724511 521864 16709 719143 ,188800 375947 678119 518634 521864 16709 719143 16824 732543 188823 
934150 800449 178743 596150 315269 596250 880492 931183 687158 296196 ,800449 315269 596250 880492 931183 296196 393272 10726 205862 270140 
397448 386856 411197 476441 617385 906797 878095 152039 389538 641218 ,397448 386856 411197 617385 906797 878095 152039 389538 641218 546696 
934861 783182 501064 931011 368130 934836 476271 571846 72624 894744 ,934861 783182 931011 368130 476271 571846 72624 999791 423890 942757 
669697 610750 758760 758703 854938 431202 552982 813844 305779 23155 ,669697 610750 758760 758703 854938 431202 552982 813844 305779 582612 
927309 9247 8376 8398 771314 300853 131975 285626 124687 125815 ,927309 9247 8376 8398 300853 131975 285626 124687 125815 631408 
386859 888491 641508 38867 560584 327223 478927 820714 641803 641474 ,386859 888491 641508 38867 560584 327223 478927 820714 641803 641474 
378239 344111 339698 528038 492658 652837 896225 454696 664239 173304 ,378239 344111 339698 492658 652837 664239 173304 707201 141978 729299 
394185 109285 125662 393195 98614 153302 60187 574194 107711 870875 ,394185 109285 125662 393195 98614 60187 107711 870875 668733 225240 
513532 165838 174116 161922 20183 524066 454058 517120 174392 701902 ,513532 174392 701902 276137 401316 108835 222152 777842 393225 150240 
689954 689947 255349 573763 242717 498222 826568 826936 237127 249030 ,689954 689947 573763 242717 498222 826568 249030 411525 110171 372637 
298433 898627 822938 822325 823155 333564 300051 475067 688264 597458 ,298433 822325 333564 300051 475067 688264 597458 474855 455910 596231 
997324 373895 833770 623183 716979 891791 483833 596644 567147 595833 ,997324 833770 623183 716979 891791 483833 596644 567147 595833 774433 
410654 835090 776018 834644 442602 86142 521110 674260 86594 675284 ,410654 835090 834644 442602 86142 521110 674260 86594 823572 675823 
669295 969268 7249 970407 598918 134218 939132 939211 421999 852476 ,669295 7249 134218 939132 421999 970550 948266 947588 921030 942008 
503017 621744 48506 726506 620559 880220 776479 859523 895379 938357 ,503017 620559 880220 895379 938357 369942 896220 959574 373157 130385 
565088 252211 811891 251475 559651 757304 562008 593731 409330 464710 ,565088 252211 811891 251475 559651 757304 562008 593731 409330 464710 
480202 828149 412161 823876 535438 535455 886171 477092 82049 56440 ,480202 828149 412161 823876 535438 535455 477092 82049 56440 56999 
779827 889365 835720 967609 580777 435808 48202 321165 840958 794619 ,889365 835720 967609 580777 435808 48202 321165 48133 642091 840670 
860588 751013 247672 247945 247528 20217 365597 61715 681458 750821 ,751013 247945 20217 750821 511795 269315 869181 248257 272722 111324 
910803 837703 986688 868187 582275 314896 123548 403454 552928 891811 ,910803 837703 986688 868187 582275 123548 403454 552928 891811 264423 
679443 900778 900488 402254 213841 89299 99320 784384 269993 798925 ,679443 900778 900488 402254 89299 99320 784384 798925 533625 442181 
649460 707520 647713 221203 525625 651355 894396 221024 100609 525840 ,707520 647713 525625 894396 100609 525840 525947 379237 431448 894866 
913101 912443 795010 936940 348373 98890 935338 693638 99026 990076 ,913101 912443 795010 936940 348373 98890 935338 693638 99026 789301 
65260 832586 973655 431586 832841 250435 66003 841767 896957 323460 ,65260 832586 973655 431586 832841 66003 841767 323460 431337 789625 
496652 496649 450185 569481 449937 184478 518498 292761 636697 684258 ,496649 684258 210787 68910 470493 84174 21117 730687 471327 402446 
36223 883324 631369 795133 914338 449243 426974 883320 415380 715898 ,36223 883324 631369 795133 914338 449243 426974 883320 415380 695628 
913971 640261 618301 756759 374290 374090 889229 892727 374709 756728 ,913971 640261 618301 756759 374290 374090 889229 892727 374709 756728 
491906 541819 265545 404364 455762 518620 373672 871428 681797 563915 ,491906 541819 265545 404364 455762 871428 681797 563915 563911 543484 
554937 263202 152186 292486 788743 162732 215618 555074 87341 66227 ,554937 263202 292486 788743 162732 215618 555074 66227 504468 898070 
542229 923811 90572 595094 502705 917487 876511 594320 681524 542285 ,923811 595094 502705 917487 876511 594320 681524 858782 798497 463855 
322175 107218 509987 140779 982408 124639 887295 9733 880479 490044 ,107218 509987 140779 982408 124639 887295 9733 880479 490044 207974 
893023 505010 10821 645837 659477 857609 365727 831378 892954 831358 ,893023 10821 645837 659477 857609 892954 831358 781968 650875 789449 
899149 899147 398435 896146 375904 977462 895248 73610 669228 473669 ,899149 899147 398435 896146 375904 977462 73610 669228 473669 921711 
719139 719141 488258 907194 726520 448663 803135 86996 898778 898788 ,719139 719141 488258 907194 448663 803135 86996 898778 898788 164927 
315342 838001 4207 839651 896573 586918 344555 142464 309457 313706 ,4207 896573 586918 344555 142464 309457 313706 222648 839416 245171 
690821 324028 690462 740191 560090 690452 599066 336910 389390 294388 ,690821 324028 690462 740191 560090 690452 599066 336910 389390 294388 
366725 58888 428375 223852 367144 68659 923469 818724 742818 817646 ,366725 58888 428375 223852 367144 68659 923469 818724 742818 817646 
931484 329854 538088 350288 304825 542035 623366 380699 786540 60528 ,931484 329854 538088 350288 304825 542035 380699 786540 60528 15906 
235901 924020 926814 542633 456429 835303 835852 962360 699970 871003 ,235901 924020 456429 835303 962360 699970 871003 483017 879781 561117 
460329 323184 502646 637736 943218 161341 102984 974398 502368 605422 ,323184 637736 161341 102984 502368 605422 452995 491947 47113 600792 
860421 598412 226355 598371 864211 232827 632078 64264 512716 964113 ,860421 598412 226355 864211 232827 632078 64264 225310 716211 28378 
36477 56723 623663 649641 793149 53027 57720 54593 793300 498205 ,36477 56723 623663 649641 793149 53027 54593 793300 498205 443193 
781774 265432 269397 58142 621548 696904 181902 59900 842940 215605 ,781774 265432 58142 181902 59900 66137 386033 902095 343327 273250 
426536 806085 522622 118519 708799 495411 326056 982842 567883 337177 ,426536 806085 522622 118519 495411 326056 982842 567883 337177 299694 
352834 99275 749372 10440 835644 980343 12133 11427 599119 599106 ,352834 99275 10440 12133 11427 599119 599239 918442 411957 526783 
500586 552323 552584 393370 406429 325249 671977 470035 931550 307108 ,500586 552323 393370 406429 325249 671977 470035 931550 307108 700636 
807497 560099 994059 994020 912132 776508 558658 983228 912613 558662 ,560099 994059 912132 776508 983228 760853 898172 472107 553060 560305 
325818 573956 850695 514649 451712 959571 295848 318413 106151 602630 ,325818 573956 850695 514649 451712 959571 295848 318413 106151 602630 
370976 418964 20353 993262 550059 240409 792653 232019 230622 683230 ,370976 418964 993262 240409 232019 230622 860359 896339 997821 876764 
131493 135259 140937 158876 689645 742806 321428 158503 863726 979499 ,131493 135259 158876 742806 321428 863726 441896 140565 411239 82784 
826990 957906 557180 581251 501410 646009 376045 416901 607995 175526 ,376045 416901 607995 175526 347925 141074 937635 993027 432614 273472 
584364 398463 606329 155552 135955 265317 25794 634085 514794 233753 ,584364 398463 606329 155552 265317 25794 634085 514794 233753 686842 
985938 986816 103841 985411 651824 960256 890706 415263 924815 843407 ,985938 986816 103841 985411 651824 960256 890706 924815 843407 136310 
492790 871625 14646 12789 169694 224458 947329 105314 302 513537 ,492790 871625 12789 169694 224458 302 513537 225074 193434 175142 
706821 9236 678197 951029 474285 944294 915625 887236 849733 481481 ,678197 915625 481481 352639 61579 931809 99077 99803 429672 70465 
404732 610278 404871 645625 114181 468846 757971 835167 954352 831999 ,404732 610278 404871 645625 468846 757971 835167 954352 831999 832520 
112511 911693 768297 896881 37844 39076 793629 207803 37752 207733 ,112511 911693 768297 896881 37844 39076 793629 207803 37752 207733 
169662 372218 35445 846819 401390 796734 167167 691908 459328 772923 ,35445 846819 796734 691908 933378 347340 466801 169737 929659 339838 
559785 529992 359064 364207 611332 529702 978407 532265 286497 788639 ,559785 529992 364207 611332 529702 978407 286497 788639 565265 307112 
249002 227194 898929 144617 541274 80582 94508 10104 566376 363760 ,898929 144617 10104 566376 363760 212951 142128 684137 369825 238056 
934464 929576 951587 356902 595648 966778 358905 2388 749006 708152 ,929576 951587 356902 595648 966778 358905 2388 749006 708152 495214 
771885 817588 278647 702820 695009 227707 707599 787093 432632 298416 ,771885 817588 695009 227707 707599 787093 298416 453583 242669 227333 
151176 734796 662906 292034 23764 787394 776966 94369 85409 156457 ,151176 734796 662906 292034 23764 776966 94369 85409 156457 222494 
51270 501798 283231 523996 111212 912682 754356 942029 36610 375081 ,51270 501798 283231 912682 754356 942029 36610 375081 966486 661882 
994278 654857 657341 654504 654979 915188 764762 656994 445897 764036 ,657341 654979 915188 764762 424073 446002 824890 423150 216353 655038 
825845 825758 305254 436113 122006 122100 554654 168607 439425 698907 ,305254 436113 122006 122100 554654 168607 698907 181037 428455 960682 
782223 584613 177298 345800 57591 688824 513087 331806 626870 512686 ,782223 584613 177298 57591 688824 331806 626870 512686 372015 771638 
913394 604960 840959 956970 963796 914222 87518 849489 459803 452890 ,913394 604960 840959 956970 963796 87518 849489 789791 789729 789649 
6834 910726 673464 996812 996596 996809 673184 673996 835051 836653 ,6834 910726 673464 996812 996596 673996 835051 836653 6376 6612 
150982 708805 559701 180008 785302 658351 560768 632604 525618 362589 ,150982 708805 559701 180008 785302 658351 560768 525618 362589 763553 
253226 959403 253632 340482 941573 708349 91852 90868 230468 418994 ,253226 253632 708349 91852 90868 418994 76881 655664 656874 941833 
118651 65003 81295 16039 13492 14082 372984 81556 797390 804999 ,118651 81295 16039 13492 14082 372984 391245 259218 463636 955724 
133127 629932 167883 909315 134629 631634 165179 610381 975045 978511 ,133127 629932 167883 909315 134629 165179 610381 978511 229262 946212 
766029 587967 860777 514793 514908 846591 880530 860087 628383 72350 ,514908 846591 880530 628383 72350 457678 170762 965804 957941 704589 
611664 788930 989961 910873 672326 445505 768775 736299 645656 468799 ,989961 672326 445505 736299 468799 716855 473615 740445 663102 555021 
162891 707061 172741 822840 402119 66579 532615 343882 554006 339713 ,162891 707061 172741 822840 402119 66579 532615 343882 554006 339713 
54397 497760 724538 600839 230617 305944 524968 30080 684243 99006 ,54397 724538 305944 719223 30607 560322 451826 784926 499408 30243 
104943 634585 130335 237014 857476 168386 971435 719428 94327 94337 ,104943 857476 168386 719428 94327 791017 302990 978937 525235 84501 
235702 235513 919512 193479 230244 104049 308564 44339 484228 503119 ,235702 235513 193479 230244 44339 503119 164892 229833 240216 47999 
455903 95497 687699 462825 132406 976079 575129 761975 376698 299439 ,455903 95497 687699 462825 132406 976079 575129 761975 376698 299439 
115657 974990 374286 859942 829415 182132 860332 150113 854905 147339 ,115657 974990 374286 859942 829415 182132 860332 150113 854905 147339 
247250 434884 25262 466326 635668 126762 171298 545483 563489 606924 ,434884 466326 635668 126762 171298 545483 563489 421525 503525 631977 
705878 71456 412981 288533 845188 706837 433085 426376 541818 72556 ,71456 412981 845188 706837 426376 541818 72556 919062 412713 748283 
564887 29936 215636 815490 520726 501569 815474 815292 815368 30331 ,564887 215636 815490 520726 815474 815292 30331 809810 636833 806079 
492113 799797 17585 750866 973189 720921 562590 942583 742217 903239 ,799797 17585 750866 720921 562590 903239 342333 433415 12576 474471 
514391 93377 387051 522451 966183 82128 125908 513945 659963 253626 ,514391 93377 387051 522451 82128 659963 513393 280771 386238 921279 
890553 51433 50991 684734 568657 292066 112360 469685 469869 913380 ,890553 50991 292066 469685 469869 52531 423295 294699 722488 515389 
676683 657611 608795 736498 676366 675568 657608 536159 374597 676479 ,657611 608795 736498 676366 675568 657608 536159 374597 676479 536336 
656832 657030 721084 656849 657059 770403 654460 654494 443211 655861 ,656832 657030 443211 654519 518516 911328 599249 443078 374180 657045 
451930 451673 617639 615680 151282 53060 108486 40262 815556 68335 ,451930 151282 53060 108486 40262 68335 784864 638319 636834 186267 
128826 948156 690187 862110 181432 595951 424215 932530 681678 112565 ,128826 948156 690187 862110 181432 681678 576595 954852 684238 822942 
384067 522428 30802 155138 32657 177249 419805 32430 170595 386710 ,384067 30802 155138 32657 177249 419805 32430 386710 177057 634345 
852808 250547 503121 788919 541680 813869 606072 502115 503397 633362 ,852808 250547 503121 788919 541680 813869 606072 502115 503397 633362 
69235 68707 475525 16742 422935 230415 48484 232153 16583 68537 ,475525 16742 422935 230415 48484 232153 16583 68537 322200 719299 
296539 503380 520780 845764 748343 519630 18242 171161 262852 248678 ,296539 520780 845764 748343 519630 18242 171161 262852 248678 135454 
74016 297458 311092 73542 166337 464819 167937 485879 670636 512780 ,74016 311092 73542 166337 464819 167937 485879 670636 611010 250928 
974731 685283 818203 434682 605173 708941 818752 653879 434561 300202 ,685283 818203 818752 107754 26198 350508 350802 810041 649706 70347 
424347 424048 828356 828779 644691 424595 113369 113865 211421 850845 ,828356 644691 113865 211421 536668 976116 220616 638023 821192 644854 
136792 72805 779574 178883 688432 817803 358588 406754 817321 946530 ,72805 779574 178883 688432 817803 358588 406754 817321 946530 291761 
402472 357521 419934 685945 702761 823406 862764 809436 823330 141652 ,357521 419934 702761 823406 862764 956848 701590 482333 106514 886682 
242737 233194 232858 972468 358478 156670 117377 242146 623583 135829 ,233194 232858 972468 358478 156670 117377 242146 623583 135829 133852 
851307 235396 187867 281651 920372 850677 791508 331633 295323 52117 ,851307 235396 187867 281651 920372 850677 791508 331633 52117 649429 
895102 667838 842886 919369 795318 828484 781200 606020 594320 869405 ,895102 667838 842886 919369 795318 781200 606020 594320 780757 42527 
682274 682085 471332 60776 688421 575410 968961 222826 716035 793816 ,682274 682085 688421 575410 968961 222826 716035 793816 353903 541402 
172365 847296 847141 801888 493455 193060 271876 272458 236126 271736 ,172365 847296 847141 801888 193060 271876 272458 236126 271736 316407 
969919 397696 807126 963007 832539 401184 401190 313746 969995 896767 ,969919 397696 963007 832539 401184 401190 313746 969995 896767 888744 
129894 527632 129834 806537 58452 573212 59777 711287 915700 133253 ,527632 129834 573212 59777 915700 250559 484261 529093 17062 249669 
817611 534961 534935 767140 909463 545203 711022 965335 34153 176293 ,534961 534935 767140 909463 545203 711022 965335 34153 176293 635060 
233196 233821 235521 239127 745927 648942 578789 514459 871689 580110 ,233196 235521 239127 648942 578789 514459 871689 580110 224479 224751 
843908 546107 315698 578107 700718 702171 984954 78806 582672 11975 ,843908 546107 315698 578107 700718 702171 984954 78806 582672 11975 
202637 919122 412185 226909 941472 716327 962396 650270 143586 993358 ,202637 919122 226909 716327 650270 143586 993358 685390 480969 941055 
524905 516409 94622 816533 305856 391743 690144 391792 526618 95290 ,524905 94622 816533 391743 526618 246586 967754 246658 967369 336864 
818464 612882 818670 635118 612242 613141 997131 993852 790213 632652 ,818464 612882 818670 635118 613141 993852 632652 714009 772831 994575 
786499 822206 431789 757703 633900 227949 377008 781147 528351 380351 ,786499 822206 431789 633900 227949 781147 528351 380351 21224 295766 
930192 792052 219333 71187 701697 926561 15190 456090 60330 298136 ,792052 219333 71187 701697 926561 15190 456090 60330 298136 780886 
480561 454818 480465 564848 517259 562418 90335 731754 225347 938256 ,454818 480465 517259 562418 90335 731754 225347 938256 900357 226464 
432632 513365 431211 631363 784908 78352 387196 426194 502508 784915 ,432632 431211 631363 784908 78352 426194 502508 784915 863129 60755 
939188 695730 206221 270499 281829 848351 709966 620467 189696 49034 ,939188 206221 270499 281829 709966 620467 189696 49034 366697 818365 
430864 514799 720257 17517 17105 86731 485194 20080 737011 58782 ,430864 720257 17105 86731 485194 20080 737011 58782 910757 721292 
943494 458657 456703 365488 936139 463689 73044 432658 690835 66472 ,943494 458657 365488 936139 463689 73044 432658 690835 66472 881464 
160737 82956 702358 685357 682554 236113 141757 637435 323987 548001 ,160737 82956 685357 682554 141757 637435 323987 548001 570347 503769 
522579 695616 523285 522955 996152 914042 154713 166283 960218 515674 ,695616 523285 522955 996152 515674 569976 298459 317048 195160 273976 
896601 648977 350961 609745 784843 676002 714787 336992 161342 143485 ,648977 784843 714787 653452 161100 211751 717160 784849 755823 996273 
777260 198388 629494 565159 684016 195449 274265 491293 313120 14439 ,777260 198388 629494 565159 684016 195449 491293 313120 692732 405971 
156229 697186 828036 727837 15745 503046 635988 682417 394132 16149 ,697186 635988 682417 514908 69299 14087 682660 681928 876222 198662 
723795 284411 283512 638103 525550 491597 935378 815078 505195 619877 ,283512 491597 815078 505195 512801 387303 376561 171327 170717 369824 
916042 564803 970981 484193 920240 905513 484104 426292 971782 409438 ,916042 564803 970981 484193 920240 905513 484104 426292 971782 409438 
760659 758375 761425 470872 513180 470876 473901 472890 621111 516113 ,760659 758375 513180 470876 621111 516113 469521 279304 970379 472888 
113706 546790 916169 247346 546839 801580 848302 29617 248173 772129 ,113706 546790 916169 247346 546839 801580 848302 29617 248173 772129 
425707 425130 461189 368010 724733 543206 543200 647378 619567 965484 ,425707 425130 368010 724733 543206 619567 965484 791381 896374 454739 
24139 649073 650201 990949 444299 6272 712658 258447 964282 214014 ,24139 649073 650201 990949 444299 712658 258447 964282 214014 881586 
78732 60840 85843 436133 310259 62958 53310 569232 88139 602747 ,78732 60840 85843 436133 310259 62958 53310 569232 88139 602747 
394784 819431 131374 62718 393763 59935 481483 842648 930959 731917 ,819431 131374 62718 59935 481483 842648 930959 731917 481815 223972 
628947 628334 630009 109332 333788 876709 597408 775593 488068 99536 ,628947 333788 876709 597408 775593 488068 382968 960931 285915 15012 
88380 959144 89395 128599 155484 107268 979477 454225 535370 61740 ,88380 959144 89395 128599 107268 979477 535370 61740 527986 137530 
712171 907521 110433 902336 993121 888338 853415 891746 768272 748827 ,712171 907521 110433 902336 993121 888338 853415 891746 768272 748827 
293778 868557 531752 335114 459411 209243 249542 89945 868359 292766 ,293778 868557 459411 209243 249542 89945 868359 420874 372583 320253 
298456 153153 468902 349240 526297 305633 517480 168386 397962 603117 ,298456 153153 349240 517480 168386 397962 603117 658412 245334 714230 
996228 672303 906341 810662 757754 625426 796756 834879 852506 651640 ,672303 906341 810662 757754 625426 796756 834879 995773 770430 994195 
996771 996762 996853 73232 742447 477814 394920 704361 36294 978007 ,996771 996762 996853 742447 477814 394920 36294 978007 122863 600325 
779093 429401 988901 212449 25817 443556 433764 14557 608990 875760 ,779093 429401 988901 443556 433764 14557 608990 875760 961344 863705 
187534 180039 52495 150243 581268 909631 89781 688763 480713 466212 ,187534 180039 52495 150243 909631 89781 688763 480713 691243 710607 
732626 732547 605769 732641 777215 777189 351071 777180 955427 605000 ,732626 732547 605769 732641 777189 351071 777180 955427 77391 338929 
421996 979833 695568 809881 934699 641149 89911 641465 304614 499963 ,421996 979833 695568 809881 934699 641149 89911 641465 304614 499963 
792446 620895 367831 782178 367546 782228 356264 936879 799243 954429 ,367546 782228 356264 936879 799243 829677 31330 749236 622100 646027 
804079 397311 498704 857495 397215 65599 495675 70839 337727 571825 ,804079 498704 857495 337727 571825 616826 526433 527518 470637 273416 
480029 869393 865080 410382 696592 865887 877625 181831 521651 241563 ,480029 869393 865080 410382 696592 877625 181831 521651 241563 678903 
901077 476904 36833 472223 933440 814529 558617 50031 376889 472327 ,901077 476904 933440 814529 558617 50031 377016 419912 274841 196025 
776057 489541 775776 761823 828089 403973 662430 253043 64037 256767 ,776057 489541 775776 761823 662430 253043 64037 256767 767210 560453 
935591 938279 455693 212298 120656 867315 551617 967350 422311 723643 ,935591 938279 455693 120656 867315 422311 705507 184872 212561 25510 
703362 490751 491737 843173 908804 842883 596984 260686 703274 703128 ,703362 908804 842883 950357 998738 96143 983516 997191 843377 526666 
967447 98921 122336 833226 659560 122425 573247 916848 775145 132910 ,967447 98921 122336 833226 659560 122425 573247 916848 775145 132910 
494830 895936 193659 711318 260384 496262 778698 495358 710940 709187 ,494830 895936 193659 711318 260384 496262 778698 495358 710940 890021 
353104 426975 314481 548275 724824 831381 55790 55897 168854 338867 ,426975 314481 548275 831381 338867 430402 547237 13271 188779 923208 
398208 403300 398515 404248 819235 849909 697656 256532 398354 659943 ,398515 404248 819235 849909 256532 662184 113093 231528 584560 94813 
528519 237786 772193 929263 528439 822077 365308 833895 261441 87385 ,822077 84561 908939 528402 261482 700052 524910 616867 600803 804236 
348428 840584 634951 560846 800396 194983 273799 634874 905883 574968 ,840584 634951 560846 800396 194983 273799 634874 905883 585136 989520 
975215 974509 529761 88059 794273 725128 975056 588434 709798 280954 ,975215 974509 88059 794273 725128 975056 588434 280954 97315 905304 
231731 378538 56622 579264 43395 56654 689309 442930 700777 695340 ,9466 538257 217876 898929 448311 37665 151860 546548 571381 605909 
996275 845979 274554 112707 54837 908531 896144 827228 855166 57246 ,845979 112707 908531 896144 827228 57246 204835 306187 42348 937445 
492781 507463 285329 500550 561641 973756 288629 60176 253734 831972 ,492781 507463 285329 500550 561641 288629 60176 253734 831972 59511 
437824 764442 798311 916480 916923 575005 580180 389001 579946 262025 ,437824 764442 916480 916923 575005 580180 389001 579946 262025 664394 
937695 937782 575408 874331 390799 460633 387262 745272 421902 567534 ,937782 575408 874331 390799 387262 745272 421902 567534 404083 398140 
121411 121206 845188 391065 397802 398896 174454 730999 628027 385461 ,121411 391065 397802 398896 174454 730999 628027 383314 771865 899123 
498431 503346 128439 875725 128618 2919 662586 860945 718840 824152 ,503346 824152 464178 398149 437377 450805 92829 186124 108684 204786 
350140 956752 571080 844531 434311 315022 701801 941299 79393 246760 ,361512 437995 822476 247597 433435 111706 965845 170522 331530 786381 
503924 496997 499811 503424 502600 292773 284210 502681 232452 292449 ,503924 496997 499811 503424 292773 502681 292449 292021 83124 386697 
757092 829381 991329 801695 715324 773577 786470 796923 758368 973692 ,757092 829381 991329 801695 715324 773577 786470 796923 973692 474443 
115029 115939 468223 61545 239622 309937 136321 240835 468315 895906 ,115029 115939 468223 61545 239622 136321 240835 468315 389661 850059 
91707 205497 269775 890377 883181 16979 955483 941816 947807 669023 ,91707 205497 890377 883181 16979 955483 901633 830722 503108 617892 
116618 114601 115211 115643 896238 237678 437161 515160 70831 297868 ,116618 115643 896238 163024 695484 859762 665882 711898 404429 895968 
475890 20389 407500 736188 83958 118604 139568 128656 138286 556304 ,475890 20389 736188 83958 118604 139568 138286 556304 462877 732544 
399156 71243 402405 802142 935238 955100 523689 34076 629159 496537 ,71243 935238 955100 523689 34076 629159 937391 559129 120746 903509 
15009 372281 580543 280066 15256 110405 140030 777595 72398 841233 ,372281 580543 15256 140030 777595 72398 741611 470150 529229 397156 
517620 439121 637961 671641 432610 474634 511553 753345 124594 573549 ,474634 753345 124594 724159 964358 467414 272590 497766 84098 697784 
360955 535606 563547 202560 266838 349177 99801 933283 734545 32458 ,360955 563547 349177 734545 843836 859350 16368 515114 566007 895007 
398871 399064 402669 403181 402448 417898 189343 893116 655577 654762 ,398871 207963 960376 655590 667650 667700 655278 654419 656771 477233 
6124 6804 655162 768142 543487 768033 543444 768100 768076 567938 ,6124 6804 655162 768142 543487 768033 543444 768100 768076 638187 
602201 374556 374312 419716 873859 460279 925290 459703 978324 478898 ,602201 374312 419716 460279 978324 478898 893298 44427 10556 277983 
73406 627562 537732 75347 860517 37242 255831 860531 925440 985886 ,255831 860531 170997 37356 834187 277468 170349 743364 771745 194203 
499445 493508 65752 517557 453600 507923 260849 507721 297952 58327 ,499445 493508 65752 517557 453600 260849 507721 297952 58327 51116 
453655 872560 461644 454344 459921 460628 201631 663494 575279 663830 ,453655 461644 454344 459921 460628 663494 575279 111288 255988 699653 
97078 344234 550068 340858 319346 484590 847827 566622 338454 721227 ,97078 344234 550068 340858 484590 566622 338454 794455 960803 219148 
708832 576392 32400 516159 408579 140284 202061 109252 484009 322306 ,576392 32400 516159 140284 109252 484009 106016 276268 197452 19618 
190271 405640 470408 86188 574996 88691 256424 184197 119401 553386 ,190271 405640 574996 256424 747466 233221 869540 894402 598327 489825 
143165 554322 954634 516984 284187 20062 457845 983308 987909 955188 ,554322 516984 284187 20062 457845 987909 990237 919788 691584 269880 
845120 547308 503630 547209 504764 504185 547292 81921 596303 547468 ,547308 503630 547209 504764 547292 596303 547468 82239 366479 157224 
326387 323049 322952 531054 888097 887263 203880 419358 76437 386223 ,326387 322952 148939 267820 195243 703249 73425 932642 855799 987573 
236083 114941 512851 492577 574323 588208 492214 831137 582749 804277 ,236083 114941 512851 492577 588208 492214 831137 582749 804277 832887 
341427 341614 226519 145533 259999 14263 886242 456473 259095 14130 ,259999 14130 226684 989266 926695 720954 887279 22889 548402 217397 
749682 136795 634110 515253 189908 465357 197112 275928 497570 725978 ,136795 634110 515253 189908 465357 19918 422444 681718 762417 985229 
911934 424205 912596 642126 911862 907004 641749 986325 906897 642304 ,911934 424205 912596 642126 911862 907004 641749 986325 906897 642304 
353711 193003 271819 323833 389414 775983 192982 739350 324615 879343 ,271819 775983 324615 879343 660635 544190 565003 694480 608025 607694 
463453 450192 451007 725922 406468 397857 408824 600266 541010 72068 ,463453 450192 451007 725922 406468 397857 408824 600266 541010 369580 
280921 313283 439621 550909 934043 574960 515677 21698 500403 130289 ,130289 223402 658749 209889 533753 181773 685303 275607 160407 481081 
230283 714326 297040 351859 624361 621149 804788 344031 308753 74212 ,714326 621149 344031 272485 849472 601538 80505 501266 528782 360422 
292502 247858 755526 247396 278872 292364 292543 292752 247415 246545 ,292502 780104 941124 336944 227293 305268 237681 237211 261054 57207 
509607 435884 251763 933684 212092 199102 277918 212900 839483 773547 ,933684 773547 510224 713250 858074 672282 858563 998345 542161 852209 
743384 982309 743771 415754 415800 416081 793354 909116 409457 978544 ,743384 982309 743771 415754 415800 416081 793354 909116 409457 978544 
190778 283285 560562 410192 190773 190839 327812 346766 298630 168099 ,190778 283285 560562 410192 190773 190839 327812 346766 298630 168099 
16949 18182 313757 823936 901349 755401 37450 44889 343001 250823 ,16949 18182 313757 823936 901349 755401 37450 44889 343001 250823 
567731 72334 567733 567744 248293 188421 708731 708719 571704 114626 ,567731 72334 567744 248293 188421 708731 708719 571704 719337 135028 
860032 859728 209579 662928 830442 919756 919733 540567 662979 540593 ,830442 81729 619460 920566 209887 514663 640030 785307 859208 911008 
496378 494371 565576 493475 436199 434816 706049 545599 621749 623571 ,496378 494371 565576 493475 436199 434816 706049 621749 623571 212711 
170330 185492 678763 661409 706571 173094 839 171128 267940 620042 ,170330 839 171128 551372 480929 156590 598240 469366 940878 243627 
711363 200886 712164 351727 926760 712193 539983 807244 712993 755326 ,711363 200886 712164 351727 926760 539983 807244 712993 969861 777197 
619877 122482 636819 353848 773835 789454 839538 398237 742515 480960 ,122482 636819 353848 773835 789454 398237 480960 352757 950896 636845 
234394 330905 97551 916422 233922 942862 606940 482167 308122 909429 ,234394 330905 916422 233922 942862 606940 482167 308122 607012 481866 
15900 15224 718886 554920 14932 718510 555028 667851 656422 13322 ,15900 554920 667851 41470 430036 842083 834728 719282 858077 68422 
502157 389697 34009 532466 233428 175566 780288 59541 671641 503391 ,502157 389697 233428 175566 780288 59541 503391 544069 754308 599206 
265576 576654 576119 203493 267771 792102 138958 202015 266293 956329 ,576654 267771 203493 266293 202015 956329 163272 564558 223034 832766 
396998 400708 397015 396970 60058 509853 125634 200021 890503 71274 ,396998 400708 397015 396970 60058 509853 125634 972198 78612 691370 
159658 797615 156581 312321 61508 469264 14072 867220 367965 187449 ,367965 629352 942907 580620 798759 65820 196958 997962 731735 797160 
402168 906502 424583 397798 214117 616114 401397 914540 766787 536779 ,402168 424583 397798 214117 616114 401397 766787 824797 418894 677519 
495720 451967 659496 308151 829853 936340 118437 169344 854453 539188 ,659496 936340 118437 169344 539188 177268 546949 267112 202834 496459 
519693 520321 520664 724302 519798 427758 954382 744465 632982 339632 ,519693 520321 520664 724302 519798 427758 954382 744465 632982 264917 
642378 640701 641362 641899 609496 643005 640671 641397 143121 958237 ,640701 641362 641899 609496 643005 640671 143121 958237 51421 966781 
831132 782199 300162 20976 773373 942660 834052 412427 767708 538966 ,782199 20976 773373 942660 834052 767708 538966 849018 538905 762675 
400491 943252 631529 455776 811398 681991 943884 265793 437286 370503 ,400491 943252 455776 811398 681991 265793 437286 370503 748028 12358 
76346 57879 966231 886978 967155 304393 327113 110696 419249 944099 ,76346 57879 304393 110696 419249 944099 362839 130852 13811 105367 
486759 506376 505733 512855 512225 244671 409786 409665 245499 162525 ,486759 505733 512855 244671 409786 409665 245499 162525 913896 271201 
566992 145532 791163 821396 9022 175767 352751 21723 729355 329269 ,566992 145532 175767 21723 307839 965949 21482 892942 710095 634510 
768255 650027 655602 653959 772086 653089 649749 647423 649190 650599 ,768255 650027 655602 653959 772086 649749 647423 649190 650599 648159 
20523 11824 192499 271315 658603 568228 700946 687770 718534 698717 ,20523 11824 658603 568228 687770 718534 698717 822987 884469 371021 
844212 539737 209842 869713 725447 497472 391453 404132 628248 223928 ,844212 539737 209842 869713 725447 497472 391453 628248 223928 209735 
678335 118203 566791 467437 558977 679411 581124 23852 156890 413775 ,678335 118203 467437 558977 679411 581124 156890 413775 29609 550439 
165224 918143 723285 573567 153571 551752 573125 966547 174971 152586 ,165224 918143 723285 573567 153571 573125 152586 945606 515799 717173 
232868 235955 227294 227213 227324 908919 636581 17182 278049 585319 ,232868 227213 908919 636581 278049 585319 237044 494041 197953 276769 
152804 616290 843965 667939 198913 277729 77848 154158 492490 301382 ,843965 154158 301382 419715 170180 526003 401419 307988 779962 742523 
526996 277713 87751 709767 89890 89670 422678 268626 189911 30833 ,526996 89890 268626 189911 343134 481052 87316 68373 43843 279736 
47635 668198 775114 939893 667847 773773 859072 50345 50343 667997 ,50343 565959 129602 14782 583068 668409 846195 849986 971037 563578 
732187 26292 947127 940791 996022 885792 828867 410466 188028 38160 ,885792 839381 640864 996848 411013 409799 520695 641918 891492 38558 
397335 397324 400812 143422 558665 858836 558661 11901 12201 297670 ,397324 143422 558665 558661 297670 779765 861655 987847 400886 129950 
52854 606022 538546 386528 981851 56636 982068 378852 39438 207223 ,47908 378668 682792 443253 106080 165926 412555 129373 892324 572283 
899733 413004 477129 478428 476366 476377 53706 538430 477041 768068 ,476695 478641 446238 672920 412715 768326 826151 672724 906081 534416 
96980 886914 839442 97636 406048 231791 826239 58882 231778 488726 ,886914 839442 97636 391061 272277 667851 826326 826177 842023 839457 
959 1361 938979 733008 322639 426724 427569 299659 736452 742284 ,1361 322639 427569 736452 742284 101765 522586 678242 978125 47552 
751655 649221 841110 650303 61427 305217 46811 771714 821601 989991 ,751655 649221 650303 61427 305217 771714 821601 989991 548093 657722 
105561 543166 105461 791363 122474 105502 122863 202354 266632 205021 ,105561 543166 105461 791363 122474 105502 122863 202354 266632 205021 
400983 402180 399598 708322 477757 810045 615938 845078 188383 887433 ,400983 402180 399598 708322 477757 810045 615938 845078 188383 887433 
944835 183732 182996 692708 59952 844641 170930 75598 935627 166280 ,183732 692708 581198 542357 807737 203301 702282 949373 201005 888231 
338272 385446 128656 220778 208007 417844 287413 511571 729740 388169 ,388169 691422 803510 451184 46913 536559 933346 978499 862956 773091 
950806 950343 143224 125017 876130 953165 485051 123880 268295 269931 ,125017 876130 953165 123880 301639 842286 971849 891414 471190 694504 
800956 879690 800654 883234 480182 58117 416490 883744 668140 68328 ,800956 868507 879719 863000 60421 885506 932760 99153 668927 780051 
600407 220971 706771 571575 436166 571593 687645 304289 991888 221166 ,600407 221166 950455 565322 753407 94737 844154 819810 326634 628330 
755954 471137 868270 739863 572346 614388 611733 622269 360807 865966 ,471137 739863 572346 614388 611733 622269 360807 47693 664139 676031 
592736 497260 59299 488007 702733 992992 591243 341535 630347 482684 ,592736 497260 59299 488007 992992 591243 341535 630347 987383 293966 
347648 997936 782365 283041 799739 927866 999393 50518 927703 281659 ,347648 799739 50518 160965 778883 905156 944764 905101 188056 318527 
878443 358152 396792 73715 651819 967534 354412 75541 598590 798766 ,878443 358152 73715 967534 354412 75541 944808 708403 393772 196996 
321630 88916 931830 140444 481812 760270 20273 193454 272270 524702 ,321630 88916 481812 760270 20273 193454 272270 524702 180291 584378 
896332 734249 719041 830027 651655 831338 554985 953264 654400 959761 ,734249 719041 830027 651655 554985 953264 959761 891353 610571 803734 
842207 254620 933042 393675 882926 993259 964340 394233 833312 542272 ,71505 63525 480330 858889 223825 977617 15056 341666 864245 940908 
845369 979413 354843 501042 323960 2010 159703 465133 634133 146531 ,465133 146531 458586 603140 529517 809290 182612 353948 406004 165714 
951781 945306 952924 513031 777990 485417 865189 933920 515646 951438 ,951781 952924 513031 777990 933920 515646 690328 542114 859135 653732 
766618 569876 569665 661225 205963 806504 719559 224469 114322 117614 ,766618 569876 569665 661225 205963 806504 719559 114322 117614 673484 
247511 492367 790690 82922 780174 295539 456204 701090 700891 7997 ,247511 492367 790690 82922 780174 456204 701090 700891 7997 638841 
234016 218788 607730 986945 47362 216548 877113 197669 276485 833144 ,986945 216548 276485 197669 833144 60956 546575 258621 753211 595992 
219166 112847 219149 630175 219372 19397 972948 186039 169051 706227 ,219166 219149 630175 186039 169051 924969 169485 562675 389984 219141 
943324 949511 89596 691139 691824 844627 682980 966597 682463 929813 ,943324 89596 691139 844627 682980 966597 723642 506108 77499 704827 
981141 204880 532703 168567 631792 388348 275861 294144 771265 412187 ,981141 204880 532703 168567 631792 294144 412187 60006 699048 332617 
703455 310337 158220 306509 278635 685683 211820 279918 292022 364200 ,703455 310337 306509 685683 211820 279918 292022 364200 853989 130451 
352261 81230 322907 392306 859963 392324 322463 322588 526815 153676 ,81230 392306 859963 392324 322463 322588 153676 62960 242962 720410 
853594 887726 849070 830097 797559 190563 886686 196294 275110 990568 ,853594 830097 797559 190563 886686 196294 275110 990568 972610 315963 
326970 847844 679003 902 192292 244910 340952 290550 699890 847652 ,326970 902 192292 244910 340952 847652 972790 702949 679184 901718 
788671 645542 14766 788576 284835 645426 161010 148271 397022 439182 ,645542 788576 284835 645426 397022 439182 143634 835010 397079 449305 
83143 790016 195057 273873 520660 61141 198598 298719 79124 524089 ,83143 790016 195057 61141 298719 79124 524089 925339 452858 704278 
653917 60988 450327 982703 684985 805217 569342 637404 58725 31103 ,653917 60988 450327 982703 805217 569342 637404 58725 31103 648395 
566915 910933 88190 567110 616341 239179 283734 404139 472403 822279 ,910933 567110 404139 472403 88036 784938 226771 936287 88956 508033 
553955 553809 260474 412933 55838 199781 278597 111232 408559 930868 ,553955 553809 260474 412933 55838 199781 278597 111232 408559 930868 
133523 996905 483293 668716 41788 880315 10451 853784 833138 885821 ,133523 996905 668716 41788 880315 10451 853784 833138 885821 604671 
227421 481743 998875 961072 236913 231798 564958 240801 564517 691005 ,481743 961072 236913 564958 240801 564517 691005 799348 619886 236941 
317287 48404 253019 67059 80919 252435 780253 326202 405513 123448 ,317287 48404 253019 67059 80919 326202 405513 123448 327737 63166 
647758 831370 663184 398553 857552 401022 399697 954012 841679 25520 ,663184 398553 857552 401022 399697 954012 25520 411361 71087 177364 
810934 623028 937767 919698 938079 111590 987429 127850 186030 960698 ,810934 623028 937767 919698 938079 111590 987429 186030 960698 180594 
945411 943263 948769 942292 942417 60099 949559 220148 545794 533424 ,948769 942292 942417 949559 220148 545794 533424 589053 686940 45281 
181701 505859 990306 181871 420533 508755 841528 284241 941144 140277 ,181701 505859 990306 181871 420533 841528 284241 941144 140277 325689 
455459 32792 133553 153452 523926 21444 397020 91773 384381 523239 ,32792 133553 153452 21444 397020 523239 456062 517078 522541 361384 
112437 131005 401974 112875 304412 605806 565760 143372 562246 186096 ,248147 316971 710238 114711 893629 985492 19133 880242 738778 797445 
7237 626572 716064 536562 381601 172684 237441 949157 383164 462136 ,7237 626572 716064 536562 172684 237441 949157 383164 462136 65966 
758005 705035 490613 638287 727565 845906 314514 638464 493148 703961 ,758005 490613 638287 727565 845906 314514 638464 493148 703961 442162 
204021 268299 491989 486622 239460 486886 505029 664577 850075 490388 ,268299 204021 491989 486622 486886 505029 664577 490388 507602 338405 
147117 148388 362633 136189 92025 57299 716464 371785 802090 913248 ,147117 148388 362633 136189 92025 716464 371785 802090 913248 378863 
19149 935803 454222 596770 752115 12965 167750 608874 86257 934874 ,682048 10697 103066 20391 784583 690350 578986 148274 956227 852683 
290729 383119 629064 709064 866373 900103 951195 962283 623777 461302 ,383119 629064 709064 900103 951195 962283 623777 461302 789830 676056 
491092 953199 110427 111710 787638 599658 464769 516620 130484 246982 ,110427 246982 247489 429828 247761 487689 861376 261746 233641 525230 
6834 6316 6612 768167 672413 768289 672523 830147 673996 830132 ,6612 6376 447421 447559 446962 853445 446727 447770 768014 155568 
950517 944218 950847 944713 504780 256630 233076 463035 233010 256739 ,950517 944218 950847 944713 504780 256630 463035 256739 489938 343403 
374781 777790 765761 374552 374089 374281 374303 948373 149199 907010 ,374781 777790 765761 374089 374281 374303 948373 149199 773605 792865 
797752 308460 944333 17607 770646 577326 574923 353016 314351 770378 ,724758 778131 471108 296363 994299 410500 305243 472573 189976 573844 
931635 10007 877134 879720 223550 868185 871592 882936 885686 969832 ,932866 416872 931707 742339 872953 219494 931416 895103 543174 879955 
878751 302924 776435 62640 188538 188540 412550 412490 914806 896338 ,412550 915118 154989 798308 295801 649999 295685 797688 930510 302115 
705908 341075 629193 658142 441472 998027 595068 745861 22181 188756 ,705908 341075 658142 441472 998027 745861 22181 188756 4717 136960 
116282 112460 40892 899570 599461 41564 893530 816757 539587 539627 ,816757 603710 656472 599359 131557 569454 601314 40808 655134 899674 
992978 6405 782307 606380 52188 869634 576180 781821 569962 725944 ,992978 6405 782307 606380 52188 869634 781821 569962 725944 251521 
5390 5669 686362 7346 376423 7758 53298 997979 5242 54581 ,5669 686362 7346 376423 7758 53298 54581 995472 102476 230466 
224465 225139 173092 439304 704790 928010 176356 954663 500503 437178 ,224465 173092 439304 704790 500503 437178 877722 706305 740245 704140 
708298 585362 243256 272193 39970 886551 918655 310183 917421 917743 ,708298 585362 243256 39970 886551 918655 310183 917421 917234 750174 
459508 174928 153057 261469 152149 174770 175482 175688 188960 452002 ,153057 261469 174770 175482 175688 149871 400718 173293 612856 834244 
511984 405541 992071 894281 253435 636472 569374 774780 669387 984870 ,405541 992071 894281 253435 569374 774780 669387 635827 711100 144736 
16727 796592 979518 337676 988737 543494 458534 801207 486042 707460 ,16727 979518 988737 543494 458534 801207 486042 484834 596073 403676 
281822 244593 753382 177330 184901 280517 351425 748148 448737 281165 ,753382 177330 184901 748148 448737 281165 928310 833260 807075 367174 
21402 66521 524004 244646 20263 19826 799561 368250 366323 497847 ,21402 66521 524004 368250 366323 497847 293183 993441 846974 549893 
407222 316503 613096 901774 380318 1093 74592 695802 337 99116 ,407222 316503 613096 380318 1093 74592 695802 337 900606 248110 
558675 427895 84631 427958 687729 85036 558762 463884 410983 764387 ,558675 427895 84631 427958 85036 558762 463884 410983 764387 695904 
562019 661622 481118 862825 481267 482425 105715 406343 540476 426445 ,584458 505548 278594 199778 106466 851062 877936 886358 268924 406401 
115752 116636 466940 795912 906689 797048 242604 242288 145134 438501 ,115752 116636 466940 795912 906689 797048 242604 242288 145134 242088 
706314 707876 704919 852636 851978 704496 396744 762741 367975 394860 ,605959 45294 117583 316558 118276 353473 836940 85037 459218 277392 
716123 63623 250975 253945 19275 229540 956038 37481 852715 853049 ,63623 250975 956038 853049 114839 767739 37203 239453 63845 583199 
144024 527449 258110 453723 11349 722834 680438 980757 331244 454254 ,527449 258110 11349 722834 680438 980757 995281 284065 87735 51414 
400346 403522 653282 800523 795762 646443 762328 785092 910466 7672 ,785092 553887 775964 473483 653873 583849 577573 817280 841696 762127 
853181 539037 854047 919780 706975 971115 405877 104612 541956 670899 ,853181 539037 854047 919780 971115 405877 104612 541956 670899 490786 
235078 375002 870408 117360 904499 666424 396816 819280 369928 539855 ,235078 375002 870408 904499 396816 369928 346494 877566 59633 358209 
114938 114567 115713 102112 603821 578615 910335 617680 42071 777625 ,114938 114567 115713 102112 603821 578615 617680 42071 777625 65695 
704428 705334 482031 211407 802329 622610 573618 726918 435511 67522 ,573618 726918 435511 483257 60386 416872 518142 849770 214526 842255 
161741 602674 301544 919235 528562 133828 104854 105016 136844 946670 ,161741 602674 301544 919235 528562 133828 105016 136844 523454 138209 
855394 45563 912491 790196 936033 216896 45135 65562 129983 116119 ,855394 45563 912491 790196 936033 216896 45135 65562 129983 116119 
96764 254943 490251 492131 363082 875449 395091 61365 521553 870263 ,254943 492131 363082 716646 637921 503393 393997 519450 659140 716694 
302717 393809 724333 140741 420485 607483 543819 393029 169634 301804 ,302717 724333 140741 420485 607483 393029 169634 301804 699077 682866 
489535 488586 492821 69103 518666 168505 168637 834505 340636 631922 ,489535 69103 518666 168637 834505 340636 940604 604441 177765 144624 
993605 85297 311720 125730 84158 397355 16113 700094 798696 16279 ,85297 84158 16113 700094 798696 16279 638630 587644 785648 132269 
662610 662619 973142 523318 544189 645162 160 94618 191257 68534 ,662610 662619 973142 523318 544189 645162 160 94618 191257 68534 
840149 840652 351117 840090 242769 835983 169996 993653 554060 554119 ,242769 835983 169996 180221 865676 567426 773290 647341 992636 993738 
407602 705933 46722 91161 188602 171241 869481 807751 38039 46896 ,407602 705933 46722 91161 171241 869481 807751 38039 406456 715484 
978035 751221 110823 2538 997540 928010 298341 15843 844600 514007 ,751221 298341 15843 514007 118951 735242 450640 681710 997605 455385 
206261 270539 716165 238439 877129 492076 931416 844637 619067 258553 ,844637 396402 204685 60051 904811 191116 128216 15025 983996 606701 
762804 834980 955316 281150 15762 844350 668192 622419 335479 16373 ,762804 834980 955316 15762 668192 622419 621338 762696 868424 215481 
514898 827221 827070 828368 960982 961381 203497 267775 918337 742489 ,514898 827221 827070 828368 960982 961381 203497 267775 918337 742489 
100146 244255 882757 653166 922379 922918 978030 264423 535185 99993 ,244255 376666 534351 962898 891811 753865 535900 260574 880903 330551 
452620 459136 762010 948988 486775 700265 762031 719747 227784 220878 ,452620 707510 96630 469556 94956 458521 31151 51363 690000 155976 
367142 210767 280406 188824 816570 421063 9473 131548 617578 563418 ,367142 210767 280406 188824 816570 421063 9473 131548 617578 468187 
667968 987828 195955 274771 670288 989325 987417 842641 667786 207560 ,667968 987828 195955 274771 670288 989325 987417 842641 667786 207560 
79704 452485 452228 497264 342432 293129 116644 305460 261490 271675 ,293129 305460 336659 384921 191539 634742 526245 351049 327261 498754 
578312 242400 764712 212594 290981 741170 794290 942532 514991 119631 ,578312 242400 764712 290981 741170 794290 942532 514991 119631 414129 
4162 193836 272652 862145 513866 194789 273605 225566 402172 276137 ,4162 193836 272652 862145 513866 273605 194789 225566 276137 130728 
956861 923585 430759 156821 430668 977119 448642 355480 957426 259956 ,923585 430759 448642 355480 957426 259956 786657 719607 748066 430633 
904488 623265 793990 781397 370851 794663 625842 446443 135824 846673 ,623265 793990 781397 370851 794663 625842 846673 982283 888402 828092 
667868 51639 670899 561089 667918 545670 71378 766501 239392 667747 ,667868 51639 670899 561089 667918 545670 71378 766501 239392 667747 
910576 748871 505213 260193 116471 92477 396826 24345 499909 242980 ,116471 9595 633712 973791 732894 646406 428771 979205 487325 126731 
608069 335193 712302 508106 174891 174715 438742 122092 89843 526229 ,608069 174891 438742 122092 89843 526229 147150 526535 93496 722338 
819780 868698 702992 192663 271479 839078 61224 14975 13184 839602 ,819780 702992 192663 839078 61224 14975 13184 839602 14806 563916 
484487 484115 921093 746391 840393 667827 58419 667789 52848 449598 ,484487 484115 746391 840393 667827 667789 449598 867832 514116 886398 
99306 181635 463936 224236 36957 290324 81167 182020 620003 724089 ,99306 181635 224236 81167 182020 620003 724089 438154 689489 766105 
521980 861931 59826 414174 59081 184840 477636 156943 58838 827037 ,521980 861931 59826 59081 184840 477636 156943 58838 91837 475006 
705359 199870 763552 685937 581488 629021 533214 753955 200033 264311 ,705359 199870 763552 685937 581488 629021 753955 264311 544030 728200 
943278 942810 948325 213741 213592 683728 789225 60099 659831 364734 ,948325 60790 547341 866952 130185 513 959326 628755 330494 238181 
256342 828078 950027 357733 256412 604408 406412 358409 609539 604125 ,828078 609539 951675 309049 322758 179291 229654 238839 796233 6004 
108834 880177 152712 521869 947274 521890 110520 940907 102543 901447 ,108834 880177 152712 521869 947274 110520 940907 102543 870961 126 
332935 984791 936093 404346 615830 3593 632605 480372 202865 393655 ,332935 984791 936093 404346 3593 632605 480372 202865 979686 493051 
781982 729199 124123 392033 123146 883941 741677 151842 741045 738729 ,781982 729199 124123 392033 123146 883941 151842 741045 738729 779727 
8851 174633 548497 439325 8549 534570 242288 925821 151352 30791 ,8851 174633 439325 534570 242288 845737 682708 755747 346506 832244 
92027 941771 923003 63592 810945 76521 261647 125169 987685 914189 ,261647 987685 518826 859481 151649 152248 79556 684979 105129 512868 
649909 648859 653151 648103 648538 648620 814805 647266 653545 653640 ,649909 648859 648103 648538 648620 814805 647266 653545 653640 653190 
33867 525288 841031 31028 97061 526083 974394 273573 153386 694677 ,33867 525288 841031 31028 97061 526083 974394 353152 324746 174242 
80761 151192 524967 633908 95342 348341 494856 210722 566296 471371 ,151192 524967 633908 95342 348341 494856 566296 471371 5086 709115 
963987 679222 810802 728853 794102 188725 273146 560968 551153 432355 ,728853 794102 560968 15183 393984 400661 878749 665197 633445 396988 
143932 191828 522905 124868 16652 705941 146491 34988 587744 191739 ,143932 124868 16652 146491 34988 191739 915494 415215 425933 159842 
868637 732822 942692 732877 730553 73921 864338 946039 568790 41409 ,732822 942692 730553 73921 864338 946039 41409 923327 560966 949829 
390193 391741 470323 561121 534173 117128 178149 708310 381124 407564 ,470323 534173 708310 381124 470540 19318 126856 442314 547305 548616 
533190 709338 246935 443707 131589 351781 908318 249097 278747 431441 ,131589 351781 700440 212521 341065 453964 337802 254844 246569 788798 
463033 462275 455878 456581 61708 698343 681669 617041 61433 230804 ,463033 462275 455878 61708 681669 617041 61433 230804 349701 698143 
807714 642062 73061 910669 900912 253067 808513 526166 114829 134680 ,807714 642062 73061 910669 900912 253067 526166 114829 134680 108005 
816385 628091 279215 816477 964707 469275 690070 609916 964730 818650 ,816385 628091 279215 816477 469275 609916 964730 567740 567812 99361 
169035 169314 798565 260010 168863 680182 396681 14409 393490 287390 ,369150 33879 374765 878332 272782 841905 169683 267607 173519 128216 
529085 439563 293365 295555 611206 718289 524222 171031 21746 115570 ,529085 439563 293365 295555 524222 171031 430448 617246 681831 489326 
525629 927814 106928 429429 278915 430830 834484 485895 176633 965017 ,927814 106928 278915 430830 176633 636125 379952 17703 768472 125004 
531650 95074 306604 519552 900809 807083 510742 503628 188548 883043 ,95074 510742 883043 83460 488043 678697 75792 125901 864437 904677 
970925 211674 962379 226546 586281 900228 18582 970969 801034 884085 ,970925 226546 900228 18582 801034 21913 647082 130906 185163 342790 
690379 908121 844788 844314 867139 13585 517928 690516 749071 539695 ,690379 844788 844314 867139 517928 539695 577096 627830 170629 154917 
917520 703277 33445 909280 238165 533001 932201 215347 575568 819681 ,533001 932201 819681 543820 223487 239708 147764 859135 91630 12775 
724972 834561 522010 77681 92026 833101 84883 521883 97040 821941 ,833101 84883 521883 821941 390047 724810 278833 521914 997776 511357 
939264 237735 173883 202779 267057 620639 955535 122998 89045 32580 ,939264 237735 173883 267057 202779 122998 32580 390882 434345 32435 
236400 241360 491823 238403 120472 310811 309324 574336 314507 338551 ,236400 241360 491823 238403 120472 310811 309324 574336 314507 338551 
89345 63073 802688 9872 941988 64979 932918 9684 732820 732860 ,63073 64979 9684 732820 12853 94032 732678 587910 300585 395005 
105910 280435 285770 290385 246585 663400 486303 108059 497353 291973 ,105910 280435 290385 246585 663400 486303 108059 497353 291973 293254 
204000 138828 73193 954492 622541 751643 619471 623764 751694 237836 ,138828 619471 828836 239744 965602 116031 114157 255816 266593 13299 
951446 673690 951758 966195 359400 369219 966604 835562 395973 974337 ,951758 966604 611511 320520 978856 787315 85039 3569 628567 699556 
403605 59458 685983 337971 601854 171685 133401 363676 399961 691025 ,685983 337971 601854 363676 691025 237168 686845 361745 751789 229962 
427437 835244 736841 923902 889298 544722 717050 742829 834460 732489 ,427437 835244 736841 923902 889298 544722 717050 742829 732489 428423 
965519 892680 799925 960655 516168 960651 987139 380617 19141 969108 ,965519 892680 799925 960655 516168 987139 969108 443806 713598 443529 
282408 24964 528162 25841 103352 594865 283040 595125 615538 792095 ,282408 24964 528162 25841 103352 594865 283040 595125 615538 792095 
281172 943551 30569 726363 976869 282869 526960 414035 599608 523568 ,281172 943551 30569 726363 976869 282869 526960 414035 599608 523568 
154808 460729 612336 239672 200822 265100 154825 65283 531678 16598 ,154808 200822 154825 65283 531678 16598 705407 31912 999103 203029 
345639 782967 984024 223922 916768 484496 998445 202906 267184 688309 ,782967 223922 916768 484496 998445 202906 485396 100608 129892 634252 
354586 246693 246584 186221 497422 54187 459174 497077 254124 232407 ,54187 459174 497077 102648 50504 255862 594998 82226 227932 364616 
717079 672354 655151 674886 445046 607142 672347 999121 655395 649059 ,672347 649059 443834 776962 674855 653885 654183 867689 648627 571711 
598225 508658 890446 942028 412636 985283 99440 502375 507620 297276 ,598225 508658 942028 412636 99440 502375 507620 892887 632681 195203 
27238 396325 959182 447195 792534 920327 159728 720418 465626 874174 ,396325 792534 159728 874174 849554 271716 19877 14291 704239 223634 
360261 336580 470268 333851 774528 457716 924680 41823 335856 210302 ,360261 336580 470268 333851 457716 924680 210302 233863 183461 376063 
163229 410755 818745 789818 158503 169326 219549 182288 950009 370827 ,163229 410755 789818 158503 169326 219549 182288 950009 959916 873996 
281589 68248 439365 377921 101053 778821 240232 285192 712938 465617 ,281589 68248 439365 778821 240232 285192 712938 465617 232350 503450 
928767 487049 43810 349465 842129 598382 416329 454019 238308 257067 ,928767 43810 598382 454019 547672 162687 121957 803136 402872 20834 
840579 93760 841149 691638 686618 506875 15304 597916 432781 550366 ,840579 841149 432781 597459 489352 988079 187459 871813 197044 783415 
487413 723373 151520 262476 105109 723506 122243 106767 663351 699300 ,723373 151520 262476 105109 723506 122243 106767 816012 658888 153497 
7491 844554 156627 515010 981510 206386 270664 515359 513537 202990 ,7491 844554 156627 515010 981510 206386 515359 174366 522105 482491 
708891 986932 849917 684458 468043 744324 321919 448495 263623 833754 ,708891 986932 684458 744324 448495 263623 833754 196450 763525 833517 
205968 597478 513409 900373 986553 583555 41976 182402 58538 901711 ,205968 513409 900373 986553 583555 41976 182402 58538 901711 978541 
305805 726343 407425 689681 689367 307348 339144 566057 688837 836164 ,305805 726343 339144 157114 306340 322328 79609 473549 715715 988697 
187107 823146 991094 809360 373538 423901 909702 690916 408315 792687 ,373538 902283 84060 611175 789596 790172 728942 106769 258853 849183 
717722 890619 717717 890229 663612 146567 663227 232407 663130 254553 ,717722 890619 717717 890229 663612 146567 663227 232407 663130 102622 
850118 850148 98800 157489 513733 970841 42575 411316 440607 641119 ,850118 850148 98800 157489 513733 970841 42575 411316 641119 824789 
956227 483228 762245 518036 454693 940134 204044 268322 64909 367745 ,483228 762245 518036 940134 204044 268322 64909 367745 61443 21594 
607954 863137 607741 942417 638830 66564 866071 678313 128818 451467 ,863137 607741 942417 638830 866071 128818 451467 972713 769769 177121 
563799 513351 490170 34851 74084 970183 15972 831568 499933 691500 ,691500 988526 882961 508604 195673 965743 68688 219515 961260 425250 
848500 969580 721490 837282 987275 248211 911031 907883 857501 201323 ,848500 969580 837282 248211 911031 907883 857501 201323 850006 376411 
728633 841680 120882 118279 790656 144453 131064 729520 769247 439866 ,841680 120882 118279 790656 144453 131064 729520 769247 642686 261033 
495082 968434 424848 586047 79269 424333 262138 602586 585970 321426 ,495082 968434 424848 79269 424333 262138 602586 585970 321426 315031 
389803 480728 89135 596635 471372 815040 348803 510312 815627 348831 ,89135 596635 471372 348803 815627 348831 350655 600687 397122 603410 
662407 359513 358436 518831 519455 228303 441290 441357 526150 527187 ,662407 359513 358436 518831 519455 228303 441290 441357 526150 519308 
957040 538252 508084 52338 476153 53535 479803 478337 39823 53643 ,476153 823727 53516 476899 701452 265893 753978 11252 602758 885517 
187754 951859 72333 780250 780242 635111 470730 401896 693961 689812 ,187754 951859 72333 780250 780242 635111 693961 723496 747009 569969 
539242 781599 513470 691952 936234 199360 278176 659903 539247 223709 ,539242 513470 691952 278176 659903 223709 921022 659496 267783 203505 
285048 999006 392168 466073 885746 919301 242153 484524 397132 232518 ,990298 72761 763173 950404 496414 991959 808946 892805 998557 969367 
995156 995082 996223 995826 397547 996796 995267 401687 773915 838074 ,610808 613619 582749 946456 942409 885010 666849 876821 590565 443684 
767382 660455 397975 616022 930927 208138 759796 942455 685687 157193 ,767382 660455 397975 616022 930927 208138 759796 942455 685687 157193 
92497 581873 93749 628562 489536 659818 660550 307231 301721 403600 ,581873 628562 489536 659818 660550 307231 301721 403600 503143 629315 
646611 649216 653459 653623 647716 653215 646683 654841 444008 647850 ,646611 649216 653623 647716 653215 646683 654841 444008 647850 653392 
360932 520741 487504 350537 363905 369402 336810 500537 151870 67338 ,360932 520741 363905 369402 336810 500537 151870 708723 246727 370147 
89259 529245 780780 528890 235893 665706 177715 84526 883612 431506 ,89259 529245 665706 177715 84526 883612 431506 727971 510762 108187 
677240 610572 427342 132407 414015 424230 994671 600793 786176 676186 ,424230 994671 786176 675894 776569 831337 652760 775541 675777 867689 
397817 401420 200893 274648 617570 200964 265242 201390 265668 222455 ,397817 401420 200893 274648 617570 265242 200964 265668 222455 397379 
583271 201111 265389 201818 17336 581687 942333 200712 264990 408441 ,583271 265389 201818 17336 581687 942333 264990 408441 941734 172695 
496619 505184 473560 130813 111882 340036 465191 126401 451353 172467 ,496619 505184 130813 465191 451353 172467 968429 284264 244082 440381 
887690 911031 833349 887521 915470 562750 228225 658380 658583 400915 ,911031 833349 228225 658583 618273 595059 576234 125978 899654 2039 
299318 530186 701209 684335 122580 724969 432051 321968 30318 912122 ,299318 701209 684335 122580 432051 321968 30318 912122 595214 987196 
802465 138493 262145 420368 785861 393209 110940 12331 367379 665641 ,785861 110940 12331 665641 616653 723436 723319 201942 595149 448558 
8356 7797 511325 806838 792323 349404 942656 863588 106024 407483 ,7797 806838 792323 349404 942656 863588 106024 407483 742445 144181 
464383 356129 617544 917117 946767 392940 65819 157553 9932 927822 ,464383 392940 211932 392572 204105 171103 375920 899393 70625 798938 
471622 632433 518921 338606 792972 516952 790074 898908 703492 472808 ,471622 632433 518921 338606 792972 516952 790074 898908 703492 406620 
40353 171604 112193 165124 843760 59960 174287 729594 184739 728756 ,40353 171604 112193 165124 843760 59960 174287 728756 595918 934484 
118541 254800 655549 71136 835606 766636 843768 834181 68858 183941 ,118541 254800 655549 71136 835606 766636 843768 834181 183941 728458 
393723 701992 885866 97070 806705 835437 352429 86520 169353 712827 ,86520 169353 171253 629752 353077 687831 710377 338024 885987 628471 
463800 504212 680562 571635 795888 597164 335907 91227 919934 778921 ,680562 597164 91227 778921 628897 596815 65122 587453 229455 629160 
583382 171806 175965 865887 164674 172172 819819 155552 960856 925703 ,583382 171806 175965 865887 164674 819819 155552 960856 925703 164766 
663446 758896 749444 900469 836240 595624 595328 391110 16382 605530 ,758896 749444 595624 391110 16382 239940 245389 677846 111389 705066 
933532 933811 523491 18774 185547 700504 416949 84014 941123 880323 ,933532 933811 523491 18774 185547 700504 880323 711898 82642 936152 
856731 64743 544537 725637 263778 965995 832801 722957 203839 268117 ,856731 64743 263778 832801 722957 203839 268117 268968 204690 629333 
393077 392691 70534 712063 784074 256118 951258 868780 753716 229597 ,392691 70534 784074 256118 951258 229597 144888 754683 202067 167153 
320467 630832 376813 630676 260097 850659 678347 166008 425515 437371 ,678347 425515 955863 602747 199294 501236 737382 263536 124835 413104 
500371 835926 836276 506770 404471 365330 324975 152704 72479 123978 ,500371 835926 836276 506770 404471 365330 324975 152704 123978 76132 
560888 11046 746391 563911 740662 426370 911346 793043 541954 544715 ,560888 746391 563911 740662 426370 793043 541954 544715 60264 918825 
773047 338987 8173 345226 340521 342759 689934 663782 103880 756321 ,773047 338987 8173 345226 342759 689934 663782 103880 756321 292592 
925156 941812 932843 948461 520365 109150 783196 550668 598187 930989 ,925156 941812 520365 109150 783196 550668 930989 382449 84978 338093 
182808 924066 685369 506822 491362 403870 662230 895229 518918 497610 ,685369 506822 491362 268316 181961 927940 622369 217753 958873 776753 
841086 439249 91937 390940 387013 705724 345779 391373 594020 71165 ,841086 439249 91937 390940 387013 705724 594020 71165 656009 185405 
22183 844165 2839 934022 452781 935307 987924 842260 227857 975785 ,22183 844165 2839 934022 452781 227857 975785 137851 597995 178030 
392921 394049 400899 666387 437972 561349 400955 397110 463746 664490 ,392921 394049 400899 666387 437972 561349 400955 397110 463746 664490 
237328 876830 529141 236807 703015 524704 424463 429542 658201 617941 ,876830 529141 236807 703015 524704 424463 658201 617941 347624 294403 
118531 119053 120229 120405 679663 344160 522828 680457 370057 679140 ,522828 416905 794313 522760 517390 871163 340115 410122 296835 66960 
493989 505938 498376 490554 492108 499888 505359 506852 499023 904442 ,493989 505938 498376 490554 492108 499888 505359 506852 499023 904442 
392421 392568 303978 303254 521527 245241 521518 790981 306918 293381 ,392421 392568 303978 303254 521527 245241 521518 790981 354502 245129 
933212 323089 262558 21565 47094 629314 660549 661949 937031 887603 ,323089 358416 46674 638574 242523 659817 279285 2426 91043 714384 
111691 835998 509783 263971 415351 503573 58096 682496 436202 356634 ,111691 263971 415351 503573 58096 682496 356634 158067 334201 596841 
873162 26998 795507 478113 207291 382247 935607 535790 788681 406659 ,873162 478113 207291 788681 406659 478014 478061 674391 871778 420175 
325165 365217 393284 123157 658533 719648 281574 467604 497123 105176 ,325165 365217 393284 123157 658533 719648 281574 407177 718534 432488 
13660 122277 313933 94066 488889 514196 550312 551683 269696 635558 ,122277 94066 550312 515 805557 603416 305841 712491 684417 427817 
549305 551416 600643 40353 798186 948196 959570 425185 692435 172922 ,600643 798186 948196 959570 692435 958902 683178 549825 193826 272642 
820953 572766 780506 500111 418313 571935 656345 227414 342986 971751 ,820953 572766 780506 500111 418313 571935 656345 227414 342986 971751 
414181 414358 616614 415982 979915 466877 466785 467948 781888 823946 ,414181 414358 616614 415982 466877 466785 781888 823946 469476 800318 
394973 395569 395042 390263 832431 204321 395888 914704 596735 44369 ,395042 395888 44369 914321 895467 542302 670877 542218 879989 883135 
718282 568912 983376 397941 398122 662039 660650 222255 401712 717671 ,568912 397941 398122 662039 660650 222255 401712 717671 968740 393391 
281123 141009 104803 367033 140848 315763 913142 325593 242501 751128 ,141009 104803 367033 315763 913142 325593 242501 751128 200974 104505 
118907 492159 239278 19405 651665 634970 302901 538331 678987 6384 ,118907 492159 239278 19405 651665 634970 302901 538331 678987 16081 
858568 269263 595826 563407 553543 413273 309865 76338 696004 490582 ,269263 595826 563407 413273 76338 490582 402212 979059 463812 456527 
557530 750308 515557 132757 306297 519869 68792 161562 695189 312128 ,557530 750308 695189 312128 133083 450856 162470 689243 160367 511527 
533447 107410 480590 484333 302961 401481 48850 523555 918438 482666 ,533447 107410 480590 484333 523555 918438 482666 386 333205 90932 
933412 366981 933758 482332 540633 560049 364446 91954 664021 628132 ,482332 560049 815702 903468 748628 90240 915623 18941 834486 484725 
129279 39051 714218 476610 207721 717984 417726 123062 38169 654321 ,129279 39051 717984 430337 569514 715432 763085 960376 477004 693214 
88046 524739 547384 547244 524778 514088 559919 286828 800009 547592 ,88046 524739 547384 547244 524778 559919 286828 800009 547592 338020 
934855 932930 989287 702989 703164 207031 652636 415841 470485 136250 ,934855 932930 702989 703164 207031 652636 415841 470485 136250 548453 
497310 490298 125090 489360 429398 153192 474723 460981 126236 148069 ,497310 490298 125090 489360 429398 153192 460981 126236 148069 39726 
903430 903490 694913 233832 669239 777082 827784 227503 325861 694434 ,903430 903490 694913 233832 827784 325861 562305 472401 324631 106059 
195670 500785 277841 399968 167450 714638 468538 264637 403785 159210 ,195670 500785 277841 399968 167450 714638 468538 403785 159210 150829 
233985 234768 338923 522868 23553 96295 47086 401928 610755 832055 ,233985 338923 522868 23553 47086 401928 610755 832055 796164 383441 
394564 394633 690946 453447 990114 194504 273320 191651 246490 867831 ,444256 583000 628804 468292 100329 266038 877151 905416 946969 919551 
15789 786730 88214 394587 327957 93302 972271 499483 340133 872339 ,15789 93302 520082 155816 599198 965667 747103 270240 208612 195673 
393712 565157 564620 264238 254410 396499 504701 392772 564524 488794 ,564620 564524 199853 620942 200441 397906 632265 286922 620602 738544 
723421 397297 401209 892762 98971 405078 321776 889945 214692 351134 ,723421 397297 401209 892762 405078 321776 214692 351134 46504 780124 
532721 680458 582562 307328 29892 679664 44149 276304 120406 524364 ,532721 680458 307328 44149 276304 120406 524364 70147 508226 931017 
540309 856561 814499 540386 789779 677369 53257 689745 53229 908204 ,53376 598743 88120 621113 641419 686934 217165 865514 46896 31660 
58005 594118 710270 539140 869181 925371 893358 794835 919149 710045 ,58005 594118 710270 539140 869181 925371 893358 919149 710045 919026 
605210 830177 604725 896442 852039 605099 605915 605579 710821 759147 ,605210 830177 604725 896442 852039 605099 605579 710821 759147 837735 
45203 529728 24382 730761 788179 160284 60223 306146 404778 695101 ,160284 953669 591708 351179 281786 542567 201977 532411 74699 317202 
94373 664115 708847 524809 262687 248694 470867 524784 708745 94491 ,94373 664115 708847 524809 262687 248694 470867 524784 708745 94491 
36720 604377 364402 88598 181701 483844 782162 883427 185812 950765 ,604377 364402 88598 181701 883427 185812 116377 883659 99502 807178 
943206 523287 355580 795616 556453 412364 315113 521335 696986 407095 ,312212 532088 697921 913268 157285 714343 640780 284077 409059 65436 
934480 931823 510696 795647 407567 795381 510783 634507 407973 481815 ,510696 481815 698800 868730 634533 399484 871336 3249 872549 705701 
479856 479577 224512 781360 224401 739121 955998 224305 744964 449369 ,739121 224305 60420 449278 541483 270986 890376 60051 704995 686731 
389878 390004 250774 251803 249995 919914 617862 977883 852391 69829 ,977883 68764 785797 617887 49397 542324 434098 206544 451459 623953 
866039 17183 933986 987381 987605 16923 69759 483629 79070 71907 ,866039 17183 933986 987381 16923 69759 79070 71907 316204 485601 
402031 597216 477973 537944 681211 398133 413206 476548 954298 55028 ,402031 597216 410544 211478 11227 562089 42486 381586 779522 746732 
913293 439278 437496 436086 912692 176696 859217 793068 712052 637051 ,913293 439278 436086 912692 859217 712052 637051 289350 440147 967895 
139277 919236 63126 990429 238050 61162 524861 68961 158135 658277 ,63126 990429 238050 524861 68961 158135 658277 301109 407178 355138 
953570 487655 883333 330347 256095 635281 488003 860743 302717 158649 ,487655 883333 330347 256095 635281 302717 158649 328702 502805 883312 
349065 823026 186068 931342 437474 487653 699817 432364 433115 372343 ,349065 823026 186068 931342 437474 432364 741220 853889 416052 668685 
782841 470281 82570 86955 352969 91946 140272 703022 104890 791016 ,470281 82570 86955 352969 140272 104890 791016 83020 68310 108200 
296270 714059 847922 414280 74493 40878 6778 566213 905839 295098 ,296270 714059 74493 6778 566213 905839 295098 54762 497742 298752 
495666 492657 464392 315862 314395 226947 68282 828976 999741 66883 ,495666 464392 315862 314395 68282 828976 999741 66883 798880 438964 
754930 419010 802125 479638 208081 409350 538079 766204 421506 387726 ,754930 419010 802125 479638 208081 409350 538079 766204 421506 387726 
731101 554396 300961 100153 579916 396450 574825 263324 697250 194588 ,731101 554396 300961 579916 396450 574825 263324 697250 273404 194588 
648096 649268 975765 995313 650617 774883 988129 616658 776074 547479 ,648096 649268 975765 995313 650617 774883 988129 616658 776074 547479 
6070 919617 138184 673324 8486 411888 118923 674756 673335 862760 ,6070 971540 468907 673584 861956 113423 886153 43190 758104 759976 
597058 776454 139477 201816 9597 625275 775652 881337 986119 196801 ,776454 625275 986119 196801 275617 64191 743955 656809 598256 595133 
552725 914136 535387 596126 905393 537312 888816 535062 967802 402427 ,914136 535387 596126 905393 888816 66067 605799 583060 606017 398314 
96777 466070 490727 450212 994156 635574 107685 150160 782515 845916 ,96777 635574 107685 782515 945502 904469 257797 162955 780048 772431 
513166 506870 86442 808078 614516 225533 866996 405479 402895 852689 ,506870 86442 808078 614516 225533 866996 405479 402895 852689 523559 
392077 852940 491279 533706 851076 733843 734199 749071 621645 1323 ,491279 704323 397110 376690 844314 515395 13048 842891 791989 598108 
903927 648504 971110 781266 904705 802628 648230 590552 123987 513618 ,648504 971110 781266 904705 802628 648230 590552 123987 513618 646023 
262353 262036 845919 499050 845896 68961 501100 337127 876299 108393 ,262036 845919 499050 68961 337127 876299 436135 769638 660644 406084 
60421 880107 880049 879738 866568 880022 278309 57081 224284 711031 ,711031 430378 858683 391278 12842 12812 885921 895271 914187 943274 
15135 15388 13415 12990 517639 426218 249235 283200 398777 680820 ,15135 15388 13415 12990 517639 249235 283200 398777 680820 425820 
864887 895600 591749 842646 224033 862269 728490 8030 590552 571798 ,864887 895600 591749 842646 224033 862269 590552 571798 172522 242956 
190455 479907 91206 706980 342469 421673 153028 408600 466433 812535 ,190455 479907 706980 342469 421673 153028 408600 466433 812535 861316 
488321 497858 79436 236283 83007 309613 790376 309543 390938 799415 ,488321 79436 236283 83007 309613 790376 309543 390938 799415 266330 
799450 610418 610497 58877 58835 516113 526563 587000 527278 610433 ,799450 610418 610497 58877 516113 526563 587000 527278 610433 664749 
577093 762074 823749 865410 565476 224462 483187 795317 574160 244804 ,577093 762074 565476 224462 244804 178812 933668 594466 595060 908244 
994338 754002 477949 308584 422361 500030 90654 341728 809917 754774 ,90654 404057 500416 903724 286720 697932 422213 422477 774135 41262 
601258 68538 384651 151199 151157 426618 68770 521858 55537 780145 ,601258 68538 384651 151199 151157 426618 68770 521858 55537 780145 
390781 659344 215923 195449 379189 324333 828725 327268 618519 242769 ,390781 659344 215923 195449 379189 828725 327268 618519 242769 760941 
843439 94987 895456 665684 899147 722182 849913 659341 60001 95720 ,843439 94987 895456 665684 722182 659341 60001 95720 661767 664663 
157260 427688 433106 599620 713381 228962 525231 427322 71651 380245 ,79647 321479 571748 406184 144973 292368 941358 998972 983011 599130 
182611 309024 65269 394787 812761 203633 267911 811970 851460 81481 ,309024 394787 851460 81481 531498 14714 695241 169152 527176 646485 
390491 318014 222774 437521 598059 798813 834828 508308 713182 13502 ,390491 13502 14010 622892 322491 724669 33255 32438 573210 397097 
254811 971608 505046 741074 504191 972483 738729 883118 13781 813352 ,762675 503397 69348 398398 228201 272292 685080 527253 157418 481119 
628547 629007 806006 863239 390996 627843 112013 390610 720928 156436 ,628547 629007 863239 627843 112013 390610 873937 912863 305924 518758 
300417 233328 230542 287382 688745 176679 813605 228492 967064 747137 ,300417 233328 230542 287382 688745 813605 228492 967064 747137 507037 
548355 86314 686581 791235 986932 564550 37514 21528 812051 564592 ,86314 791235 564550 37514 21528 564592 242395 71972 341682 491402 
914165 683636 378019 515487 549546 712958 411159 90803 548005 908364 ,914165 683636 378019 515487 549546 712958 411159 548005 908364 714313 
133277 883204 985442 316196 111734 983065 903942 929158 208391 489769 ,133277 883204 985442 111734 983065 903942 929158 208391 489769 395043 
673229 673481 673193 755395 26103 25923 423067 718923 442417 755451 ,673481 755395 26103 423067 755451 673127 656580 718398 103578 423014 
574419 526367 455903 573249 397648 161162 525674 841999 71583 160925 ,397648 701829 271602 59869 723981 305159 352350 569944 140453 381633 
140430 80041 544281 544236 723702 487025 962393 330428 452364 141999 ,140430 80041 544281 544236 962393 330428 452364 141999 212091 452087 
674172 676992 674592 676701 756903 677126 676109 676655 190655 673810 ,674172 676992 674592 676701 756903 677126 676109 676655 190655 673810 
309068 483643 15667 33669 528858 980717 686593 339596 353325 803989 ,526215 798847 738626 727648 255859 225331 187819 246702 60196 457999 
722699 191121 663984 621105 554555 29291 621828 29056 402204 28441 ,141036 902656 847372 634968 637274 625589 673048 374843 637653 779428 
144330 19176 407156 503611 214973 265908 597477 408830 344620 687770 ,407156 265908 205278 419552 514615 18428 907544 267450 691084 408806 
53707 89524 524698 426838 68365 466216 213215 186311 91972 350525 ,53707 426838 466216 91972 58702 524639 889879 68703 73272 68436 
915537 501782 441127 946809 516993 325008 987512 349253 240686 944458 ,333372 505793 457716 562975 528913 658482 205891 270169 528699 345238 
212733 428064 921152 921761 324645 949466 562672 582924 377173 999961 ,324645 582924 387636 903647 828288 926061 754561 286579 482352 466238 
546005 893241 659909 779428 100532 757734 619342 847898 847372 149836 ,546005 893241 659909 779428 100532 757734 619342 847898 847372 100750 
655081 652235 911865 445441 676468 4281 924145 45579 445219 445285 ,652235 911865 445441 676468 4281 45579 445219 445285 45231 676130 
41745 870930 4066 17327 109709 812340 97527 2497 231517 558127 ,41745 870930 4066 17327 109709 812340 97527 2497 558127 336466 
722594 919225 760144 777942 28740 9199 797467 374238 722159 796186 ,919225 777942 797467 374238 796186 548456 611515 797170 25655 995782 
212996 547363 901306 402993 782095 773676 989215 564112 666617 64433 ,212996 547363 901306 782095 564112 541735 403783 185164 521613 781854 
31629 306346 429855 305827 306205 188690 292100 98857 547485 401624 ,31629 306346 305827 306205 188690 292100 98857 401624 429870 547740 
267745 600636 866476 867166 197899 276715 226868 225877 879717 988195 ,600636 866476 197899 988195 375840 223551 879752 14960 706143 862083 
228086 301452 44678 867056 872382 106296 27495 450453 592617 165424 ,228086 301452 44678 867056 27495 450453 456786 486904 228317 85640 
532249 528878 530424 320826 261709 975195 51276 513180 337879 153498 ,532249 530424 320826 975195 51276 513180 337879 153498 808709 808421 
13107 911960 907046 912744 526361 947732 947377 989058 104494 946906 ,13107 526361 947732 947377 21201 14698 442310 12786 953758 954257 
866866 968296 970103 679484 999386 708187 475422 537586 907196 707499 ,866866 999386 907196 707499 100305 246998 970633 99738 875211 324568 
141978 77695 169659 107808 492489 510406 546425 3136 490751 206476 ,141978 169659 492489 546425 3136 270754 206476 510418 205450 695702 
960478 62373 906257 277371 135043 12448 379843 201829 266107 278402 ,960478 62373 277371 135043 12448 379843 201829 278402 877253 484080 
618373 773397 876552 793046 987682 986349 600059 580766 996667 44502 ,618373 773397 876552 793046 987682 986349 600059 580766 996667 44502 
335079 73957 160186 549031 162043 31680 59597 177934 62114 660094 ,59597 62114 660094 449957 689724 126357 89982 806600 737787 598615 
523354 341473 257139 833288 337866 355756 336644 356649 833319 337516 ,341473 833319 934423 336642 101758 390924 330960 321891 774377 336702 
430095 590182 931794 898102 111112 593831 430551 70912 102161 390463 ,430095 590182 931794 898102 111112 593831 430551 102161 126058 684792 
730607 78985 453663 138787 391366 329255 505046 735844 81529 767810 ,730607 453663 138787 505046 735844 767810 128338 888721 322843 472057 
430852 364030 364881 495956 780242 780250 104766 42714 494857 823547 ,430852 364030 364881 495956 780250 104766 42714 494857 823547 241458 
87854 574035 64710 785648 573807 20222 356727 535658 722225 89257 ,87854 785648 20222 89257 680446 188734 17808 111383 657567 195829 
956836 603291 870190 862151 870253 696683 871469 862112 712079 798470 ,956836 870253 862112 845189 863523 842087 711049 596007 845176 931639 
640369 422228 44599 850304 641698 186495 826621 410346 988026 129601 ,422228 347255 86646 218374 399455 486197 831492 751455 106983 303892 
695579 904238 159290 193324 272140 346854 396485 172659 725180 690273 ,904238 193324 172659 518932 840385 691631 458505 949308 277945 973865 
496449 134444 485302 356182 551300 354365 174889 804072 596782 748383 ,134444 485302 356182 354365 804072 596782 748383 112994 170736 533494 
842853 668102 671017 171814 867614 777161 985493 842226 668926 864418 ,842853 668102 671017 867614 777161 985493 842226 668926 864418 668842 
807245 683647 497243 585024 711364 214185 88053 763 91553 647837 ,807245 683647 497243 585024 711364 88053 763 91553 647837 456034 
257680 859408 58824 919382 194859 273675 920200 584854 958340 847222 ,859408 919382 824710 610221 191486 919130 923014 855420 563140 923449 
629225 629210 142412 238964 736962 592648 291378 870222 737930 44647 ,629225 629210 142412 238964 736962 592648 291378 870222 737930 44647 
999842 311004 749873 734187 493456 80343 54283 174287 743617 326126 ,999842 749873 493456 54283 174287 326126 928681 630431 565636 996095 
454699 454425 467087 151331 330310 222893 455970 352714 176939 913613 ,454699 454425 467087 151331 330310 222893 455970 352714 222541 467056 
109860 165766 214310 748672 167613 977349 504854 630421 20107 176186 ,109860 165766 748672 167613 630421 343267 135029 174757 522865 488277 
138063 415683 80997 710421 417096 407467 648579 408948 891435 417366 ,415683 366018 410236 964016 118021 728717 331914 573857 504032 133058 
878574 375112 916176 915778 758039 759064 955187 824436 744173 569533 ,759064 772922 774321 103347 876826 656407 444347 675748 47351 235078 
903108 903112 167776 46154 428435 41230 55272 701195 735659 409045 ,903108 903112 46154 409045 167711 627976 57557 441531 552291 421359 
980479 980523 975090 551867 301308 727276 364811 431901 76692 944673 ,727276 256704 946437 711571 63400 192710 838550 12949 826595 720947 
340750 742172 219102 742188 577495 88243 745556 924745 663238 412544 ,340750 742172 219102 742188 577495 88243 663238 412544 233094 531980 
569667 589980 762812 982100 360665 455764 172512 851835 98492 772112 ,589980 360665 851835 314266 569633 569817 851163 250177 915059 617079 
674470 673823 991461 675613 675191 773042 667220 190763 674641 672350 ,773042 667082 666939 539657 541532 759976 447034 541394 654226 825257 
859417 208866 915914 9759 859390 870144 863508 668717 773343 868876 ,9759 863508 911949 537018 801482 595078 103597 392236 452700 740120 
573297 656635 994592 638837 401804 401475 981121 449196 639639 639158 ,573297 656635 994592 638837 401804 401475 981121 449196 103518 443222 
675400 675453 689518 511064 361690 334839 22595 798518 23246 786569 ,675400 675453 689518 511064 361690 22595 798518 23246 786569 342473 
42635 697820 370616 807866 535053 51024 662445 194271 496842 467100 ,42635 697820 370616 807866 535053 51024 194271 496842 467100 473219 
941268 927317 186678 255951 941783 948124 76641 107711 600219 111014 ,941268 927317 186678 255951 941783 948124 600219 513596 96383 924858 
33001 30481 799394 30647 903059 547756 94439 174601 30152 525592 ,94439 525592 32566 799567 614912 129288 795463 784626 182138 831522 
439981 294668 439091 407819 452305 92471 60441 60631 773227 337284 ,294668 60441 434761 91826 285626 93525 57030 686244 922945 204786 
979569 984182 984947 631369 681634 395685 979159 352560 631898 53260 ,906261 339176 286189 739941 484954 867851 198799 657751 273226 194410 
833208 223485 77611 90970 980960 223579 594403 980166 562664 892224 ,833208 980960 223579 594403 980166 562664 892224 89551 57769 830909 
651169 310222 967500 349925 961269 81963 229006 78437 872850 556948 ,310222 967500 349925 961269 81963 78437 872850 556948 472803 92890 
900217 88002 336584 929813 967785 190648 446501 376009 77847 187531 ,900217 88002 336584 967785 190648 446501 376009 77847 524607 976161 
988652 509215 864010 380569 746815 870862 630731 677934 394983 691140 ,864010 746815 630731 873403 420832 853037 988310 606618 678325 93808 
515865 515614 386421 309119 722744 870747 414607 244368 149200 925339 ,515865 515614 386421 309119 722744 870747 414607 244368 149200 925339 
961862 178159 513933 827467 162098 576802 37875 899286 886419 604317 ,178159 513933 827467 162098 576802 37875 899286 886419 446548 857327 
676716 222410 953580 750845 898729 898460 203629 892638 474499 724746 ,676716 222410 953580 750845 892638 578632 378383 83516 957661 725243 
595563 674863 852537 842360 844491 879963 39836 749625 488140 13020 ,879963 39836 923571 184 879955 488221 932100 879304 685223 144607 
402876 202038 266316 255871 259385 10719 12999 110311 848507 403080 ,402876 202038 255871 259385 10719 12999 848507 403080 429853 145807 
712372 323412 245304 624772 8933 62138 298436 637641 31039 392776 ,298436 64821 124438 489051 385196 415708 300151 574911 593009 309005 
657363 674839 559921 646065 654645 657584 674420 565691 189301 421188 ,654645 189301 655150 994657 572800 559902 822210 792605 674665 186644 
977056 976790 776975 982263 787931 422703 716682 569306 444045 30379 ,977056 776975 982263 787931 422703 716682 444045 30379 785078 785530 
706660 682203 333195 232031 975803 93776 923627 198829 277645 50728 ,682203 975803 923627 277645 198829 50728 682314 549063 308275 277193 
840862 92224 173342 883648 528287 578315 259283 820302 865173 565772 ,47466 8845 399257 753502 752388 403139 213763 702927 715467 508382 
715533 844271 927925 118988 520761 946344 118771 337799 338316 182160 ,844271 927925 118988 118771 337799 435201 844635 690102 79657 748956 
675012 205826 270104 427094 772269 575118 422718 113865 575321 781420 ,675012 270104 205826 427094 772269 575118 422718 113865 575321 781420 
238355 833087 153098 510406 434180 934145 99236 510418 873092 821382 ,62718 809886 865317 802760 678529 11388 399899 201697 379538 75138 
84755 511439 489429 810894 55361 75793 353644 385068 51841 635970 ,84755 511439 489429 810894 55361 75793 353644 385068 51841 635970 
817028 586686 968686 587121 647750 788541 727222 650578 304650 234030 ,817028 586686 968686 647750 788541 727222 650578 304650 693477 355765 
995079 994843 676916 994880 996246 676649 615911 39929 100515 646457 ,995079 994843 676916 996246 676649 39929 100515 646457 893318 757915 
196147 274963 686671 731263 984112 473437 936583 2473 471922 468614 ,686671 731263 984112 2473 471922 468614 16854 749149 183837 83627 
192565 271381 501366 965376 451227 716541 994548 600477 815586 380990 ,716541 600477 380990 62264 428310 519483 143786 755606 82438 833699 
466196 546657 974833 475205 577661 680176 378813 304460 187868 1389 ,466196 546657 974833 475205 577661 680176 378813 304460 187868 1389 
671610 671567 671325 895828 889257 640864 895407 880928 44657 837842 ,671610 671567 671325 895828 889257 640864 895407 880928 44657 837842 
651665 355424 377424 378100 773150 910536 16767 891725 861171 10139 ,651665 355424 377424 378100 773150 16767 891725 10139 773610 158641 
94823 10903 863450 505907 433723 442334 569234 503418 862165 590745 ,10903 863450 433723 442334 569234 503418 88575 294072 93904 922056 
309414 660690 585890 661982 48741 372370 16505 108944 501564 364044 ,660690 501564 364044 482329 42149 371711 466873 827554 397830 522385 
855895 558322 557840 654646 68159 558169 854665 940821 644938 965937 ,558322 557840 654646 558169 854665 940821 644938 223456 998293 646392 
110263 77751 806857 893230 51668 341526 85743 319333 399216 764171 ,110263 806857 341526 85743 399216 764171 245296 437442 491363 569843 
108789 370862 849501 420992 844749 429454 109625 486671 664981 509911 ,108789 370862 849501 429454 109625 664981 698918 85070 667924 629522 
998933 227483 449213 998355 310884 709835 721651 744305 823210 997692 ,449213 201086 433571 845278 484497 79689 165222 178101 94512 3763 
981620 857493 791334 787822 824267 982894 997143 191389 858174 907077 ,997143 858174 912446 855041 191485 889413 756088 905414 807832 443312 
613785 936930 300338 824398 956348 296787 437899 943982 756568 337782 ,613785 824398 296787 756568 68701 322995 125778 737751 441655 266781 
395616 156092 40409 706827 580927 303526 697905 241911 173015 85638 ,156092 241911 85638 529354 90938 950767 587108 174390 75746 91498 
20875 20795 20778 577815 16541 26468 833529 242420 176472 174675 ,833529 242420 95222 113907 721861 610550 235630 742824 42572 426925 
987270 913104 92970 907558 508486 497212 987488 503024 3200 168967 ,987270 913104 92970 907558 508486 987488 503024 3200 287095 745142 
853800 313900 581425 698275 337798 331607 737396 101038 358458 166082 ,313900 337798 101038 358458 977232 794977 967803 459055 155891 592722 
558871 558775 558879 493418 936680 330736 493277 939472 66722 288709 ,936680 330736 493277 939472 66722 63842 89552 35508 404088 88693 
491382 882686 671992 669174 671313 440479 791960 882885 585241 584975 ,491382 882686 671992 669174 671313 791960 882885 585241 584975 52837 
754004 559846 554052 100641 640788 719024 559839 536535 929214 807561 ,929214 717382 536171 559019 953505 676411 676829 191204 39087 948080 
127184 639578 44786 573690 128634 168016 869208 802613 522852 12667 ,639578 44786 573690 128634 802613 12667 167241 467976 14542 525925 
895194 923780 606986 606949 895084 610060 923933 607040 804904 862445 ,895194 964229 672654 904460 609959 969612 758073 847065 714324 876826 
100336 101126 625938 554265 654883 624899 526545 742101 543830 565988 ,625938 624899 742101 543830 565988 454353 597796 457217 596980 394322 
124157 374641 272636 449827 952535 769669 272252 970194 390844 93211 ,374641 449827 970194 390844 93211 716593 170532 532968 710723 544711 
39369 43962 996654 37702 917613 44075 671611 886232 916860 444820 ,39369 43962 996654 37702 917613 44075 886232 916860 444820 49798 
687384 981392 519479 540692 73503 158461 141057 554990 927852 982266 ,687384 519479 158461 141057 554990 982266 554969 764004 767075 540667 
413061 565701 688553 762854 488735 146112 683508 833353 918454 74173 ,565701 146112 833353 918454 74173 666082 685678 391397 772226 762655 
842926 199977 90573 93194 908417 912763 961526 907460 597075 441281 ,908417 912763 885683 921400 200266 921210 594455 961249 224356 869114 
656247 656166 445681 788287 446149 446383 445909 642094 653850 447345 ,445788 667609 496863 447544 446194 445454 788000 446143 445191 5435 
518463 434961 529929 515509 968004 416351 864435 3674 236911 506976 ,434961 515509 416351 506976 804598 233463 9521 503785 9529 622799 
602111 847265 578654 695428 45550 349731 84211 105511 409960 679390 ,602111 847265 578654 695428 45550 349731 84211 105511 409960 679390 
774530 345488 774016 977848 316074 858876 846990 330480 858881 663816 ,774530 345488 774016 977848 316074 858876 846990 330480 858881 663816 
507475 359020 468964 445125 559626 445228 444396 310544 579442 445545 ,507475 468964 445125 559626 445228 310544 579442 445545 611874 611662 
634307 859937 395841 411170 325656 987909 33946 453328 455509 932806 ,634307 859937 395841 411170 325656 987909 33946 453328 932806 4445 
392634 983052 393860 30682 536115 153760 982509 932983 373177 651225 ,536115 982527 474615 624435 430093 536155 479024 258405 97123 859703 
771005 604283 938805 770807 604601 770496 938806 793602 593964 879302 ,771005 604283 938805 770807 604601 770496 938806 793602 593964 879302 
641603 759574 28075 993867 852500 558016 993936 837337 27960 996675 ,641603 759574 28075 993867 852500 558016 993936 837337 27960 996675 
524809 525376 363689 124464 481249 523515 21005 840790 495572 664931 ,524809 525376 363689 840790 20974 840572 663003 424486 60732 820127 
118476 748946 66293 317450 937876 816551 124864 982216 347041 392151 ,118476 317450 937876 816551 392151 749281 565572 857163 404686 467727 
960157 970484 443053 710302 754647 823952 751474 952625 900975 415693 ,960157 970484 443053 710302 823952 754647 751474 952625 900975 415693 
153533 428520 780190 602908 32204 717316 5666 366112 791202 965298 ,153533 780190 602908 32204 717316 5666 366112 791202 965298 720272 
281749 969102 502558 108234 920918 602914 919399 919812 311505 88111 ,281749 502558 108234 920918 602914 919399 311505 88111 431289 110056 
671721 556038 224039 554314 555056 486761 980730 258807 485513 36180 ,224039 554314 555056 36180 308806 260045 756674 962898 578681 600414 
754354 498692 278696 811265 366309 365719 295788 709026 353126 100523 ,498692 811265 366309 365719 709026 100523 749473 79467 106636 243640 
352100 835653 356149 380498 21385 310962 353797 32125 174978 382966 ,352100 835653 356149 21385 310962 353797 174978 282870 117644 793017 
558987 39275 477013 45598 5928 559099 856254 39246 476731 685489 ,45598 5928 559099 38212 467870 891824 39233 796142 8771 474451 
643345 642493 655888 655415 642124 642699 642808 423152 908126 446222 ,643345 642493 655888 642124 642699 642808 423152 908126 655902 642521 
751580 64326 712357 926645 875997 192621 271437 926559 406410 924762 ,751580 64326 712357 926645 875997 192621 271437 926559 406410 924762 
458068 452180 514557 876997 998385 248416 88033 658547 977660 710678 ,458068 452180 514557 876997 998385 248416 88033 658547 977660 710678 
644011 881422 643514 641993 568818 882176 644312 643911 891451 643071 ,644011 881422 643514 641993 568818 882176 644312 643911 891451 643071 
526292 59276 70755 88920 350423 800100 307801 905318 527584 822013 ,59276 70755 88920 350423 800100 307801 527584 760562 547420 828398 
652897 24236 73038 927473 707512 525661 500355 910104 966475 958322 ,652897 24236 73038 927473 525661 500355 966475 958322 158799 495466 
210376 199199 498218 967734 500300 967169 947718 97420 97608 659770 ,210376 199199 498218 500300 947718 97420 97608 659770 705338 660754 
291534 279724 659542 389723 514328 662617 517451 297789 192297 540814 ,291534 279724 659542 389723 514328 662617 517451 297789 192297 540814 
496875 93377 79524 79771 363521 628403 91628 628141 799382 95227 ,496875 79524 363521 628403 607057 261442 430167 261427 83849 364030 
144271 772255 825430 193896 627698 989678 542378 989729 399733 808955 ,772255 825430 193896 627698 542378 399733 808955 809135 253798 542332 
138279 139286 437630 12331 96131 182015 932962 70857 629893 139327 ,462153 548628 137453 308109 850245 436210 59242 769502 685241 699500 
91780 254152 254499 829404 368059 90974 246638 524933 305455 114564 ,91780 254152 254499 368059 90974 246638 114564 323035 168063 105289 
92860 83509 89463 810238 725617 93606 322330 89717 158798 375947 ,83509 89463 725617 322330 89717 158798 375947 519671 214993 83338 
995544 496875 332909 547001 29980 685281 90518 994017 94622 662651 ,662651 662766 459495 677794 82596 265568 82812 104789 815370 520033 
503403 104990 674336 791088 293665 786492 591531 336828 337720 30298 ,674336 664588 336871 288008 674481 579726 659171 122125 305294 292211 
656183 48798 655726 41035 655564 696286 195954 196106 274922 501684 ,656183 655726 41035 655564 696286 195954 196106 274922 147035 41054 
968826 168760 704246 844032 171736 669708 881048 14053 16023 455955 ,168760 844032 669708 881048 14053 16023 455955 600554 671842 18246 
821244 820969 130738 100859 11182 680586 242725 432924 238632 969955 ,130738 791405 895516 940712 424734 940664 457896 952650 815148 480955 
666900 666918 825272 893049 604579 423219 642283 893040 642977 825357 ,986325 893190 771060 643332 825539 446048 906899 639964 427134 446226 
667000 653740 970498 717084 961629 216407 616203 666923 568046 703807 ,667000 653740 970498 717084 961629 616203 703807 536216 131287 101759 
674543 828057 429615 838361 960333 777571 886895 899946 778075 443180 ,429615 838361 899946 910023 667171 892167 651671 814372 765210 190841 
925216 35078 314195 33018 398953 468477 468076 87589 403344 222922 ,314195 33018 398953 468477 468076 87589 403344 140054 195583 274399 
667329 667344 445125 993792 464614 991550 857028 446757 771895 999680 ,667344 445125 443591 907097 411636 323281 770791 450686 339752 513872 
717921 715356 657025 994083 429143 449616 657355 539635 100215 820628 ,715356 47203 657541 657795 736499 817107 6910 742690 660338 539564 
43636 993620 823616 681581 37813 543203 546656 37825 571921 442688 ,640096 673154 546658 711243 692425 810691 615732 207206 685726 673368 
667597 667552 667659 451557 452086 513000 755968 189957 190288 766902 ,667597 667552 667659 451557 452086 513000 755968 189957 190288 667533 
837918 211140 880101 833650 837405 836309 340760 649452 366089 841450 ,837918 211140 837405 836309 649452 841450 995157 366705 819218 401151 
24336 325757 24781 442712 536668 44247 575936 113865 769799 281090 ,24336 325757 113865 749233 649955 544717 297618 384453 498426 976116 
320665 482306 297299 315330 3685 158955 344086 820846 777261 159313 ,320665 482306 315330 158955 344086 10077 751694 835361 765401 777352 
630183 628313 789849 386282 786644 770712 617363 855059 773798 209835 ,630183 628313 789849 386282 786644 770712 617363 855059 773798 209835 
956215 943905 860693 588961 692201 550499 776065 974197 338441 834504 ,588961 338441 611282 605242 352090 561284 833321 547939 339220 926600 
893087 564025 253563 919042 893261 883108 933819 903896 919219 871246 ,253563 919042 903896 919219 893101 121740 899014 905487 870099 832431 
386878 325585 387658 169369 682080 879946 565834 721968 682071 430222 ,325585 387658 682080 143387 277708 529979 844451 277278 246153 948593 
709157 808251 441089 903827 483725 660138 944028 904127 54456 243837 ,709157 808251 441089 903827 483725 660138 944028 904127 54456 243837 
38622 820581 167906 379907 751455 837974 37591 383254 782026 934185 ,820581 167906 379907 751455 837974 37591 383254 782026 934185 795592 
435866 660740 563860 978950 838183 113853 933072 882953 873302 238124 ,435866 838183 873302 979296 224725 540909 224086 484678 163226 808795 
947987 10332 701148 587864 125972 753923 786202 61857 407172 702317 ,701148 125972 753923 786202 61857 407172 702317 66884 144153 124970 
465585 435038 664 574410 292846 560923 560592 9988 918732 227654 ,435038 664 292846 560923 560592 9988 918732 227654 550031 811953 
461276 606035 10777 892485 460260 40103 329531 557940 592061 607963 ,461276 606035 10777 460260 40103 329531 557940 592061 607963 906516 
661588 660743 664752 666353 741017 335061 226600 921287 738865 781881 ,661588 660743 664752 666353 741017 335061 226600 921287 738865 781881 
396377 395412 407662 142118 863321 842454 15830 34510 186076 396782 ,396377 863321 34510 396782 797150 722163 391331 851480 432270 708532 
853185 769092 963658 768933 904805 997306 206524 270802 598319 223487 ,853185 769092 997306 223487 60813 763116 60364 227621 14877 430606 
749157 749889 553593 988002 740504 692154 801741 553867 665821 691552 ,749157 749889 988002 801741 553867 665821 738455 595507 738851 594473 
989873 274189 17566 989742 973038 473693 658790 844992 151439 853638 ,989873 274189 989742 473693 658790 844992 853638 8569 776460 259484 
393239 773553 701925 240977 843921 553299 868938 103243 584869 299383 ,393239 773553 701925 240977 843921 553299 868938 103243 584869 916184 
918805 108930 195647 274463 562282 422579 883012 125837 376343 127713 ,918805 108930 195647 274463 562282 422579 125837 376343 127713 857301 
466654 118164 351254 684523 121372 312922 521539 983231 322404 728527 ,466654 118164 351254 684523 322404 181257 960726 181775 280856 230484 
246279 489026 539244 161179 917026 917308 174508 488877 196562 275378 ,161179 917026 724188 13657 488711 490845 863094 804897 193303 272119 
374360 375756 38486 191362 448151 424420 39199 43501 558900 7934 ,38486 191362 448151 424420 39199 558900 7934 424612 38204 349008 
630236 162368 912821 954272 450436 633774 408262 501560 681176 986535 ,630236 162368 912821 954272 450436 633774 408262 681176 986535 473003 
630698 631094 129319 867664 790940 791105 791023 915566 515346 703170 ,376575 44341 44217 872590 16650 45519 224233 480184 791454 98096 
317871 109040 790068 285589 126826 426060 135234 109386 677583 728484 ,109040 790068 126826 426060 135234 109386 728484 633996 674647 675125 
694663 861758 176336 691864 965552 311615 871077 870029 707460 632461 ,694663 861758 176336 691864 965552 311615 871077 707460 632461 73940 
755882 758089 117635 453730 31754 392482 248621 135863 31973 95834 ,755882 117635 31754 392482 31973 95834 116395 30493 377655 184641 
312302 659747 134717 255105 626372 316074 246918 855450 610234 781222 ,312302 659747 134717 626372 316074 246918 855450 610234 171360 663974 
85073 958112 321991 788741 84566 154373 293009 83975 293673 719330 ,85073 321991 84566 293009 83975 293673 719330 336677 119 687005 
98084 175136 548647 727987 682273 358217 514421 314216 525674 489564 ,98084 175136 548647 727987 682273 314216 489564 630018 832804 504338 
299132 697157 280573 439741 9955 592913 438850 97370 696918 195852 ,280573 439741 280692 950480 297365 668461 95923 222870 392351 200262 
290183 582716 181381 954825 753305 172405 739185 888503 505777 834489 ,888503 433178 185108 508258 129077 621051 723481 526117 339091 634541 
806445 909429 527373 238503 8987 705962 682422 10947 354526 555729 ,238503 423086 496763 746328 477607 870954 307023 505220 497886 909956 
241089 237739 799079 321740 179351 866635 535326 590783 179646 384270 ,179351 179646 384270 511609 459522 227438 796945 458803 702872 968375 
666838 666791 604315 447719 768185 447968 447998 446569 768161 539661 ,190830 667023 54953 446813 672725 51045 666939 447793 443331 654226 
353210 892861 781199 315815 517274 336721 457767 300557 457133 340182 ,353210 892861 781199 315815 336721 300557 336943 292941 294174 141067 
633907 18402 844051 633732 122666 547916 9861 869514 589291 931739 ,633907 844051 633732 122666 547916 589291 931739 219885 16979 210064 
41161 912957 912794 210179 217825 944130 920231 15707 606105 920504 ,13595 610625 218693 771584 918908 617171 241916 436381 17307 717898 
548101 549422 645995 332611 431304 319383 692029 997777 359814 170924 ,319383 432067 9298 822657 879367 722338 526314 289396 809029 930563 
428696 428849 418198 912120 845381 103273 904862 330519 559546 425199 ,428849 418198 912120 103273 904862 330519 559546 425199 282765 706752 
45641 156848 314328 189734 189623 428399 57214 238411 53983 456653 ,45641 156848 314328 189734 189623 57214 238411 53983 456653 613269 
143314 62293 635658 226427 58884 848048 229330 58757 522543 224407 ,62293 635658 848048 229330 58757 625206 58845 16193 664299 163313 
658172 152807 379724 570198 392011 514366 379508 730314 483936 391910 ,379724 379508 484852 82733 600855 130281 349402 90127 571165 291907 
345410 915364 347687 244135 320220 632316 856033 546849 778343 819085 ,347687 244135 632316 759782 915845 855985 216590 248284 831456 198847 
483779 990968 991392 60870 191378 880367 437934 973560 997275 991534 ,668271 507418 993249 101561 795163 989004 681907 99786 870662 782363 
372776 741273 743293 424656 741362 306733 162238 803787 913110 21734 ,395982 867301 822429 311969 636158 12331 22982 494180 823017 743322 
968059 639098 639250 99345 570255 392438 473899 485535 760409 42225 ,968059 639098 99345 473899 485535 760409 45760 448407 448381 747593 
496818 833513 527062 682394 364605 31919 854589 525014 723085 336683 ,496818 833513 682394 364605 31919 525014 723085 336683 516609 448494 
33458 419879 177388 32873 33079 32566 839813 111170 433523 481006 ,33458 419879 177388 33079 32566 839813 433523 481006 507733 24951 
461851 463092 132162 301764 132298 603339 897112 133797 573399 539967 ,461851 463092 603339 651371 462082 209105 924346 978220 570857 187080 
633295 633289 733006 848885 633586 283159 733139 584225 733048 742453 ,633295 633289 733006 633586 733139 584225 742453 848800 461621 742283 
566055 391399 843555 829441 842086 100620 802110 642623 17134 60551 ,566055 842086 100620 802110 642623 17134 60551 683018 211749 929438 
905944 71562 312964 309527 502591 699417 395804 766674 630308 279810 ,71562 312964 309527 502591 395804 279810 340587 682196 523487 364194 
981064 303730 981078 986869 674424 849111 849317 764675 859453 674216 ,981064 981078 986869 674424 849111 849317 764675 859453 674216 941061 
768563 520958 50824 908393 768428 294587 39102 577516 42337 881627 ,768563 520958 50824 908393 768428 294587 39102 577516 42337 881627 
652734 866220 556888 910616 904340 954560 955131 590420 76056 313822 ,652734 955131 76056 313822 914983 241954 43816 100592 362715 291166 
197590 276406 894090 894024 807478 829834 50192 57240 76453 546791 ,197590 276406 894090 894024 807478 829834 50192 57240 76453 546791 
397852 403187 218642 403191 402620 91105 475588 774608 401165 401273 ,397852 403187 402620 468032 633372 419419 414329 799505 809667 479214 
698883 978662 893641 17085 128386 779255 753492 77859 396135 630167 ,698883 893641 128386 779255 753492 396135 241050 965781 396635 243791 
363456 337581 505220 280016 247011 292022 292381 279918 60928 502440 ,505220 278716 278714 646912 960658 143411 784883 503425 363728 913212 
377175 69986 822694 69056 226458 377174 22082 518234 879945 944736 ,377175 822694 69056 226458 377174 22082 518234 879945 944736 680418 
278665 662685 536212 321519 233207 51302 566393 68348 515472 351196 ,278665 662685 233207 94341 662634 321583 278708 43907 154572 68829 
969284 9948 846700 597289 92672 960675 781541 9644 212822 903268 ,9948 597289 92672 960675 781541 212822 903268 989678 315105 545137 
633098 584403 584227 448821 317812 449112 426877 379978 154265 248223 ,633098 584403 584227 448821 317812 449112 426877 379978 154265 806737 
124313 448721 802531 171231 241119 296220 220719 332380 801304 299903 ,296220 831225 622307 984371 889495 837102 562478 296892 798471 248541 
512533 1519 1703 460996 935261 460687 719040 88210 87186 997827 ,512533 1519 460996 935261 460687 719040 88210 714660 634348 718612 
682089 491967 124854 352919 368052 469452 907178 351593 246636 237736 ,682089 491967 368052 469452 246636 237736 470826 246786 722844 113029 
424307 527547 437288 195277 478196 708542 891788 212364 56158 478337 ,527547 437288 195277 478196 708542 891788 56158 478337 146625 54717 
373848 404798 838595 675774 348825 117360 102025 541398 812546 652192 ,348825 839900 654615 375112 819280 973735 828142 808946 773966 987881 
566963 655412 142900 313795 137666 375776 254452 162725 262011 708793 ,566963 313795 254452 585660 826432 263129 51998 261213 899487 618092 
746492 961533 771328 746813 25598 95813 491865 9841 814181 519493 ,746813 25598 519493 980968 892813 94957 467447 421660 661426 86066 
836749 214973 177281 176224 419539 419398 31216 501801 217548 394865 ,214973 177281 176224 419539 419398 31216 501801 217548 394865 500472 
363954 493470 364389 448405 448391 426543 292146 279194 509580 501576 ,363954 493470 364389 448405 448391 426543 292146 279194 501576 426490 
563183 749895 416877 750096 889277 353287 749502 282724 989334 138194 ,563183 749895 416877 750096 989334 592879 138808 702975 110352 65313 
81472 525392 752759 408619 522914 937424 778492 391474 981347 752677 ,81472 525392 752759 408619 522914 937424 778492 391474 752677 731408 
97420 97608 635751 118917 396415 515884 605697 502763 80317 503103 ,97608 635751 118917 396415 515884 605697 502763 80317 503103 515479 
826052 849353 890848 445623 443740 641498 544527 855255 102810 891678 ,826052 849353 890848 445623 443740 641498 544527 102810 891678 643147 
97726 396692 253903 215346 798343 305663 731535 658817 139503 15632 ,97726 215346 798343 305663 731535 658817 139503 425268 706657 124751 
563867 67637 66990 77738 399400 520106 510476 551594 188156 799400 ,399400 520106 510476 799505 402620 127380 520610 753762 36205 397852 
579349 78062 280918 709545 812716 345039 904904 616584 707112 35414 ,579349 78062 280918 709545 345039 616584 707112 35414 280340 374438 
389819 468638 322130 806222 389805 470013 468279 502153 591170 806141 ,389819 468638 806222 389805 470013 468279 502153 591170 188447 421657 
528498 441131 529374 86184 548121 528497 350756 517668 306351 281978 ,441131 86184 548121 528497 350756 517668 306351 281978 850525 89386 
877366 50128 881074 920665 971884 557361 503388 390434 676221 788317 ,920665 971884 557361 971698 645883 675009 31433 379861 837586 632533 
4556 54567 814350 888480 698896 476936 410807 953023 714860 795172 ,615192 477273 953040 171003 468762 4690 279282 516543 987365 682559 
74173 69945 553261 129447 803875 554345 984690 565883 180687 454188 ,74173 69945 553261 129447 554345 984690 565883 180687 454188 241381 
197613 331162 191332 966818 364131 789643 841757 663612 663130 198170 ,197613 331162 364131 789643 841757 663612 663130 276986 461522 120324 
209984 410147 198331 277147 669313 835018 491899 882369 960904 391431 ,209984 835018 491899 882369 275426 196610 848344 735417 13210 97627 
456809 381763 463256 629033 696040 413019 874085 488590 194118 272934 ,381763 463256 629033 413019 488590 194118 272934 345320 519549 265446 
510536 934485 551246 603528 668669 968757 958927 703334 573759 422045 ,934485 551246 703334 573759 422045 196778 275594 95040 629893 529240 
853283 853564 259987 129223 579950 66869 298010 668657 327749 916923 ,853283 579950 66869 298010 668657 327749 916923 402966 255515 324306 
531713 225791 388826 226622 199504 253804 984581 593244 252156 211979 ,226622 164846 732579 260007 174515 243547 828879 301088 177105 965122 
234606 30886 235015 833018 322503 751704 737741 652996 877430 430174 ,235015 737741 430174 579536 678921 323946 991437 886111 401584 473614 
797838 798638 155262 313599 577488 316055 578111 589632 75413 803922 ,797838 798638 155262 313599 577488 316055 578111 589632 75413 803922 
571003 658996 336848 191434 87171 843574 570376 111889 518833 852781 ,571003 658996 191434 87171 843574 111889 518833 852781 689819 695180 
896466 683707 590712 896297 709795 897065 930316 145644 99499 709494 ,896466 683707 590712 896297 709795 897065 145644 99499 709494 709523 
682823 842334 665256 635122 896505 235555 722225 234598 632682 488612 ,722225 777581 210640 166105 966635 196498 275314 862581 966953 549342 
497904 823060 473381 738731 433389 823437 200990 265268 177770 107337 ,473381 433389 823437 200990 265268 547117 106531 61878 291922 137337 
40166 43398 218750 43025 43114 40215 437911 42931 910480 442988 ,40166 43025 43114 437911 42931 910480 442988 43565 572689 657948 
896080 944510 394962 461013 612135 121267 841799 943337 34764 335458 ,896080 461013 612135 841799 943337 173248 250279 661125 749053 765251 
38179 471997 5197 362228 201080 199129 277945 244009 244259 538913 ,362228 201080 244009 244259 538913 226826 226395 360735 748811 65851 
395830 377399 485681 554412 162704 680055 143690 124123 400988 486198 ,485681 554412 162704 680055 143690 124123 400988 486198 551595 554345 
610409 795194 612577 795098 195266 514990 533680 744167 189672 381268 ,610409 795194 612577 795098 514990 189672 381268 362377 603404 725690 
502443 502405 497319 496890 573974 499203 496837 278827 502542 337906 ,502443 502405 497319 573974 499203 278827 502542 337906 500298 31851 
363723 465225 352412 855559 942424 941835 663388 370443 658840 792943 ,363723 352412 855559 942424 941835 663388 370443 658840 635592 369264 
234433 235508 696223 234280 71501 22667 321966 322414 308379 323863 ,234433 235508 696223 71501 321966 322414 308379 323863 910966 516548 
764052 584659 890242 585194 765412 28236 851340 531517 584618 259130 ,584659 890242 585194 765412 28236 851340 259130 670535 585537 532454 
785402 987262 31118 161916 41190 430174 840568 840287 731878 134357 ,785402 987262 31118 161916 41190 430174 840568 840287 731878 134357 
689250 566104 207140 194158 954917 565793 668539 934520 36094 538923 ,566104 272453 44342 60420 967246 351848 69071 736551 971113 223719 
638590 243041 850294 274623 73646 777482 342884 211725 99689 74491 ,638590 243041 274623 73646 777482 211725 99689 74491 932890 499381 
16995 16576 929179 576496 419329 929907 393175 517326 504571 470030 ,16995 16576 929179 576496 419329 393175 517326 504571 259489 923727 
724568 488447 724574 123975 724642 772002 430646 810058 469619 169045 ,724568 488447 724574 123975 724642 810058 724593 430664 724590 67326 
609917 13712 521876 638041 761474 15506 537628 516403 538350 404628 ,609917 13712 638041 761474 537628 516403 404628 818651 52509 307683 
93285 546442 372224 809508 336706 973019 87252 93905 336630 236398 ,372224 87252 336630 236398 264714 321553 30203 525357 200563 631077 
690225 256064 135792 882009 916136 867896 593315 323575 881401 786696 ,690225 256064 135792 882009 916136 867896 323575 881401 515050 929444 
954144 954340 963297 99360 4725 29942 123867 609916 971871 469158 ,954144 963297 99360 29942 123867 609916 469158 889944 932799 615082 
226068 133298 586043 708567 565704 831596 381868 245102 623321 917652 ,133298 586043 708567 381868 917652 949512 969002 913015 344080 11248 
580196 559419 645030 644891 559284 644087 559051 667493 217881 667568 ,559419 644087 217881 559110 559290 423930 666498 559426 356806 43058 
831086 435417 132634 594900 391532 197926 276742 594553 947135 710260 ,831086 594900 391532 276742 594553 947135 710260 181199 95873 160107 
634007 652861 195933 274749 970807 652887 958435 892180 682875 651641 ,634007 652861 274749 970807 958435 892180 682875 702836 572743 269010 
462466 461445 719675 305605 306265 863066 305631 214612 282178 809546 ,214612 282178 215078 143895 393876 260646 463330 295681 791422 904707 
842126 191895 986528 986728 986406 986764 880177 191821 758476 985895 ,842126 191895 986528 986728 986406 986764 880177 191821 758476 985895 
533517 84462 567832 567866 916162 497308 601501 601463 607004 261847 ,533517 567832 567866 916162 497308 601501 601463 607004 261847 430827 
343908 315228 345254 917162 346484 944832 473295 944320 923098 731642 ,343908 315228 345254 917162 346484 944832 473295 944320 923098 201755 
50015 538358 864332 93590 46389 808908 538413 137151 733942 56765 ,714343 295772 579704 372687 772525 58364 797711 899389 493518 950269 
941265 947599 174745 706089 217573 552196 299435 822472 298654 878872 ,941265 706089 552196 298654 878872 877996 515431 217075 540918 552213 
623878 206567 270845 762011 22888 112331 575929 105688 153869 547872 ,623878 270845 762011 22888 575929 105688 153869 547872 547600 965598 
419423 202304 850343 822297 572886 201253 265531 698239 455349 153948 ,419423 202304 850343 822297 201253 698239 455349 153948 426490 575343 
419492 419599 419433 422257 422062 915946 713604 177832 177013 883621 ,422257 422062 915946 713604 177832 883621 319208 261456 813531 361457 
329487 27893 804588 665138 877158 737582 72418 346025 242812 777491 ,329487 27893 804588 665138 877158 737582 72418 346025 242812 777491 
97613 831363 341609 868869 293857 843030 152049 466616 610472 548867 ,97613 831363 341609 868869 293857 152049 548867 232849 548356 713568 
567074 758290 759746 140524 568602 758701 675171 567321 604238 568738 ,568352 759004 995880 567258 190804 777774 833151 758790 604198 674884 
596907 595902 513015 594027 679749 392121 264198 174821 264099 694677 ,679749 392121 264198 419354 393466 481408 490740 392298 515809 732010 
831311 985067 103405 831073 996886 373809 103484 360751 101770 984515 ,103405 373809 103484 211140 837918 99476 986354 810705 551164 449364 
758032 758290 567308 759004 970752 568520 568012 568458 758701 759599 ,759004 995880 568352 758911 758790 833151 567258 190804 26552 604198 
114709 109433 577607 840222 576925 359317 114867 163195 912135 664892 ,114709 109433 577607 840222 576925 359317 912135 664892 479246 175450 
481445 9646 641426 289970 586866 883142 214859 40571 585755 349076 ,481445 9646 289970 40571 864601 996969 383167 564237 602011 912138 
300484 460488 172685 470035 495727 66122 460147 330600 193110 271926 ,300484 460488 470035 495727 66122 460147 330600 494897 964587 32125 
634573 632299 634744 530898 694037 380931 467457 635057 632155 548780 ,634573 632299 634744 632155 514206 634662 99813 594008 519371 810982 
199637 548895 932218 248932 932013 394278 670409 430714 597253 684587 ,430714 597253 668181 917699 248046 207681 684582 736551 45683 158093 
886446 653125 833217 890421 827077 894063 331023 748902 764933 374202 ,886446 653125 833217 827077 748902 764933 374202 774219 374196 673375 
425245 975315 424614 387079 63759 976109 386388 811579 540912 424649 ,425245 975315 424614 387079 976109 386388 540912 424649 346717 975026 
240605 456637 217040 485201 991911 595089 484961 851705 177795 875192 ,240605 456637 595089 177795 875192 240074 10543 886643 155868 14299 
74553 52327 53635 921066 921521 895336 910560 44658 895829 796253 ,200418 921170 755064 895408 913853 401470 985761 278180 226653 823884 
971699 963519 94619 85919 945092 396858 708936 350726 85192 813711 ,94619 85919 945092 396858 708936 350726 85192 547133 673935 818253 
175597 63485 336802 806145 62540 510462 160630 510703 691154 158172 ,175597 63485 62540 510462 160630 510703 158172 753923 510346 431801 
677725 677599 676023 677391 161100 676797 934354 677740 453977 701159 ,677725 677391 676797 934354 677740 701159 453046 685308 453964 908773 
322035 953637 754398 753759 516507 685196 446109 23792 339064 101021 ,322035 953637 754398 753759 516507 685196 446109 339064 101021 23608 
574145 574031 862134 862073 871346 869866 567300 567159 862549 554420 ,574031 862134 862073 871346 869866 567300 567159 862549 863680 572456 
425641 535344 234773 967477 898852 512332 535464 572744 833896 690915 ,425641 535344 234773 898852 512332 535464 833896 351272 522941 781474 
424879 446388 907119 423362 657341 995200 655698 423582 641905 824952 ,424879 446388 423362 655698 824952 643814 446262 654463 643077 447346 
579277 899345 294102 877655 968580 230212 564633 950747 957394 12761 ,579277 899345 294102 877655 968580 230212 957394 12761 256927 14769 
988732 978594 884344 210418 992263 588430 665953 666124 726471 210328 ,978594 884344 210418 992263 588430 665953 666124 329776 686696 285868 
677890 885687 905272 885678 708741 166312 931417 101155 879323 546770 ,885687 905272 885678 931417 101155 879323 546770 870334 843792 251820 
211157 25814 732364 732440 567843 63486 450942 505024 23613 732373 ,25814 732364 732440 63486 450942 505024 732373 422407 23605 80026 
563594 255301 566018 351819 600854 254951 535557 328342 888756 487536 ,541292 21565 601031 84500 906744 930253 453026 913098 681030 599461 
277726 60742 257606 561117 484250 455442 527177 527826 205213 269491 ,257606 561117 484250 455442 527177 269491 205213 303023 14165 204582 
988059 988133 217149 930578 222920 930995 574915 304834 573581 787752 ,988059 988133 217149 930578 222920 930995 574915 304834 573581 787752 
278971 808770 292171 600721 278905 177952 279491 817041 520371 263731 ,278971 808770 292171 600721 278905 177952 279491 520371 263731 452670 
637703 999181 520212 641077 641508 641249 897639 820709 641309 641534 ,637703 999181 520212 641077 641508 641249 897639 820709 641309 641534 
108552 62591 578611 360682 193340 272156 31152 11171 723556 95899 ,62591 578611 193340 31152 11171 147955 297808 340146 128790 467529 
289482 287775 638753 417356 514634 715293 988575 517577 523918 218904 ,289482 287775 638753 417356 514634 517577 218904 109761 364690 126950 
856613 779214 553450 553070 552581 553416 76702 553390 553468 869627 ,856613 779214 552581 553416 76702 869627 447150 552936 870913 724918 
118337 803244 255977 351155 284842 261919 93551 94229 776639 966566 ,118337 803244 255977 351155 261919 776639 966566 305998 476844 505141 
5023 5500 5177 6187 978240 137232 284610 160369 173565 132200 ,5023 137232 160369 173565 368979 980683 222799 135445 742168 705929 
566206 566218 112484 566220 658168 363440 323985 898723 352033 104905 ,566206 566218 566220 658168 898723 891093 699094 140385 151822 280668 
562206 876590 635630 97535 945687 724285 596911 199074 277890 952045 ,945687 596911 277890 199074 952045 695681 173539 698332 513895 62748 
518777 518938 854178 855082 512013 511893 614417 519111 363585 85597 ,518777 518938 854178 855082 512013 511893 614417 519111 85597 417205 
257243 181198 402034 399725 403172 946066 915334 457402 968415 258430 ,257243 181198 399725 946066 915334 457402 968415 895531 196511 182954 
426860 850286 423976 698219 345182 747868 448428 19480 69384 15501 ,850286 423976 698219 448428 833725 152623 4577 405599 168453 770710 
879215 996798 858191 766364 571436 191702 857527 856359 857848 767665 ,879215 996798 858191 766364 571436 191702 857527 856359 857848 767665 
79006 77117 468338 467900 634924 551777 632749 832449 178110 859692 ,309483 713544 122642 83474 222927 199465 223998 474678 280018 122151 
22160 482677 433190 703531 97037 36498 484996 96205 298295 931782 ,22160 433190 703531 484996 96205 931782 96358 822436 514099 416689 
601554 193541 272357 892189 791343 52350 754407 984690 259849 67518 ,272357 193541 892189 791343 52350 754407 984690 259849 67518 571407 
911219 413012 600102 568727 740393 255977 336975 413351 699482 916050 ,911219 413012 600102 568727 740393 255977 336975 916050 193580 788424 
498978 953054 845623 603016 124266 718135 470477 602144 577301 123067 ,498978 953054 845623 603016 124266 718135 470477 602144 577301 500110 
733342 935627 881787 154375 569084 339995 352259 301055 152030 788240 ,733342 935627 154375 569084 339995 352259 301055 152030 42775 680363 
319761 296290 670078 250495 333322 403329 255091 543111 763024 484229 ,319761 296290 670078 250495 403329 255091 543111 763024 484229 542835 
852722 350829 84123 339817 297310 84173 736387 979106 30112 436827 ,84123 339817 297310 84173 736387 30112 436827 283100 524097 694694 
541794 541814 544521 207634 549552 896836 667757 669871 619055 983433 ,484044 879698 879703 670899 51639 961367 207744 441474 983931 896849 
680198 473915 476110 393821 682907 682921 706444 432924 960154 42223 ,680198 476110 393821 682907 682921 706444 432924 960154 42223 628072 
680248 680807 386259 288101 399974 480387 929615 84504 151163 769975 ,680248 288101 399974 480387 929615 769975 752222 129458 932396 273979 
42305 708750 207085 123985 444859 959962 833105 42902 886001 124171 ,42305 708750 207085 123985 444859 959962 833105 42902 886001 124171 
781394 705659 216923 863316 910759 863489 202637 266915 947287 941055 ,863489 947287 804387 825169 343738 845259 669077 268772 374823 668218 
738937 88883 263872 342669 742041 663465 89423 969192 623892 223954 ,89423 969192 451816 522773 969218 691274 380021 261935 151503 175609 
681169 630660 183297 873005 606257 2878 973421 169629 356608 169552 ,681169 183297 873005 973421 169629 356608 359554 141820 695595 456220 
353286 894981 966901 526503 894977 932655 353727 20370 395075 753986 ,526503 894977 932655 20370 753986 492751 361440 743290 513351 14148 
46373 45771 573429 132289 132139 422720 573185 48484 910845 211103 ,46373 45771 573429 132289 132139 422720 573185 910845 211103 784780 
550168 958051 397438 397206 613665 162312 613307 838473 146855 164011 ,550168 958051 397438 397206 613665 613307 838473 164011 753083 794860 
81333 656436 595288 595209 831597 773987 609951 115611 979107 905318 ,81333 609951 115611 722914 69917 964815 5946 80402 557767 29543 
235643 601362 502218 698905 601798 231434 478684 806497 389905 501518 ,601798 478684 806497 501518 303452 85925 175135 358435 68737 105140 
961268 572632 990051 809642 809933 932875 861665 398423 258118 811848 ,572632 990051 809933 861665 398423 258118 861774 932740 828682 951680 
706486 405412 785548 405427 670159 518486 59336 562766 712324 74647 ,706486 405412 785548 405427 518486 59336 562766 712324 74647 119413 
698987 552424 523751 948607 296110 439158 317673 85612 106048 4224 ,698987 57623 187307 416499 55617 365639 441766 742529 563557 308007 
540531 848186 782053 102951 824038 48318 423739 814699 800573 543862 ,540531 824038 800573 543862 290647 409243 558716 648720 411890 774135 
252116 54220 74364 963122 937113 287111 996777 336606 24520 584590 ,252116 74364 963122 937113 287111 996777 24520 584590 54202 837375 
95683 61281 68738 286930 353674 944472 943691 13308 683337 62317 ,95683 61281 68738 353674 944472 13308 62317 130489 15467 950320 
892231 406652 746153 517984 898970 82455 754472 54518 536424 738582 ,892231 406652 746153 517984 898970 82455 754472 698990 907196 681849 
212148 228570 222355 212781 275325 814555 783436 510439 281021 3108 ,645338 758587 992519 799786 836645 503686 342046 571356 237780 238001 
377344 533731 109658 411309 108861 145697 441231 300638 590298 127671 ,377344 533731 109658 411309 108861 145697 441231 300638 127671 84233 
235675 358824 27914 676768 346688 675851 321406 751073 760761 676628 ,346688 760761 817336 309737 900301 424557 515865 155390 857313 971838 
392112 22225 198043 276859 692270 393325 389082 369394 804855 798034 ,392112 276859 692270 389082 369394 804855 798034 835739 201724 266002 
424260 316105 405406 571844 229225 778290 872354 451313 200111 451072 ,424260 316105 229225 872354 451313 200111 835827 633914 421811 316115 
970671 962900 961973 962434 906359 251573 574345 838497 970246 23867 ,970671 962900 906359 970246 919567 849993 756541 673773 620087 637273 
890354 893190 448954 890112 568816 893031 449098 890255 757949 892966 ,757949 380349 998740 870371 10689 900039 539564 6910 838479 28431 
890364 642597 477011 598697 57249 185421 57966 954592 83797 776833 ,890364 642597 185421 57966 83797 776833 107408 385294 196818 149430 
890871 406754 771593 133000 771406 491180 388985 699901 153883 515838 ,890871 406754 771593 771406 491180 388985 699901 515838 376663 499624 
232887 91796 88353 87979 193061 271877 86643 224653 350686 27426 ,232887 91796 87979 193061 271877 224653 350686 27426 85197 271737 
678527 678654 458721 754869 755136 569962 587655 351652 4598 681628 ,678527 678654 458721 754869 755136 569962 587655 351652 4598 754853 
408586 806755 33701 599247 427855 785634 113760 177708 567882 427112 ,599247 567882 727241 32200 8663 966500 8912 816056 32848 390013 
294 379055 695267 973859 669417 669465 482620 265265 509591 669515 ,294 695267 669417 265265 509591 669515 535641 262018 513916 93164 
442243 473848 198418 277234 299528 208478 636487 173673 927822 97399 ,442243 473848 299528 636487 173673 927822 97399 467100 277865 208768 
679287 65752 297952 716128 37751 57206 555814 46914 571928 108142 ,414116 740839 470912 772525 911699 213042 45831 468636 984168 36439 
88910 193701 272517 195186 274002 748633 751730 226215 904298 48560 ,88910 193701 272517 274002 195186 748633 751730 226215 904298 48560 
738935 600088 96124 439637 249132 456168 353811 294736 533601 714295 ,738935 600088 96124 439637 249132 456168 353811 294736 533601 714295 
412477 376202 122934 504244 541217 861022 234103 272209 518151 510646 ,412477 376202 504244 541217 861022 272209 410753 703438 942682 264129 
184176 402173 691722 987748 520277 471287 469920 801440 275261 425487 ,691722 520277 471287 469920 275261 425487 41855 469670 597955 629663 
156287 186694 718728 770520 913884 121515 661542 214185 440333 520556 ,186694 718728 770520 913884 121515 661542 440333 604022 909587 909293 
431558 3627 198704 401411 465930 841513 705770 705806 843664 123293 ,431558 3627 401411 465930 841513 705770 123293 957771 131204 412981 
648592 423350 649096 422892 534819 649207 641600 534669 648418 472197 ,648592 422892 534819 649207 641600 534669 648418 472197 649125 654074 
933372 697661 696946 927881 109292 12448 107294 170510 107504 107713 ,933372 697661 696946 109292 12448 107294 170510 119544 698296 823178 
558528 423669 558443 38025 37772 37770 38960 38709 38875 905344 ,558528 38025 38847 38034 4850 105072 105311 37639 477328 171390 
970912 760288 116788 59265 795054 781205 795138 307465 674707 579491 ,970912 760288 59265 795054 307465 579491 7793 755355 78646 905563 
476390 331788 960039 303583 211579 97023 478511 476490 220956 110303 ,395148 303630 309914 390988 6780 396702 260512 713258 918678 696033 
641243 640821 640927 640129 641011 640769 640921 640969 640982 640855 ,641243 640821 640927 640129 641011 640769 640921 640969 640982 640855 
134221 716879 713854 989765 648730 673214 6648 667549 610011 760219 ,134221 716879 713854 989765 648730 673214 6648 667549 610011 760219 
116311 323689 730679 694973 434845 63740 465579 732408 715458 434825 ,430227 646139 64410 458262 948697 548741 308122 276223 634376 179380 
641801 642126 642706 642836 969912 423175 970401 644478 424205 642214 ,642800 642283 421501 953568 814857 657916 645837 417860 473652 654273 
454114 394171 749260 436212 868374 503055 453625 868117 868093 390403 ,454114 868374 453625 868093 80458 745191 744719 714582 485022 722847 
349017 258831 233936 665898 356855 780044 662919 244500 359390 27757 ,244500 251191 563932 975898 340153 635448 278784 805490 273108 739350 
352149 338701 337703 249467 669888 353035 280118 306646 492682 307425 ,338701 337703 249467 669888 353035 280118 306646 492682 307425 321735 
879787 830744 738878 868497 10115 777162 885664 738778 732328 823156 ,830744 738778 668986 921303 594153 223666 929132 977642 883108 191640 
283207 829771 196696 275512 283049 728367 727729 79706 63611 13562 ,196696 727729 63611 13562 299437 494958 79760 707602 986981 812584 
475860 475555 476421 308030 328156 524367 223391 845476 923250 716575 ,475555 476421 328156 223391 716575 716561 854027 70858 139827 808400 
729465 485969 407333 485996 509487 119665 523594 880977 976151 890620 ,729465 485969 485996 523594 880977 976151 890620 588062 689616 606431 
628286 628513 162971 159854 663147 162941 347386 246515 112864 134064 ,347386 866804 596223 950787 678945 421600 406414 437998 56814 516322 
85428 83036 65026 600667 83115 108059 280060 350468 940951 524652 ,85428 83036 600667 108059 280060 350468 940951 524652 65990 292869 
905747 549262 906417 589251 482075 183710 345127 183095 189846 923257 ,905747 589251 482075 345127 183095 923257 932246 209240 152456 427077 
934011 935791 388080 497248 320586 320785 973 900664 227674 229185 ,934011 935791 497248 320586 320785 973 900664 214531 936711 162086 
791897 925318 16381 754175 735445 782159 562659 9421 295308 753576 ,791897 16381 735445 782159 562659 295308 753576 131672 117525 285519 
353427 902368 519493 74937 519842 56559 450721 415088 73421 890260 ,353427 902368 519493 74937 519842 56559 415088 890260 74468 352847 
826054 826576 711144 953105 646317 786878 730237 610157 796775 592655 ,592655 311669 676444 883093 883054 654767 104246 716210 303295 774771 
796667 827513 427131 369441 503080 679239 790896 100057 448677 155640 ,796667 827513 427131 369441 503080 100057 448677 155640 285509 435466 
597910 303601 396819 240177 166694 755462 269903 561169 546777 60761 ,561169 15949 204033 756468 201932 988298 521717 278602 363235 258780 
192527 271343 47347 305393 449872 439809 739094 227488 111765 688232 ,271343 192527 47347 439809 739094 227488 688232 668670 123755 279173 
552462 66260 552823 391481 570293 84673 83034 829486 330311 897706 ,552462 66260 552823 391481 84673 83034 829486 477875 477865 596110 
547180 321506 658164 602356 350477 336642 602076 350493 660764 364425 ,336642 336702 953644 934423 279272 459868 787547 560191 182551 321560 
910393 653572 681943 652635 598961 441760 670691 653951 630376 207168 ,910393 653572 681943 652635 598961 670691 653951 630376 207168 207284 
499718 364389 98820 754177 719046 826097 72225 363954 883609 358664 ,499718 364389 98820 754177 826097 72225 363954 883609 358664 349968 
36439 895632 537398 924529 718294 474044 140707 470903 409017 560026 ,537398 924529 718294 474044 470903 470956 52336 652126 689447 43834 
235791 241101 331078 410886 169176 346850 392690 178594 230783 333623 ,230783 877913 955184 169643 625894 724987 948697 753955 344285 408947 
134891 755064 244827 211991 873707 230548 654384 306954 420751 52382 ,755064 244827 230548 52382 212205 804507 57532 371024 680360 71451 
913076 320461 290376 321274 651721 789967 301771 518250 586540 317000 ,320461 290376 321274 789967 301771 518250 317000 63513 372046 299605 
952210 946088 888566 739324 707619 390819 965486 71080 704849 965900 ,952210 888566 739324 707619 390819 965486 71080 704849 965900 842424 
792229 193656 754129 209567 503952 374357 63307 247060 694727 62020 ,754129 209567 56853 360707 897476 717536 555710 405 326545 98961 
796011 875385 874028 938297 716581 472105 541651 143473 524820 830234 ,175526 680247 160417 531643 778875 214787 92475 792053 567648 516613 
104846 122240 458177 105138 230196 363932 422049 753345 868443 107708 ,122240 151594 237417 725716 525648 421816 188794 350511 410004 292025 
339195 214489 342049 27921 350986 526136 140740 24349 691513 690820 ,27921 690820 623376 805777 466820 356388 736915 893418 663389 22600 
795446 101030 325988 917542 25811 904846 415229 778997 826753 27941 ,795446 101030 325988 917542 25811 778997 826753 324323 353220 976267 
795456 795671 795990 614852 610822 610472 392878 219128 843226 143321 ,795456 795671 795990 610822 610472 219128 843226 720429 426069 393641 
293576 350567 337287 306360 306681 350776 105029 609004 279973 845919 ,350567 609004 27130 321964 337071 310839 709040 352765 278811 123466 
967069 681009 696197 182004 795819 792064 406241 229834 929492 878212 ,792064 513600 705436 950089 838556 927436 670406 481387 768361 405002 
750376 150126 749492 746828 149589 166034 603950 727942 972522 996673 ,150126 749492 149589 166034 727942 972522 996673 17581 73750 226964 
382710 464086 613715 464392 457072 526888 56362 315862 317259 53416 ,382710 464392 457072 526888 317259 53416 314395 397065 457375 357295 
188852 188915 188844 40571 188879 340073 912138 188894 114793 704627 ,188852 188915 188844 40571 340073 912138 188894 114793 704627 864601 
915763 889866 124476 967462 254548 535429 369500 855220 855999 233547 ,915763 889866 124476 254548 535429 369500 855220 855999 233547 2494 
537532 640871 916249 907158 502212 754141 502371 668672 762760 634129 ,537532 640871 916249 907158 502212 754141 502371 668672 762760 634129 
227574 27055 227523 840419 413837 413885 228018 840223 248262 745220 ,227574 227523 413885 840223 745220 237509 227725 465359 341046 351382 
35578 586433 401171 177385 108591 586053 289833 795487 434400 508833 ,35578 586053 879315 160129 397647 413043 402387 136571 429461 404321 
354846 312557 527660 883442 403367 843861 22846 709647 916308 498511 ,403367 811858 632727 687719 491459 756220 813656 561296 762675 232613 
568263 785334 637555 646912 934584 855987 607447 609731 762089 640052 ,443397 934630 775964 279918 380179 648992 683377 546748 653141 262373 
640678 572800 559714 826116 839433 183890 44487 839360 655356 809999 ,572800 559714 826116 839433 183890 44487 839360 655356 809999 659936 
742266 462047 742350 714756 687195 707931 463800 554376 843937 457332 ,462047 742350 714756 687195 554376 843937 926583 340137 119817 340463 
683902 66220 85978 633327 683893 405271 63091 683536 683644 62689 ,66220 791887 413339 705739 369845 852106 405206 410317 908761 288240 
460644 462486 242438 397957 61067 770915 489167 378544 929078 842069 ,462486 242438 397957 61067 770915 489167 378544 842069 345640 847126 
879817 879813 879759 879785 142858 535083 36418 493427 226598 554781 ,879813 879759 142858 36418 554781 63085 884692 416318 891191 61034 
915861 936742 122395 915875 539285 684889 277831 840608 105039 452431 ,915861 936742 105039 841676 663418 105352 273374 55736 100046 659319 
708741 929129 61060 887797 678478 564428 745118 736281 861600 867886 ,61060 887797 678478 564428 745118 861600 867886 76696 226643 705320 
159575 287647 402152 398720 287177 290962 159291 404778 402112 281786 ,159575 287647 402152 398720 287177 159291 404778 160284 289024 883371 
730246 539609 796374 316255 892668 240472 241031 963604 622621 251336 ,730246 796374 316255 892668 240472 241031 963604 622621 251336 820045 
489328 930024 304428 76818 75251 66974 586695 164266 482283 263300 ,930024 76818 75251 66974 164266 263300 822843 65515 635385 204738 
982608 536526 853752 981629 397379 981791 909712 503754 536629 398268 ,982608 441116 980360 800275 668262 985058 442294 275456 74531 109019 
174811 113082 484661 192168 31427 702970 468054 113314 982233 997486 ,113082 484661 192168 31427 702970 468054 982233 95293 524163 416409 
578249 260152 668295 569220 764203 670111 931868 528344 146820 764197 ,578249 764203 931868 670343 197764 198223 936046 326457 316484 78142 
478403 56187 53441 775196 475139 908526 419712 684061 786439 174269 ,775196 174269 998954 474118 7082 934496 520775 892849 57202 514186 
641374 385804 902222 65809 415116 641524 421671 640632 83915 374323 ,641374 385804 415116 641524 421671 640632 83915 374323 537644 685623 
323395 338830 181840 381903 951733 423745 910048 326382 976052 692603 ,338830 910048 411160 95298 765321 990614 462669 747097 529408 978492 
387187 940102 386759 769982 383191 617035 411136 808173 167215 678673 ,878583 38064 37874 478562 906796 810740 476032 79023 810498 829373 
953335 912953 643077 446767 655482 656652 642892 887584 639933 446176 ,953335 912953 643077 446767 655482 656652 642892 887584 639933 446176 
889405 889427 833833 982208 672793 113196 825090 676855 824917 41138 ,982208 825090 676855 41138 36186 40780 373975 854564 604039 856444 
545162 996908 855362 867688 849192 997059 848818 858945 853636 191394 ,545162 996908 855362 867688 849192 997059 848818 858945 853636 191394 
460368 478187 624182 283465 656163 698783 106297 129102 349343 124566 ,460368 283465 656163 698783 106297 129102 124566 490554 127560 110048 
541954 541907 226479 225859 801090 667793 682082 444593 103958 515942 ,541907 103958 515942 561378 740941 919356 919013 955233 103862 640119 
846687 997056 996900 996933 996965 824015 768224 867667 846136 867730 ,846687 997056 996900 996933 996965 824015 768224 867667 846136 867730 
916317 915630 729990 835281 988046 452254 969026 285133 915420 374480 ,916317 915420 285650 374192 594679 374117 90653 870848 964991 481237 
632993 336716 951859 63928 25358 799382 524715 850226 942682 510288 ,632993 336716 951859 63928 799382 524715 850226 942682 336630 23544 
798733 739121 458220 441678 223676 669797 795561 893192 226479 246290 ,798733 458220 441678 223676 669797 893192 226479 246290 444524 740941 
841167 969367 563976 720428 862464 553732 70562 664178 664793 971398 ,841167 969367 563976 720428 553732 664793 971398 274018 628248 868610 
730072 313047 645657 53141 905216 913380 861358 414029 417166 417127 ,730072 313047 645657 53141 905216 913380 861358 414029 417166 417127 
182827 10747 827581 978134 890304 884386 148224 226838 965521 784323 ,10747 978134 890304 226838 965521 784323 252395 41269 659161 194174 
528888 94209 135216 171541 678420 94182 521440 223154 838471 83173 ,528888 94209 135216 171541 678420 521440 223154 838471 83173 228555 
714510 588924 226116 349718 574575 785784 867682 288524 190021 250882 ,714510 588924 867682 288524 190021 177794 515886 103745 929598 889016 
561777 317730 917344 418595 409156 971519 872272 834894 312382 72775 ,561777 317730 418595 409156 971519 872272 834894 312382 72775 241684 
449278 907392 885478 912835 539526 379960 449369 480185 539535 890376 ,539526 541323 71922 71670 410130 883183 915633 278537 869289 858713 
844991 776246 21635 711630 128532 195010 98532 695399 484012 362065 ,776246 21635 711630 128532 195010 98532 484012 960954 381483 181764 
211475 584763 364474 792434 902679 799422 907065 849952 476648 476259 ,849952 867689 982705 908998 731729 284213 479128 136168 890127 620538 
542514 238632 74603 542625 210960 481942 977508 864062 563825 16932 ,542514 238632 542625 481942 977508 16932 703114 542993 572433 977811 
343146 337388 348267 742453 453383 350489 336854 58645 454082 350638 ,348267 453383 454082 350638 336734 805755 411547 421103 754829 530876 
5705 812313 223969 224135 118352 226295 302874 878769 16430 553913 ,5705 223969 118352 226295 16430 553913 853315 674370 226038 895874 
795429 452139 270143 321339 559461 369674 604746 520002 871975 630969 ,795429 452139 270143 369674 604746 871975 630969 50736 813007 218115 
816466 816052 816520 777071 817446 777125 570877 959746 886273 890738 ,816466 816052 816520 777071 817446 777125 570877 959746 886273 890738 
311957 794323 366622 199348 278164 88229 193683 272499 948461 253404 ,794323 366622 199348 88229 272499 193683 948461 594232 110940 128632 
991592 973961 847178 775924 191726 997469 768374 768191 845582 854354 ,991592 973961 847178 775924 997469 768374 768191 845582 854354 857615 
437846 22387 119932 181425 856429 731249 20568 706238 725871 216486 ,119932 856429 731249 216486 942605 440479 750527 250039 669062 562743 
471723 338442 227601 776066 991810 905737 645541 964986 825271 417569 ,776066 905737 645541 825271 417569 271898 193082 648875 40925 905926 
956553 860119 183777 864997 341148 864957 342597 212852 987397 933469 ,183777 864997 341148 342597 713104 677767 394303 839305 838001 775730 
520275 382589 481575 748884 564285 474516 60357 804860 947966 397036 ,520275 382589 748884 60357 804860 947966 397036 479249 485840 633735 
849748 102212 873722 772132 769145 102249 997816 756341 957805 542465 ,849748 772132 957805 542465 954443 987012 954146 768374 858718 885903 
827320 827453 906567 827675 46965 753586 907001 911922 753559 45943 ,827320 827453 906567 827675 46965 753586 907001 911922 45943 753571 
785437 186796 642299 642460 981976 227602 717251 24033 787887 616150 ,41467 906899 421284 220121 781697 96711 762844 460204 759447 917034 
706548 110761 761642 605333 729538 522432 64438 193875 272691 741874 ,706548 110761 761642 605333 729538 522432 64438 272691 562841 155267 
934585 380180 857271 215760 374985 730072 852918 847624 350706 536061 ,934585 380180 857271 215760 374985 730072 852918 847624 350706 536061 
666229 377516 949615 93445 399707 947684 535541 535452 688437 658095 ,666229 377516 949615 93445 399707 947684 535452 75383 4420 253276 
807904 465073 811086 692042 806824 426941 190378 692191 32271 587379 ,807904 811086 692042 806824 426941 190378 692191 32271 587379 571181 
642855 642269 642562 643622 643205 895134 436860 893704 894032 355195 ,642855 642269 642562 436860 893704 894032 355195 439249 893143 770632 
26989 904552 665095 42496 761104 785947 850741 872871 830280 26565 ,26989 904552 665095 42496 761104 785947 850741 872871 26565 612826 
233556 123775 205147 269425 665204 989057 233460 929909 64610 666573 ,233556 123775 205147 665204 989057 233460 929909 666573 519980 504517 
576011 807060 573606 841537 726588 229126 159051 230917 415611 410855 ,576011 807060 573606 726588 159051 415611 410855 155938 725452 140916 
505274 459250 499539 249108 182585 339975 684447 954474 100262 261728 ,505274 459250 499539 339975 684447 954474 100262 261728 499756 339524 
940638 823734 993843 642659 447044 885575 545655 476621 885194 212631 ,940638 823734 993843 642659 447044 885575 545655 476621 885194 212631 
20800 522313 522773 941817 94484 522587 312992 534659 601077 953452 ,20800 522313 94484 522587 534659 601077 953452 232016 365589 350715 
381304 565807 209881 840175 679170 961207 861232 539 228187 212970 ,381304 565807 679170 861232 539 212970 332913 214638 825488 227633 
839160 975476 656575 211296 899283 285908 353604 657616 702849 992569 ,839160 975476 656575 899283 285908 992569 301223 598349 211252 286712 
827154 828619 279150 103598 323101 323324 645819 646160 902614 645734 ,279150 645734 539884 510112 342481 433238 645628 660942 539746 836405 
342465 341926 605246 356997 946358 782654 417347 6179 636212 31913 ,342465 341926 605246 356997 946358 782654 417347 636212 31913 230917 
222253 488425 344656 878432 450392 371257 779657 634733 478588 211901 ,222253 488425 344656 450392 371257 634733 478588 493528 450265 361815 
305263 80535 55996 79727 662710 422552 79413 614954 80272 785060 ,305263 80535 55996 79727 662710 79413 614954 80272 785060 422517 
357363 675238 672899 878201 673796 666107 675560 356382 322480 603563 ,357363 675238 672899 878201 673796 666107 675560 356382 322480 603563 
237219 351143 719086 575789 753787 336946 781561 781145 630468 213011 ,237219 351143 719086 575789 753787 336946 781561 781145 630468 213011 
912857 368685 912981 230316 368854 240106 846190 846009 436213 913681 ,846009 171515 922267 471531 256663 31816 636347 774447 834888 65578 
586631 752195 691878 745331 692055 722681 284910 96075 855691 741579 ,586631 752195 745331 722681 284910 130217 3508 134340 453659 532290 
457335 889977 889768 640280 398215 668983 203820 828485 188793 204063 ,880815 933941 704452 402438 236394 451884 74031 877633 771915 268423 
358191 344795 342138 299963 302936 297374 204002 357037 213947 442025 ,358191 344795 342138 299963 302936 297374 204002 357037 213947 442025 
404061 678903 38671 993915 993907 403038 849923 470251 454011 994021 ,404061 391430 203495 71966 405003 706720 681892 897800 733079 685080 
603872 607866 1180 607299 700514 1289 388443 485877 943900 607063 ,603872 607866 1180 700514 1289 388443 485877 943900 607063 474504 
306172 370774 942736 78543 110061 806818 548420 316450 305846 943382 ,78543 806818 548420 316450 305846 516006 540719 806923 292568 293671 
622849 953743 791468 144359 130659 434534 368054 483649 95125 130263 ,622849 791468 144359 130659 434534 368054 483649 95125 130263 24772 
737374 293933 585096 350511 739219 741073 263050 80093 81532 245449 ,737374 293933 350511 739219 741073 263050 80093 81532 245449 599066 
49483 165857 701817 171695 2699 1564 454603 438607 454562 49593 ,2699 1564 454562 49593 460544 465785 483664 174585 171777 874386 
868180 392524 256440 933484 392077 963670 296197 329428 625727 18009 ,404135 869689 3848 13005 594285 298078 262322 117261 630173 868540 
764342 883356 33423 491364 350069 522299 522859 819596 231419 639721 ,764342 883356 33423 522299 522859 819596 231419 639721 774145 575883 
147765 164666 587050 584764 230929 132315 382450 994687 855373 947401 ,147765 164666 587050 230929 132315 994687 855373 947401 312639 403091 
196856 275672 434139 706711 210109 732348 597508 238667 791788 947373 ,434139 706711 210109 597508 238667 791788 681193 634669 695225 947112 
827957 828918 764010 836662 762779 802284 764934 665826 761307 773913 ,827957 828918 764010 836662 802284 764934 665826 761307 773913 893152 
939083 567096 554108 441730 801 25565 322639 442195 912581 248852 ,939083 554108 441730 25565 442195 912581 248852 848223 838547 993790 
432985 692171 436309 432160 129269 253890 809019 838975 243330 511691 ,692171 167213 619570 158339 972504 989186 25654 852525 226377 315449 
308002 436552 284691 481090 950535 435393 582411 33290 595487 324731 ,308002 436552 284691 481090 950535 435393 582411 324731 907041 817900 
655877 518175 42259 931153 8497 616134 207597 383702 959671 75612 ,655877 518175 42259 931153 8497 616134 383702 959671 913957 938558 
932558 14788 360162 378007 385028 356943 930609 844932 18360 933235 ,932558 14788 360162 378007 385028 844932 18360 933235 764605 377721 
377035 124931 51623 993751 37927 810499 419691 39120 411197 903404 ,124931 51623 993751 37927 810499 419691 39120 411197 903404 200641 
89140 91969 469622 482505 280016 43944 298447 250203 370749 367891 ,89140 91969 469622 482505 280016 43944 298447 250203 367891 93824 
295468 304735 293920 949012 93516 942137 716142 976665 186770 296750 ,304735 293920 949012 93516 942137 716142 976665 186770 296750 294420 
467157 467004 467206 234645 293031 468632 294704 236181 575202 233757 ,467157 467004 467206 234645 293031 294704 575202 233757 233375 523391 
860092 96175 745622 482337 407528 516990 240350 778768 795658 860308 ,860092 96175 482337 407528 516990 240350 778768 795658 104385 689775 
158442 997773 191075 761107 568217 758924 833116 190804 568412 649859 ,612820 468907 139147 838050 190993 567211 760252 759887 759005 993345 
602059 838975 586448 658758 839191 380905 233410 139540 838764 160920 ,139540 251789 315449 803833 144413 233673 347487 379737 740112 852525 
537792 376241 538160 538626 39318 477103 477426 581360 537274 914419 ,537792 376241 538160 538626 39318 477103 477426 581360 537274 914419 
877090 641846 443565 881576 640607 640109 877419 443925 643163 444722 ,877090 641846 443565 881576 640607 640109 877419 443925 643163 444722 
352747 338422 351915 337893 337434 350588 350703 236942 505912 227242 ,352747 338422 351915 337893 337434 350588 236942 505912 227242 283428 
405654 125561 380476 612333 964863 614060 117757 405254 346715 783371 ,125561 380476 612333 964863 614060 117757 405254 346715 783371 724587 
883154 292025 673532 672387 673357 686098 292422 672164 600869 748373 ,292025 673532 672387 292422 469121 520177 810089 188794 40262 469134 
461204 372100 751311 777674 888152 818006 151055 777813 667411 161745 ,461204 751311 151055 667411 812997 893369 718294 164000 888323 331810 
295131 498353 499429 621344 365094 693202 516552 485078 52901 516696 ,295131 498353 499429 621344 365094 693202 485078 52901 516696 202237 
422816 423092 994114 305176 129271 246526 444012 227344 470839 75716 ,422816 129271 227344 254155 475278 503724 321852 619159 249001 854257 
592431 887704 760869 222639 450398 633796 849957 474501 700309 979857 ,760869 849957 814844 540807 979811 682263 80831 951874 697082 483441 
65571 565869 678772 177762 226518 801822 151655 468485 936826 434057 ,65571 678772 226518 801822 151655 468485 936826 816903 468513 438159 
297045 156520 614525 461510 205103 699721 883254 124056 80983 728967 ,156520 614525 461510 205103 699721 883254 124056 80983 614516 462770 
602175 608131 661575 614619 32658 31380 48425 281348 32193 901879 ,602175 608131 661575 614619 32658 31380 48425 901879 387750 387887 
297974 72714 557734 975739 659036 339323 20521 550311 519265 906214 ,975739 20521 519265 740865 60375 655344 154376 77352 826248 187245 
795281 795545 552480 618611 795419 552592 468695 141941 253422 564770 ,795545 552480 618611 552592 468695 253422 564770 961295 812380 774381 
929845 539419 193 835058 857179 243293 836146 194156 272972 941900 ,539419 835058 857179 272972 194156 962338 223783 865967 561025 390395 
617990 390946 397108 615205 257560 615031 400955 346995 665096 400214 ,617990 390946 397108 615205 257560 400955 346995 665096 368878 71913 
923419 741083 770937 246919 431780 762332 665711 762702 613319 564883 ,923419 741083 770937 246919 431780 762332 665711 613319 564883 565039 
353793 947183 947613 573859 577062 423858 752308 693783 230836 574562 ,353793 573859 577062 423858 752308 693783 230836 574562 166922 530893 
801858 801515 882671 904970 797876 811726 100283 801727 984214 980399 ,801858 801515 882671 904970 797876 811726 100283 801727 984214 980399 
354157 355432 341879 337520 342870 431919 453402 99167 694027 432402 ,354157 355432 337520 453402 432402 942976 663465 344529 68154 318997 
339850 354265 817001 45397 339998 5789 101773 186667 354126 675066 ,339850 354265 817001 45397 339998 5789 101773 186667 675066 403388 
802292 340809 75913 949726 384062 923578 387666 371887 309566 383350 ,75913 949726 198632 914367 941317 728330 92386 743964 87872 850096 
346397 345773 324616 228034 536593 821133 685669 813091 495856 248073 ,346397 324616 228034 536593 685669 813091 495856 248073 599495 813388 
512292 38485 917378 426120 581360 477455 556979 257754 256142 7847 ,38203 37220 39236 478439 411682 558723 39571 190388 912954 962859 
45323 303266 45671 45974 632213 967431 813763 439449 327356 76741 ,45974 813763 327356 7739 803892 134190 687473 583649 383401 299469 
893545 540 987757 988903 863707 219457 924784 861973 988768 237933 ,893545 540 987757 863707 219457 924784 861973 988768 237933 871632 
812059 418153 606664 880648 583218 668404 375518 373970 9836 413459 ,418153 606664 880648 583218 668404 373970 413459 811249 902025 820260 
581119 767488 828683 255066 971223 280062 900057 581262 576893 604148 ,767488 971223 280062 581262 990052 823543 972531 58222 756916 255329 
524018 10903 524566 864421 81722 735113 17472 863450 16015 490674 ,524018 524566 864421 81722 735113 17472 863450 16015 490674 689965 
310481 37980 984542 248297 38512 39386 389664 38448 312101 39042 ,604032 477448 38203 541383 476365 558723 541372 39459 41166 38588 
116990 13039 426154 752570 966996 933025 13523 752369 884852 248732 ,426154 966996 13523 248732 236566 14860 941553 967972 859372 596984 
5551 6709 870840 920464 620523 6611 6676 447124 891968 38096 ,5551 6709 870840 920464 6611 6676 447124 38096 655090 793523 
923882 903103 298300 985319 306741 424447 903083 624275 431562 407372 ,923882 903103 298300 306741 903083 624275 431562 407372 287046 168402 
365248 881173 918927 899018 904838 366069 120567 432725 353474 8378 ,904838 366069 353474 899039 919697 990542 886841 224075 703383 127947 
74197 806982 74779 740361 75585 464651 732543 805955 837101 810238 ,806982 740361 221991 419553 424899 548688 521142 518065 143051 96008 
503520 759780 500793 389826 326378 351379 389851 932468 529009 150374 ,503520 759780 500793 389826 389851 932468 529009 826487 695843 493720 
356111 988181 153033 737711 356734 563249 343151 734520 743893 602545 ,737711 356734 563249 734520 602545 185068 260672 185739 378110 386421 
766510 33353 403873 593477 680749 185972 111742 179823 498907 808571 ,766510 33353 680749 185972 111742 498907 808571 843620 169472 800593 
862365 862635 821259 848740 848816 646279 24722 24915 833323 821333 ,862365 862635 821259 848740 848816 646279 24722 833323 821333 24846 
826952 829497 827560 247316 936552 332903 247863 938065 152508 152684 ,826952 829497 827560 247316 936552 332903 247863 152508 152684 607985 
570055 363864 510256 500103 305096 817646 130901 687356 426723 599470 ,570055 79462 281751 305196 955261 642155 445037 413799 445666 714218 
514647 514431 630117 940770 497535 712475 200349 264627 538169 867295 ,514647 514431 630117 940770 497535 264627 538169 867295 168169 628897 
441404 872269 825319 330614 10642 441374 405040 414323 773900 405272 ,872269 825319 330614 441374 405040 414323 773900 405272 537859 414376 
548881 610187 313838 190933 624960 965504 688072 624213 601339 292147 ,548881 610187 313838 190933 624960 624213 601339 292147 695608 190786 
875413 339978 336691 690086 258217 925931 741783 251824 253568 287283 ,336691 690086 741783 251824 253568 347077 136127 771514 328291 343524 
519545 96149 312089 181408 691117 243593 943802 165303 962161 594420 ,117870 509130 979753 584625 866460 710490 839176 648952 312663 477304 
650037 998940 971390 831283 654895 757279 655603 447077 760032 961851 ,650037 998940 971390 831283 654895 757279 655603 447077 760032 961851 
40892 906706 902877 899674 906400 44038 40862 423636 655013 604309 ,899674 906400 44038 655013 604309 655574 42112 656472 655727 603710 
474309 380305 595635 392147 988248 649669 432528 944239 200875 875290 ,474309 380305 944239 200875 875290 71814 1068 796264 872955 472337 
731615 362177 814141 516961 77965 717394 724624 994205 876680 71379 ,717394 994205 876680 481790 340117 603790 440884 393135 19774 732803 
232161 46663 189048 219337 219200 549051 732336 717616 717304 520735 ,46663 189048 219337 219200 549051 732336 717616 717304 520735 425922 
80553 22435 326534 693766 129725 463916 480550 584064 77045 64812 ,80553 22435 235034 577083 704364 578409 441057 620 285606 174703 
235212 303284 891146 696875 890542 235680 491010 562139 137847 933294 ,491010 482655 467097 521817 562102 482229 734218 93738 588395 390706 
760515 835616 221970 850499 829526 759041 34078 762801 221000 757887 ,835616 850499 577084 191076 760806 124133 567601 759496 336465 995937 
987325 847785 835759 59632 846999 851480 204267 268545 721705 771799 ,987325 847785 846999 851480 204267 885683 986678 151 985869 203062 
950825 646395 209211 763749 253632 817378 435897 252254 125141 433537 ,763749 817378 433537 140531 368729 253226 319200 823847 432572 107823 
952142 844388 748816 88283 881444 461774 575637 800672 690516 623854 ,461774 800672 269681 462900 932390 269735 146074 423641 111111 550548 
910690 555571 555502 387943 985855 957974 879086 897482 984684 647400 ,910690 555571 555502 387943 985855 957974 879086 984684 647400 136850 
256229 406974 118665 491371 585405 255378 574126 720763 770717 395026 ,256229 406974 118665 491371 585405 255378 574126 720763 770717 395026 
364095 605612 341898 506570 330273 292374 350805 663782 230789 350950 ,364095 341898 506570 330273 292374 663782 350950 90495 325080 294047 
765676 323551 473611 326964 377174 92467 43491 377175 933509 74184 ,377174 377175 43380 6549 433141 515148 336615 131805 255820 384819 
133074 624378 649809 214823 538250 510610 708689 972522 119304 722736 ,133074 649809 214823 538250 510610 708689 972522 119304 722736 649528 
631584 466884 697010 109167 484860 9217 395644 852535 456580 697177 ,466884 109167 484860 9217 395644 456580 464186 457719 945368 951914 
38566 559162 39416 512544 38446 888937 559379 559355 39429 512415 ,38566 559162 39416 512544 38446 888937 559379 559355 39429 512415 
969601 911852 306281 710354 943994 272252 699377 482267 354536 684007 ,969601 911852 710354 943994 699377 482267 354536 194993 273809 352595 
200676 264954 919403 284688 99688 128611 475748 637322 123623 416084 ,200676 264954 919403 284688 99688 128611 475748 123623 416084 236320 
907929 236146 83494 77686 84000 718475 450192 718234 910668 479205 ,907929 236146 83494 77686 84000 718475 450192 718234 910668 479205 
957642 957533 904185 854019 191159 857940 957907 832993 846110 866106 ,957642 957533 904185 854019 191159 832993 846110 866106 852658 443339 
678725 549624 669368 828095 684739 81169 991242 27036 173696 755090 ,678725 549624 828095 684739 81169 991242 27036 755090 398136 174229 
352994 74236 64577 16821 513900 574351 394 823555 153806 175618 ,352994 74236 513900 175618 630709 630034 201115 608697 609570 107832 
786793 787133 362042 483933 12372 998416 592316 579212 12009 297766 ,786793 787133 362042 483933 12372 998416 579212 12009 297766 289773 
660505 291209 490413 660808 321079 433510 695366 291578 351140 489177 ,660505 490413 660808 321079 433510 695366 291578 351140 489177 786299 
808381 715324 795689 538279 894355 415074 700561 814406 252862 904030 ,808381 715324 795689 894355 415074 700561 814406 252862 904030 648654 
823656 686934 282200 927027 296548 641893 640733 442622 641419 442653 ,823656 641419 282271 641597 58295 480063 389429 683963 537091 686440 
24964 940566 407007 432266 780082 504105 858310 364807 435786 515512 ,24964 940566 407007 432266 780082 504105 858310 364807 494414 237388 
497178 500332 497355 497328 498632 628232 502897 971981 502345 308815 ,971981 152701 376978 503203 282136 66083 654212 100706 181436 256723 
396812 64764 78295 868889 947111 403671 877995 798930 192975 271791 ,64764 78295 868889 76794 879793 87578 876511 664793 844314 199814 
134233 412481 412453 610094 317364 68604 88128 610109 227598 751378 ,412481 762998 610152 475046 152992 57387 53669 229576 61420 263077 
850351 321833 24264 440690 560726 850347 454275 24130 354795 305662 ,850351 24264 440690 850347 454275 24130 354795 305662 192711 363530 
405618 406857 282628 985737 286448 199351 273816 278167 283271 964571 ,405618 406857 282628 286448 199351 278167 273816 283271 964571 123305 
821951 821932 86091 825498 104706 466671 600997 566292 821922 522337 ,821951 825498 104706 600997 566292 821922 522337 688334 86762 350393 
998905 859194 400036 858619 538824 241174 226238 124102 995916 857976 ,998905 859194 400036 858619 538824 241174 226238 124102 995916 166375 
359609 301954 584416 842473 805736 485556 983272 178181 485042 144649 ,359609 301954 584416 842473 805736 485556 485042 144649 145964 344511 
329141 178623 809559 325635 576495 490688 173826 703479 529657 988737 ,329141 178623 809559 325635 576495 173826 703479 529657 988737 242206 
68590 684192 934991 982886 65983 68494 512127 731475 916566 723411 ,68590 684192 934991 982886 65983 68494 731475 916566 723411 548286 
548328 394649 561654 203264 267542 875214 946257 59815 472211 843460 ,267542 687217 597268 563182 270765 181761 468383 707123 982437 129731 
832994 672548 834964 594289 135760 544599 373718 834111 837801 133440 ,832994 672548 834964 594289 135760 544599 373718 834111 837801 133440 
279957 514052 94504 610628 645211 421410 806230 339113 404079 806224 ,279957 610628 645211 421410 806230 339113 404079 806224 787547 806823 
756168 570241 7394 570923 7538 732291 905687 948028 767637 732251 ,570241 7394 7538 732291 905687 948028 767637 732251 710660 667058 
725193 79997 61410 580801 119502 159611 69144 556270 523829 126553 ,725193 79997 61410 580801 119502 159611 69144 556270 523829 126553 
501264 100154 692431 84287 233903 922254 79204 693501 522257 99773 ,692431 233903 922254 584770 86391 898854 779213 523334 131016 955543 
854705 202901 267179 85726 84238 30808 684732 501135 637040 974730 ,854705 202901 267179 85726 30808 684732 501135 637040 974730 708943 
339664 816171 816205 816230 834346 836365 815937 816203 835329 836470 ,339664 816171 816205 816230 836365 815937 816203 835329 836470 835440 
768219 559296 559188 560066 879444 222523 792474 644351 890973 642856 ,559296 559188 560066 222523 642856 773581 37077 442483 569245 890597 
46410 100213 47137 602569 962169 443090 416706 346820 209444 645945 ,46410 100213 47137 602569 962169 443090 416706 346820 209444 645945 
95041 465875 70277 431241 345472 193116 271932 465221 514998 817822 ,95041 70277 431241 345472 271932 514998 817822 313941 499118 15686 
62037 754944 91469 421754 90785 691795 66332 467585 88100 166128 ,626775 52301 381511 475570 53379 421982 241451 307595 110123 88370 
381517 934136 217980 233396 908883 932649 381539 547651 821210 949577 ,934136 217980 233396 932649 547651 821210 97800 142202 318414 376344 
237877 796002 796807 802911 678588 801599 826146 733295 982782 733768 ,733295 733768 564633 836801 872126 225727 989805 916832 729391 670168 
965578 406537 406340 665039 350679 524945 719136 514767 718441 505013 ,965578 406537 406340 350679 719136 514767 718441 505013 1662 83936 
226031 629346 917832 882805 594351 174786 399098 957602 975976 646062 ,396209 176307 864508 842794 733481 431706 571399 973672 990890 526174 
792246 979560 873274 772555 642903 981506 980569 757843 595574 465585 ,792246 979560 873274 642903 981506 980569 595574 264233 986591 139575 
22364 790785 725996 404293 580616 940796 315604 303025 636159 505672 ,790785 725996 404293 580616 315604 636159 505672 413230 22181 433127 
582215 581955 94512 503133 803989 97349 765900 597089 547321 552420 ,582215 581955 503133 803989 97349 765900 597089 547321 552420 547146 
487832 636836 123295 68394 487391 526063 487378 525504 111922 487379 ,487832 636836 123295 68394 487391 526063 487378 525504 111922 487379 
7098 384900 397589 688432 746524 689331 410425 252069 754572 881937 ,7098 384900 397589 688432 746524 689331 252069 754572 881937 892029 
166274 754653 939505 914901 959745 549455 415116 961741 977011 167634 ,939505 959745 415116 961741 375603 989457 620740 620024 912485 975120 
89816 91047 893777 559769 963967 869986 862113 964575 963532 432083 ,89816 91047 559769 963967 869986 862113 964575 963532 432083 919063 
764513 166889 718767 26654 52904 787148 56474 794064 914638 56695 ,764513 166889 718767 26654 787148 56474 794064 914638 56695 797714 
594438 322965 968432 877828 597879 396684 235734 324562 404296 877586 ,322965 877828 396684 324562 404296 877586 140729 164178 987781 872752 
599327 754759 54344 532924 718323 253068 910668 420025 252528 343441 ,599327 754759 54344 718323 253068 910668 252528 780066 784538 39055 
744151 398678 11289 87467 209790 205897 270175 209530 738395 746815 ,744151 398678 87467 270175 209530 738395 742265 400032 732938 888563 
949525 613426 614419 723965 173061 928755 707652 425549 14590 561626 ,949525 613426 614419 723965 173061 707652 425549 14590 461618 561260 
537894 332743 536814 691136 510033 116690 459218 951236 687897 173959 ,537894 536814 510033 116690 951236 173959 538048 536645 202267 266545 
313875 358327 696282 118721 143332 690700 298646 87971 302748 665164 ,313875 358327 696282 143332 690700 302748 665164 647193 53195 300151 
961153 961037 530238 530723 901247 917411 483421 438749 767230 483198 ,533129 900194 764782 352269 437752 885932 804904 471865 983976 645742 
585161 755698 869230 755953 20216 726009 645408 80579 820654 82601 ,585161 869230 755953 20216 726009 645408 80579 820654 82601 820890 
800396 596815 800229 597164 598008 813855 329605 349639 489315 315182 ,596815 597164 598008 813855 349639 489315 315182 273261 194445 826403 
40309 40406 930448 525940 781675 329229 432800 931296 733923 119718 ,40309 930448 781675 432800 931296 119718 747630 395077 737197 633263 
161642 139327 427896 280795 977569 700904 158879 518849 601416 977315 ,522042 551748 949038 480727 98858 608409 876974 828381 122370 176198 
71978 680452 957508 845400 36339 679260 591252 787826 594190 712781 ,71978 680452 845400 679260 591252 787826 594190 712781 930037 336348 
510083 289153 247600 19402 843279 907107 906878 230252 948185 182316 ,247600 19402 843279 948185 332456 857684 650205 663555 769410 329127 
699709 9925 714219 39949 234807 39956 267097 505665 908639 39977 ,9925 714219 39949 234807 267097 505665 908639 964390 915710 885469 
959573 905175 573120 694701 716682 653220 855093 799497 704992 717503 ,959573 573120 694701 716682 653220 799497 717503 242020 297243 716580 
632439 608293 374400 997403 295104 290338 663895 294084 849927 301868 ,632439 374400 997403 663895 294084 849927 301868 113633 646514 247345 
67233 809991 16532 172320 822748 16584 467094 124128 463875 195676 ,16532 172320 822748 16584 467094 463875 274492 195676 74160 338996 
193541 272357 571407 296289 77746 359236 517687 637863 922439 664612 ,296289 273199 67990 660520 540328 916876 830609 917368 966649 104610 
890223 207765 41993 207807 210727 2896 259110 700312 529553 247991 ,890223 41993 210727 259110 700312 247991 41313 600772 37271 58762 
19891 417954 413377 685651 955034 218868 970979 567429 54696 956999 ,417954 413377 970979 54696 956999 954180 215263 294631 628984 409791 
177789 758654 612718 719397 719654 757576 219981 612461 757308 764587 ,177789 758654 612718 719397 719654 757576 612461 757308 764587 757770 
982758 480737 708169 598701 254510 519566 540222 711946 714952 752844 ,982758 519566 997615 480631 205162 3028 528648 226216 902450 90469 
864373 388892 813640 721502 705051 182823 352313 781484 727248 105799 ,388892 182823 781484 705157 516062 681660 91763 255512 515395 161969 
336670 278807 410055 336759 231539 228381 236962 254227 241303 241278 ,232971 496783 472358 285774 365606 363865 502542 342432 51278 237047 
55383 486509 82517 82942 237130 731980 227445 92713 296066 57189 ,55383 82517 82942 237130 731980 92713 296066 57189 25122 227469 
258184 402002 551147 399365 861954 398493 788258 956451 222152 208091 ,402002 399365 861954 788258 222152 846525 786301 542655 835253 504491 
80659 80263 525122 512696 705283 95101 957088 668723 203928 268206 ,80659 80263 525122 512696 705283 95101 957088 268206 203928 314011 
874729 538486 416004 52435 204671 268949 402036 538644 245083 401591 ,416004 52435 538644 245083 401591 11820 187057 511288 535080 655545 
541735 572435 910721 421312 479609 288227 83660 450765 369943 903414 ,910721 83660 826605 199751 65349 380693 715655 107127 84031 618933 
781575 946604 782373 925676 926476 802087 704168 15949 317510 653752 ,946604 782373 926476 802087 704168 653752 852823 425927 111113 801178 
197533 276349 970623 977552 270853 114191 961948 120894 272388 139967 ,276349 970623 270853 114191 120894 272388 356689 331162 294235 114840 
880662 895127 619511 899754 273402 870007 11487 258288 441956 997918 ,880662 273402 870007 11487 258288 441956 997918 335528 393167 842561 
749355 358753 6084 626703 311103 283777 367477 749077 6434 288145 ,6084 283777 749077 288145 281993 845986 799447 545175 453383 151591 
526934 405218 393888 518585 405569 433889 250987 886163 199816 264094 ,988071 258375 124570 173650 273280 518391 206657 937099 281782 801782 
445568 446198 814365 446249 446247 445618 446683 447620 446049 446362 ,445568 446198 446249 446683 447090 215633 446510 445268 445315 445782 
50841 50787 50987 124541 399032 206738 271016 50893 415081 402699 ,50841 50787 50987 124541 399032 271016 50893 415081 402699 407722 
642755 768133 768111 642697 191782 86747 84497 207419 768141 799965 ,642755 768133 768111 642697 191782 86747 84497 207419 768141 218336 
18359 930014 892930 500966 17001 17135 987525 400347 366485 68851 ,930014 275939 696621 929822 199398 194284 886781 271460 199367 276931 
199872 264150 200179 264457 902759 307987 264572 160158 480777 517561 ,199872 264150 200179 264457 902759 264572 480777 517561 519858 726492 
966446 948698 471128 59365 635146 538266 939931 1252 490144 632471 ,966446 471128 635146 939931 490144 632471 518409 911742 156677 163479 
226070 57004 540006 56940 474907 557200 66191 413328 486116 475024 ,56940 413328 841603 660306 653300 230119 272716 474738 101154 843965 
208003 207835 207685 207745 614929 957482 780977 962201 207714 51638 ,208003 207835 207685 207745 957482 780977 962201 207714 51638 614887 
923797 638600 759729 830476 980153 759147 624776 830510 604725 28898 ,980153 830464 810027 581815 374110 464098 620613 388818 863215 595141 
897195 753932 44949 901287 468998 478653 684828 920767 320604 255066 ,897195 753932 44949 901287 468998 478653 684828 920767 320604 637807 
468650 229008 155428 381815 159721 749757 249322 680333 533856 986272 ,468650 229008 155428 381815 159721 749757 680333 533856 986272 322381 
70621 70555 745981 367212 569704 472412 279285 397830 481921 24393 ,279285 467143 338132 293864 810170 306845 323673 305457 854895 174701 
800407 938230 118302 304140 235762 827043 184318 116997 16357 246356 ,118302 235762 827043 184318 16357 16091 678972 17416 72905 938802 
587208 832885 193322 272138 450425 832267 982424 587454 486731 99709 ,406327 70139 921419 398861 841270 712324 85007 868851 271834 244840 
56989 735308 778629 305805 735429 282971 735272 56929 180717 726343 ,735308 778629 305805 735429 282971 735272 56929 180717 726343 278999 
686075 233572 761185 940965 504045 233869 16852 6180 605248 669803 ,686075 233572 761185 940965 504045 16852 6180 605248 669803 611922 
343834 158361 612140 123549 659741 969519 783602 113583 613238 108324 ,158361 123549 783602 613238 6279 417043 742984 119113 595891 731794 
822846 822799 823265 994946 610115 654884 959688 659800 474179 912996 ,822846 959688 211714 906868 971284 579935 186480 821338 655783 912012 
796771 66442 796894 225351 624281 356394 671449 391420 731388 122277 ,796771 66442 796894 225351 356394 391420 394079 265457 195296 245853 
329675 533007 569753 122209 981054 344308 922918 9621 999083 80641 ,344308 9621 80641 21145 781786 985829 154160 922379 620425 403454 
671479 914265 868426 420546 513709 422494 975809 595680 130299 724657 ,671479 914265 868426 513709 422494 975809 130299 724657 914788 914188 
192710 271526 466574 466575 118256 607904 297913 192907 517070 194210 ,192710 271526 466574 118256 273026 194210 913232 923170 368297 658245 
637201 636987 637508 366373 638010 566462 412528 637950 561833 112063 ,637201 636987 637508 366373 638010 566462 412528 561833 112063 292123 
808283 63996 312621 315498 665034 508593 180502 519599 931561 82494 ,63996 312621 665034 508593 180502 519599 931561 82494 599204 152522 
107585 604275 603958 680838 923672 362757 617515 881221 932307 682411 ,107585 604275 603958 680838 923672 362757 617515 881221 932307 682411 
637422 80008 43909 322495 121930 79995 566392 321746 919853 480888 ,637422 80008 43909 322495 121930 79995 566392 321746 919853 480888 
52360 763357 561329 148976 824617 807500 12974 479901 537360 107336 ,561329 47729 723669 126365 986206 53242 478249 379075 778555 641419 
687601 85422 639155 638982 519567 71747 519432 978891 368264 391603 ,687601 85422 639155 638982 519567 368264 391603 256925 571246 624539 
242135 482367 786385 345499 908203 32393 32722 179697 347611 176400 ,242135 482367 786385 345499 32393 179697 347611 529941 161709 142545 
553098 246063 552102 751884 222726 397869 336465 464571 944071 397191 ,553098 246063 751884 397869 336465 464571 944071 397191 480071 190352 
604740 56297 702517 426908 237546 56397 518343 104905 237132 227430 ,604740 56297 702517 426908 237546 56397 518343 104905 237132 227430 
638904 8905 127846 116025 914565 8792 827444 143969 614232 405094 ,638904 8905 127846 172549 469196 567621 568737 628828 951890 354001 
46722 38039 999311 822971 823108 49129 407602 640633 641640 641745 ,46896 47729 641129 543398 859574 774372 917681 941743 983386 731445 
24759 672350 101744 672363 24398 831561 673494 604184 757178 832968 ,101744 247103 604263 772190 25244 981071 773042 833647 837802 374100 
880154 880092 540485 565549 837607 103405 974469 939115 880611 540513 ,448977 920287 895100 991610 195686 550816 919354 765455 103533 180935 
822037 258367 416926 600930 293730 191327 496769 457774 659821 121600 ,416926 600930 191327 457774 659821 121600 292889 758878 822126 98253 
53485 546322 675566 53460 698153 36228 687613 410663 39782 867017 ,53485 546322 675566 53460 698153 36228 687613 410663 39782 867017 
182872 114237 182201 542439 414 785255 282473 455520 77818 985824 ,114237 182201 542439 414 785255 282473 455520 77818 985824 398665 
691313 221420 753170 680915 914689 564152 111315 288986 90116 384965 ,288986 90116 384965 435263 463027 500349 304262 593774 126825 932344 
810364 118182 953563 116029 386693 811850 810982 467457 454747 297583 ,810364 118182 953563 116029 386693 811850 810982 467457 454747 441388 
820803 698488 820653 695280 172684 458967 793515 529508 80130 789024 ,820803 698488 820653 695280 172684 458967 793515 529508 789024 329930 
924692 776486 832871 396001 629696 612349 130051 991399 774251 361996 ,924692 832871 629696 612349 130051 991399 361996 187140 708349 708395 
639898 443900 443892 639953 640411 640217 444461 640512 642437 640326 ,639898 443900 443892 639953 640411 640217 444461 640512 642437 640326 
86438 690842 885344 415333 454330 700423 851319 598426 852989 480296 ,86438 690842 415333 454330 598426 852989 480296 627043 144695 729538 
524495 261692 238076 798343 376563 376194 395581 27107 881488 205137 ,524495 376563 376194 864011 130727 864687 630549 98101 952546 134658 
265674 704429 396849 920853 695424 200220 264498 967408 333838 510178 ,704429 396849 695424 264498 200220 510178 395798 81667 441720 90984 
247876 658640 551582 69409 247468 124994 247265 225603 860006 16923 ,247876 658640 124994 247265 225603 16923 209071 20314 473109 658474 
650688 490202 648045 650805 649131 793719 648046 792389 427803 793720 ,650688 490202 648045 650805 649131 793719 648046 792389 427803 793720 
500303 279486 516582 546066 524762 280395 905680 744809 890133 41199 ,500303 279486 516582 546066 524762 280395 744809 890133 41199 159023 
361910 166609 524283 584099 116996 21275 723592 388080 765081 873434 ,166609 524283 584099 873434 368582 384329 334448 179757 485185 694222 
663045 172105 32190 134766 31509 256466 84582 134793 956073 587311 ,663045 172105 32190 134766 84582 134793 956073 357512 678288 159286 
629205 248048 512460 280629 430354 282260 629495 125085 285312 41903 ,629205 248048 280629 282260 629495 125085 285312 925941 514968 430572 
685579 37771 545236 852503 555377 207735 191549 851032 4849 761483 ,685579 37771 545236 852503 555377 207735 191549 851032 4849 761483 
311237 357211 346574 184175 805389 941045 788087 461629 273573 123715 ,311237 357211 346574 184175 941045 788087 461629 273573 123715 108441 
592280 410496 541094 853032 791739 989444 633505 805014 786727 97365 ,592280 410496 541094 791739 805014 786727 97365 632964 114620 541925 
111647 522538 212614 212514 437845 60894 599448 130620 82062 238236 ,111647 522538 212614 212514 60894 130620 82062 238236 219632 44519 
700863 579517 370768 281878 852710 370450 460712 600765 30162 429995 ,107973 242421 711580 527576 242187 336712 282054 363433 893210 929617 
994109 820736 558423 683863 641475 641138 641387 820708 820713 951571 ,994109 820736 558423 683863 641475 641138 641387 820708 820713 951571 
573313 558043 289847 919101 667505 8705 533916 317321 598147 606421 ,573313 558043 289847 919101 667505 533916 598147 606421 407854 307568 
978838 13104 984332 979346 213206 669656 562556 776499 531641 299565 ,978838 13104 984332 979346 213206 562556 776499 531641 299565 96754 
811726 407291 812082 649444 924536 924490 791169 947735 647469 657466 ,811726 407291 812082 649444 791169 947735 647469 657466 650224 941176 
638625 638716 639420 639165 639309 639328 639277 57839 639228 908681 ,638625 639165 908681 499869 93742 537033 552767 661690 99620 46660 
824473 849689 709221 116093 862873 443843 958650 114862 824319 995220 ,862873 114862 837332 854111 603936 443872 603887 824308 881746 824389 
591531 579726 503403 580135 687700 230522 567481 245837 504154 504734 ,591531 579726 503403 580135 687700 230522 567481 245837 504154 504734 
899157 933999 895112 531654 865935 855862 404120 923700 530346 776547 ,899157 933999 895112 531654 865935 855862 404120 923700 530346 776547 
882201 631580 787304 965672 914797 731622 306491 491720 463955 514322 ,787304 306491 514322 306332 227294 399968 32739 33171 725916 305634 
809045 186341 472543 642651 920566 472679 640335 880103 58098 920115 ,809045 186341 472543 642651 920566 472679 640335 880103 58098 920115 
779083 779019 778916 685140 556944 770184 685735 778858 799864 871146 ,688541 212601 521199 826227 921694 38759 38878 213246 769006 147500 
192577 551468 730077 672756 193721 272537 206641 270919 945017 844899 ,192577 551468 672756 206641 844899 168677 464788 477696 692012 1647 
201947 266225 635590 745546 976089 662555 607625 480265 633211 284571 ,201947 266225 635590 745546 976089 662555 607625 633211 15542 413405 
187470 67875 220473 896005 27746 943689 669622 947299 515025 682308 ,187470 67875 669622 947299 515025 682308 974597 998531 1097 884534 
153612 539012 967054 154106 967389 978210 73033 83225 181390 531084 ,153612 539012 538983 272218 749080 702650 693083 397291 96195 77706 
633090 633749 541996 199728 278544 972752 982295 280832 916700 137466 ,633090 633749 541996 199728 278544 982295 280832 916700 137466 632941 
328569 308064 791000 791503 340307 482772 504944 185987 372866 888231 ,328569 308064 791000 791503 340307 372866 888231 349603 242067 326384 
347012 551905 132771 260275 311265 330608 163045 372823 256958 289071 ,347012 551905 132771 260275 311265 330608 163045 256958 289071 352934 
77241 520653 850928 850829 764506 764919 81078 487197 519819 801212 ,77241 520653 764506 764919 81078 519819 801212 294810 519114 519206 
618842 569178 107468 476215 762217 5447 543133 5868 108097 51349 ,618842 569178 107468 476215 762217 5447 543133 5868 51349 255657 
678184 728294 678438 861201 432215 140554 237167 228566 228471 195487 ,728294 432215 140554 237167 228566 228471 274303 195487 929840 690526 
517350 326945 519829 517589 37278 474611 517778 520149 518041 645273 ,517350 326945 519829 517589 37278 520149 518041 645273 951973 484143 
688509 192979 821945 947523 468187 20627 448737 364047 77203 689343 ,634013 594990 389558 936912 240498 820680 748302 583782 477540 482451 
858945 996908 851564 997059 849192 848818 545162 996909 852239 190552 ,858945 996908 851564 997059 849192 848818 545162 996909 852239 190552 
34173 35394 107777 779901 478756 123122 150496 30343 122977 19947 ,35394 779901 478756 123122 731043 30549 534408 554696 294510 370932 
472905 472917 471401 470891 471390 363403 363391 279245 472412 219477 ,471390 979494 430252 249108 353368 391752 351661 151300 337446 701774 
146379 21712 600267 891173 795446 147044 285298 737661 183354 346269 ,524365 33034 253481 263673 58710 244728 992704 476233 21347 507832 
965608 152975 422372 843759 805497 731710 843963 682519 116618 605237 ,422372 805497 116618 635751 171358 823354 226029 918937 170590 734618 
246567 246532 350948 529478 502666 777251 509590 350661 95291 279098 ,246567 246532 529478 502666 777251 509590 350661 95291 279098 694058 
696981 182569 149157 452755 458489 964301 791029 523890 154276 578008 ,467330 982692 452405 452308 958522 82061 768420 775684 607950 376418 
593960 898060 919530 920138 884097 346160 413904 236804 926813 721423 ,593960 884097 346160 236804 44251 381550 448580 259422 507959 959817 
51094 640310 230634 232096 769776 306286 429280 231160 351258 516049 ,769776 351258 337940 820849 95326 659656 639811 51195 284225 806593 
293099 279908 720108 278829 308272 724303 961166 212045 279852 278722 ,293099 278829 308272 961166 212045 279852 278722 52195 292906 293597 
759782 758670 101338 758891 613916 517678 107275 244564 921419 883876 ,759782 758670 758891 613916 107275 244564 883876 883736 876864 847683 
511641 782290 433920 781905 243595 173317 176381 512802 707760 857742 ,511641 782290 433920 781905 243595 176381 512802 857742 783589 964005 
732081 387069 566107 329438 385408 66953 681122 388007 631530 424462 ,566107 329438 385408 66953 388007 631530 424462 550549 865347 420597 
44312 371785 735089 981769 304962 801994 290769 501354 415121 236142 ,981769 415121 363113 469842 735218 858328 524072 499912 190721 707241 
475892 377441 413294 411716 476095 479522 549696 411742 154205 250440 ,377441 413294 411926 79136 479673 475506 126340 90623 936506 836909 
238115 877180 227874 506313 122512 598727 973498 676165 372126 65516 ,372126 998997 948044 915530 976050 980552 513017 680749 878543 169456 
589312 310778 589634 916786 471329 333269 91738 330101 193144 271960 ,310778 589634 916786 471329 333269 91738 330101 193144 74778 283529 
776320 944010 91325 93068 519927 520419 707856 949429 930328 894362 ,895773 424649 798439 704907 647153 946964 64911 324321 849769 180396 
122704 782363 8849 564645 8479 226978 896623 932976 124927 564613 ,122704 782363 8849 564645 8479 226978 896623 124927 564613 923950 
73335 63275 66320 949819 941641 63868 763769 947258 841372 225812 ,63275 66320 949819 941641 947258 225812 753271 722683 11541 798601 
759497 117108 759362 136996 336309 21481 404655 191077 759683 759015 ,759497 117108 759362 136996 336309 21481 404655 191077 759683 758213 
908531 116079 112707 987365 845979 215969 79463 556067 937445 246597 ,908531 112707 987365 215969 79463 556067 937445 246597 476539 112461 
521227 27780 702598 611239 28778 836329 201420 265698 746181 73079 ,27780 702598 28778 836329 201420 265698 73079 290572 27321 387480 
54680 615135 365267 30718 920599 157716 528483 30089 190534 321583 ,54680 615135 157716 528483 30089 321583 536135 121931 337119 379203 
831169 718628 676389 608283 120537 9234 33971 910511 715013 985528 ,831169 718628 676389 608283 9234 33971 985528 476055 199332 1708 
755740 831675 993208 755923 755503 766397 992634 756070 980024 827706 ,831675 993208 755503 766397 992634 756070 980638 593226 999491 759128 
366555 869798 164124 857457 449300 345298 870913 281413 659957 933576 ,366555 869798 164124 857457 449300 870913 281413 659957 962058 549877 
312343 20875 140050 141104 725609 2070 5733 82168 122409 690863 ,140050 2070 5733 82168 122409 322012 285142 544659 438795 499512 
344043 348206 628306 890087 401444 744771 688998 830039 628504 541986 ,348206 628306 890087 401444 744771 830039 628504 541986 76818 830845 
926388 693779 688847 437752 580267 785811 193063 271879 947500 651697 ,926388 693779 437752 580267 785811 271879 193063 947500 651697 595705 
512140 513576 480467 715200 489621 583753 905189 538930 718510 331479 ,583753 905189 56046 719154 921093 905266 961193 490471 513864 130931 
651410 926241 527887 283333 799005 303577 164630 564980 917066 345836 ,283333 564980 917066 345836 238155 813184 361657 113992 298848 365252 
213079 545338 977328 453762 633092 545899 560998 442289 985640 845002 ,545899 560998 985640 635330 942257 949671 670203 774206 228737 899187 
202232 551312 435853 548348 142229 472008 475776 250410 141184 246741 ,202232 551312 250410 246741 970088 928383 415861 867145 325205 840620 
473517 428608 698693 251155 30547 771199 691110 341131 245907 91331 ,473517 428608 698693 251155 30547 341131 91331 336982 245490 241124 
287515 433557 697323 806375 714439 497044 583912 144602 430346 590706 ,433557 697323 806375 714439 430346 590706 323497 416447 430085 37397 
208236 970807 208283 207464 722097 901631 613918 412448 50252 207518 ,208236 970807 208283 207464 722097 901631 613918 412448 50252 207518 
143369 88746 926164 360992 344082 461510 575002 646693 88124 302924 ,143369 88746 926164 461510 575002 646693 88124 302924 647625 320865 
866210 688144 753274 124022 417313 163700 987748 211016 206198 270476 ,866210 688144 124022 163700 987748 211016 206198 270476 929385 107479 
795738 54626 823262 639983 984417 984111 496985 774771 606094 497649 ,795738 54626 639983 984111 496985 774771 606094 497649 411890 814652 
341026 388471 478980 887716 354365 478995 490220 354680 494766 941891 ,341026 388471 478980 354365 478995 490220 354680 494766 23654 917690 
919467 509785 454764 145626 549082 947630 430144 595755 727183 308962 ,919467 509785 454764 549082 947630 430144 308962 792321 454338 62023 
182755 25309 575685 435353 234348 232458 564686 723069 140307 25247 ,575685 234348 232458 564686 140307 25247 299814 331240 530417 752165 
558303 557792 702385 593831 930610 870244 590182 873960 872003 130177 ,557792 702385 593831 930610 870244 590182 873960 872003 130177 875986 
200681 264959 159821 158876 481230 258306 507150 974963 501688 162945 ,200681 264959 159821 158876 481230 258306 507150 974963 501688 162945 
400022 924769 865880 874496 550379 728934 939319 392278 527055 59583 ,865880 728934 59583 924241 208474 416266 411471 136978 429050 975082 
80007 79978 80147 825958 188705 522441 80891 601599 919852 261517 ,80007 79978 80147 825958 188705 522441 80891 601599 919852 261517 
231685 241391 240650 484924 934815 662463 389235 908443 659872 318942 ,240650 484924 934815 662463 389235 908443 659872 318942 53095 776361 
754764 51429 30149 151269 615563 30280 79494 389072 426861 662705 ,151269 615563 51345 662709 957578 94341 54398 80191 350503 315967 
144903 367466 297069 287419 367076 368843 55534 909141 255305 513753 ,304863 541058 88242 565798 512493 482008 430425 482166 921564 952900 
546619 546445 546446 546423 546556 546395 546659 349580 546479 770751 ,546619 546446 546423 546556 546659 349580 770751 560482 239491 563872 
501919 105103 515716 93646 97144 411424 524889 563880 292853 684500 ,501919 515716 93646 97144 411424 524889 563880 292853 665757 563495 
528899 528880 400843 932246 325591 535560 100105 535794 379386 947014 ,528899 528880 400843 932246 325591 535560 100105 535794 379386 947014 
112808 622602 839303 228818 228001 813565 221938 966116 241300 113950 ,112808 622602 839303 228818 228001 221938 966116 241300 113950 327571 
613160 777886 212859 613459 578711 777766 973420 557500 216537 793388 ,613160 777886 613459 578711 777766 973420 557500 216537 793388 778748 
758383 758937 758814 757952 757825 757932 596098 759566 758750 758010 ,758937 757932 758750 758566 834967 778109 374238 677646 7102 919225 
953346 421063 178079 153534 615602 713659 953256 380394 702533 210691 ,953346 421063 178079 713659 953256 380394 210691 496840 187702 554789 
995303 556899 883875 406157 825516 71285 117506 884224 140568 643163 ,357724 360212 885844 643983 140814 308806 936068 524372 717745 927869 
295268 506731 938637 321011 200244 264522 312280 154445 330676 952934 ,295268 506731 938637 200244 264522 154445 952934 357996 505711 317259 
83576 60132 12926 815068 86152 520730 40273 5862 13333 152635 ,83576 60132 12926 815068 86152 520730 40273 5862 13333 152635 
656809 440639 734649 67037 882871 94076 164411 950452 201816 164955 ,94076 127395 917512 304782 64191 908505 129060 938933 698346 183944 
682613 682831 351381 427255 421463 998341 694835 157110 173263 60755 ,682613 682831 427255 421463 998341 694835 157110 173263 511652 156137 
914759 908917 745216 743362 793860 666377 745311 411566 134924 743534 ,739644 730586 759272 56556 145860 147570 627964 622062 620858 886702 
955 78156 119561 2287 77074 77061 384329 727889 502329 465497 ,955 78156 119561 2287 77074 384329 727889 465497 710815 73750 
895276 596313 564078 140527 406015 868047 98629 996937 140559 564025 ,596313 140527 905487 737182 121740 867960 930179 217982 20868 535084 
862803 630216 778638 870632 750531 854467 629506 988216 807656 796974 ,862803 630216 778638 870632 750531 854467 629506 988216 807656 796974 
429325 700657 96666 137910 540807 52452 814844 849957 56446 50966 ,429325 700657 96666 540807 52452 814844 849957 56446 50966 569216 
197829 276645 118467 465303 943521 416143 964131 376707 508665 964661 ,276645 197829 416143 964131 415978 895898 309119 275443 196627 893254 
929681 930001 354714 460787 471969 362163 955902 335295 980692 753076 ,929681 354714 460787 955902 980692 753076 3965 761466 394193 959850 
588022 627487 734821 783894 724042 724220 19068 226944 105241 615737 ,627487 734815 997684 809780 3942 542628 948235 546395 513431 489967 
997312 728322 975068 61698 830603 234997 726999 47564 71995 636366 ,997312 728322 830603 234997 71995 636366 341812 600570 62030 235947 
195193 274009 788548 691040 262699 485361 163935 748179 171739 704602 ,274009 195193 788548 691040 262699 163935 748179 171739 752212 390576 
996997 547847 997813 99367 824622 853041 380596 906674 825994 747907 ,547847 824622 380596 628637 889665 388585 756932 547393 628185 238159 
826947 19845 494621 902833 796691 606364 776600 175906 494731 865621 ,826947 19845 494621 606364 776600 494731 865621 275695 741517 80023 
919224 192741 271557 919019 919074 146424 661482 193168 271984 481205 ,919224 192741 271557 919019 919074 661482 271984 481205 434830 498357 
263668 263037 264054 263187 801413 962227 988576 502229 877088 91345 ,91345 199396 800862 855425 671362 912057 642116 483795 266614 800724 
931707 64652 66195 931876 373937 374869 1368 880566 591382 592344 ,64652 66195 931876 373937 374869 1368 880566 63993 374225 926749 
516836 293851 410089 610979 962594 698751 161306 610140 942543 516962 ,698751 516962 239970 237681 639864 249000 713561 351736 142556 713613 
612139 771100 102427 103171 669703 415664 671949 645992 102657 614562 ,612139 771100 102427 103171 669703 671949 102657 614562 452002 717194 
76819 227674 932333 374600 435650 829619 153880 115246 374669 32738 ,76819 227674 435650 115246 32738 370173 239011 844950 973 713092 
880373 880252 99153 594188 880669 201675 265953 598613 912767 911256 ,880373 880252 99153 594188 880669 265953 598613 912767 911256 683034 
560822 523812 563944 563942 868178 560810 943360 988259 157418 523373 ,560822 523812 563944 563942 560810 943360 988259 157418 523373 523276 
467072 467151 845152 956747 700013 248830 311846 821946 484503 511604 ,467072 845152 700013 311846 821946 484503 512343 826350 689815 485832 
617232 810320 607718 897718 385779 442324 792895 635914 386069 81539 ,617232 607718 897718 442324 792895 635914 386069 81539 171888 785811 
61561 695103 60422 697166 694537 335825 384503 695211 309749 724489 ,61561 695103 60422 697166 694537 724489 464416 457811 173092 67818 
918099 747996 678724 376661 71820 684585 931736 753842 122503 69618 ,747996 376661 71820 122503 156101 678478 596428 405089 914970 933547 
760252 760604 567230 832459 759562 567084 568294 140476 568593 568469 ,760252 567084 140476 567211 759683 469406 830263 759333 759550 568685 
130527 128032 20949 887125 886865 106061 79027 848755 77483 83270 ,646840 600118 266300 696604 138138 696948 505404 798241 366893 485430 
330731 195855 274671 921206 123059 921494 749721 14837 874402 195243 ,195855 14837 195243 202127 873348 3996 907458 957286 572806 266112 
199287 278103 430515 969482 747620 948911 242987 539871 227062 585447 ,539871 942123 208194 973848 911030 472963 541724 833788 526 932431 
681403 959776 457041 256110 935925 943965 487100 6585 950997 5192 ,457041 256110 6585 5192 457161 813239 255196 754318 231770 950661 
163493 931248 321448 466463 872062 575235 570637 308184 784457 87310 ,163493 321448 872062 87310 293402 495986 117103 867001 558247 311714 
442333 40747 718738 423754 472938 589053 428659 911556 373469 473314 ,442333 40747 423754 472938 428659 911556 373469 473314 995362 982552 
526352 931058 365818 460169 497783 486128 835318 932564 932183 343922 ,931058 497783 486128 835318 932183 343922 581 541559 469572 66671 
801674 626528 287045 895721 298411 629091 213324 441936 830885 799484 ,801674 626528 298411 441936 830885 799484 249573 699979 715350 899850 
411899 411791 412058 553253 978030 149341 837625 863221 891811 567213 ,837625 567213 240216 164892 482236 553483 553301 571441 229833 486119 
811081 612461 871806 611846 328297 255268 219981 619773 436744 191680 ,811081 611846 328297 255268 619773 436744 609800 597500 157067 764587 
402516 228266 687443 351718 715380 398307 390279 244888 982198 656366 ,402516 228266 715380 398307 390279 982198 228084 549330 884344 231512 
234055 747838 231558 423937 418963 36129 467176 467100 33958 126753 ,747838 231558 423937 418963 467176 467100 779637 773507 805850 822885 
761755 759036 494564 569489 569438 616718 133956 866750 201472 265750 ,966875 552058 89255 810006 274069 823006 636644 183076 635359 491393 
612233 614059 612259 612332 613251 483314 485747 844599 403739 198682 ,614059 612259 612332 613251 483314 485747 844599 403739 277498 198682 
333651 490582 440516 286516 353006 21588 115182 181535 181499 268007 ,333651 490582 862 183168 258827 355748 14486 400008 933663 551289 
758396 95460 63684 489897 605019 772889 84175 753105 409766 782055 ,95460 63684 489897 605019 772889 84175 753105 409766 782055 260857 
575297 622555 576635 576266 961831 362740 703081 601861 625552 886463 ,622555 576635 576266 961831 362740 703081 625552 886463 233749 436451 
536569 181912 942045 948742 182884 401822 433844 798155 135987 603471 ,942045 433844 798155 603471 754801 742001 30533 95267 401327 798725 
695379 895337 284791 779178 84539 232914 845277 286217 389408 59989 ,695379 895337 284791 84539 232914 845277 286217 389408 67111 223481 
120650 117080 299497 185248 500584 930766 522299 660879 236741 845102 ,120650 299497 185248 500584 522299 660879 236741 845102 403369 522859 
233052 160171 232729 239863 754278 919611 639531 619934 51680 544923 ,239863 754278 639531 619934 51680 406854 834359 639646 308679 344877 
946298 943120 170951 394912 366575 484429 622390 923454 203975 268253 ,320584 721044 44143 27393 22508 721877 828552 952408 725792 124934 
758250 831675 994605 831382 593226 980024 962425 993208 980638 759103 ,593226 993208 980638 992634 674110 373808 674435 755948 757442 673365 
518937 584242 197140 275956 586089 431086 228239 453209 934128 725231 ,518937 275956 586089 431086 228239 453209 725231 333507 274523 195707 
607948 59200 233083 914084 770471 607335 906429 168393 568856 754026 ,607948 59200 233083 914084 770471 607335 906429 168393 568856 754026 
531451 679524 279769 258738 822642 680310 215141 745920 731004 169572 ,531451 679524 822642 680310 215141 745920 731004 700858 678811 804749 
652820 374086 829185 666958 996571 824900 852772 853146 541375 673585 ,652820 374086 829185 666958 824900 852772 853146 541375 673585 142734 
856008 959614 326281 856370 878322 924599 146583 325201 824112 237207 ,856008 959614 326281 856370 878322 824112 237207 943480 446111 237444 
877820 878116 226216 381458 684895 735116 838923 574288 913939 126730 ,877820 878116 381458 684895 735116 838923 574288 126730 17117 561022 
796811 512131 725754 110617 10533 797665 451669 182776 789307 553265 ,512131 725754 553265 386791 630073 420298 785664 155230 930306 871625 
796820 169290 107263 280964 711980 437535 753304 729624 332543 37368 ,796820 169290 711980 437535 37368 6552 68026 346298 169404 346613 
923961 248088 244025 874630 923449 283441 821198 919304 168731 912057 ,795695 840548 841270 224198 197821 765302 941004 299845 929307 957819 
455629 74598 73438 706393 681422 225483 63670 243306 798717 844596 ,681422 225483 63670 243306 798717 844596 226229 62232 965667 637408 
385079 924754 695292 430264 927322 124695 124635 924927 486920 918503 ,385079 924754 695292 430264 124695 124635 924927 486920 918503 698852 
647935 758039 374900 996277 855158 375827 656790 824460 824580 757180 ,647935 758039 374900 996277 855158 375827 656790 824460 824580 757180 
406015 843696 899252 842903 869999 223891 223985 604346 199778 278594 ,406015 843696 899252 842903 869999 223891 223985 604346 278594 199778 
346477 749898 866063 332600 865328 874584 86076 218033 874927 35313 ,346477 749898 866063 332600 865328 874584 86076 218033 874927 35313 
642408 918320 979688 84268 638921 774456 603802 980716 380693 769252 ,642408 918320 979688 84268 638921 603802 980716 380693 618401 203521 
160082 651721 713886 686577 735038 711550 163329 861749 164339 141607 ,651721 686577 711550 163329 861749 164339 857769 869709 115866 503914 
985788 94491 64330 815869 816589 95761 816832 817342 6778 104998 ,985788 94491 64330 815869 816589 95761 816832 6778 339119 94373 
985263 756235 613442 224294 375778 627736 539821 618467 391293 234383 ,985263 756235 224294 375778 627736 539821 618467 839701 612829 362335 
323835 515356 790783 514769 97926 588644 98210 362279 279747 425411 ,323835 515356 790783 514769 98210 362279 279747 425411 176834 926522 
476269 39441 478204 38456 51046 604421 476148 779642 218486 476254 ,604421 638244 480164 521306 129200 55237 476695 207910 666768 626155 
181604 498656 532410 456107 512072 245098 157004 513301 87720 555519 ,498656 512072 245098 157004 332142 521600 404580 507149 400537 235523 
855426 996648 996412 996721 994333 801735 994265 546895 421702 996244 ,996412 996721 469096 894607 539649 880384 388218 893858 996549 641182 
649684 604235 446488 649431 856832 143227 903768 375477 816542 830137 ,649684 604235 446488 649431 143227 903768 375477 830137 952481 649898 
364128 101442 111187 554856 990416 308312 453043 954120 78085 116510 ,101442 111187 308312 78085 101360 30554 268116 599192 261849 599108 
719205 427984 661290 22429 660764 568625 784807 23876 48918 953032 ,719205 427984 22429 546886 427876 350426 855380 284417 736903 787012 
351650 337955 837088 82479 352278 352853 351088 895301 452426 352162 ,351650 337955 837088 82479 352278 352853 351088 895301 452426 352162 
26967 664206 76358 592831 110091 62068 87668 595929 156562 729402 ,26967 664206 76358 592831 110091 62068 156562 729402 941609 800131 
646194 721635 812278 617829 940532 925766 789366 812243 465255 911682 ,646194 721635 812278 925766 789366 812243 465255 911682 965645 805334 
233505 72797 622855 795740 189904 393055 74521 227528 796245 403863 ,72797 795740 74521 403863 71685 269300 515647 61769 18720 187344 
682921 929667 895016 926501 202387 266665 845098 929694 223988 495212 ,682921 929667 895016 926501 266665 202387 845098 929694 495212 181952 
370935 788544 965762 788387 28359 590247 795386 714289 503427 660089 ,370935 788544 965762 788387 28359 590247 795386 660089 258022 130258 
905576 422786 784775 965241 905037 364591 25290 953078 845623 964789 ,905576 422786 784775 965241 905037 364591 25290 845623 964789 846505 
369414 184611 120823 794052 517556 370052 364622 407026 161317 98813 ,369414 184611 364622 407026 161317 20933 160705 350971 282997 151889 
996909 190552 190524 996908 851564 849192 443316 867669 997059 768169 ,997056 846844 856383 867668 867731 997057 823977 855363 854854 849194 
828332 433436 55200 918159 834082 695047 56717 199997 519855 435108 ,695047 966702 440393 703374 933841 282952 913229 810403 517486 781887 
514702 742001 741612 529322 452534 533221 452334 262880 514193 14271 ,514702 742001 741612 452534 262880 514193 14271 15737 141856 620431 
559202 505592 807965 117585 556438 38094 801328 556642 713126 991921 ,559202 505592 807965 38094 801328 556642 991921 824575 824497 808077 
92863 739793 398367 417596 471104 521849 731484 504826 63103 97234 ,92863 739793 398367 417596 471104 731484 504826 97234 391248 488316 
213512 762251 807317 721296 7648 740802 94684 414718 45167 103105 ,213512 414718 54763 388937 988875 734889 756395 376769 822043 51299 
224726 1667 285795 853638 911787 930701 168510 206303 270581 224087 ,224726 1667 285795 853638 911787 930701 168510 206303 270581 224087 
614224 510858 962130 983744 750049 603863 225265 783565 475261 25242 ,614224 510858 962130 983744 750049 603863 225265 783565 475261 25242 
13870 749112 186380 760464 837684 196243 428946 210898 249270 601278 ,13870 749112 428946 210898 249270 601278 873220 186383 717559 562446 
327783 328482 83684 434620 434416 437400 328677 435761 438244 612627 ,327783 83684 434620 434416 437400 328677 435761 438244 279433 523101 
350498 80857 379729 336671 179496 169689 776800 352141 272485 726491 ,80857 379729 336671 179496 776800 272485 159498 418109 271959 635518 
754251 753559 753586 754228 753571 638404 45943 947263 827320 677744 ,540177 979509 575978 734124 443157 646065 850720 803301 857012 878489 
423118 9324 160962 198647 277463 235930 460258 70124 955184 352664 ,548741 3846 529373 461712 343379 696292 684312 411240 149803 64410 
232989 869830 865022 711786 511233 967990 950301 968235 228064 843292 ,232989 711786 511233 967990 950301 968235 228064 843292 408991 951236 
642707 614360 122290 141685 869927 566430 364322 19426 40902 141401 ,614360 122290 141685 566430 364322 19426 997178 846326 997482 824121 
76350 459571 75139 460257 566477 704058 216005 704202 301081 805129 ,76350 459571 75139 460257 566477 704058 216005 704202 301081 805129 
516283 401962 450257 753407 843573 706771 866539 167316 832655 998896 ,516283 450257 843573 706771 866539 167316 832655 998896 892779 312288 
708806 801170 932861 801800 723803 799545 829436 870655 919971 771975 ,932861 723803 706894 544643 604934 654004 605799 2839 499307 376261 
810990 947755 336203 810235 441407 716424 400207 542990 668656 784743 ,67970 965034 750413 395354 435131 599222 883927 919526 678447 498218 
949432 590807 948569 433068 809307 346850 389913 114019 193248 272064 ,101992 835654 997771 19064 188780 3051 844423 211360 982447 30720 
972442 81215 584409 309504 311134 592694 130212 182085 927979 182118 ,795299 290736 487421 995634 322084 910700 363786 274364 268936 84304 
508806 255819 60458 195374 805220 864532 919280 223539 842595 297332 ,508806 60458 195374 805220 842595 297332 846369 389662 598148 271551 
510979 511118 758544 511020 102894 342542 510981 211873 815245 133227 ,388721 212135 817720 395833 738032 524448 468907 158369 666434 301887 
997178 772844 976072 815026 373766 830108 800264 373808 404800 103971 ,997178 815026 830108 800264 373808 140709 850951 991949 998452 103422 
499476 855380 632234 450460 498426 365261 474462 632558 635084 497763 ,499476 855380 450460 498426 365261 474462 632558 6435 856127 272257 
221339 222238 90807 88821 86542 696195 565086 532671 207870 18771 ,221339 222238 90807 88821 86542 696195 565086 532671 207870 18771 
755648 756328 756176 757122 758695 757400 759062 895216 545872 758076 ,755648 756328 758076 825415 755875 593978 373811 632214 648736 666934 
512754 814966 179758 969109 597919 129294 808598 393252 925453 188201 ,512754 814966 179758 129294 925453 188201 717862 152148 725637 390626 
660746 346453 596827 311740 594557 210683 89841 348343 298212 828577 ,660746 346453 210683 89841 348343 298212 828577 582769 982911 251026 
735587 549237 971277 105735 545423 849089 394189 885087 538709 858838 ,735587 971277 105735 545423 849089 394189 885087 538709 858838 706166 
734805 698427 500875 496284 591532 27519 305069 465579 442141 96998 ,496284 591532 96998 692282 21879 567480 750540 786138 312695 515564 
769800 817677 607143 442144 445233 759221 846297 654060 911113 112967 ,769800 817677 607143 442144 445233 759221 846297 654060 911113 426883 
702436 702666 543391 292360 874415 114220 313402 626156 828716 343550 ,874415 115239 41166 54953 51045 448087 54729 39415 541372 473732 
157735 638079 815404 815448 815352 95883 814713 815333 815305 525796 ,157735 815404 815448 815352 95883 814713 815333 815305 525796 719189 
28662 540957 458483 541218 77991 280931 68609 78891 29121 16739 ,28662 458483 541218 77991 280931 68609 78891 29121 106894 732377 
82201 696169 126544 923489 125419 364808 188221 435227 427908 106311 ,82201 696169 126544 923489 125419 364808 188221 435227 427908 106311 
615735 224499 10068 559796 659488 224225 570190 923160 14302 837284 ,659488 15302 480489 682149 432587 917978 58064 225978 561196 209717 
207888 339463 281043 826997 129191 151364 109170 42934 111640 412528 ,207888 281043 826997 129191 109170 42934 111640 412528 53586 833329 
389746 738795 740581 962613 315036 156605 464323 740636 681114 668649 ,389746 738795 740581 962613 315036 464323 740636 681114 929420 929631 
647552 649067 647214 648112 649533 647861 648093 647801 797848 649848 ,649067 648112 649533 797848 648673 647408 648739 649363 649251 647440 
735099 627735 37301 735175 53945 36368 877638 670717 545385 774327 ,735099 627735 37301 735175 53945 36368 877638 670717 545385 774327 
99559 408426 118126 101834 913461 163812 7101 475997 461834 696889 ,287683 793620 418455 651491 475173 9346 19903 169057 538324 358488 
390010 633209 597004 561035 845073 900088 771264 854648 560921 196649 ,390010 597004 771264 275465 594773 265963 201685 435866 283594 411212 
852428 938364 441733 443348 190998 633973 545162 940635 919491 855362 ,938364 940635 946984 956705 190729 856337 715463 960335 546485 903845 
807436 878064 110169 616782 731108 406612 877765 730668 380560 616430 ,807436 878064 110169 730668 996221 771101 995914 119535 743936 406249 
47693 413369 412514 626620 706468 205530 269808 981650 802433 783844 ,413369 412514 626620 706468 205530 269808 802433 783844 412638 506640 
196247 275063 982489 997956 420844 80864 252524 420767 433629 748957 ,275063 196247 997956 420844 748957 366245 645145 65949 397673 703389 
834827 548452 888158 450340 335511 832060 973025 813729 972238 895687 ,548452 813729 506276 785466 843298 210359 834762 498445 503649 595756 
474152 609583 677517 171567 650942 642090 972598 612568 837067 636171 ,474152 609583 677517 171567 642090 972598 612568 837067 636171 898290 
417152 801106 514547 535790 801336 178877 8259 389234 608625 651644 ,417152 146681 978323 326317 2526 344789 832012 50816 76996 579895 
420544 574847 337117 203769 268047 678497 215474 551231 343361 519881 ,420544 268047 203769 343361 575654 871671 962 174490 98677 307397 
769595 437419 399066 168601 617659 183266 839262 449474 968439 466905 ,437419 399066 183266 466905 269248 502718 129577 399722 807046 91377 
261517 30606 68703 639992 30052 429954 693963 719298 122060 522291 ,261517 30606 68703 639992 30052 429954 693963 719298 122060 522291 
612747 7730 665639 428257 957446 606153 915051 7499 957406 858536 ,612747 7730 665639 428257 957446 606153 915051 7499 957406 858536 
432609 692467 259883 547128 868571 249846 292469 337036 248829 380023 ,432609 692467 547128 249846 292469 337036 248829 380023 925128 750200 
523615 732440 732364 429957 339384 152601 356044 606889 590303 208746 ,732364 429957 339384 152601 356044 606889 208746 449016 606965 337646 
455044 197550 276366 462055 110946 239491 916569 281250 741407 111842 ,455044 276366 197550 462055 110946 239491 916569 281250 741407 111842 
42451 700415 57558 291378 693729 577314 238964 849180 215995 775838 ,42451 700415 57558 291378 693729 577314 238964 849180 215995 775838 
480768 772686 158339 892779 832432 756694 564605 294458 706771 225376 ,480768 772686 158339 892779 832432 756694 564605 294458 706771 225376 
322873 81778 350643 294106 496790 350463 719656 780140 239803 301757 ,339131 780129 279882 301999 249912 336960 283025 23667 406184 199831 
715893 793127 890435 801893 652572 418819 559776 104638 644652 236329 ,715893 793127 801893 652572 418819 559776 104638 644652 236329 881875 
352712 608469 820820 978618 872248 163394 951491 573009 123450 325548 ,608469 123450 832361 123568 713389 868953 254464 20789 974335 929294 
962014 963747 854939 849774 889923 449583 960013 546790 854694 649457 ,649738 766840 541923 675024 759519 933344 855622 52474 542565 959500 
611775 372929 613047 804518 63818 683600 332481 610985 142522 500481 ,611775 372929 613047 804518 63818 683600 332481 610985 142522 591102 
352185 869245 364488 278700 600897 337987 293613 278810 101244 337248 ,352185 869245 278700 600897 337987 293613 278810 101244 337248 420906 
439786 385189 367326 225985 590580 557769 25137 312151 368282 356422 ,385189 367326 590580 557769 312151 368282 356422 796164 324486 95173 
292566 445360 158471 329834 215686 292135 158235 56121 414071 368974 ,158471 292380 246655 682433 57224 246528 246556 248784 960659 307161 
159916 618983 618704 741676 241679 310562 585531 739813 774196 117815 ,861481 374373 373737 589472 739563 242224 361185 592854 417353 567545 
302926 975682 399690 298902 602714 296329 976433 252539 577276 129501 ,399690 602714 461428 28220 644961 850820 746552 659560 218019 857217 
129133 956014 844878 452780 551005 926333 724301 552625 149310 544024 ,955890 597972 523490 864532 729147 196742 669483 64910 690765 829522 
406097 861660 649437 404667 649139 869605 651061 760798 242437 870108 ,406097 861660 649437 404667 649139 869605 760798 999849 825101 862148 
891271 840735 316306 371101 822911 243694 21384 634480 809510 330498 ,840735 316306 822911 21384 634480 809510 330498 154993 551751 259671 
472040 896945 543277 64260 418886 935763 561736 952671 797325 677196 ,64260 561736 952671 797325 677196 205798 453345 239958 561128 628166 
350290 363244 362574 484674 207477 253189 370082 700076 40557 207319 ,363244 484674 207477 370082 700076 40557 207319 70089 482800 368272 
321709 321550 62861 719795 130069 420868 466576 825667 825958 638077 ,321709 62861 130069 420868 466576 825667 825958 638077 321577 80007 
81220 66124 974201 278951 450040 398087 956505 456692 345153 191333 ,66124 974201 278951 450040 398087 956505 456692 191333 279152 320338 
250148 82788 918368 962280 902717 791560 82730 762642 988532 267472 ,82730 169564 822348 668955 860770 395845 77103 542119 793523 565981 
535105 866894 36249 192808 271624 880010 538031 70469 941198 436457 ,535105 36249 880010 70469 141530 521770 700108 488864 64255 572825 
996053 765327 760038 821461 765454 103548 449151 468985 103487 642437 ,765327 765454 642437 796451 837758 891538 714051 641494 446190 833536 
194741 273557 227069 849358 702234 478708 254338 124152 893192 210931 ,194741 273557 227069 849358 702234 478708 124152 210931 172521 573706 
935523 112729 254782 83837 397684 726189 921461 7932 472027 77737 ,935523 112729 254782 397684 921461 472027 77737 95550 82533 95252 
975564 107975 535449 25574 963746 162239 520641 69677 69402 204815 ,107975 535449 25574 69402 204815 501116 974796 883175 59007 595940 
392079 183571 492781 83075 208740 54880 71194 482426 819950 820049 ,225741 290813 481119 204384 14900 553483 517122 275898 197082 403454 
873734 404950 830241 117194 830176 788389 858663 10072 862635 830905 ,873734 404950 830176 788389 858663 10072 862635 830905 755682 954084 
653907 213503 263434 797466 946295 545190 981020 545032 881952 829803 ,653907 263434 545190 940852 570240 534426 882458 586396 919617 340473 
423824 417502 423390 423377 787887 714964 24847 423761 981475 547642 ,423824 714964 24847 717896 41211 655673 761781 716461 649334 911810 
223734 223885 971409 226537 561223 562042 9582 869523 130893 912910 ,223734 223885 971409 226537 561223 562042 9582 130893 912910 683034 
193222 184656 192560 271376 657099 300806 638776 719536 466838 338551 ,193222 184656 192560 271376 657099 300806 638776 719536 466838 338551 
124451 487435 68309 815387 446882 637130 484093 68313 487381 105421 ,124451 487435 68309 815387 446882 637130 68313 487381 105421 108245 
482942 966635 225969 930014 484629 789413 967382 193433 272249 826671 ,966635 753372 844466 79968 905486 948973 876871 850620 190511 205309 
70848 935518 802572 285978 506694 111250 111394 70750 43125 93528 ,70848 935518 802572 285978 111250 111394 70750 43125 93528 197332 
975035 975507 638229 942004 848893 45930 819416 554247 484214 403575 ,975035 975507 638229 942004 45930 554247 403575 819832 988882 943321 
338049 364740 57605 229178 53153 254155 499919 106810 337752 799822 ,338049 364740 57605 229178 499919 106810 337752 799822 369826 305220 
37286 279431 372944 280236 19084 254091 279899 705409 977764 411427 ,37286 372944 280236 19084 254091 279899 411427 279109 502736 346428 
929650 181345 748703 531686 81916 530052 860956 941523 383654 428201 ,531686 81916 530052 860956 941523 383654 428201 785270 557755 763491 
469306 202447 266725 958495 201811 266089 752910 655361 84942 337305 ,469306 202447 266725 266089 201811 752910 655361 84942 337305 799980 
215654 641027 603689 717363 129121 215916 424336 754266 715810 714512 ,215654 641027 717363 129121 424336 754266 715810 714512 714245 558515 
819170 48111 737548 970845 652288 739556 759113 996966 27264 725982 ,819170 48111 652288 759113 996966 725982 827443 766844 160677 593823 
353320 367254 525409 259921 607069 307275 742747 505371 306549 742879 ,367254 525409 259921 307275 742747 505371 306549 307372 188900 309588 
777221 777130 468832 29473 959237 28644 255338 927284 538289 588374 ,777130 468832 29473 959237 28644 255338 927284 538289 588374 254874 
365895 470539 392221 780116 292571 529143 528402 151153 190431 504753 ,365895 392221 780116 529143 528402 151153 190431 504753 634571 51633 
354907 310522 742743 342967 743157 356620 344710 742583 310091 355930 ,354907 310522 742743 342967 743157 356620 344710 742583 310091 355930 
511445 485982 753519 52954 225882 247523 883939 677997 452315 182100 ,485982 52954 182100 66275 511625 594573 502529 509986 820030 207553 
935488 775418 504977 989562 258639 178211 216193 497412 267199 977612 ,32140 162965 367907 157641 929523 834521 488597 272155 871448 117396 
351667 98400 281661 155286 602514 514308 789117 503892 61356 157605 ,856352 261432 668338 540683 497224 56063 530351 292214 69657 280103 
300216 428939 155553 494534 192397 84116 494075 86001 462725 927577 ,300216 428939 155553 494534 192397 84116 494075 462725 927577 602112 
748397 748193 175336 716433 112586 107281 368246 340288 175407 953387 ,748193 716433 112586 107281 340288 175407 491554 549505 108257 279356 
343714 356684 393274 14075 311803 209531 886229 172048 13869 15973 ,209531 172048 13869 236028 370315 628008 298341 160109 433337 843670 
724531 518936 158866 736390 602197 583764 21087 20923 789447 583844 ,724531 158866 736390 583764 20923 583844 237334 690012 292640 705519 
216566 496670 807847 295064 537077 982738 897105 994456 785705 837648 ,216566 496670 807847 295064 537077 982738 897105 994456 785705 103475 
230861 613376 940674 229925 539777 889596 762637 384875 191485 762257 ,613376 940674 539777 889596 762637 384875 191485 762257 200181 264459 
514570 574365 490123 965741 454617 104855 88151 452739 659422 105744 ,574365 490123 965741 454617 104855 452739 659422 105744 429508 834813 
598079 564618 287373 565155 62426 983782 748954 775924 527133 984178 ,598079 564618 287373 62426 983782 748954 775924 527133 984178 686369 
8931 918586 260473 425577 426334 539903 910555 512857 319101 809331 ,39415 43247 755187 38530 115239 41166 956340 39236 829964 249575 
536124 536161 411633 978474 511427 332924 894366 828366 894229 978897 ,536161 978474 894366 828366 978897 775119 330983 775461 159456 511600 
663626 663572 883027 681872 481017 258807 89082 503397 83760 813647 ,663626 663572 883027 681872 481017 258807 89082 503397 83760 665055 
492330 174541 103323 48153 301637 294002 490910 684068 173700 723488 ,492330 174541 48153 490910 684068 723488 103304 966891 169394 671619 
41782 7647 689726 597062 810452 809594 810430 386479 385572 78332 ,810430 582068 389195 456785 290134 789673 475875 84598 57444 39770 
84569 515029 252802 629832 104924 863863 105608 790387 122527 323932 ,84569 515029 252802 629832 104924 105608 790387 122527 321843 662715 
79285 11718 592078 915136 738105 633346 593034 581625 298548 207479 ,79285 915136 593034 581625 298548 897198 617443 443198 964617 836774 
788440 993779 140760 656395 817437 761151 846247 517878 930362 855987 ,566533 380179 756352 713735 715645 653141 653722 97751 677290 112100 
938897 628540 629515 989600 841563 781748 908348 201161 867635 913129 ,913129 828824 202183 266461 10399 792737 15025 840629 541323 678512 
721152 55741 473654 473476 477288 476900 721590 900089 237344 477006 ,473654 476900 721590 255695 762607 216973 50812 810022 610121 473467 
514253 514509 514240 514311 374589 516573 518501 615890 514247 624668 ,514253 514509 514240 514311 516573 518501 615890 514247 624668 23066 
134120 743974 634473 207570 965899 902860 384192 49859 298503 477037 ,743974 634473 207570 965899 902860 49859 298503 477037 786060 351638 
593577 452936 593036 737404 452645 45910 800542 799978 459709 222233 ,45910 552961 452896 937579 50777 186461 144594 909313 470419 947445 
768763 413638 643701 835702 829592 608738 807855 826820 555811 902337 ,768763 413638 643701 835702 829592 608738 807855 826820 555811 902337 
414105 875866 32755 248419 735948 32069 332146 245443 198263 277079 ,414105 32755 248419 32069 332146 245443 373182 32711 31909 697512 
817376 347051 181285 619775 219982 131494 316534 673721 665137 664965 ,817376 347051 181285 619775 219982 131494 316534 673721 665137 664965 
549134 844055 514527 179787 742695 791282 182156 785199 168652 678389 ,549134 844055 742695 791282 182156 785199 168652 678389 89065 146902 
38744 24310 862989 709361 97347 37839 384813 119147 816828 816833 ,487605 960521 283979 955321 713161 695852 950139 525085 742880 379142 
664189 133107 856857 54260 489447 856505 858623 113948 198231 277047 ,113948 328025 984482 367770 880777 903138 808020 290682 947473 309112 
985510 986851 971698 995812 991700 674693 811158 762841 766321 556640 ,766321 876824 991610 854619 561968 249691 996239 220917 885942 199396 
874733 294755 119353 462063 866610 402923 87470 875655 819330 198224 ,874733 119353 462063 866610 402923 87470 819330 198224 983321 398602 
591643 922717 418936 894827 418821 896385 789776 617495 637175 900092 ,591643 922717 418936 894827 418821 896385 789776 617495 637175 900092 
325214 953436 478322 953454 463640 234612 556439 97370 838797 323651 ,325214 478322 97370 838797 323651 137445 454051 280573 460559 822359 
291960 924263 291983 511658 292099 82852 467170 111513 130769 109716 ,513323 639350 785074 323585 965851 141013 924102 420710 525114 293502 
845705 305851 496693 443718 233459 305310 496698 784991 958577 354054 ,845705 305851 496693 443718 496698 784991 958577 354054 566222 305609 
280829 295296 550079 294459 434346 547986 76955 245957 855930 280438 ,280829 434346 547986 301129 548163 863385 322868 909973 120229 281158 
820735 906522 839318 443237 839334 443280 654812 839476 646399 546294 ,820735 906522 839318 443237 839334 443280 654812 839476 646399 546294 
301044 769274 782231 968287 917411 883830 260487 287439 299835 343354 ,343354 766136 236010 11604 764782 373499 785911 92704 310906 748310 
795237 58896 500015 499538 233094 795276 532446 70167 353467 419340 ,795237 58896 500015 499538 795276 532446 70167 353467 355218 597773 
558780 558788 558604 558722 640998 558712 685855 686416 543866 697934 ,558780 558788 558604 558722 640998 558712 685855 686416 543866 697934 
77214 75694 78720 861896 78469 77249 789493 408909 77187 566845 ,77214 75694 78720 78469 77249 789493 408909 566845 533713 427909 
964046 283997 439653 711100 283275 756702 29563 964092 285628 347505 ,964046 283997 711100 283275 756702 29563 964092 285628 347505 565694 
606564 979918 616352 683662 569328 662408 435137 29855 464211 794133 ,683662 569328 464211 794133 569580 339807 25456 159798 271675 322908 
488772 561183 345670 359103 492235 958419 10759 741489 895353 110420 ,359103 492235 10759 741489 515380 3012 505107 15516 15443 3529 
716217 451339 451219 411146 807800 478448 927690 378624 903762 831615 ,716217 411146 807800 478448 378624 903762 84719 735657 874879 92440 
398527 403120 397905 671896 314453 116324 492623 941467 845400 560994 ,398527 403120 397905 671896 314453 941467 845400 560994 758745 489132 
210009 513460 189327 659496 553359 741129 121856 209445 397411 795978 ,210009 513460 189327 659496 553359 741129 121856 34370 552516 1930 
427437 40823 985174 759168 290992 283848 41088 641598 427099 536243 ,427437 40823 985174 759168 290992 283848 41088 641598 427099 536243 
763951 763880 965549 765063 176289 485627 974548 764697 941212 339911 ,957911 817884 738869 772445 234644 306833 559619 998362 304409 620547 
987718 538656 581137 40206 238583 915172 729754 582933 3263 883616 ,987718 538656 581137 40206 238583 729754 582933 3263 883616 442868 
770518 768356 642915 773514 774948 837691 644897 642902 399457 770334 ,768356 774948 399457 203620 773127 991662 202176 266454 837907 890738 
834355 310092 223613 312288 40606 619848 753423 820302 563216 18357 ,308952 932171 122815 822555 111111 831924 466073 523813 621256 266275 
509948 689910 356988 308015 523499 735207 803582 392304 154588 530629 ,509948 689910 356988 308015 523499 735207 803582 392304 154588 781791 
249166 222400 871322 803441 257496 77481 937357 755866 409920 504800 ,249166 222400 77481 937357 755866 409920 146112 133540 74019 150639 
840286 658559 813958 426364 192905 271721 193484 748953 225501 142478 ,840286 192905 271721 193484 748953 225501 850620 141946 233790 249860 
331215 548385 660579 245377 343466 870560 501602 15009 432949 140030 ,245377 343466 15009 140030 577364 84707 506976 515509 924967 622799 
550956 489727 904696 885257 664699 28231 666017 110299 914821 957105 ,885257 664699 957105 473512 504714 52303 907969 320268 829711 947439 
526184 526703 771168 636442 224150 636209 13456 512579 512732 998242 ,526184 224150 636209 13456 512579 512732 998242 704347 843243 511987 
322843 551007 258159 413500 216986 88564 482184 225229 613214 106066 ,322843 551007 258159 413500 216986 88564 482184 225229 613214 106066 
39440 892146 476774 480163 7634 476423 477123 477514 39378 478254 ,54953 51045 874415 667023 190830 768321 128389 115239 446813 448087 
870901 191481 191471 975397 870599 976299 9939 607822 30922 572641 ,191481 191471 975397 870599 976299 9939 607822 572641 862526 862800 
695743 481219 306404 744102 351703 738502 480867 695048 740176 464788 ,695743 481219 306404 744102 351703 480867 695048 740176 409777 363473 
250425 299398 18322 836099 702510 517004 18832 561480 517188 69035 ,299398 18832 530200 916782 236282 669812 702807 274492 195676 516447 
987662 536272 754416 877660 187715 987964 969757 559658 670847 187699 ,987662 536272 877660 187715 969757 559658 670847 187699 553037 877347 
839536 839406 839448 840175 830199 604510 841998 830301 454400 455344 ,839536 839406 839448 830199 841998 830301 455344 506180 863317 234979 
734902 986981 935623 378942 734415 872921 636655 934579 885143 94027 ,935763 221258 39770 750648 91672 786063 929078 601681 734861 438255 
776678 919979 361599 840358 259637 978787 366396 387863 226071 61790 ,361599 840358 366396 61790 541291 640589 693478 591852 695310 707628 
943135 440960 533811 944024 309748 525838 357542 826938 800362 72200 ,943135 440960 533811 944024 309748 525838 357542 800362 72200 145729 
414378 453457 73167 861774 560395 537889 188551 453363 889925 254381 ,453457 73167 861774 188551 453363 889925 254381 414457 886518 232380 
613245 613630 548499 611378 877284 841767 967952 279368 868195 710143 ,613245 613630 548499 967952 279368 868195 710143 541773 869567 970718 
863880 789209 55765 852154 644333 786258 903668 646534 820922 46179 ,863880 789209 852154 644333 786258 903668 646534 46179 808547 265893 
899313 899503 834314 631910 835685 225713 798519 555576 777192 973258 ,899313 899503 834314 631910 835685 225713 798519 555576 777192 488228 
118065 451772 603188 108080 769368 133742 795398 566348 293198 145474 ,451772 603188 293198 565230 231836 83480 866378 879100 470633 410015 
119657 895600 826028 963507 898460 417285 557063 964564 996082 471826 ,119657 895600 826028 963507 898460 417285 557063 964564 996082 471826 
849143 952246 436550 723180 964221 191885 791450 306815 218172 435393 ,849143 952246 436550 723180 964221 191885 791450 306815 998533 913784 
430320 344245 757408 324691 353557 670019 233876 102587 25485 231823 ,430320 344245 757408 324691 353557 670019 233876 102587 25485 231823 
840984 539532 539538 628053 564714 938688 395996 956705 219334 867764 ,539532 539538 628053 564714 956705 931646 913920 987398 842255 126900 
557769 25933 827102 817523 200171 264449 215626 615478 544618 24371 ,557769 25933 827102 264449 200171 215626 783079 603171 471526 826627 
684357 99494 738530 560016 321458 495229 604878 429882 321452 230841 ,684357 99494 738530 560016 321458 604878 429882 230841 80264 430270 
321843 781888 322158 377675 144417 158782 823821 557874 777326 603970 ,781888 603970 816689 61654 685835 523607 784442 823198 121609 841939 
45 762411 49 537726 288789 665733 153262 83327 290574 57528 ,762411 49 537726 665733 153262 83327 754570 538048 900759 681581 
605500 370791 588560 366209 107522 730470 329366 141212 178747 39126 ,588560 366209 107522 329366 141212 128223 750166 493629 588464 121681 
513624 513081 690557 533646 90218 658437 93347 512785 525184 987816 ,513081 690557 533646 90218 658437 93347 512785 987816 595383 974329 
868266 636492 864860 301663 44591 855073 844326 480227 883364 839151 ,596680 791365 706745 416564 772055 930632 909269 530008 833136 15697 
714531 151544 57010 282023 337475 159472 682894 753841 373484 373371 ,714531 151544 57010 337475 753841 373484 373371 143696 215989 255999 
966796 717672 714744 556381 966849 250702 913026 464178 625224 11131 ,966796 717672 556381 966849 913026 464178 625224 11131 715707 451754 
