GT,Result
152270 82378 862059 815354 29998 126493 663325 526374 819605 819529 ,152270 862059 815354 29998 663325 526374 819605 819529 662724 69888 
555262 768071 537802 207157 568059 37958 834043 921944 475222 38919 ,768071 921944 38961 793666 772935 468860 665026 442751 774681 834050 
138124 291816 776668 595039 10060 563395 895044 541964 133652 363206 ,138124 291816 776668 595039 10060 563395 541964 363206 130307 642640 
494075 520923 537641 659454 493908 537592 272877 96636 283843 953753 ,494075 520923 537641 493908 537592 96636 283843 953753 138201 512358 
915388 850935 572691 27289 833474 973905 15075 13495 843301 773344 ,915388 572691 27289 833474 973905 15075 773344 727282 992715 899721 
465714 434339 187617 223352 308559 523623 704213 341033 163332 391735 ,465714 434339 308559 523623 958112 215308 524215 404815 89536 96734 
937953 471058 995037 220785 579874 795109 880961 995041 221518 942813 ,579874 795109 995041 992327 346523 922755 434334 8153 771332 44643 
890420 795028 974434 766349 766254 828936 831024 858638 835196 878618 ,890420 795028 766349 766254 828936 831024 858638 835196 878618 829131 
849558 996618 975632 207706 191446 860268 883997 849031 504459 395043 ,996618 975632 207706 860268 883997 849031 395043 916999 36200 888546 
868632 398897 461301 531129 419679 598604 840999 904738 60468 11948 ,868632 531129 419679 840999 11948 542126 797335 970765 13651 403569 
988711 303035 730667 613176 940544 80822 28636 361469 21258 127701 ,613176 940544 28636 361469 127701 620003 202039 438154 851752 988951 
17058 886924 528313 268924 111673 794261 597082 842581 516362 590569 ,17058 886924 528313 268924 597082 842581 516362 590569 278134 375521 
574312 395964 904578 872119 13640 395457 947842 704371 835041 71151 ,574312 395964 904578 13640 947842 835041 71151 744534 515847 527902 
196662 275478 12027 815172 263460 820971 489720 132921 975988 376384 ,275478 815172 263460 820971 489720 376384 140081 279655 561020 589609 
305865 292066 609240 51583 469672 160255 261514 446120 248592 473717 ,292066 446120 248592 473717 536061 905494 323984 730297 744892 364579 
519779 281911 770646 724877 280590 145402 680707 730482 452423 851362 ,519779 280590 145402 680707 452423 791185 68812 366029 280750 841928 
191143 218403 38819 38919 823496 37704 447539 953106 207088 477299 ,38819 823496 37704 447539 953106 477299 37684 559198 37668 11220 
176056 356936 467415 175729 420609 526671 947060 669236 525680 567767 ,356936 175729 429764 808018 151252 474581 830968 811378 725913 189505 
313837 812156 317530 715823 850081 161400 128942 229499 994734 552459 ,313837 715823 850081 161400 128942 229499 552459 59365 691675 139033 
840898 576593 90996 975520 572957 859729 877600 218309 625828 998228 ,840898 576593 90996 572957 859729 877600 218309 998228 961251 103902 
499324 1141 148738 750710 791499 462698 300124 349112 358333 904389 ,499324 1141 750710 300124 349112 358333 904389 201484 549534 8026 
656430 133838 655412 310794 778860 833210 404998 757802 760003 610026 ,133838 778860 610026 759299 482291 673943 610401 340504 639051 659780 
269650 158646 632995 799104 94089 194844 460772 16414 739095 157490 ,269650 632995 94089 460772 739095 157490 742855 551878 738430 193744 
930645 35830 85651 687524 751559 86190 65251 696062 543829 721897 ,930645 751559 941975 388237 329039 558785 551094 933348 680991 728746 
60452 76614 13996 517916 209339 635058 173566 66976 5219 714604 ,13996 517916 635058 173566 66976 697605 714195 323879 795912 277804 
137542 270762 318651 271008 532887 813484 71451 206628 270906 980327 ,137542 270762 206628 810610 533039 972926 662430 560674 331374 107570 
18808 116599 324456 574925 612538 665242 797320 876209 991484 668913 ,923374 363008 183902 515193 70650 96734 772827 160892 633610 97906 
31127 389076 956156 29168 389106 806487 255499 409219 524375 485045 ,31127 389076 29168 806487 255499 409219 524375 485045 230917 323137 
974743 726159 538627 954908 972380 316848 552137 799070 805483 924974 ,538627 954908 316848 799070 924974 478832 593681 324145 100355 929285 
435370 989620 879768 787588 454875 661342 30440 182081 439425 685117 ,989620 879768 787588 661342 30440 182081 685117 291888 379122 828028 
687760 30002 524433 694334 99720 465017 169506 551667 151598 265130 ,687760 30002 99720 169506 551667 151598 265130 420608 940628 127953 
442732 31782 614142 794436 401683 152943 869892 116909 381448 806966 ,442732 31782 614142 794436 401683 152943 869892 116909 381448 646262 
341948 86123 320901 957304 887125 845797 230682 386699 812437 732807 ,887125 771311 20294 668400 299327 262099 195603 67359 192573 860467 
635389 4548 571879 419736 520891 666636 635558 525606 721711 291996 ,571879 419736 520891 666636 635558 525606 721711 904076 325185 280779 
821939 815480 520730 815287 815404 815329 82999 815274 815356 996019 ,82999 815395 996018 520726 815282 815402 30330 83409 279137 818254 
489515 504943 515557 793376 584070 52741 112324 500033 327118 292254 ,489515 515557 584070 112324 500033 292254 141379 513196 44221 318906 
238869 889155 599053 497131 81146 733136 954636 955326 439218 4702 ,238869 889155 599053 497131 81146 733136 954636 955326 439218 4702 
808173 325573 387589 385811 617780 381060 479520 387439 39262 38030 ,812387 571393 451060 966231 413215 914620 354240 924226 247712 404052 
500849 237786 431145 525235 965309 69208 365768 188786 803961 534010 ,525235 188786 87369 84174 236828 509432 426488 83658 82644 430866 
522254 753964 401210 523173 490525 281125 429369 684271 84967 892760 ,753964 523173 84967 291910 74944 86980 719257 40560 87905 632208 
107336 429986 515928 806066 94293 901724 914921 433011 480488 314383 ,429986 515928 480488 952684 689975 979771 74414 418521 897385 504539 
45708 714927 657119 663529 369871 187652 84982 163661 227144 672702 ,45708 714927 663529 369871 163661 227144 672702 566810 444026 699482 
193077 192865 829923 986390 557892 811615 632063 496262 17601 317121 ,193077 829923 557892 17601 386964 772463 795504 795735 612587 533832 
910919 825507 24241 651393 455183 256541 994494 756385 717491 774349 ,910919 825507 24241 651393 455183 256541 994494 756385 717491 774349 
350872 347960 493570 487811 230426 330635 348949 597594 967754 921261 ,347960 493570 487811 348949 967754 921261 594104 173890 115160 294804 
522102 19984 383869 180628 697019 261658 375386 529313 62166 955604 ,331368 691655 126547 602709 550949 146139 602304 374679 551806 65580 
616406 212945 471252 994265 424514 502929 796091 895397 469096 283987 ,616406 212945 994265 424514 502929 895397 469096 283987 56424 49253 
235513 232380 260196 44588 99016 464489 131827 255785 247526 908849 ,235513 260196 44588 99016 464489 255785 247526 908849 359621 188551 
969862 953456 502525 607801 11292 264438 863573 600733 631521 911580 ,969862 953456 502525 863573 600733 631521 911580 258400 782745 306770 
228732 99540 108444 857893 804642 561823 353993 942852 469777 812074 ,804642 561823 812074 549993 681993 355857 606687 664117 367842 741470 
373565 380258 472731 715365 910347 763920 975552 469369 303854 523286 ,373565 380258 715365 910347 763920 975552 469369 303854 523286 221476 
679243 417092 198691 765648 456739 465940 138493 533174 193117 176855 ,198691 456739 138493 533174 480716 261948 957936 789925 720041 468312 
947217 151950 528265 684620 122383 761581 577064 730177 180978 467716 ,947217 151950 528265 122383 761581 577064 180978 467716 578092 272861 
103363 846047 994033 174069 551668 785787 926551 331949 945146 681567 ,994033 551668 785787 681567 993865 437293 472665 546409 871292 705515 
607352 891486 898183 792856 791653 364740 974586 639315 373446 536499 ,898183 373446 889766 941052 325194 245082 246021 347014 453361 28721 
769372 837689 338959 949613 910989 343394 710661 510801 681592 980311 ,769372 343394 510801 681592 980311 16302 435352 432520 313037 354747 
305436 453777 458014 468497 268629 747138 30831 548657 181608 227129 ,68231 583056 798079 526943 741995 606727 50601 402444 35101 133007 
44126 701665 885193 901654 228376 103195 155568 140732 673394 627964 ,44126 701665 885193 901654 228376 103195 155568 140732 673394 627964 
233215 74547 166546 632906 804732 66611 62557 907976 929231 233859 ,233215 632906 907976 929231 541317 932282 666662 597955 100773 346501 
798141 193920 516194 903797 108821 966552 360774 681426 885256 875864 ,903797 108821 966552 885256 669428 281370 584802 631772 299185 90324 
269649 693996 620820 371013 548603 782115 299013 573704 419938 507250 ,269649 693996 620820 371013 548603 782115 573704 518412 835064 535728 
558871 493418 63842 854561 190798 105664 285083 289974 87647 284006 ,493418 63842 190798 105664 285083 284006 659885 884376 332817 457079 
775816 654581 536917 571150 40393 905995 40496 556792 906190 418697 ,775816 654581 536917 571150 40393 905995 40496 556792 906190 418697 
68806 502460 905162 105010 467351 214439 517997 316278 88453 281847 ,905162 316278 781921 281462 525789 211279 216729 466800 314462 522813 
611744 629038 15659 97978 496847 708796 16452 235000 292305 383543 ,611744 629038 15659 97978 496847 708796 235000 383543 959172 285819 
621610 405157 167526 816500 755392 610754 778860 184892 113160 816746 ,405157 167526 816500 778860 758587 816544 544599 674059 674431 404794 
801170 768933 868428 905625 862738 2839 931973 996922 12906 993259 ,768933 868428 905625 862738 2839 931973 12906 993259 266038 3298 
353085 309656 372023 203283 267561 910880 982569 485793 328251 228688 ,353085 143486 534746 692886 279614 600731 603114 534509 249261 293540 
209504 259484 861142 585445 13227 734821 855914 667424 812483 300470 ,209504 259484 585445 13227 855914 667424 812483 300470 589886 534911 
74547 520334 386297 440220 805467 419980 245914 669197 493327 585792 ,74547 386297 805467 419980 493327 500730 515855 496646 625395 950564 
612000 646128 821816 483116 545675 894021 587502 370766 574779 533052 ,545675 894021 574779 554375 808936 396261 6724 872929 108934 196662 
178149 619852 547305 518232 554448 516804 74188 915714 414951 696930 ,74188 696930 851201 610244 740223 468374 220185 516070 157261 616718 
194710 273526 406453 806577 223669 561459 798988 749260 273869 977643 ,194710 406453 806577 223669 561459 749260 399031 61062 737302 399005 
793358 494715 414946 837982 52982 656168 953922 803392 939380 557173 ,793358 494715 414946 837982 52982 656168 953922 803392 939380 379022 
837431 346400 837301 992830 992771 775427 672630 465398 576209 613373 ,837431 346400 992830 672630 465398 613373 894156 765063 538055 833128 
998349 820535 450808 986919 789733 410314 45092 50435 290619 891789 ,998349 820535 986919 45092 290619 558710 885029 433125 628886 8945 
817838 170951 114760 219881 144645 941507 861802 782930 147850 27061 ,144645 113304 246356 728211 526320 126579 503365 126623 120867 731621 
770990 658180 567753 567775 567767 723499 104859 121996 355464 567759 ,104859 121996 29950 151252 516839 30330 468063 567768 815282 790727 
894084 821468 755729 883260 70253 824671 51317 640340 477853 254510 ,821468 883260 51317 640340 254510 935281 74646 103658 517503 934383 
799865 556943 222095 387016 389087 379401 55410 899432 755173 685523 ,799865 387016 379401 685523 792847 889221 52461 479296 735349 54581 
298639 733619 860154 703421 835526 859367 579484 703810 49482 188811 ,860154 703810 885586 320130 298809 850116 952486 544604 819810 480364 
724038 625435 774998 537309 101222 40985 388162 924220 847054 733357 ,625435 774998 924220 847054 733357 833238 274358 573462 927771 834648 
479152 280573 345037 668471 354747 338708 285840 145000 322627 478934 ,479152 280573 345037 354747 338708 145000 322627 478934 670816 280566 
830004 800760 46783 409549 86757 57318 924226 802707 897508 909784 ,800760 409549 86757 924226 802707 897508 909784 204508 947839 479390 
786969 822206 169071 719908 456065 295766 785745 785771 383916 436009 ,822206 456065 785771 383916 436009 30327 228333 510780 822157 219659 
683948 537303 376289 39119 57318 776860 479390 404856 621112 533585 ,683948 537303 39119 776860 479390 404856 942959 486755 557819 546643 
68381 706377 522234 723673 721870 71513 972963 617874 94492 85741 ,723673 721870 617874 723790 94861 526255 690495 5652 447814 955211 
19443 105622 586855 220867 304525 842335 701009 522849 61956 202090 ,220867 304525 61956 14854 435736 246888 977857 272846 690648 246372 
63710 911572 913231 484879 701515 519567 913400 997739 942066 260692 ,942066 831050 110431 911023 215348 984908 749294 977299 181547 528746 
569484 405033 828410 612606 775569 322599 809330 747259 819 168152 ,747259 778939 613968 659878 989751 844075 613739 99439 342889 564680 
71381 190492 110699 776069 609209 577051 929002 788861 222051 852228 ,190492 110699 776069 609209 577051 788861 222051 852228 822863 187735 
846781 206640 230035 391408 963500 867015 480716 875987 632159 535663 ,206640 867015 480716 875987 535663 514411 498489 168872 61723 732803 
420964 863144 418125 580973 287043 635461 398170 931384 870697 126753 ,420964 863144 418125 580973 635461 931384 870697 126753 109830 464119 
528533 515141 40560 396850 151598 5373 152270 435843 494946 554734 ,515141 40560 435843 241746 365033 153704 336937 79087 683675 527611 
94905 291910 60133 156500 819528 291927 188418 684862 88006 17351 ,188418 684862 30330 30006 815474 526374 466844 516839 466921 151252 
534619 763934 293845 444356 429471 310838 741784 717047 906924 535273 ,534619 444356 741784 717047 906924 480712 110135 869888 306595 616283 
653823 63482 724747 707460 629491 490688 215202 431303 735777 965817 ,63482 724747 707460 629491 215202 735777 629952 430889 64078 194356 
785302 197486 53801 194830 273646 723772 170224 474071 806356 64078 ,785302 197486 273646 170224 474071 19344 517580 313469 744345 2709 
397851 703087 137424 627981 574418 519624 113796 721295 484242 426229 ,397851 703087 484242 69056 433414 343400 366163 3148 690963 998002 
192197 982919 990348 772550 504459 855880 839439 989893 852739 201694 ,192197 982919 772550 504459 855880 839439 201694 441437 545550 376343 
997631 843631 439314 291986 678004 179053 180675 905113 287515 713643 ,997631 843631 439314 678004 180675 905113 287515 854125 17396 141531 
350433 95537 518005 453664 516071 795113 731850 830968 903454 178932 ,95537 830968 14875 852504 724797 731033 693357 125499 122853 974722 
264150 43872 519533 426664 840307 484408 68983 903037 886189 250937 ,264150 43872 426664 840307 903037 886189 784246 817811 271918 632773 
714486 915021 787870 569205 537851 519225 637319 52735 898953 153515 ,915021 787870 569205 537851 519225 637319 898953 153515 520612 901923 
837339 374471 659748 64533 638017 574867 966243 283688 587565 573520 ,374471 659748 64533 574867 966243 283688 573520 511149 122338 225470 
832074 636059 202291 433766 936499 441463 915316 300339 271421 965496 ,433766 441463 633784 670007 846350 312850 454687 59201 731736 239413 
852722 725053 822010 174620 60764 363885 295819 24294 400625 153330 ,822010 60764 295819 400625 677836 684198 684486 60988 974039 367686 
731690 794032 179742 262916 784582 578739 69332 264386 518442 816809 ,794032 784582 578739 69332 264386 816809 398292 714103 528162 924183 
868469 60470 531623 543422 837728 982919 94915 69299 16404 568342 ,868469 60470 531623 543422 837728 982919 69299 568342 730771 171873 
497180 511684 490590 228115 106069 509397 11501 487556 158080 365608 ,490590 509397 11501 365608 288739 291806 199675 974039 781288 160916 
514206 326368 442050 514161 258193 486374 467162 819562 636165 154623 ,514206 326368 258193 819562 154623 325697 717386 463624 674516 366998 
893025 39327 993715 8116 917613 996654 296514 38214 7934 976839 ,39327 996654 425430 905881 42387 825162 886746 558724 882774 558054 
215337 613031 672435 768787 672377 640740 893590 996884 760139 893011 ,672435 768787 640740 760139 794812 240736 144951 667430 552300 845499 
680157 585071 308268 163502 580038 965944 591429 941959 203776 505667 ,680157 585071 163502 580038 941959 203776 795782 562255 105089 294131 
821768 554428 524142 552102 596348 884020 867057 361340 411488 606231 ,821768 867057 606231 450887 274624 697100 275711 196895 659108 883988 
17082 571927 701868 778510 115956 123880 646972 725736 483506 811747 ,17082 571927 778510 123880 483506 811747 752711 197166 927060 276638 
23168 438380 210901 619800 211546 769592 876880 156488 859243 659822 ,438380 769592 876880 119059 391586 437228 562408 315963 340601 242218 
961474 411483 67573 805712 236892 363585 214487 564775 37011 791295 ,411483 67573 805712 236892 363585 564775 478797 162869 391107 910014 
456337 661746 924529 789930 978038 64725 911747 942351 543231 637537 ,456337 924529 789930 978038 64725 942351 637537 362066 810072 405942 
634565 815643 988612 560769 912441 536128 776837 71785 291050 96033 ,71785 96033 369725 532645 71781 529974 799304 804918 128940 849760 
122957 524206 339549 422787 246858 458066 254264 465056 533799 488284 ,458066 236740 528650 724825 294346 529430 452396 372232 521497 351775 
934189 94293 81369 580427 925494 748858 531003 11229 261021 435855 ,934189 94293 580427 748858 435855 351646 321714 147457 973472 200661 
857351 954443 426241 858025 511868 832431 736065 238633 92477 633154 ,954443 858025 238633 92477 112204 868026 237256 10833 542321 406331 
425187 127327 151006 108299 277865 341375 362769 6977 488376 695259 ,127327 277865 362769 6977 695259 413880 999747 273862 42265 470706 
788671 148271 158879 326378 904201 169100 789033 535544 254123 280425 ,788671 148271 158879 326378 535544 280425 93011 763159 589105 389851 
687343 897451 803783 146157 242061 687497 633030 865019 392584 850197 ,687343 242061 633030 392584 850197 204009 199790 199621 263478 761755 
528844 529020 927604 61800 747453 733589 966065 339013 502344 351536 ,529020 747453 733589 339013 502344 859530 238908 470570 350515 804111 
504439 294185 228395 992251 417576 285222 822821 417566 738164 900301 ,294185 992251 285222 417566 738164 900301 689467 560661 133620 113146 
370814 692115 64439 525065 31473 711515 126339 78478 998597 992474 ,370814 64439 31473 711515 998597 105754 232976 825336 361724 401263 
686581 363708 995002 458692 562767 366806 685838 597323 935883 840511 ,686581 562767 597323 935883 840511 193769 596168 280028 453075 393580 
537652 936313 680262 100354 283782 370005 859621 85980 388872 87123 ,936313 680262 100354 283782 859621 85980 388872 491777 351906 744135 
973014 322375 307139 321641 522810 16749 525355 719794 151502 21921 ,973014 322375 321641 16749 506012 352135 499254 105741 350826 140456 
299924 96485 701588 548894 193972 723185 349629 33094 595308 325405 ,96485 701588 548894 723185 349629 325405 733560 215048 228564 380380 
645827 493933 259578 126959 886885 323193 931516 873519 946051 564821 ,645827 493933 126959 323193 946051 564821 323761 214718 84342 389726 
869523 15351 933089 201370 606481 960795 913121 545090 200477 272509 ,933089 545090 200477 272509 842090 223734 883202 781798 223791 886795 
551391 550449 435302 17800 556465 434234 982055 622003 574944 223144 ,434234 622003 751544 876617 960282 99177 45778 947253 795754 616243 
727294 946783 350939 352667 1046 72343 192545 285080 277426 175562 ,946783 72343 192545 285080 277426 929394 690102 192565 610142 842521 
613715 56362 302994 381456 269989 495610 362588 958913 17533 554040 ,613715 269989 958913 554040 347682 924832 706928 66600 789229 381027 
558867 587414 987198 31742 635751 476313 211518 728143 948623 975493 ,987198 162249 659662 120122 508959 526503 313151 157991 931836 350193 
379137 642312 702272 53440 562826 588693 452289 891186 190954 585213 ,379137 642312 702272 53440 588693 452289 891186 190954 585213 211732 
521890 886222 247786 724776 922997 781685 718887 11845 986734 858200 ,521890 886222 724776 922997 781685 11845 986734 858200 997846 313937 
181377 463751 267260 248206 324654 954777 266757 87681 214355 75454 ,267260 248206 324654 954777 87681 75454 819785 954906 978991 91953 
560850 844665 11008 60604 878129 14808 845709 286348 855730 845682 ,844665 60604 878129 14808 286348 855730 845682 785006 918852 871509 
531599 740630 532036 361777 361817 254229 90792 129973 71496 421175 ,532036 361817 90792 516016 569971 452354 528333 250416 105787 122557 
805790 989031 16653 392306 400722 524655 127991 694457 431892 156762 ,989031 16653 392306 431892 171824 516597 204273 594990 485883 934337 
16605 207505 899027 482806 722747 715446 572834 112204 685486 507306 ,16605 722747 112204 678309 560820 685015 14066 415426 92590 44482 
855504 996997 913938 857128 856316 991362 991620 854953 190620 911659 ,855504 996997 991362 911659 996986 996933 772053 444860 908417 849545 
678801 614565 989936 635075 237974 705274 529649 79934 923856 973151 ,678801 237974 294267 705444 857500 980292 880603 96014 203913 572209 
68546 111781 713544 523799 826110 123294 363570 122052 614923 527856 ,68546 713544 523799 122052 614923 527856 264141 83586 128438 76946 
546613 530830 275649 944155 829774 83652 711785 396647 441649 752591 ,546613 530830 275649 829774 711785 396647 441649 752591 267254 746324 
369789 563421 253228 264266 12829 840779 823068 402688 172073 475388 ,563421 253228 12829 840779 823068 172073 267822 295968 296795 68167 
384948 194986 68578 271666 271848 351906 630259 864500 76947 214386 ,194986 271848 630259 864500 92724 198607 247542 805791 16315 582275 
484902 272044 183009 683446 267456 354656 407696 480341 467640 679164 ,484902 183009 407696 480341 467640 16399 266750 731724 912232 93914 
868180 18009 148056 80951 341106 845217 14487 8021 244369 117261 ,148056 80951 845217 8021 327639 147101 344439 940665 710254 749070 
608184 460874 316833 645717 162081 505533 432741 919217 676524 452839 ,645717 162081 432741 919217 640932 944604 75706 636033 295780 529672 
307585 346509 253968 282956 899783 442275 308208 660459 471873 947611 ,307585 346509 253968 282956 308208 471873 947611 188521 690088 499919 
224711 843847 539874 899110 506273 863244 503134 836843 219478 480316 ,224711 539874 506273 863244 503134 603095 267260 52848 222792 865832 
443274 839690 655596 655800 46795 654916 654792 657766 421417 446550 ,443274 655596 655800 654916 654792 657766 446550 602402 388250 447219 
202647 958910 536499 191643 257485 537332 471275 515481 392584 493446 ,202647 191643 257485 537332 515481 976447 276831 420381 151339 200727 
35060 326469 686206 488796 13610 598754 353766 967372 948957 451613 ,686206 13610 598754 353766 746368 783508 75749 93853 517137 942613 
585394 474591 4978 705047 973009 742984 473449 340334 825657 355257 ,585394 474591 4978 705047 742984 340334 720139 345919 6416 764690 
83751 243887 406977 296027 82427 169237 726695 860455 286204 514530 ,296027 82427 860455 514530 886885 267001 285505 199196 481010 199199 
859335 732195 43938 963296 315674 295385 599078 389927 314955 529242 ,599078 280523 389095 719230 104898 473369 106146 957580 64404 687830 
906810 448163 735022 187727 753865 773467 837842 996453 39515 410596 ,906810 735022 753865 773467 837842 996453 39515 546221 188028 375608 
993915 198605 391430 267773 543594 100557 268993 74904 691114 385173 ,993915 198605 391430 100557 268993 74904 61609 616457 390190 472370 
73229 805470 466536 12259 439986 854372 985301 283429 329569 141665 ,466536 439986 141665 584849 154405 97677 729234 75427 870528 25141 
877644 877349 264671 625096 492392 974908 287128 842455 218905 264303 ,264671 287128 264303 82673 97114 896264 220783 137994 69839 297375 
37487 137975 987683 563633 170852 993119 758951 499526 384115 591435 ,987683 563633 993119 499526 591435 970288 287635 373058 451502 268467 
304644 967648 293437 725746 503425 666146 460565 217596 281154 311864 ,281154 58736 690125 757677 336872 464811 504953 266940 186778 854315 
797106 806844 507507 681626 305702 664694 683078 513668 684638 682330 ,797106 507507 305702 513668 682330 466278 680513 116629 318586 523148 
162728 716000 693894 509956 803986 184712 477541 386709 139277 206535 ,184712 477541 139277 263522 426904 528175 978428 859335 70536 79623 
187133 57416 52565 828172 858614 389466 77171 53744 469309 520995 ,57416 828172 858614 520995 208070 55762 469258 414227 187019 56512 
22364 616920 622714 433127 141868 284087 527152 313510 377155 771381 ,141868 284087 527152 313510 281422 551422 344528 172117 692950 945032 
977972 222360 710658 452906 863976 210866 556524 64478 984320 872425 ,222360 863976 556524 872425 455120 453931 978723 557354 455478 563407 
614124 612664 610567 587329 104282 399903 203398 403972 873796 759513 ,614124 612664 610567 587329 104282 399903 203398 403972 873796 759513 
274331 181097 271758 76309 511015 884789 634498 503991 468257 327569 ,181097 76309 468257 987740 790573 469102 49246 859735 420166 734953 
151056 353422 994193 38373 180283 450602 811408 745137 118383 577294 ,151056 353422 38373 811408 745137 577294 429101 235259 250043 508193 
79525 305106 293027 522254 332654 321576 129998 278928 381428 500424 ,79525 129998 278928 381428 500424 124739 496957 54653 82063 89315 
293974 851507 125243 843359 608101 13493 246401 639706 568273 490511 ,293974 843359 608101 13493 246401 639706 568273 490511 831964 485454 
78948 797966 121609 438695 173813 506880 94787 451494 532742 525385 ,121609 173813 496044 94844 489300 152250 525091 500595 722700 331409 
489130 486208 432050 237971 490523 200523 264942 60486 487696 820992 ,432050 237971 264942 536730 522629 726213 210929 932182 188755 451004 
208016 88100 549568 33481 917695 870151 464185 626775 139019 872444 ,549568 917695 626775 572508 126051 384107 901093 185143 270259 671786 
136487 78126 584515 734664 169319 925046 481286 335141 512201 679242 ,136487 78126 925046 679242 32728 485195 449333 23021 615064 837080 
979079 834368 14858 223925 393377 93719 392932 507638 277601 113536 ,979079 93719 392932 507638 451972 13019 374987 880657 158272 747028 
990870 159266 635337 283884 101352 189488 15585 439457 92624 7562 ,990870 159266 101352 92624 7562 727859 616526 501236 538395 110075 
784034 849831 139822 183939 80870 611569 608841 167591 682891 750287 ,849831 139822 183939 608841 167591 764145 913100 62949 403190 142881 
404614 64106 123775 672149 831897 181642 917995 185345 975277 230962 ,404614 64106 123775 672149 831897 917995 230962 831123 483779 720705 
986048 296326 386658 218969 739810 87441 212457 742140 700905 339931 ,386658 739810 742140 409655 569513 628107 742912 482627 863129 79667 
510404 572032 971597 439589 712724 471342 743628 807617 406499 23782 ,23782 790937 983597 733139 275124 151422 818778 770047 218337 896803 
750262 397945 945168 436138 397299 799365 588860 935654 767683 577258 ,750262 397945 436138 397299 799365 588860 935654 767683 577258 505111 
700790 865511 467870 512174 57178 480236 855451 38069 467605 480142 ,700790 865511 467870 512174 480236 855451 467605 332117 891824 5928 
567345 833735 831993 759499 569184 568039 830195 134649 567543 757621 ,567345 833735 831993 759499 568039 830195 134649 567543 836323 567091 
760280 961773 772717 851158 254922 654999 149452 886068 995366 889087 ,961773 772717 851158 654999 995366 889087 764491 824130 826732 218074 
657372 26832 760587 816241 150228 569465 757317 232170 546060 811744 ,657372 26832 760587 150228 569465 757317 546060 811744 676120 661281 
367023 466134 707564 208444 636566 381103 8452 73938 575558 525385 ,367023 466134 636566 381103 8452 575558 525385 370529 75684 168589 
484502 59148 780464 711109 104823 219794 258074 514144 370381 93496 ,59148 711109 104823 93496 221152 413863 607291 44533 664021 834486 
472888 631118 426310 478989 730557 718994 780242 152025 2916 278614 ,478989 718994 780242 152025 2916 140764 854710 811867 122818 263823 
799817 829349 864803 77623 506472 415509 229312 13422 198584 454331 ,799817 829349 864803 77623 506472 415509 229312 13422 198584 454331 
495668 790077 870305 515252 552091 347015 490079 141086 745350 56819 ,495668 870305 515252 347015 141086 745350 643808 742689 516851 664896 
494300 421747 532924 471068 57589 302014 912461 286291 114830 507992 ,286291 106745 56611 61178 798818 494151 39113 370017 478026 272869 
881263 121043 779336 30907 717684 881940 820034 852392 143220 156426 ,881263 779336 30907 717684 881940 820034 852392 143220 156426 515058 
334825 613779 6670 143985 613520 6127 32348 289644 410603 613655 ,334825 6670 143985 613520 6127 32348 410603 23096 379207 234385 
835242 446995 967658 187592 530933 988919 619661 484329 290567 820120 ,835242 446995 967658 619661 290567 820120 767634 806981 392350 749079 
82454 761100 977684 557091 735136 215462 932854 510782 13376 871062 ,82454 761100 977684 557091 735136 215462 932854 510782 871062 537331 
709050 797468 854126 240247 620412 27699 845454 824419 239939 208568 ,854126 240247 620412 27699 824419 239939 208568 854146 146794 636347 
530440 487426 485330 487485 452612 514250 199352 200876 205888 13419 ,530440 452612 199352 200876 508372 957940 819520 845397 752082 377176 
980381 812482 542019 123820 265003 182038 633005 500781 748403 46545 ,980381 542019 123820 265003 633005 71043 504136 199634 492006 795468 
385092 926997 684498 803512 956760 679307 515221 20778 196292 680221 ,803512 679307 515221 20778 196292 242359 525769 243916 864329 778080 
602143 905499 51065 769799 653727 911058 776962 543116 211521 616126 ,51065 653727 211521 546806 445161 242273 443474 998552 719278 443029 
680277 435427 900277 921206 843020 66025 958902 336579 121900 793835 ,921206 843020 66025 958902 121900 748514 949444 200876 868048 196213 
813958 272300 142478 850620 391452 969165 205309 645555 425776 815217 ,850620 205309 645555 425776 141886 10433 402738 930388 726969 859286 
68317 473396 595750 7058 10746 430472 485398 822355 963400 293458 ,68317 7058 430472 963400 124590 788494 68473 228120 932361 296709 
523820 967659 421176 725514 321706 269159 129811 572868 515651 528378 ,967659 321706 269159 129811 572868 515651 421291 575552 352045 506007 
980617 712453 436758 698054 115542 308071 774980 269159 251416 958499 ,980617 308071 180464 40602 751111 381673 905104 202366 396882 201605 
204387 216869 212993 877472 645733 103317 646159 436093 924930 16640 ,212993 877472 645733 436093 250317 889335 932751 526339 593075 372408 
616265 560856 226925 335328 248026 416591 487148 253437 200144 251300 ,616265 560856 226925 248026 416591 487148 251300 330046 307285 545400 
85488 473659 659963 823416 11427 815472 278638 662756 785356 397419 ,85488 397419 551631 738482 327208 888900 521865 658140 830856 518649 
50077 275281 214599 932719 49073 4024 386977 169887 548551 184475 ,275281 740986 676136 896572 65183 314291 19097 197991 164016 623907 
522793 678476 534678 482183 345439 600801 669556 524047 598086 683085 ,678476 482183 600801 524047 683085 100133 744733 948978 298528 326313 
823603 302550 864247 819739 551358 561414 445430 823592 951986 998281 ,823603 302550 864247 551358 561414 445430 823592 951986 998281 824458 
844731 984518 903873 280430 625393 463573 914166 750648 40624 395525 ,844731 280430 40624 946850 845349 929723 592921 673118 828983 654594 
345457 359933 913988 913714 766784 620755 888379 775079 247084 972380 ,359933 913988 913714 620755 888379 775079 585005 848490 130775 782595 
621041 853023 895811 196964 559196 66970 516994 871117 902776 325573 ,853023 895811 559196 66970 516994 871117 902776 325573 545014 113714 
840537 327652 460775 121887 778462 666029 606688 796043 533488 744709 ,840537 327652 460775 778462 666029 606688 796043 533488 744709 688257 
854718 910331 783994 259606 35458 114980 677883 909600 660929 177225 ,910331 783994 35458 677883 909600 660929 177225 104096 299738 405674 
607784 527846 289214 683035 678113 955655 628198 812420 813201 772702 ,527846 289214 683035 812420 813201 772702 677973 522522 872309 688444 
451967 949749 348787 250667 199432 118501 779329 519056 876114 442294 ,451967 250667 199432 779329 876114 442294 505849 421073 473963 871910 
639732 507653 642008 817612 831537 961868 974750 776144 47641 676055 ,639732 507653 817612 831537 776144 676055 216894 102669 677531 671068 
516148 867761 207111 594964 877134 130931 861620 444326 473333 547469 ,867761 207111 594964 130931 473333 969832 868077 482299 983996 969684 
647727 674581 647584 716627 443485 601757 648851 609689 785150 292567 ,647727 443485 601757 648851 785150 160128 607118 674862 673730 649726 
680427 223932 519004 655736 303760 892544 197468 72414 461710 213879 ,680427 197468 461710 564590 438827 283467 750648 802054 387676 800896 
715432 820432 883239 7962 339931 410252 465051 656043 378604 976231 ,715432 410252 654321 536257 570002 477219 911661 824227 471143 479512 
909373 962439 666601 760488 988494 450140 714370 894850 661066 715970 ,909373 988494 450140 714370 715970 474414 789425 519230 651801 759825 
946205 843500 934505 728494 601198 65757 19026 308657 237634 908091 ,843500 601198 19026 308657 849910 308947 92991 277456 22631 856330 
993777 883559 469894 901105 374323 409841 641823 400154 441803 874639 ,469894 374323 811754 601106 505494 770008 442598 7869 632500 767984 
180910 757434 267614 757595 529373 844909 917628 871696 846280 704346 ,267614 917628 704346 80021 459452 279958 549302 872563 960718 55846 
863682 471700 379082 397943 635055 774357 379115 881699 774072 424379 ,471700 379082 635055 774357 379115 881699 424379 382266 190242 641823 
905189 583753 58882 207662 842295 15900 809072 795381 207685 719154 ,905189 583753 207662 15900 809072 207685 719154 584169 542197 905266 
669518 978085 941011 749972 945704 669876 570753 483126 273900 580221 ,669518 978085 749972 945704 669876 570753 987871 482463 163570 542331 
775287 776280 633079 310702 604271 322200 660635 584262 523978 279950 ,775287 776280 633079 660635 523978 547325 653327 627821 843345 768797 
169744 931630 297383 119181 233429 723677 629308 488745 520048 270038 ,169744 297383 233429 629308 520048 270038 36678 565005 305023 432470 
813228 845002 948002 505055 907249 560834 774206 563947 441940 908578 ,813228 845002 948002 774206 563947 441940 908578 226317 663498 854408 
351678 176641 822341 745897 606759 709699 448408 601121 45762 768753 ,176641 822341 709699 448408 601121 768753 171109 791507 68318 536298 
491893 61330 227982 219161 480598 572864 312747 295984 2304 515906 ,491893 61330 227982 572864 295984 515906 333251 729339 557811 598344 
913085 295146 886455 281498 237332 538911 144271 869008 470858 544799 ,913085 886455 281498 237332 538911 869008 470858 765992 13595 265982 
932064 92833 993788 999250 888058 560371 773703 253715 80276 495191 ,993788 999250 888058 560371 253715 80276 495191 707411 706663 252564 
500603 184297 473094 751152 977755 533789 249208 428649 780980 648682 ,184297 473094 751152 249208 428649 780980 648682 946217 504156 905490 
256275 572286 682048 706239 275199 694478 122488 787132 729034 723643 ,256275 572286 682048 706239 275199 694478 122488 787132 729034 723643 
959998 970279 261090 961793 970199 637849 191355 764320 817320 816692 ,959998 970279 261090 961793 637849 191355 764320 816692 258328 96317 
809503 323532 620570 527465 665002 237940 97076 285731 746647 595025 ,809503 323532 620570 527465 665002 237940 97076 746647 595025 927227 
120604 685597 888779 111480 375592 630280 311439 988204 692537 438418 ,888779 111480 311439 438418 671151 520233 680715 17441 752285 701078 
663961 596614 560553 520276 576471 755765 20868 939245 661414 481267 ,560553 520276 755765 20868 661414 287921 296415 661622 711230 358512 
443100 660164 388106 442416 764693 772038 566613 227223 736934 124266 ,765069 627799 572638 972893 511384 869318 527769 653141 791658 237083 
771729 353944 250517 299987 561005 579306 886364 400117 48065 728088 ,771729 817915 673841 221505 690637 910815 894578 214113 657504 924020 
281172 526960 414035 523568 230865 108552 231018 280311 439409 119858 ,281172 414035 523568 230865 108552 231018 439409 394411 944846 796 
974073 39260 193479 49875 84697 124301 667508 554218 558723 839059 ,974073 39260 49875 84697 558723 839059 905882 536092 52474 44 
607352 471143 62021 113754 236302 787404 891582 54611 730073 902688 ,471143 236302 787404 891582 340790 778978 191332 236694 869803 217895 
790949 408179 660670 197662 846905 332333 258057 406454 195882 198271 ,846905 258057 406454 198271 196770 971041 970947 265555 94915 737706 
525092 468617 833075 362841 386425 452488 332516 933176 91455 715104 ,525092 452488 933176 715104 750963 659125 286496 398447 71595 256810 
423825 217202 655446 423978 655222 905497 654976 654282 906900 656332 ,423825 217202 655446 655222 905497 654976 906900 656332 905286 399457 
117815 697230 242533 98182 696950 664017 8283 138990 99433 318757 ,117815 697230 696950 8283 138990 72505 677837 546176 538122 663345 
398344 578317 540546 540430 838184 836637 837920 849465 544085 540353 ,540546 927651 764802 134035 163407 783547 156727 145051 808952 161143 
796691 175906 275695 414346 515366 470742 464014 299445 185194 577346 ,796691 275695 515366 470742 185194 577346 708201 697830 878839 196471 
446048 445911 446217 446226 446307 446165 446957 447235 446822 448129 ,446048 446226 825539 821378 447109 905633 446194 37686 446143 907910 
932095 868425 682231 730816 871518 851382 251586 899355 560498 878429 ,868425 682231 730816 871518 251586 899355 560498 193279 272095 126202 
941392 970369 376341 785106 682540 918796 679145 837940 387488 444858 ,941392 970369 376341 785106 837940 444858 768636 854088 987476 865930 
440531 459118 717823 472585 554556 61526 101437 344346 436114 280327 ,717823 554556 436114 731035 711287 395139 598978 103314 285862 234435 
297040 351859 804788 281472 196552 501266 193089 720205 310180 179934 ,351859 501266 193089 720205 310180 179934 724158 60621 377187 194051 
823568 916139 195724 299979 702273 700191 156827 250350 521789 77746 ,702273 560263 541383 656829 309112 554218 831497 138417 374054 521831 
609585 634321 59164 246626 304044 638838 468502 265701 878758 527371 ,304044 468502 527371 529378 89617 592680 223074 502466 982642 252073 
211607 385776 407185 416879 572436 778449 572787 996289 104158 872358 ,416879 778449 104158 904809 887564 953978 464201 377351 993082 261584 
150390 23422 322751 683588 412829 149762 418270 636425 992072 997888 ,150390 322751 683588 412829 636425 992072 688065 436290 919570 699450 
21734 281472 937310 383641 501266 945227 181213 945656 818793 95829 ,21734 383641 181213 818793 510387 888714 840624 517037 44058 291864 
358499 326024 315336 324376 902443 950556 17247 737372 202596 96013 ,587742 910289 594588 548894 900936 603682 212911 107679 680491 978458 
239009 403583 714986 714751 629271 189257 712949 770405 380116 844373 ,239009 403583 714986 714751 629271 770405 627270 956038 96577 880370 
225026 858685 584475 961885 931063 221884 917402 833372 788210 655688 ,225026 221884 373135 647930 405535 602320 41328 522403 114863 762642 
62199 589241 553851 224578 752247 270551 956716 953646 725297 86141 ,62199 224578 752247 270551 956716 953646 725297 86141 607827 531339 
274489 963403 909006 436052 681387 275128 958699 388767 274513 404355 ,274489 963403 958699 404355 273248 706121 383901 273230 141612 130738 
101444 141819 706784 399237 403757 280639 329888 345972 619456 978926 ,101444 706784 399237 329888 345972 619456 282918 576257 353777 172287 
994593 471673 192432 716136 145751 793262 713958 958244 990744 742112 ,192432 192437 566955 311368 569397 736337 955362 472363 559390 667612 
674647 675125 673490 394427 715283 647338 299445 893318 427186 388089 ,674647 675125 673490 394427 893318 427186 388089 159870 106970 182913 
672838 672760 135768 611029 23987 756767 833200 835492 672844 673724 ,672838 135768 611029 23987 756767 833200 835492 672844 673724 757617 
547926 84901 723034 796024 254971 548442 192612 789606 30725 531555 ,547926 723034 796024 254971 548442 192612 30725 680225 727293 251640 
899385 115842 75968 565640 199252 538039 407606 551953 925948 867905 ,867905 192632 558994 266132 412936 979396 374429 790584 497337 188161 
423170 821378 42367 446734 905633 446048 657666 447235 101624 446165 ,821378 905633 446048 965136 446194 656945 447109 41750 994522 825539 
379937 920292 106343 949328 11633 126997 189638 186712 552366 11434 ,379937 106343 949328 11633 126997 659386 936743 950578 114621 614812 
667082 768460 666895 448033 446586 768034 768139 768145 673026 442860 ,667082 768460 666895 448033 446586 768034 768139 768145 673026 442860 
78956 956762 753927 322711 291972 730859 721710 783538 720799 365878 ,78956 753927 721710 720799 365878 640065 168520 427524 176379 461363 
67779 183810 454506 253238 967046 99835 202424 801921 419226 110396 ,67779 99835 801921 419226 192738 680274 328797 161639 597600 802700 
333801 773559 549184 880562 792737 69485 224741 780874 774818 194434 ,773559 959878 988297 425163 547020 904811 860064 796942 984582 681796 
532727 472610 706203 413043 175886 830587 108532 364344 514527 804416 ,706203 175886 364344 522932 271381 176604 105882 153375 615486 342922 
636494 634240 717309 255987 907638 3747 265748 365418 632996 795296 ,636494 634240 717309 3747 265748 632996 241234 288728 663489 105340 
610898 763218 830541 28076 556041 568469 758758 136813 42381 451134 ,610898 830541 28076 568469 758758 136813 451134 832459 993155 614448 
978153 37232 314035 27382 971708 27140 674835 935467 320375 993396 ,935467 251391 588081 660592 399681 20439 361001 419161 193427 128531 
930642 502783 9842 496770 870072 207145 376265 205262 269540 955944 ,496770 955944 443324 104683 901447 207619 889042 225299 223904 644421 
373765 445459 447161 447794 446950 447831 443516 443139 673446 444391 ,373765 445459 447161 447794 446950 447831 443516 443139 673446 444391 
399672 172469 588727 735849 331761 549833 930323 928842 889328 994847 ,399672 172469 588727 930323 928842 404347 393598 595269 880492 944410 
828918 762779 251563 825541 825628 635116 232170 655166 996917 604283 ,828918 24961 819404 778939 883819 533781 756363 808936 492884 251303 
185099 313713 614716 907576 694267 502579 688775 903721 828957 458853 ,185099 614716 907576 694267 502579 471093 34479 903600 552441 81728 
112994 533291 532179 531339 932527 243258 871233 532180 397298 828957 ,112994 533291 532179 531339 871233 397298 828957 172569 863011 5448 
868423 725788 220764 185864 169104 274776 430663 504092 754205 184500 ,220764 430663 795002 77653 261531 16573 684472 852352 70302 903450 
156703 336735 324178 481845 95710 495030 75088 30324 713426 121984 ,156703 336735 324178 95710 75088 30324 121984 525636 94622 364033 
974476 717820 323372 709929 444283 554785 718040 798280 824101 592085 ,974476 444283 718040 653141 772038 189 536060 4914 79264 646404 
220849 598958 904814 129464 911787 89868 810749 190798 277407 859571 ,598958 129464 89868 810749 190798 859571 793531 987700 482133 95863 
618179 838926 980588 420827 951855 892072 9616 936334 178495 979995 ,618179 951855 892072 9616 904357 332916 812561 841023 365336 329895 
702846 87312 849681 903143 600084 874006 910289 190764 322160 572668 ,702846 849681 874006 572668 735579 400636 540725 296474 982552 871013 
562041 191485 561222 908441 564079 563997 223692 564008 223884 376629 ,191485 561222 564079 563997 564008 223884 876779 386223 839958 888762 
817186 135782 756831 673724 349109 404740 757287 672811 803015 542510 ,135782 756831 673724 349109 404740 757287 672811 803015 542510 765122 
237294 315336 507916 421630 554792 499147 473700 793084 324376 326024 ,237294 315336 507916 421630 554792 499147 473700 793084 324376 326024 
29951 261574 526274 130879 469121 68339 449936 708935 236829 516239 ,29951 261574 526274 130879 469121 68339 449936 236829 516239 305189 
342432 497405 804071 384921 305206 139380 464971 321773 493027 452286 ,497405 804071 384921 305206 321773 493027 452286 350397 305006 305431 
21191 368234 515315 574572 308521 518786 386146 112598 403953 459258 ,21191 368234 574572 112598 459258 326363 363020 265294 606775 118362 
771717 810768 519387 810537 689393 221475 533129 395868 293814 535661 ,810768 810537 395868 601664 498274 171867 19496 876403 17438 403252 
209033 606524 813132 315658 174 620629 114961 542170 771019 985058 ,209033 813132 620629 542170 985058 393733 800196 660836 196219 214719 
467300 272441 394864 413387 379614 280627 781078 730378 429702 323009 ,272441 413387 781078 841499 519370 748350 208854 69189 796790 439097 
668138 848364 919360 884023 869483 952650 899514 866106 952251 36171 ,668138 848364 919360 952650 899514 866106 952251 36171 765410 405921 
720199 396899 321789 719295 42882 82630 832906 400621 825513 564887 ,631358 426454 465649 450612 685266 278962 483412 30326 390259 488336 
103598 323101 645819 510112 342481 929294 660942 195361 539798 292636 ,103598 323101 645819 510112 342481 929294 660942 195361 539798 292636 
345167 261031 242151 66210 112185 148749 352336 152240 449560 585777 ,585777 828411 824416 593489 568953 421080 576731 343872 546818 359869 
826867 102983 2131 307532 152019 560052 449616 429357 881388 760690 ,307532 152019 684911 604751 667283 101624 783509 376052 39937 626320 
167790 46676 719433 83222 485099 290041 819060 397270 481204 46005 ,167790 46676 719433 83222 485099 290041 819060 397270 481204 222050 
194626 503855 791258 179685 555506 75983 403057 689227 812757 319629 ,194626 503855 179685 555506 75983 689227 812757 202977 972981 924454 
497873 58876 277209 723973 272832 364938 492597 867313 527229 263169 ,497873 58876 277209 272832 492597 527229 263169 70960 197191 915855 
182701 920089 768230 713325 226909 598560 942514 830269 209373 572141 ,713325 598560 572141 865356 395368 264503 276710 519988 748945 692000 
101240 857271 237683 368538 32199 609832 102836 292210 742238 143412 ,101240 857271 237683 368538 32199 609832 102836 292210 143412 189893 
401371 514428 514875 459569 619019 691297 429156 82801 735028 390569 ,401371 514428 514875 390569 464869 364492 505371 435334 632996 30794 
359869 320265 776240 722949 239398 773817 345167 742452 229337 493916 ,776240 773817 493916 247860 908136 689947 364741 97115 574251 361425 
331999 689662 664704 195780 352314 523857 663701 403130 245172 847019 ,331999 664704 195780 523857 245172 224461 983296 139610 851405 739417 
774162 556601 914290 762660 627415 961482 995013 896116 777829 608017 ,774162 914290 762660 627415 961482 896116 777829 608017 571996 915091 
199244 413077 877929 231132 113136 851094 728282 704955 470159 232674 ,199244 413077 877929 231132 113136 851094 704955 470159 770485 264305 
242466 411400 298167 278982 278725 531339 8172 953995 294558 406661 ,242466 411400 298167 278982 278725 531339 8172 294558 406661 198438 
833223 826669 682154 867849 194729 930622 404564 495212 833247 492197 ,833223 826669 682154 867849 194729 404564 495212 833247 492197 208345 
449641 356518 822194 608150 462730 186018 783149 729287 111287 457572 ,449641 356518 186018 783149 729287 33087 77829 765703 664506 461654 
307900 802088 844704 497477 565374 867663 415215 465264 833858 424781 ,307900 802088 844704 497477 465264 833858 424781 377272 431090 107350 
691547 391475 142415 173559 169207 71027 387433 756268 222367 112510 ,391475 169207 222367 112510 420347 196674 769038 161191 305073 260890 
868374 745191 742214 65553 532820 119649 266281 184469 883038 947553 ,532820 266281 883038 812283 355503 72721 729555 95826 840917 832060 
517851 814525 611214 435562 440251 229823 700424 138866 454536 134020 ,517851 814525 611214 435562 229823 138866 454536 134020 178850 871375 
990596 181092 180927 255247 579783 873292 990304 695247 241391 265434 ,241391 150666 648683 681318 198394 724212 926518 692752 579634 253339 
448336 44990 45744 774848 895408 906811 753864 994107 58259 881188 ,44990 906811 994107 58259 134343 977447 905647 807423 226653 775017 
425442 468177 303498 917377 897205 375517 996861 888468 511427 754572 ,425442 468177 303498 897205 375517 996861 888468 754572 346175 51895 
471219 554144 979562 92501 147375 904620 507371 551093 108781 313704 ,471219 554144 979562 92501 147375 904620 108781 750553 968373 171388 
478494 951786 761482 804417 858291 987689 796313 386606 283259 480058 ,478494 951786 804417 858291 987689 796313 283259 480058 767915 755020 
103651 839705 800405 739348 869415 869048 738878 216067 796682 876840 ,103651 800405 739348 869415 869048 738878 796682 876840 112204 165923 
725828 526196 83764 966991 569793 21354 250824 262189 773167 589734 ,526196 966991 21354 262189 589734 100259 928790 347277 694876 927379 
818720 29972 107395 815283 818719 815375 815459 815392 29990 815419 ,818720 29972 815392 29990 815317 815310 95166 996018 889945 815260 
772690 141798 453420 758892 835662 258057 325656 759783 807220 551062 ,258057 325656 877659 247209 612219 301484 75072 357577 970328 495954 
278725 176129 296045 58968 802361 717049 955312 5865 753213 417346 ,278725 176129 296045 955312 573012 376233 527609 59052 422089 903901 
532636 925543 129404 722635 684229 462726 125714 466856 208836 30446 ,925543 684229 30446 391862 30520 140882 850235 924046 467260 122517 
825313 654197 640946 453308 640892 112763 424608 814189 558480 814239 ,112763 719820 641629 799716 902652 824559 893352 856134 804394 792869 
123447 680715 859901 157241 231837 860459 523287 576308 126091 420259 ,680715 157241 231837 860459 576308 126091 500161 176658 409527 495755 
568912 5763 9490 134171 6457 886249 635522 36890 673470 539829 ,5763 9490 6457 886249 635522 36890 104843 952217 536092 886149 
226087 770646 810605 172556 483563 571080 459803 87652 370620 487553 ,370620 59275 480303 812105 110206 386157 648313 987303 322328 964528 
80437 530281 182590 797003 214977 748064 605760 281874 59142 80143 ,80437 182590 797003 748064 605760 281874 80143 684318 299870 584408 
994010 401062 108267 754867 126450 776064 512515 400970 860960 400107 ,776064 512515 400116 809595 196300 358551 403373 315204 804518 992149 
104805 122060 785810 278936 104719 524698 658596 336697 699175 523269 ,523269 365285 121917 498302 363829 131467 736625 499792 487642 911334 
893229 427134 821378 656945 655211 908888 446939 816823 423170 599853 ,655211 446822 673606 417726 569329 567993 641904 995177 770312 654305 
158888 254074 660813 693488 311294 533316 251521 626125 667078 509004 ,158888 254074 693488 533316 626125 290490 320256 9454 517688 922625 
681493 665367 194350 328528 36818 866104 65755 17555 467283 530092 ,681493 665367 328528 36818 866104 65755 17555 467283 530092 774167 
61759 153603 192907 889 924847 125177 251329 540974 521681 977558 ,61759 192907 889 924847 251329 540974 521681 945079 528498 860161 
704941 137833 171212 928338 417437 232714 878511 712524 934484 668289 ,417437 668289 951178 751401 47428 377488 15872 373014 738078 949440 
67146 553739 278569 345469 960421 688158 314776 545302 795590 819524 ,67146 278569 960421 688158 314776 545302 795590 819524 436215 304204 
844624 332333 277123 287065 166485 392445 747784 197662 276354 378371 ,844624 332333 277123 287065 166485 392445 747784 197662 276354 378371 
187550 503059 905070 546455 179623 410915 411117 61771 411021 379750 ,584227 71567 555393 363637 174907 371016 237960 498064 548185 242842 
215152 669382 535213 559669 68084 390202 389485 750624 456709 659545 ,215152 535213 85261 816470 700736 389831 700074 178692 614924 669368 
898460 724746 578842 773957 953769 913855 619308 712453 953784 912109 ,898460 724746 578842 953769 913855 953784 584684 952524 983820 309903 
988652 380569 691140 864640 884378 455493 749182 793590 884392 677887 ,864640 455493 793590 515395 74323 878953 347851 172174 394784 19376 
632423 297620 978989 441835 135111 394920 74607 570755 666591 805799 ,632423 297620 441835 135111 394920 570755 805799 990459 420322 16030 
639155 434519 545277 858345 668545 655967 919414 470920 13658 898980 ,639155 434519 545277 858345 668545 655967 919414 470920 13658 898980 
3694 211947 213197 260092 127575 967056 753519 226247 311159 563195 ,211947 213197 260092 967056 226247 969677 61565 888548 844523 892988 
798064 375333 649806 650971 446929 673411 446869 610617 446844 603759 ,375333 649806 446929 446869 610617 446844 603759 447664 759493 446410 
430518 402428 572916 748169 379569 816122 754710 323182 291664 354857 ,614883 390598 335877 738361 612712 136404 365588 90220 682511 524864 
279973 306119 305338 929786 336855 609439 306005 247858 292246 511558 ,929786 336855 292246 525726 306184 280816 24396 600778 280190 364027 
758907 858346 885554 374392 131929 685010 958422 975928 260616 374189 ,758907 858346 885554 374392 685010 958422 975928 260616 732422 481703 
711339 248291 580735 953848 238185 732352 54256 801353 70236 387097 ,238185 732352 386820 401466 425491 313741 182284 785745 680918 554092 
613484 69460 952052 621413 297136 66013 214908 395448 227438 797361 ,952052 395448 227438 797361 104915 396868 131736 813251 376439 738998 
765891 873980 1720 958906 614320 21140 783386 219729 679856 757013 ,958906 614320 21140 757013 4110 806344 858992 344034 972074 467370 
560859 40300 183198 631166 869723 858903 920299 357216 613920 315658 ,560859 869723 920299 357216 613920 315658 254915 661466 607859 858016 
934991 997939 236153 630050 288635 554870 19905 630146 736864 825485 ,934991 630146 736864 365608 519848 308816 716659 861331 600685 372753 
427094 422718 717184 806151 994460 339310 103817 24336 498426 655793 ,427094 422718 717184 806151 994460 339310 103817 24336 498426 655793 
273320 191651 246490 240022 956543 880671 595680 396896 375694 223903 ,273320 191651 246490 240022 956543 880671 396896 223903 602923 71095 
969775 877836 324451 372445 444195 542773 444564 358887 468596 37321 ,969775 877836 324451 372445 444195 542773 358887 468596 405628 241437 
322726 836712 877337 596696 114156 140250 549724 902152 142907 857757 ,836712 114156 902152 857757 515120 909549 635651 919114 998002 62560 
349816 405912 863728 225810 613609 224085 910392 913109 775477 349529 ,349816 405912 863728 225810 224085 910392 775477 349529 919415 820815 
149800 262971 591308 34918 700768 416833 115036 97125 245368 245184 ,149800 34918 700768 115036 245368 703462 563632 563887 471588 231095 
996770 665990 210304 53813 56182 5654 46627 302805 560730 924454 ,996770 665990 56182 46627 302805 560730 924454 520527 238791 343599 
644504 644452 652479 714964 642995 911952 838823 644862 442562 423175 ,644452 652479 714964 911952 838823 644862 766071 781440 417860 421181 
72032 819295 472209 957482 92579 472229 921603 448462 67848 254915 ,72032 819295 472209 957482 92579 472229 921603 448462 67848 53184 
31629 482791 932260 32170 429041 814838 469121 546068 397040 716524 ,31629 482791 932260 429041 814838 469121 546068 397040 716524 105995 
250547 555125 807726 859302 522558 361702 326451 878202 663572 868994 ,807726 859302 522558 868994 247854 584745 282068 69689 187987 162237 
222025 532432 883858 927745 938177 74518 395448 304028 181415 836766 ,927745 620543 485911 960875 222339 4408 660392 901709 434712 575565 
183067 878373 5570 142635 321634 16031 465100 760818 812326 400707 ,878373 16031 465100 378469 780980 470703 62177 429709 174050 292608 
822049 825974 82630 515327 722338 825695 531363 108376 467741 636896 ,825695 408332 527818 305011 724858 754242 509796 521895 533770 748053 
55314 619025 791694 792506 866588 639971 207928 411607 306032 905574 ,55314 619025 791694 792506 866588 639971 207928 411607 306032 905574 
494583 687446 364660 37286 919236 248694 328385 780774 262353 363989 ,494583 687446 364660 37286 919236 248694 780774 262353 363989 63779 
646050 810650 672330 449936 790713 551682 672753 673373 547041 672707 ,551682 996018 790727 815375 672475 672178 305189 964710 4925 673935 
984260 105704 419687 811822 284910 909747 630797 569083 599649 598307 ,909747 630797 598307 453018 601653 696249 971272 573870 950895 912963 
176803 172534 176287 979995 333996 822627 948220 135707 382087 620137 ,176287 948220 135707 382087 24729 751830 329283 172584 465277 572922 
188840 661522 910952 450278 423269 994471 328982 980043 237031 423001 ,188840 910952 328982 980043 237031 560353 227268 410048 754246 639822 
422307 961801 584999 580704 197303 329521 693656 666585 246172 583347 ,422307 584999 580704 197303 329521 693656 666585 246172 583347 915684 
984835 813050 433298 985149 510620 694972 168505 168458 938550 273082 ,813050 433298 985149 694972 168505 168458 938550 273082 416520 15467 
621724 197905 72695 928560 220160 117728 139640 211868 954155 711021 ,197905 72695 928560 117728 711021 107763 595080 953867 23215 43705 
503482 484817 867917 842224 949068 211415 871335 728360 864847 75676 ,503482 484817 867917 842224 871335 728360 75676 868321 732183 260179 
413034 413787 404141 136423 133374 47501 321096 222823 148602 952552 ,136423 222823 952552 680847 945629 964646 819053 462871 54921 628800 
774992 164210 86311 981847 83076 563367 692988 472597 434352 72657 ,774992 164210 86311 981847 83076 563367 692988 472597 434352 72657 
452972 845140 209255 460563 685 871003 513985 202466 368741 195655 ,460563 685 202466 368741 779352 496091 811858 522530 551294 578085 
548647 440227 694006 844749 294403 822266 230651 237022 261789 80853 ,548647 694006 294403 237022 870207 214561 294651 322801 367307 631152 
303724 997675 45571 542952 810674 274554 253156 805034 42682 208060 ,303724 542952 274554 253156 805034 42682 208060 606281 572470 293080 
298740 193725 950980 327049 291428 231377 767141 725331 228533 228535 ,298740 950980 327049 231377 228533 539362 514140 944143 237034 13718 
401710 297315 535159 420691 19334 509772 812081 407663 408650 989376 ,420691 509772 3569 690484 684051 226867 742091 327049 2876 613988 
549770 775480 795237 238167 808352 305827 481576 422128 438118 516606 ,238167 481576 105252 599219 516554 470399 240871 79653 658133 2084 
850846 22710 500765 263925 367152 698484 291428 997343 370672 508289 ,468666 246046 303271 68757 19814 617893 352190 702952 299597 803507 
482031 391968 33426 221653 704418 1706 931657 396403 693430 867673 ,482031 221653 704418 693430 724116 273556 842891 844314 390089 983066 
255105 248173 855920 977848 797171 172631 767573 760492 284737 836567 ,755289 837498 163984 420630 242437 841358 998004 480988 702897 892978 
591531 503403 230522 567481 504154 291246 280058 442118 791088 637189 ,503403 230522 291246 637189 903600 36455 600778 36373 761932 718719 
173509 265068 184396 870693 400083 670008 399672 744695 461179 147270 ,265068 399672 461179 185194 723885 748737 845286 283955 200320 14775 
763179 426544 89259 905162 725205 489888 994469 832940 685350 754242 ,763179 89259 905162 725205 754242 507228 432306 825494 829491 85 
753038 484497 182912 431 224898 499342 710604 711013 67573 706727 ,753038 711013 68590 157721 436744 685055 380268 338005 171327 163704 
13561 979413 174574 625624 238304 172686 229217 629721 266895 890783 ,13561 174574 625624 238304 172686 229217 266895 890783 402824 915108 
929190 199664 278480 865560 952676 459210 873376 90912 109266 563197 ,929190 199664 865560 952676 459210 873376 563197 275323 224575 224885 
146112 772226 762655 519559 124230 966510 788620 76011 180806 164244 ,146112 251361 866365 14976 154741 512449 399455 513098 568338 955178 
576802 247242 557498 122990 52474 835811 190848 672555 674056 39260 ,576802 557498 52474 886249 825163 667094 904268 888649 754626 39111 
679860 277702 599017 60796 681350 193946 102850 574162 975547 550857 ,277702 60796 193946 574162 711772 278256 538746 277958 870171 498739 
372469 109944 355479 98082 914084 769282 288506 434564 941990 666240 ,372469 914084 434564 736251 549475 567793 292422 795048 312651 481551 
385144 223552 871606 89852 761541 834437 547155 155807 908731 498248 ,385144 223552 89852 761541 834437 155807 908731 304105 724386 518356 
774948 470479 839309 855192 868120 911939 398688 615995 217202 423978 ,774948 470479 855192 911939 398688 615995 217202 423978 55213 655222 
641176 642737 643228 640691 642730 640910 644025 643445 640213 640618 ,640691 642730 640910 644025 886407 837790 834245 642702 709943 834300 
983764 593761 369497 575395 641042 947033 714065 319369 628114 735719 ,593761 369497 575395 641042 947033 714065 364867 249810 484161 212643 
173284 272557 731690 578807 398471 940267 589209 924091 888825 107574 ,578807 398471 204048 229956 105654 449739 172609 464519 21891 614403 
462917 599185 723171 839780 819127 579754 754205 698697 86013 36796 ,599185 723171 839780 754205 37061 811019 363920 963167 801928 684699 
155286 514308 61356 497387 278936 471873 831042 850424 305591 523269 ,305971 515874 70287 785103 306499 892737 659755 337009 702952 299488 
429887 123064 683939 748227 462364 804131 122811 122422 20875 400609 ,683939 400609 825695 830589 517174 437356 263679 110967 111418 684161 
593864 141461 970887 309531 340145 56341 98349 265543 299003 688745 ,593864 309531 56341 98349 265543 299003 900786 284370 184605 64023 
144774 826259 108408 420260 826260 385364 404347 872900 620267 763406 ,144774 826259 108408 420260 826260 620267 871375 398145 72804 813873 
59218 379991 223669 671583 340582 989768 757745 645278 160097 863943 ,59218 379991 223669 671583 989768 757745 645278 160097 805289 663572 
295296 547986 855930 120229 433336 753746 13966 456436 175062 472305 ,547986 120229 433336 472305 600094 379631 223599 223552 761541 266628 
726490 237034 806665 309583 868956 352666 19083 435824 521284 300891 ,726490 237034 352666 435824 300891 61734 256316 236156 313433 205170 
767088 677965 603051 982424 984772 985058 749769 481561 969677 192660 ,767088 677965 603051 982424 984772 985058 481561 969677 271476 192660 
124266 470477 123067 483708 312261 627799 776963 442767 736665 795648 ,627799 795648 772038 844508 740274 292498 18369 742468 189584 854330 
890397 894710 380825 645698 642698 423816 907262 958057 943223 676654 ,380825 958057 374419 885069 770394 425210 581589 893190 216150 811612 
828747 39243 900690 828317 827830 887249 826292 828227 54790 865511 ,828747 39243 900690 828317 827830 887249 826292 828227 54790 865511 
564980 917066 582929 365252 970780 289933 598146 139000 264723 912984 ,564980 940027 296221 963187 236367 146179 727227 586660 942168 278422 
527562 773133 123354 514518 579992 429842 769939 920061 605998 773095 ,527562 773133 429842 769939 236156 351129 461785 833039 254824 634644 
432012 153314 933104 311476 882662 217357 295460 545547 535156 634967 ,432012 153314 217357 295460 535156 905072 220078 297502 429752 510841 
961455 368601 358499 412912 297266 726714 429524 861657 950556 570613 ,412912 861657 570613 324151 740746 123117 96013 122729 270014 129757 
399795 252289 723539 781489 661217 531192 896183 63748 892096 709431 ,399795 252289 723539 781489 661217 531192 896183 63748 892096 209255 
55630 54346 997904 858849 705487 56411 45816 814752 56628 664653 ,55630 54346 997904 705487 45816 814752 664653 319513 406867 871694 
411576 828476 389644 290968 255642 249263 318271 56316 120917 187699 ,411576 828476 389644 290968 255642 249263 318271 56316 187699 579477 
832086 243256 425286 428888 340475 771590 242796 245368 840329 650725 ,243256 425286 340475 771590 242796 840329 354267 245916 91243 984639 
168390 700820 716517 632208 306171 390376 852338 151174 519294 34121 ,168390 700820 716517 632208 306171 390376 852338 151174 34121 716504 
45501 564134 830473 870341 851676 561375 287877 857757 563011 570129 ,851676 563011 902152 876867 548706 301280 108313 924246 947240 940606 
901894 187410 186251 572668 678918 931128 673787 674576 884734 683314 ,901894 186251 931128 673787 674576 840678 123220 607439 695952 417085 
753519 581896 842652 502529 197661 82415 328901 773101 276419 100900 ,753519 581896 502529 328901 773101 276419 100900 955391 14822 974278 
151439 681318 198023 983076 498907 391315 267067 264321 865698 747529 ,198023 983076 498907 391315 264321 865698 747529 596009 612571 810186 
191142 764899 216735 640230 643266 640855 640910 640618 639902 640889 ,191142 216735 640230 640855 640910 640618 639902 640889 640000 640821 
38716 558405 37678 37676 447252 823505 374257 837446 599451 445920 ,953060 446245 667224 447788 102965 654046 892863 913052 678487 676974 
226984 618056 392675 143502 877655 843523 923153 284931 836381 174 ,143502 877655 923153 481992 457896 149199 207713 153485 619642 867709 
281244 267889 955708 448885 955694 535802 698282 514034 639590 449420 ,267889 448885 955694 535802 92922 497802 311208 651387 619805 621939 
596834 443193 639225 55001 477262 769075 769803 720251 813253 591500 ,443193 769803 805581 595250 918632 986863 318504 197191 967970 186682 
385736 794241 424574 537618 762514 657019 646264 973693 650915 826982 ,385736 794241 424574 537618 762514 657019 646264 973693 650915 826982 
249130 963938 44965 662402 605929 286678 813006 231007 903960 195992 ,662402 605929 813006 903960 904255 942519 34479 219938 405055 222808 
592694 488581 129164 300459 993052 234057 946903 449021 458305 989086 ,592694 488581 129164 300459 993052 234057 946903 449021 458305 608734 
930517 930581 728105 368601 789418 370987 901321 789344 187516 606404 ,930581 728105 789418 901321 789344 187516 606404 982061 196557 183907 
394453 194243 422105 459637 15531 851445 748986 944191 851070 664540 ,194243 422105 459637 15531 851445 601152 823064 381987 11677 377628 
493651 841125 248365 205996 290773 972082 375212 634257 361580 335747 ,493651 248365 205996 290773 375212 634257 361580 335747 42074 248283 
285337 174433 717340 324396 956289 286286 726147 311012 278038 258181 ,311012 95054 105836 60223 694469 277734 486047 434961 912314 294122 
846227 855443 960765 539167 191390 204185 855538 493379 877337 879711 ,877337 883287 598853 540559 56401 853083 564077 223791 207619 224428 
19480 770710 774515 79948 263180 689827 662857 106272 175636 529966 ,770710 774515 79948 689827 106272 175636 529966 337237 82362 162639 
613160 892248 683162 794601 792839 904157 797378 887595 794185 656253 ,892248 683162 794601 792839 904157 797378 887595 794185 656253 193574 
144548 423729 694267 82342 903278 880771 711264 964254 952602 588097 ,144548 423729 694267 82342 903278 711264 964254 588097 442502 803495 
889585 852552 103816 970369 892881 207635 947917 853933 14770 410083 ,889585 852552 103816 892881 207635 947917 853933 14770 443338 287632 
94757 101278 339323 372265 518442 678027 354391 795744 498861 888519 ,94757 101278 372265 518442 678027 795744 498861 888519 727293 175221 
250968 223866 796063 585542 224454 486584 569290 935502 399898 225583 ,597967 265990 432270 543108 709084 832762 721332 261244 842166 802550 
419469 419493 705674 694211 746915 878190 214350 297637 811944 744200 ,419469 419493 705674 694211 214350 297637 744200 413900 515975 733495 
191980 833304 769616 994672 856675 26136 192053 609912 756559 980477 ,191980 856675 26136 192053 609912 980477 709233 708915 102877 814213 
227784 765174 107890 192297 531097 31151 949008 231458 780500 51357 ,765174 107890 192297 531097 31151 746339 961747 662365 453631 738635 
298011 388664 749620 890275 107109 67411 328961 524520 506979 315611 ,298011 749620 107109 659228 600049 792113 523964 702529 152926 414452 
940806 484880 442203 527754 429542 540665 214282 434501 516518 524550 ,442203 527754 434501 516518 524550 339015 254520 350624 2208 658202 
517561 164873 517493 890204 80240 465216 394666 516354 112331 834524 ,517493 890204 465216 394666 516354 112331 630984 242428 694053 96907 
722910 972943 140276 311287 397207 327649 973209 481331 810749 931657 ,722910 972943 140276 311287 397207 973209 481331 810749 506756 929200 
925781 18319 656995 178779 163049 987288 848706 909867 222443 833421 ,925781 18319 163049 987288 222443 833421 541957 618866 193946 924043 
627187 677198 780828 286471 775614 116550 315737 242796 175915 449079 ,627187 677198 780828 116550 242796 175915 319533 162946 856942 989709 
87652 810605 218324 480303 718936 370620 847913 91417 468053 640751 ,718936 847913 570349 281017 964528 812105 672840 644750 529558 50975 
538921 278422 888987 194002 169570 335107 122797 887805 750321 184690 ,538921 278422 888987 169570 122797 887805 750321 880222 183152 967862 
500924 288699 713771 15213 515199 954382 504154 898171 890569 325921 ,500924 15213 954382 504154 898171 92873 737974 86927 505450 288345 
42738 694359 868173 396413 198569 601310 394110 260720 331841 660590 ,694359 601310 394110 260720 660590 432354 874376 539611 597747 860645 
980717 217342 734659 804028 495395 724201 682056 309573 898313 437876 ,980717 217342 734659 804028 682056 437876 712846 597172 709867 630998 
703037 988903 26154 460375 988033 563484 661460 990123 789579 899138 ,703037 988903 26154 460375 988033 563484 661460 990123 789579 899138 
982949 87584 670944 648 160 940741 125088 106257 622052 760005 ,982949 670944 648 160 940741 428201 943629 227779 127423 110603 
258070 662704 278740 379569 816122 566773 520177 98708 152214 151281 ,258070 662704 278740 379569 816122 566773 520177 98708 152214 151281 
443090 957406 557607 418411 206146 54571 588921 215009 832204 468248 ,443090 957406 557607 215009 468248 957161 368563 107631 864535 817153 
161639 579634 440634 721583 480646 159684 869976 183810 381456 963671 ,161639 579634 440634 869976 183810 381456 183458 929802 587961 91764 
669823 242429 713863 389752 470493 305997 740366 942738 180662 431196 ,242429 713863 389752 470493 305997 740366 942738 514163 686405 741163 
6640 926793 500788 584062 6788 42184 714629 586714 536164 95600 ,926793 6788 714287 572922 67009 870029 312613 412018 662872 117399 
183643 182956 313344 336490 277038 921394 251354 610863 374492 136720 ,183643 313344 336490 277038 610863 374492 136720 926631 929059 220439 
433279 292146 519517 20891 569512 869216 432879 16847 279154 321612 ,433279 292146 20891 569512 869216 16847 279154 523207 151533 523268 
224561 858345 805367 603958 969592 757535 596358 565794 868516 417183 ,969592 757535 417183 921802 998007 663448 250470 561943 502746 901752 
497193 392697 502169 841283 113490 560138 389122 383869 350975 460858 ,497193 392697 502169 113490 389122 471895 772215 325865 570244 4518 
29801 877929 946581 164217 600253 405628 70103 528129 754612 421259 ,877929 946581 164217 600253 405628 528129 754612 562280 150372 380121 
644940 668025 644024 642386 983931 645004 983499 13085 644349 412037 ,644940 668025 983931 644178 913583 911540 908065 743738 644149 877616 
830812 978493 533966 612027 180304 437560 526972 655700 437119 822247 ,180304 437560 526972 822247 628177 954697 771014 667744 974317 555129 
984772 542320 276618 129201 941141 985058 933603 530151 861934 694333 ,984772 542320 276618 530151 861934 694333 895788 895638 167395 635651 
894827 896385 789776 637175 940082 104637 945803 412097 839720 381448 ,896385 789776 637175 104637 381448 531042 421256 882176 726723 423313 
248241 423522 106316 354587 637146 792264 677752 446045 426558 210927 ,248241 106316 354587 792264 677752 446045 210927 112360 684168 570333 
328931 917884 962872 552481 388831 283639 590490 909394 917369 636363 ,552481 283639 917369 197283 538620 752360 194865 230251 332239 841127 
423522 187008 609832 525786 680616 32199 200621 264899 368538 637146 ,217882 905063 770176 713933 41370 655384 789348 83002 563374 924055 
642855 895134 355195 615556 834529 787202 887038 87772 33719 799967 ,355195 615556 787202 887038 674028 458596 35019 221099 750190 846681 
991449 991003 800120 991392 991266 991534 557970 767052 102082 997034 ,991449 991003 800120 991392 991266 991534 767052 102082 997034 846376 
425300 311595 422195 387962 345897 388027 8315 360919 364989 863997 ,425300 311595 422195 387962 345897 8315 360919 165423 941780 904283 
572272 845669 929895 958954 716978 594530 166599 757260 649664 455508 ,572272 845669 929895 716978 594530 166599 757260 649664 455508 577584 
362565 43689 100204 150413 654725 505356 67109 486675 908225 803328 ,150413 67109 908225 803328 218772 18313 630040 324732 862429 90439 
594146 13460 509071 111843 454581 842909 864957 377605 620717 110823 ,13460 454581 842909 819768 977299 204937 196086 170017 272461 563999 
448365 100856 708644 208338 156750 922455 204370 920343 551766 276576 ,448365 100856 708644 208338 156750 922455 920343 276576 639616 514886 
234212 932650 267685 107284 5170 70427 313469 32924 106900 668719 ,234212 932650 267685 5170 70427 32924 668719 554100 503362 466824 
574401 499557 955665 30488 783022 699457 955664 393779 105133 31469 ,574401 499557 955665 30488 783022 699457 955664 31469 184175 33866 
112368 37583 112396 604463 310825 216297 814182 910951 982806 600815 ,112368 37583 604463 310825 216297 814182 910951 982806 600815 278748 
6552 117593 116393 66345 698348 575481 371273 590828 172825 193147 ,6552 116393 66345 698348 371273 590828 172825 193147 779752 845147 
524350 721903 699999 700729 588133 955275 769492 393960 70568 521817 ,524350 721903 700729 588133 769492 287353 743248 257399 861314 515825 
654592 905634 53861 656716 654467 464948 654563 208011 382636 667324 ,676974 974190 447744 693229 446245 761457 824559 637348 449363 655384 
945845 601153 797466 809941 221178 66195 367103 623782 761758 63993 ,945845 601153 221178 66195 623782 761758 63993 480467 169411 353983 
80089 741007 279129 431588 241052 350757 144095 248631 305393 431355 ,80089 741007 279129 431588 241052 350757 144095 248631 305393 431355 
554419 548798 285284 650245 728733 330641 215896 943877 428280 399373 ,548798 285284 728733 215896 428280 399373 437215 34074 13166 403491 
467595 775362 269273 259227 881500 163069 825044 986153 738312 230251 ,467595 775362 269273 259227 881500 163069 825044 738312 230251 8709 
282093 21543 695023 529923 436828 719628 194057 610889 33095 977231 ,282093 21543 695023 529923 436828 719628 194057 33095 977231 508686 
419586 783399 723494 808269 699395 808239 725886 306087 323588 18313 ,419586 783399 699395 306087 18313 627799 380783 954463 502363 279621 
332702 141077 932001 190024 336600 83564 980082 406103 496378 653862 ,332702 141077 932001 336600 83564 496378 653862 127230 813329 712731 
888292 938907 663091 221974 514820 862992 132269 453836 683010 871721 ,888292 938907 221974 514820 132269 683010 871721 854574 230879 526288 
114627 84122 293257 600926 525862 784996 776836 295011 635849 117579 ,635849 402576 522921 637953 548251 119078 430234 15290 280160 40881 
113040 553188 862959 712315 400880 969710 834300 311886 553781 823611 ,113040 553188 400880 969710 834300 311886 553781 823611 795234 865493 
966510 794113 274118 586236 945470 194755 866365 569777 72378 14829 ,966510 794113 274118 586236 194755 866365 72378 14829 98371 601225 
422605 422988 966298 444458 905227 422786 954463 363925 426928 292798 ,422605 422988 966298 444458 905227 422786 954463 363925 292798 389966 
959131 707365 899829 963335 920304 941066 436967 180566 316615 490031 ,707365 920304 180566 490031 944676 843989 944774 629551 842837 531703 
497310 496952 370734 339214 884241 725164 461583 472049 125789 340043 ,497310 496952 339214 884241 461583 472049 659726 107229 344456 155297 
795099 802998 385326 383642 812739 634398 328648 329969 513077 15064 ,385326 383642 634398 329969 513077 15064 142152 526139 944898 99165 
672576 997064 404596 992984 672146 404754 404601 716588 672151 974598 ,672576 997064 404596 992984 672146 404754 404601 672151 974598 973317 
675851 27440 751073 760761 676628 951497 805960 818550 212862 597106 ,675851 751073 760761 951497 212862 471152 53348 5845 314572 970239 
360509 748002 919982 318602 45533 621746 800767 680259 375336 676165 ,748002 919982 318602 621746 800767 356139 709618 461324 326880 147617 
361645 359334 251440 846650 354344 946429 159025 700824 717465 912155 ,251440 846650 354344 700824 196816 696134 599336 146591 262280 656902 
513824 343277 440360 401141 587709 588354 220426 499060 790997 880989 ,513824 343277 440360 401141 220426 499060 790997 880989 737524 253903 
986486 657239 677743 214225 820783 576368 994916 820794 717709 677759 ,986486 657239 820783 994916 717709 677759 570880 443212 48885 638288 
285475 416398 879860 462441 249995 618560 893184 58037 670355 839368 ,285475 879860 249995 618560 670355 839368 456586 719281 437917 392041 
771167 507853 531556 895825 448444 565575 880326 711344 397932 470292 ,771167 507853 531556 448444 565575 711344 397932 470292 856487 126528 
862172 428305 774916 982957 426835 830718 99379 586216 899401 617327 ,862172 428305 774916 982957 426835 899401 321995 180757 657286 839527 
710219 815093 321791 137896 710547 261805 717180 180910 536592 142696 ,710219 815093 321791 710547 770544 139324 616944 465195 389990 294255 
785402 163106 910918 534604 257666 25437 283562 522706 146258 258261 ,785402 25437 283562 522706 146258 258261 444205 924860 390291 910987 
688345 262583 208500 482743 267430 169519 22370 467264 338696 348819 ,688345 262583 208500 467264 338696 348819 293010 995816 497912 175823 
113027 714306 113707 543634 542968 113896 624981 915572 699709 766358 ,113027 714306 113707 113896 624981 915572 766358 772099 766318 973957 
976571 525512 606727 733071 321291 467604 736387 957362 631524 787904 ,976571 606727 733071 549319 107987 960704 191976 361544 701572 825848 
344398 70783 517343 701789 231485 120438 18310 288900 2076 691450 ,70783 2076 691450 253551 360507 261094 230437 514520 169731 288132 
574194 107711 891586 236353 253159 712668 249667 544516 952000 997786 ,712668 594853 689966 483482 693769 205483 61360 494661 150713 781780 
763809 595876 219282 907817 571245 828402 988582 629179 176329 615460 ,219282 907817 571245 828402 988582 176329 615460 431770 808454 711102 
779792 43225 150621 332718 120165 566573 531975 244852 554003 862904 ,150621 566573 531975 554003 862904 871571 856663 990561 541312 388085 
543391 114220 477438 115239 98 540200 312101 539693 477085 44763 ,543391 114220 477438 115239 98 312101 477085 38448 666977 246640 
51323 641922 670893 857652 809597 832809 629534 129602 737441 45983 ,51323 857652 832809 737441 640116 603937 937301 125203 885851 957896 
920231 877409 481964 948852 625759 211637 253098 881133 46320 913549 ,948852 625759 253098 881133 913549 820214 644350 864111 875464 127600 
473011 565287 905203 173375 818139 982569 825834 172555 889019 351951 ,473011 905203 818139 172555 351951 864894 410188 742674 890856 500564 
62267 936067 543149 844547 55941 475924 743778 922720 361590 887252 ,62267 936067 543149 844547 55941 475924 922720 887252 295147 694328 
16792 493965 16534 525530 363522 730558 261443 515788 500109 604877 ,604877 400625 46908 544114 706609 293489 567753 929618 187755 658672 
37991 37930 216547 767853 38758 767896 896104 820609 767834 767920 ,37991 37930 896104 767834 820573 820594 37639 682725 558421 797078 
821631 562719 773101 934370 54783 240451 289185 515820 802922 272198 ,562719 773101 934370 289185 272198 14977 12688 272667 193851 270195 
397379 380323 196080 100773 74102 517596 984691 97246 913653 698341 ,397379 196080 74102 517596 984691 698341 353541 385713 517863 676238 
725312 361987 942689 185703 269723 316455 416521 577063 608369 727520 ,725312 416521 577063 551140 648180 8169 345769 841629 438436 777427 
338525 280804 525410 194728 607868 154957 347960 280581 845378 341535 ,731707 246977 732322 516592 348949 365882 60368 693561 516903 646549 
663562 811407 787137 395786 671260 705518 451186 632706 3528 264591 ,663562 395786 451186 3528 99795 77368 944389 295731 255091 935799 
166013 182200 888748 591416 8077 174939 284332 157164 20275 522035 ,166013 888748 157164 264710 952734 318531 946077 910123 681537 157717 
624002 624826 118638 586105 930695 840734 620763 133986 792412 842729 ,133986 481726 957936 723180 721334 13996 401698 95540 119687 354091 
382370 565808 631018 232762 987306 224246 210167 9590 10448 549463 ,267047 888828 472085 670669 393490 842547 369926 893413 96656 979038 
916559 981827 437390 458868 523874 992863 288703 594266 810929 660737 ,458868 523874 288703 594266 810929 459773 841262 713264 301962 13551 
139648 506591 952530 531975 336146 811604 920608 167904 278333 506211 ,506591 278333 506211 473438 920475 864767 862651 780957 810680 898550 
71653 633456 832258 752205 678943 535677 489265 521825 932246 87086 ,71653 633456 832258 678943 535677 932246 87086 297883 392013 467527 
795990 720429 426069 393641 90948 605252 116 200062 389690 123770 ,795990 720429 426069 393641 90948 389690 187073 121272 613867 633069 
6353 309934 512442 522076 608370 328945 426864 497881 637814 214370 ,6353 309934 512442 522076 608370 426864 214370 151537 723499 238429 
11183 639030 520995 778169 926162 163285 630717 543584 638947 379335 ,11183 520995 926162 163285 630717 379335 922617 418746 745383 331313 
986119 259701 787159 202035 266313 860751 585792 47920 13734 15730 ,259701 787159 266313 202035 860751 15730 921579 544064 941977 832060 
830380 192203 795792 429178 970562 882118 841273 42621 789401 831203 ,42621 216547 675092 190892 216353 652143 858715 552172 421091 767893 
413952 754852 368583 356649 251684 961439 856127 249055 350426 114048 ,413952 754852 368583 856127 350426 534854 667727 247783 837963 532830 
832318 373238 370854 322840 663085 240390 495916 381146 414230 380765 ,832318 373238 322840 495916 381146 263473 314843 735206 685645 189061 
24340 430026 637146 570056 474853 278684 819178 426613 502410 109171 ,570056 278684 819178 426613 502410 569759 761916 512044 246625 417166 
15289 456804 392142 148222 182474 600162 514976 969111 168678 687526 ,392142 969111 31455 800961 910195 126616 385180 274662 95718 800322 
174587 439305 163599 434504 123153 832748 168942 433958 965106 857003 ,174587 965106 400057 294972 940746 928461 504459 319316 224263 315680 
229911 515654 229652 903978 313469 903711 136126 486056 912992 860829 ,903711 136126 860829 23493 532819 385051 510776 177590 343125 510492 
368175 256097 875865 220319 897782 805494 304277 229852 197782 98410 ,368175 256097 875865 897782 304277 197782 242431 803750 622006 462871 
169012 189695 15049 573773 884316 112815 920334 665044 771666 592084 ,771666 592084 803324 19391 393826 858121 391186 184528 92930 937961 
780780 528890 780028 923524 512489 883664 728798 91101 430829 180785 ,923524 180785 358508 472379 366999 11722 459329 821077 509910 232473 
357567 503686 685831 361834 446894 190907 686102 343413 877555 957003 ,503686 685831 361834 446894 686102 343413 693706 476997 900135 900109 
124992 153749 561109 358130 683461 279659 982587 292500 694682 564663 ,153749 561109 982587 292500 694682 100445 661648 748743 211983 142533 
64865 193676 272492 590975 845031 529314 745409 111112 326327 301976 ,64865 111112 326327 301976 251559 142491 424916 534288 509175 92620 
587975 269422 225875 766506 735607 853696 505028 201704 638885 481033 ,269422 766506 201704 295240 242275 120917 494072 226911 922489 297800 
816341 914535 700210 156085 115413 700936 142601 933813 861452 579196 ,142601 712924 325781 532268 22563 345629 521245 235891 980274 504632 
784819 771097 527092 520731 337028 363441 32244 498048 305126 427119 ,771097 527092 363441 498048 305126 427119 337004 493492 518220 262029 
378968 891896 556149 726813 521465 414727 878070 86943 534609 560229 ,726813 77475 888011 876246 410559 536932 213981 540406 186150 808268 
699807 699683 192279 613366 136200 243835 65302 348450 344729 49099 ,699807 699683 613366 243835 348450 317024 968045 928791 459446 394644 
531007 354620 491465 625197 177840 354839 97501 371797 217147 219707 ,531007 354620 491465 354839 97501 371797 392065 149505 331893 881621 
89263 681911 359149 400752 598838 551961 253704 271963 108951 495578 ,89263 681911 400752 551961 253704 271963 108951 495578 82086 556165 
278164 367110 193683 948461 253404 594232 51816 99881 730477 881144 ,253404 752495 530047 687399 684484 87909 10681 406366 500435 725230 
919004 895730 906470 986615 846052 940868 36122 390806 916053 823035 ,919004 895730 846052 940868 36122 974177 129159 855731 288531 374945 
222084 75090 310405 473228 303339 923121 72960 332665 280191 698876 ,222084 75090 303339 923121 72960 332665 817956 755285 863622 489073 
529003 258074 87223 351719 497530 16642 240757 460213 658868 370682 ,87223 351719 16642 460213 99720 523470 90143 229946 497859 229555 
350948 502666 363858 500114 528441 717696 496850 180669 326683 740178 ,500114 717696 326683 496875 213595 336717 559731 106117 522813 429612 
775984 289071 381076 613775 656676 345772 89367 159711 782408 360093 ,289071 381076 89367 813834 209730 310477 263818 357953 293922 347515 
255167 254673 339183 440128 922726 618694 22383 823183 632131 198641 ,255167 339183 922726 618694 22383 823183 632131 198641 259452 314218 
643379 448255 717485 519243 448128 566225 448201 566229 452451 339464 ,643379 448255 448128 566225 339464 29038 448241 338770 558645 429328 
141379 965330 978920 303064 709497 281644 158982 254684 711464 963797 ,141379 978920 709497 711464 963797 826936 548182 584070 362342 414022 
677257 21166 34075 763555 333415 847815 755431 603350 994767 995676 ,677257 34075 755431 603350 994767 29191 893022 230765 443606 1782 
338116 380162 480917 69142 257229 914553 270525 508765 876222 58298 ,380162 480917 914553 270525 876222 58298 282431 843481 542653 92118 
949726 383350 729258 275622 966927 297050 114398 387388 703433 519908 ,949726 383350 729258 275622 966927 297050 114398 519908 968571 395681 
163942 192821 628028 271411 192677 628455 162470 716420 544563 695339 ,192821 271411 192677 716420 695339 787125 160367 785537 637943 51442 
846559 15523 973487 732453 911099 716177 738827 883217 275029 842485 ,738827 538674 960029 275940 732611 917539 227754 265760 713081 59354 
15495 194041 544669 174484 723673 724059 404989 861298 338266 249422 ,15495 194041 544669 723673 861298 249422 682936 902465 408773 823923 
682248 224186 394307 224188 504143 223902 921552 635076 895042 519429 ,224186 635076 286822 873317 501311 319 423 12563 678337 508086 
642484 641507 215762 444410 378808 58035 642573 851279 716608 769515 ,642484 641507 378808 58035 642573 851279 716608 680013 949184 640159 
492979 930728 917827 951773 89964 222773 543343 537678 851885 86306 ,492979 917827 951773 89964 543343 851885 86306 269168 248139 471814 
508406 462576 712877 518412 399434 18163 886757 938134 595140 860868 ,462576 860868 331375 886884 588825 244242 728012 61703 171382 202311 
365167 473395 522661 613955 480625 367161 534740 972396 831321 713576 ,365167 473395 522661 534740 831321 713576 822586 59049 982663 518989 
463035 610059 260276 505795 606940 330905 607012 62343 426885 821842 ,505795 606940 330905 607012 62343 426885 821842 769224 765980 462373 
146583 495271 446111 829603 382317 309482 346300 632729 936003 381058 ,146583 575274 239438 903404 852233 161385 474237 381144 556474 440654 
47734 16343 594645 517145 514344 364722 195238 274054 420781 60683 ,420781 836158 138828 19107 483517 797107 939188 590660 919506 273935 
342467 150675 619570 247673 351850 485579 841915 324399 898305 618881 ,342467 150675 247673 351850 485579 841915 324399 898305 618881 222408 
694380 684844 553482 995410 542108 370781 995458 369 614438 138508 ,694380 684844 553482 995410 370781 995458 369 614438 603060 726810 
843963 116618 975399 974047 958135 113149 173285 882568 15874 587271 ,520361 382714 553620 980855 300158 224119 844192 208834 820872 814060 
392012 359889 391771 48558 354314 31769 497257 193005 351175 906328 ,392012 359889 391771 31769 497257 193005 906328 237616 370450 710922 
772221 261703 746442 52603 175170 834507 345022 990215 322298 652 ,772221 261703 746442 175170 990215 652 201192 264090 264936 23747 
576506 442454 474550 611466 131114 831467 476512 750630 882203 896774 ,474550 611466 885868 641877 881021 298505 593495 936999 824972 662595 
842119 63680 595735 907660 912967 851500 868395 969321 198123 907823 ,595735 907660 868395 846353 907572 266461 940635 970798 803805 915760 
982408 887295 9733 153342 807933 522648 920461 960473 521891 335626 ,982408 153342 807933 522648 960473 521891 857380 706587 124019 526685 
811271 814404 467921 757330 127614 51211 503646 425260 814054 616131 ,814404 503646 616131 507865 467570 84397 302251 473010 912908 698053 
568412 158521 568217 468876 673309 997773 888970 863624 835593 568450 ,568412 158521 568217 468876 673309 997773 888970 863624 835593 568234 
129762 460094 9401 460464 871711 361181 478514 406709 99783 67663 ,129762 460094 871711 361181 478514 406709 99783 67663 100947 475041 
53642 881114 114536 542522 849095 702091 766946 67 754646 57438 ,881114 114536 849095 67 410493 652127 540422 754009 54464 207501 
598524 368500 434667 123742 951625 262925 273447 120866 750757 940421 ,598524 368500 123742 262925 750757 940421 583326 971873 429061 707813 
235388 854206 567417 795431 758872 872454 980501 685087 576421 913970 ,235388 854206 567417 795431 758872 872454 685087 913970 915582 10725 
390647 599039 844941 462844 779758 775063 393901 838051 566140 265465 ,599039 779758 775063 393901 566140 274614 200903 715947 226707 931092 
412551 418289 183586 86192 386383 478181 668363 454753 737245 310934 ,412551 418289 183586 478181 111730 81810 127644 837716 691726 302608 
225344 512560 761183 469420 680720 517618 513631 74697 200154 195353 ,200154 21299 608197 631443 898259 511546 685937 434698 732617 517671 
128748 506284 522648 833428 406558 481388 487424 965614 899353 940691 ,506284 522648 833428 481388 487424 899353 595670 193331 884013 206024 
202078 815176 610190 815241 506434 385239 669386 151629 397546 589486 ,610190 397546 616333 859200 223774 436534 144328 227625 603974 892979 
594869 421819 123417 689119 527137 600408 421920 920245 633643 556128 ,689119 421920 434201 410227 545796 932665 708917 490940 379663 12971 
8713 870414 252516 317672 69703 8980 338299 699091 339153 141188 ,338299 579454 116560 488145 398237 738573 340478 24729 835958 263624 
45655 325063 977884 452912 402911 74216 692137 604067 242135 460705 ,45655 977884 402911 692137 242135 460705 546285 107887 300403 455732 
351184 325593 857840 541558 242501 754151 421525 400277 521695 519833 ,351184 325593 242501 421525 519833 286531 350745 784707 528640 141009 
144903 745130 737513 305130 304342 735926 778901 338270 454299 482008 ,305130 304342 338270 454299 482008 196015 482166 247618 416778 280263 
512491 151890 518559 574046 276987 453362 186222 140118 754909 490019 ,512491 151890 518559 574046 276987 453362 140118 988559 545430 125367 
268193 468941 501851 107858 587502 331627 319901 545675 773913 71706 ,268193 501851 468941 331627 319901 545675 773913 71706 152163 60803 
723441 299265 899672 652146 908942 5846 471433 180925 23596 385766 ,299265 899672 652146 385766 393042 869244 479276 226243 282366 503724 
748946 982216 392151 973100 8700 126821 160044 467727 245447 318386 ,145664 687664 979797 400574 636634 791754 13716 844128 196591 163128 
804072 350382 280009 961273 808612 279222 719868 305126 80673 246690 ,280009 279222 305126 246690 292133 232209 433241 535474 385892 278876 
976415 308782 202062 76125 621108 626855 728692 634088 59711 224104 ,202062 76125 728692 59711 406264 976152 416778 149802 982227 454299 
647514 648672 647215 650596 650614 646894 648115 961139 653180 994460 ,647514 653576 647568 557195 822132 471026 545355 846865 714386 807350 
723990 723151 208854 169162 841499 977351 750394 924519 780320 724095 ,169162 977351 750394 924519 724095 193420 69795 222536 171815 527618 
503179 121599 283827 232620 282474 602417 777462 254119 279777 96440 ,503179 283827 232620 282474 777462 254119 293652 447134 464818 254108 
509823 603173 163125 627932 715897 464960 830031 656432 710142 647133 ,603173 627932 656432 716417 570856 120325 958185 865914 810726 559869 
514527 659752 524910 534710 460607 79811 165081 169544 164970 175186 ,659752 524910 534710 165081 164970 564031 413148 722635 275344 175841 
840222 576925 664892 175450 833844 954228 163025 844712 163968 202547 ,840222 576925 664892 175450 833844 954228 163025 844712 163968 202547 
579263 52434 378181 797883 689308 56625 410863 585321 10879 478583 ,579263 52434 56625 410863 585321 10879 478583 2892 694596 960312 
117644 754275 352371 720991 101663 547488 727734 505671 28402 504714 ,117644 754275 352371 720991 101663 547488 727734 28402 504714 804980 
456992 312590 745116 122758 336791 891875 499819 869445 621355 281044 ,456992 745116 122758 499819 621355 281044 95516 964503 113484 432169 
54884 527293 945333 882073 929452 241332 224806 10504 608359 553132 ,54884 527293 882073 241332 224806 553132 334945 880829 767637 891833 
189871 208710 579225 427502 927793 31211 52603 721067 550746 419374 ,721067 550746 701302 663615 350610 419271 748619 214806 231764 357508 
501999 226300 212061 352722 355697 352309 175472 679202 645174 210556 ,352722 352309 175472 679202 210556 985694 749089 397277 210035 4248 
567395 653990 112707 105949 667397 824627 503857 207077 40809 158439 ,112707 105949 667397 824627 698896 906601 447904 212197 520679 331912 
234768 641360 508353 364029 641396 186337 679916 760410 248831 610964 ,508353 364029 186337 679916 604682 425380 609122 718287 715398 258139 
541551 150000 543116 530775 534705 98450 44084 290546 673328 554952 ,150000 543116 534705 290546 554952 662917 559596 725512 603378 337010 
549546 712958 11212 84383 872388 779010 950692 879530 408213 63338 ,549546 712958 11212 84383 872388 950692 408213 63338 937658 576965 
313940 808626 116591 290265 277441 556971 371910 335688 858553 884639 ,313940 808626 290265 277441 556971 371910 64632 180321 515707 147197 
646305 927692 420112 568417 700424 461844 631925 645648 568462 631269 ,646305 420112 568417 631925 645648 631269 30940 612561 770530 907929 
565172 562187 895818 227323 500125 294698 121947 93965 468769 236825 ,895818 830011 869319 57385 557017 99413 638257 786936 501415 829714 
189730 520484 559158 51379 633514 602812 255718 50771 150901 423453 ,50771 227179 606911 906433 742528 798165 760954 811108 943102 801497 
194189 267648 100947 336450 890601 267349 346182 199613 406709 363026 ,194189 267648 100947 336450 890601 346182 199613 406709 363026 508737 
304614 188728 403303 89911 910538 106972 933621 135208 6365 897216 ,910538 77643 875901 451043 286929 466960 194536 152039 378776 311956 
75614 861246 321391 68257 875353 689515 252884 842984 468611 426004 ,75614 68257 252884 468611 625332 708284 876011 998381 946882 579364 
313344 355773 661097 675687 112618 959256 451726 295756 118935 678282 ,313344 661097 675687 112618 959256 451726 295756 678282 681013 370670 
256137 391771 30096 232337 305372 350601 105581 422561 81169 735464 ,256137 391771 30096 232337 305372 350601 105581 422561 81169 392012 
933667 561742 185345 940600 1444 18245 15547 400032 391052 182478 ,933667 561742 940600 18245 182478 228444 168640 981 2638 197741 
60498 227374 239153 919000 292803 131153 44733 830687 646778 473413 ,60498 227374 239153 919000 44733 830687 646778 50313 381353 740661 
656365 113033 41994 904276 604070 858724 397303 569853 539629 561850 ,113033 569853 50771 321952 412528 910843 83891 602812 720212 800384 
446876 604668 447950 696457 847800 190678 540095 447615 447210 447062 ,190678 447554 448283 192132 447462 601080 445970 444391 447831 673067 
736857 971578 399465 63755 739020 64547 198528 351700 166433 787346 ,736857 971578 63755 739020 64547 166433 382545 680821 116847 583291 
682270 121463 524464 203423 470752 784622 663002 124498 696868 524796 ,121463 203423 470752 784622 124498 524796 350843 588576 746602 660088 
642902 558840 952572 762636 837490 568865 562114 423978 41521 884793 ,68065 217396 423802 757768 864975 637564 601081 571371 807848 325727 
662610 523318 910787 910794 645158 910826 995623 89824 910775 809906 ,662610 523318 910787 910794 645158 910826 910775 809906 94326 60132 
342309 363339 353135 363343 379105 264689 493341 351986 923566 497486 ,342309 353135 379105 264689 493341 351986 923566 497486 504836 310293 
9208 68687 68818 77375 979096 527682 143040 61297 615280 96917 ,9208 68687 68818 77375 979096 527682 615280 739218 311687 685583 
702509 506335 275727 81559 591563 813453 193541 520021 326470 506293 ,702509 506335 275727 81559 193541 520021 506293 273199 263488 503119 
822348 822276 710157 207201 822228 539799 971341 934196 541833 475206 ,822348 207201 822228 539799 971341 416746 993641 683679 6971 1906 
820820 573009 123450 832361 355019 82095 617872 774501 432661 42342 ,573009 617872 774501 432661 42342 565685 152345 429863 68768 841092 
782703 801328 127007 84716 520915 84231 854962 7580 934351 800514 ,782703 801328 127007 84716 520915 84231 934351 533597 425586 84643 
982738 753535 982807 837570 214601 951833 499869 982743 189201 903448 ,982738 753535 982807 837570 214601 951833 982743 189201 903448 754195 
881197 539140 207684 583752 207834 37134 260509 254450 843523 41175 ,881197 539140 207684 207834 37134 254450 843523 41175 839350 225760 
3108 27627 766547 331514 566100 242224 312488 228570 990309 101841 ,3108 331514 566100 242224 228570 101841 319838 674124 603017 287093 
648420 914911 179959 765713 616682 397546 449410 775351 838165 541398 ,914911 397546 838165 15410 584768 845732 881989 772797 571142 536451 
231836 340471 79841 353614 363440 151822 281564 262094 252066 434462 ,228111 181926 238504 320608 607342 272279 191539 236827 278985 634742 
362574 252595 207412 755179 905201 798243 828896 428874 875707 775612 ,775612 342207 933493 789124 706279 696695 52176 761431 223467 202336 
483160 454086 739579 604273 257451 539429 543905 83712 583181 721478 ,739579 604273 257451 539429 934114 669944 915747 621661 895103 668234 
190644 853636 849192 969105 858718 854792 856383 889096 938363 785556 ,190644 858718 856383 960708 877017 768227 443005 947601 807609 823977 
458018 305089 861433 294966 106198 570291 364270 278779 112357 261322 ,458018 305089 294966 106198 570291 278779 261322 279674 94441 106315 
664152 516655 687758 241796 59532 278896 69081 94844 773634 767717 ,664152 687758 241796 59532 69081 94844 511243 160368 79747 372401 
805693 418889 411236 536324 993043 787147 643249 902686 378705 715710 ,805693 411236 536324 993043 787147 643249 378705 715710 891834 778107 
85568 83494 541010 200855 568592 612407 293326 558264 479202 293413 ,541010 568592 558264 903478 276197 73060 540482 284078 791936 232194 
935638 181991 598192 707260 211211 695686 930001 910199 397138 679170 ,935638 598192 966808 695209 854504 775504 851918 78321 478121 90103 
903768 649898 996712 756845 536657 877373 445116 758176 447276 113003 ,903768 649898 536657 877373 445116 758176 952643 447919 448218 448016 
676246 443582 891751 375600 972325 374620 832379 426416 914962 375510 ,676246 443582 375600 972325 374620 832379 426416 914962 375510 914576 
68941 83637 848037 879723 899345 231779 274608 94827 69344 342897 ,68941 83637 848037 879723 899345 69344 135321 14196 336085 417517 
71433 279447 416035 365913 705521 295815 906313 255962 966305 523693 ,71433 279447 365913 295815 906313 255962 966305 523693 906199 929788 
353041 540814 411117 322681 363476 5406 410915 827394 685917 636405 ,353041 411117 322681 410915 827394 685917 636405 232348 341739 815037 
589348 73374 966149 337182 615106 826275 431665 615500 20893 500109 ,615106 826275 551718 188871 128437 336735 396975 517384 517489 188002 
540504 123386 122247 542386 524335 541924 857481 857750 896361 867680 ,540504 123386 122247 542386 524335 541924 857481 857750 896361 867680 
521698 882497 482500 664508 833085 908128 823951 711206 568767 823956 ,853467 756539 638597 960559 692508 774751 732250 957356 604317 675191 
819204 817805 819818 819599 819181 819206 596096 819672 817195 103189 ,819204 817805 819818 819181 819206 596096 819672 817195 103189 370670 
965348 892663 983931 115757 609475 494890 441416 123989 992789 878046 ,892663 983931 992789 957873 548190 998019 227654 957553 450487 772675 
232177 741367 198078 395241 532513 595476 636129 663331 231299 416663 ,232177 532513 636129 231299 416663 932486 220410 85503 966926 112011 
406857 985737 199351 196996 309932 285472 227098 780444 853588 405367 ,406857 199351 196996 309932 285472 227098 780444 853588 405367 886257 
776752 721861 810437 733856 51051 724509 160505 733485 474921 724250 ,776752 721861 810437 733856 51051 724509 733485 474921 724250 220455 
515339 465838 804087 170267 379855 36796 809607 911753 282049 742820 ,515339 170267 379855 282049 29343 681477 860239 179667 365345 426961 
373903 144918 567202 757876 24442 238301 132145 757962 235457 631840 ,373903 144918 24442 238301 132145 757962 235457 631840 673524 567272 
51379 56971 246555 760954 891267 307327 515041 517390 637338 515736 ,51379 56971 246555 891267 307327 515041 452104 153020 91716 57146 
529410 79978 919852 121929 524695 804490 321636 658254 499756 601028 ,529410 79978 919852 121929 524695 321636 499756 601028 23762 825958 
222523 642856 994766 960291 643094 423709 755888 983936 878841 643468 ,222523 642856 994766 960291 643094 755888 983936 643468 643218 217385 
946985 849221 931609 756341 443392 858718 210616 997901 851079 264218 ,946985 849221 756341 443392 858718 264218 947601 858370 84641 502704 
447840 5930 474888 827103 9079 535988 226901 37811 753604 53702 ,53702 477668 48012 647519 410741 193541 56427 655798 561202 824650 
449277 646445 46446 190717 799914 694894 26466 717922 715357 657542 ,646445 46446 799914 694894 26466 715357 657542 881387 653431 559793 
458877 458855 465861 431637 483307 576103 604816 60134 364907 299500 ,458877 465861 431637 483307 60134 464093 116537 639111 367330 228077 
919739 920566 742803 885534 883779 507243 247521 224712 487205 887125 ,887125 710639 466139 911646 155991 647476 391322 357629 968007 751779 
783555 136763 331575 665003 701503 661614 327629 18837 462037 630593 ,755318 256679 461324 746528 509253 587974 416733 451555 199784 19654 
82667 670015 671869 898752 769293 300465 898326 88464 79702 899472 ,82667 671869 898752 300465 898326 79702 726049 672041 298463 462032 
161932 85352 801025 802005 223613 663246 102800 561673 872346 244062 ,161932 85352 801025 223613 663246 102800 561673 872346 575275 224673 
430358 560403 433936 834700 517132 89494 833442 806760 68582 765903 ,89494 806760 68582 765903 429831 529283 108625 271736 748044 264296 
275011 327492 871120 147940 945984 933487 487680 31513 720991 585976 ,275011 871120 945984 933487 487680 585976 287350 977335 455227 285998 
993123 253419 676459 984625 244199 220795 764703 282874 841729 682546 ,253419 856653 620816 990514 856816 862369 762267 199811 210616 544604 
403187 218642 403191 91105 468032 419419 799505 354363 808803 824515 ,403187 218642 468032 419419 799505 824515 471024 553317 459273 471701 
454607 13173 973197 481465 30811 481052 169045 16476 494274 958368 ,454607 13173 973197 481465 30811 481052 16476 958368 385013 601112 
208989 509324 133428 261897 609006 496962 929357 513141 531983 609169 ,509324 261897 513141 941300 517125 485328 9194 458305 464850 262114 
79780 733122 767717 698946 516082 80607 371838 200600 279244 431065 ,79780 733122 767717 516082 80607 200600 279244 431065 281777 59730 
827174 666926 768187 429445 810888 443515 666957 445851 766904 467811 ,446754 190687 115373 666873 443080 757178 667098 803112 120835 870880 
649667 650791 647477 653996 653686 899316 653243 655602 647598 547228 ,649667 650791 647477 653996 653686 899316 653243 655602 647598 547228 
454705 454858 461167 461806 845361 345907 607041 393517 333268 580237 ,454858 345907 333268 580237 187365 589422 802684 89494 572934 731663 
271819 192982 389481 544190 607694 772745 228925 661030 406913 237284 ,271819 192982 544190 607694 228925 661030 406913 237284 780524 122109 
738084 12057 749737 387892 471091 827950 889394 241277 421743 189630 ,12057 387892 471091 889394 241277 421743 189630 120696 860090 514570 
129160 309686 871173 42304 867974 929815 518741 855968 561463 272635 ,129160 309686 42304 518741 862370 538680 242257 970798 747994 883136 
801687 798169 796904 607482 635272 74813 699497 194698 270145 695262 ,801687 798169 796904 607482 635272 74813 699497 194698 270145 633211 
496750 973348 473562 277134 496931 653438 351058 571427 496785 909612 ,973348 277134 653438 351058 571427 909612 116839 91935 277683 628015 
468034 741524 734065 72889 483015 745426 750279 77425 218633 743333 ,468034 741524 734065 483015 745426 750279 77425 218633 743333 734145 
730948 224167 886739 61534 223895 515395 732361 158705 916474 666523 ,515395 13583 274019 880959 791989 881903 844003 804921 877181 495141 
39954 825920 869305 991526 934642 848627 898969 836442 931680 486526 ,825920 869305 991526 934642 848627 898969 486526 100763 514251 225130 
230990 415197 844716 626888 260601 515574 198884 589486 776920 159195 ,230990 844716 626888 260601 515574 589486 776920 159195 141383 347081 
732452 807384 312208 842903 563093 932289 156485 921821 310675 187556 ,732452 807384 842903 932289 156485 921821 310675 187556 324581 940617 
751631 904079 694454 694521 776286 870928 185446 14101 454948 223613 ,335873 628185 404272 628637 404167 203987 932398 932745 20479 841399 
41936 662067 666195 981436 789834 821302 793637 833051 983376 789777 ,41936 666195 981436 789834 793637 833051 983376 664937 611321 622289 
835538 681336 337221 521256 133945 867754 336963 746949 680874 424859 ,681336 867754 746949 680874 424859 853760 325723 523669 752045 16637 
93188 702000 107663 439001 913003 86548 729813 571885 801588 387808 ,93188 702000 107663 439001 913003 86548 729813 571885 604155 214773 
826070 723599 719907 829047 322470 678621 449293 344535 294953 359065 ,826070 719907 829047 322470 678621 449293 344535 294953 359065 397692 
384534 313069 578097 839517 832330 217850 23364 336108 289605 435306 ,384534 578097 23364 336108 289605 100917 591959 39333 74962 283639 
437889 398747 527992 241879 502073 20865 577937 94667 430367 517069 ,398747 527992 241879 517069 352 702829 933945 699021 808900 518958 
270750 743333 65571 626120 509768 962157 734065 555048 88064 172501 ,743333 65571 509768 962157 734065 743503 734145 218633 683881 252399 
854624 3911 392221 310669 286461 33358 487754 389945 432069 129933 ,487754 682398 174663 530881 514180 964939 195114 668560 198999 356935 
89177 152967 311846 305388 278668 126861 523493 459112 86529 185430 ,89177 278668 86529 185430 501435 719976 684357 823502 833451 566260 
61579 179443 390740 98095 923430 487315 482725 268017 506601 387658 ,61579 179443 923430 98095 268017 506601 387658 131468 784712 257264 
196077 822998 408323 66426 110166 122638 150164 670653 97420 277163 ,196077 822998 408323 122638 670653 277163 59409 291375 629515 746102 
402666 306416 387379 769679 743202 271865 560137 699555 758643 238868 ,402666 387379 769679 743202 271865 758643 929688 271779 842881 8028 
649852 48473 846145 644356 650300 643670 293367 994911 959595 48268 ,180430 652825 554960 155000 998209 672580 666787 202118 902563 443728 
699933 848656 877755 417954 792614 317287 567117 506922 697770 440685 ,699933 848656 877755 417954 792614 317287 567117 506922 697770 440685 
541723 539607 845187 780793 102800 239335 970763 100490 970125 15095 ,541723 970763 244413 749960 865401 547847 817743 482031 301089 631037 
645625 831999 832520 405395 833566 834241 569071 567345 845422 29621 ,645625 834241 661071 608773 114366 257599 834094 795673 161918 28050 
88798 601875 618358 627882 477733 496578 46809 989436 477943 383159 ,601875 627882 477733 496578 46809 989436 383159 386605 385438 78710 
18503 629494 291035 60091 396499 631085 822247 488450 59136 931674 ,396499 822247 931674 523155 319251 869865 522846 225422 843523 664793 
101338 517678 983638 606558 946992 612051 666986 671317 132804 244775 ,983638 606558 946992 612051 666986 671317 132804 244775 983140 140540 
618238 953624 920593 618876 612973 618338 607483 537379 14576 619494 ,618238 953624 612973 618338 607483 14576 372342 238344 728247 858635 
304992 336761 68753 531525 408230 84857 83125 615807 525592 522168 ,336761 68753 84857 525592 522168 740760 300824 522623 520729 697897 
113009 22259 245727 258306 340622 474655 417024 513150 143548 451844 ,113009 22259 245727 258306 340622 474655 143548 159821 937512 438548 
297209 373298 458199 420947 877598 45282 473313 700706 37579 978657 ,606589 96711 667071 599250 641104 378601 336841 899499 736499 514961 
261736 776381 279202 719868 292373 806954 350545 452287 278947 311863 ,279202 719868 292373 806954 350545 452287 278947 601624 306845 390924 
765691 186262 790461 818578 656628 852987 911489 828196 766184 886922 ,828196 423678 960344 995010 643063 423381 873220 994923 826093 423754 
88713 337827 31298 711375 569543 357763 69803 636147 276472 903059 ,88713 337827 31298 711375 569543 69803 636147 276472 903059 455127 
23556 443728 134410 609963 555440 322435 445206 785371 443749 847429 ,443728 570746 140754 444140 791691 838482 719460 653269 764360 998209 
507070 796241 245011 194975 803507 255306 259558 856352 749577 325949 ,507070 796241 803507 749577 325949 955596 241733 82608 511927 329052 
806224 516031 806280 787547 411400 429828 547839 956762 173961 322154 ,806224 516031 787547 173961 322154 370496 292077 511892 694896 262029 
876350 562308 521146 858376 852800 853782 68627 387224 876405 757665 ,876350 562308 853782 68627 757665 877195 988901 619582 885995 887316 
973290 773125 973459 963712 843983 244839 772664 334025 772632 754024 ,963712 843983 244839 772664 334025 754024 563762 773522 892584 773903 
777443 180705 953294 81190 405161 140586 524998 526788 351126 23801 ,180705 81190 526788 23801 427307 516008 444647 189140 636949 342239 
947172 340292 498972 941114 970006 732889 499590 347481 811017 299191 ,947172 340292 498972 941114 970006 499590 347481 811017 299191 474270 
33018 200735 311284 84884 461393 80921 799626 526650 985251 197949 ,33018 311284 84884 461393 526650 985251 980610 425740 822909 430404 
669944 870174 870976 257451 413849 879947 868498 563928 861351 207110 ,669944 257451 895103 670350 921171 207680 879712 722747 741780 844607 
611465 611623 23195 811041 191075 212413 756737 139848 834958 765791 ,611465 611623 23195 811041 191075 212413 756737 139848 834958 765791 
879925 154224 224057 605464 988386 908466 192722 271538 223869 862376 ,271538 223869 586295 11367 266461 862352 798497 158159 10311 844637 
156678 691455 928522 17749 958349 497822 101086 15851 194202 273018 ,691455 497822 101086 15851 273018 194202 208594 201671 681266 300359 
719141 898778 164927 487917 573929 512699 904712 242100 705384 563712 ,719141 164927 487917 512699 904712 705384 563712 242508 573396 749796 
113082 31427 468054 95293 524163 459868 493372 154071 869348 752401 ,113082 31427 459868 154071 752401 406332 96277 778529 599661 291427 
531654 776547 428874 357764 576133 995720 299191 961345 530659 538525 ,593545 933493 833620 678098 480574 326471 566177 153828 202336 372769 
267670 268329 880053 109290 195933 274749 641093 891106 407391 357260 ,267670 268329 109290 274749 641093 891106 407391 357260 410663 47264 
416286 527213 987216 843634 465268 940594 922170 71672 556706 843112 ,527213 940594 922170 556706 855463 16637 461222 595914 883539 940740 
580956 799869 934041 576086 275158 337682 511513 470734 932763 347689 ,799869 576086 932763 575274 622008 616642 238149 273339 457018 273122 
426756 353320 794330 13710 790153 369459 427104 414181 266819 302247 ,426756 353320 794330 13710 302247 350478 458358 600852 499584 960990 
148092 316929 976353 385097 297581 356705 860229 630870 860291 206588 ,630870 75903 975678 497764 75535 411742 117874 477818 143480 859771 
652396 652207 125943 76239 407047 936962 975327 1548 203189 525867 ,652396 652207 407047 203189 891114 792331 636074 870638 604616 918678 
369366 341673 237049 940971 265165 765387 766439 182940 413780 328331 ,237049 940971 265165 182940 413780 328331 939906 902628 197976 732464 
63688 46951 27134 807974 39362 163067 845584 722726 907929 156767 ,63688 46951 27134 807974 39362 163067 722726 907929 654158 691202 
448829 448680 949550 964469 69881 711096 69654 779057 360766 854263 ,448829 448680 949550 69881 711096 69654 360766 852127 913450 227844 
704144 258987 977758 653827 138034 688399 567711 374304 28590 179607 ,258987 977758 653827 567711 374304 28590 616678 870534 195126 395684 
171888 419916 970049 248084 618633 385935 817716 892468 284152 236372 ,171888 419916 970049 248084 618633 385935 817716 892468 236372 75658 
295599 266040 296483 527165 513079 956545 261495 732055 348172 725512 ,266040 296483 513079 261495 348172 892983 842881 188970 579761 736928 
374763 315508 556557 57665 256306 256418 660242 556926 74425 904489 ,374763 315508 556557 57665 256306 256418 660242 556926 74425 872051 
82918 305255 501419 825958 208401 525137 236916 17691 247844 16848 ,82918 305255 825958 208401 525137 236916 17691 247844 921887 516878 
833216 894752 853281 766224 772724 375438 765452 208109 767328 699970 ,833216 894752 853281 766224 772724 375438 765452 208109 767328 699970 
532330 435627 717050 426464 368759 313712 822061 265882 4950 92434 ,532330 435627 368759 313712 822061 265882 4950 915410 419768 719759 
248889 55552 891891 162941 508893 247364 162971 549168 144896 683271 ,248889 55552 891891 162941 247364 683271 310872 246512 381389 464805 
879148 829028 880549 892293 410943 769891 978474 536161 38096 386813 ,893820 187893 673440 38354 442859 667599 542645 287770 376006 37750 
162551 811834 593466 201039 578888 244047 83775 514469 134434 165585 ,162551 811834 593466 201039 578888 514469 165585 943523 414596 369606 
515627 881780 351731 806435 390996 547544 534338 547882 918930 615242 ,351731 806435 547544 534338 547882 918930 469491 91441 101870 339503 
70474 990215 171819 72122 342601 997696 548881 508090 195633 821077 ,70474 990215 171819 72122 548881 508090 455230 275206 331559 510518 
274261 359831 453030 732171 544149 174610 122286 174654 202837 480903 ,359831 453030 480903 12890 926461 887552 945762 666123 124000 327909 
19749 845027 127033 194880 515108 924080 170993 225097 788584 515631 ,845027 127033 194880 515108 225097 788584 196960 714886 190519 580110 
705013 195921 439390 69691 931707 864468 623109 931699 805895 199811 ,705013 439390 199811 264459 734252 82189 69369 717371 932427 458193 
363372 487394 566259 104851 60260 496657 68312 450653 187771 337243 ,363372 487394 566259 104851 60260 496657 68312 450653 187771 351043 
723182 178516 124891 406438 153935 739139 80191 54360 16872 264743 ,723182 178516 153935 739139 80191 54360 601133 80969 506215 699021 
867463 690192 670089 202653 668101 832605 934643 831470 61309 291249 ,867463 690192 507830 694497 944120 579446 713941 390764 877125 975559 
283566 39877 337830 351143 293608 448693 341327 10469 317364 341238 ,283566 39877 351143 448693 341327 341238 309077 620282 332270 417456 
360737 438626 822380 998996 228776 62791 220725 142329 806637 557686 ,360737 438626 822380 998996 62791 142329 806637 557686 23215 993543 
278727 279440 272829 513299 230524 555518 96774 123646 814 635686 ,278727 555518 96774 123646 814 635686 266858 364021 831862 927379 
247197 524203 762325 297057 620002 993506 177951 507369 224235 590402 ,247197 524203 762325 993506 507369 224235 100348 863291 521148 849020 
777071 777125 959746 886273 45245 423978 423802 562114 642902 637564 ,777071 777125 959746 886273 45245 423978 423802 562114 642902 952572 
778522 96924 988640 106890 764631 981890 257836 988732 73324 625622 ,778522 257836 625622 725145 16064 575319 866101 594824 799665 397926 
635855 524809 280868 94182 743095 995805 481249 428265 818254 262626 ,635855 524809 280868 743095 995805 481249 818254 156095 469665 522499 
322714 87527 615839 23619 481264 952666 942281 517059 468399 703198 ,322714 87527 23619 481264 468399 351955 530937 623017 652901 109483 
514527 179787 678389 753231 23726 168614 202536 106713 879438 101304 ,514527 179787 678389 753231 202536 879438 70073 181810 179204 175284 
563997 923810 857201 49919 798973 756088 563093 635998 706804 724917 ,798973 756088 706804 916432 923905 916855 540511 887287 912146 915618 
663574 214293 218903 413103 48669 263882 920220 662064 236033 771900 ,214293 413103 263882 920220 662064 236033 771900 878342 963661 460951 
200400 505996 784694 144001 788289 466528 506664 28135 347289 558292 ,200400 505996 506664 347289 558292 196520 275336 715632 223702 986717 
38096 39064 410943 947128 540231 769889 905647 410272 39164 409011 ,442859 446707 38354 376006 667599 187893 640589 892166 37750 947903 
874085 201168 499587 111148 337588 127020 599947 731475 240362 93156 ,111148 337588 599947 240362 533931 261560 122466 367876 72243 63764 
137089 236028 396264 917229 887289 457319 665042 226782 927119 707665 ,137089 236028 396264 917229 457319 226782 927119 705400 224960 157230 
964222 721062 395281 209452 786043 662871 625091 996396 880398 455528 ,964222 721062 395281 786043 662871 880398 455528 484668 741170 860998 
96092 237875 405733 84705 470009 491929 641375 83796 386785 873594 ,96092 237875 405733 84705 470009 491929 641375 386785 873594 454039 
153057 261469 174770 175482 175688 149871 329599 174889 517280 738367 ,153057 261469 174770 175482 175688 149871 329599 174889 517280 738367 
179516 433994 598489 399933 184685 128864 120649 395783 719956 621571 ,295290 703839 395205 841105 633505 5589 185954 315086 963914 169473 
873302 843885 611635 133303 954460 799461 963914 981626 992089 102091 ,873302 843885 611635 133303 954460 799461 963914 992089 102091 214764 
459253 929696 679127 275027 508601 277163 588178 288629 272555 857337 ,459253 277163 588178 272555 857337 13704 390535 152847 153992 649429 
734978 996776 541541 754219 773522 520549 856333 51321 42233 43963 ,539921 892274 606072 38825 769879 929322 952510 141981 773903 424650 
816645 816742 568940 816891 764320 817595 392014 816814 256365 255316 ,759960 51461 901338 572643 817492 51516 591427 309731 137938 478020 
491513 62136 755271 671875 200876 866623 277702 750630 976217 819334 ,491513 671875 200876 819334 448571 408215 693251 218663 985057 985528 
993046 857323 959776 759490 253906 831866 895257 224347 948856 889437 ,857323 759490 253906 895257 224347 948856 889437 832461 705643 932027 
90573 961526 885683 921400 979829 46124 724974 224046 885660 997100 ,921400 869114 90575 877017 940635 986956 969181 190644 99423 856383 
722745 503530 154748 305592 352476 462287 194639 352310 296881 85858 ,722745 503530 154748 305592 462287 194639 352310 364437 540775 737605 
46316 773931 833415 374064 312232 248636 165436 757383 302219 613557 ,46316 833415 312232 165436 757383 302219 613557 780945 403695 113650 
285877 960941 881543 413555 328020 412865 707864 633174 539051 835122 ,960941 881543 413555 412865 707864 539051 835122 76065 372390 294768 
188373 939932 448725 556863 819967 880286 40178 744458 182603 14071 ,188373 448725 556863 819967 40178 744458 182603 14071 873848 389111 
477064 785525 268631 317932 855056 277057 205883 270161 197164 205628 ,268631 317932 855056 277057 197164 802090 939718 277770 136085 206192 
148388 362633 802090 378863 900703 785525 236142 268685 978340 247518 ,148388 362633 802090 378863 900703 236142 978340 247518 53564 139389 
180796 661657 155331 774439 943576 88319 867287 610497 702892 587000 ,774439 88319 867287 610497 702892 587000 646275 130109 449265 434979 
773246 865111 954067 826395 985782 954417 639195 521615 199459 557720 ,773246 954067 826395 954417 521615 382654 190803 926291 752884 233854 
430712 689167 84733 193319 272135 955775 594654 885199 998297 594157 ,689167 955775 594654 885199 594157 844466 416132 987074 205317 880091 
2482 79265 799368 122373 142848 663194 364488 536063 713615 55969 ,645178 838482 648819 688469 698840 804239 140754 281543 515068 330649 
291378 215995 775838 419725 568788 774141 389274 455260 229141 637712 ,291378 215995 775838 568788 774141 229141 637712 215985 896880 578306 
657030 654803 654519 824226 518516 374180 657045 446176 655568 814215 ,654803 721156 447225 567938 656588 6380 814310 46143 476911 709822 
42126 599062 437889 94667 81190 662762 716515 291955 570376 569961 ,42126 599062 437889 94667 81190 662762 716515 291955 570376 569961 
818254 636895 546066 280395 814664 279486 94666 83409 94965 95166 ,818254 636895 546066 280395 814664 279486 94666 83409 94965 517857 
268351 132675 32739 398051 790012 382933 122469 692137 504956 161186 ,268351 132675 32739 398051 790012 692137 504956 161186 465962 117428 
655434 667048 657642 655507 536436 552997 215827 207049 43999 446310 ,655507 421123 787918 642521 654791 447394 423362 994923 887048 643077 
834700 391740 255800 518641 347597 389073 615943 81703 42882 281125 ,391740 255800 518641 347597 389073 81703 42882 351182 82273 474815 
190973 190618 760361 833455 760046 762625 834746 135521 218000 760169 ,190973 190618 760361 833455 760046 762625 834746 135521 760169 757790 
770116 894415 637863 37940 131305 425445 985865 537400 980313 642913 ,894415 131305 667320 983547 253852 476423 546695 673284 667098 446435 
856952 18193 674693 656514 820048 987424 219488 104217 216246 671284 ,18193 674693 820048 987424 104217 216246 562215 106466 561819 587872 
110977 350500 878465 723563 256573 308888 635368 812740 312703 308196 ,812740 312703 308196 807190 270709 691755 236771 521556 173654 319012 
202028 956999 477524 771899 914157 204761 173275 421777 294631 796541 ,202028 956999 477524 771899 914157 204761 173275 421777 796541 726621 
636784 373460 600018 899570 667400 912217 607480 850455 654759 373232 ,423557 599250 899499 458921 736499 659613 424343 447181 910843 108047 
347388 776443 344222 934001 947665 280256 1301 571426 94112 310664 ,347388 344222 280256 873628 618310 508088 460844 740149 283526 60476 
773052 716126 572816 422941 633796 776126 715999 222459 789511 777472 ,773052 716126 422941 715999 222459 715868 536189 648655 24503 423678 
302386 459197 333487 868611 851213 732149 669966 458571 576304 300634 ,302386 459197 333487 868611 851213 732149 669966 458571 576304 300634 
58797 518727 699582 416532 929264 522119 237857 468978 228378 534088 ,58797 518727 699582 416532 929264 522119 237857 658254 188421 929287 
519512 91767 101427 93866 921616 484567 488990 258074 272052 740166 ,272052 487966 265297 310180 488090 351859 153982 193012 152776 300274 
990730 386868 615842 666662 834166 561202 522558 5569 923142 214494 ,990730 666662 834166 561202 522558 5569 923142 214494 823235 482871 
6569 678683 774028 447677 448207 753865 448727 566147 598690 56848 ,6569 678683 774028 447677 448207 753865 448727 598690 56848 895828 
727734 547488 617792 67502 550775 111995 126601 352371 706981 262552 ,617792 111995 352371 66122 273731 101663 933894 981274 21347 737031 
921888 280946 86235 685516 342292 430256 523479 505424 440363 702914 ,921888 280946 440363 496948 524036 426548 500109 322710 683899 525010 
327268 621594 215923 544212 300114 612335 252090 895591 658655 40931 ,327268 215923 544212 300114 612335 658655 40931 40740 273096 242769 
254510 519566 474597 997634 519350 922057 201816 15732 528648 226216 ,519566 519350 201816 528648 226216 434647 861054 941325 58430 46182 
373718 757790 672537 755368 994892 608968 610163 636861 374373 373737 ,610163 374373 373737 610401 834346 771321 830128 405238 758985 834364 
894417 287770 39259 299706 558054 671611 886232 996842 904119 38828 ,894417 287770 39259 299706 558054 886232 996842 904119 38828 941592 
236554 892166 10656 228278 117816 235867 190842 125040 477845 886457 ,236554 228278 117816 235867 190842 125040 477845 886457 814579 886597 
289970 40571 349076 996969 564237 853678 661163 145366 783948 337331 ,289970 40571 996969 564237 853678 145366 783948 337331 301860 383343 
778266 679507 90742 808293 248109 382183 732710 421315 81964 322070 ,778266 90742 808293 382183 732710 322070 577156 271202 494552 595909 
8894 227733 169689 745982 327011 431313 237419 68687 685792 305411 ,234883 632148 279664 228130 317570 550372 157955 440418 944732 292594 
806330 183226 105535 106630 796827 222152 844466 59673 632071 3919 ,806330 183226 105535 106630 796827 222152 844466 59673 3919 840039 
939188 818365 664704 26232 586692 165496 860722 712755 21049 1941 ,818365 664704 586692 860722 1941 560473 403067 326180 543738 828349 
228199 322458 188970 263542 935954 458377 785267 691144 175940 323345 ,188970 263542 935954 458377 785267 691144 323345 134483 438855 392615 
845258 516948 723260 821858 810187 394198 948701 553078 14870 729581 ,845258 516948 723260 948701 553078 983805 402872 438841 399672 199457 
587872 886779 862370 922170 987478 664793 842163 628804 906501 628584 ,886779 862370 922170 987478 664793 842163 628804 906501 628584 866808 
735834 962466 193972 241880 903155 76599 796396 25517 526591 450189 ,962466 76599 25517 526591 450189 522929 68271 94847 395710 448693 
758486 677036 756904 676509 676558 757821 757473 767548 404605 673120 ,757473 629360 673032 757628 673048 481824 483472 758012 676377 767243 
82024 962658 805810 196954 453020 596985 478772 519734 478728 564946 ,82024 962658 805810 196954 453020 596985 519734 478728 564946 479088 
786540 496132 97470 601545 149982 541998 581502 959833 832379 295896 ,496132 601545 959833 783359 168281 924752 571925 617051 233854 260618 
350643 496790 322061 227321 237031 129922 256695 785103 305234 351095 ,227321 237031 785103 473012 337009 237047 684133 228111 124796 305453 
60946 804789 879527 777566 369764 557617 716640 777753 821069 434989 ,804789 879527 777566 369764 557617 777753 434989 601112 17695 130486 
512858 39429 39452 38446 38519 39315 512415 39574 513203 39450 ,512858 39429 39452 38446 39315 512415 39574 513203 39450 39357 
151383 653431 604296 826998 667489 766887 736498 913313 814174 814215 ,151383 667489 766887 736498 913313 814174 814215 49103 715357 546739 
295314 705558 801662 661801 309246 121238 78452 176418 394488 592106 ,705558 801662 661801 309246 176418 592106 488614 847659 702166 1319 
694033 695340 49103 188160 695216 826998 655631 891891 448651 7218 ,694033 49103 188160 695216 655631 891891 246544 131034 653431 516761 
788387 72724 478327 685945 379789 41738 615789 151912 290161 379649 ,788387 72724 685945 615789 151912 743322 379539 502667 898731 393896 
885534 186146 271869 619245 486160 431558 928722 229979 728371 915538 ,466139 710962 15222 104401 941278 751117 690058 618273 515631 899457 
608192 603737 858882 867835 878543 744492 124917 491460 656 89942 ,603737 858882 867835 878543 656 89942 529767 96177 483037 425205 
433178 116467 941809 941525 132353 480939 221008 282355 787073 629622 ,116467 480939 723597 106836 184230 255783 220455 261610 672486 401186 
624129 138121 347781 169638 955210 745367 296205 214726 945122 173919 ,138121 169638 745367 296205 214726 945122 173919 633405 109021 598898 
227915 825002 237767 533985 456063 97573 555350 199410 812761 803843 ,227915 825002 533985 812761 803843 196844 927823 124537 92733 946505 
796558 552617 233323 370514 300594 114700 327136 884206 911449 332008 ,233323 370514 114700 884206 911449 332008 616351 514613 564174 316689 
634574 45771 59730 204950 269228 924155 486865 565762 785019 365592 ,634574 269228 785019 55494 601053 634408 734798 215939 505024 172959 
933210 206175 809699 11349 479014 230063 192289 411443 560440 5655 ,206175 809699 11349 479014 230063 411443 560440 5655 807491 985057 
690452 997712 311846 483661 426756 118248 514377 169162 723116 337015 ,311846 483661 426756 514377 337015 68340 174317 227306 560252 341739 
67678 285859 72967 660244 833930 947357 766933 860899 831232 204582 ,285859 72967 833930 766933 860899 204582 957315 462055 844904 703780 
458967 793515 566791 750995 34321 620624 586987 599186 147730 111275 ,793515 566791 34321 620624 586987 147730 530949 723380 453643 466230 
870174 59633 870976 20648 194863 713313 208432 693216 203063 791712 ,870174 59633 20648 713313 693216 203063 377250 225243 439593 206649 
383771 494186 345417 344907 31038 70512 88123 878549 753858 479700 ,494186 344907 31038 70512 88123 878549 96985 147749 808444 774737 
619019 430033 246520 986938 459594 179026 697815 719539 270364 696869 ,619019 246520 153631 348831 448552 321600 188466 713162 429701 633155 
25674 724983 200172 142533 929993 429711 497898 104368 86772 700561 ,142533 929993 429711 497898 86772 485921 354301 415074 436565 503093 
472107 854157 368721 477582 786030 382884 574024 409367 317364 961630 ,472107 854157 368721 477582 786030 382884 574024 409367 317364 961630 
450988 21911 787912 535011 45771 216220 23971 79780 22027 658346 ,21911 535011 216220 634574 505024 714226 784774 785019 422549 427118 
237269 969257 13004 684076 60414 114531 297713 531608 203754 963343 ,237269 969257 13004 684076 114531 297713 963343 977462 3137 207684 
469665 307453 501339 63929 517384 337180 896956 744164 149254 518657 ,469665 517384 337180 896956 149254 188771 337062 336735 603116 254300 
914434 358012 844400 404805 520139 188009 360229 370086 861774 278166 ,914434 358012 844400 404805 360229 370086 861774 278166 598178 550749 
807458 895336 877348 43950 444938 807423 994107 448210 187735 975998 ,807458 895336 877348 43950 807423 994107 448210 187735 975998 374995 
165451 572272 612314 788660 137734 907451 993120 191742 570502 1400 ,165451 572272 612314 993120 191742 570502 1400 605254 906212 749209 
820234 972862 56864 245733 665605 674405 656260 673717 258503 810888 ,674405 672808 52474 667094 45622 824620 576802 828149 825257 57944 
484793 290566 725739 232059 76640 167303 109091 955103 634229 692604 ,484793 167303 109091 692604 291470 344735 314157 820194 370320 300866 
789108 451204 471260 994265 451510 424514 994333 676529 641674 910684 ,994265 424514 994333 801735 676303 469096 631560 824693 125601 769680 
23030 310332 481264 634745 5417 108084 68483 872566 429701 777251 ,23030 310332 481264 634745 68483 872566 777251 616469 470171 808824 
117086 183932 286944 223876 687997 257344 899896 271721 661801 858831 ,183932 223876 271721 661801 858831 285915 140724 183815 214297 391654 
77586 180722 737706 503446 942768 797999 472583 95747 528746 947497 ,503446 942768 797999 472583 187556 41859 156485 730709 519345 801829 
806875 201863 465092 266668 422198 131402 961340 817272 689822 969749 ,806875 201863 465092 131402 817272 689822 969749 861674 582813 689826 
146305 130229 117086 128539 849319 1324 868958 109683 67334 275324 ,146305 130229 128539 109683 67334 224692 274019 527308 16348 201201 
556557 116660 24595 611903 104344 24532 891072 666966 603574 949941 ,556557 116660 24595 611903 104344 24532 891072 603574 949941 711096 
734831 124484 259167 148506 295568 107503 423144 254415 283166 603721 ,124484 148506 295568 505188 976070 890222 836163 95047 477549 40249 
954052 460079 65795 328702 451807 195537 273210 550542 148764 219644 ,962247 121421 847634 171681 679399 939180 842915 653716 456453 71517 
866220 556888 910616 954560 904155 43816 343178 100592 565754 111049 ,910616 111049 231865 851258 422018 537704 155503 163052 8304 277308 
3472 288629 481893 932232 483177 63085 933152 670133 495365 196077 ,3472 288629 481893 932232 63085 670133 495365 840995 349253 754137 
643000 643013 642285 640510 642730 642128 640120 642957 640620 854073 ,643000 643013 642285 640510 642730 642128 642957 640620 854073 401976 
96277 115246 525404 314297 79632 297263 772895 997519 559765 95054 ,96277 115246 525404 79632 297263 772895 997519 95054 624623 110949 
864010 840487 818661 584109 210319 866818 590413 866394 20283 513031 ,864010 840487 818661 584109 210319 866818 866394 513031 14947 819967 
6665 412788 875921 471596 619355 752307 835860 802654 836603 363528 ,6665 412788 875921 471596 619355 802654 836603 363528 605026 604928 
2584 774920 371058 520621 818989 33139 806429 222957 262470 520040 ,2584 520621 818989 806429 262470 520040 844865 457217 606067 598987 
679841 356469 327857 664865 156078 456150 481501 148895 631175 335270 ,679841 356469 664865 156078 335270 818703 501313 720269 883643 687510 
28899 462529 440650 52936 209286 513859 930484 874004 822575 838257 ,440650 930484 822575 205720 780994 608010 691600 498308 550019 49502 
524314 468054 81515 889459 639787 119859 404816 461291 788326 80146 ,524314 81515 639787 119859 404816 461291 80146 536352 342405 124615 
151912 184368 694835 243949 290161 153735 235097 68614 563615 822159 ,151912 694835 243949 235097 68614 563615 822159 516857 516898 558394 
557275 255908 271320 70342 838383 840954 670208 497832 818157 194905 ,557275 271320 70342 838383 840954 855480 732456 519174 895467 911638 
502646 943218 974398 452995 700317 671550 123588 324628 508421 974320 ,502646 943218 974398 452995 700317 671550 123588 508421 772247 494840 
759395 953398 892414 445195 207156 971574 385911 218574 885441 139927 ,759395 953398 892414 445195 207156 971574 385911 218574 139927 779526 
667285 207888 207788 424343 40937 476661 850455 736499 656945 667706 ,667285 207888 207788 424343 476661 850455 656945 667706 207721 536335 
687198 637508 535557 40398 227179 473679 732094 373581 256356 502215 ,687198 637508 535557 227179 373581 256356 850624 236980 153020 211528 
891173 285298 183354 415229 285538 302732 263673 741500 517573 797711 ,891173 285298 183354 302732 741500 517573 8934 741605 33519 285402 
615943 608893 68431 684188 404764 684346 336704 754363 740640 390022 ,608893 68431 684188 684346 336704 649120 610407 170024 964251 295010 
569540 217389 424122 825631 862343 636785 636826 294061 667397 388454 ,569540 862343 994675 816354 476539 770379 912724 716857 446938 816411 
113295 234810 138537 464233 682617 425017 772047 847684 126477 36530 ,138537 464233 425017 772047 847684 264431 18058 161671 721044 647738 
220379 410481 860189 117970 860352 368789 731878 127711 152190 162882 ,220379 410481 860189 860352 368789 731878 127711 152190 891329 88771 
408084 26914 20454 600197 662932 725151 321537 714083 144348 947975 ,408084 20454 600197 725151 714083 947975 331527 859959 115246 326101 
930024 586695 482283 263300 635385 269016 632681 289534 549863 741723 ,482283 263300 269016 741723 957684 490133 712699 402899 378476 16845 
70974 658607 370070 563214 219763 71496 61457 278841 884257 251254 ,805155 8028 760824 523601 752373 218004 687244 670196 498369 614515 
608991 787599 952217 838401 846459 229097 284676 224039 648296 650885 ,854635 911984 853304 42497 5930 375157 643659 154973 473972 982543 
465585 227654 551089 658642 921858 961346 228270 292636 42762 983931 ,465585 227654 658642 921858 228270 658303 665803 972647 450487 948373 
777076 835482 366004 534392 22620 554607 36168 749354 788906 896269 ,777076 366004 534392 22620 36168 749354 788906 896269 808117 201473 
780552 142726 811399 419359 869423 61664 431395 560938 426052 566001 ,142726 811399 419359 426052 566001 966003 996992 123984 424175 314250 
202719 869970 521330 12372 198260 394344 470009 98355 515790 188280 ,515790 551959 600482 250196 72858 211701 244320 36931 65732 533346 
601112 868493 36530 724106 68596 415679 128936 747868 245875 424193 ,601112 868493 36530 415679 128936 747868 245875 424193 499987 829170 
950884 199963 264241 945215 796592 168929 74765 292471 339091 21417 ,945215 796592 292471 21417 300274 32739 130674 114597 538147 154834 
260253 553902 277055 106049 854578 957411 850117 961345 105691 909252 ,553902 277055 106049 854578 957411 850117 961345 909252 849101 536820 
141990 374105 839251 714444 145265 708203 260854 613038 412650 566917 ,285503 768446 581445 422058 492874 589925 35997 866185 791381 696826 
181655 20893 632646 20374 636138 101870 468748 466734 20964 365629 ,181655 20893 20374 101870 466734 524584 301786 495891 336724 834134 
615869 258738 525890 89494 158588 529529 466855 838043 122455 381286 ,615869 89494 158588 466855 838043 122455 137867 712180 371143 615646 
946598 569073 158991 404792 775389 667582 573282 145478 144918 761053 ,569073 158991 404792 775389 667582 573282 145478 144918 761053 567202 
215474 80842 408218 31990 846911 416755 170251 95144 88625 407715 ,31990 846911 416755 95144 462996 971465 329117 93347 209811 308855 
799213 553911 604016 269507 116889 195226 142077 381537 516305 195537 ,680874 121421 860467 309064 326542 265687 208798 507362 377499 191828 
329146 142263 142558 513184 682578 973161 227014 339865 331121 110267 ,329146 142263 513184 682578 973161 227014 339865 331121 272529 462819 
236676 58655 892700 892823 655922 266090 805931 350258 895877 290653 ,236676 58655 892823 350258 896270 747513 288501 790878 720865 336991 
627982 628281 685552 329455 22705 19975 822443 747592 684553 748502 ,627982 628281 329455 22705 19975 822443 747592 684553 514338 427962 
836597 844098 206839 556249 810349 299071 101180 386731 300401 751772 ,844098 206839 751772 880117 434098 958019 289666 929646 273265 451459 
487856 825756 751229 646203 366337 825843 16458 721062 390593 730834 ,487856 825756 366337 825843 16458 721062 730834 610950 365793 705479 
808187 731395 897962 932384 822335 96716 471591 824463 791804 941368 ,808187 731395 897962 471591 691054 327045 10950 616055 794118 889128 
662628 54334 350672 566270 520729 699272 68753 361607 719507 566295 ,350672 520729 699272 68753 361607 566295 818021 818131 261773 151497 
327753 838984 543126 397916 334507 582124 410572 641815 950164 993716 ,327753 838984 397916 334507 950164 940753 311447 257936 189388 63476 
614739 65382 630263 936868 967350 367731 378465 100756 781885 181461 ,614739 936868 967350 781885 81838 295282 92421 378476 935866 265680 
116788 8255 653295 102694 559565 427100 429711 308703 925550 814770 ,8255 653295 559565 427100 308703 925550 354973 555127 793209 220616 
996223 995267 444891 841717 999028 446528 101668 504663 254510 998281 ,996223 995267 444891 841717 999028 446528 504663 254510 998281 849075 
145288 852787 673745 357770 71626 581083 674078 163226 575358 26232 ,145288 852787 673745 357770 71626 581083 674078 163226 26232 249244 
992785 925586 435984 993273 271488 23381 235625 236458 280106 58969 ,992785 925586 435984 993273 271488 23381 235625 236458 280106 58969 
795089 279488 658979 821429 490188 787463 132729 80605 699782 23500 ,658979 23500 740591 335899 428578 292206 465566 140672 56962 111148 
722225 380345 757 753842 482138 46546 599757 777581 862352 635238 ,777581 110166 288980 744176 136315 404167 206301 69946 844830 71707 
348376 298376 563748 824614 130052 678180 916702 906363 233861 804295 ,348376 298376 563748 824614 130052 906363 233861 804295 187786 688323 
855365 342881 311320 29662 50658 78477 630991 783296 912576 410248 ,855365 342881 311320 29662 50658 78477 630991 912576 583689 410242 
314768 993811 701526 876194 966224 70155 235238 430079 575529 497234 ,314768 701526 235238 430079 691974 337451 238844 786420 840881 203183 
834217 412273 952497 794008 336734 834283 834122 608997 78492 902109 ,336734 78492 902109 789700 711720 526289 907501 638481 337162 5785 
719783 884304 913026 884563 540163 451369 873553 128221 324606 129559 ,503346 37706 437379 422027 592449 109868 421349 308877 193972 737383 
179550 353102 454199 338865 531432 526926 459112 152245 179342 762846 ,353102 454199 338865 531432 526926 459112 152245 179342 762846 305152 
137422 599386 474609 725151 907892 467651 719053 654617 599661 690820 ,137422 474609 725151 907892 719053 599661 690820 30287 366587 803513 
791163 9022 175767 21723 8540 465283 748948 301111 272349 499004 ,748948 402702 70287 631894 388789 997133 300538 975716 467990 441353 
603188 736209 565230 231836 773366 547533 519275 720878 385002 655951 ,603188 565230 231836 773366 720878 385002 655951 844531 470633 421994 
904677 904599 89627 930521 161733 989746 902358 422470 698883 76273 ,904677 904599 89627 930521 161733 989746 902358 422470 698883 76273 
371790 939608 342477 291151 790642 74866 597993 149511 575551 403519 ,291151 149511 403519 271055 578997 133393 611449 3601 503885 724381 
363212 843547 424174 542534 751433 211665 745867 705400 637525 971447 ,363212 843547 424174 542534 751433 211665 745867 705400 637525 971447 
194582 440235 338924 227023 772838 819665 862259 242713 271858 870858 ,338924 227023 772838 242713 916507 13590 304657 191142 158705 168985 
549350 517055 437252 92614 366715 384957 313778 196668 275484 384774 ,549350 517055 437252 366715 384957 313778 275484 196668 384774 788543 
978375 177465 619319 157436 186977 592180 114611 160844 615462 967830 ,619319 186977 160844 615462 967830 369901 360756 945223 833307 598455 
515356 514769 277127 303941 500865 708981 831003 322936 706559 951625 ,514769 277127 708981 831003 706559 788336 178198 171209 132675 235117 
829853 500035 546949 267112 685163 503213 16889 391389 35318 316018 ,500035 546949 267112 685163 503213 16889 391389 35318 631966 34108 
45203 45753 60223 753231 691133 419475 585804 305810 45133 518057 ,598306 143787 636990 514616 976273 242343 804684 793688 985494 744878 
728369 154023 526511 687462 147705 295418 634475 770157 728567 882699 ,728369 154023 526511 687462 147705 295418 728567 882699 176710 259408 
241302 241277 524924 122009 730306 158071 953359 338071 292554 694476 ,241302 241277 524924 730306 158071 953359 338071 292554 694476 368714 
142412 291378 873223 101906 229141 287766 215995 664396 774141 290157 ,142412 291378 101906 215995 664396 290157 286863 424757 108931 419725 
787980 587309 957266 124011 508660 697236 508669 318034 223702 403315 ,787980 587309 957266 508660 697236 508669 223702 403315 370240 460686 
594134 331127 242211 487944 782756 702762 879661 934744 595722 652636 ,594134 242211 487944 782756 702762 879661 934744 595722 652636 151708 
435345 3752 843384 886630 779712 871066 619829 701919 87578 4009 ,435345 843384 701919 4009 102903 453447 180955 569837 374617 16429 
473848 636487 173673 208768 126380 126898 520066 794357 795411 161131 ,208768 126380 693639 245094 633358 691202 318583 500487 679380 16406 
186694 661542 214185 9942 879581 456034 963647 186682 624438 688193 ,186694 661542 214185 9942 879581 456034 963647 186682 688193 111890 
647967 647152 645933 772038 652957 808516 740445 799462 610050 772015 ,647967 647152 645933 772038 652957 808516 740445 799462 610050 772015 
949488 989239 550158 126522 115777 879208 943523 595968 985952 829117 ,949488 550158 943523 595968 985952 829117 993775 84801 109657 314547 
458047 505576 44202 572766 873847 302713 541177 558655 506139 637666 ,458047 505576 572766 873847 302713 541177 558655 506139 637666 539237 
289120 23314 775694 828172 121770 148902 835713 907254 67976 753967 ,289120 23314 775694 828172 121770 148902 835713 907254 67976 747853 
24552 671959 562168 891603 545430 561489 119993 736209 121097 641929 ,24552 671959 545430 561489 736209 561909 634784 421049 614169 467508 
768371 880218 667790 919288 970102 768316 997116 930466 857481 563959 ,768371 880218 667790 919288 970102 768316 997116 930466 857481 563959 
165743 162457 251582 959868 989472 74339 827925 201635 698919 788660 ,165743 989472 827925 788660 149684 500781 997323 498102 20456 65499 
83371 518710 127314 83097 219937 519126 525808 406372 224840 595176 ,83371 518710 83097 519126 525808 406372 224840 88080 174050 526216 
176086 909016 533906 968319 961979 681087 77085 706559 505009 180490 ,909016 533906 968319 681087 180490 939481 514891 73341 275218 238757 
755084 476091 578654 311343 405682 349731 452267 57831 992586 189460 ,755084 476091 578654 311343 405682 349731 57831 992586 189460 312305 
942001 912888 434176 935871 764507 612697 314723 275800 69009 456348 ,764507 69009 473972 3776 561243 16775 256924 270595 950144 417134 
423613 570579 779368 230189 653988 654755 937735 715433 388454 655591 ,423613 937735 642521 643077 656347 427413 814313 654791 55464 862343 
189076 188851 906822 912137 720665 587120 348016 328983 446422 46816 ,249123 362513 852777 38354 37750 37976 406726 187893 534491 494582 
184711 578850 508232 283964 50969 50779 75976 429320 490513 209473 ,184711 578850 508232 283964 50969 50779 75976 429320 490513 209473 
997901 210292 868865 947166 526473 725077 982821 868473 397714 852356 ,210292 526473 852356 216802 855022 636942 869114 931910 501365 932910 
519552 807083 188548 864437 904677 402638 681340 628745 703636 606203 ,519552 807083 188548 864437 904677 681340 703636 606203 921884 4711 
899014 903896 544161 100683 919042 911257 960336 915913 921338 190633 ,903896 544161 100683 919042 911257 960336 915913 782438 253563 905416 
746602 24263 530733 252067 780687 631850 734827 350981 784965 724016 ,746602 24263 530733 252067 631850 734827 350981 708745 262036 396515 
802654 481890 39880 95183 705357 851328 427322 55978 502370 291202 ,39880 851328 291202 893246 572762 549603 297595 474552 678091 514063 
869724 833769 417598 243740 645487 861671 834241 584828 645625 131780 ,833769 866185 359329 224235 447076 392348 610100 772266 408534 870880 
721024 721385 111571 965318 797107 844865 503325 497544 194157 137134 ,965318 797107 844865 503325 497544 194157 137134 493515 408713 746528 
257606 263300 953545 133989 17730 35502 955701 562966 383324 258184 ,257606 263300 133989 17730 35502 562966 258184 233413 296533 456566 
487472 174793 83126 693906 28208 785442 547472 421175 693918 174749 ,487472 174793 83126 693906 547472 693918 174749 104794 305609 501834 
960784 889096 853636 546631 191113 546485 960708 960648 644421 190897 ,546631 960708 908962 630793 912228 807609 538680 915618 42304 996504 
52390 291378 323773 142412 308216 664509 455625 459205 578212 281382 ,52390 291378 323773 142412 308216 455625 459205 281382 664396 83282 
315967 427556 699021 559975 50705 94849 559918 230414 808645 280406 ,315967 427556 699021 559975 50705 94849 559918 230414 808645 815511 
101628 533495 62196 828181 989659 929287 391881 25038 180669 474363 ,101628 533495 25038 180669 151167 859435 421080 433866 17616 415223 
596313 140527 905487 737182 121740 867960 930179 217982 20868 535084 ,121740 385783 667969 485311 922587 905415 899014 888133 917936 209685 
969284 9948 9644 903268 545137 886703 856465 856301 219488 882012 ,545137 856465 219488 940837 847677 13753 555889 990095 780977 808005 
926542 926844 252913 238608 471127 885411 996410 638111 611045 538288 ,926542 252913 885411 611045 201308 840868 559 200453 894507 267480 
270256 490896 602343 264419 202497 914620 86551 913953 499834 919714 ,270256 490896 602343 202497 86551 499834 919714 244484 860673 88302 
483587 435928 23285 205579 711790 612577 742311 503042 370111 107323 ,435928 23285 612577 503042 370111 816921 200534 245426 965504 552101 
598365 506293 93138 242319 784697 242399 242432 225756 927848 818829 ,506293 242432 927848 486963 426444 701817 301564 296697 5569 869566 
823060 738731 177770 107337 803085 516158 948887 432210 422301 92447 ,738731 177770 107337 422301 92447 368131 271986 87081 179081 430308 
381510 728579 933552 456979 888698 389970 403430 310778 317471 430328 ,381510 933552 888698 310778 430328 527065 529420 147730 420105 696146 
460912 246610 168625 88784 608974 741040 350624 450981 169720 350983 ,460912 246610 608974 741040 350624 16854 739025 732434 105974 868567 
447174 38846 37867 807549 105059 520830 38759 604728 207735 38878 ,447174 37867 807549 105059 520830 38759 604728 207735 38878 187936 
678340 397108 564065 303704 797107 907410 225772 327821 542514 739264 ,678340 397108 797107 907410 225772 327821 542514 739264 750000 110416 
769732 672173 350504 672235 327114 903203 350505 818873 82634 790714 ,769732 672173 350504 327114 903203 350505 818873 82634 790714 646504 
458192 949060 548137 662370 30328 416568 281064 529443 946131 704940 ,458192 548137 662370 30328 281064 529443 704940 452342 956447 703580 
497310 490298 429398 474723 453596 382459 506472 558457 637427 814470 ,497310 490298 429398 474723 453596 382459 814470 243575 517572 755084 
650615 766812 894693 919177 300810 899441 277882 755921 261586 673594 ,650615 766812 919177 300810 755921 673594 993953 572169 124220 912886 
38947 423150 768410 217748 656145 446584 215997 446262 820566 446195 ,38947 423150 656145 446584 445716 568983 787940 995010 824118 643814 
203401 596094 673218 800088 975578 579059 847625 464451 50860 785195 ,203401 596094 673218 975578 579059 847625 464451 50860 785195 575390 
673120 673449 765854 756904 767037 756377 816334 816378 603830 817493 ,673120 673449 765854 756904 767037 756377 816334 816378 603830 817493 
307785 989040 67180 645952 46250 740561 89649 830837 256924 934293 ,307785 67180 645952 46250 740561 934293 269730 58419 639156 472057 
437418 457088 562653 456131 953516 47743 417366 549232 413078 148316 ,562653 47743 148316 269669 184756 521512 504330 365052 188180 372754 
809425 740738 555636 903112 55541 613746 768607 867282 7090 767570 ,55541 768607 837860 281647 167776 760775 807595 890381 639984 174057 
919305 878061 980569 912213 978085 260953 849457 519389 843715 971169 ,919305 878061 980569 912213 978085 519389 843715 906364 365517 929632 
822105 936543 351269 821935 786498 789815 952359 83713 692475 460319 ,822105 821935 789815 83713 460319 168354 695024 230235 227307 515749 
453157 248734 112961 872445 696088 53898 142204 769969 88258 869545 ,453157 248734 112961 872445 696088 769969 88258 934310 249037 370942 
522535 615522 761174 639111 44991 696856 692727 310080 91375 170280 ,522535 615522 639111 696856 310080 91375 364260 306994 554726 497613 
169956 169962 276519 17586 221854 162938 497486 303271 159643 673701 ,169956 169962 17586 221854 816922 572102 571248 294661 684936 869166 
646406 495928 541253 458969 679170 428771 41516 102595 41021 592667 ,646406 495928 541253 458969 679170 428771 41516 41021 847404 14325 
535480 591864 535586 771311 282095 93217 91659 804883 388680 424723 ,535480 535586 771311 282095 804883 424723 526000 71869 822909 397414 
377378 2470 600477 484478 946007 966147 465283 465472 28249 362767 ,377378 946007 966147 465472 362767 468068 243675 952173 77050 795111 
265782 741500 28392 101663 519306 485020 91475 46950 931071 500873 ,741500 28392 101663 519306 485020 91475 46950 500873 801516 762970 
159439 51649 738136 479698 159089 190263 48960 380538 777610 212367 ,479698 159089 48960 777610 814266 476165 184923 734617 77113 667271 
713008 577405 433593 711672 310116 511789 936403 717052 250573 526419 ,577405 433593 711672 936403 717052 250573 526419 435622 429330 693787 
673188 230497 559591 558576 382385 838639 487917 285258 835131 290201 ,230497 838639 285258 835131 596008 971433 861275 923944 979312 303402 
707520 525625 525840 525947 379237 12964 848682 550785 445104 803963 ,707520 525625 525947 379237 550785 803963 599659 161801 924703 906745 
117371 713786 758113 139430 946247 438100 456001 550979 503561 403981 ,117371 713786 758113 139430 946247 438100 456001 550979 503561 403981 
763362 310591 944381 307471 523964 267858 514851 954670 214842 513530 ,763362 310591 944381 307471 267858 514851 954670 214842 513530 371373 
32140 162965 367907 157641 929523 834521 488597 595770 272155 871448 ,157641 834521 272155 871448 819268 452882 193932 266299 225195 148347 
392004 717797 717576 717372 496065 542124 1294 933486 925056 919213 ,392004 717797 717576 717372 496065 542124 1294 933486 925056 919213 
397696 963007 401184 401190 313746 896767 648256 436547 909359 449236 ,449236 604488 946668 840305 126740 593259 43503 108971 582817 995857 
266107 492207 120305 209359 99957 493106 394953 685163 871954 428136 ,120305 209359 99957 493106 394953 685163 871954 685505 872434 402501 
916258 347653 12476 744683 5569 296542 257076 618336 100999 519903 ,347653 12476 296542 618336 519903 411122 384817 956537 791274 562898 
778746 231236 581257 407278 996499 383784 952378 371869 940134 779471 ,778746 231236 996499 383784 952378 371869 779471 388557 316518 774906 
413777 176359 841300 481878 72435 241898 583890 128611 901724 601313 ,413777 176359 841300 481878 241898 583890 128611 901724 46913 587733 
567067 824700 816758 887048 816354 638210 667565 824952 899675 638096 ,655434 769336 599364 639795 824714 655698 780163 657642 654780 215900 
37134 233033 254450 543844 881197 882102 878136 254443 253783 80954 ,37134 233033 254450 543844 881197 882102 878136 254443 253783 399484 
788367 630713 391006 803879 658841 193516 18690 698899 433936 727711 ,788367 391006 748859 679589 430197 125088 515 327807 711334 401104 
133034 158536 565068 79149 185079 40607 1432 899919 748364 486553 ,764457 574161 575136 846797 21049 845139 979109 980141 711181 389580 
983806 431746 303149 932585 888922 795381 210644 510727 886957 17835 ,983806 303149 888922 17835 962793 113283 888792 102997 68155 154210 
665149 144708 260319 893836 500100 998249 323713 673306 320111 620128 ,665149 260319 893836 500100 320111 620128 895065 149523 766909 460398 
103864 710345 27681 709795 276333 639487 246021 587784 627939 871277 ,103864 709795 276333 587784 627939 871277 276750 197934 741609 936035 
116889 354888 208798 75131 393055 589162 620314 929523 332928 189904 ,354888 393055 589162 620314 799213 843184 10661 339508 843112 713409 
724893 105510 597999 676331 903526 753472 678261 343898 795744 393921 ,724893 105510 597999 903526 753472 678261 343898 795744 393921 695037 
306646 352926 507256 987590 351825 74346 154641 278827 838116 506011 ,278827 340175 973658 350461 364092 609914 744204 285076 321858 511678 
123985 832999 855554 546767 885741 81001 768705 994263 889896 801041 ,123985 885741 81001 768705 994263 889896 852240 889094 502128 190642 
973741 973824 973981 487681 482072 454001 799116 474176 224534 462081 ,487681 224534 462081 646363 53985 547776 263351 416889 597621 483856 
422675 648219 653102 911696 444845 543116 422718 653297 559624 846226 ,648219 653102 444845 422718 653297 846226 23892 422773 445159 785401 
892762 889945 214833 892767 772549 54373 372449 54460 59142 214546 ,892762 892767 772549 372449 54460 59142 760731 719401 4828 80630 
439591 669505 981643 565694 143188 602208 404652 710482 49753 48791 ,981643 565694 48791 163549 412738 49170 144736 115438 218049 415986 
740366 637422 773088 684612 511964 521934 566392 815066 529859 262483 ,740366 637422 773088 815066 151281 617579 70283 850194 718207 541052 
387158 55598 498382 989922 500472 233010 352949 690049 353324 227204 ,233010 659094 257527 228250 332006 609914 659855 322421 309077 305453 
492335 45375 231975 5751 603768 693553 476963 254393 586984 512574 ,492335 512574 592236 483848 926654 787436 231880 882297 96577 603046 
686314 985762 477019 50915 615731 824284 5655 155568 5844 534461 ,686314 985762 615731 824284 5655 155568 534461 389416 292675 824903 
70942 59819 60272 987269 458758 528804 501085 702209 93617 933936 ,70942 59819 60272 987269 458758 528804 501085 702209 93617 933936 
581325 108434 888231 170729 785837 316406 134385 721459 805389 31860 ,888231 785837 134385 116484 663417 31028 273092 358555 200104 798751 
544494 670937 158694 554735 36498 156333 862060 511940 603357 471371 ,158694 554735 36498 156333 511940 603357 351132 316948 364686 121907 
171514 510626 171220 172628 206344 63316 727853 11023 70661 796258 ,510626 171220 172628 206344 63316 70661 465562 137186 414217 601483 
882974 108815 395006 979011 839555 745094 630356 441438 26501 947167 ,882974 979011 90776 869116 594150 940635 147 13798 545494 755213 
772570 532539 662919 409135 792263 615917 401804 252680 56041 733655 ,615917 401804 252680 56041 733655 772038 773142 605376 2481 536060 
925263 287137 594334 531428 424332 270523 594349 851198 681728 597427 ,925263 287137 531428 424332 594349 681728 594524 701496 497477 565052 
752663 310632 750289 372579 449853 976775 968258 93674 882232 105547 ,310632 107564 947585 773559 619855 904731 268722 929923 943869 865017 
59289 852297 397103 14228 140619 620552 59017 499216 703102 129012 ,397103 620552 59017 129012 933183 420023 836932 293005 349431 430713 
975073 851165 801596 983133 574879 269371 53653 301824 226732 850817 ,53653 779549 90789 429193 597401 142453 328492 315594 806051 336606 
552374 475604 537458 595176 49839 898410 382115 505533 24302 405443 ,537458 49839 382115 505533 768589 720244 59768 57236 518492 793457 
334848 334697 525811 555274 660586 903419 283013 520512 193725 690626 ,334697 660586 193725 690626 544749 488767 200896 616341 718310 420716 
155325 237911 820317 155662 45363 89634 704682 384263 90090 95811 ,155325 237911 820317 45363 89634 90090 500389 78253 82534 537806 
344348 591176 324396 339777 947760 171878 59600 829619 7510 151957 ,344348 324396 339777 947760 171878 59600 829619 358700 400135 292320 
397783 106266 516991 432115 60445 106213 772021 529092 94047 90411 ,106266 60445 106213 772021 529092 806286 351543 22483 59600 210589 
218669 944647 406574 669782 689860 237315 567760 157333 130336 429871 ,218669 944647 689860 567760 130336 188418 29972 168559 850870 723495 
214612 809546 259801 940806 393131 143895 234332 471873 264726 260646 ,214612 809546 259801 940806 393131 143895 471873 144330 283077 694268 
567074 183178 140524 970057 765633 568602 567321 568715 568012 963553 ,567074 140524 568602 567321 568715 568012 963553 569054 970752 871581 
648395 573982 784985 81596 379637 910806 651090 723813 308635 426487 ,648395 573982 784985 910806 308635 725608 497368 129756 612963 30545 
866454 936917 74186 392987 370852 459327 393796 765076 750878 105080 ,370852 459327 201340 755044 315212 392616 503900 514991 460700 743045 
234612 838797 73760 454051 499864 930518 322470 733771 743045 711013 ,73760 454051 499864 930518 743045 711013 315212 833526 163331 18313 
108552 306199 528361 686077 430010 663893 531802 634372 889967 392529 ,430010 634372 889967 943031 341996 367805 439409 60169 27302 110286 
444934 808877 445177 862873 888852 850999 443898 995113 642175 885848 ,444934 808877 445177 862873 850999 995113 642175 542963 714052 837973 
299870 467625 719100 400663 630177 485444 341683 570244 630568 452135 ,299870 467625 719100 485444 570244 630568 452135 431293 293358 822085 
683049 683045 996487 338345 666223 833496 647032 851430 856864 997167 ,683045 996487 833496 647032 997167 773072 99641 856413 882607 348932 
842600 915761 225730 399783 852668 159252 895930 199775 225678 525704 ,225730 399783 895930 225678 525704 199972 12564 630078 267966 58066 
543309 543162 885938 52498 707109 43271 327074 886043 685050 858999 ,885938 707109 955981 673164 6997 603017 299262 951359 477449 101555 
270601 400303 506494 173069 933348 753446 707434 967805 105927 783253 ,173069 753446 105927 793994 705316 939304 933668 526528 622580 984315 
199128 609599 318688 577275 390451 403252 487205 319576 298577 791994 ,199128 609599 577275 403252 487205 319576 298577 721322 720976 357388 
345639 687050 141362 688309 19494 859320 680274 844486 197231 276047 ,345639 687050 141362 688309 19494 489019 630506 550259 108274 17448 
251055 282093 65228 195165 977231 60223 943157 750640 534252 514617 ,282093 65228 977231 60223 943157 750640 534252 514617 469206 684333 
248023 492367 790690 456204 7997 638841 524688 491417 415531 721472 ,492367 790690 7997 524688 415531 246750 514758 790430 694775 423716 
689994 600619 273754 958811 898712 694143 842182 880564 760840 226522 ,600619 273754 898712 842182 760840 226522 835554 843989 689835 572433 
858607 905734 68862 58998 723733 548791 857782 842428 844488 690809 ,858607 68862 723733 548791 844488 122279 104683 393120 544255 36297 
149951 623931 52432 949202 333528 79745 620026 859564 179199 82528 ,859564 82528 245622 333472 608947 283921 275112 32982 966253 989132 
678360 727508 72350 841400 201187 625167 887675 844512 681835 786767 ,841400 201187 948076 569835 868426 200903 267301 982380 267228 225082 
693681 349778 175777 515720 502514 945853 322464 942404 948697 311078 ,515720 945853 322464 311078 77106 589209 795660 111384 547621 837101 
795719 933141 871595 440684 52119 98313 439862 820023 889900 980341 ,871595 440684 98313 439862 820023 980341 640059 831492 873227 762792 
681607 630660 2878 169552 169460 991216 704807 340543 13359 124169 ,630660 2878 13359 210592 455431 59791 386608 187502 543764 250039 
648272 771152 889316 211502 323189 792983 833606 901318 647010 6681 ,648272 771152 889316 647010 6681 804758 829509 797871 893496 802355 
546477 413981 601852 527737 476752 545318 911401 499548 883298 721119 ,413981 527737 476752 545318 721119 88139 377420 53310 562112 696746 
280044 37987 578654 134679 397373 641476 124103 84869 701130 43129 ,280044 37987 578654 134679 397373 124103 701130 43129 126885 560005 
468419 307829 126425 331837 718994 393523 293805 799419 551748 467624 ,468419 126425 718994 799419 551748 467624 108086 467149 699704 91946 
735386 795507 730190 478113 935607 808031 557454 788768 420175 46880 ,478113 935607 420175 817717 474940 993101 887677 992422 188208 449615 
556270 555832 913174 726359 339708 417310 115496 440834 91486 305839 ,913174 339708 417310 115496 305839 282838 57175 353853 106343 439037 
281725 122963 151235 123627 51282 528401 662622 293311 291891 292956 ,281725 122963 123627 51282 293311 291891 87692 566275 83911 40560 
742673 736767 336969 279563 278875 763714 778293 600017 35076 321988 ,742673 279563 278875 763714 778293 35076 994675 735429 237031 565333 
232641 262550 163953 307998 849653 228812 794382 506977 102430 63113 ,262550 307998 794382 63113 646006 505851 858539 264955 323632 705962 
1092 580133 577102 974172 984934 145111 934403 47712 918460 775184 ,1092 577102 984934 47712 225145 123003 854979 290572 918667 865219 
280579 629590 764047 137145 629439 350077 299753 630351 626967 573251 ,280579 629590 764047 137145 629439 299753 156553 517690 432492 547526 
202560 266838 349177 99801 933283 16368 161713 226857 379641 268164 ,349177 161713 738068 21694 691985 820872 71725 194859 654297 226523 
247136 402077 363808 51282 448377 242163 278616 785848 151434 261647 ,51282 448377 278616 337080 663476 772751 515255 524638 292524 689913 
985443 983840 207038 984119 60420 60051 204685 955383 886136 912643 ,985443 983840 207038 60420 60051 204685 912643 986259 516148 541323 
421262 368384 449740 904217 599337 743842 234386 472680 194292 273108 ,82566 806849 140141 373199 513418 295018 194072 365418 709449 392357 
180697 364007 473900 941647 219772 342026 376152 961952 342020 242092 ,180697 342026 376152 503368 516690 263596 325137 396854 372626 182590 
24856 375705 4128 462894 213113 243445 360342 948337 34089 19599 ,360342 948337 34089 19599 375680 160425 213161 375637 877266 243913 
746205 747755 35200 437948 821341 679314 501214 803625 345205 783205 ,746205 747755 437948 679314 345205 783205 421127 594738 482712 746784 
104269 646400 891906 386733 996610 643371 765477 646264 187107 582048 ,104269 646400 386733 643371 765477 646264 582048 424046 761918 847817 
472926 470956 287188 286216 754310 470912 297829 927412 361335 891457 ,472926 754310 361335 891799 925402 406709 61141 270052 594761 140755 
911061 610786 515757 414452 826519 410049 601316 141302 831529 699829 ,288699 469755 43526 569654 255137 595509 227932 591551 459125 267749 
819321 745851 422100 289946 903486 458066 30395 748114 462917 84279 ,458066 30395 84279 305827 89123 458262 524867 703089 294389 429472 
339282 947183 764139 745563 577062 439702 373690 707168 741861 716898 ,577062 741861 452661 179623 575162 748502 379682 13990 484773 678278 
69365 343394 534780 564100 923587 282163 497740 805254 18679 196099 ,69365 564100 923587 497740 805254 274915 412580 433227 881081 412912 
333528 484742 98326 223599 539486 333472 979919 275112 52432 366781 ,484742 98326 223599 333472 275112 989132 223552 380535 589734 416249 
776524 303926 532737 968417 968799 602920 450272 658424 383756 117841 ,303926 532737 968417 968799 602920 450272 658424 117841 664920 42648 
952461 405084 805562 891015 683358 46997 8420 38438 808123 54839 ,952461 405084 805562 891015 683358 46997 38438 808123 54839 375800 
563578 611886 320922 957410 198864 742082 335499 968507 211693 194260 ,320922 198864 968507 595386 364084 739930 647564 963492 37996 781945 
530598 234753 798922 198774 256663 348413 439838 560930 254701 7374 ,348413 439838 586252 247965 99171 791807 746564 46178 379671 99054 
756283 485157 510955 581080 8203 558832 997210 194425 273241 543706 ,756283 510955 581080 8203 558832 997210 543706 753794 695834 55576 
6907 654801 38716 569487 823505 37676 216525 37681 667224 447367 ,823505 37676 216525 37681 667224 639995 447252 446816 446247 656871 
85469 85944 86463 456594 930256 804157 793923 411055 409684 544814 ,85469 86463 409684 575182 184430 561939 75815 771017 896821 891709 
804049 522569 815256 563921 379187 952633 840177 910861 600668 68829 ,815256 563921 379187 840177 68829 68345 364580 40188 566190 376030 
192533 527953 530886 941849 519848 513918 616944 662212 131822 473409 ,192533 530886 616944 745753 485222 519370 603511 201472 184226 354297 
162862 479181 546803 539611 169668 738862 239755 379325 958105 386700 ,162862 479181 539611 169668 738862 239755 379325 129471 276362 192017 
942138 736741 363526 290048 942896 324812 684190 905399 360159 533104 ,736741 942896 324812 905399 428950 924933 289788 255218 472093 788817 
132031 627302 702292 543053 260629 116214 114822 331767 145708 593869 ,702292 543053 260629 116214 331767 593869 245202 971780 892804 236068 
489405 939662 175495 508688 263685 690519 21129 866146 783097 823476 ,939662 263685 21129 783097 20797 180672 809176 788215 516525 280005 
751655 673963 841110 989991 548093 270078 757652 160 993537 615166 ,989991 160 993537 272715 987100 780849 645747 909284 907507 13621 
970799 953812 969519 177070 121758 363585 959065 324632 254197 351847 ,177070 121758 351847 30840 325276 295565 232965 503616 329524 422128 
92907 194388 839707 140473 91613 87953 246805 923427 323870 151533 ,87953 923427 323870 89823 130463 521995 419340 422384 87360 609013 
297183 750968 248153 902732 578429 827250 328026 158271 841197 341158 ,297183 902732 578429 827250 328026 314125 297965 211872 133491 412747 
252357 302507 328719 260580 800706 251681 291441 431452 849599 349002 ,302507 260580 800706 711680 345889 709429 107100 922772 490042 875323 
579754 808457 669134 122040 462917 228136 525225 567787 457466 962393 ,669134 462917 525225 567787 962393 95135 136505 158957 480425 33941 
778468 275685 834326 990834 143655 403230 791970 915582 817970 535512 ,275685 990834 143655 791970 535512 712349 845442 335707 993234 135775 
878371 747392 948349 842061 983582 205261 836804 546631 940367 539253 ,948349 983582 546631 940367 539253 955307 994330 554671 644421 191113 
946108 111027 484077 631657 32738 176852 370352 385013 658207 616085 ,946108 484077 32738 176852 370352 385013 658207 65636 269574 478841 
95521 188101 717573 385181 695303 417430 98210 34251 176834 13621 ,95521 188101 385181 417430 176834 580890 417610 306870 689032 916837 
695199 452696 308816 458463 740834 683597 433648 823766 363850 684333 ,458463 683597 433648 186788 699421 339654 683750 98046 683538 534449 
835913 818198 198210 277026 21685 198556 431561 448683 888151 149755 ,818198 198210 277026 21685 198556 431561 448683 869841 693458 267484 
647374 450496 290472 178306 576302 439032 98183 362011 687272 484131 ,178306 98183 128195 165270 345890 404054 32655 159037 934426 139716 
3627 198704 705770 123293 957771 412981 219 431113 401310 232684 ,431113 950362 957513 843792 124325 691899 842027 923354 68693 931087 
295528 240821 298468 116550 464453 482489 927970 994432 809274 33513 ,295528 240821 298468 116550 482489 927970 809274 33513 285149 671012 
409907 205634 937862 429205 83581 827849 497507 422011 535377 389295 ,937862 827849 535377 389295 72804 320717 99338 177674 603282 866563 
59413 842883 596984 845169 850202 948882 741996 169659 730410 525708 ,59413 842883 845169 948882 741996 169659 730410 525708 134090 877438 
5197 244009 519012 26663 407826 720733 19735 662282 304819 282865 ,26663 61033 464131 789848 902073 898304 271816 729740 871899 902237 
190918 446586 886598 113421 667082 768460 763344 904002 24884 768139 ,190918 446586 886598 113421 667082 768460 904002 24884 768139 448033 
320861 258578 879486 722164 752761 258713 14692 519928 398170 710166 ,879486 14692 519928 150391 149988 87424 384114 384603 215064 486249 
370980 295801 943659 971489 647707 583364 709920 36305 840366 774829 ,370980 943659 971489 647707 709920 840366 979734 648551 672491 566040 
529401 107455 974805 528896 366661 939969 884550 484880 281162 531319 ,107455 974805 528896 366661 281162 531319 1289 505141 364873 624667 
422138 467278 807848 686836 558468 537798 62393 907771 686298 706817 ,422138 807848 686298 546338 905286 770164 654592 615401 656402 955593 
921021 840687 227104 921023 895984 871518 840925 331474 542372 589380 ,921021 227104 921023 871518 331474 589380 730708 123154 223525 316394 
11750 10395 687171 196364 688920 594320 877943 437043 382698 111378 ,687171 196364 688920 671608 595733 422430 582060 821144 892456 666145 
860348 88216 699369 428960 676935 273731 186249 178848 381629 57362 ,860348 88216 699369 428960 273731 178848 57362 664224 553485 127060 
722006 739530 903684 339709 513046 923823 892109 192438 884331 385081 ,903684 339709 513046 923823 892109 884331 385081 890681 85421 395184 
306608 305206 817645 336994 818723 559686 505378 646937 46947 647169 ,305206 817645 818723 559686 46947 336737 510241 101493 305006 487477 
973269 841356 395889 540600 882739 834867 722714 564065 985742 317266 ,882739 834867 722714 564065 895274 274599 728360 266275 916995 620438 
24310 554832 717165 816699 762663 38651 659351 423872 544331 776865 ,554832 717165 816699 762663 659351 423872 544331 985789 30191 816854 
547967 285672 343067 187513 238154 258879 707265 307370 752025 641690 ,285672 187513 258879 752025 519928 149610 414612 728609 827883 243743 
358861 851959 992809 19265 454838 284624 898379 245074 790303 139529 ,851959 992809 19265 454838 284624 898379 245074 790303 139529 523413 
246919 431780 220869 326853 390619 771359 26493 915647 651421 69969 ,246919 431780 26493 915647 651421 69969 310930 266616 325362 849325 
456827 515849 626797 196545 577304 296345 665218 244366 571633 257940 ,456827 665218 576468 932819 875987 69453 694211 364105 228982 371297 
700216 829491 662665 723243 685872 861079 469522 82152 615067 106666 ,700216 829491 685872 469522 615067 106666 82424 668052 685266 932962 
161818 310612 313344 819279 295315 482150 628621 673091 825427 758806 ,161818 313344 819279 295315 482150 628621 758806 373812 179958 29613 
828747 108689 900690 963000 920939 828317 928122 54423 456614 723293 ,108689 928122 54423 456614 125523 8460 770722 425816 154183 469219 
152867 21284 723992 739341 190754 826219 134688 433712 435388 799489 ,152867 190754 134688 433712 435388 799489 59618 903684 952634 905316 
756642 918071 830504 618518 387684 799987 756811 344039 916749 312716 ,756642 618518 799987 344039 916749 970882 290771 849166 611971 296103 
481382 485240 18668 329127 610508 253042 575406 611847 856830 252390 ,481382 18668 610508 575406 611847 856830 252390 714986 695146 611870 
107229 45299 637427 125635 71900 560580 904108 755084 296945 578669 ,107229 45299 125635 71900 560580 904108 755084 296945 578669 659726 
158755 216680 544320 544283 903872 831265 672955 443087 667034 672643 ,216680 544320 544283 672643 447015 267479 696907 649012 765680 446274 
756801 70691 777053 175676 714289 229246 780089 862533 529216 800115 ,756801 70691 229246 528815 821210 546997 564113 701228 528997 230477 
432170 555115 618076 837462 533658 538860 246525 344415 82315 78374 ,555115 618076 533658 246525 344415 82315 482525 283846 86542 334457 
834460 423855 609576 966544 856009 738483 956651 30428 901217 215264 ,834460 423855 856009 956651 30428 985174 265882 462727 640721 351685 
656253 193574 184400 794624 504478 40156 3260 794185 964362 449138 ,656253 193574 794624 504478 3260 794185 964362 623012 711264 819858 
118551 686651 382341 580110 214426 459018 140999 484301 551128 254797 ,118551 686651 382341 580110 214426 459018 140999 551128 645134 702689 
411456 749278 189798 244434 860904 904212 950779 499446 288388 617235 ,244434 904212 499446 738220 820608 665285 35220 54023 409054 871716 
85696 302113 247600 887185 150233 322732 248689 377893 247210 580279 ,85696 302113 247600 150233 322732 248689 399021 21735 594530 84337 
522531 522318 915497 192006 335693 68628 244363 280082 799745 134349 ,522531 522318 335693 280082 813789 799321 81463 21039 844880 564811 
48539 941255 724511 558363 82783 546586 254426 910750 947420 722229 ,48539 82783 910750 722229 309804 683770 158158 82795 292296 86913 
846830 832076 602916 287563 43641 35312 919258 849488 788186 837053 ,846830 832076 602916 35312 788186 837053 362071 876903 820859 677950 
553216 407745 232130 498626 449976 265633 692140 387686 984539 109845 ,498626 265633 798265 26525 616644 16933 698336 93368 211280 740409 
172741 167066 700702 699 631823 163784 153951 319820 13166 800274 ,172741 700702 163784 13166 266650 204568 631017 967060 399373 954918 
777600 803969 92395 186431 540644 528684 293170 724303 305959 661308 ,777600 186431 528684 724303 467328 249640 124780 598421 38594 598088 
930848 887659 888231 149951 735117 804157 968212 610805 684370 213394 ,888231 735117 456650 591496 341955 592517 69183 539251 563898 704319 
418714 811342 45864 801936 78644 479913 343601 578376 613695 479583 ,418714 343601 479583 918046 617368 476483 7146 125832 343340 56176 
982259 613918 208211 304877 899000 50177 413237 40260 47582 413302 ,982259 613918 304877 899000 413237 40260 47582 413302 303645 734666 
9103 322296 486844 663912 279761 82835 151511 337175 350405 281263 ,9103 663912 95977 321549 82615 151217 188823 516824 780146 684098 
281508 832377 814537 937700 759327 159370 983308 684090 99964 980623 ,814537 99964 395861 472996 281261 219003 942023 787593 247115 341487 
835363 835552 835973 833731 835492 672838 836732 830286 836556 647779 ,835973 830286 647779 28193 23987 672811 760778 24599 568080 139383 
566612 324330 34923 434561 322181 308647 488285 306609 653247 216258 ,566612 322181 308647 674968 913309 946679 395039 304061 536842 218206 
567453 26187 816092 592468 991848 674435 756592 716779 994672 816795 ,26187 674435 716779 994672 103362 819765 815807 613123 609912 828490 
985579 578788 744632 839122 348037 864988 97654 486439 466033 694882 ,744632 839122 348037 486439 694882 798879 132656 576839 455586 473588 
785935 690750 804774 397484 709508 231886 947440 786582 668346 345994 ,785935 804774 709508 231886 345994 982518 777517 862808 453299 499753 
415453 517331 599182 559572 560345 791421 336745 30337 315161 30575 ,415453 517331 599182 560345 30337 315161 415456 426482 187767 258070 
113186 673222 322898 641219 826687 541466 612155 469981 552876 26821 ,113186 673222 322898 826687 541466 612155 469981 409671 6019 871664 
83404 515030 570055 708056 559617 369291 780438 53438 426721 769807 ,83404 515030 570055 559617 714859 242961 191332 264338 426634 514757 
806006 720928 156436 121961 628089 156607 438066 269742 101513 166936 ,720928 156436 269742 101513 166936 551039 201566 169789 430412 95121 
265164 755326 712740 755331 770519 913616 808275 794009 322875 859829 ,913616 967970 943640 424185 129594 458015 956107 317044 658151 647251 
811884 457066 879910 880074 69295 768963 880947 191248 880104 539107 ,457066 879910 880074 69295 768963 539107 680764 191142 863037 603816 
530424 51276 513180 760333 514193 528638 808645 516066 990415 30381 ,530424 51276 513180 760333 514193 528638 990415 470800 323814 530761 
807990 56579 52673 808196 829494 824221 37811 52548 39001 553590 ,807990 52673 808196 829494 824221 37811 52548 39001 9079 829804 
719796 694802 452370 261847 40335 452525 95977 488847 730852 719527 ,719796 452370 261847 452525 95977 730852 74579 96151 105013 305214 
431949 353760 903210 431197 389862 488488 271675 94843 965595 736486 ,325876 698368 64720 354402 944280 305820 634742 523623 226496 453362 
138454 550966 166757 201921 551704 539335 168853 223182 63572 385497 ,138454 550966 166757 201921 539335 168853 223182 63572 385497 26142 
309539 216677 315047 551194 533133 694559 580230 764399 587181 625650 ,551194 694559 580230 625650 722783 81582 145053 902355 230454 303358 
353301 521724 686723 928585 202518 427672 700263 293517 893664 908477 ,353301 686723 928585 202518 427672 293517 893664 639566 360215 460607 
75125 832899 254605 708199 490412 397823 461459 449967 437847 451003 ,708199 449967 552417 402343 67909 983509 859792 421093 256056 982794 
528775 496059 363409 416841 526581 321530 528610 321496 217335 540813 ,528775 496059 416841 528610 321496 217335 23991 363763 601624 417991 
322810 528847 322248 141009 528973 322007 521992 530177 770386 529058 ,322810 322248 141009 528973 322007 530177 770386 560403 312855 2917 
443268 469127 612600 22418 676625 602604 375822 443135 114513 836003 ,469127 820279 149400 554273 675749 829793 849134 147271 540843 902256 
698427 692475 312695 291247 103607 728552 97016 194096 165440 692282 ,698427 312695 291247 103607 194096 500724 526462 786138 43726 502085 
504612 789784 185822 910552 572131 142309 142129 288109 787179 144999 ,789784 572131 288109 787179 144999 27197 774197 191080 268766 399109 
571041 927634 649432 470420 19886 570517 374620 133296 657726 148702 ,927634 649432 570517 374620 657726 540434 937390 971096 838673 808905 
324445 367030 546710 341473 370627 724576 356215 291221 293889 459868 ,324445 367030 546710 341473 370627 724576 291221 292055 662291 60997 
38705 773658 448347 671611 886232 37741 754361 773468 445727 996161 ,773658 886232 445727 37938 446707 39298 773849 993761 447964 769891 
911841 277584 377907 864044 182224 595476 541844 932156 748488 804793 ,911841 277584 182224 541844 932156 868607 843780 858913 62057 855481 
146764 573456 796197 526417 235340 758800 598113 597353 154189 141014 ,146764 573456 796197 526417 235340 758800 598113 597353 141014 986580 
351572 726497 82182 179081 68992 251205 172491 499502 754207 1790 ,726497 82182 499502 754207 322146 684346 486405 523045 347608 278896 
646611 647622 653459 647716 653215 646683 655152 653408 653022 651523 ,647622 647716 653215 646683 655152 653408 653022 651523 653812 653372 
931707 990741 58052 474477 670152 842394 837352 541976 131205 870246 ,58052 474477 670152 842394 541976 870246 862262 843520 842124 879689 
943092 473973 188023 224294 95127 964668 923095 668843 936457 187965 ,224294 668843 777923 1301 459908 224445 881791 863281 825281 276603 
947274 207834 896836 668927 863000 889643 584365 870391 594030 207684 ,947274 207834 896836 668927 889643 584365 870391 207684 481529 441474 
575005 389001 262025 767245 327958 390628 798777 284357 765124 630280 ,389001 262025 390628 284357 765124 630280 892253 928094 834756 739897 
927393 47663 600487 707410 17721 212326 883763 3104 924914 671491 ,927393 600487 212326 924914 671491 36901 991231 70692 75075 953677 
642685 47438 819956 958438 752517 837022 10711 651448 717978 887440 ,958438 837022 620524 595091 656504 217638 620222 769822 665247 246285 
97998 376667 126946 703181 703443 194619 273435 78383 797999 967387 ,97998 703443 273435 194619 78383 797999 967387 86018 413610 837284 
642298 911228 477253 38105 103053 785878 770379 477247 38187 476971 ,642298 103053 477247 912324 217748 518516 446162 905972 536422 709248 
376715 376967 441220 995585 910664 590810 98315 787795 631925 533871 ,376715 376967 441220 995585 910664 590810 98315 787795 631925 631269 
806212 730316 25158 809246 521935 730251 632962 1526 554737 809614 ,806212 730316 25158 730251 1526 554737 824098 531362 1660 406574 
639903 639895 639921 642254 640214 640030 554529 639880 642351 834192 ,639921 640214 639880 88082 632894 640595 644744 979161 640690 890037 
643945 449492 36847 449799 640280 642731 670166 449519 638382 642590 ,449492 640280 670166 638382 668025 911008 889977 643524 644178 668258 
447562 643376 817946 656107 447319 817289 656246 445432 446247 446551 ,447562 643376 817946 656107 447319 817289 656246 446247 446551 654638 
525673 595532 942961 173510 937539 348333 152918 241346 973274 571426 ,525673 595532 173510 937539 348333 152918 153321 933372 904448 841644 
756384 655104 615396 458675 645189 445483 650539 463544 322435 5806 ,756384 655104 615396 458675 645189 463544 322435 5806 649049 673602 
412266 4379 413067 903810 541460 38543 331424 412176 908452 469204 ,412266 4379 541460 38543 331424 412176 908452 469204 119907 667508 
477659 36833 472223 933440 477278 196025 274841 167987 669237 38421 ,477659 933440 477278 274841 196025 167987 669237 807590 895319 42993 
781115 762397 566693 26889 994655 446331 473613 868733 925550 818071 ,781115 762397 566693 26889 994655 446331 473613 925550 818071 443480 
693418 685861 552403 173410 616069 895450 399471 698165 557286 478367 ,693418 552403 173410 616069 399471 557286 478367 54525 54549 122905 
944178 947146 940989 604778 182764 575060 298134 334676 433463 357067 ,604778 575060 298134 433463 357067 181325 182368 937918 567113 910755 
292157 963207 666230 880226 993424 826652 448927 456295 950524 683570 ,292157 993424 456295 950524 262170 540484 208699 693150 810481 769787 
224011 697389 524944 44275 142205 110734 580254 376176 583036 644225 ,697389 580254 626957 994713 940858 326948 912132 724387 105974 717998 
384192 49859 760312 146534 743974 457534 762091 248805 48471 10069 ,49859 760312 743974 762091 248805 48471 10069 417428 453916 373434 
220212 346386 807478 673139 308216 695243 840390 985729 871997 323773 ,220212 346386 695243 840390 323773 693552 619026 257479 478380 543297 
766850 859266 850032 852014 207007 666776 876959 887086 446152 447337 ,859266 850032 207007 887086 446152 997761 116547 809410 124307 444158 
894846 830484 588173 412788 383702 894231 603815 638268 891899 983838 ,830484 588173 412788 383702 603815 891899 983838 714904 920424 207709 
264857 146215 200510 264788 823489 28822 89247 100274 944361 75291 ,146215 200510 264788 823489 89247 100274 702778 196834 100225 298542 
969619 59673 72257 818461 509680 61680 171874 394040 806330 253226 ,72257 61680 171874 806330 799397 628772 732863 724651 867463 619808 
529406 5253 966911 174931 197450 851714 829772 696162 828948 394343 ,529406 5253 851714 394343 512767 234469 256546 282283 30604 169446 
396849 695424 967408 705335 438368 458947 621147 527543 162024 661195 ,396849 695424 705335 438368 162024 661195 932694 26 987815 183575 
546387 152521 637099 295632 806082 152795 280732 451868 107898 525035 ,546387 637099 295632 806082 152795 280732 525035 304987 23434 105923 
548662 993683 483729 521714 470871 90372 438275 522342 749474 658254 ,993683 521714 470871 90372 438275 658254 265146 152216 81398 42714 
440479 432558 791960 584975 791326 296445 87031 431704 117767 203044 ,432558 296445 431704 961021 636667 794653 482842 171522 944062 618177 
452487 623379 454341 506256 154591 806740 208713 947293 29304 498847 ,454341 506256 947293 29304 255654 741524 59953 986408 844963 462440 
12448 101338 15138 481810 946992 491174 977758 842408 61343 819402 ,12448 946992 491174 977758 842408 61343 819402 551826 617960 481387 
400966 401199 629431 871842 432173 479608 615536 984691 965931 397183 ,400966 871842 432173 479608 984691 397183 401350 473271 777991 236145 
43643 339442 475890 736188 87936 186694 455895 837088 688193 433786 ,736188 497451 60054 606221 469663 790905 639499 62466 317380 540163 
558767 872527 564277 888857 405727 25189 823738 405535 877936 564727 ,558767 564277 25189 823738 98955 634890 961984 441416 825441 534201 
657908 906315 821106 839432 677760 605374 901782 656359 995064 566121 ,657908 839432 677760 605374 901782 656359 651162 715246 604596 579435 
891921 479579 132066 705956 277708 480662 696999 144294 862231 255685 ,479579 705956 696999 862231 255685 918827 241606 667829 515463 408960 
9247 8398 771314 300853 631408 530747 754594 294900 771514 229739 ,8398 631408 530747 294900 771514 358639 124796 923621 278975 910989 
501955 789699 36882 605291 654119 496342 937485 758722 891435 329220 ,36882 605291 654119 496342 937485 758722 891435 329220 605454 640974 
654730 655248 518584 570054 805178 519033 445981 445667 655212 911694 ,805178 519033 445981 445667 657153 215900 131700 896882 446938 446249 
862918 267895 901264 68166 295595 539495 860836 212544 441688 988364 ,267895 901264 539495 212544 441688 988364 482243 812606 891811 802372 
830108 800264 850951 991949 609819 831204 992012 765803 833044 851413 ,850951 991949 831204 833044 851413 918718 851719 824121 826305 991393 
924517 187245 525221 982849 639111 107259 719510 600907 70718 523562 ,187245 525221 639111 70718 419563 158597 340518 431536 467771 21663 
959583 405556 238531 768341 929788 953431 689007 248587 22544 255300 ,22544 292555 112763 242238 466611 237031 151387 379243 628372 231064 
513068 521878 599719 301551 621865 572804 595867 16923 784321 834280 ,572804 595867 16923 156485 512700 90577 394906 834617 881483 274983 
662420 441438 659651 661003 564757 411681 874587 963658 150738 545401 ,411681 150738 847482 823222 986588 201671 266393 887198 194284 963474 
604725 553982 830169 406983 666400 601360 759147 601270 767639 666195 ,604725 830169 666400 759147 601270 666195 559484 102065 470605 863250 
536169 242238 884295 951146 444475 24607 447003 788221 492706 263498 ,536169 242238 951146 444475 447003 788221 263498 193725 367699 826149 
870981 224554 223954 215030 177952 806305 679231 466945 503470 313683 ,223954 177952 466945 503470 431834 297356 113906 55813 314094 174955 
719686 259093 91983 742014 389419 199094 549722 835648 177605 514207 ,719686 91983 742014 389419 199094 549722 177605 35513 233492 306301 
864746 613395 779070 160497 118341 213057 818049 704593 461519 280935 ,864746 613395 779070 160497 118341 704593 461519 280935 769499 281704 
566765 991437 885968 558839 991263 304864 573089 502606 255306 496790 ,991437 558839 991263 304864 573089 502606 496790 211240 482167 351095 
880924 206785 2104 543207 772586 169762 217649 174371 442610 772615 ,772586 174371 545296 217954 896371 893544 411672 822228 587210 411724 
448495 275266 833517 708874 415199 325070 264201 1054 433623 806105 ,448495 833517 708874 415199 325070 433623 806105 708981 527759 15794 
837605 672820 673144 939527 400009 484447 937915 343295 939153 663864 ,837605 672820 673144 939527 400009 484447 939153 663864 151987 949089 
806949 663563 267783 539284 381147 677998 205784 352586 660130 243025 ,267783 539284 381147 677998 205784 243025 515574 978206 200647 562359 
293920 93516 942137 294420 231626 975597 629576 948925 57399 876158 ,293920 93516 942137 294420 231626 948925 29594 156646 694521 248874 
373674 266967 243739 251349 811736 597883 153181 863081 988556 758977 ,128555 269545 367940 397256 274065 453463 950404 811310 456534 64226 
778539 64012 125421 383121 176679 133304 570606 772818 921632 782586 ,778539 64012 176679 570606 782586 774712 844551 124917 920165 64064 
615739 603944 306116 680552 876602 831405 753893 105411 561924 112680 ,603944 112680 293009 520780 106219 63929 517727 696146 682584 88426 
773053 610158 973736 858023 847659 828140 974936 27511 974677 772119 ,773053 973736 858023 847659 828140 27511 974677 772119 833304 542372 
400549 934284 385906 155525 765393 509879 962059 402490 943688 620764 ,400549 934284 385906 509879 962059 943688 620764 62956 4247 173990 
263085 9995 166627 598714 822719 346377 582969 206021 877253 556991 ,263085 166627 598714 822719 346377 206021 877253 556991 563315 481962 
630959 319107 144892 221886 999956 210274 920482 180538 539953 93390 ,630959 319107 999956 210274 93390 37481 62490 506757 708945 352722 
900217 864833 363026 388965 873712 281457 861735 152828 786865 683502 ,900217 864833 363026 786865 683502 519623 162560 594579 821288 81582 
905991 667756 644421 910949 669910 862522 905415 736065 969193 889096 ,910949 889096 905342 938363 858408 879697 191113 912228 878542 930248 
292892 293902 387557 507352 387748 382169 756982 244454 113205 747496 ,292892 387557 507352 387748 382169 756982 298651 755650 286088 499417 
514172 243637 987326 498496 469248 81966 248097 31280 279137 514133 ,243637 498496 248097 31280 469275 738781 782989 516433 170025 780857 
9759 863508 911949 516831 537018 801482 595078 103597 392236 810941 ,9759 595078 103597 392236 452700 740120 203819 861971 624140 730428 
637166 889580 428363 653834 643603 427919 759008 656846 716996 850373 ,653834 427919 716996 476661 736618 654759 676547 473758 112374 328898 
614419 425549 561626 694858 331442 695580 612152 923915 630077 176570 ,614419 425549 331442 630077 777396 737579 704011 323144 505905 72721 
295159 811265 366309 749473 106636 521856 509282 742203 365392 516535 ,811265 749473 106636 521856 509282 365392 723182 353040 364281 174606 
453122 377762 466007 198375 580703 691754 118844 455797 622008 752138 ,455797 622008 990697 160645 460830 59542 64576 919939 796945 248098 
263976 765648 721986 19537 281605 518089 59149 617124 67424 597908 ,263976 19537 281605 59149 67424 597908 161380 188970 546727 555 
849759 719281 777682 13845 99153 861351 669871 861623 921110 921171 ,849759 99153 861623 921110 921171 881059 670350 670481 68356 946977 
21569 809187 285013 615839 20977 844457 531921 566495 285492 561108 ,809187 754671 711790 20945 436301 401059 724855 18295 431489 514147 
644027 40152 768867 471041 644099 863145 922577 453567 379274 769049 ,40152 768867 644099 863145 922577 474079 671550 37451 771789 666433 
898630 652290 413641 920692 898786 413722 957239 388204 360767 582680 ,898630 652290 413641 920692 898786 413722 957239 360767 582680 651941 
490557 706685 406622 406493 547867 511789 779821 91876 745541 448717 ,706685 91876 270656 878970 598601 86891 238030 111423 892276 156055 
839448 839435 830301 967201 454400 455344 605631 506180 504482 696698 ,839448 605631 504482 696698 679170 523867 830442 752835 491171 127330 
624274 753722 556807 586040 834808 864324 938596 193717 942241 255871 ,864324 942241 255871 133735 774228 663396 872353 651488 290477 301609 
402872 797777 284128 131809 594874 65382 765533 867318 483336 59673 ,402872 797777 284128 59673 842279 989708 636151 224366 68627 404306 
535120 287257 112359 730480 804571 790990 391947 535913 22154 742237 ,535120 287257 112359 730480 790990 391947 535913 22154 742237 601037 
393923 942785 618044 201685 204360 268638 390639 908003 72498 573457 ,942785 618044 201685 268638 204360 573457 437981 353868 204823 110167 
850282 686504 314763 429471 329025 938591 55968 433397 937146 232284 ,55968 245778 830925 772038 647967 947611 971783 718161 104763 923150 
238140 626937 432200 944007 772755 494113 906373 348874 551488 160075 ,238140 626937 432200 944007 772755 494113 906373 348874 160075 77993 
397511 125730 700094 16279 647873 294707 392852 579783 614647 993613 ,16279 993613 184628 671059 488510 780536 416439 870122 198548 904325 
758750 759275 114803 973391 400127 184913 962069 757213 375731 580034 ,758750 759275 973391 962069 757213 393281 672984 973686 374388 613127 
151226 151167 151194 214348 349826 808592 32953 803513 357946 360289 ,151226 151167 151194 214348 349826 808592 803513 756796 339147 505274 
86665 236924 95047 503992 453234 310300 261235 4357 199839 331319 ,86665 236924 95047 503992 310300 199839 227583 90374 453253 531784 
829497 827178 332903 152508 607985 630948 91164 332678 830054 606167 ,829497 332903 152508 607985 91164 332678 114536 245057 438891 230748 
253419 227756 227753 854826 856816 984866 756088 155159 645370 570283 ,253419 227756 854826 856816 756088 155159 984161 911147 845493 244199 
600407 221166 810308 950455 565322 950017 753407 94737 344157 224651 ,600407 221166 950455 753407 94737 844154 819810 679913 326634 628330 
384849 791343 376568 668793 670386 258957 442518 562547 513857 553502 ,791343 376568 258957 562547 553502 248225 732441 836876 562805 193541 
532753 787292 24589 24390 433676 302745 304369 786887 998603 937121 ,532753 433676 304369 998603 937121 848956 612352 279744 695949 838263 
728490 990092 811669 871233 624394 759975 118966 613080 777285 529441 ,811669 706510 117974 715994 757652 526075 46811 452098 727950 685066 
481515 380335 770623 754493 249345 915167 7913 564942 921648 602857 ,249345 50347 877294 800275 186149 796912 796297 118762 335910 903933 
181478 620003 724089 130252 975094 930438 874983 436128 633387 612608 ,620003 724089 21258 571958 484121 491985 165705 976175 171545 201090 
762201 755462 269903 125402 15949 881816 201932 874611 395883 595963 ,755462 269903 125402 874611 395883 521717 278602 197625 229983 878626 
151369 77742 400622 421371 173403 188801 78543 5259 184017 426619 ,188801 78543 5259 426619 850330 811265 426094 350503 942682 523507 
810732 86773 289656 170679 418274 190430 108040 7213 196104 421746 ,441080 119894 543685 451591 153645 641935 641544 779407 383470 807506 
61250 282366 422816 241995 742663 249001 536727 383 497350 350859 ,282366 83304 563952 80321 639529 615449 292007 948749 510324 299265 
367425 193729 237520 516829 575409 387155 421315 194140 237179 622040 ,367425 732702 364954 108155 129803 155184 518397 797280 779929 976842 
957612 452515 844065 957685 334471 332126 995371 893926 829392 513865 ,957612 844065 957685 893926 513865 487999 280457 283642 59707 355145 
70658 628579 60337 225760 451973 60259 461964 344193 957530 523155 ,70658 628579 60337 225760 451973 60259 461964 523155 593719 42342 
771484 771785 216479 813160 44574 429657 657329 567107 189098 428997 ,771484 771785 216479 813160 44574 657329 732919 552630 344782 608266 
491597 935378 815078 505195 512801 689036 155256 247886 376561 369824 ,815078 505195 512801 369824 798440 198904 265304 262995 572874 623376 
705240 489625 636151 527262 274019 20391 705724 915664 299896 130853 ,705240 489625 636151 20391 705724 915664 573680 864881 309495 23053 
437273 806760 30893 947773 465770 941720 94314 87082 724356 663685 ,806760 94314 87082 724356 663685 34201 807263 18698 305672 533648 
133074 649400 510610 722736 142768 112392 158978 342270 283922 578269 ,133074 510610 722736 112392 342270 283922 578269 112842 697772 136914 
797903 680958 799352 462917 264032 469561 12927 332654 525659 309804 ,462917 264032 525659 309804 430072 375947 281988 90499 510554 956787 
701303 8646 417550 385536 904191 181261 815604 489230 710366 417490 ,417550 489230 673899 615242 99151 993810 530014 764510 4316 749331 
385529 234180 427861 410014 247671 31404 509207 891536 604026 566867 ,427861 410014 247671 509207 891536 604026 902494 351796 126546 601624 
854381 520472 778883 244701 903368 615845 911349 380284 520284 634967 ,520472 903368 634967 293541 690125 43940 216282 856324 502069 392641 
339643 823538 60946 671099 931489 740515 517602 466557 518229 304704 ,823538 60946 466557 304704 547250 182051 190371 635395 162567 573685 
702272 305551 810281 416654 216560 560478 1876 379445 419711 762838 ,702272 305551 810281 416654 216560 351191 212600 7081 370599 418723 
43940 570325 43936 535473 914907 69193 931017 125967 250308 600988 ,535473 69193 125967 250308 354185 50978 733452 17007 737224 854257 
875436 130230 224295 224360 496507 832695 985750 875703 84028 987073 ,875436 130230 224295 224360 832695 987142 977374 878002 833998 60789 
36628 347646 483600 523228 266626 553229 704556 484882 545133 831668 ,523228 821405 703967 815903 197686 468553 514976 26699 820852 332880 
979388 91738 488692 658223 192759 271575 140315 293055 101604 973019 ,979388 91738 488692 271575 140315 973019 89766 448711 530410 460415 
949420 798601 957477 621153 883517 191370 781757 988486 561545 193622 ,988486 193622 889463 942066 885733 849885 845865 890666 851480 937215 
321011 505865 200244 330676 42580 194203 479776 700094 166365 476117 ,551475 733738 971089 551520 169501 358883 335357 515203 698344 580817 
975075 927739 860428 787553 840636 487912 513766 501746 98865 288303 ,860428 501746 98865 396313 159717 388591 253197 717025 344075 396656 
534464 194040 272856 807164 327045 101079 32400 523871 779474 559557 ,534464 272856 194040 327045 32400 577978 822715 355990 518752 519191 
496757 142046 502202 604366 605492 607607 363936 608178 50595 563187 ,142046 502202 605492 363936 50595 351897 458072 140903 217907 309042 
151497 85192 703021 85846 814663 420876 87486 636981 96451 487432 ,151497 85192 703021 814663 87486 815336 815370 814715 84951 815394 
519763 931498 123392 971427 742384 282898 733355 515307 549299 678404 ,519763 931498 742384 282898 733355 549299 678404 530611 699176 807026 
764119 60259 517693 284762 764605 614740 810267 720914 585618 563258 ,764119 764605 614740 585618 563258 988732 884344 41822 855968 511720 
552592 253422 969799 799551 872578 40299 618229 471414 969945 596550 ,552592 253422 969799 799551 872578 40299 471414 969945 596550 776666 
140919 823412 717110 521931 889472 918785 720066 511023 963431 830020 ,140919 720066 511023 261911 827554 732333 151880 9695 522692 549124 
179959 648318 397546 286614 594626 998207 704719 926641 588537 377698 ,179959 397546 594626 998207 588537 377698 684700 679402 847172 704945 
449747 581446 339772 672450 837764 636861 755368 590821 663887 310549 ,449747 672450 837764 636861 755368 663887 673476 673059 132791 834098 
14153 564238 569524 885989 885516 932456 390535 977223 849075 59511 ,932456 390535 977223 849075 59511 758548 68692 985676 984582 668539 
343544 610536 863389 611529 732250 143050 217151 609093 827033 579385 ,343544 610536 863389 611529 143050 217151 579385 610529 944537 618218 
560888 746834 911346 934580 918849 728354 830837 668359 905050 667793 ,911346 282716 668539 226216 275619 572141 849135 895377 987136 849089 
827967 27443 19908 76689 812748 812931 97961 973582 875900 183000 ,19908 76689 812748 97961 973582 875900 789166 189165 206175 990630 
69375 183297 394906 899735 843716 630660 722035 703514 269734 498641 ,69375 183297 394906 843716 722035 688162 684685 861019 857954 860660 
311640 281689 313710 154285 861201 606426 137914 149156 440388 135744 ,861201 936344 310866 355113 562258 462613 662194 153253 691144 851617 
963341 917436 538475 754210 519693 421172 191322 27634 570499 332995 ,538475 754210 421172 332995 903912 240235 993379 494861 905572 664985 
622809 652861 195933 274749 958435 572743 509708 707763 882287 432785 ,652861 274749 958435 572743 882287 432785 961021 221941 722097 541530 
630843 695588 541913 797239 130229 495141 988851 543558 65499 859585 ,695588 541913 130229 495141 543558 859585 107169 936838 128539 250374 
225407 11996 735849 123775 224330 205962 399672 932356 749204 598083 ,123775 399672 749204 190511 226525 807321 265142 199457 301989 678877 
903542 189413 571298 911348 416827 298585 837970 192151 696389 618606 ,571298 911348 416827 298585 192151 696389 26011 570444 44160 740483 
987290 428875 852558 996172 398365 832955 874367 213013 516257 613935 ,428875 852558 398365 613935 571139 611151 583068 857655 610731 820276 
656837 446551 953137 442681 445981 657153 655732 655568 216367 655507 ,656837 442681 655732 655507 207077 655097 445517 641681 656891 767967 
13073 842274 23320 66686 939341 389894 399484 454466 550335 81807 ,13073 23320 389894 399484 978617 392214 373938 688024 519988 936057 
895360 238337 995507 285859 55501 45318 83017 671697 416797 355988 ,895360 238337 995507 285859 55501 45318 83017 671697 416797 355988 
538283 206620 839228 685679 991700 810837 103428 25920 167395 553935 ,206620 685679 991700 103428 167395 553935 652392 850117 653698 765842 
94506 214323 647171 430486 458877 548754 361894 178301 932246 271730 ,458877 178301 271730 717388 90171 97123 918786 307780 532036 322779 
851236 750047 535425 460094 747119 99228 459184 379275 390704 85734 ,750047 535425 460094 390704 715580 421602 165569 595299 754705 501001 
13167 810348 594335 756437 395465 993232 892362 26063 562261 458910 ,13167 458910 326598 402741 255051 942665 886781 10478 522332 671834 
414732 1091 743522 51930 266179 134782 866364 297834 985934 129185 ,51930 266179 866364 297834 129185 919409 885221 581262 8425 329323 
652535 221528 652279 425126 558853 655863 656937 5577 715398 37003 ,652535 221528 652279 558853 655863 5577 715398 37003 537608 643584 
429615 838361 899946 910023 667171 892167 651671 814372 765210 190841 ,763881 824903 652821 985762 576802 615731 190858 904393 886598 757021 
61122 538789 566650 68685 523348 538738 61182 303543 166218 953699 ,61122 566650 68685 523348 303543 166218 166581 629175 330266 68511 
158343 270874 940663 786243 868397 861719 879678 843654 939377 923811 ,158343 786243 868397 879678 843654 939377 923811 226588 879263 853522 
698045 235556 424649 519927 199244 634853 425245 842527 210942 92465 ,235556 519927 199244 634853 210942 17186 295858 761289 461549 3528 
528888 94209 171541 678420 223154 838471 228555 58676 21667 550495 ,528888 94209 171541 678420 223154 838471 228555 21667 520559 368881 
497224 246578 248074 515874 526254 248157 514308 155286 471784 292869 ,497224 515874 526254 514308 155286 471784 152932 662792 157605 363671 
778920 774644 15906 157488 591052 960627 631416 776699 931484 901399 ,778920 774644 157488 591052 720808 361525 776863 296445 403009 285989 
850239 643830 914076 615590 894355 428660 373470 472805 428494 442332 ,428494 643858 559160 786397 473529 1208 218915 753869 994922 639885 
361253 693126 435776 513981 807353 957490 957098 486787 671214 341943 ,361253 693126 435776 513981 807353 957490 486787 671214 682061 25505 
346533 9159 749073 121119 786716 420211 164013 33462 319365 891633 ,9159 121119 786716 164013 33462 891633 813981 478598 463172 562792 
931707 66195 931876 63993 42403 399451 842082 809738 52939 17177 ,66195 931876 63993 42403 399451 842082 17177 842025 52920 509228 
149165 993375 59755 897902 424372 855278 538638 545842 892485 67096 ,149165 993375 897902 424372 855278 538638 545842 67096 442790 695359 
967281 637961 96229 127728 522433 661877 432790 122390 351200 196778 ,275594 774074 85441 322779 371589 688599 82390 84098 261593 32056 
309865 553256 403172 190235 393694 137951 375226 360786 326555 462604 ,309865 403172 393694 137951 375226 360786 326555 462604 209770 319802 
429771 552550 868486 473947 689550 833603 668694 111707 746601 905005 ,473947 450372 365737 468110 733508 589596 440990 599171 822601 548616 
526158 279304 806532 738581 789391 735129 615453 279394 569506 517466 ,738581 735129 708905 321767 197502 746262 321789 566459 40560 439508 
158442 191075 568217 649859 212751 835593 468876 373753 612820 567990 ,113649 758443 129649 568798 557668 611526 191737 340465 768725 833253 
294418 293365 62480 495940 150983 118306 744339 999435 603458 473328 ,294418 293365 62480 150983 118306 744339 603458 515286 177028 457036 
867958 727022 903795 991136 187851 895480 894898 80641 738159 963095 ,867958 727022 903795 991136 895480 894898 738159 631282 187675 155266 
868000 869997 832223 405970 479578 13394 862979 264851 102129 582051 ,868000 869997 832223 405970 479578 13394 862979 102129 582051 479602 
477300 479829 770384 478176 38861 502577 476650 800815 787910 37725 ,445778 655902 445276 424149 974046 657534 38006 911370 6823 937735 
778301 778303 311503 950696 29364 340342 521075 543381 408473 851171 ,778303 311503 950696 521075 543381 408473 851171 536830 801106 411762 
325386 81630 288261 130052 184032 239921 178961 795905 714588 634120 ,325386 288261 130052 184032 239921 178961 795905 714588 634120 485528 
656575 211296 899283 992569 598349 331274 655560 320412 212030 986129 ,656575 211296 899283 992569 598349 655560 320412 212030 986129 834008 
106508 42714 55538 425059 633087 104908 566272 525373 123297 499801 ,42714 55538 566272 123297 499801 5132 187771 566275 518183 348803 
844051 122666 9861 756295 546425 77261 459525 842711 649333 724982 ,844051 122666 9861 546425 459525 649333 724982 484248 3136 587191 
423205 423770 824316 640282 555658 766238 1242 639999 645861 645627 ,423205 423770 824316 640282 766238 1242 639999 642168 641205 65768 
408246 321920 816253 513719 997594 999730 143198 502351 22526 197486 ,513719 997594 999730 143198 502351 197486 363580 664235 21233 339137 
469488 678951 681130 730380 613446 431655 738741 355352 502318 495858 ,469488 678951 613446 431655 355352 495858 371638 21939 99568 713160 
345737 230134 524373 502652 860736 225143 926390 940812 343828 822953 ,502652 860736 563438 360387 78333 756496 933871 277675 704361 393661 
503683 423443 682907 69299 497526 61049 449588 765503 275068 593562 ,503683 423443 682907 69299 497526 61049 449588 844067 545035 482360 
937351 730709 506544 662480 842449 833246 480391 196021 99055 831325 ,937351 730709 662480 842449 833246 196021 99055 831325 16784 942066 
918411 383167 864601 303845 523427 590373 349076 368588 383343 199208 ,918411 523427 368588 199208 250761 588356 126031 632847 74857 407963 
775764 963796 435476 895163 896903 434576 206307 43718 836481 740925 ,963796 435476 895163 896903 434576 740925 784516 93295 432274 940799 
420755 18096 185607 901350 319240 562932 563581 15185 778189 258552 ,420755 18096 319240 562932 563581 778189 258552 878625 619111 278224 
263573 356923 781199 531262 355569 358948 256450 327053 233808 532232 ,263573 531262 355569 358948 256450 233808 532232 281656 198190 345112 
46373 422720 573185 48484 211103 873565 204950 269228 48437 422512 ,357889 422776 151208 25319 210755 443794 905762 528616 430952 602649 
910944 422967 305008 677753 292012 708056 305220 695826 398545 243073 ,293397 711517 323370 785129 911181 516213 273628 306398 409135 187724 
376760 840902 85639 280563 324597 937187 258970 726457 106439 923740 ,840902 85639 280563 324597 258970 106439 923740 106697 795111 80470 
481020 293058 672916 299959 618011 338071 343422 6523 950377 482627 ,338071 482627 390058 571711 271579 440661 523923 193193 247618 607480 
419218 850977 217248 411401 326397 864384 768580 675092 830484 552000 ,419218 850977 217248 411401 326397 864384 768580 675092 830484 552000 
831766 41379 687981 993161 481758 473536 722827 293134 250059 43368 ,831766 41379 687981 993161 473536 333544 112903 690064 279723 363607 
214332 993341 66641 933780 883183 770733 562378 839518 195156 273972 ,214332 933780 883183 770733 10349 877752 539542 196413 704395 539543 
539442 676784 824261 765211 886597 430414 539658 763345 763381 969389 ,539442 676784 765211 886597 539658 763345 763381 969389 541511 667623 
225311 481684 47706 597289 210178 13357 861947 416132 477670 13578 ,225311 597289 210178 13357 477670 13578 855971 517093 618381 430552 
407222 99116 266904 806738 224699 805902 450464 573628 682242 841086 ,99116 450464 660020 255369 562253 623557 466153 812018 543677 235297 
296766 743916 82369 97762 348575 163118 475528 193158 696478 193544 ,296766 82369 97762 348575 475528 193158 696478 193544 885239 571373 
21749 332481 328347 798523 727735 33364 14425 498907 991259 754283 ,21749 332481 328347 33364 14425 498907 991259 942086 253198 238585 
151143 948529 79992 470716 91387 601362 105200 90527 58827 96247 ,90527 58827 96247 283052 365179 455299 293672 504754 15149 232781 
92219 863365 924723 947317 864976 401836 386154 576958 77206 44274 ,92219 863365 864976 401836 386154 576958 44274 402951 469539 980053 
989082 926793 151296 953218 527890 965638 722372 821031 821065 541033 ,989082 926793 151296 953218 527890 722372 541033 835276 405300 180705 
280744 684403 176619 91711 519535 322192 923161 528658 691243 718592 ,280744 684403 176619 923161 528658 691243 153877 777061 482396 448662 
380637 378931 401757 946514 455308 807864 808206 334319 717893 871693 ,380637 378931 946514 455308 807864 808206 334319 871693 704859 155553 
946272 310163 953019 626211 662597 164411 275966 64191 49171 309938 ,953019 275966 900224 952254 469257 349941 130549 804905 469369 889582 
606310 529563 461424 929553 110606 126987 548384 620116 365283 309456 ,606310 529563 110606 548384 365283 180734 338119 2662 341082 106881 
774105 773034 886525 887124 754039 881069 410465 996654 39220 411280 ,774105 773034 886525 887124 754039 881069 410465 39220 411280 769877 
923647 401280 549019 307576 62622 966 734383 69119 170891 186075 ,923647 307576 62622 966 734383 949457 813242 329338 173908 783173 
202674 121787 659441 598590 278462 699745 204698 930503 172749 85792 ,202674 598590 699745 76117 203142 355264 680844 552214 435021 661577 
126730 107479 118806 102594 109527 507958 309214 435776 220657 869849 ,220657 969115 856203 890242 691734 562763 517092 85503 19486 535773 
95567 196490 96015 95552 769256 303023 304880 711326 205213 269491 ,95567 196490 95552 303023 304880 269491 205213 617461 555251 608632 
256974 458571 868611 458891 413282 983331 449786 458719 455549 778740 ,256974 458571 868611 458891 413282 458719 455549 850501 811465 237526 
915957 858346 635065 607126 284873 332469 839429 89021 457134 77667 ,915957 858346 635065 607126 839429 89021 457134 77667 371049 235231 
283827 547936 317634 284225 781560 569392 292711 363489 891300 254232 ,282475 275423 326875 472342 779859 799659 253058 520359 426099 540392 
602702 601937 460630 510685 673106 731915 672462 106782 597911 974042 ,602702 460630 510685 673106 731915 974042 9109 751921 879110 630172 
120585 429337 477484 477154 24494 886171 412161 710750 711087 477092 ,120585 429337 477484 24494 886171 412161 710750 711087 477092 683604 
3142 563347 232464 71655 172772 925852 809584 947851 31254 390808 ,3142 563347 232464 71655 172772 925852 809584 947851 187831 564027 
452139 630969 90542 631082 371002 813628 457401 57484 202496 488792 ,859826 105522 712002 288333 696372 271822 125902 319974 10903 780896 
680648 111979 630885 898823 918273 858162 729180 689923 943745 939230 ,680648 111979 529563 119515 705250 117111 62581 891022 119015 688917 
806577 514921 391696 108916 13590 140907 697744 91355 525933 748253 ,514921 391696 748253 483969 293660 540247 586550 488642 696110 519559 
889427 833833 825090 36186 40780 543253 672932 821578 825185 560718 ,825090 36186 40780 672932 821578 825185 560718 443314 853812 443304 
943335 943859 948991 93264 689543 466033 668517 590708 24119 669681 ,943335 948991 93264 689543 466033 668517 590708 669681 931128 976339 
24070 525001 717179 95416 601022 87403 787889 80826 81379 364980 ,601022 87403 80826 350881 89046 106490 87585 293078 685885 294257 
676288 112116 138708 129673 17798 392988 388928 864010 88749 93258 ,112116 138708 129673 17798 392988 388928 864010 88749 210301 705430 
359058 575147 503682 69573 979304 727261 841481 577287 439615 483501 ,440210 274792 396505 795165 731378 997834 11828 586220 173174 497032 
750032 263559 948234 750427 983328 842580 502016 679826 155302 629489 ,263559 983328 679826 155302 224210 64031 440300 227309 61675 883296 
683649 220888 955089 650874 740637 246905 367817 791816 763429 208988 ,683649 955089 650874 740637 246905 367817 763429 779835 174402 893024 
334524 290244 341145 951379 567451 100277 624962 537992 367993 354218 ,334524 290244 341145 951379 567451 624962 537992 367993 354218 717218 
117115 115496 339708 339165 898960 628886 354417 398828 327761 218957 ,339165 354417 398828 839106 138868 492406 629522 511593 17052 397482 
115707 27447 298085 934267 972075 232078 498053 789321 372734 792810 ,115707 27447 298085 972075 232078 498053 789321 372734 792810 651595 
545950 386959 966916 478713 214355 809486 556125 366706 273944 517423 ,917398 224861 661727 809926 100773 813437 229676 845188 989678 233297 
390295 112536 488947 968674 874371 151107 64706 385828 810419 580832 ,112536 968674 262664 452819 572171 387259 256396 948975 18761 693048 
686444 491325 339533 233934 62505 254251 233760 610752 454245 907942 ,491325 339533 233934 62505 254251 233760 610752 454245 820061 160297 
869342 85693 458341 280540 862986 763496 201683 265961 972870 69110 ,869342 280540 862986 763496 265961 201683 157219 155808 601802 761038 
3410 464534 239259 738022 321418 813795 505556 617200 209601 463899 ,3410 464534 239259 738022 321418 505556 617200 209601 617158 617359 
377175 69986 226458 377174 944736 223519 17178 514285 433141 515250 ,69986 17178 515250 599292 979579 540445 160675 941307 869235 199197 
780856 542028 543552 876667 998368 541863 896870 695749 9758 71517 ,998368 896870 695749 71517 684076 863105 869999 961457 233033 15642 
852220 826285 857758 826451 103754 991951 846644 756243 846585 855471 ,826285 857758 826451 103754 991951 846644 756243 855471 846530 996403 
953892 387419 449838 761960 207546 559315 378496 450643 981941 382399 ,681692 732711 672597 902489 739880 963440 109895 441614 386206 207120 
227265 227351 88426 232305 822506 127277 490017 963398 678420 193228 ,227265 227351 88426 822506 963398 271986 89963 188768 600646 283127 
888828 202637 597253 736551 223719 15145 770160 584144 839798 584442 ,597253 736551 584144 595871 47163 266380 224246 224828 412185 870547 
763519 266904 651412 669483 470832 224699 425707 822258 988505 681806 ,763519 681806 196008 274824 288254 981099 626035 195999 511208 977614 
72805 779574 178883 688432 358588 817321 291761 411850 343760 49453 ,343760 750047 600365 385431 233938 318974 99198 491180 600447 813449 
525629 927814 429429 379952 17703 525927 232013 928716 753764 768472 ,927814 379952 17703 768472 125004 91030 928780 20874 377090 999581 
441063 239018 777061 979733 701573 448612 587607 536396 796791 680755 ,441063 239018 777061 979733 701573 587607 536396 176619 798154 31335 
911589 842597 943208 207108 563985 911230 564329 916320 871054 842465 ,911589 842597 943208 207108 563985 911230 564329 871054 842465 708740 
554647 615695 751803 721234 186667 242732 654036 672975 794118 817637 ,794118 212482 653372 906398 906336 647790 613192 728413 699712 653424 
641127 15970 240849 792139 942386 394268 521215 94193 760621 506093 ,641127 15970 240849 942386 506093 920180 527049 22387 319857 864368 
401583 754549 964909 113907 720970 168559 472375 917267 241260 424310 ,113907 241260 404712 232400 521288 397297 821921 500109 525216 426925 
959163 493254 321248 440277 615740 735823 316352 149716 57293 959344 ,321248 440277 264772 162323 560700 497108 858849 321418 437314 498957 
854019 846110 867729 191298 855258 996960 846288 863258 967336 833041 ,867729 855258 863258 967336 833041 563983 191001 960661 915618 904536 
713659 565320 528834 959784 247015 432577 338441 440155 958194 12718 ,713659 565320 528834 247015 338441 958194 529037 352090 172471 529494 
290761 91512 791467 23427 143849 818431 929819 687942 209067 483413 ,91512 791467 143849 818431 483413 816063 794336 143330 894483 791281 
872729 355753 297825 309878 368917 295185 989375 838954 41541 212502 ,280518 67971 284777 576136 313285 263935 213809 522324 262922 872332 
133842 138897 293355 618288 360342 316641 990205 182319 816702 633843 ,133842 138897 618288 316641 816702 633843 624951 139167 359994 163394 
293281 421320 553816 860833 47165 240246 184476 877315 46658 637550 ,421320 553816 47165 46658 481237 482062 482236 844436 947222 649961 
818703 518110 423330 798686 85472 664484 687510 534550 342949 940786 ,85472 664484 940786 937283 163147 479114 629383 689489 704955 108409 
650228 837162 650238 836794 773072 774970 28565 655997 958238 588373 ,836794 773072 969596 568767 607035 941916 759250 849895 881114 115518 
74392 211796 258847 785253 29640 280766 535056 765471 990309 259388 ,153835 992682 240984 320390 368437 515330 691945 592854 871306 832479 
390106 522136 340735 515148 730106 936446 705944 460462 933176 68682 ,390106 522136 340735 730106 936446 68682 514885 695058 193649 184 
194741 849358 478708 210931 172521 974402 884434 640100 982991 274772 ,194741 849358 478708 210931 172521 974402 884434 640100 982991 274772 
918368 82730 762642 169564 822348 668955 860770 395845 77103 988521 ,82730 822348 668955 542119 793523 565981 541628 857655 557236 918237 
803337 878686 879170 876660 607565 161100 24041 878386 650912 458777 ,803337 879170 876660 607565 161100 24041 458777 443981 653452 784843 
699731 881857 843276 514673 105926 938228 550704 47445 378154 246440 ,699731 843276 514673 938228 550704 47445 124524 130988 202745 183430 
664297 831273 681753 274865 681749 668576 681777 104217 618380 100900 ,274865 681749 104217 199778 58573 868865 932981 101338 264851 746039 
976893 877209 565552 133485 162614 224792 199379 618828 207017 878332 ,976893 877209 565552 133485 162614 224792 199379 618828 207017 878332 
917705 844314 844788 736208 308964 883017 122815 309753 126773 731232 ,224484 931995 89096 170217 223825 848629 879324 707457 801741 740547 
887600 402808 568974 568124 568307 568552 833153 569066 766441 833236 ,402808 568974 568124 568307 568552 569066 766441 833236 144047 960356 
175258 188062 802548 572063 590136 264930 935798 902264 731789 188131 ,188062 802548 572063 935798 731789 188131 962097 907033 461238 487275 
805909 843356 315089 751012 324613 193649 893359 701697 13594 929647 ,805909 843356 315089 193649 929647 926561 896440 618815 539167 77127 
668457 350821 736298 64451 54363 68707 927366 544069 696635 174541 ,969463 948951 407056 822355 351846 373163 529135 968777 512627 101659 
327461 100399 280046 85805 429301 52511 615804 87486 780732 814775 ,327461 52511 87486 814663 964710 400749 525019 83412 645453 636981 
915915 886564 684076 554927 248398 899970 730061 539804 919915 730429 ,915915 684076 554927 248398 899970 539804 919915 130871 892987 515345 
860292 108195 145554 637057 143455 7112 239437 196409 275225 147931 ,108195 145554 637057 7112 239437 275225 196409 147931 22164 969084 
105632 231813 624088 241530 461598 756542 61199 851331 660167 613410 ,105632 231813 624088 241530 461598 756542 61199 851331 660167 592971 
151232 815766 29998 123295 516840 350405 305321 425059 86956 58685 ,321944 740760 499801 188581 823529 522623 85313 815303 348803 280141 
356415 930955 734787 323994 46388 871265 820160 750864 635165 116201 ,622492 579046 289207 865508 853364 916867 462041 920437 626161 347967 
868889 870976 544161 894970 9779 705603 207680 715739 102131 420744 ,868889 544161 894970 705603 207680 102131 420744 748031 565180 227085 
916660 251591 898338 877616 253698 803444 840601 907187 894046 348912 ,251591 253698 803444 907187 894046 348912 249304 943063 31328 578391 
940804 604160 717710 646070 604044 755833 43346 920352 42778 158704 ,567206 638452 822199 834766 901561 191647 421188 421614 782393 122284 
931792 429138 741660 968508 963314 962443 793221 504972 201126 265404 ,931792 429138 741660 968508 962443 201126 59587 498266 874290 383088 
986478 857588 616609 856493 380955 38139 50227 963363 642416 644503 ,986478 616609 856493 38139 50227 963363 642416 644503 470197 810955 
288253 192498 271314 519449 741024 971685 943294 271298 573234 632073 ,288253 192498 271314 519449 741024 971685 271298 573234 274061 678604 
688322 814861 96168 410586 424915 46898 814844 810583 97328 52452 ,688322 814861 410586 424915 46898 814844 810583 52452 52462 442703 
205098 984369 983831 421209 720227 655531 58550 574634 962067 472958 ,984369 431448 837951 392358 655052 997715 785491 681693 469560 982412 
97267 287501 410417 421062 473862 494143 264666 869338 615984 220974 ,97267 410417 421062 473862 494143 264666 869338 615984 220974 11354 
420736 254510 210931 309317 199445 922325 224777 893539 773021 240674 ,254510 210931 199445 922325 224777 893539 773021 240674 640340 217218 
31443 840695 138755 490641 138251 159903 578906 364232 219324 15671 ,31443 159903 364232 841179 592534 725030 391188 953408 833804 488864 
840393 667789 449598 886398 885686 541797 880160 897492 879713 669868 ,886398 879713 406048 219494 207681 449633 669808 566136 61758 669946 
472455 241818 469015 755501 831044 633499 82190 339254 561025 753768 ,472455 241818 755501 831044 339254 561025 753768 220854 566150 765896 
373264 189956 654214 656873 655568 446642 655507 446679 655097 817537 ,189956 655097 447225 479439 445918 994558 837308 447040 447346 905497 
370117 394386 383585 30966 382338 334673 491244 35975 179568 978823 ,370117 394386 30966 382338 334673 491244 35975 179568 505917 346990 
209972 948788 65873 865781 373971 952350 490989 659803 424829 425145 ,948788 65873 952350 424829 425145 945317 61106 833136 126150 208242 
255016 360674 983970 493603 62460 294100 113477 559522 294432 287366 ,360674 983970 493603 294100 559522 294432 287366 161357 308405 793605 
2953 275800 275572 946484 864368 3336 491150 694854 928092 163916 ,2953 275800 275572 946484 864368 3336 694854 928092 549990 377212 
814404 809990 412533 280462 57236 479199 899577 755166 477212 559846 ,57236 477273 125805 516533 825313 912724 912239 655097 925842 257527 
873771 21458 664512 586905 873083 965486 481785 208399 592125 869098 ,21458 586905 300651 194017 302609 628772 798358 4412 577920 986567 
448900 492683 331294 296271 715882 429319 132484 305007 473681 505405 ,448900 492683 331294 296271 132484 305007 505405 258297 491679 473717 
608117 671882 56352 426941 409528 46634 205634 173757 540495 310033 ,608117 56352 426941 205634 173757 540495 483972 739301 976184 512058 
31369 765403 217524 102003 286824 737158 48510 406087 265363 592012 ,217524 450838 361587 762269 740643 202959 744622 176696 665640 106861 
181481 394295 336469 316253 938938 707494 822575 400897 326522 933864 ,181481 394295 316253 707494 318499 784639 828431 329170 401223 964925 
584242 197140 228239 453209 725231 195707 518776 334144 80012 682677 ,228239 195707 80012 682677 952332 452758 265751 254994 175714 431379 
865734 874263 705591 874353 886101 522259 70965 226752 501943 298169 ,865734 874263 705591 874353 886101 522259 70965 501943 298169 71913 
874424 439176 289277 483888 378982 368524 548318 481408 435486 992285 ,439176 289277 378982 548318 481408 520103 396739 678867 909896 124120 
940608 23850 23871 182787 248015 423308 940563 423410 525433 433907 ,423410 746482 151685 678160 601763 422128 887588 337577 911069 584454 
24665 326677 770378 621937 534379 481159 934323 228227 764733 743646 ,481159 228227 743646 571683 549501 29021 731460 238048 551016 430185 
99559 118126 7101 479504 903674 718222 993360 77622 414913 985786 ,99559 118126 479504 903674 993360 77622 414913 985786 124717 406427 
133127 629932 909315 134629 975045 229262 946212 748692 848705 717688 ,133127 629932 909315 229262 748692 848705 909440 580139 64671 29016 
903578 792834 891727 792847 830864 538591 42592 831209 604160 907420 ,792834 891727 792847 538591 42592 831209 604160 795727 5785 911922 
36591 181953 931552 779574 804457 496021 787080 329602 887367 832330 ,779574 496021 329602 754986 672141 710270 174021 251138 499712 406707 
662651 637440 110634 385077 171837 806218 347624 668895 502050 337091 ,662651 637440 110634 385077 171837 806218 347624 668895 502050 458650 
936584 240358 203138 240184 487307 203147 90190 207529 74073 332328 ,240358 240184 487307 203147 332328 216214 539410 989919 171345 811222 
44989 599218 459284 311416 829169 334 600478 451912 431750 454456 ,44989 599218 311416 829169 451912 431750 24646 232780 451795 431699 
605333 193875 741874 372550 83804 47734 303699 196960 474529 380583 ,193875 372550 105866 151841 225646 152393 538452 751196 224469 72430 
685691 676042 418756 414562 577890 749894 379183 861920 935377 163498 ,443219 623557 565497 419069 739889 734772 100240 634455 441121 563788 
940375 518140 518032 866680 876124 295672 242133 717742 625950 158893 ,518140 518032 876124 295672 242133 625950 158893 748811 76490 23851 
6123 571827 774030 898134 770374 774083 636082 397824 10903 250060 ,6123 571827 774030 898134 770374 774083 636082 397824 10903 250060 
802298 573343 799253 560492 740180 525027 453244 439121 699601 389632 ,799253 560492 740180 439121 699601 389632 239685 392887 755748 745697 
78418 853958 62671 969650 783678 871271 382733 782736 717590 782511 ,969650 783678 746620 892268 470217 60421 248236 909245 870254 732630 
804756 634168 748775 401873 404178 223585 805013 678947 374851 928869 ,804756 634168 748775 401873 404178 223585 928869 767038 992090 21274 
904838 366069 353474 899039 171651 200632 919697 886299 990542 886841 ,904838 899039 919697 990542 224075 703383 127947 464994 795519 512700 
128338 127876 562950 526553 155417 107700 134185 128047 944704 510700 ,526553 155417 128047 510700 17139 196077 535335 124544 876441 480839 
375582 852772 115374 762378 762365 113234 827268 764684 853648 901298 ,375582 852772 115374 762365 113234 827268 764684 853648 901298 52231 
336738 350662 94325 90443 88575 363642 81791 81708 94321 293072 ,94325 81791 293072 702914 68342 68570 567855 953323 175484 953252 
223309 20974 25312 305680 497050 94551 161559 30145 699526 292834 ,223309 25312 497050 94551 699526 292834 297207 421575 101341 267997 
484226 787304 152051 586117 309790 488792 82027 314080 324210 859967 ,484226 787304 152051 586117 309790 488792 82027 314080 324210 859967 
716575 209036 716610 174929 141728 850594 658449 832801 518891 814966 ,209036 716610 832801 518891 814966 20088 114362 131572 705871 850389 
76734 73678 76259 329543 759337 565827 702521 509316 11786 130107 ,76734 73678 76259 329543 759337 565827 702521 509316 130107 396089 
181953 805803 199034 277850 665178 69629 169115 229202 660921 909604 ,805803 199034 277850 665178 660921 253194 869306 273596 703383 435012 
853756 229152 141043 200893 787598 759007 575873 202760 267038 524522 ,853756 229152 141043 200893 759007 575873 267038 202760 842919 187344 
289642 697646 808498 593187 229297 317422 768967 321276 166549 835701 ,289642 697646 808498 229297 317422 768967 321276 835701 768678 132726 
934194 987990 181267 516167 298617 43913 483842 849075 254510 932029 ,934194 987990 192019 481381 757015 915639 420736 398339 861592 386765 
193063 651697 700024 627228 203730 122605 792659 533370 748407 52054 ,438749 994390 692964 823260 647117 162059 202689 994382 766268 843240 
25325 137523 397728 123664 810841 600240 291941 811219 783194 577407 ,816487 671858 755005 944667 227298 123758 510431 124415 389579 730466 
733267 648979 631535 192433 632067 709912 29385 732488 876487 912874 ,733267 648979 631535 192433 632067 709912 29385 732488 912874 781229 
930677 252242 191142 937226 721501 583819 890101 275686 712755 577947 ,721501 583819 890101 577947 974215 459724 377915 942363 690364 98912 
56204 636916 681296 45144 407012 197495 982940 52392 918491 186979 ,56204 45144 982940 52392 186979 572006 640733 906777 12974 823656 
640670 957759 641360 381050 637061 423068 640823 748336 210772 748768 ,748336 787588 749335 142976 637571 768739 755346 712180 606748 441135 
987573 732271 725448 100853 732286 268463 566136 540247 526553 61716 ,725448 732286 566136 413448 915617 929822 907694 42219 684017 954866 
38254 718283 987391 373462 892959 373567 44007 413855 453138 373487 ,373462 131699 373477 667193 569539 982656 373483 673952 449219 661723 
336294 370646 879392 576714 127590 334805 508217 595133 904830 835271 ,336294 370646 879392 127590 334805 595133 904830 835271 426291 721189 
686559 738672 974595 729197 694660 511625 486472 532607 287370 256339 ,686559 738672 974595 729197 694660 511625 486472 287370 515569 244135 
88995 929782 254941 317031 712570 247487 715630 558247 26720 113573 ,929782 254941 317031 712570 247487 715630 558247 26720 676000 818673 
808421 98971 81399 633086 518656 30220 599218 815629 772307 16513 ,808421 98971 81399 633086 518656 30220 599218 815629 772307 16513 
235901 924020 456429 835303 962360 879781 561117 367739 879799 742801 ,235901 924020 456429 835303 879781 879799 742801 15564 844637 242438 
238235 299049 228054 238758 621631 751858 726839 353223 25614 816592 ,238235 299049 621631 528538 859012 175398 528509 591912 173197 938389 
682006 842440 181500 946964 921792 842336 565451 561204 681811 681855 ,842440 181500 946964 842336 565451 681811 681855 376759 868206 418800 
739155 256503 407687 433509 338212 385377 803866 352358 453556 87504 ,256503 407687 433509 338212 385377 803866 352358 453556 87504 982672 
590840 912963 604641 35112 122249 658203 861335 432157 498943 127793 ,912963 604641 35112 658203 248556 425018 154190 106763 685063 35083 
586504 862611 425504 326371 292682 316887 309324 575554 684296 347757 ,586504 862611 326371 292682 316887 309324 575554 684296 347757 696171 
77569 123295 60137 814600 68440 818604 995621 637422 903041 109122 ,818604 5132 5085 487832 636836 487378 964843 566296 68542 169182 
301765 254845 427560 460879 853368 307635 763429 621499 772912 497218 ,301765 254845 427560 460879 853368 307635 763429 621499 772912 497218 
491204 51701 665001 221266 951407 2297 964658 342166 348666 42771 ,491204 342166 499146 384042 639026 922194 460313 103908 715178 944465 
999842 749873 493456 80343 743617 326126 630431 565636 996095 715013 ,999842 749873 493456 326126 630431 565636 996095 664677 872147 860794 
20764 427167 517377 400623 615979 79543 98956 173402 815766 430013 ,517377 560617 188534 560164 347556 291871 355180 95777 187771 773088 
153173 297650 614397 846160 29137 747128 512796 421777 651291 730782 ,153173 614397 846160 29137 747128 512796 421777 651291 730782 193573 
358163 305119 453139 742673 715836 472415 639820 66209 740792 79443 ,358163 472415 279484 308655 733275 351095 140672 826149 599430 23500 
690893 893656 839089 263937 187985 57925 503959 779856 8708 483646 ,893656 839089 263937 187985 503959 779856 8708 666633 337586 666320 
523801 683876 437661 715283 775885 888593 549066 286316 146795 17228 ,715283 549066 630494 916749 538846 457080 253267 359157 273875 813903 
397672 694798 122359 291948 334018 279401 703368 261861 368246 219604 ,397672 694798 291948 279401 703368 368246 615065 695284 524051 452900 
826710 825873 825650 829011 743321 572956 516230 75703 175267 114944 ,825873 572956 175267 114944 183462 690232 343320 582492 392326 730594 
434265 903079 482027 315063 955128 4915 438925 105529 308271 293634 ,929119 482556 49429 504177 971062 510869 192661 413796 414853 233082 
826296 829480 603825 970435 761886 604462 530296 988197 193326 861584 ,603825 761886 604462 530296 193326 861584 931504 967169 665781 97794 
584868 339373 414380 804046 389083 670445 241 705048 723623 690957 ,584868 339373 414380 804046 670445 705048 723623 690957 584655 824172 
580426 849763 411724 760437 877294 788204 814408 673618 674555 602558 ,580426 849763 411724 877294 814408 673618 674555 602558 53355 993643 
671017 171814 541797 112514 667999 948287 667789 986259 830953 54281 ,671017 541797 112514 667999 948287 667789 986259 54281 58193 730824 
484167 888333 514471 843460 192555 598443 681328 278133 271538 198509 ,514471 843460 192555 681328 278133 277325 771554 596229 76039 987582 
194301 273117 198431 111798 194321 869034 488258 551821 617795 806322 ,194301 198431 111798 869034 551821 806322 195880 274696 630595 681194 
129467 161062 98251 515126 347837 139540 774326 593382 530347 849040 ,699728 253492 252244 832142 129307 602884 269098 456840 449449 285526 
975605 47558 541676 897415 908798 949341 849508 878569 861623 890120 ,47558 541676 949341 878569 861623 899761 843302 149617 892839 133847 
964301 899323 245120 244546 472938 899826 641103 429089 131240 527035 ,899323 472938 899826 222459 608000 473214 972287 548416 198698 245859 
164242 56436 494375 641816 411751 412141 206372 166545 480304 720480 ,56436 494375 641816 411751 412141 206372 166545 480304 720480 442889 
662686 464954 68525 183179 151160 936912 87769 748649 291882 104734 ,662686 464954 183179 151160 87769 104734 662635 594990 386045 567854 
8424 280061 558452 323801 457625 518587 807774 546677 757988 546924 ,8424 280061 558452 323801 457625 518587 807774 546677 757988 546924 
173087 577473 666230 736357 783150 525916 512832 844426 941609 800953 ,173087 577473 736357 525916 844426 941609 800953 564487 173278 561402 
726423 459525 527237 19340 383902 242845 419740 654297 681615 519502 ,459525 527237 383902 242845 419740 519502 77261 994806 491189 707604 
764180 642040 409351 52400 47662 642607 314092 695465 207242 560210 ,764180 642040 409351 52400 47662 642607 314092 695465 207242 560210 
812991 301419 967799 305915 599159 973030 877265 123465 311815 309852 ,301419 967799 305915 973030 123465 311815 212586 653120 824102 772016 
136368 466658 404992 928532 512806 549454 549347 170796 957913 515193 ,136368 404992 928532 512806 549347 511707 107324 69884 58737 99286 
520110 323900 809621 750898 331696 583264 110447 448803 929438 835653 ,520110 323900 750898 331696 583264 110447 448803 929438 835653 330248 
409722 969865 93482 237312 806593 504852 800731 823579 465105 779859 ,409722 93482 237312 806593 823579 465105 682423 779947 81743 293860 
808174 419309 693139 783411 180316 150083 157683 814650 451590 188458 ,783411 756997 692538 581856 520078 973499 787472 660880 874426 776902 
422243 472043 846763 140693 424066 256704 228482 781115 719303 708875 ,472043 846763 140693 424066 256704 228482 781115 708875 701158 367719 
771203 451871 944028 521431 452077 84212 723972 122415 768671 349766 ,723972 514548 258700 521265 495755 156898 232879 46023 696692 543126 
360005 344817 852296 884318 246156 600209 94737 103066 321203 998368 ,884318 94737 998368 493428 795684 387658 727415 466449 125251 618266 
675265 306290 630878 291973 676267 23525 662715 675139 675699 107087 ,630878 676267 675139 107087 514308 515874 676846 151217 524628 487690 
220809 347248 181991 631308 314645 315678 906831 302682 964473 114584 ,314645 315678 906831 302682 114584 860758 963848 968082 65037 284873 
478107 57139 378745 718343 747943 390918 82840 684977 251854 967925 ,478107 57139 378745 747943 390918 82840 684977 251854 967925 411377 
553127 992870 208217 553318 980607 394692 553739 614814 980236 145905 ,553127 204827 344308 332427 185825 805604 935550 938484 241381 303838 
484694 537119 414729 743741 59021 478819 845100 537316 244135 450617 ,75400 841584 61565 200146 537007 154281 659339 984691 896511 133166 
894024 829834 895369 685361 811456 546501 673223 155402 977139 747018 ,894024 829834 685361 546501 673223 977139 747018 671720 478903 220390 
177646 153488 581962 514230 244946 291945 612270 732351 746863 883543 ,581962 514230 291945 612270 732351 883543 171008 521119 771950 364724 
201685 265963 617934 505030 900277 882947 522530 877203 772838 600563 ,265963 201685 617934 505030 900277 882947 877203 600563 249186 181157 
126422 324186 987799 250441 12037 686624 87125 95228 462464 379100 ,126422 12037 686624 379100 620937 737426 269932 107516 870204 39765 
523354 257139 833505 934423 350493 336642 728416 337137 305537 178816 ,523354 257139 833505 934423 350493 336642 728416 337137 178816 934046 
427533 427308 573185 873565 87830 84336 324455 717821 426614 467282 ,427533 573185 873565 87830 84336 324455 426614 467282 634916 44533 
912748 3609 569661 13205 983256 904448 857185 73779 932082 597167 ,912748 3609 13205 857185 73779 145335 886286 129201 48560 911448 
688749 158171 569512 369636 772144 672656 326570 528723 763205 298788 ,158171 672656 528723 763205 923213 155593 336763 748034 747406 889945 
630002 734784 779453 204568 268846 648577 20479 730283 180896 598133 ,598133 475563 76451 737814 226298 779607 932072 106538 402309 980772 
195177 951081 377484 189907 500745 8493 635718 150377 196193 836427 ,500745 291273 290182 115194 576911 969043 792374 158336 983798 806573 
235015 322503 652996 785675 678921 285619 911959 324933 36461 831061 ,235015 322503 652996 785675 285619 911959 324933 831061 878073 441553 
581532 754013 112537 431902 764733 732495 364642 151299 520219 217406 ,581532 754013 112537 431902 764733 364642 151299 217406 748955 140472 
808251 660138 944028 904127 57832 259232 808444 113836 893265 521431 ,808251 944028 904127 57832 808444 893265 521431 409581 62743 84212 
504868 796366 377876 808623 476338 53565 441445 808082 55075 764585 ,441445 55332 503217 546684 641182 55628 188680 43659 50802 301186 
627450 254744 254593 74926 770625 883295 256533 387013 4243 32095 ,254744 254593 883295 256533 387013 4243 863375 146679 862824 431112 
486077 980401 766980 879092 252938 764310 676281 882113 755354 712974 ,486077 980401 764310 676281 882113 712974 876920 896182 608111 778724 
77069 274598 854514 413473 746848 516529 551838 78945 711013 448474 ,854514 746848 551838 78945 448474 512341 720674 380119 201133 934729 
522813 528430 790838 405061 404986 93824 689303 298953 987421 279674 ,790838 689303 235096 273628 516473 355915 465009 127465 517363 389288 
323149 17532 327476 289074 32349 124024 755058 264637 386939 257291 ,327476 289074 32349 755058 257291 432273 753052 295019 553241 860000 
152623 80466 274777 767235 182747 36818 573759 138474 999130 63538 ,152623 80466 274777 767235 182747 138474 63538 583892 269093 244283 
961268 809642 809933 398423 258118 402116 932740 45746 828682 401779 ,809933 398423 258118 402116 932740 828682 401779 402772 234449 543453 
5559 4995 749867 101992 497487 633839 376657 475037 151167 307702 ,749867 376657 151167 473048 989428 899679 583240 70890 432658 762690 
927754 119012 118440 442250 60978 854471 616318 543127 209258 138655 ,927754 119012 118440 60978 854471 543127 209258 419448 136475 694770 
948898 413913 80561 415638 514978 498249 104879 583949 522759 505405 ,948898 413913 80561 415638 514978 498249 104879 583949 522759 585251 
726040 851642 96603 851979 798241 210328 245506 716143 499974 288769 ,726040 96603 851979 210328 245506 716143 499974 288769 438327 455739 
353117 341606 67313 22346 393181 356639 782039 518753 438837 262586 ,22346 356639 518753 438837 12526 550839 340269 781791 267209 10440 
711414 711106 622322 620507 893503 57474 213914 128576 619116 962195 ,711414 711106 622322 893503 57474 213914 128576 619116 962195 407788 
387574 646457 653978 676916 674239 906272 652445 646184 797710 324949 ,387574 646457 653978 676916 674239 906272 652445 646184 324949 675128 
996745 878958 890329 668714 956340 641918 540416 670846 206693 837625 ,956340 641918 659232 885792 947473 755187 773848 76248 662500 503435 
255460 690133 245803 375226 358898 751511 255975 323547 766012 753384 ,255460 245803 255975 323547 550704 826112 18960 368374 66223 368014 
860812 803349 970166 763778 960341 756479 332122 824969 954064 776328 ,803349 970166 763778 960341 756479 332122 954064 776328 27140 983948 
151192 95342 494856 566296 709115 540613 188534 697898 95166 567815 ,566296 540613 188534 348803 95777 487832 600881 522280 560164 806081 
221366 181824 395973 806601 122732 221516 588269 13535 316668 795603 ,221366 181824 588269 829468 152852 729956 775092 410017 745141 504903 
929861 728350 873511 913829 666196 522057 522044 467931 297518 119613 ,929861 873511 913829 666196 522057 522044 297518 437496 410917 613109 
930415 869715 11167 868105 118678 899067 330730 484812 67744 739784 ,869715 11167 118678 484812 739784 868865 36307 973252 484651 893452 
324346 439706 626126 155392 453229 934298 706023 587650 523801 387065 ,439706 155392 706023 523801 567657 255625 439475 632391 896572 287325 
783835 152178 1641 89492 783908 951482 741479 384482 106099 394095 ,152178 951482 741479 384482 887117 449494 167238 708043 844265 486039 
679749 392121 264198 264099 419354 393466 481408 490740 32375 392298 ,679749 264198 419354 393466 481408 490740 392298 515809 513570 32226 
919913 393717 250520 393408 780953 724333 969239 534272 218899 868496 ,919913 393717 250520 393408 780953 724333 969239 534272 868496 741461 
883901 397945 39977 954984 782021 890653 922965 821090 14223 773498 ,883901 782021 890653 922965 14223 773498 621885 774598 618285 449357 
219872 576006 307429 87288 165297 162917 381233 852318 504318 906763 ,576006 87288 852318 906763 933560 197911 276727 121962 917388 278014 
360324 486050 159388 256450 159432 296270 84010 426634 511582 336974 ,991735 106770 313961 715094 426586 289447 523347 363958 68792 516473 
571245 833804 634585 155033 570681 237339 84124 815063 948644 351321 ,833804 634585 155033 948644 783502 424755 605186 133547 702932 419429 
398447 399213 739273 209790 840458 550117 2651 144607 874471 488221 ,144607 874471 572876 354477 947524 684017 597107 930761 224768 141123 
641459 445437 102663 447145 446581 641549 445625 853914 444607 570355 ,641459 445437 102663 447145 446581 641549 445625 853914 444607 570355 
992902 663238 810175 324369 283946 805263 292150 462554 324154 531980 ,812493 454373 154506 959732 36677 522855 488622 305127 576285 904587 
208242 791548 58422 688390 791365 613568 885489 842489 883183 959963 ,208242 791548 58422 688390 791365 613568 885489 842489 883183 930480 
291152 248353 989255 989445 277523 11084 127172 417114 438953 587848 ,517961 365683 589933 155849 661769 921772 874416 579347 331023 856506 
207697 655171 421188 158704 28866 667612 24790 674839 421082 552254 ,674839 421082 569397 569504 604160 656919 421059 767893 936287 675092 
726641 861585 23099 21067 941225 128982 20943 394526 890549 853938 ,861585 21067 128982 851678 240221 45923 513017 661529 394142 858257 
182057 102160 156101 958108 362736 795915 740283 873101 778741 69242 ,182057 102160 156101 362736 740283 873101 778741 730441 255355 78704 
455746 331407 335073 843276 392008 434644 392244 283845 404014 530516 ,404014 462585 64425 310426 357549 615217 797738 276481 627668 360575 
615135 790748 893153 774155 214485 373189 615829 17690 689154 23537 ,790748 893153 214485 17690 663284 662634 561109 684832 905723 723321 
978035 2538 928010 298341 844600 514007 754339 118951 392297 118501 ,298341 514007 118951 632068 787460 392097 682290 543643 204279 163267 
781951 310475 307615 785567 402106 238801 789905 418312 401804 101592 ,504551 790008 363958 991735 601031 824073 373217 920674 738509 351826 
261114 260843 637090 984803 854925 811533 552665 360133 27372 239760 ,261114 637090 984803 854925 811533 764824 637100 873269 812117 15672 
884576 929630 770673 794073 691055 662500 903660 258807 578681 560357 ,884576 770673 794073 691055 258807 578681 560357 554965 793156 791041 
398535 401586 715619 680714 454177 718234 189236 976184 636693 92085 ,401586 715619 680714 454177 718234 965636 626387 861324 402536 479205 
107882 123664 123758 22104 740306 600240 527991 227298 124415 143781 ,740306 600240 527991 124415 143781 467847 671858 732417 557180 575464 
860871 682701 880728 432133 198271 701082 193544 346339 699533 592115 ,860871 432133 198271 701082 193544 699533 174373 752821 856320 251138 
191471 9939 862800 862665 699671 870695 978774 950326 282967 30904 ,950326 30904 656569 146951 797087 949382 777332 852131 485130 790225 
970550 826651 916083 637550 187692 421999 980184 825358 598629 970731 ,970550 637550 187692 421999 825358 970731 67803 244563 456845 422455 
503553 461598 688398 806577 920086 200725 265003 876709 616285 860981 ,503553 461598 688398 806577 920086 200725 616285 860981 818050 181636 
902143 475278 117015 912102 440572 198621 923052 913620 476759 475315 ,913620 216072 812228 160965 554779 216131 526086 853152 639210 586389 
160535 593979 653581 159894 178356 889793 825041 103944 889701 763405 ,160535 593979 178356 889793 825041 103944 889701 36110 749798 52473 
132013 884667 885559 973125 673181 131649 129266 961328 132773 971241 ,132013 884667 973125 673181 129266 961328 971241 830516 597873 304292 
110879 854054 855082 111350 295030 613517 977679 110290 430479 668457 ,110879 854054 855082 111350 295030 613517 110290 430479 307771 145096 
356868 83971 497394 333953 318318 496509 338640 354127 85441 122114 ,356868 497394 333953 318318 496509 338640 354127 85441 122114 504952 
394793 838975 967303 119174 657089 851642 391294 851979 576590 282771 ,394793 967303 391294 851979 576590 957052 680560 201698 270589 206311 
675632 762643 905598 234186 907946 829587 905363 767778 74473 990687 ,762643 234186 829587 74473 990687 310833 262692 990446 688310 262364 
460319 799980 777062 528888 800911 351524 685625 85215 97357 481285 ,460319 799980 777062 528888 800911 351524 85215 529249 272702 252347 
876107 875428 836185 780592 683775 750538 403425 518892 13792 175686 ,875428 836185 780592 403425 518892 175686 268047 203769 697961 679218 
261699 106282 367097 208925 230524 392887 830589 719622 470776 157035 ,261699 106282 208925 392887 719622 470776 157035 704609 544412 917267 
843752 502624 162363 524605 827775 250567 697700 246595 708773 809395 ,843752 502624 827775 697700 246595 809395 397007 434501 752110 212566 
888259 896228 724963 966676 124983 581043 712846 952333 233801 808467 ,888259 896228 724963 966676 124983 712846 952333 233801 198638 195690 
164232 245145 636157 707172 942369 787763 512423 579436 907178 93763 ,245145 636157 942369 787763 255696 723185 63125 244701 698783 283915 
561733 128216 879790 879963 13424 220381 393036 240025 268263 867959 ,561733 879790 879963 13424 268263 885666 73951 879955 13072 838444 
95665 68720 698692 292172 3235 305785 345557 279201 337582 601669 ,95665 68720 698692 292172 305785 337582 601669 497776 497246 496898 
254620 833312 542272 284438 869681 2839 833767 80633 538940 71505 ,833312 869681 2839 723791 3249 912032 977501 14877 876505 264811 
556384 887020 556033 403024 286826 609649 302575 383080 886783 976988 ,556384 887020 556033 403024 286826 609649 886783 976988 295470 717581 
869999 682080 876511 208062 185745 202251 266529 514138 122308 21201 ,682080 208062 185745 266529 122308 21201 521623 887540 13107 211094 
970564 760630 6269 970267 418893 23819 417474 959611 794486 890441 ,970564 644474 643248 964521 677574 985951 901766 424496 983817 789776 
278869 105385 236960 776996 496748 684311 662747 337313 516632 321519 ,278869 105385 236960 776996 496748 662747 337313 516632 321519 339132 
646744 647181 646716 372126 805388 765510 23099 778707 374147 281828 ,646744 646716 372126 805388 765510 23099 778707 374147 281828 765972 
480029 410382 865887 454011 975689 138490 406236 139837 871923 701910 ,480029 975689 406236 770295 282712 896185 861914 742418 902038 406529 
656696 905634 657168 446840 447442 446221 445243 447346 447746 641629 ,446840 102523 615317 654102 445276 639840 446605 448130 445778 38947 
971447 514471 834251 597415 671818 198509 277325 392483 778321 77755 ,971447 514471 597415 671818 277325 778321 543210 987582 278133 183047 
546787 261625 782116 375954 966409 594735 16573 942937 672387 534465 ,546787 261625 782116 375954 966409 594735 942937 672387 534465 472440 
91796 861261 96290 916994 860057 811413 391657 942935 390013 176349 ,91796 861261 96290 916994 942935 390013 176349 808827 430457 112015 
920304 563715 557223 386780 960469 597375 572097 963335 834771 964216 ,920304 563715 557223 386780 960469 597375 572097 963335 834771 913446 
807864 802820 155553 454213 152589 65721 999969 600332 744524 707743 ,807864 155553 152589 65721 999969 744524 707743 356297 792629 86438 
984802 408448 78655 189850 94711 282474 492712 978595 769011 198639 ,492712 293134 151891 499267 588485 631693 542504 574158 79804 63779 
70482 76158 788246 997396 815131 612218 905166 365485 494071 869212 ,76158 788246 815131 612218 869212 517905 518079 567738 240821 723500 
18688 750954 293622 997129 578617 369006 70825 526641 279084 965388 ,18688 750954 997129 578617 70825 965388 16809 481287 806175 360732 
110914 617515 683614 604305 960315 989261 872307 452836 523909 289326 ,110914 617515 604305 452836 523909 401602 13032 705305 533442 397948 
137295 246362 735051 465321 999733 373192 173275 628750 322751 494013 ,465321 364998 54697 413499 27582 324271 857078 632426 823626 516201 
109731 781372 534672 617132 923751 16994 335970 523498 419620 770252 ,109731 534672 923751 523498 419620 369860 690458 141701 141492 979177 
258146 801900 330155 544380 808591 587919 71097 628329 126 225940 ,544380 71097 628329 126 225940 842617 200117 260815 385027 798544 
230512 50931 322643 51022 343242 628814 30812 94521 512384 947785 ,50931 419626 330905 451016 94617 232991 425288 318621 182313 233076 
678437 68764 11256 745955 931416 869507 880274 352355 224221 888828 ,68764 11256 745955 869507 352355 888828 932815 684322 208003 709443 
660164 660833 655383 406620 894140 604353 869298 601010 101576 600892 ,447170 800216 710501 127063 715432 820541 985708 910582 568005 891177 
465363 441660 363823 166049 323020 933747 765570 30738 799176 144421 ,441660 363823 166049 323020 765570 799176 144421 30618 382427 744254 
949763 159573 454430 251164 631693 509892 800225 279672 719578 25674 ,800225 25674 452460 710125 368070 780438 235185 415837 417842 455137 
890993 569863 320628 545137 891200 848942 492770 929420 972280 799484 ,890993 320628 545137 891200 848942 492770 929420 972280 799484 667799 
789023 81501 665336 81260 484460 485761 378694 194588 273404 695064 ,789023 665336 484460 485761 378694 273404 194588 343647 550458 305484 
191974 432207 30656 510786 431591 202862 720104 738469 500952 822436 ,432207 510786 431591 720104 500952 822436 173249 633104 386300 598876 
925016 778451 113964 140359 628035 159057 713122 855960 773907 846672 ,140359 713122 773907 846672 676558 756381 312037 182319 722112 697753 
175447 941314 449878 225985 480936 308045 5234 210909 831250 294852 ,175447 941314 449878 308045 5234 831250 294852 480815 391721 168689 
208015 770767 770613 99337 572326 520954 318942 477443 999969 157108 ,770767 602120 105773 37448 372886 315934 960904 559170 811912 999228 
810906 992131 422455 545385 849642 421999 900693 754777 267203 837842 ,810906 992131 422455 545385 849642 421999 900693 267203 837842 643189 
839360 804479 822414 443217 816801 979430 839476 918628 657538 657927 ,804479 816801 655799 103752 826236 569504 421082 762965 126552 717841 
742818 631364 207135 129279 322034 70009 400762 959582 417726 102666 ,742818 631364 207135 129279 322034 70009 102666 953022 44283 191081 
484331 262068 240261 759917 959440 673598 361702 651766 310270 929347 ,361702 482785 802388 257911 883077 833536 777705 974434 962949 854595 
747708 422259 552555 913834 536708 844207 908992 838097 690944 521200 ,422259 913834 838097 690944 291448 718930 317673 149869 298144 146953 
473441 899895 227024 408944 473404 942192 338654 876814 370830 929346 ,473441 899895 227024 408944 473404 338654 876814 929346 474007 376303 
347533 422239 555341 130335 960725 426488 5017 284905 569506 507421 ,347533 422239 130335 960725 426488 5017 569506 350963 321471 429254 
985179 979603 817616 833073 160336 322235 981464 832016 830594 352976 ,985179 979603 160336 322235 830594 950878 834145 221320 993417 981012 
647790 647173 650538 653160 647883 609779 653153 906336 161100 651423 ,653452 117061 755758 652970 637490 966763 445839 516546 444305 458777 
266659 382637 114758 397145 804962 171327 236 212613 817431 384555 ,241 529187 402848 317627 240625 738062 531603 179896 237017 478744 
16279 51544 836333 180478 521664 563872 714670 415676 853241 997865 ,16279 51544 836333 180478 521664 563872 714670 415676 997865 274194 
60364 199368 903759 60813 224710 941675 395042 441956 858370 950999 ,60364 199368 903759 224710 941675 395042 441956 858370 950999 274060 
736076 520937 341543 664433 734329 94631 95038 524275 596617 597286 ,736076 94631 734517 524176 615136 520870 458018 609697 353682 307050 
332305 949382 488912 309759 493245 944465 571406 310972 780670 584297 ,949382 488912 571406 310972 453924 264491 802602 883093 87830 546455 
967535 407967 947310 977489 505593 866065 905366 255169 383872 941010 ,967535 407967 947310 977489 505593 866065 905366 255169 383872 134420 
835518 519192 289288 341394 738561 217108 130402 684329 354671 156763 ,217108 312504 24334 304820 187072 366525 741392 516531 242565 407056 
213546 223958 561229 564403 776499 542485 395465 618593 895173 543701 ,213546 223958 561229 564403 776499 618593 543701 938527 878418 594121 
641555 641701 824995 851267 890663 444689 764462 473366 638982 641820 ,641555 641701 824995 851267 890663 444689 764462 473366 638982 641820 
224538 226936 561327 983671 375016 655572 620169 201678 957840 964919 ,224538 226936 561327 983671 375016 620169 201678 957840 964919 621944 
907597 960045 775639 643031 643062 818577 654312 654118 654320 643041 ,643041 788106 104345 186588 850239 916609 850428 907801 792410 789988 
352652 425615 19468 174489 713608 16875 727404 439616 598428 852351 ,352652 690219 195320 706531 112399 179651 430457 466557 357111 30793 
828325 45803 878913 45418 461915 461354 186705 645206 296681 88297 ,740615 858948 44924 901328 943766 645315 950393 22108 45806 470966 
653125 890421 894063 331023 374202 813778 946 375274 301475 302219 ,653125 374202 813778 375274 302219 556879 753076 255527 810705 374537 
643427 644081 643501 642791 644823 644297 643248 643802 643153 643034 ,643427 644081 643501 642791 644823 643248 643802 643034 644474 643706 
642308 793201 770578 641896 569397 421614 901561 911981 655171 48998 ,901561 643948 122284 823637 421188 921408 912724 421731 206997 416004 
95665 749287 339272 91935 574921 799331 236885 93544 46704 628015 ,95665 749287 91935 574921 799331 236885 46704 628015 518378 511656 
536161 978474 894366 828366 978897 775119 330983 775461 159456 511600 ,536161 978474 894366 828366 978897 775119 330983 775461 159456 410336 
551017 464843 195618 714827 25929 64177 284899 194811 966521 452539 ,551017 464843 195618 714827 25929 64177 284899 194811 966521 573006 
47026 559920 674248 675315 656286 563835 855280 675093 559800 822209 ,552630 704099 839432 846211 940709 288507 427134 676547 212860 568826 
432074 547440 879005 648761 188942 449156 950304 791169 232298 601719 ,432074 547440 879005 648761 449156 950304 791169 232298 601719 863365 
823656 927027 640733 189869 621113 540480 419125 559124 814875 36528 ,823656 927027 640733 189869 621113 540480 419125 559124 814875 36528 
250064 760869 907122 359668 571827 979857 798785 923663 500235 904776 ,359668 571827 979857 500235 979651 643878 212109 900393 231624 563670 
528805 364036 518163 524851 89922 225037 322411 81799 91363 662494 ,528805 364036 89922 225037 322411 81799 91363 68378 704113 787805 
358160 308450 286334 988340 137818 337634 526533 136554 31171 36726 ,526533 518412 269649 6353 123476 231133 406481 728012 678420 64706 
336738 81708 87328 94325 84642 310316 151203 659092 68643 363373 ,94325 363373 523479 363371 953323 823529 523512 95977 85313 96151 
759780 529009 150374 826487 941248 932818 947820 932879 338950 664648 ,759780 529009 826487 941248 932818 947820 932879 491312 227336 350390 
710154 669181 626460 836993 942330 671686 971562 560888 595679 966192 ,689705 927074 278484 191190 930789 837131 965790 216162 66195 619771 
228895 572515 572644 468816 468829 832364 879055 569060 114537 159622 ,572644 468816 468829 832364 879055 569060 114537 159622 970484 707037 
745216 171967 767402 954083 26369 830242 755522 621207 103002 115373 ,954083 667549 971224 672869 851982 896596 601270 730586 887384 373852 
67210 726455 579949 207464 660229 543257 670875 882645 100989 876273 ,67210 726455 579949 660229 543257 670875 882645 100989 876273 544654 
77751 51668 764171 935809 865243 387706 474435 751527 223922 730809 ,764171 865243 387706 474435 751527 223922 388690 522742 546296 348829 
917577 909306 644084 47271 771378 186409 650836 550600 46409 47412 ,917577 909306 644084 47271 650836 550600 46409 47412 652444 48199 
667183 584537 488134 490035 227539 69240 492617 94388 308191 232770 ,667183 584537 488134 490035 227539 69240 492617 232770 604680 503301 
523601 878165 524018 69245 524566 551703 895478 82783 535741 30530 ,524018 69245 524566 895478 358757 510423 113134 548417 721194 88621 
116604 529516 528428 991872 328528 530688 606866 940987 293832 501538 ,116604 507228 825538 247564 261601 525120 69335 926243 192565 391971 
691722 457867 629663 629081 929975 469828 692477 210106 600384 63082 ,691722 629663 469828 692477 679076 549889 751825 594293 835647 438815 
862134 871346 869866 567300 554420 540687 202156 266434 62827 497906 ,554420 540687 129399 631089 73458 606835 682870 784945 322328 363760 
953903 292921 575935 120571 586791 920188 327896 14417 793905 171178 ,953903 327896 920615 385217 573389 865880 368880 974372 770871 368217 
644207 642022 643361 643852 643272 643476 906660 760316 643655 918206 ,643852 643655 841381 516476 687029 634332 91596 831375 663284 175135 
549099 293049 425447 965125 355329 583722 756157 756461 743244 777087 ,293049 425447 965125 355329 583722 756157 756461 743244 370541 279235 
336948 531503 364205 497969 520415 718393 602690 798294 87757 532140 ,531503 497969 520415 87757 532140 780307 115076 780355 994016 89259 
584161 492447 719266 365552 472377 262029 232473 567735 433970 269661 ,584161 492447 719266 365552 262029 232473 567735 433970 269661 101249 
998875 961072 236913 240801 564517 236941 416656 161664 743614 159839 ,230895 585492 544386 659377 181547 956680 430390 200117 331448 87960 
804899 326180 209426 937004 830655 597485 919156 619896 166464 549268 ,326180 209426 937004 597485 549268 975061 205190 269468 891589 735261 
271597 52127 475239 905667 233791 52105 271483 153321 555599 641964 ,271597 52127 475239 905667 233791 52105 271483 153321 641964 969689 
793719 648046 793720 713681 553980 903381 394029 34852 87671 456247 ,793719 648046 793720 553980 903381 394029 34852 87671 403247 460299 
609978 835656 917639 404665 404662 666417 131781 979161 696666 666188 ,666188 983671 885543 664964 186307 662782 215898 224186 710238 712711 
849695 477010 797804 248686 56747 298548 578059 507555 784042 354390 ,477010 797804 298548 507555 354390 12376 893000 340652 720773 927134 
419305 844709 482817 749848 65173 762589 694843 606510 251805 213898 ,419305 749848 65173 762589 606510 251805 213898 404239 834553 888382 
643581 331861 644102 405932 495669 203413 267691 794213 675743 411725 ,643581 644102 405932 267691 794213 675743 411725 957108 754457 540764 
891630 188793 871415 502746 637411 888498 868474 443920 905019 226350 ,891630 502746 226350 863252 564758 373626 564731 265049 504860 876511 
559734 559670 474447 559678 410868 570794 246992 116749 989766 53165 ,559678 53165 415927 246806 979753 143435 570228 467733 945590 754158 
793599 965323 160106 863796 906618 732456 563986 59309 906138 598798 ,906618 59309 906138 598798 236028 724063 425251 140126 749596 146800 
322108 236381 738645 438017 262191 805451 636817 964944 679992 749789 ,322108 236381 738645 438017 805451 964944 152716 279579 264963 699772 
468739 313360 34981 702663 985229 493617 993311 762417 495065 516053 ,702663 985229 493617 762417 274054 195238 910173 395505 967015 299497 
248124 895675 998720 57001 36330 946149 516736 895528 733545 736644 ,895675 998720 57001 36330 946149 516736 895528 733545 636915 931545 
806145 160630 158172 63929 464840 723119 637815 942684 114362 238938 ,160630 158172 723119 637815 942684 114362 238938 720846 832906 407172 
758443 567084 158442 140476 468876 568570 830263 757371 759670 759362 ,758443 568798 557668 768725 113649 611505 611526 129649 713921 467347 
492447 278723 932467 515293 83056 151358 516008 569187 250332 354314 ,492447 278723 83056 569187 490797 522441 609688 271797 483751 495728 
293539 723830 384 100468 973348 786318 221525 600758 274159 198867 ,293539 723830 384 100468 973348 786318 221525 274159 973191 830673 
29909 685466 701057 667033 544466 699788 44458 672595 538783 604317 ,544466 699788 672595 538783 8305 666817 541532 665465 29457 39111 
755364 961447 969813 889198 472565 181480 443820 833606 653285 556465 ,755364 969813 472565 181480 443820 833606 653285 889316 904928 554016 
169906 501564 534515 280778 530165 269661 84335 573359 122036 467341 ,534515 573359 183331 573184 241457 294346 122642 187485 280991 98903 
968941 20410 244166 800838 20588 21374 896924 718208 534378 282661 ,244166 419384 175526 727886 433722 545444 389288 351826 281631 566201 
446510 446679 445721 446200 446642 445782 445503 447225 907510 446683 ,445276 655902 445778 657534 445471 38006 442681 937735 974046 424149 
732547 732641 777180 953198 611528 604604 605384 324556 906314 194340 ,732547 732641 611528 605384 324556 419909 941379 535040 742780 82142 
452364 141999 982363 599381 359697 496034 401013 659771 832914 430632 ,452364 141999 659771 832914 430632 569971 780311 946520 659926 140481 
893089 901328 42825 456335 563086 47927 587681 695903 42686 378772 ,489368 649495 437719 43026 97879 729303 978313 743804 634321 857990 
307259 296571 292957 130485 110253 111148 804623 789003 328197 149149 ,296571 292957 130485 110253 111148 804623 789003 328197 149149 357531 
413389 364344 703645 369050 245868 125003 125008 362123 778974 33498 ,413389 364344 703645 245868 125003 125008 362123 33498 440339 1900 
571819 351783 287253 174621 497448 983713 664959 89595 87316 977349 ,351783 174621 89595 87316 58745 411068 514995 526467 15827 496918 
232899 203759 233114 245616 294411 19729 488205 628384 234837 602603 ,232899 294411 19729 488205 628384 234837 602603 645272 945553 30346 
721286 504645 960207 23357 448803 93924 911787 425938 15323 140675 ,960207 93924 140675 561186 169629 489722 399755 111179 173272 153246 
891146 890542 137847 248383 482655 564816 503047 775229 449715 562102 ,891146 890542 137847 248383 482655 564816 503047 775229 449715 396401 
399903 960740 620086 894957 250180 982834 717104 248973 25481 403174 ,399903 960740 620086 894957 250180 717104 248973 25481 403174 640338 
839816 249771 42064 117977 955908 54001 704935 831360 572407 416139 ,839816 42064 955908 54001 704935 416139 542758 362375 543350 697808 
152786 34888 228104 775725 548397 243484 9366 380242 128798 75669 ,152786 34888 228104 775725 548397 243484 380242 128798 75669 547663 
116990 13039 752570 966996 13523 884852 14860 941553 837126 713492 ,752570 13523 14860 837126 713492 354813 595617 705272 184029 488642 
785643 189646 938938 428114 472323 67708 563269 208906 245739 399949 ,428114 472323 563269 399949 573179 144792 518189 534274 333354 398312 
478651 753932 509004 258105 821236 910587 139727 496372 596336 579398 ,478651 753932 258105 139727 596336 579398 678123 235851 754032 992064 
833208 223485 223579 519872 417065 524249 930430 607145 911448 634669 ,833208 223579 519872 417065 607145 911448 634669 225656 14321 843108 
59428 71223 491319 185749 967754 615885 296562 465580 372265 510375 ,59428 71223 491319 185749 615885 296562 465580 372265 679029 233579 
158044 82428 282010 234391 281142 295847 279724 688762 541557 76271 ,158044 82428 234391 281142 279724 541557 76271 511686 696460 368089 
294394 315679 953835 323261 15397 625363 123689 425726 317125 629103 ,315679 953835 323261 15397 123689 425726 317125 310261 314917 61137 
342926 306767 948799 13350 282971 351573 153581 513358 110872 461473 ,13350 63744 873780 533623 80901 530061 860876 719796 92114 970640 
281168 317756 436009 1121 455299 510592 717179 525649 500693 711035 ,317756 436009 1121 455299 717179 500693 703321 112015 616004 390289 
108608 126547 591430 115886 18688 245909 627848 154511 177331 706530 ,591430 177331 32554 4984 947660 741678 225766 348731 34362 929363 
189140 188936 236994 227307 757326 714214 237968 708498 25952 695024 ,714214 443793 861519 422947 306020 245616 777459 132117 5997 47710 
679750 261635 494274 790013 721686 505622 495805 452568 569023 172091 ,494274 569023 951145 926740 942503 614273 940695 406950 168601 595903 
443772 443656 444006 443946 444269 824546 443679 910827 444343 444940 ,443679 567852 443748 364270 785532 637490 422599 443637 23586 648247 
654226 673284 443331 699235 675888 447034 673447 825257 672642 853672 ,654226 673284 447034 699788 699018 541532 27939 102010 539680 666873 
279674 57605 790838 624665 228905 625595 58827 458018 391971 152100 ,790838 953708 350781 552266 686168 518341 516473 53487 83944 313961 
789962 572413 423381 421307 925424 793189 207773 570998 402036 423277 ,793189 207773 568983 913050 655060 767893 656919 38302 667612 112784 
167804 719158 719165 168768 377286 96411 292721 519876 123625 716515 ,167804 719158 719165 377286 716515 242091 945257 283721 811182 363380 
314980 148962 187831 966609 715135 552229 493651 819025 179157 608416 ,314980 187831 966609 715135 552229 493651 819025 608416 714492 115370 
755207 368522 123444 42087 237468 112600 832900 342152 83375 964901 ,123444 42087 237468 112600 832900 342152 184599 813962 850575 279459 
501798 283231 912682 754356 36610 661882 71923 458449 502092 912595 ,283231 912682 36610 71923 458449 502092 912595 976229 665128 936369 
623265 794663 446443 135824 833153 720510 567692 402808 914149 670488 ,623265 794663 720510 402808 670488 679245 144047 114197 763300 657141 
559084 559118 519251 478096 463524 699687 641536 567642 699616 212653 ,559084 559118 519251 478096 463524 699687 641536 212653 641983 503694 
631308 840410 398009 831627 741846 315188 989438 958800 157125 689705 ,840410 398009 989438 689705 868328 860217 927074 518805 951069 246314 
547149 639206 474154 369944 988174 692279 770206 718064 722157 39993 ,770206 718064 187463 354376 913722 345213 973737 214139 612616 394426 
422547 30216 443658 30067 308223 55856 413804 389808 572723 690820 ,422547 30216 55856 685028 426531 566297 336746 722928 30574 517332 
603954 192390 99263 754681 99216 970484 447147 937900 446488 871630 ,603954 99263 99216 447147 446488 871630 952643 24722 852772 115374 
620945 198999 637815 99094 125318 725924 620514 265903 440227 79810 ,198999 637815 125318 620514 440227 815132 707410 19513 397647 399635 
867152 53102 935219 956016 136271 286395 702621 563583 934137 575972 ,867152 53102 956016 136271 286395 702621 563583 316050 136526 589649 
193014 114911 660965 337325 634607 281356 596182 76322 634540 121063 ,193014 660965 337325 634607 596182 634540 431656 266309 523972 522720 
508378 799253 972563 797417 521962 572235 658232 485235 105754 797333 ,799253 972563 797417 521962 572235 658232 797333 346670 96734 917267 
600507 633642 193507 301824 127274 246130 635796 272347 180478 205195 ,600507 633642 193507 301824 127274 635796 272347 180478 636714 681387 
235 196 841184 61438 340268 180430 385982 386503 604810 12654 ,220186 500595 180926 960718 280222 796179 337779 497151 430355 391547 
636833 814716 818601 815352 487392 487433 814664 815323 156623 129612 ,636833 814716 818601 815352 487392 487433 814664 815323 156623 129612 
46403 121317 581693 885256 109680 494151 341072 460981 699850 393189 ,46403 121317 581693 109680 494151 460981 699850 393189 59443 507693 
394751 470991 473610 131395 815537 481066 678687 516537 174755 190286 ,473610 131395 481066 516537 174755 190286 603666 426244 755295 127219 
119068 657903 775122 167641 871165 661366 326720 469391 33792 32346 ,119068 657903 661366 326720 469391 33792 32346 155857 920086 889990 
75485 706632 97694 957276 85750 225045 973322 98376 106801 97571 ,97694 957276 85750 225045 973322 98376 97571 550679 946608 352195 
827615 943451 409310 386350 993338 87624 769242 682653 88370 872235 ,386350 507536 635413 422283 754981 803510 52679 459529 217133 800077 
622625 557743 791810 824463 618434 294375 496962 273472 796300 435876 ,622625 557743 791810 618434 273472 435876 433104 577825 403783 243332 
582321 92520 558238 452255 101705 934368 70808 805082 617264 935264 ,92520 558238 934368 805082 617264 935264 159433 575700 322978 372084 
991194 288253 929695 12968 14953 967728 489302 16440 6854 849735 ,288253 929695 14953 967728 489302 16440 267373 274061 273525 777731 
346104 119679 777741 389023 776562 164228 777224 47159 49411 964122 ,346104 119679 777741 389023 164228 777224 49411 964122 846900 319613 
901910 389269 702667 419877 315672 956782 769812 753839 51046 476254 ,901910 389269 702667 419877 315672 956782 769812 753839 51046 476254 
416683 337013 567881 599066 214705 495412 600881 337361 336910 31091 ,416683 337013 567881 599066 214705 495412 337361 336910 31091 723426 
90086 832416 94259 823745 305594 894094 261999 634518 87081 91254 ,90086 832416 94259 823745 894094 261999 91254 529057 517202 321733 
614059 612332 613251 483314 485747 844599 403739 198682 481973 843342 ,614059 612332 613251 483314 485747 844599 403739 198682 481973 843342 
328569 308064 791000 482772 504944 888231 147730 632774 790783 528963 ,328569 791000 632774 790783 528963 370556 168254 910186 589454 22828 
9521 297096 489130 739369 467170 430889 691927 312892 9555 725398 ,9521 691927 9555 255654 955247 331387 727540 465207 122348 251889 
496875 79524 363521 628403 607057 261442 430167 261427 83849 364030 ,830234 128438 716557 306383 291899 504754 44664 514159 232781 80027 
473592 694759 123880 611640 368797 971272 929819 881770 612483 793912 ,473592 123880 611640 368797 612483 793912 890800 944037 685199 527247 
35394 122977 19947 822912 30549 478687 370932 720200 474847 20938 ,35394 370932 720200 474847 120076 172088 362123 129288 724801 262605 
854227 854435 841820 842204 799800 840431 558278 675264 495123 963079 ,841820 842204 840431 558278 675264 17970 984347 868299 853523 839734 
261442 469891 261427 232781 186787 662670 363575 369636 292100 544952 ,261442 469891 261427 232781 186787 363575 369636 292100 527587 233481 
201811 752910 84942 799980 120628 337369 894760 897490 35532 227583 ,201811 752910 84942 799980 120628 897490 227583 557039 980991 367490 
477694 479596 477689 475447 476571 998685 810459 55300 849634 52212 ,477694 479596 477689 475447 476571 998685 810459 55300 849634 52212 
628153 741664 231287 155938 745440 230520 736849 737817 251635 743664 ,628153 741664 231287 155938 745440 230520 736849 737817 251635 358071 
445441 676468 45579 676130 675924 675685 827603 676653 446364 768147 ,445441 676468 45579 675924 675685 827603 676653 446364 768147 445389 
968470 740827 520371 366413 5078 433393 719727 263519 783164 148547 ,968470 740827 366413 433393 719727 263519 148547 246757 593533 140772 
675697 351541 373702 293010 830984 377459 152938 351908 866136 799490 ,675697 351541 373702 293010 830984 152938 351908 866136 799490 960467 
818673 110455 873481 240180 505290 791162 964720 658876 920409 70485 ,304287 932256 917743 24868 589474 532432 257178 748243 255322 810189 
633119 792761 635559 525190 429612 84862 636405 153036 510278 520741 ,633119 792761 635559 525190 84862 636405 153036 520741 96537 117578 
16530 791392 925543 30303 300705 698429 67496 299870 340271 55822 ,925543 300705 698429 299870 55822 342694 291989 605329 354388 632971 
295185 669498 830689 417088 295530 812069 586396 9801 724749 482595 ,830689 295530 9801 724749 482595 924129 376721 233825 585052 505547 
888146 804838 251168 283176 599402 489825 259377 263613 406002 487002 ,804838 406002 69731 504342 451932 888728 934624 441755 143361 891197 
859937 325656 455509 4445 730283 297145 883363 236767 737814 143165 ,859937 325656 4445 730283 883363 737814 988521 247209 332239 182001 
452808 714065 782222 825747 407689 404297 318568 790106 44523 826852 ,452808 714065 782222 825747 404297 790106 826852 777379 808957 483198 
732081 329438 388007 424462 420597 514202 108969 822826 557226 987359 ,329438 388007 424462 420597 514202 108969 822826 633774 623034 954578 
865022 950301 843292 873457 859762 141577 761023 866533 724980 637720 ,843292 859762 141577 866533 637720 715119 410125 971223 453289 621208 
868171 199146 277962 100049 67151 830276 863704 594094 748471 686201 ,868171 199146 67151 863704 594094 693055 201842 830535 800577 531479 
848340 856758 980263 857567 957638 856246 394744 961281 227467 974137 ,857567 863648 545310 957733 872646 858087 653263 980638 836892 481381 
77859 396135 965781 596813 396635 240366 912388 94250 248109 305709 ,94250 248109 295368 630210 59715 115420 125198 124257 464224 164175 
613290 612178 612529 389225 460279 612219 612911 926972 718152 611536 ,613290 612529 612911 926972 718152 611536 10755 402309 718294 576907 
287657 922072 967709 887842 820587 956351 131659 994002 598092 302166 ,922072 884660 754376 613214 84784 514627 162572 542367 111826 241055 
610751 277255 390866 265512 569375 698779 233807 309546 459263 728652 ,610751 277255 265512 569375 698779 233807 728652 979901 957005 265588 
293174 157775 581297 900095 497128 30542 799487 261818 608059 554951 ,293174 157775 581297 497128 30542 799487 261818 608059 554951 324373 
664124 880959 437972 730749 842969 182823 537040 682981 70533 249273 ,437972 730749 842969 537040 682981 70533 845055 430464 124169 131530 
36720 364402 483844 782162 883427 950765 116377 883659 411165 10722 ,364402 883427 116377 883659 10722 284241 629425 629565 74440 599161 
679287 65752 716128 57206 46914 108142 978967 476687 285844 55378 ,679287 65752 57206 46914 108142 476687 285844 54919 737991 55329 
937592 806465 102780 923591 17244 369931 470782 735222 806879 313469 ,937592 470782 313469 66237 177727 335637 805654 713559 434464 19374 
170797 765106 658599 108819 683622 461607 461058 455367 146783 93295 ,170797 658599 108819 169004 620 533707 713962 712123 630920 69594 
749157 749889 553593 801741 738455 595507 738851 835607 691019 89096 ,749157 801741 595507 691019 89096 727352 752504 487840 371910 89785 
274317 883865 510742 11319 457613 282669 160031 98961 521446 947692 ,274317 883865 510742 457613 160031 98961 665274 110190 631676 580400 
843135 634168 207150 96266 798139 802047 690644 13837 202067 15517 ,843135 207150 13837 15517 618801 512554 695701 401873 113854 804756 
111647 522538 212614 212514 599448 82062 219632 157261 633203 659954 ,111647 522538 212614 212514 82062 219632 659954 165333 163314 44790 
549433 61456 367544 345521 306708 492444 548206 17837 686906 405671 ,271645 684668 464224 366261 21941 279927 577063 789140 701368 319060 
373437 47271 133725 183923 733288 423973 644915 655006 736736 744375 ,373437 47271 133725 183923 733288 423973 644915 655006 736736 744375 
447657 952858 448218 824785 673412 446637 445933 666756 447147 912286 ,447657 952858 448218 824785 446637 445933 666756 447147 912286 849088 
554975 987651 795998 158331 127415 966465 106481 900153 348287 650625 ,348287 650625 199376 341119 305502 646355 650273 911192 314355 183834 
488236 501995 944426 555511 356928 285758 25826 365680 904772 286757 ,488236 501995 555511 356928 25826 904772 308025 251173 26354 927053 
969102 311505 509381 172864 478982 434845 225307 968723 363418 196130 ,172864 478982 434845 196130 274946 455892 200447 264725 69257 380177 
199508 278324 71850 636704 50441 120306 613923 236275 426026 162572 ,199508 278324 71850 613923 236275 602127 302182 405320 540921 332529 
423577 994922 616363 654000 472805 654320 473529 656333 473455 978657 ,186614 656698 789988 905522 652631 836225 655630 655098 993819 654983 
241101 331078 178594 399468 423988 40386 633839 763957 113942 337814 ,241101 423988 633839 337814 925586 302274 990093 238226 723467 233203 
524946 520741 510278 83911 566409 306383 261442 451523 261427 526670 ,510278 124453 662627 496282 859362 232665 131101 749473 428456 55537 
666687 666910 716873 854942 646011 764052 641819 824972 995858 443589 ,666687 666910 716873 646011 764052 641819 824972 995858 443589 781471 
905568 446607 446092 446030 952185 958096 670830 681824 102316 594377 ,905568 446607 446092 446030 952185 958096 670830 681824 594377 893382 
43021 655064 905634 960049 476876 477005 885218 476566 656873 781641 ,721109 667383 914601 657168 552190 991425 421731 767906 655507 767967 
570906 585042 477038 85542 873485 88103 598735 476188 756185 307868 ,477038 88103 476188 685470 864437 76703 904677 891070 873870 799821 
917398 154450 482130 633363 722225 847264 73261 710470 503047 440236 ,154450 633363 722225 847264 73261 503047 606697 490814 654458 966229 
612423 500693 214695 110634 120864 841183 200017 111525 317574 95709 ,140456 690991 278056 63013 241457 232665 532645 258273 942976 175036 
790393 197095 272900 45190 698501 947511 951150 250646 785704 804661 ,790393 272900 45190 698501 947511 951150 250646 804661 465329 194947 
18792 458802 340257 17823 519511 919436 511947 196874 786668 971723 ,18792 458802 340257 919436 511947 196874 786668 971723 143356 435346 
98820 826097 883609 358664 349968 528874 365082 279461 524127 432958 ,98820 826097 883609 358664 349968 528874 279461 524127 950297 127972 
973087 835384 162675 257554 228545 150632 860008 625980 675401 392008 ,835384 860008 675401 336068 13156 561186 401744 198155 839152 15196 
858536 847432 134616 331543 715667 373033 690159 39550 289083 246143 ,858536 847432 134616 331543 715667 373033 39550 289083 246143 771490 
996667 159305 904833 40712 510831 765656 516141 645954 827147 677268 ,996667 40712 510831 516141 645954 827147 677080 198795 404429 989255 
611903 830204 612280 611805 660242 830171 374537 891711 24532 556557 ,611903 830204 612280 660242 830171 374537 24532 556557 613879 958098 
679967 177881 245288 242597 294141 596462 413322 353052 67989 772316 ,679967 242597 596462 413322 772316 223070 808638 514255 95923 583942 
698922 609255 369261 324723 57835 518651 845853 324330 516903 600692 ,698922 369261 57835 845853 600692 708941 247022 485741 974731 719089 
494580 450793 505690 772272 471897 749876 295621 814899 526961 823639 ,471897 430919 663727 4738 615561 998969 376277 638079 80187 160404 
246571 675698 391017 476679 554789 864894 476768 555043 865059 426568 ,246571 675698 391017 476679 554789 476768 555043 426568 298994 111580 
84335 430245 286143 429318 430373 699074 298063 291952 212361 300462 ,84335 132117 689008 319120 363417 631828 244993 287190 246598 452749 
989334 138194 729612 844912 691652 880534 195749 274565 595029 243412 ,989334 729612 880534 274565 595029 243412 916146 698945 933320 992745 
773463 715006 263557 123853 534309 651962 394277 531827 151105 61657 ,773463 123853 534309 651962 61657 241852 874701 565624 793604 108070 
219796 445042 299731 998770 736248 482724 564776 446204 80459 483900 ,445199 308881 518786 9616 606775 325689 582711 502330 307376 607086 
514968 773351 526292 233604 514864 151705 979044 59655 201540 60874 ,526292 110603 335415 752439 749775 312850 346986 518737 91296 323837 
916317 729990 915420 285650 75307 374192 758288 594679 374117 874215 ,916317 729990 915420 285650 75307 374192 758288 594679 374117 374514 
884478 883286 264772 753626 628868 214366 378198 182493 322931 698160 ,884478 264772 96303 487013 18444 620005 633678 379968 783850 728428 
929872 929647 136495 844819 59448 873666 434097 656209 930466 62746 ,929872 929647 136495 873666 434097 656209 930466 62746 678999 881858 
628248 970681 648069 622678 750211 678425 776499 985419 914788 971685 ,628248 970681 648069 622678 750211 678425 776499 985419 914788 971685 
569429 816275 144129 339829 254170 276787 480147 261364 820849 760954 ,569429 816275 144129 339829 254170 480147 261364 760954 517390 159245 
330514 158475 329465 547928 124823 860982 403973 810225 845315 533090 ,330514 256305 326278 979473 127968 810853 411728 326028 812757 811459 
514854 336906 278799 246494 325876 46015 615129 278682 292772 140551 ,514854 336906 278799 246494 325876 278682 140551 252066 116644 337604 
86312 785883 818792 677263 443667 322288 239989 356639 229624 602717 ,785883 356639 676021 802801 819905 337831 806966 517038 215876 176144 
691906 723030 723255 723069 18799 504698 942333 661979 726467 250082 ,691906 18799 504698 942333 661979 726467 250082 149044 664220 284185 
640666 824672 444816 634827 709414 717010 113351 890030 709100 449244 ,824672 709414 717010 113351 890030 709100 449244 632443 709633 443741 
586960 112560 493391 863641 326518 401473 530431 851979 965151 3491 ,112560 493391 863641 326518 401473 851979 965151 3491 533715 680560 
809716 271546 247783 911032 548177 908303 256263 534515 322730 770954 ,271546 247783 548177 908303 256263 534515 770954 305457 660764 122036 
58692 885363 932026 632661 396760 733627 840254 660805 932431 911539 ,58692 932026 660805 932431 432008 864028 130889 757033 74462 401309 
234697 616494 442049 197419 344615 37166 835474 390133 21614 856113 ,234697 616494 344615 835474 390133 69565 210932 157503 689691 847981 
41063 807663 70630 555636 569178 311503 340342 950998 737200 6079 ,41063 807663 555636 569178 311503 340342 950998 737200 6079 257200 
392572 841973 921199 753396 760917 880071 83839 425493 9811 805880 ,392572 753396 760917 880071 9811 390448 368741 634457 392386 382511 
793129 619116 918492 594358 902806 57474 805614 213914 820600 125918 ,538363 700594 701250 682225 902981 681296 53229 475447 31660 361664 
967675 168243 793567 405069 265828 633738 138038 911675 490563 424022 ,967675 168243 793567 265828 911675 490563 510379 866254 519315 788057 
609703 444110 445282 444270 443947 443936 443838 910852 444344 910763 ,609703 444110 445282 443947 443936 443838 910852 444344 910763 443584 
546357 976045 486074 411854 559493 534125 578809 484700 471341 557221 ,546357 976045 486074 411854 559493 534125 578809 484700 471341 557221 
196008 274824 195999 394124 864871 798821 752288 618245 152660 551005 ,196008 274824 195999 394124 864871 798821 618245 152660 551005 201454 
921210 443009 845860 919550 955116 921400 863142 768226 962218 946968 ,921210 845860 955116 863142 768226 962218 946968 940606 190644 907378 
394632 390232 659434 202178 963235 526704 246755 807393 819470 795866 ,394632 390232 659434 202178 963235 526704 246755 807393 819470 265653 
651196 647221 647408 716628 646785 649640 649522 653514 647575 653142 ,651196 647221 647408 716628 646785 649640 649522 653514 647575 653142 
948770 230946 895563 97794 833857 886845 749848 660941 433679 362361 ,948770 97794 833857 749848 433679 740224 461654 606510 283193 823856 
397469 407847 223197 414714 113753 752285 132875 798211 941491 72265 ,223197 113753 72265 339020 974107 998719 421946 701418 537340 128549 
708148 68420 523081 339360 107506 292732 90366 254081 338640 507098 ,708148 68420 523081 107506 292732 90366 254081 338640 823639 87373 
94242 714490 714113 591215 200296 264574 568242 144815 262208 596871 ,94242 714113 144815 117787 257842 927293 499060 4008 916032 966125 
108917 833076 660248 127361 851834 575366 20638 563358 366838 17676 ,833076 660248 575366 20638 563358 366838 17676 465209 138788 486108 
