GT,Result
630571 66771 144865 527448 306188 69194 247880 434885 813236 726420 ,306188 430856 287748 565027 631844 155502 109008 414453 822051 708773 
806623 681504 435287 530327 461115 376248 230267 95246 116346 71572 ,806623 435287 530327 461115 230267 116346 116522 407002 744216 408084 
98406 194743 273559 831198 651231 260640 223744 241384 629302 512438 ,273559 194743 831198 223744 241384 629302 197005 246387 204974 889006 
3136 338314 15930 210883 394640 546425 13716 913667 991683 726783 ,3136 338314 15930 546425 913667 726783 527095 193319 272135 343888 
659507 994474 318963 200754 569600 726792 245176 188778 514427 905338 ,994474 200754 726792 514205 169870 423855 279636 956838 545999 366061 
313410 107795 356684 884852 691731 128539 228005 620239 784726 488695 ,107795 128539 228005 784726 488695 134210 752082 127966 967905 576643 
423577 757176 186614 641999 657320 422891 442332 775639 425379 756934 ,442332 775639 425379 908869 819130 792513 850239 642069 786397 643031 
245178 191475 749261 852305 201301 963403 121779 678594 971758 120473 ,749261 963403 121779 971758 962473 708146 518741 867527 166845 962505 
428214 661755 428283 752447 397463 249430 667646 455967 994323 342721 ,207073 130952 541355 207608 791185 938705 479788 57424 6823 852022 
817611 632737 897799 596199 648346 121100 632434 539506 120250 657250 ,121100 539506 120250 179656 275522 968219 195160 634636 536803 949471 
257033 343459 437691 486946 247059 844891 289058 136217 502766 360402 ,257033 343459 437691 486946 289058 502766 360402 43622 275802 197371 
249454 930075 833145 516086 17970 718417 19054 859952 17110 908841 ,249454 833145 17970 718417 19054 859952 17110 888734 518268 81001 
674731 355753 907763 358942 617766 327967 534546 646345 941439 611147 ,355753 907763 617766 534546 941439 611147 996628 674423 858010 534989 
839479 947885 489897 483439 55202 50853 728173 886379 153256 409766 ,839479 947885 728173 636461 385504 855625 410960 637700 450119 921062 
90579 400468 692020 904193 320501 339788 304481 11964 232759 806527 ,90579 904193 320501 339788 304481 11964 692782 515232 904370 302187 
463833 919561 278056 801568 392887 853796 399427 268227 453953 998040 ,463833 919561 278056 392887 399427 268227 453953 200159 533429 461168 
575588 546093 79320 263868 976587 897267 92016 688474 419100 803090 ,8001 879379 326977 802036 193058 206490 750427 159183 577955 93076 
706162 735719 628201 753839 735258 367065 865001 297015 747473 328289 ,706162 628201 753839 735258 367065 297015 747473 328289 612151 239483 
69131 247272 923942 107087 312960 69110 607568 431042 636148 461085 ,923942 312960 69110 431042 636148 44282 86507 22002 336759 232408 
262243 80181 496970 62146 94429 424155 684572 705605 817883 497591 ,424155 458018 953381 105386 307276 690625 673329 518989 741784 21941 
380305 392147 432528 71814 796264 872955 888599 796906 842086 224691 ,796264 888599 796906 224691 13460 162291 125005 69391 190506 70006 
929489 390009 432124 512785 706531 706872 725467 601123 549012 176319 ,796763 466918 273628 626784 523610 58637 806918 678951 402431 740360 
248297 39386 389664 41004 604134 39115 38114 39534 887772 542788 ,513202 983547 905882 831497 38420 425445 544596 536092 447666 667508 
874481 239134 687999 712821 244205 631282 109186 957219 798668 634085 ,239134 687999 712821 631282 957219 798668 634085 616801 806440 387988 
655913 653514 649832 647575 647210 647221 800835 795760 716628 653465 ,655913 653514 649832 647575 647210 800835 795760 716628 653465 651196 
295566 201302 776584 176149 41976 407553 3225 878200 975936 982785 ,880789 38948 357960 741900 976988 409051 290060 797376 430336 608378 
51072 51881 506825 303505 639919 258625 207461 56539 475675 51789 ,51072 506825 303505 639919 258625 582686 921752 771053 198352 348049 
655296 937914 938027 781548 773028 184453 442700 553345 568359 148577 ,655296 781548 773028 184453 927644 633166 605728 143526 667923 495149 
829185 824900 852772 853146 447339 190708 446462 113234 952858 443139 ,829185 824900 852772 853146 447339 190708 446462 113234 952858 899451 
324605 439418 354974 525286 750503 410915 831152 468258 411117 987604 ,324605 354974 525286 410915 831152 468258 411117 987604 74687 660491 
707488 275650 865905 197538 482345 204828 224134 199535 746565 865924 ,197538 204828 224134 199535 253547 578809 270081 493134 661927 724980 
59456 90780 233197 409624 656577 6352 593727 82200 711688 5133 ,233197 6352 593727 82200 5133 656281 981346 391473 322437 442433 
773259 945875 395670 143370 155846 588079 115447 345646 174161 368771 ,773259 143370 155846 588079 174161 368771 89438 387154 320268 475954 
586094 157408 388689 886113 604193 947225 433452 174068 439271 695522 ,126398 961612 167513 681302 108111 384301 327641 918398 710568 126568 
92849 85392 740641 84813 614878 29943 982417 638079 815392 638028 ,29943 815392 663727 356869 348831 525659 525217 821921 29939 815524 
488699 16650 916009 869122 667838 702993 688337 20322 13424 929647 ,488699 16650 916009 869122 667838 702993 688337 20322 13424 929647 
795915 9552 416401 214332 954001 21445 287932 182395 623398 68385 ,109456 780498 398335 683276 431390 102160 298559 206048 706745 12664 
182924 748290 842291 106889 206339 711579 393022 834915 961709 853621 ,182924 748290 842291 106889 711579 393022 834915 989100 892600 522864 
280351 281256 497899 450541 633110 33357 322918 365357 279950 64255 ,280351 281256 497899 633110 322918 365357 64255 421596 481339 509861 
786644 855059 855191 388730 933958 939859 641536 677367 644251 773128 ,786644 855059 855191 388730 933958 939859 641536 677367 644251 773128 
509862 397083 188237 117032 719771 830984 841233 460857 284835 414340 ,509862 188237 117032 719771 830984 841233 284835 509645 573194 281670 
307872 32170 68368 699300 698222 68576 525338 559569 743097 400588 ,68576 525338 400588 326196 396857 738444 323245 520724 121929 352508 
429639 763526 292081 296013 534551 808583 685169 429320 104726 321703 ,232833 385064 292903 920674 295106 340776 263205 235096 265563 262921 
361902 36923 145883 198327 277143 532665 330772 595757 501713 37223 ,596422 708613 92704 601848 851859 607784 114457 145309 11604 439816 
377619 973404 236993 246080 321829 364464 322265 172864 487472 237249 ,377619 236993 246080 364464 322265 487472 237249 352913 808530 497993 
586929 853369 682046 407992 887536 795570 289895 624761 698435 944294 ,537676 823343 120688 695242 839214 773314 314218 269707 888828 659619 
922439 664612 337586 194383 850304 415606 67990 9801 921857 290489 ,922439 664612 337586 194383 850304 415606 67990 9801 290489 920567 
30220 472380 530479 473329 635559 471896 472893 188528 747427 473331 ,30220 473329 635559 471896 188528 473331 747009 322827 698361 823669 
645519 409781 644833 768650 43644 874752 809584 421945 189923 74545 ,645519 409781 644833 768650 43644 874752 809584 421945 189923 74545 
647993 112386 834730 554321 539420 727084 459024 894452 890687 836835 ,647993 834730 890687 836835 257785 764310 875707 89319 852344 628166 
364309 730320 364982 206638 992426 540669 528408 212566 295217 96374 ,340014 90433 270714 453208 501872 151217 83152 237305 630878 727733 
365895 151153 994016 323999 679678 294650 254067 242673 678950 719737 ,365895 151153 679678 678950 671087 23544 14093 190498 307452 407157 
797847 649444 650682 649690 647580 650670 647547 798397 473598 803312 ,797847 649444 650682 649690 650670 647547 798397 473598 803312 647884 
828089 403973 64037 256767 653827 560453 65663 917211 882898 857179 ,828089 689722 451018 399904 881206 997931 618467 649450 102494 668534 
513537 210178 888664 585644 198592 580497 329263 929471 338616 538759 ,513537 888664 580497 329263 929471 326192 874049 865530 868851 473967 
407077 619853 89427 149429 180770 66884 524283 63691 84170 66514 ,639751 449216 190435 626784 525045 226036 431715 478510 172408 719372 
2698 522924 435196 513613 691798 524868 686334 874785 769286 791286 ,2698 874785 791286 139210 603547 139967 1247 60027 628653 6056 
468860 7766 428568 417556 38811 953037 38033 885217 906865 207729 ,468860 7766 38811 953037 38033 885217 906865 207729 468873 38181 
491312 492945 785772 813254 725857 150374 397022 616389 321473 645314 ,30328 177271 535467 613059 504896 498236 338950 614487 713162 552492 
987325 847785 846999 851480 204267 885683 772053 986678 151 985869 ,987325 847785 846999 851480 885683 986678 151 985869 706308 257690 
505593 537705 255169 349868 363277 974954 852242 980105 477726 290564 ,505593 537705 255169 349868 363277 974954 852242 617200 351813 492487 
242536 625553 268255 902056 203825 671460 828028 20840 170195 210893 ,268255 902056 671460 828028 20840 170195 208631 679155 364517 419566 
756531 676145 648011 760010 852341 993328 840254 734486 332603 284252 ,338219 840148 192020 949000 541684 838295 675587 240368 854167 994606 
641534 865774 832422 120332 894135 735666 800620 53548 763130 935872 ,641534 832422 735666 800620 53548 935872 55683 389155 50001 194878 
763531 26007 734235 306625 663476 522453 293072 294596 325403 219596 ,763531 26007 306625 663476 522453 293072 294596 325403 529083 88575 
901252 125069 892108 470719 683137 95919 95478 227252 117115 714344 ,901252 892108 117115 385062 639400 27704 415753 898397 560656 222423 
754398 516507 23608 607568 83405 643948 502064 905614 716063 246537 ,541355 912239 207980 107596 809350 479001 44683 779541 502297 338770 
572925 213136 573012 607113 660764 232288 912802 496729 805863 452921 ,572925 213136 607113 912802 452921 136881 376233 232392 176650 459085 
253798 668040 801304 656791 358943 15409 247720 668227 885751 942410 ,668040 656791 247720 668227 885751 942410 942991 842044 920095 981282 
755956 991876 757668 760532 757774 673033 992728 986438 190750 856144 ,755956 991876 757668 760532 757774 673033 992728 986438 190750 856144 
713000 722398 958751 356455 609971 279963 458425 863629 515941 282226 ,713000 722398 958751 279963 140337 645176 965705 906402 607343 682376 
462652 534179 393753 851692 988925 208594 683956 201419 683774 106196 ,462652 534179 851692 683956 106196 15789 274293 509857 438873 214794 
389357 683298 733849 898390 647193 389762 318022 900374 298404 553486 ,389357 683298 733849 898390 318022 900374 298404 847788 958698 7227 
833954 255315 113180 468829 961196 615749 720702 247799 248525 832364 ,833954 255315 468829 961196 615749 720702 247799 248525 832364 468816 
577488 316055 578111 803922 179772 726280 594740 538577 579634 594431 ,577488 316055 803922 179772 538577 579634 594431 498907 193295 404260 
850676 760297 952958 841235 897713 611042 328588 846730 835916 468899 ,841235 765122 969968 558024 568168 776520 568068 556061 568413 589060 
958327 644695 429325 879258 765182 654539 787768 816801 643731 814297 ,958327 816801 643731 958321 657744 979651 420984 804479 536923 103752 
782218 798006 810256 656479 678943 511835 121794 87204 522219 662790 ,798006 656479 678943 511835 121794 87204 522219 308658 433541 395530 
354762 504247 502615 122470 293652 514852 609053 280939 791873 298633 ,254213 631693 663338 491948 783291 305983 447841 363453 80259 281070 
182877 481830 94644 251876 252629 523797 678327 892987 879861 62543 ,182877 481830 94644 251876 523797 678327 892987 879861 390405 473818 
573793 698938 690916 491402 137043 429489 339834 616207 431363 624779 ,277213 151396 864195 152456 430692 529125 517630 490003 76707 470233 
598225 508658 890446 99440 502375 879217 224860 701710 858883 274019 ,598225 99440 502375 274019 110613 433615 566140 297488 522073 862477 
652579 607115 211080 607156 779883 922458 426767 155808 953290 137586 ,652579 607115 211080 607156 779883 922458 426767 155808 779051 477130 
102202 23865 967002 215723 911817 929625 845529 465402 565506 930312 ,465402 422785 49454 422646 831923 953409 330699 821736 803238 784805 
641555 216963 837458 640666 638633 717010 216421 444689 444412 851267 ,641555 216963 837458 640666 638633 717010 216421 444689 444412 851267 
714518 571112 890962 410107 85518 156915 352816 410573 296768 681263 ,187414 888362 376715 301378 312490 608035 888820 535377 842916 36813 
278954 279513 262030 503895 230415 292134 292229 339114 305431 452228 ,278954 279513 262030 503895 230415 292134 292229 305431 452228 452286 
435674 470800 76481 792724 95706 153498 383373 771471 174864 505690 ,76481 76080 371838 318965 518938 305458 154506 321775 426877 767717 
439786 225985 368282 95173 448412 352199 831250 587820 346521 841164 ,368282 95173 448412 352199 841164 356014 590827 146519 938929 230996 
862003 892330 656851 535244 284404 861378 40603 563688 969211 960993 ,892330 656851 535244 284404 861378 969211 960993 480906 717898 989476 
139503 485313 15690 260952 137099 486233 822280 302511 209885 855799 ,139503 485313 15690 137099 486233 822280 209885 75501 102322 263341 
530987 809386 529014 208300 720355 515627 978044 723344 864975 342446 ,530987 529014 208300 515627 749453 941164 64720 982412 2386 336448 
68957 780492 452922 933517 350999 103512 494662 278722 323560 982492 ,68957 494662 278722 982492 566531 609881 810038 338477 929119 771604 
845986 116007 279159 977360 736656 514719 16428 696568 95168 977416 ,845986 116007 977360 736656 514719 16428 696568 95168 977416 458645 
334307 522825 265078 309528 313158 310537 87456 586401 289380 329733 ,334307 522825 87456 289380 329733 508257 964436 639568 115198 379182 
722960 43903 534485 95088 193471 603454 159077 43922 469838 496752 ,722960 534485 95088 193471 603454 159077 496752 60838 416605 469103 
315498 665034 180502 599204 520473 242774 308222 519837 345521 322779 ,397453 77353 106266 178543 200005 354719 497205 470137 157681 860123 
258711 960534 961862 758594 971124 104179 837763 604263 759330 649047 ,258711 960534 961862 758594 971124 104179 837763 759330 649047 757756 
191004 568828 830326 373736 999166 27395 569542 375237 613966 824414 ,191004 568828 830326 373736 999166 27395 569542 375237 613966 610162 
345576 68141 972285 301440 903327 348078 917650 157114 236377 345369 ,345576 348078 917650 345369 321821 321529 305890 847193 463125 398087 
795293 69273 873434 454964 455276 707173 62344 115584 628179 152170 ,799549 238407 586829 262515 584124 515222 546138 175640 239499 242393 
843901 808894 385574 218028 791521 892677 577443 579646 549059 235974 ,843901 808894 218028 791521 577443 579646 549059 176083 983884 666380 
539041 538930 488465 554981 565684 198890 594308 719282 719294 779338 ,539041 488465 554981 565684 198890 594308 719282 719294 779338 486077 
424398 655531 838182 715282 689543 570128 464888 646763 955071 357800 ,655531 838182 689543 646763 955071 357800 58550 819178 838418 752447 
938139 954766 581 343616 730840 97867 1641 438603 548708 118361 ,730840 118361 197975 544820 917617 466136 930946 510592 196874 368364 
205065 269343 983450 921091 504236 71022 197925 598099 166475 597836 ,269343 71022 166475 273192 868821 383726 834758 912927 100775 550425 
344975 804967 357052 764572 199800 734342 737480 974792 845028 811768 ,344975 764572 734342 737480 845028 246603 343946 517483 917329 811565 
903354 79858 80057 305757 716970 412517 316066 574238 375595 719660 ,903354 79858 80057 305757 412517 316066 574238 232721 895571 895346 
278550 275454 430045 570081 864775 570365 405884 867933 58542 343295 ,275454 430045 871470 197821 456237 842580 224815 201301 548022 842891 
628284 994944 655036 427946 885452 900672 306554 374832 912118 699048 ,628284 994944 655036 900672 374832 699048 678248 171404 737976 656730 
929845 857179 272972 823289 223783 561025 970621 2578 840345 919242 ,929845 561025 162748 987634 386664 15392 347787 102494 478907 82190 
777000 695461 689210 534393 829133 300463 29692 112537 406942 78492 ,829133 112537 406942 662110 168467 418618 508033 234212 469571 742787 
660740 838183 224725 395920 843392 540909 319622 424711 224086 163226 ,660740 224725 843392 540909 319622 424711 224086 881457 141820 554701 
432941 822117 116798 521443 400149 508686 34791 121169 27727 747730 ,521443 508686 732838 682419 784626 179280 692903 682951 155138 548736 
714531 282023 373484 373371 215989 423001 373345 682870 140835 323979 ,373484 373371 215989 373345 682870 140835 323979 101874 337610 267692 
130203 454496 469734 749553 749053 476443 72426 231415 930873 517445 ,749553 476443 517445 3763 166568 249419 508098 73494 702501 110757 
677413 997715 112623 822006 111780 804023 237515 502320 883561 417550 ,112623 822006 111780 237515 502320 615242 305052 124181 673899 614971 
83468 77740 43941 103425 30320 321809 4488 363846 231758 241313 ,83468 77740 103425 30320 321809 363846 241313 340560 305537 496774 
157525 54045 348602 540723 999723 749517 352787 275423 45564 309042 ,540723 334353 93665 308822 246911 262378 142669 663621 472568 352476 
232951 232966 232932 33294 317378 498760 15474 432509 160647 484031 ,519702 389880 1152 495067 181428 706013 730938 712222 274884 842583 
765284 767016 997680 646331 990250 104000 768972 824583 102513 102645 ,765284 767016 997680 646331 990250 104000 768972 824583 102513 102645 
537889 254381 232700 414457 886518 232380 828682 828342 861165 869410 ,254381 414457 886518 828682 828342 869410 64587 886561 678833 259849 
599249 721084 468760 655285 417338 654214 654304 965292 571509 717382 ,599249 721084 655285 417338 654214 965292 717382 442741 762778 770360 
381582 381024 363917 948529 314094 338765 534378 302073 926677 55813 ,948529 314094 55813 496034 380518 465701 63743 974514 511546 969041 
4821 428626 305232 526093 16514 708463 670362 73374 790928 724575 ,4821 305232 526093 16514 670362 790928 192558 690029 520566 285745 
428124 896205 29631 713673 247076 770378 897558 122716 105566 942542 ,955593 607442 990471 717693 640221 327933 733139 656546 38625 654460 
514779 67580 600267 514451 258683 64814 992403 796681 21347 217371 ,514779 67580 600267 514451 64814 992403 796681 21347 217371 930509 
743028 454363 47771 575765 153443 164938 790278 750434 287631 865421 ,743028 454363 47771 575765 153443 750434 865421 412640 226460 673071 
845586 746316 913294 608409 435275 281215 547807 600072 845626 461544 ,845586 746316 435275 281215 547807 600072 779362 765448 221143 661554 
477069 572748 572753 411037 629100 125015 108701 160060 722886 143542 ,572748 411037 629100 722886 143542 803680 332213 125427 477422 284247 
666384 666138 214321 176547 677202 208378 47449 423973 217524 450838 ,176547 214438 286824 765403 610700 352074 736611 169246 610909 967549 
749553 195020 518786 749053 483063 841334 337259 20107 759247 2209 ,749053 249419 13710 634573 965556 31262 535125 529287 49679 797333 
381697 611215 80537 972468 488805 700054 579424 991773 399733 489587 ,381697 611215 972468 713921 610865 295914 350818 772149 242737 710044 
553482 861116 314552 315363 261007 846649 570512 369409 225143 224043 ,553482 861116 846649 369409 224043 985053 165015 289413 878509 707113 
673278 544266 24229 610590 874416 478410 996791 835170 672470 641040 ,673278 544266 667275 890314 190705 445963 768318 543291 604033 673332 
435674 95706 518938 383373 174864 505690 76481 220281 338866 470800 ,435674 95706 518938 174864 505690 76481 220281 338866 470800 550264 
861744 862148 984281 972301 362816 665045 964475 677185 983847 554150 ,862148 984281 362816 665045 983847 554150 283809 486989 975520 992489 
732440 339384 356044 606889 590303 606965 476797 337646 430472 794573 ,339384 356044 606889 606965 337646 794573 953422 208809 507618 465243 
516498 663514 843163 100232 845860 16444 609106 996925 198545 994257 ,516498 843163 16444 609106 996925 198545 997534 512136 931606 523827 
606338 335889 508600 264195 451108 264661 736769 199947 822360 339634 ,606338 335889 508600 264195 451108 264661 736769 199947 822360 339634 
327926 796300 290372 551470 982026 791188 390008 589400 413979 108188 ,430407 322376 17504 281631 566201 20329 546373 174828 122191 634101 
403060 881236 732692 295567 362531 194799 402807 752169 650650 140525 ,403060 881236 362531 194799 402807 752169 650650 140525 758735 369836 
740600 179935 679416 132286 234631 394238 104315 938109 150650 574247 ,740600 179935 234631 394238 150650 918160 164556 264464 966910 432548 
58005 594118 710270 869181 925371 893358 681403 899281 246686 896849 ,58005 594118 710270 925371 893358 681403 246686 896849 608112 562628 
267745 438758 3811 924775 736020 123147 404527 270562 72750 598686 ,438758 924775 123147 709121 546989 842427 435013 703055 224320 488003 
529273 528951 529514 530014 430407 528425 529083 525639 151208 528515 ,529273 525639 151208 531415 336738 662730 430952 79495 220186 82930 
72028 859689 926291 545130 47089 312198 324144 62934 467937 154180 ,72028 859689 47089 324144 62934 154180 335183 737812 735447 737961 
739335 744870 346543 510466 548397 134243 737848 997994 417818 547663 ,739335 744870 346543 510466 548397 997994 417818 547663 613725 49321 
55966 466064 430169 601024 104917 727093 600866 556498 481354 822051 ,55966 466064 104917 727093 481354 822051 335899 343421 104753 883753 
523603 131258 61182 261730 429547 327114 69208 903176 26170 469701 ,523603 131258 61182 261730 327114 69208 903176 26170 469701 962257 
665607 797777 336348 150850 122815 138807 481794 790683 390012 122666 ,665607 797777 336348 150850 122815 790683 390362 783080 168871 866693 
65884 504816 600804 449192 500537 101424 153499 292100 796300 520371 ,504816 600804 449192 500537 101424 153499 796300 520371 389583 610038 
454805 539797 641101 112620 970701 92520 604168 666689 603678 540484 ,454805 539797 641101 112620 970701 92520 604168 666689 603678 666670 
31254 31848 616247 583038 138263 400170 904563 645519 103839 588812 ,31254 31848 616247 138263 103839 979727 601310 394110 821615 287842 
423327 263101 909172 703790 389384 93637 682584 683807 77959 103571 ,423327 263101 909172 389384 93637 683807 103571 474607 567841 526217 
678574 926462 233022 283415 415398 302434 738450 990287 795199 609688 ,678574 283415 415398 990287 795199 609688 242878 454740 234936 519913 
281373 887903 443526 314973 823718 615006 286067 172864 903567 905101 ,281373 189036 919177 769936 323455 808530 845168 322265 570560 828646 
551681 693961 29938 816476 609916 815322 815341 815401 815362 469274 ,551681 29938 816476 609916 815322 815341 815401 815362 469274 815318 
52947 537036 255805 261098 754501 770821 521441 957434 413453 807769 ,52947 754158 38530 55804 537676 76253 891379 672613 996745 827571 
662651 397007 510451 500305 171285 830234 404986 464864 9095 405061 ,662651 397007 510451 500305 171285 830234 404986 464864 9095 405061 
508806 805220 297332 846369 598148 508415 20453 13847 481893 180773 ,508806 805220 297332 846369 481893 180773 196077 572775 911886 976529 
18341 532147 670054 386337 576624 913947 74727 838747 73722 713227 ,73722 713227 617723 531514 459597 731548 256897 798085 612788 564274 
677222 675827 210863 653634 445282 534683 825614 444296 443691 637110 ,677222 675827 210863 653634 445282 534683 825614 444296 443691 637110 
457943 718905 970760 933875 971284 371974 616143 372721 713721 962062 ,457943 718905 933875 971284 371974 616143 372721 713721 962062 680477 
704123 215200 968040 908949 967019 100699 552214 178826 906778 651922 ,215200 552214 178826 906778 688429 271695 871807 543884 88866 688217 
174889 112994 692576 158741 93998 977561 796049 935029 124382 573146 ,174889 806224 397442 738989 174733 474718 168873 788791 802101 812325 
92271 297578 547257 526569 85786 353466 282342 176114 511415 888027 ,353466 511415 638038 808141 84957 85906 525263 458287 499588 665982 
564579 41134 402554 670185 62391 126448 313378 969710 562067 983469 ,564579 41134 313378 969710 983469 983855 774978 440450 762317 564491 
357203 159116 952037 49646 162021 39819 74173 589724 590930 783567 ,357203 159116 952037 49646 162021 39819 74173 589724 590930 783567 
746176 448693 533953 683567 698713 485195 482344 82978 83104 606921 ,746176 448693 533953 683567 698713 482344 82978 83104 528780 526591 
489535 168505 168637 834505 940604 604441 861330 285890 925908 339903 ,489535 168637 834505 940604 604441 861330 285890 339903 682368 615774 
202983 670312 934065 922894 862488 181267 496412 922325 250086 12336 ,670312 12336 902140 906640 621155 254510 217218 764201 473370 994983 
51406 614512 319769 486524 282892 634991 255399 864747 6843 532923 ,51406 614512 319769 864747 532923 157574 501551 384128 975433 404751 
50291 294831 153835 238466 81306 223221 452726 726049 946162 725846 ,50291 294831 153835 81306 223221 452726 726049 946162 19496 716098 
808865 494997 598257 796705 723671 258000 583892 109515 723384 493658 ,494997 723671 258000 583892 723384 493658 748080 498085 76220 68614 
565086 14101 441998 989038 122665 13721 538937 9552 196575 275391 ,565086 14101 441998 989038 122665 61131 149759 389445 239275 840472 
162891 707061 822840 402119 66579 532615 554006 339713 497705 714901 ,162891 707061 822840 402119 66579 554006 339713 714901 106717 717649 
539538 715568 736067 144607 265106 895490 842511 933780 205179 140920 ,736067 144607 265106 140920 842597 915617 883048 474308 883067 441733 
181987 615453 518080 698416 501142 510313 887820 567744 560616 803981 ,54109 689861 29945 279394 684755 484637 422929 818348 516671 994016 
765717 830303 830321 991450 921820 991267 992664 991659 934580 991418 ,830303 934580 985632 986324 974134 670436 562582 800264 594701 851719 
997024 431325 997067 814966 193721 272537 752385 449545 210660 265076 ,814966 272537 193721 752385 265076 850389 814850 124221 854110 981477 
280573 134879 295361 439741 97370 696918 274668 280692 373178 950480 ,280573 280692 968225 668461 95923 200262 233929 441397 668757 968952 
951781 485417 65477 879373 859135 690472 169600 868893 886923 91961 ,951781 879373 859135 169600 91961 704634 679041 853070 13456 494229 
347161 627800 331897 356068 343174 343799 614165 444236 66177 444920 ,816104 626703 883526 194097 806851 494058 854331 143299 444854 733015 
239579 682290 628008 232715 796245 514355 941311 648577 628130 598908 ,628130 129036 232768 274355 124344 278332 199123 179635 703937 995359 
880373 880252 99153 931087 912767 867684 867740 921211 102490 885854 ,223216 899737 842393 443324 870501 933146 870072 100615 955307 961020 
94838 94506 94546 43897 834572 292239 70082 572449 566510 795754 ,572449 469642 198676 406361 279729 256361 380036 399512 627921 218083 
347345 616750 552998 510442 553256 360786 461200 553078 290507 349547 ,347345 616750 360786 553078 290507 349547 978405 761575 865520 304172 
572215 572584 681128 510449 705483 617579 367162 4651 466898 178971 ,466898 178971 748225 684236 903087 324906 179219 249828 113232 787838 
497246 363760 249002 227151 227194 248603 458078 247472 458019 491580 ,363760 607029 232408 249158 691349 305785 453362 68476 280015 497809 
519731 519263 828028 432773 924010 194263 861306 265427 22578 294299 ,519263 924010 194263 265427 22578 294299 92811 271936 202718 695200 
150067 737408 490580 570021 296474 734564 499577 737010 658538 785920 ,737408 569660 518343 326722 228127 140551 138976 279239 230289 887173 
519589 520275 710470 228616 440236 948361 673537 15867 987295 233468 ,963376 486985 433285 899459 493766 267069 845178 73261 512441 685524 
862438 420169 595355 58259 862316 82582 52253 869910 652606 671326 ,862438 420169 58259 862316 82582 52253 869910 652606 240208 998811 
606465 908954 14523 22290 832933 291878 448750 210570 280175 735702 ,14523 22290 832933 291878 448750 280175 713659 988040 75027 567749 
827999 353535 167789 355371 828433 616591 552792 658093 835108 592981 ,827999 353535 167789 828433 616591 552792 658093 835108 579180 618732 
237743 376951 237382 682531 301061 458387 337103 179663 366005 602988 ,782358 179505 327002 452633 941482 92766 286144 459898 404105 103314 
756030 409864 646730 22145 237424 227156 601111 415463 821101 175305 ,409864 237424 227156 175305 350751 489844 645366 804398 415958 487782 
493456 900324 909933 775370 419680 248182 190301 189203 434816 632938 ,493456 900324 909933 775370 419680 190301 189203 632938 189106 536716 
543133 38783 478854 537394 807599 332315 49897 738270 73068 600103 ,543133 478854 537394 332315 49897 73068 847345 340342 807663 311503 
949918 629711 948494 723030 463348 462119 493741 228643 948004 679811 ,949918 629711 723030 493741 948004 679811 723255 291367 802184 483769 
250842 950562 319784 690302 944021 295709 634415 260916 21191 511469 ,250842 950562 319784 295709 260916 21191 62888 285657 767385 847296 
696169 147001 435227 427908 60395 106311 454850 279923 357456 549742 ,696169 435227 427908 106311 357456 736367 354924 130746 318299 407671 
261621 246702 787975 341164 573024 503335 606563 588150 700104 694422 ,787975 341164 606563 588150 700104 205350 269628 990617 729533 388415 
739560 812169 695755 174177 100575 457261 735388 752367 899129 184052 ,735388 126881 170807 515105 881327 185521 105536 735878 77034 508141 
272119 629092 196562 489026 492160 872303 195160 273976 517567 971122 ,272119 196562 489026 195160 22697 917308 141763 632182 281949 595059 
340544 424242 739541 648128 222381 510715 860000 116724 77060 167450 ,340544 739541 648128 222381 860000 77060 167450 518629 245295 179631 
492160 417450 514860 188734 271156 244052 16186 634087 200502 264780 ,514860 271156 264780 244924 692074 16279 628072 2961 514934 608587 
835518 403547 567912 964944 195335 274151 242879 24334 96464 412102 ,835518 403547 567912 964944 274151 242879 24334 96464 412102 835466 
630940 38290 178992 77996 98033 80569 475352 177574 520447 7295 ,630940 38290 178992 77996 98033 80569 177574 520447 7295 527798 
43968 787715 58087 570816 103600 658090 43913 981872 103422 103348 ,43968 58087 658090 43913 103422 812706 211515 961098 716395 448578 
80012 80540 974738 795218 282494 645629 530165 645732 985024 249933 ,974738 877578 233024 707231 658638 507352 698544 189295 386015 948427 
186362 714245 717363 203413 267691 905531 715810 981314 654759 788305 ,714245 717363 267691 715810 654759 788305 912612 464679 131557 656582 
663973 46545 633005 352601 564190 700524 694845 622281 967127 107424 ,633005 352601 700524 694845 622281 967127 107424 718725 351232 891366 
184078 794052 370052 364622 98813 20933 967539 797571 151889 803345 ,364622 20933 967539 151889 803345 869944 856658 535593 511875 958999 
360869 21516 118650 371467 626461 380742 546054 693456 945168 631111 ,118650 626461 380742 693456 631111 8385 920791 536963 461709 449357 
78261 566084 109006 551117 163012 366760 582041 793618 21855 506118 ,366760 793618 578412 436271 838004 692431 561226 496271 485801 999947 
206261 715564 716165 931416 844637 619067 258553 432082 396402 36309 ,206261 715564 716165 931416 844637 258553 36309 844268 876541 905990 
626523 43637 134544 959822 341340 803213 159943 410730 738021 960396 ,626523 43637 134544 341340 803213 159943 738021 960396 99716 541240 
419599 419433 175305 422257 915946 713604 177832 526250 319208 142269 ,210928 99074 364748 305859 73731 325593 560369 724538 23802 494618 
525790 570059 34918 408492 232565 793905 869389 391914 834211 569748 ,570059 34918 408492 232565 793905 391914 834211 342349 366407 169004 
421062 985437 732295 113189 114783 11354 732430 112854 2482 264666 ,421062 113189 114783 11354 732430 112854 2482 264666 918123 458293 
54706 848716 52706 854558 540197 11119 46898 698105 540807 810436 ,54706 848716 52706 540197 46898 540807 810436 56509 770463 53672 
649457 890404 447666 446087 672725 653935 534424 190626 536315 190635 ,649457 446087 190635 446744 831883 809126 373771 191227 446615 446031 
406537 406340 966183 973000 278894 293310 48345 430455 718295 190951 ,278894 430455 718295 803849 459497 130069 601454 522795 516651 615738 
924968 433287 262380 538196 441376 803316 356573 193679 510276 490882 ,924968 441376 356573 193679 510276 490882 61423 813370 926622 573322 
720627 315404 924546 332753 924171 941591 776287 5691 827545 604708 ,720627 924171 774847 101997 625818 880665 557407 678983 857686 615535 
186698 724909 615081 240153 546384 116257 528541 529975 711823 130948 ,186698 615081 529975 465671 340204 747406 658393 263889 530902 156491 
105668 188800 293512 811626 82505 110872 822857 449117 336799 823634 ,188800 449117 684460 521864 972939 638160 965086 292109 190625 525592 
569311 351083 814203 384658 352068 634223 686500 804428 621271 684127 ,814203 352068 686500 804428 106350 723193 534410 518655 487514 181 
555006 735363 972781 668272 320927 255664 971739 628145 433834 836425 ,555006 735363 433834 836425 976766 849660 94106 570406 515169 860614 
703842 809755 653665 884363 815084 970132 971490 837951 456933 755583 ,809755 653665 884363 456933 755583 982640 655398 716409 426735 615224 
98140 307195 435270 75783 154713 857472 520342 262230 218962 533882 ,98140 307195 857472 262230 533882 223585 919982 509179 424411 530347 
916089 720428 237051 563976 628248 480765 741558 108830 541872 381036 ,720428 237051 628248 741558 541872 907026 936527 741461 501087 705255 
431712 782155 68985 710543 796817 401793 359850 363693 83917 195419 ,431712 68985 359850 83917 195419 59950 105048 278729 83877 188526 
663704 818687 818395 819729 818953 819689 673114 349648 568796 817435 ,818687 818395 819729 818953 819689 817435 645339 191019 612052 617416 
643482 911726 642757 186819 959580 827620 642122 825356 218212 977016 ,643482 911726 642757 186819 825356 423802 217396 654478 217602 910998 
23403 888296 691981 912250 503507 158350 753626 586367 404237 278098 ,586367 170105 508362 931346 509919 668267 467195 508440 548706 144744 
341102 626834 340457 70954 85056 461532 415570 701556 84727 343312 ,341102 70954 461532 701556 84762 217480 744703 199833 575212 475576 
877027 710749 844020 727884 977899 853145 594275 38834 703106 37878 ,844020 977899 853145 703106 37878 397000 99125 648942 277073 881492 
937317 726189 95550 440437 693436 350126 638499 56267 537837 637021 ,95550 693436 350126 638499 56267 247298 293260 215613 630000 400763 
422497 535346 670830 446092 422959 905568 941542 379606 868034 541797 ,422497 535346 670830 446092 905568 941542 379606 868034 878047 446030 
996977 728322 16329 62030 712609 565470 471607 65702 564770 926464 ,996977 728322 16329 565470 471607 564770 926464 839893 727373 895373 
217439 32508 556932 380443 383590 43802 841690 15606 416866 678979 ,32508 556932 841690 75307 246961 202936 921543 974215 731249 895023 
515454 515359 527889 883060 10527 730808 920660 784104 833224 795835 ,515359 527889 883060 10527 225646 191715 527740 17019 703034 388286 
564021 987815 546122 993773 545926 566053 545314 970217 951844 121481 ,987815 546122 993773 121481 267856 906982 449017 13887 225118 922313 
711176 612218 266339 821011 916942 784719 527246 30549 699429 788246 ,30549 699429 586351 310645 892860 834339 386811 338623 528395 822006 
684026 705141 841319 21099 560571 960606 186002 102491 830955 678512 ,684026 102491 678512 868508 748612 270265 621300 70965 112513 58041 
425505 647885 803375 798332 790622 648075 650563 649445 647612 423430 ,647885 803375 798332 648075 649445 647612 423430 649833 646833 763188 
982379 59540 511412 595673 872343 667973 670041 522296 16210 170274 ,982379 336470 598020 248825 576191 400754 201576 20834 400021 124064 
771281 867799 508408 230394 548124 594312 680763 885778 327615 935305 ,867799 508408 594312 989295 17793 246440 273932 869877 62027 685976 
546768 960710 960647 191116 969197 889040 443391 833105 919490 546484 ,546768 960710 191116 969197 889040 833105 546484 960653 546498 885978 
243729 286995 474190 867682 190021 347399 177794 530265 68793 792006 ,867682 889016 715270 431401 45068 258182 169704 851231 938990 846912 
782225 420546 876545 182355 498467 988975 420460 988705 703136 386716 ,869124 999020 254797 878668 963343 812281 195804 842978 404237 401498 
512785 513561 532818 76231 987413 662679 157537 215821 75405 513437 ,512785 662679 75405 513437 166451 527221 66671 606154 761800 945390 
58279 291227 522518 670752 834187 246105 261072 647201 859624 678077 ,291227 670752 834187 261072 647201 859624 960281 732140 135752 682251 
157154 55533 863736 49991 886857 52496 959210 537216 887022 44049 ,959210 44049 156840 996694 685636 52033 57380 276805 199019 480222 
802275 422891 768517 900816 40746 756934 643830 423577 792513 850275 ,802275 422891 768517 900816 40746 756934 643830 423577 850275 900543 
650263 649126 655100 656065 986585 650861 651010 652315 591191 677506 ,650263 647231 616363 764773 655712 181054 913037 965563 963618 652278 
815104 789104 814772 814727 559025 812768 560449 801611 537219 644722 ,815104 789104 814772 559025 812768 560449 644722 769181 651389 893440 
606753 693964 94325 70678 241430 48484 21915 121922 456017 450942 ,693964 94325 241430 21915 450942 426458 48437 422867 322989 834003 
380180 338104 861373 869338 658933 536690 609724 785337 160931 677752 ,338104 279732 131432 278762 910852 507004 845885 653120 961184 769346 
803382 390489 915519 390728 183599 322836 931911 916415 8390 330237 ,390489 322836 931911 8390 741515 931867 404545 123046 183430 406305 
698426 990263 990190 990719 797302 796688 839345 883726 853615 990270 ,698426 990263 990719 797302 796688 839345 883726 853615 990270 764232 
934579 460775 170200 259394 170859 252483 410819 99562 557018 738746 ,934579 460775 259394 410819 99562 738746 307988 882605 53326 229469 
361113 750238 631043 722860 709149 29018 81504 740092 234957 454582 ,234957 62748 60296 483423 93440 111798 195836 297509 957263 628067 
61711 401391 271438 351420 350882 439222 391108 930732 130289 637450 ,391108 930732 615679 337231 615453 1359 452137 470151 690488 230526 
458797 732187 26292 947127 885792 828867 445726 833750 890329 640864 ,732187 947127 885792 828867 445726 833750 890329 640864 215754 29165 
262022 437013 221644 517446 806176 563592 368215 645426 926994 806166 ,437013 221644 364677 2999 683522 626184 614403 271505 404127 455245 
490483 535262 20938 449651 448658 77959 189578 526217 480714 997742 ,490483 535262 20938 448658 189578 480714 850787 499479 736245 601538 
544521 207634 549552 667757 478452 619055 983433 484044 879698 555084 ,544521 207634 549552 667757 619055 983433 484044 555084 879703 670899 
619341 374050 583953 374396 983156 809079 857796 758363 373809 102164 ,983156 809079 102164 947265 808721 132938 983578 808554 766668 482291 
816194 588546 586061 816349 822799 761344 708937 863365 822922 823265 ,816194 588546 816349 761344 708937 863365 211579 433511 829075 831367 
680227 678604 123226 791989 957751 730128 915533 908594 890188 197927 ,680227 678604 123226 791989 957751 730128 913744 224215 982763 194083 
298797 916928 332566 84327 927687 160455 945153 781879 790832 166934 ,298797 916928 84327 927687 160455 790832 405131 349923 27676 34023 
208108 695729 726231 425520 65554 859891 695682 821556 707866 436516 ,208108 707866 919789 16335 194245 301091 729897 201187 40696 488222 
553138 641921 879725 553549 742970 670005 216622 217219 102662 641701 ,641921 879725 670005 216622 217219 102662 891679 405953 187654 919014 
676651 677103 900262 879380 673870 878924 894956 892979 877094 740325 ,676651 879380 740325 333927 580384 618285 717105 735001 654818 744173 
882562 957124 557770 882408 648361 805693 882815 642617 155627 6786 ,882562 957124 882408 805693 642617 155627 617497 882436 470238 891460 
923912 943208 401146 923142 444573 838923 564329 911589 564530 838360 ,923912 943208 401146 923142 838923 564329 911589 838360 206261 843041 
932218 896062 251064 430714 738871 198893 277709 597253 921848 668181 ,430714 738871 198893 277709 597253 668181 917699 226291 207681 684582 
591435 523098 219959 482544 487303 287555 524450 352872 492779 18949 ,591435 523098 219959 482544 487303 524450 492779 18949 629696 844757 
535987 550114 238918 318718 590550 618248 578672 577488 319937 578111 ,618248 595560 76203 702059 836476 258566 958730 729299 680749 176679 
369698 156148 279764 108365 597842 808053 403501 843567 543109 382453 ,156148 279764 108365 808053 843567 154249 526441 121767 395171 35703 
699828 825798 948898 307552 415581 734116 258453 109550 5103 238198 ,948898 476655 227358 574555 254327 209055 432741 400763 498315 366651 
975674 984123 159287 61718 141220 307434 663107 890349 678965 402522 ,61718 141220 307434 663107 905547 600486 718620 548036 168948 123834 
956345 116618 680380 624044 69469 454043 69079 70638 70685 870921 ,69469 520327 519982 664309 422372 543387 819469 561996 798995 595857 
673700 835052 755939 610385 716878 833245 569592 833455 758407 24184 ,673700 833455 833608 673354 135521 660264 673059 544283 190973 610401 
730607 453663 628681 391366 767810 128338 888721 629313 811283 472085 ,453663 628681 811283 472085 65245 15175 11352 111741 613806 13755 
254339 833359 215756 216089 536411 949810 950917 216197 462809 149487 ,254339 833359 216089 949810 216197 804246 250967 837203 287366 844976 
657018 652278 908397 655283 652534 792492 832071 655712 769398 654561 ,657018 652278 908397 655283 792492 832071 655712 769398 654561 425379 
211713 978797 219291 41539 839309 978987 864975 890343 655505 637395 ,978987 864975 571723 971283 901095 325727 637564 217396 274701 970759 
703986 831121 585240 152589 707743 369898 80228 908035 260061 745723 ,703986 831121 152589 707743 80228 260061 358225 135199 50403 65721 
734503 770722 174375 409244 355246 640977 8436 826107 683199 380699 ,174375 409244 355246 640977 8436 826107 683199 380699 543004 743912 
694701 855093 704992 717503 648378 572904 533182 716556 567191 623062 ,694701 965996 482636 713593 525648 716713 351566 663689 493165 614858 
677725 677599 161100 934354 685821 994970 674843 453964 211751 782790 ,994970 305441 242817 158510 755758 674717 264667 722281 278640 23596 
750734 594291 703512 87762 403706 915763 400275 430552 691012 154225 ,703512 915763 400275 154225 17535 399524 632073 751700 171387 106396 
112044 34872 126780 97789 124456 796243 752025 629967 4412 110822 ,97789 189887 725119 179162 576507 124954 663452 439272 269692 205414 
219768 541414 475674 772073 754770 414765 41313 823994 904754 887351 ,219768 541414 475674 772073 823994 605382 379456 5476 55000 379320 
567627 591422 569466 567091 146495 816754 674063 117808 170578 809293 ,567627 591422 569466 816754 674063 117808 809293 158992 750535 673500 
108099 834038 483538 869789 201751 710183 862275 200146 821835 870188 ,869789 200146 870188 260575 789944 671135 836971 606653 470209 256681 
745215 745109 254701 256663 31816 812123 181408 961292 306362 911185 ,745215 812123 181408 306362 146515 468510 956303 689901 690047 809135 
375010 542836 551378 777224 777646 836901 777328 67210 777869 543536 ,375010 542836 551378 777224 836901 777328 67210 777869 543536 848458 
882658 807928 418648 285920 818792 383642 487053 280695 369338 752855 ,882658 807928 418648 818792 487053 280695 177861 779717 173784 234776 
731289 987290 949702 963351 258612 793491 891813 988552 927823 911505 ,949702 258612 793491 927823 795593 646485 485702 678705 157925 218375 
862398 863457 584347 707228 705083 255648 625878 871451 225783 834605 ,862398 863457 584347 707228 705083 255648 871451 834605 872363 107218 
767894 657731 826115 715369 824136 994922 767924 190230 607728 216010 ,826115 715369 824136 767924 190230 216010 657176 569398 552630 757214 
979111 951269 796154 181929 999684 931472 417294 741678 466828 94493 ,951269 796154 181929 466828 94493 978068 996823 517280 139027 344212 
792083 281048 329051 905616 297618 854202 219716 212095 863571 720636 ,281048 329051 905616 854202 863571 720636 700047 710088 363924 599238 
883690 625714 717555 636666 922955 775133 412403 755771 50115 671207 ,883690 625714 717555 636666 922955 775133 412403 50115 671207 563252 
662852 508304 75135 242642 594431 124904 176109 588606 405683 498042 ,662852 75135 594431 176109 498042 678106 877545 508652 175706 109459 
494145 341486 86656 100061 90346 316051 235182 67143 70237 61165 ,86656 100061 90346 67143 70237 461726 665397 222727 922401 697969 
211985 1151 689064 934343 840184 892486 543817 937893 680163 847243 ,934343 543817 937893 523527 886739 224167 961354 17775 866291 883378 
37771 852503 207735 38741 4849 38959 871074 5531 50964 572471 ,37771 852503 4849 38959 871074 5531 50964 572471 767957 207729 
253835 200859 265137 997823 670062 287105 778650 182048 72973 214542 ,200859 265137 258216 208353 592542 772249 710027 327017 965337 997958 
845381 330519 559546 425199 815752 838551 201797 28228 583982 352005 ,330519 559546 113898 710449 132083 998230 161160 716434 635085 351465 
465301 465229 378586 670458 784167 378580 480881 633830 466297 405698 ,784167 466297 669395 779149 564665 574882 747896 392236 16588 409982 
390668 180989 54443 986330 806344 182747 686497 822601 984433 388109 ,390668 180989 182747 686497 984433 175507 761817 594492 474035 524004 
909225 994498 822042 794132 782037 211061 947199 433024 210948 906869 ,994498 211061 433024 210948 807927 570762 388100 770075 7510 910772 
12878 845207 196546 599292 433141 704461 648555 499797 508279 458869 ,12878 433141 630159 13140 988311 12751 390907 390636 208770 683123 
13806 424082 824911 525507 400679 865977 407578 59964 389451 199523 ,13806 824911 407578 389451 199523 424310 821923 251744 407273 138355 
126880 127715 409067 78732 929584 717673 527737 412673 406461 393206 ,78732 716980 387694 483426 82798 718898 451576 834648 754220 360379 
128913 811252 821922 20080 381332 820886 500539 507975 465378 509957 ,431026 821932 723602 522813 307313 606920 582300 189038 735249 693961 
825657 826071 471928 768472 560511 825596 375866 63538 55221 214585 ,825657 471928 560511 825596 375866 63538 55221 214585 59346 100519 
815929 255525 937855 179085 150109 815777 835764 448762 444226 256134 ,255525 815777 448762 444226 235606 534155 257525 207838 789922 326987 
292025 673532 672387 673357 672658 292422 279820 469121 520177 810089 ,292025 673532 672387 292422 469121 520177 810089 188794 40262 469134 
386624 921942 521824 386171 85589 241421 879244 468033 414912 962366 ,921942 521824 386171 85589 879244 414912 962366 543285 559279 411929 
342542 815245 133227 297249 891103 823037 389278 326038 672898 40674 ,342542 815245 133227 297249 891103 823037 389278 326038 55179 760412 
245408 970743 713188 614375 591326 86395 428733 928992 191867 579768 ,245408 970743 614375 591326 86395 428733 928992 191867 856739 833542 
454020 675727 771011 598211 819937 526963 156113 700102 87249 248536 ,454020 675727 771011 598211 819937 156113 700102 87249 860467 745173 
349330 234032 347162 727592 304702 575097 974534 572177 976336 290893 ,347162 349955 928761 260408 755251 345626 921711 441575 623081 599790 
577911 800384 632834 907416 577853 718400 911810 99372 713843 743629 ,800384 907416 442363 186573 903447 423781 406633 690064 789419 786974 
324432 206864 425186 71896 934053 90620 61492 425695 397378 226458 ,324432 206864 90620 61492 397378 226458 572434 987248 193981 257340 
767488 971223 280062 828136 581262 990052 255215 823543 972531 58222 ,767488 971223 280062 581262 823543 972531 58222 756916 503114 900175 
858568 916390 563407 553543 674683 309865 696004 490582 402212 224764 ,563407 674683 490582 402212 885330 664124 208599 459445 796173 562133 
541758 190708 853812 824217 673095 996748 539666 971223 772884 443314 ,190708 853812 673095 539666 443314 809634 36186 672635 673088 833022 
179316 499775 73633 278981 202864 267142 469126 493972 464818 487301 ,499775 202864 493972 487301 618558 139208 741736 565863 283407 982969 
938221 988297 490785 487998 871599 932975 523320 670845 524071 842838 ,490785 487998 871599 932975 523320 842838 402907 489117 444834 929328 
848500 969580 837282 850006 470984 617979 700143 912270 136827 617994 ,848500 969580 837282 850006 617979 912270 136827 617994 345989 833982 
803005 627435 648125 751093 857430 945566 750251 301233 68025 712687 ,627435 648125 751093 857430 68025 712687 143903 614641 225626 321085 
965326 997634 472085 810686 810460 839396 577262 726348 963386 997521 ,965326 726348 543192 890164 535758 434054 736194 880039 971032 963849 
326163 410022 410097 422748 283456 646318 260968 668661 328054 778010 ,326163 410022 422748 668661 353210 51293 298063 670719 460742 918785 
999570 241514 93987 584786 529609 734508 174159 10448 385042 998842 ,999570 241514 93987 584786 529609 734508 174159 10448 385042 40203 
352202 930938 96879 592981 619532 724771 694520 920433 93405 619593 ,96879 694520 920433 619593 585447 984044 523065 706772 948155 403028 
207062 654546 656667 993819 447155 412006 446592 654505 994200 656522 ,207062 993819 447155 446592 654505 447721 39411 994224 447882 445777 
466997 151321 90584 146904 809763 450005 449700 280866 700940 860199 ,466997 151321 90584 146904 450005 449700 105747 510770 515286 778641 
44673 748362 13206 425721 816864 362361 723328 393782 703601 665167 ,748362 425721 723328 703601 621807 417065 624759 480526 405490 745964 
460426 301424 8338 459446 467813 430618 188507 279235 426020 548800 ,460426 459446 430618 573194 459554 57065 30554 272286 122232 732299 
810013 974406 16593 395983 412733 460798 920577 738601 510447 462507 ,16593 412733 920577 271496 384470 989533 246291 265892 680016 140091 
899927 884296 673952 325419 953599 458051 703808 445750 122686 144594 ,899927 884296 458051 703808 122686 144594 102495 112773 452207 814208 
999393 41400 799739 187979 112329 57208 997875 508860 870867 230635 ,999393 799739 112329 508860 870867 230635 278918 45097 887300 886690 
969333 541493 735237 190635 831911 833008 536330 768020 447998 541481 ,735237 190635 831911 541481 831883 831820 735278 448306 969474 446790 
284558 775906 792534 271716 470134 19877 705434 704239 532847 807009 ,792534 271716 470134 19877 704239 532847 299399 194477 301181 209270 
361629 232564 719530 233313 955156 761861 847951 206208 856787 346384 ,361629 232564 719530 233313 847951 206208 856787 346384 316601 466691 
977883 68764 617858 785797 617887 49397 68622 392518 542324 434098 ,977883 68764 785797 49397 542324 206544 451459 623953 186002 253687 
828070 262815 228212 200439 264717 265247 513462 229066 836884 785343 ,262815 228212 264717 229066 785343 956577 453802 890103 655668 638596 
319877 693104 807527 486665 505018 421602 414506 537031 388248 870801 ,319877 807527 505018 414506 537031 388248 870801 794112 863173 189313 
389922 389959 653343 570255 415478 444460 654616 30145 654201 410009 ,389922 570255 654616 30145 654201 410009 787654 389903 639994 443532 
818464 612882 818670 635118 613141 993852 632652 714009 772831 994575 ,818464 612882 818670 635118 613141 993852 632652 714009 772831 994575 
642270 640908 641944 641547 642209 464643 131096 192186 958819 790278 ,642270 640908 641944 641547 642209 464643 131096 790278 839027 669183 
469705 742969 756065 917287 915639 681862 621058 443528 265790 448956 ,742969 915639 621058 443528 265790 448956 80773 577557 116095 837331 
594720 316484 868439 557636 369928 861230 555017 660896 749938 876011 ,316484 369928 861230 555017 660896 278224 998557 894079 446826 833818 
840109 596106 730169 466742 923744 493272 926858 618497 488864 214569 ,923744 214569 286358 765430 394850 306010 167456 214489 201 450533 
392691 70534 784074 256118 951258 229597 144888 754683 202067 167153 ,392691 70534 784074 256118 951258 144888 754683 202067 167153 734666 
607377 422152 953739 942417 66564 678313 451467 809181 535040 808530 ,678313 905618 191647 599498 159683 426883 461511 278820 132986 298044 
840766 773014 773016 143419 968752 239827 767087 292157 772724 833536 ,766779 767612 767594 889797 374024 765923 969277 758086 790095 485324 
538554 128704 806461 991809 529190 698071 469978 461919 416378 179962 ,538554 128704 806461 179962 630042 514719 93228 171678 105884 922236 
726520 391632 174398 796124 362464 719141 960447 614083 350362 512198 ,174398 719141 960447 929473 964230 507456 336031 939431 964189 152228 
820953 364883 227414 364843 104370 26198 572639 571406 227370 665987 ,572639 227370 249337 936190 412843 568611 656093 737227 363565 233964 
247809 771625 895789 959064 104231 632630 642168 877935 808943 446425 ,247809 771625 959064 104231 877935 808943 541911 586329 880280 881697 
662732 528624 281878 242097 600765 790959 429995 645263 577913 321969 ,281878 600765 429995 645263 30071 106728 422278 305905 151241 363392 
595174 965486 831478 937848 931746 195762 274578 679763 947002 363236 ,595174 965486 831478 937848 415917 404525 495981 530461 733205 425886 
923055 403322 460597 398594 399642 412542 754482 644151 554256 469060 ,923055 403322 398594 399642 754482 644151 554256 469060 768831 754733 
491119 195870 258591 490578 812069 496384 326758 295914 683150 509936 ,491119 195870 258591 70237 735865 101567 83008 472611 943802 705517 
943597 296151 295107 979369 270587 567300 449118 850108 442661 789649 ,943597 296151 295107 567300 449118 850108 442661 789649 925909 421660 
679029 514747 498990 510028 638378 378910 578101 525272 943515 679929 ,679029 510028 360236 708437 268255 699172 697054 525648 150626 225192 
670406 668193 670686 478761 894931 853495 907455 668824 65293 853752 ,670406 670686 894931 853495 907455 65293 853752 558693 274785 478296 
825553 216240 445897 37815 769986 994223 905634 755813 445240 800815 ,769986 905634 785724 953109 37881 445308 995200 965072 655097 816411 
553809 129663 238957 914180 557856 239273 8595 512858 39553 332826 ,553809 238957 512858 39553 332826 319102 543030 8532 375574 753816 
69725 304651 551023 874111 80797 822477 971013 505366 963395 326085 ,304651 963395 681471 370651 823289 70278 800325 315220 817858 950335 
209211 763749 817378 834491 433537 613078 140531 368729 253226 319200 ,763749 817378 433537 140531 368729 823847 107823 570798 986359 638727 
669109 210455 710328 948599 895862 628102 217218 223719 136388 634667 ,669109 948599 895862 634667 876812 224522 12336 731000 872461 373712 
560579 453333 727491 727494 362353 166300 728607 993675 607026 749115 ,560579 453333 727494 362353 728607 749115 527736 21643 629858 170824 
666064 823979 483645 755247 665457 43153 596441 44343 421562 807527 ,666064 755247 665457 43153 44343 199535 421602 504082 874660 189119 
327308 467332 705232 636216 498935 327635 435544 356831 716692 688529 ,467332 705232 498935 356831 688529 950955 599821 884792 461768 599563 
44787 822046 363540 529295 436641 206893 271171 595394 438107 262305 ,822046 206893 262305 435560 910344 25113 75087 30716 823407 519020 
465875 63110 246500 313156 313941 499118 809208 173192 194535 479040 ,63110 246500 313156 313941 499118 809208 479040 428767 87005 294886 
642463 881697 923392 806070 776033 316723 989680 496995 112944 989800 ,316723 496995 877632 791973 882103 841152 757044 58236 762948 470996 
510088 512645 493650 341146 80941 353662 752431 702072 612394 331659 ,512645 493650 160832 588736 482032 435419 875964 18854 161832 748563 
755027 153029 422199 422075 65800 140067 316162 161041 807975 507832 ,755027 153029 422199 422075 65800 140067 316162 161041 807975 507832 
198800 199535 685879 371483 575547 241608 381222 44961 73473 231557 ,198800 199535 685879 575547 241608 381222 73473 508429 70512 370976 
466654 389897 498743 482386 841854 151241 560256 682527 145717 20806 ,498743 841854 151241 560256 145717 536320 814679 528693 351312 182025 
845979 887760 112707 908531 896144 827228 908685 412144 57246 204835 ,887760 112707 908531 896144 827228 57246 204835 306187 42348 937445 
614131 301162 400210 990238 48932 651357 860180 405270 839743 747299 ,614131 990238 860180 405270 255740 481573 669307 734543 852556 405011 
422879 607107 570202 248488 151633 476515 337898 814210 850380 350899 ,422879 570202 248488 151633 476515 337898 814210 850380 428997 350886 
858732 759047 462815 335349 308796 882298 949865 134344 957208 881649 ,134344 881649 733350 555354 495356 133728 863175 751494 559038 860283 
949765 378952 62419 788134 925589 778726 779762 441934 489644 791887 ,378952 778726 779762 441934 489644 791887 193783 8708 377093 606010 
685937 581488 629021 458727 108965 416352 480825 685845 406736 407583 ,685937 581488 629021 108965 416352 407583 720119 321097 948850 276791 
486753 524524 255488 837470 244301 483779 967335 174584 22957 933924 ,486753 255488 837470 244301 483779 967335 174584 22957 244667 179835 
105475 105557 441106 506842 105886 122615 29114 326929 951383 904905 ,105475 105557 441106 105886 122615 326929 951383 904905 409380 6728 
603236 772976 314341 774841 136349 828855 282631 877914 759623 878254 ,772976 227675 119117 897490 988334 229077 773241 95173 736995 656876 
274006 46053 99460 598158 47006 144164 174591 218495 702715 732658 ,274006 46053 99460 47006 218495 461237 407387 94187 90587 16607 
939352 215442 143492 342396 647889 382491 367358 222465 679247 786192 ,939352 215442 342396 367358 222465 679247 367421 621141 196318 275134 
958732 415368 511625 790998 266254 520030 664998 705068 316074 83073 ,958732 415368 266254 705068 196181 772417 553302 812123 634509 573630 
853950 208177 851225 997863 896786 850130 442257 270422 269968 21099 ,208177 851225 997863 850130 921827 801813 526288 801275 271949 273677 
795684 998368 905190 963343 330139 780856 780919 486078 833282 375463 ,998368 905190 963343 780856 820079 905567 246306 720428 562879 198701 
302366 201479 312878 201823 266101 745269 260725 198049 880697 978969 ,201479 312878 266101 201823 745269 198049 880697 80850 467818 311801 
905973 905789 31816 262437 747892 745109 936808 240645 276983 901786 ,905973 747892 901786 199300 278116 277472 198656 256926 231236 205852 
683187 114991 371218 968917 114637 370530 109570 311969 660362 785884 ,370530 109570 311969 660362 842468 936900 463817 746246 517691 459582 
402252 526553 954866 70619 621686 553376 555235 528035 977259 375418 ,70619 553376 555235 375418 897403 809338 804811 586765 662953 329276 
724499 109803 458514 860491 95352 64492 380192 947692 183052 106088 ,724499 109803 458514 95352 64492 380192 947692 412621 680158 154041 
522587 133443 919177 846297 863570 826466 327247 979288 800701 288494 ,919177 327247 288494 903567 527766 426725 211522 733970 293923 745080 
74261 434465 307016 174310 707299 925114 232081 951168 260394 15961 ,434465 707299 15961 609499 184335 198446 887098 344193 555112 183209 
210539 84323 181807 864884 74564 892302 339115 570906 516770 287177 ,84323 864884 892302 339115 570906 287177 199674 919086 388981 503740 
439404 176620 58757 522543 224407 58845 64074 370773 664299 224460 ,58757 664299 224460 788635 342576 344924 179104 297012 176707 896481 
824959 244255 140568 670989 824877 595670 824972 668777 278557 838646 ,244255 140568 670989 824877 595670 838646 824750 855921 179514 834496 
22805 399690 298902 602714 128976 127868 129501 317021 461428 486852 ,22805 399690 128976 127868 461428 486852 28220 850820 746552 857217 
974731 685283 818203 605173 708941 818752 653879 434561 300202 351879 ,818203 26198 428598 30697 322570 658719 507004 309852 28723 217593 
561348 476435 621595 601450 567525 738008 859792 76125 476651 262314 ,561348 621595 601450 567525 738008 859792 76125 262314 47102 281969 
337646 178170 560487 667896 431535 441870 797607 369764 727242 386799 ,337646 667896 441870 82971 723408 540622 784914 522623 699108 529428 
658806 522584 724085 921184 863737 36099 745955 997855 511905 227299 ,658806 522584 863737 745955 997855 511905 224661 200846 200462 264421 
455168 502228 328471 456936 248060 983413 707648 186735 397435 456623 ,502228 456936 248060 983413 707648 397435 47357 337738 677795 899859 
821453 436455 281713 961108 941043 1789 940564 454273 954054 439386 ,281713 961108 454273 954054 495619 277797 887574 958605 37509 107552 
317212 990383 210432 779747 892782 247421 917426 140039 249249 238776 ,210432 892782 247421 140039 622678 373288 621336 766089 252919 621256 
716745 914084 607335 363425 754016 517046 953129 461244 279509 489867 ,716745 914084 607335 517046 953129 489867 716917 85818 771190 780069 
283546 284457 184723 814939 618673 573199 417062 327017 295894 115935 ,284457 814939 573199 321085 733177 742483 586386 886971 815033 516827 
699762 928924 722752 532276 775446 224476 16875 465730 47663 139218 ,699762 722752 139218 171198 114090 810005 36370 431155 530410 171740 
298594 566000 274103 860825 566165 485152 499695 484462 270081 657486 ,298594 566000 274103 485152 270081 657486 991544 666065 770847 271195 
884431 388476 884544 520815 56175 632364 656121 211636 767627 761342 ,884431 884544 56175 761342 560869 759966 877196 214385 234934 994827 
412988 150252 200221 264499 783229 451583 292969 724093 697249 195679 ,195679 5749 301352 192912 432424 520259 845028 85640 20013 453565 
916027 202905 528701 260461 929975 93193 267597 929709 594190 627888 ,916027 202905 528701 93193 267597 929709 627888 715463 869045 800603 
821335 978969 36110 193088 271904 966549 650146 379108 500892 479093 ,821335 193088 271904 966549 650146 479093 819856 280642 821385 475520 
237743 429303 173264 237382 894201 366005 430974 286144 367213 278693 ,286144 327002 863128 698740 258939 502297 910979 711806 263144 103314 
958940 995170 615710 907334 534519 418721 656278 615599 711802 653641 ,958940 907334 534519 418721 656278 711802 914755 983678 970736 772085 
22985 888183 498451 91712 488268 289774 854857 970785 662928 614859 ,22985 888183 498451 854857 662928 69754 69251 3829 84438 121910 
343473 190863 217784 715496 55401 374240 897560 779696 344124 898212 ,343473 217784 715496 55401 344124 898212 190906 664799 735400 284121 
492288 599070 736244 252296 188295 130995 364904 450373 305388 790788 ,790788 633019 736290 175281 903171 79429 321451 499945 662370 176167 
298616 720113 523312 948799 531292 361894 629760 966167 263253 63107 ,298616 720113 361894 966167 263253 63107 104985 700700 573981 645291 
407587 146783 126727 956094 137225 468135 45655 804944 955738 344644 ,955738 158792 461270 765430 624762 923647 222463 211832 619571 805890 
602734 160153 602980 840522 837588 158508 763486 624920 12750 177157 ,160153 602980 840522 560683 957840 837281 433834 883422 622655 199207 
252249 271989 271648 271611 8818 796423 934199 703711 85379 55306 ,252249 271989 271648 271611 8818 796423 124804 84111 473097 871611 
441237 561172 227130 3512 561074 335812 122085 521986 770060 490956 ,441237 561172 3512 521986 521984 236537 206694 553107 552575 620631 
942915 994440 717370 994436 791860 426940 365590 738579 559803 604182 ,717370 791860 365590 738579 604182 362921 910968 404974 362625 626928 
433042 897155 572383 415567 455791 924074 702443 433218 472570 898616 ,433042 897155 572383 455791 924074 702443 433218 472570 681804 701491 
743254 23586 911218 558744 741148 783853 443611 604580 294702 614906 ,23586 741148 783853 443611 294702 614906 215847 159416 422599 534551 
556173 421064 930317 682526 915111 632814 821639 930183 908334 593526 ,682526 821639 406269 742887 365409 671179 25758 905237 676653 130688 
469040 452032 547385 81070 430128 637661 422547 889053 4547 178989 ,889053 156341 977289 524738 389833 524788 30381 726212 791954 419860 
389466 494466 12252 138351 127809 769361 412586 207238 521125 441858 ,389466 127809 769361 412586 207238 521125 441858 46228 56391 148603 
762713 270121 431209 548477 71297 181869 69713 13143 749380 723219 ,762713 431209 548477 71297 13143 723219 928747 422842 465102 271287 
90745 496509 100151 430679 117073 88898 117495 690132 23543 453986 ,90745 496509 430679 690132 23543 703064 454063 522642 87619 431749 
893314 992773 163856 321276 664737 603144 992924 811693 83775 72161 ,893314 163856 321276 664737 811693 83775 72161 136582 831120 547663 
980381 201695 349723 214297 344803 74926 988161 519197 519173 999004 ,349723 344803 988161 519197 519173 101903 60471 541800 568223 845548 
90504 829029 681770 706917 696110 540576 433579 224860 932191 104176 ,681770 696110 540576 932191 224860 104176 868527 204687 522073 919343 
31441 115152 138251 32856 708314 697861 630118 388077 506475 749289 ,115152 708314 386086 556544 274967 196151 863702 859773 556179 185200 
435751 863706 983274 327614 815695 81938 815621 669076 401230 880852 ,435751 863706 327614 815695 81938 815621 401230 880852 987756 830442 
130694 240144 444210 594239 594646 454313 710902 831138 870188 921995 ,240144 594239 594646 454313 831138 870188 921995 670278 922260 833007 
242484 13200 436172 997694 893539 541907 401893 224777 639910 73897 ,436172 997694 541907 224777 639910 209407 930132 545634 606783 224656 
427567 567267 444074 444480 444554 518866 567188 422944 536016 422879 ,427567 567267 444074 444480 444554 518866 422944 422879 215597 444503 
69850 945090 293687 5976 923135 450373 601043 560359 278643 784783 ,945090 293687 923135 560359 278643 784783 51121 351037 131572 351738 
937721 276646 517409 622206 504011 938140 274750 281957 300055 299436 ,276646 517409 622206 938140 274750 299436 153148 551160 861907 133187 
865243 369747 706520 244133 369433 933682 699118 690161 797289 205240 ,865243 706520 690161 962413 690195 202422 761924 690543 210141 73511 
928634 243545 928739 274939 741642 376426 285795 135305 243386 811288 ,928739 376426 285795 866649 918926 376322 595677 486323 430295 688336 
160115 39624 516460 160225 804185 599777 267540 659093 160748 245404 ,160115 516460 160225 804185 599777 267540 160748 245404 939987 280170 
428666 642304 428590 912596 616262 656321 638626 892966 217411 906033 ,428666 642304 428590 912596 656321 892966 217411 906033 755912 890911 
599724 656092 656344 418312 33895 780505 905432 343712 886651 363958 ,599724 656092 656344 418312 780505 905432 343712 363958 823621 656885 
92027 941771 86025 64850 438022 506907 987685 914189 271306 736018 ,92027 280707 723040 351573 86355 637815 385077 518826 637440 181427 
234769 487542 34111 693726 453124 359452 841079 530086 414404 236317 ,234769 693726 236317 89032 965388 803582 454351 239417 487053 234379 
347687 244135 632316 83073 245484 759782 735144 915845 54881 216246 ,347687 244135 759782 915845 54881 855985 831456 761970 198847 249834 
383907 916042 528701 15960 846520 436906 785424 412973 509682 47447 ,383907 436906 785424 412973 509682 826574 481016 438485 384692 701669 
42889 40522 521091 66155 646623 217576 164595 42969 54773 43024 ,40522 521091 66155 646623 217576 164595 42969 54773 217724 521092 
509643 904752 697103 729234 508973 428062 609309 718278 805454 623365 ,509643 904752 508973 428062 609309 718278 805454 623365 849820 283594 
462716 462117 316027 20550 344167 393433 678236 181212 344526 842912 ,462716 344526 842912 64434 221240 172973 99967 219884 60700 63503 
389776 979574 202630 266908 183250 203139 267417 635689 91588 351100 ,979574 183250 267417 203139 507202 416569 948782 879170 415193 279557 
606385 857907 712759 429153 543825 381841 100964 201249 87616 365395 ,712759 100964 87616 408577 291053 571180 418976 695341 860559 163147 
559418 559294 644086 559289 559425 43440 644890 667541 559126 902561 ,559418 559294 644086 559289 559425 43440 644890 667541 902561 448128 
547303 296419 638622 222357 296743 630264 605254 638578 363184 73445 ,296743 605254 363184 125354 317620 655239 102065 319839 152550 127032 
311669 557326 309759 778295 574177 929214 929302 607442 955415 46579 ,778295 929302 838510 478102 107810 560628 535088 474765 714358 573994 
977418 454319 488869 977434 979285 731091 731450 720185 729274 861751 ,488869 979285 729274 106923 949221 614055 934300 803240 312708 975865 
847767 12234 127236 225153 892763 586452 632078 553223 552792 962541 ,847767 12234 586452 632078 553223 921358 485248 636031 915121 162323 
822228 822348 825606 824904 810891 649456 36186 883076 673095 258712 ,825606 824904 649456 36186 883076 673095 258712 814168 40765 673702 
627971 366957 508652 175706 9737 844170 508304 64908 550741 712945 ,9737 844170 194323 690623 388007 484210 392790 377589 807970 420597 
808138 925739 745448 4997 441231 189623 144935 118634 317723 479326 ,925739 745448 4997 441231 189623 144935 317723 479326 99967 710264 
690216 915747 636115 274873 441510 253941 735623 663851 376631 199197 ,690216 915747 636115 735623 376631 199197 741220 314793 608747 619056 
131319 995924 805308 521494 588304 445488 800176 615245 799940 295140 ,131319 995924 805308 799940 495379 376439 560359 397039 98741 744348 
400491 631529 455776 169747 244684 489354 155698 831509 995228 980632 ,155698 831509 980632 729537 681931 750384 391585 190352 548950 749125 
271940 3186 278442 976829 193863 236795 752819 43735 992276 29545 ,278442 976829 236795 332151 494677 787808 829867 406270 311155 295470 
669518 565431 671792 358605 668705 252387 223707 940160 825704 347276 ,669518 565431 671792 940160 825704 920387 893603 670639 585372 981506 
90331 778956 126099 146168 316837 742114 968417 460057 145365 800582 ,90331 778956 146168 316837 968417 460057 800582 522347 783530 303679 
844810 338199 338443 127297 431982 498961 670712 696880 168440 510707 ,338199 338443 127297 670712 168440 509943 602093 280009 70712 910523 
309028 529090 363992 528906 517391 278640 785503 41400 292089 351056 ,309028 529090 363992 528906 517391 278640 785503 41400 292089 351056 
116759 374887 778451 140780 576333 149446 780799 722112 139080 113964 ,374887 778451 140780 149446 780799 113964 159057 195336 761877 140359 
958905 234259 174772 834049 331695 828933 253769 833478 504724 396580 ,331695 253769 833478 504724 396580 317379 943562 60769 830558 303153 
980923 76957 874258 244845 878869 260115 501881 193552 272368 878315 ,980923 874258 878869 260115 193552 597575 107633 978501 66106 944312 
6901 38545 38386 38240 897035 39488 230886 397589 39135 417228 ,6901 38545 38386 38240 897035 39488 230886 397589 39135 417228 
660746 210683 348343 828577 982911 118034 134768 829841 316439 440602 ,660746 828577 829841 316439 440602 742389 843071 59931 86190 598904 
831061 235015 248249 189050 979072 279634 600088 678921 232793 811467 ,831061 235015 248249 600088 811467 766536 880494 432287 604587 743039 
973038 619135 783894 734815 821566 105310 834542 620320 888342 991171 ,783894 246338 272461 804957 194419 342674 532352 734832 606588 844170 
472383 470883 103367 530423 79884 530762 55240 475350 80143 470886 ,103367 80143 472915 182024 698375 804133 209810 422128 58757 465833 
982465 906246 381983 465186 328943 152100 599578 181518 107630 281871 ,982465 281871 385048 102015 297403 607522 497632 70049 146921 273185 
282088 469631 337592 230289 804570 662920 722488 105316 292394 684420 ,282088 469631 337592 230289 804570 662920 722488 105316 492248 535121 
207401 855579 315947 635069 327184 634831 174375 196468 275284 309721 ,855579 327184 196468 275284 309721 270469 362942 993263 253620 495495 
803155 186762 15961 27536 125577 486941 128810 16104 665619 391364 ,803155 15961 27536 486941 16104 187188 687 331723 74733 798457 
216168 452474 424258 810468 319000 4224 527483 206478 930062 293278 ,216168 452474 319000 4224 206478 293278 408956 215766 522608 337719 
605156 757024 794409 638520 405823 121476 207381 789645 222985 908333 ,605156 757024 405823 789645 222985 676569 952384 794219 757261 793583 
709947 324334 26196 799711 716754 321598 350438 305988 325002 518524 ,709947 331610 363990 197068 994103 600731 492892 282750 546886 23806 
514176 480452 337273 337090 558708 99212 349110 313894 724178 351260 ,337273 99212 313894 724178 469275 740160 65470 351033 491586 638084 
756919 618467 234383 839701 362335 392811 825229 402479 390727 320233 ,618467 839701 362335 392811 320233 217149 568102 758077 722315 102494 
937543 403706 684588 60624 124776 842516 707279 989591 887505 868320 ,403706 842516 707279 868320 13578 700127 340456 853142 916498 628528 
351823 282011 977360 949578 91935 523281 105389 645264 124999 887034 ,351823 523281 103464 158331 920136 83448 105244 204047 627795 715831 
332743 691136 116690 174566 652699 241103 415240 53663 829775 185360 ,116690 241103 829775 127237 992682 610222 890723 538301 341400 866533 
736847 315462 491391 348316 100584 200007 264285 731221 571998 733547 ,736847 315462 491391 348316 100584 264285 200007 731221 733547 819190 
810695 361833 439386 811571 221540 514163 326463 173073 292295 986203 ,173073 627816 379357 379347 366498 572824 786736 699635 340729 186560 
877330 911787 921966 909821 87472 69156 907628 402904 106801 877486 ,911787 87472 402904 949017 839152 59309 595658 183777 938204 15788 
270007 404414 937663 867553 803868 874092 528128 450912 551005 319973 ,270007 937663 867553 528128 77453 283200 899731 512165 723823 523194 
363671 363974 566394 526254 690184 350659 637421 605226 88960 152932 ,363671 526254 88960 152932 563779 336984 496752 79692 658263 364043 
825845 599948 448616 500063 106032 122240 510127 551695 960914 505300 ,599948 500063 122240 510127 551695 960914 340557 175211 763423 365808 
242177 283684 358665 238361 440419 101249 194488 458004 494432 920342 ,358665 238361 440419 101249 494432 920342 663619 228364 487689 58799 
899732 53755 708998 413005 477128 471008 666873 102010 476376 672805 ,768024 862019 190830 763955 672725 735237 971224 541493 824325 902886 
502178 458895 534021 599066 920650 521828 93837 953113 188794 852093 ,502178 852093 292025 59542 519439 725716 600881 510554 467377 749218 
329658 518412 712877 462576 338188 40472 183133 294886 806884 302488 ,518412 294886 205371 269649 977815 532968 511735 572887 214278 132702 
872081 554890 422638 336711 583848 751001 426844 887769 583790 905723 ,422638 336711 583848 751001 887769 905723 635186 214485 584580 525649 
688641 687561 293770 288837 296639 16413 366707 292763 562233 202334 ,288837 296639 16413 366707 203097 358605 553782 773476 290013 639836 
363567 278647 278676 337034 497702 663608 663910 429320 502774 522951 ,337034 663910 429320 502774 748770 609889 307973 784845 659271 502363 
605634 191728 191742 584097 655625 6495 586984 26595 579895 739335 ,191728 191742 584097 579895 739335 744870 548397 735389 136862 369606 
645704 646521 751115 921593 543274 750575 871303 868644 13345 403952 ,751115 921593 543274 868644 705660 978088 549384 543288 549786 871470 
194218 258564 247266 681500 81524 482622 613938 837464 121606 493240 ,194218 258564 81524 613938 493240 913248 193844 272660 507130 11387 
54186 186930 468023 252024 419814 110333 419883 488980 57446 700277 ,252024 419814 419883 700277 55132 477288 807804 55082 661395 810022 
528659 663325 567806 305321 567744 784792 482731 735372 151151 363373 ,528659 663325 305321 567744 784792 735372 708719 40560 784799 95859 
423735 523631 183349 130883 175935 459299 423247 430679 690207 517753 ,423735 183349 130883 459299 423247 517753 174602 742212 266040 215028 
767891 767982 640407 641475 641138 640983 640529 39680 641233 640546 ,641475 641138 640546 767869 891031 51840 443046 901101 854733 637890 
844020 541839 887332 886323 227078 17114 515234 887505 861947 596235 ,844020 886323 227078 17114 515234 887505 843213 473961 833247 726056 
28397 647776 125145 82961 403234 256509 985046 453678 810545 857456 ,403234 453678 810545 857456 801313 635609 121163 2097 358958 856667 
251529 555367 923528 410250 701136 704711 795059 48262 458384 378429 ,555367 923528 701136 704711 48262 924140 203883 418898 152387 763107 
839699 778245 884335 762088 778157 673729 674855 891872 994671 674896 ,839699 762088 674855 891872 994671 674896 607142 762128 673593 650018 
773016 809078 606072 131114 300016 536295 580092 831361 41006 373725 ,773016 809078 606072 536295 831361 41006 831106 831179 828893 762345 
671479 868426 420546 513709 930559 130299 724657 914788 921808 420460 ,868426 724657 420460 598413 873837 53830 525708 254395 664793 521928 
110978 633165 419092 234835 78939 518247 455281 455195 458727 417781 ,110978 419092 234835 78939 518247 455281 455195 458727 417781 859105 
170181 736332 742297 948702 636398 22985 860614 181291 95991 48214 ,484350 604482 48099 709055 740224 367331 463355 745951 72667 158508 
790301 901096 789923 417815 418096 849181 247237 350224 26307 839815 ,901096 741849 867275 913085 639119 476278 374054 935550 862698 96844 
501919 105103 515716 93646 97144 411424 524889 563880 292853 684500 ,501919 515716 93646 411424 524889 563880 292853 563495 186475 522153 
750947 198423 277239 132764 541682 310003 91648 93804 541443 752268 ,198423 91648 268681 560448 796946 88806 291952 903430 148710 379809 
690403 103340 465876 599342 691198 200324 265748 30520 413096 438739 ,465876 599342 265748 413096 526544 123056 122585 200464 264742 433831 
508327 684891 248667 111554 703551 798297 704277 440006 622196 508614 ,508327 798297 704277 577934 869079 898612 770310 678628 178494 59114 
56585 477438 448087 9471 768262 894841 768489 448294 448274 752084 ,448087 894841 752084 480276 54992 54953 448272 448213 9192 667361 
326400 576085 577210 577359 335953 886851 578938 75792 392547 663928 ,326400 576085 577210 577359 886851 75792 392547 663928 453653 660974 
913293 439278 437496 436086 912692 176696 859217 793068 712052 637051 ,637051 192010 463494 218061 235432 834959 218225 234152 744622 217524 
333504 509479 976696 846987 942974 875911 455342 927407 626123 771474 ,333504 846987 455342 626123 933882 972995 978623 137045 315306 243391 
249015 819460 371731 748319 967534 420926 347430 309360 589548 593365 ,819460 748319 967534 567013 963002 988775 20560 672063 988363 748706 
996412 996438 996549 996784 546621 996749 996674 640804 996721 469138 ,996749 895882 994333 469096 811541 801735 412992 322586 474246 410894 
50015 538358 864332 93590 46389 808908 538413 137151 733942 56765 ,714343 295772 579704 372687 772525 58364 899389 493518 950269 130696 
402031 597216 477973 537944 681211 398133 413206 476548 954298 55028 ,402031 410544 211478 11227 562089 42486 381586 746732 51758 810954 
637662 606965 653472 606889 426508 305431 451826 514125 451228 523954 ,606965 606889 305431 523954 415431 278993 158486 893579 426756 433174 
190271 405640 470408 86188 574996 88691 256424 184197 119401 553386 ,405640 574996 256424 233221 894402 598327 489825 345777 75711 121226 
768376 980927 67014 793884 327855 860848 860498 819293 161063 750728 ,768376 980927 67014 793884 327855 860848 860498 819293 750728 456752 
893658 118692 887597 334561 139529 411186 137236 947999 127805 968727 ,118692 127805 968727 537033 144387 777348 432624 549838 563664 112712 
300394 122897 174628 703725 248812 116987 599468 83834 326984 792131 ,300394 122897 174628 248812 83834 792131 161052 82292 531298 691065 
74674 63044 506806 258474 170647 942973 100820 776783 198986 277802 ,506806 258474 198986 277802 493648 964994 489999 689824 623168 290671 
759372 505736 606507 44924 661949 101685 163191 571679 472183 863195 ,505736 44924 979556 51151 161098 77764 219813 850698 998898 515041 
728842 619145 301 832325 874501 217088 935609 99208 59791 690551 ,728842 619145 832325 217088 935609 842684 618561 620709 605387 864010 
895274 157129 723577 920183 881463 441720 919449 504459 504882 847143 ,847143 913887 504491 522482 782458 879324 883576 858173 899013 498740 
392079 183571 492781 83075 208740 54880 71194 482426 819950 820049 ,225741 290813 481119 204384 14900 553483 275898 403454 259305 553301 
512312 513152 512393 406410 399443 290121 602968 301276 294882 725452 ,513152 389413 465156 389913 334209 832800 989428 972994 529229 17190 
832967 546499 842512 832981 546467 223985 546468 708784 546770 708752 ,842512 546468 443808 191114 885709 496822 430923 904536 253313 560907 
512140 513576 480467 715200 489621 583753 905189 538930 718510 331479 ,583753 905189 56046 719154 905266 513864 130931 977347 600340 207662 
343908 315228 345254 917162 346484 944832 473295 944320 923098 731642 ,315228 345254 917162 346484 944832 944320 923098 201755 266033 917020 
703973 756368 160546 906417 173350 595876 431755 70615 85144 168414 ,703973 431755 70615 168414 169269 751285 572397 302939 379056 530665 
396187 803420 146089 783693 81333 783845 841023 707168 918459 840397 ,803420 918459 19153 704256 309128 118444 872062 575235 566166 846974 
947667 513987 918910 34509 628528 39872 13993 932071 795888 79758 ,34509 628528 39872 13993 795888 39751 389534 85503 594891 509263 
143932 191828 522905 124868 16652 705941 146491 34988 587744 191739 ,143932 124868 146491 34988 191739 915494 425933 159842 293633 182334 
353104 426975 314481 548275 724824 831381 55790 55897 168854 338867 ,426975 831381 338867 430402 547237 13271 729981 227188 517176 56067 
540430 637277 540133 540431 540353 540330 853805 540450 259836 578317 ,540431 540370 129646 540434 616890 656641 853607 194213 430585 195421 
62655 77277 556462 735145 828800 744389 556938 738746 556361 740623 ,62655 77277 556462 735145 49982 563304 958639 66067 751455 668098 
234016 218788 607730 986945 47362 216548 877113 197669 276485 833144 ,986945 216548 276485 197669 833144 546575 753211 595992 877342 792640 
234838 233451 232910 232900 232994 290913 231230 265264 194975 468666 ,234838 232900 290913 232148 468258 603486 960990 355851 194382 238151 
471921 473442 716352 290554 229060 778631 271707 805845 501902 798756 ,290554 229060 271707 501902 798756 291726 149588 609570 976731 124848 
495821 900835 226522 226886 491419 434188 70238 900510 666563 69261 ,495821 900835 900510 69261 59136 906114 752386 61643 660553 659883 
13562 986993 460563 865151 986980 977995 533513 987204 874061 543563 ,13562 986993 302733 99562 132719 462195 66033 632377 852061 196696 
35578 586433 401171 177385 108591 586053 289833 795487 434400 508833 ,35578 879315 160129 397647 413043 402387 429461 404321 703476 318300 
2594 51276 175673 9628 736863 736691 742639 176191 371769 319196 ,2594 51276 736691 742639 14653 679034 133981 112495 928356 175802 
402876 202038 266316 255871 259385 10719 12999 110311 848507 403080 ,202038 255871 10719 12999 848507 429853 145807 625652 565622 699800 
114938 114567 115713 102112 603821 578615 910335 617680 42071 777625 ,114938 114567 115713 578615 42071 777625 65695 616981 937648 784332 
995303 556899 883875 406157 825516 71285 117506 884224 140568 643163 ,357724 360212 885844 643983 140814 308806 524372 717745 927869 541942 
811081 612461 871806 611846 328297 255268 219981 619773 436744 191680 ,811081 611846 328297 619773 609800 597500 764587 155716 330623 544419 
424756 546981 527449 384977 321192 893431 54283 722834 330820 47456 ,424756 546981 527449 384977 321192 54283 47456 35450 297526 488658 
805547 22654 65281 699370 390689 138857 765902 181869 524100 686590 ,181869 524100 724711 633839 678661 204374 237534 106550 123641 138119 
66910 67361 224880 125811 645199 487015 574069 500573 527051 514514 ,500573 527051 709121 133575 766714 965215 510794 426368 199645 72750 
550956 489727 904696 885257 664699 28231 666017 110299 914821 957105 ,473512 504714 52303 907969 829711 947439 217195 495115 877165 885367 
55540 536559 389443 571910 773776 385522 39122 682681 934316 683164 ,55540 389443 773776 385522 39122 682681 934316 683164 520981 541718 
838839 803632 831645 751909 562080 880156 971706 159820 841596 348825 ,838839 831645 562080 348825 773966 179959 313921 822323 972899 103421 
485304 688494 645199 484447 684090 481561 687892 41128 888601 736195 ,485304 736195 687615 665160 248736 766714 248418 909902 604024 863659 
668486 410050 441222 473028 812021 901050 617652 254675 670798 632915 ,668486 473028 812021 670798 632915 869157 499608 929174 670406 669753 
996136 996391 962555 929666 240982 831064 995348 570768 773928 773952 ,995348 773339 325656 460251 772856 560204 996071 910802 670174 884207 
684540 577131 86018 697537 684814 14188 344170 100572 480600 125788 ,684540 577131 303744 523547 149619 68768 509815 71907 684576 999645 
512533 1519 1703 460996 935261 460687 719040 88210 87186 997827 ,1519 460996 460687 719040 88210 714660 718612 490088 327558 704011 
434136 136833 702317 410289 282625 481081 465200 255346 182553 702675 ,410289 282625 416992 798841 435346 281660 601441 797748 511909 636597 
997941 103669 679190 876671 594781 929182 448566 880098 180721 482881 ,997941 103669 876671 929182 448566 880098 180721 482881 539990 595234 
233505 72797 622855 795740 189904 393055 74521 227528 796245 403863 ,72797 795740 74521 71685 269300 515647 61769 18720 748541 71126 
120347 565542 549191 719745 705914 3147 801965 72407 3133 309957 ,549191 801965 983881 331442 454159 588678 462080 486107 617926 339966 
967211 420990 452326 397194 397100 833160 913115 716647 558409 468938 ,468938 994558 718564 47016 374979 656541 44939 189956 459466 707730 
459545 664290 470948 36926 59974 459989 92581 246412 228653 862948 ,459545 36926 246412 866132 471138 200462 98943 246409 226474 226355 
74553 52327 53635 921066 921521 895336 910560 44658 895829 796253 ,200418 921170 755064 895408 913853 401470 985761 278180 226653 823884 
889543 894249 890169 559260 558984 996759 769992 187833 993850 774029 ,889543 890169 187833 993850 895829 536641 211107 880829 996441 922866 
235481 887202 886783 234700 490677 489649 826538 887020 757104 300842 ,234700 887020 757104 300842 982785 241059 288721 295470 54260 555893 
743384 982309 743771 415754 415800 416081 793354 909116 409457 978544 ,743771 968874 29635 43344 897461 879182 711872 572283 12176 628747 
496326 494853 506320 522302 739283 522744 789158 509530 492786 302437 ,496326 522302 739283 522744 492786 302437 502110 343506 362624 562679 
789011 607202 885935 282018 606836 707344 363941 323618 417031 517581 ,363941 417060 521536 53720 515483 378693 177042 501905 171109 560190 
109860 165766 214310 748672 167613 977349 504854 630421 20107 176186 ,165766 167613 630421 135029 174757 522865 149419 691108 174650 397007 
692543 832557 263011 756532 211761 621167 432126 62078 756154 935013 ,832557 316674 920336 980362 670669 912840 280408 718203 263972 68422 
116282 112460 40892 899570 599461 41564 893530 816757 539587 539627 ,816757 603710 656472 599359 131557 569454 601314 40808 655134 446456 
117699 490299 459397 107230 637428 125636 493408 489228 312576 109373 ,117699 490299 107230 637428 125636 493408 489228 312576 109373 506800 
125318 989641 292026 527246 367685 114362 588521 107241 534677 160630 ,989641 114362 160630 508376 699625 808147 452863 840749 859424 459456 
234935 234048 234519 318127 359571 298433 807305 323628 883885 97836 ,234935 318127 359571 807305 323628 883885 124094 316875 769683 417095 
486759 506376 505733 512855 512225 244671 409786 409665 245499 162525 ,486759 505733 512855 244671 409786 245499 913896 271201 70408 232861 
909440 475026 411350 678688 657549 50016 648657 104119 929970 559230 ,909440 657549 648657 104119 237771 915477 483798 6514 684701 228276 
147260 861281 546362 614715 205087 269365 751511 782293 698083 126226 ,147260 861281 269365 205087 782293 698083 126226 725557 144074 136743 
62204 746183 999475 511999 681762 494395 191803 263387 997707 919312 ,512135 607808 396402 768705 855287 861766 204685 843044 919504 996950 
511984 405541 992071 894281 253435 636472 569374 774780 669387 984870 ,405541 992071 894281 253435 774780 669387 711100 298166 846541 404848 
908531 116079 112707 987365 845979 215969 79463 556067 937445 246597 ,908531 112707 215969 79463 937445 246597 476539 112461 158416 869342 
533039 54073 640554 52267 379336 44271 519008 754553 44348 53293 ,54073 640554 52267 379336 44271 519008 754553 44348 53293 415353 
734902 986981 935623 378942 734415 872921 636655 934579 885143 94027 ,935763 221258 39770 601681 734861 438255 744709 84598 147968 65821 
374781 777790 765761 374552 374089 374281 374303 948373 149199 907010 ,374089 374281 777569 869505 861539 374122 374102 552801 374873 375697 
216962 248759 248298 768351 541345 212847 765680 768263 673319 426129 ,248759 248298 212847 673319 601208 190636 28210 766953 541338 601513 
233673 356395 233410 712467 344722 838764 817714 345445 136439 712437 ,233410 712467 344722 345445 136439 43917 579756 619570 838975 621781 
772872 772784 715481 715791 985863 991113 973692 801057 222216 648298 ,772872 715481 715791 985863 973692 801057 222216 648298 373557 145804 
849934 849675 98484 687289 700130 631474 262845 111538 363134 142110 ,849675 687289 193734 166040 166362 519979 299337 411429 287462 553497 
637799 617840 808012 808083 441194 826824 475030 910295 386856 641593 ,411197 617385 878095 152039 683857 903404 616642 641249 598642 496216 
102648 246571 28375 28945 205050 269328 498248 227550 246693 591773 ,102648 975024 92873 232416 785202 355139 534324 156897 462455 877772 
907929 236146 83494 77686 84000 718475 450192 718234 910668 479205 ,907929 236146 83494 84000 450192 718234 910668 479205 760576 114830 
120632 748811 964247 349195 714263 370312 292831 805152 805762 289171 ,139211 679916 748430 119536 887793 341388 574659 58625 863884 278938 
700427 656119 652278 769398 656936 789512 908869 654561 718615 616113 ,655283 761892 765690 769263 996416 213482 655712 423577 657320 615322 
321639 321577 724034 430455 519644 510263 761696 261875 517912 305027 ,363376 426507 51634 510307 762124 305124 130336 232473 363695 350403 
729504 429787 429864 333296 597830 542985 630092 90698 895684 309145 ,729504 429787 429864 597830 542985 630092 749721 67152 200073 264351 
734249 629717 541231 554985 760899 833575 647072 663771 830899 658442 ,647072 466165 221526 337581 838733 207572 118603 855016 677113 563113 
916431 734362 737774 734395 743338 734575 737542 743465 745494 916324 ,734362 737774 734395 743338 734575 737542 743465 745494 916324 738008 
845369 979413 354843 501042 323960 2010 159703 465133 634133 146531 ,603140 809290 406004 165714 399114 771971 754258 421976 826212 271204 
582495 581920 233188 603823 351837 995004 327196 391586 365956 729299 ,582495 603823 365956 301442 533512 610437 243122 533684 683023 232537 
642707 614360 122290 141685 869927 566430 364322 19426 40902 141401 ,122290 566430 364322 19426 997178 846326 997482 824121 856988 869849 
4162 193836 272652 862145 513866 194789 273605 225566 402172 276137 ,4162 193836 272652 862145 273605 194789 225566 276137 130728 491295 
210522 473986 192903 660651 92418 237526 283239 823439 802427 375896 ,210522 473986 192903 92418 237526 210418 915572 826970 228271 228491 
345794 361648 67312 425223 304437 343372 808291 349340 10722 808519 ,808291 808519 724258 391870 67704 201293 948907 300150 390724 603100 
970076 27448 688233 646666 220101 6621 220253 934268 26204 637575 ,970076 6621 688210 650466 996833 695637 695952 606336 920206 803262 
927955 266132 735552 119430 747381 553486 577294 737772 829335 740918 ,577294 829335 670500 689519 669100 679719 747514 770541 689702 809753 
528899 528880 400843 932246 325591 535560 100105 535794 379386 947014 ,528899 528880 932246 325591 535560 95989 862511 924284 731850 99911 
339960 679566 812197 890024 811959 940942 599748 812154 233587 168577 ,339960 679566 940942 322086 46881 251397 511919 596249 947486 927985 
915537 501782 441127 946809 516993 325008 987512 349253 240686 944458 ,205891 488519 120997 596208 964548 599021 273110 500269 620985 275067 
510920 797058 137396 576038 229090 352936 40676 234183 513125 232513 ,510920 797058 229090 40676 234183 513125 232513 342941 388720 158394 
391081 394032 962558 790229 104176 94626 888566 956835 390999 514346 ,391081 394032 962558 514346 396043 59647 276079 840297 26722 913887 
511087 510888 510932 401101 510895 462600 422583 30346 285226 151266 ,511087 401101 510895 462600 422583 30346 285226 151266 397232 528664 
500803 795402 499751 497250 795292 434199 14016 116562 497125 452401 ,795402 22855 158849 19368 721785 528943 785836 514408 408099 678757 
631797 959569 111797 156639 549281 529061 3292 886907 90352 2002 ,631797 959569 2002 16652 586603 303734 284327 551187 551435 584527 
807714 642062 73061 910669 900912 253067 808513 526166 114829 134680 ,807714 642062 73061 900912 526166 114829 134680 108005 476815 760649 
612797 613809 956942 76397 116356 582974 146527 269300 154188 116345 ,76397 320514 61085 590108 287514 353766 220378 802956 270205 512855 
207189 406492 207166 54664 340338 477249 913733 820584 850301 639938 ,406492 207166 54664 340338 477249 913733 820584 639938 477220 52435 
844669 813807 248943 910959 441744 420950 439322 66909 250193 753494 ,844669 813807 248943 441744 420950 66909 753494 884914 481745 779704 
775708 582891 486448 487188 626458 969889 764092 551235 776877 288872 ,582891 487188 316549 629672 485480 628953 713220 918723 198644 206750 
374085 853147 762983 853606 852773 373852 666953 652821 824899 837572 ,446754 446869 666738 54791 809861 666755 190722 830136 757130 101554 
319959 944560 510526 770872 77526 764552 407533 407268 461993 78139 ,319959 510526 77526 764552 407533 407268 78139 347442 334216 37931 
215529 958047 215514 229916 822173 239704 964724 685025 69918 465859 ,215529 958047 215514 229916 822173 239704 964724 685025 69918 422621 
234055 747838 231558 423937 418963 36129 467176 467100 33958 126753 ,747838 231558 418963 467100 779637 773507 805850 822885 681731 994201 
287515 433557 697323 806375 714439 497044 583912 144602 430346 590706 ,433557 697323 806375 714439 430346 590706 323497 416447 37397 341020 
611527 777701 778276 892280 610557 612487 892590 652724 714003 611355 ,611527 777701 778276 892280 610557 612487 892590 714003 611355 961894 
350498 80857 379729 336671 179496 169689 776800 352141 272485 726491 ,80857 271959 698558 177072 248643 685197 724108 790724 193236 180887 
523895 95745 118855 694656 432919 414971 872576 105588 925938 695914 ,95745 118855 432919 414971 872576 695914 493174 153611 781139 83354 
6070 919617 138184 673324 8486 411888 118923 674756 673335 862760 ,6070 971540 468907 673584 861956 113423 43190 759976 838773 447433 
896466 683707 590712 896297 709795 897065 930316 145644 99499 709494 ,896466 683707 590712 896297 709795 897065 145644 99499 709523 902679 
610940 611972 611882 612475 612376 845509 611250 387685 343254 382904 ,611224 587561 310906 364317 668039 194189 611190 634991 530238 197530 
499476 855380 632234 450460 498426 365261 474462 632558 635084 497763 ,499476 450460 365261 474462 632558 6435 856127 272257 846237 281090 
611775 372929 613047 804518 63818 683600 332481 610985 142522 500481 ,611775 372929 332481 142522 397856 189497 541063 901332 773417 275752 
747173 853299 241236 711649 236757 198363 717806 117031 853094 936625 ,853299 236757 117031 936625 108732 107694 107623 128461 943746 744534 
296270 714059 847922 414280 74493 40878 6778 566213 905839 295098 ,296270 714059 74493 6778 566213 905839 295098 54762 497742 298752 
732573 291948 921975 658684 458756 508608 93998 452427 214814 508772 ,452427 214814 804072 595448 921842 305428 700622 510011 292141 80455 
928767 487049 43810 349465 842129 598382 416329 454019 238308 257067 ,43810 454019 547672 162687 121957 803136 402872 20834 135791 822272 
407297 418490 613351 347551 610745 664684 626235 186777 553883 155581 ,407297 418490 347551 610745 626235 553883 884733 629905 660318 245591 
330623 871806 597500 611792 611683 588967 941294 328297 659277 818787 ,330623 597500 941294 328297 659277 299132 280573 592913 114521 521449 
613052 612587 612529 613296 613757 611536 612219 840516 257830 514898 ,613757 840516 841029 578680 761673 577866 977382 772448 233617 911387 
511158 430743 390566 752337 522971 914309 193968 272784 391579 480227 ,430743 390566 914309 272784 391579 193682 229634 803 753050 17725 
877366 50128 881074 920665 971884 557361 503388 390434 676221 788317 ,379861 236921 837345 674009 834245 858151 139086 225098 552500 211182 
521227 27780 702598 611239 28778 836329 201420 265698 746181 73079 ,702598 201420 387480 418544 196718 828580 116586 197992 938328 628934 
494321 491950 496057 597954 391313 562238 278169 730951 396417 394638 ,278169 720624 400528 793272 544962 894501 206319 276931 363235 718991 
862365 862635 821259 848740 848816 646279 24722 24915 833323 821333 ,849383 996786 732385 190597 636924 853717 863251 886300 672635 861771 
770660 630609 899645 45725 378873 994232 87895 559404 90140 847124 ,630609 378873 994232 87895 90140 520916 880461 537783 906225 379018 
8356 7797 511325 806838 792323 349404 942656 863588 106024 407483 ,7797 792323 942656 742445 144181 889940 886884 500032 795002 501537 
911252 579563 623693 911351 906366 255674 357244 30290 474314 598538 ,911252 623693 255674 357244 598538 634528 333355 668241 14346 5828 
962535 634874 214580 208310 102169 208681 961786 208258 634951 985694 ,831977 124290 224786 186398 681776 969008 966916 255910 545950 219521 
223261 977371 598410 524055 849323 388660 217666 362011 628818 921921 ,977371 856151 561018 861970 597029 240622 707677 268240 203962 687593 
474152 609583 677517 171567 650942 642090 972598 612568 837067 636171 ,609583 677517 171567 642090 972598 612568 837067 636171 641710 964223 
835630 603623 900318 900316 836344 900614 207961 556925 666965 786941 ,207961 556925 882497 853439 986338 566863 889792 962491 445962 603549 
347648 997936 782365 283041 799739 927866 999393 50518 927703 281659 ,347648 799739 50518 160965 778883 905156 944764 905101 188056 318527 
262413 982779 431749 749299 350785 430086 94902 88861 320688 966179 ,119271 100151 864913 105224 940959 96094 292487 709366 843316 423873 
878443 358152 396792 73715 651819 967534 354412 75541 598590 798766 ,878443 358152 73715 967534 354412 75541 944808 708403 393772 196996 
215934 551164 406049 308070 550816 981232 553442 428771 924929 622531 ,215934 406049 308070 981232 924929 726551 911448 899315 193947 895381 
755152 851757 852387 208242 405884 986077 11070 886121 880063 886000 ,755152 852387 208242 683033 513813 496767 901166 904536 512690 902152 
533447 107410 480590 484333 302961 401481 48850 523555 918438 482666 ,918438 482666 90932 317109 55965 179082 584895 461209 78916 960162 
917134 917563 171369 844131 834538 918003 223522 879760 198198 277014 ,917134 918003 223522 198198 277014 198734 277550 405580 917204 391453 
334140 127982 900872 832629 670639 400808 375690 668705 70408 128180 ,334140 127982 400808 668705 70408 128180 129695 641499 880981 907702 
959086 774598 324586 353941 782200 340474 232021 630855 589689 97670 ,324586 782200 232021 97670 167168 398472 524457 95302 345489 310352 
568861 924999 184673 686479 767363 117898 574331 144794 280473 219719 ,574331 574725 156677 692812 633104 493581 606155 126391 841252 434198 
128386 859581 897217 2098 481510 326400 17522 734029 318638 988467 ,859581 2098 60223 802300 584770 505313 377300 441686 682549 109512 
925732 106805 72922 108921 866335 82265 154586 727481 776306 74223 ,866335 628640 484733 166635 72022 688588 870376 465540 379116 538811 
626551 236392 256595 630937 25709 838872 543395 627145 210684 40776 ,630937 453270 620628 4411 961460 864837 916646 809834 247168 703254 
80553 22435 326534 693766 129725 463916 480550 584064 77045 64812 ,577083 727830 484930 740849 174829 125212 251325 581528 45628 272494 
342740 342908 357515 357300 344377 356694 359981 396540 340691 355796 ,342740 342908 357515 357300 344377 356694 396540 681437 345220 23012 
77214 75694 78720 861896 78469 77249 789493 408909 77187 566845 ,75694 78720 78469 77249 408909 566845 427909 375346 92577 842614 
144330 19176 407156 503611 214973 265908 597477 408830 344620 687770 ,407156 265908 205278 419552 907544 267450 408806 287979 58681 968584 
228086 301452 44678 867056 872382 106296 27495 450453 592617 165424 ,44678 867056 450453 85640 74712 54044 26896 406604 433099 155978 
112437 131005 401974 112875 304412 605806 565760 143372 562246 186096 ,220048 123293 562247 198963 247187 660804 800405 584180 561938 877337 
735673 117942 405154 735457 834590 80216 835371 78518 907864 754191 ,735673 80216 754191 81388 552523 116743 212039 901019 947339 477763 
924316 925550 609736 785288 799531 329532 609749 609752 892678 204028 ,924316 785288 799531 329532 892678 469610 473613 609835 998709 473147 
512740 915025 418950 38480 732833 39457 29559 798038 334660 347613 ,418950 38480 347613 375516 588569 902256 415013 375573 375166 567353 
72888 500976 59755 482684 46225 414309 59419 494103 60842 992912 ,72888 482684 414309 992912 236283 485137 498975 219939 329041 527007 
40309 40406 930448 525940 781675 329229 432800 931296 733923 119718 ,40309 781675 931296 119718 747630 395077 737197 633263 509116 966629 
851889 858173 867782 193819 272635 856180 443311 879931 852659 194161 ,856180 852659 905416 940784 679259 919953 946969 970367 444859 545267 
977136 977155 826000 545900 789586 401489 995239 826283 994979 789280 ,977136 977155 826000 789586 826283 994979 638242 646064 994715 673192 
740440 73768 962854 740142 350116 97608 661242 740203 798749 857095 ,740440 73768 740142 97608 740203 798749 857095 739913 432013 736436 
489794 628111 419241 933449 316854 312089 566823 932869 640247 257980 ,9343 656829 142403 637004 297193 873667 649479 113948 417518 773848 
689896 753927 690028 724525 547283 615109 690483 724576 987176 725609 ,753927 690028 690483 987176 336755 987097 472634 168520 430825 529328 
293778 615871 364081 515548 128828 532172 86526 292690 151185 924920 ,293778 515548 128828 532172 151185 924920 554728 606963 337119 723608 
650688 648045 650805 648046 793719 809031 651544 554264 649131 792389 ,648046 793719 547730 128772 460299 60700 461090 88683 728473 903381 
363905 454409 525190 323824 723116 322681 717458 193650 438275 363476 ,363905 323824 322681 717458 193650 354947 520741 272778 505944 96537 
637422 80008 43909 322495 121930 79995 566392 321746 919853 480888 ,637422 80008 43909 322495 121930 79995 566392 321746 919853 480888 
322286 308336 813929 657333 656980 329999 210777 573637 526730 306512 ,173272 798626 266086 597074 634370 514963 204603 268881 706488 13608 
849577 820615 820901 642139 820720 904062 820781 640589 989971 891864 ,849577 642139 820781 434276 892870 676784 45832 824413 808103 891662 
466196 546657 974833 475205 577661 680176 378813 304460 187868 1389 ,466196 974833 577661 378813 304460 187868 1389 681580 988376 441649 
548638 616927 806556 903008 806751 428738 420270 725769 98748 653249 ,616927 806751 725769 98748 113183 690821 475110 516935 559615 430600 
558675 427895 84631 427958 687729 85036 558762 463884 410983 764387 ,427895 84631 558762 521116 477411 893090 378749 914277 217577 384351 
12956 867837 554988 15038 670130 14657 12885 68959 461036 917005 ,12956 554988 15038 14657 917005 469937 837733 985139 114307 224954 
481466 214973 195578 274394 480521 482037 909140 471812 20800 377619 ,214973 482037 497172 505220 484065 512743 746328 416270 817581 351340 
879790 441678 840050 850948 918796 682848 830837 69071 248046 756874 ,879790 556127 229470 667793 840874 254473 681752 267719 522995 206261 
977056 976790 776975 982263 787931 422703 716682 569306 444045 30379 ,776975 787931 422703 716682 444045 30379 785078 785530 444277 30233 
502935 366008 2481 229113 95324 1890 663102 279261 3816 356175 ,356175 420960 43944 289339 125967 432911 488246 343047 982583 505200 
338049 364740 57605 229178 53153 254155 499919 106810 337752 799822 ,338049 364740 57605 229178 499919 106810 337752 799822 305220 101242 
67233 809991 16532 172320 822748 16584 467094 124128 463875 195676 ,16532 172320 822748 16584 467094 140882 751789 718995 723025 485832 
9457 868421 283557 927569 806876 487559 488690 173629 174998 215102 ,927569 487559 488690 294761 482434 469791 171913 615652 77758 974298 
746492 961533 771328 746813 25598 95813 491865 9841 814181 519493 ,746813 25598 519493 980968 892813 94957 421660 661426 86066 555216 
492561 494682 94945 768384 96097 370171 298930 822553 507883 494950 ,492561 494682 768384 370171 298930 822553 494950 509197 493730 335542 
893692 913324 56352 57215 847408 557515 45730 238412 557044 894312 ,913324 557515 557044 461993 109397 897981 558760 526039 38167 556023 
105910 280435 285770 290385 246585 663400 486303 108059 497353 291973 ,105910 280435 290385 663400 108059 497353 293254 77741 298440 458259 
294268 587475 23725 148099 389431 126640 677629 829916 428833 715073 ,677629 59695 397933 614436 294115 381306 687665 794303 146059 597911 
601554 193541 272357 892189 791343 52350 754407 984690 259849 67518 ,272357 193541 791343 52350 754407 984690 259849 67518 571407 260198 
457418 594248 921999 301989 373648 488968 211970 398678 681773 472205 ,594248 921999 301989 373648 398678 472205 15615 273277 194461 597415 
72838 88741 60133 85442 92849 9415 9256 511554 821940 70380 ,85442 9415 94716 87094 821921 71735 348831 815402 420682 638036 
721978 996319 771749 806857 3505 530099 521051 471287 330824 809046 ,996319 771749 806857 3505 471287 399216 12489 241340 2293 341691 
703106 823693 193556 272372 273181 987479 65168 63392 478692 258749 ,272372 537122 795391 720522 824665 980292 146595 448511 245836 990995 
68326 690495 68388 122159 661785 638073 30568 69619 815522 482242 ,661785 30568 815522 815647 206 83882 525226 815067 84257 547186 
85744 715284 319769 122636 936308 122605 3506 706732 198092 276908 ,85744 122636 936308 122605 3506 706732 198092 707650 489179 705248 
526936 887599 18390 193664 78581 341388 998504 194679 273495 326551 ,887599 194679 370312 462248 80662 405162 99211 497110 932361 834503 
542697 224142 241659 561968 835277 962810 358371 226391 974626 971698 ,648985 296892 264052 899371 838159 641751 11540 635180 920224 634863 
446621 445489 446916 446761 445164 445509 446448 656038 445636 447296 ,206742 687882 443418 994302 786176 814770 30695 245253 637776 716754 
98163 492781 486586 363237 288629 193355 272171 291296 618038 61117 ,486586 363237 288629 193355 291296 618038 732842 500550 165295 877298 
40166 43398 218750 43025 43114 40215 437911 42931 910480 442988 ,40166 43025 43114 437911 42931 910480 442988 43565 572689 657948 
260958 982176 139075 134723 137137 758927 117511 936181 816798 816089 ,139075 134723 137137 936181 816798 816089 816636 819727 873836 815924 
446509 446199 447118 446354 446815 445911 446363 446892 446048 445671 ,447118 446354 446815 445911 446363 446048 446678 446159 447224 446923 
488099 889929 101293 868493 110940 21742 605359 884151 705979 748930 ,488099 101293 21742 884151 809233 450273 619990 96988 128936 600462 
36786 424038 452152 536366 408247 960799 787842 448354 905012 502180 ,960799 448354 905012 560104 905043 560328 905033 131572 809748 363933 
987402 436330 987386 3768 441958 796391 434970 483443 748474 960951 ,878280 19284 147235 522118 322527 31427 845028 695413 526124 840976 
393222 432201 981693 460396 933767 693145 724352 663638 119774 393454 ,393222 460396 933767 693145 663638 432795 845290 75358 620874 896440 
446490 771606 910833 554797 445367 829511 610180 925070 23933 654094 ,648638 445876 777028 684470 443974 210864 780941 443729 445161 788425 
461099 814584 814811 814642 828110 814670 814684 993147 616894 692916 ,814584 814811 814642 828110 814670 993147 692916 827167 478146 592431 
471096 68905 179496 128271 472758 678443 979106 83091 68437 472670 ,108773 414033 510916 107750 158348 36794 85885 721870 471555 526255 
165224 918143 723285 573567 153571 551752 573125 966547 174971 152586 ,165224 918143 573567 152586 945606 515799 714197 457701 603029 745497 
795988 476944 693598 558542 411802 864576 295480 685361 475780 54639 ,693598 558542 411802 685361 57422 218839 796143 480143 933869 689520 
30205 248694 659091 678008 51327 524849 663226 281262 104719 363807 ,30205 678008 51327 524849 663226 281262 105095 305227 299733 524746 
879726 898041 879841 571210 570355 639952 854195 641485 604233 669118 ,879726 879841 639952 854195 641485 47351 641702 102663 849355 542948 
61561 695103 60422 697166 694537 335825 384503 695211 309749 724489 ,695103 697166 694537 173092 67818 968453 396701 899738 696594 311720 
749355 358753 6084 626703 311103 283777 367477 749077 6434 288145 ,283777 288145 281993 845986 224781 391134 453129 156482 169774 346258 
246179 840605 838939 856235 129601 471142 941470 955461 942775 955319 ,471142 509952 357068 88988 263430 160406 918535 772661 917599 355532 
523255 794382 727929 124081 573423 915974 43300 911660 59467 352557 ,794382 573423 911660 59467 724302 794411 628856 144330 732391 21019 
733568 986712 730256 896089 896415 809257 730088 742874 730150 225393 ,733568 986712 730256 896089 809257 730088 742874 730150 986650 187700 
569315 154572 121931 157716 920599 82909 152404 305081 51398 525539 ,569315 154572 305081 482240 806084 481557 89638 83409 95883 86636 
361434 795426 29452 535668 929697 533023 426601 491198 506858 606192 ,795426 506858 606192 322020 607092 504906 606432 426698 76988 775866 
963669 791240 590306 318228 879052 535280 760559 29022 631827 879282 ,624763 790495 495594 186409 779670 61045 859020 777535 893788 593451 
82761 94145 663608 112855 238502 515030 471877 56041 708401 512746 ,82761 94145 471877 56041 708401 512746 515260 429321 294071 347257 
232887 91796 88353 87979 193061 271877 86643 224653 350686 27426 ,91796 87979 271877 271737 192921 520594 420042 86667 658249 337787 
226013 554921 122385 919375 619899 225827 919582 554917 868025 378117 ,554921 122385 919375 619899 919582 122058 585135 103506 16864 585117 
262085 233481 151596 451456 439610 16735 476709 16871 823751 685550 ,262085 233481 476709 16871 760333 658210 363475 30381 524873 450897 
890364 642597 477011 598697 57249 185421 57966 954592 83797 776833 ,890364 185421 57966 83797 776833 107408 385294 196818 149430 597377 
866754 999818 411668 477966 282650 225532 89325 475341 807705 82383 ,866754 999818 477966 89325 475341 82383 475245 799223 799151 58710 
916883 780739 44043 480556 299658 519229 323366 484224 540814 471937 ,780739 44043 519229 305119 674541 98892 439564 554626 960990 662605 
523052 834252 425033 523395 152560 555586 199268 278084 845746 842217 ,152560 199268 845746 977287 958574 845526 885608 725209 628046 922805 
575054 212290 35445 587862 846819 796734 691908 772923 383413 933378 ,796734 481702 401344 302333 929396 851086 73752 138223 350539 193630 
161741 602674 301544 919235 528562 133828 104854 105016 136844 946670 ,161741 602674 301544 136844 523454 138209 257029 216371 673899 526841 
253718 253170 683284 590149 241389 231782 252454 893820 231883 683248 ,253170 683284 252454 231883 828366 241852 516362 874701 330983 204106 
283503 93282 864020 821064 967514 376045 398565 660169 616821 415201 ,93282 821064 967514 488744 412065 547701 872525 872722 590252 215618 
294 379055 695267 973859 669417 669465 482620 265265 509591 669515 ,265265 509591 93164 696510 239980 999408 278005 431159 926777 337598 
348474 8582 8774 687164 678986 390196 223053 719275 932187 615205 ,8582 8774 687164 223053 615205 483478 685673 884745 565360 901432 
15789 786730 88214 394587 327957 93302 972271 499483 340133 872339 ,15789 93302 520082 155816 599198 747103 270240 208612 382995 732579 
659407 987290 576308 139715 491293 401145 800302 602492 18128 659360 ,987290 18128 942573 21210 70148 234235 889352 603862 285303 949910 
930200 346353 506234 507509 10438 868430 347907 328397 984375 822545 ,930200 506234 507509 10438 822545 937893 844083 483415 731182 307226 
648271 909923 543177 213350 247181 337632 970075 176090 543006 616099 ,892696 979572 473536 889167 292758 568330 607142 62477 140441 637776 
573429 422582 784774 48437 422512 790902 23971 790965 444648 893417 ,573429 422582 784774 48437 422512 790902 444648 893417 23763 502246 
378180 283461 691959 377272 664484 697231 78882 823029 832796 571958 ,378180 691959 571958 532 326457 980380 664845 303663 741278 343779 
142000 773706 617736 677412 774080 754751 326874 774167 32463 675133 ,773706 617736 677412 774080 754751 326874 323151 825742 429961 825538 
80007 79978 80147 825958 188705 522441 80891 601599 919852 261517 ,80007 79978 80147 825958 80891 601599 919852 261517 511323 279854 
562206 876590 635630 97535 945687 724285 596911 199074 277890 952045 ,596911 277890 199074 695681 173539 513895 62748 844109 125135 397958 
763290 498452 352186 354536 740211 357588 740684 497514 316403 763525 ,498452 352186 354536 740211 357588 740684 497514 316403 127661 738347 
518777 518938 854178 855082 512013 511893 614417 519111 363585 85597 ,518777 854178 512013 511893 805513 635043 635123 530215 613400 512139 
344273 346580 127103 416350 230107 119314 327559 360959 714659 239384 ,344273 346580 127103 416350 230107 108721 86521 296902 741825 715803 
974615 980354 339966 355251 976513 975403 340893 354429 357640 454919 ,974615 976513 454919 255095 343448 454856 433471 929454 561156 430516 
354924 765106 176625 208713 122217 976591 435476 606561 904565 537372 ,765106 435476 904565 434576 157779 105049 602754 800769 679109 22329 
483500 483336 31523 766012 937391 396812 596141 957750 935238 929608 ,250397 9066 660719 672436 374035 243316 411149 131817 3381 888022 
579073 323363 598805 324719 371412 205846 270124 284401 597841 812409 ,579073 323363 598805 324719 371412 270124 284401 597841 558317 347048 
974152 955551 836130 582898 473789 540566 886522 879632 571456 898973 ,582898 571456 898973 668113 806270 656435 905662 351272 974187 560577 
862092 38736 38034 191144 755974 781455 37893 870426 191062 718915 ,974190 787902 417349 646365 38719 667202 424425 421541 39822 861849 
975871 327036 195962 274778 174482 495448 860838 515529 515528 289953 ,975871 327036 195962 274778 174482 515529 515528 347040 297948 618821 
776506 619959 621329 889997 986986 820119 341573 624915 853773 910645 ,776506 619959 621329 889997 853773 247189 862148 776038 852965 228818 
579713 19144 614135 978414 257533 199461 278277 100005 482566 257359 ,614135 326471 488713 257068 426368 100252 295240 815081 899883 495255 
329223 693998 239970 745349 633080 743433 235957 787125 545769 516760 ,329223 693998 745349 743433 787125 745466 574486 511472 786778 615894 
22166 844254 682343 843248 971841 971537 693936 569424 24224 789789 ,22166 682343 569424 24224 354795 594793 94631 982616 965844 600669 
455298 678944 412134 455990 350581 427563 472375 713863 566545 385015 ,455298 678944 427563 472375 566545 566476 120865 347623 759478 380468 
466901 263944 148920 145332 142542 379545 172357 512945 986840 645556 ,145332 142542 379545 645556 812050 185749 190278 769718 631306 521680 
830953 515324 669870 515462 962634 880298 54200 478462 479493 478355 ,830953 54200 915586 5238 449633 747131 555086 899736 100871 879711 
294738 300849 466347 439506 713267 571838 44738 472112 748609 17939 ,466347 439506 748609 425512 308607 708537 79505 153452 42323 480029 
303214 512372 450246 603188 168522 449789 280469 22036 730630 523565 ,512372 22036 306970 369166 408975 430723 271577 192761 25456 744298 
354586 246693 246584 186221 497422 54187 459174 497077 254124 232407 ,54187 497077 102648 50504 255862 594998 82226 364616 459125 364468 
722949 452048 333016 814009 544549 189013 812882 837491 251202 545199 ,452048 333016 814009 189013 812882 251202 720463 235646 981356 544316 
618842 569178 107468 476215 762217 5447 543133 5868 108097 51349 ,569178 476215 762217 5447 543133 5868 258846 235792 37728 570259 
364290 560898 82621 154831 292497 153327 293498 364985 82886 795157 ,293498 501800 921861 471512 112130 662241 93482 487406 279279 112099 
784607 7869 521697 56186 57027 49304 383965 862737 302439 801123 ,784607 521697 56186 57027 383965 421901 252778 870957 380880 300788 
880665 641918 541541 900896 642713 747960 894367 952510 892918 769892 ,641918 952510 374059 903138 411013 87275 131188 839381 839347 42233 
660505 291209 490413 660808 321079 433510 695366 291578 351140 489177 ,660505 490413 660808 321079 433510 695366 291578 351140 786299 457944 
664408 455810 43981 664677 509548 146717 713492 454653 166960 333354 ,664408 43981 664677 713492 454653 166960 107149 110616 132392 165929 
730933 928577 274816 975288 720639 823260 479631 198229 277045 700024 ,730933 928577 975288 823260 471953 301115 853241 474023 926388 470947 
533190 709338 246935 443707 131589 351781 908318 249097 278747 431441 ,131589 351781 212521 337802 254844 246569 132877 431842 31062 338202 
650817 42205 95791 95172 728415 454978 968888 807928 278746 416534 ,95791 444457 547228 758829 141555 783276 278960 452381 225987 31332 
348030 319456 319202 357718 312192 360810 315031 363342 348726 496644 ,319456 319202 357718 312192 360810 315031 496644 748707 343049 502112 
826888 242272 323396 653582 653958 26671 516547 560727 815842 22112 ,242272 323396 653582 653958 26671 516547 560727 22112 982263 542814 
570632 479623 391996 694034 839024 547144 388469 914250 215551 115018 ,570632 479623 391996 694034 839024 914250 387330 762546 640071 459762 
770894 534629 831118 608278 422733 838551 831215 780480 132083 424051 ,770894 534629 831118 831215 283050 556621 805787 534553 977982 619027 
855394 45563 912491 790196 936033 216896 45135 65562 129983 116119 ,855394 45563 790196 936033 216896 65562 116119 480152 11818 212951 
108584 549281 37240 791574 167104 129464 170964 311243 933045 706124 ,108584 791574 706124 551372 679093 623561 980420 563572 59065 399361 
549305 551416 600643 40353 798186 948196 959570 425185 692435 172922 ,600643 959570 692435 958902 683178 549825 193826 272642 564 561500 
351650 337955 837088 82479 352278 352853 351088 895301 452426 352162 ,337955 837088 82479 352278 352853 351088 895301 452426 352162 890712 
592736 497260 59299 488007 702733 992992 591243 341535 630347 482684 ,592736 497260 59299 992992 293966 597776 294536 734287 150626 867145 
447299 824480 447431 445924 885911 446050 891538 446126 446398 445740 ,447299 447431 445924 446050 446126 446398 445740 447006 446302 446152 
754440 159426 344678 162166 99947 841983 159884 198430 277246 843454 ,159426 344678 162166 99947 159884 198430 277246 843454 274054 195238 
81333 656436 595288 595209 831597 773987 609951 115611 979107 905318 ,81333 609951 115611 722914 69917 964815 5946 80402 557767 29543 
257680 859408 58824 919382 194859 273675 920200 584854 958340 847222 ,859408 824710 610221 191486 923014 855420 923449 193693 734218 815045 
748397 748193 175336 716433 112586 107281 368246 340288 175407 953387 ,748193 112586 107281 340288 175407 491554 108257 279356 279095 355111 
448400 665953 666124 448509 448607 605470 470179 791808 665882 944990 ,448400 665953 448607 605470 470179 791808 665882 944990 248094 400187 
998933 227483 449213 998355 310884 709835 721651 744305 823210 997692 ,449213 201086 433571 845278 165222 3763 796348 421275 151563 437419 
670160 473361 670279 670216 857081 929135 473365 857227 667875 793308 ,670160 473361 670279 670216 929135 473365 857227 667875 969363 541907 
674863 504645 67152 574453 845166 951053 206583 966361 491780 822934 ,504645 845166 491780 441786 441264 703362 377411 796072 595735 432082 
962014 963747 854939 849774 889923 449583 960013 546790 854694 649457 ,649738 766840 541923 675024 759519 933344 132903 985762 849895 776735 
13753 497162 842649 503384 496770 99153 563994 885778 198292 277108 ,13753 503384 99153 199743 502783 920361 887544 885664 933722 895103 
362693 349691 171886 738987 55350 150663 360475 865777 130332 851088 ,150663 130332 67947 291230 86079 578890 320775 877956 297766 898607 
12321 197171 275987 968326 219849 12509 661967 878475 520276 540730 ,12321 968326 441416 877936 979161 665803 98955 589299 588136 381335 
45203 529728 24382 730761 788179 160284 60223 306146 404778 695101 ,160284 953669 591708 351179 281786 201977 532411 401324 277060 896228 
77241 520653 850928 850829 764506 764919 81078 487197 519819 801212 ,764506 764919 81078 801212 519114 513401 173063 680462 802136 157782 
357396 343735 374077 392079 606414 442159 486119 832887 988364 288692 ,442159 486119 259305 651721 352374 100478 662471 435181 606160 795964 
601258 68538 384651 151199 151157 426618 68770 521858 55537 780145 ,601258 68538 384651 151199 151157 426618 68770 55537 780145 517743 
999517 830614 43504 999776 570119 570211 908614 761875 41731 407336 ,830614 999776 570211 908614 41731 407336 557326 604890 570414 801833 
32635 389499 213899 915993 179772 281873 59588 968246 282764 643040 ,968246 182867 75413 76622 533462 950474 269733 255102 453836 329866 
944111 585228 13423 859371 787077 947314 796125 800927 461190 709273 ,859371 937866 553663 311223 630888 739596 762324 631749 919254 162623 
187470 67875 220473 896005 27746 943689 669622 947299 515025 682308 ,187470 67875 515025 682308 1097 884645 974381 893231 939004 207170 
925156 941812 932843 948461 520365 109150 783196 550668 598187 930989 ,941812 520365 109150 783196 550668 930989 382449 84978 338093 193262 
550991 558307 517541 646836 597776 646059 627421 682551 287739 151421 ,682551 523974 517055 627970 916239 531781 254971 70327 210115 627832 
43533 958419 558239 76805 580783 760134 335182 190407 681194 693343 ,76805 760134 858547 718706 594334 928004 265091 829173 202644 700577 
390098 923920 389974 468279 892767 232782 892890 892762 923499 59 ,390098 468279 892767 232782 892890 59 892873 889054 80536 435760 
42635 697820 370616 807866 535053 51024 662445 194271 496842 467100 ,42635 697820 370616 807866 51024 194271 496842 467100 368739 492555 
535963 535956 720264 720822 332492 486146 882396 670447 532253 833992 ,535956 720264 720822 882396 670447 410135 970861 441222 850391 668534 
489174 25794 318373 526038 385534 385758 617415 383017 498298 111003 ,489174 25794 318373 526038 385758 617415 383017 111003 613270 328683 
756219 662356 529599 954908 808957 957412 661560 560743 360917 203505 ,756219 662356 529599 954908 661560 163246 582183 960100 660633 759899 
970005 236513 910803 141981 962898 376666 971186 963925 837625 882318 ,962898 963925 187632 662500 51834 83285 503435 882757 793156 374928 
118337 803244 255977 351155 284842 261919 93551 94229 776639 966566 ,280015 182359 965118 889078 488270 94336 522751 515355 874070 790989 
134233 412481 412453 610094 317364 68604 88128 610109 227598 751378 ,762998 152992 57387 53669 229576 61420 263077 376979 236695 89715 
678185 562204 226150 563028 565423 565895 91984 24257 907393 637218 ,678185 226150 270931 226447 554947 425604 894177 735981 769919 555233 
934623 84544 887934 254494 867099 223303 908902 549793 804724 269326 ,934623 84544 254494 867099 541049 933891 940803 888089 247368 193861 
487192 16295 140250 256191 13340 207681 13097 203671 267949 15382 ,140250 256191 15382 572943 160922 207635 182492 875165 14226 841195 
98084 175136 548647 727987 682273 358217 514421 314216 525674 489564 ,98084 175136 314216 489564 630018 832804 98574 390843 65208 491473 
290183 582716 181381 954825 753305 172405 739185 888503 505777 834489 ,888503 185108 508258 129077 621051 723481 526117 634541 409203 324273 
430333 464664 143257 3428 63069 143426 225233 240597 843776 334980 ,731103 732486 142684 5393 9343 704122 645266 120835 947473 624336 
444802 853422 837995 838320 443535 444921 851154 443651 758243 847270 ,444802 838320 443535 444921 851154 443651 847270 443689 639803 846748 
656183 48798 655726 41035 655564 696286 195954 196106 274922 501684 ,656183 655726 41035 655564 696286 195954 196106 274922 147035 386659 
538519 538537 697968 477491 617569 301255 808327 903812 918443 55154 ,538519 697968 477491 301255 808327 918443 55154 559003 554456 908556 
464736 206921 195423 274239 209096 477579 781774 183369 580472 360859 ,274239 240394 480857 2839 61130 285821 499003 752199 479429 174243 
510366 2617 425970 538791 492829 419359 242845 595465 360529 150800 ,2617 419359 510383 705436 313620 531053 485267 918888 113474 328601 
899777 47949 307633 433964 899848 900087 412599 937774 262987 847170 ,128092 645267 290000 730333 384391 889862 602747 491615 832949 737535 
837918 211140 880101 833650 837405 836309 340760 649452 366089 841450 ,837918 837405 836309 841450 995157 366705 819218 995083 338138 995220 
221339 222238 90807 88821 86542 696195 565086 532671 207870 18771 ,90807 88821 696195 532671 18771 861507 416425 876406 835788 932050 
469564 470492 467493 12440 493085 467240 467352 898297 470150 322130 ,467352 470150 322130 168471 510760 467264 723081 725785 763349 160551 
989274 911917 629304 771609 14215 798986 14029 911532 721487 894077 ,989274 911917 798986 14029 911532 721487 273611 15982 417825 368187 
308201 403196 780370 144417 578709 575147 63100 932941 412489 360292 ,780370 144417 575147 975343 375717 753330 781721 790899 937919 949712 
156843 728172 752951 34070 808451 432173 362116 60861 783378 439752 ,752951 34070 432173 362116 60861 783378 191738 296771 697967 527169 
965423 597775 548085 306817 30394 118865 548630 721679 801782 112144 ,965423 597775 306817 30394 112144 280043 963184 252593 812920 845068 
866210 688144 753274 124022 417313 163700 987748 211016 206198 270476 ,987748 211016 206198 595984 102248 858848 108284 246179 841424 71578 
956861 923585 430759 156821 430668 977119 448642 355480 957426 259956 ,448642 355480 719607 514200 431103 719542 637842 166184 682509 433745 
395731 508959 240559 335947 409019 496611 82970 493343 62603 450207 ,409019 450207 65608 281218 683348 320766 27023 260643 387996 963238 
377635 771207 43026 437719 667546 699726 57622 823485 41942 50943 ,771207 43026 437719 667546 699726 57622 56206 559140 52546 214182 
715894 909621 644568 908624 644908 644312 848890 214116 644414 56629 ,774694 970772 897808 801620 644998 644887 643749 915134 643781 536412 
717921 715356 657025 994083 429143 449616 657355 539635 100215 820628 ,715356 47203 657541 657795 736499 817107 6910 742690 660338 539564 
556601 774162 790037 643763 41171 41037 963507 83516 644185 217642 ,41037 83516 644185 790046 892638 836601 119657 996388 802242 882551 
684068 753652 685316 939358 403356 139385 981267 143181 753708 611682 ,684068 753652 981267 143181 753708 611682 270759 38889 576115 174541 
303650 437621 162568 702350 181873 20 95240 23137 304478 799855 ,437621 162568 702350 20 304478 181244 304547 353674 396225 636012 
352514 352557 616076 246681 462241 570325 80176 537948 672216 340167 ,352514 352557 616076 462241 80176 537948 537950 125967 455912 478770 
814777 40235 293986 678209 422615 754355 47148 690645 614956 534773 ,814777 40235 678209 422615 754355 47148 690645 614956 814960 438136 
974481 757209 974985 404630 993558 993478 619140 190987 993555 404598 ,974481 404630 993478 404598 544583 980641 160880 895212 974760 989899 
796811 512131 725754 110617 10533 797665 451669 182776 789307 553265 ,553265 785664 781783 440777 395516 205572 269850 405052 627717 611937 
903396 903224 724993 528874 724821 47275 780687 529098 101461 529430 ,790730 724643 665321 448376 179053 504425 569349 467411 615081 283990 
791685 885774 792990 641428 641143 997491 837979 640913 640613 641567 ,641143 997491 641567 821806 623462 640987 559230 641390 641894 639845 
810236 378082 522704 895287 856670 926163 727070 626380 744136 97463 ,378082 856670 626380 293104 265937 484358 883644 609031 681635 151127 
522258 522071 101714 189066 141203 271808 715520 145866 177831 840784 ,522258 522071 101714 271808 715520 391848 177012 174097 542736 177349 
709694 361304 813180 690194 200014 264292 465249 151855 465688 656209 ,813180 690194 200014 465249 151855 465688 519303 15722 800954 498230 
559202 505592 807965 117585 556438 38094 801328 556642 713126 991921 ,807965 38094 801328 824575 824497 553035 84231 342206 504352 772936 
587424 820994 295477 481182 704722 821198 232824 881092 31738 628319 ,820994 31738 315549 869 60303 180396 821381 989330 905158 633643 
963583 533770 478470 719831 427007 725160 744710 945883 739369 533242 ,533770 427007 513469 833099 424680 468323 192922 180435 851341 547380 
141287 402865 951167 806894 872304 964112 391585 917657 695201 992145 ,693314 378013 309370 991565 483238 597844 143773 686694 450464 194399 
554747 894794 733866 733845 992629 588716 56236 740748 991940 590643 ,992629 228990 744577 804706 733824 280451 504892 151397 409477 505221 
945657 359543 357493 596912 880969 338226 865372 350309 152794 234583 ,152794 574991 352360 95564 936226 779248 489394 14052 258735 249099 
350857 452381 307229 324918 364211 324055 452809 238381 484520 364455 ,350857 452381 307229 324918 364211 452809 238381 484520 364455 812434 
678937 635987 636276 770088 127560 678701 634772 616818 146727 967175 ,678701 616818 967175 416710 853815 76553 414768 382515 860504 411035 
730257 732219 18650 730455 901931 746411 530110 524677 435351 522457 ,18650 746411 524677 522457 500314 732194 109888 264656 305833 815502 
20456 883546 425521 58174 780002 995609 157638 995377 469818 474226 ,469818 474226 13441 473967 15252 752558 13336 683720 373707 15785 
84163 765922 974557 526925 26155 793174 549144 259218 792749 219485 ,26155 792749 206247 711602 523907 108515 453895 70808 328396 612885 
935527 800449 795800 315269 688857 596250 230962 796533 880492 687158 ,935527 800449 795800 315269 796533 705803 634360 270140 10511 269420 
454818 564848 562418 90335 731754 486142 225347 938256 517010 226464 ,454818 517010 226464 224746 168463 874089 1480 628999 683205 154279 
170797 31323 808995 105373 805961 434148 163934 178856 403451 251837 ,170797 808995 434148 403451 251837 879070 108459 350566 126669 182320 
682951 630027 91069 521332 681116 680802 835654 611807 28360 524100 ,630027 524100 34373 927160 276791 763957 268300 727889 941813 441376 
939751 346052 583775 598524 759703 431163 98784 726466 811476 25815 ,431163 726466 716334 482885 17696 805293 844785 439216 305764 151996 
365500 307199 355527 336635 58726 130910 364706 691065 510528 502037 ,365500 355527 336635 502037 915365 566186 366495 131100 719266 427123 
602535 215383 587531 367775 176486 448077 367029 313907 367900 34873 ,602535 176486 448077 367900 764889 175920 967886 335588 274391 212519 
81472 525392 752759 408619 522914 937424 778492 391474 981347 752677 ,81472 525392 752759 408619 522914 937424 778492 731408 378837 525017 
578455 436219 771796 940750 338967 929396 785837 522556 726889 515809 ,338967 929396 515809 185708 75723 612709 575054 727711 751610 234278 
890354 893190 448954 890112 568816 893031 449098 890255 757949 892966 ,757949 380349 998740 870371 10689 900039 6910 838479 373793 641801 
97726 396692 253903 215346 798343 305663 731535 658817 139503 15632 ,526277 693734 350211 947925 102032 265790 392282 2152 278377 818661 
729700 650730 977163 191356 811549 993352 853836 877540 838131 942514 ,993352 462222 81434 919118 402731 582416 859249 276710 865356 642819 
938903 627129 936761 46098 46509 938674 813305 206684 270962 125130 ,125130 24854 202245 28359 424965 771176 47361 966604 879078 107927 
341290 662430 354522 312392 630847 681013 67691 648885 281577 669114 ,354522 67691 648885 584590 942408 380574 927195 975812 283755 987188 
417736 657184 765991 642618 617496 710484 103871 222291 719012 207794 ,417736 765991 642618 617496 222291 207794 83663 8025 770608 656688 
411899 411791 412058 553253 978030 149341 837625 863221 891811 567213 ,837625 567213 240216 164892 482236 553483 553301 229833 486119 313052 
397469 401266 385396 789674 395629 34826 691684 934733 113753 235984 ,401266 385396 34826 691684 934733 235984 679579 980841 691971 451635 
514175 514370 547936 29679 124502 51076 880421 566456 205722 270000 ,29679 51076 880421 566456 270000 566345 942801 130245 480151 258576 
232161 46663 189048 219337 219200 549051 732336 717616 717304 520735 ,46663 189048 219337 219200 549051 732336 717616 717304 520735 425922 
429325 700657 96666 137910 540807 52452 814844 849957 56446 50966 ,429325 540807 52452 814844 56532 82669 428882 559050 254969 979651 
89816 91047 893777 559769 963967 869986 862113 964575 963532 432083 ,89816 559769 964575 963532 432083 919063 957391 957482 704996 714758 
23135 369519 419058 368609 22900 980334 87147 660218 288857 467267 ,8445 418701 271095 861064 144760 891440 265708 617234 679710 146411 
935018 801034 932998 780460 598767 932795 801660 713161 704702 687353 ,935018 932795 704702 937263 758998 518689 480851 686116 391456 453030 
7237 626572 716064 536562 381601 172684 237441 949157 383164 462136 ,7237 626572 716064 536562 172684 237441 949157 462136 65966 146598 
937450 156001 176691 801009 63626 26063 196726 275542 900088 196383 ,801009 275542 196383 695617 795468 863206 480589 795480 967849 873820 
238355 833087 153098 510406 434180 934145 99236 510418 873092 821382 ,865317 678529 11388 201697 379538 75138 830907 929359 659135 169454 
706486 405412 785548 405427 670159 518486 59336 562766 712324 74647 ,706486 405427 518486 59336 562766 712324 74647 119413 405205 59128 
309414 660690 585890 661982 48741 372370 16505 108944 501564 364044 ,660690 482329 42149 371711 522385 687047 293200 530464 326156 397731 
700700 293039 493444 514328 152063 327535 352726 669791 302433 110631 ,293039 514328 327535 669791 227629 331964 152776 33112 237484 127294 
252116 54220 74364 963122 937113 287111 996777 336606 24520 584590 ,252116 74364 963122 937113 996777 584590 837375 225213 379223 187635 
330731 195855 274671 921206 123059 921494 749721 14837 874402 195243 ,195855 14837 195243 873348 3996 907458 957286 572806 266112 122292 
603715 568491 631604 602555 241982 49578 603716 791087 405969 615658 ,602555 791087 424640 931529 429054 49469 734845 666560 21083 637246 
901937 72848 70608 566007 905112 671160 681668 394643 566069 15516 ,680844 367673 183565 888442 72786 791888 870502 529565 275327 193693 
801674 626528 287045 895721 298411 629091 213324 441936 830885 799484 ,626528 298411 830885 715350 119413 285755 593763 119647 314610 671163 
619538 695809 415381 743447 495090 66550 417525 332192 359600 682757 ,619538 695809 743447 495090 66550 241130 152766 922947 64805 992371 
212148 228570 222355 212781 275325 814555 783436 510439 281021 3108 ,645338 992519 799786 503686 342046 237780 238001 155969 228235 107948 
430095 590182 931794 898102 111112 593831 430551 70912 102161 390463 ,430095 590182 931794 898102 111112 593831 430551 102161 126058 3391 
39440 892146 476774 480163 7634 476423 477123 477514 39378 478254 ,54953 51045 874415 667023 190830 768321 128389 115239 446813 448087 
377344 533731 109658 411309 108861 145697 441231 300638 590298 127671 ,377344 533731 109658 411309 108861 441231 300638 84233 482380 411119 
278665 662685 536212 321519 233207 51302 566393 68348 515472 351196 ,278665 662685 233207 94341 43907 154572 350517 140919 745893 984647 
353210 892861 781199 315815 517274 336721 457767 300557 457133 340182 ,353210 892861 781199 300557 122642 500929 714059 200796 265074 601599 
638904 8905 127846 116025 914565 8792 827444 143969 614232 405094 ,638904 8905 127846 172549 469196 567621 568737 628828 951890 354001 
633098 584403 584227 448821 317812 449112 426877 379978 154265 248223 ,584403 449112 426877 806737 435674 700922 753982 372092 365548 111131 
83382 307076 684350 18325 443912 832839 791556 780912 160791 831923 ,918214 355613 164402 460983 637404 530269 85731 42033 645306 523074 
590675 415082 417316 794144 415210 5839 543343 303101 354420 355126 ,590675 415082 417316 543343 354420 479537 462406 258751 83737 571536 
594102 500032 596998 501537 498286 937547 268811 204634 506890 377396 ,594102 500032 501537 498286 937547 506890 385970 450181 87054 111716 
182812 182549 779998 597499 341550 669669 490786 779800 335220 342685 ,182812 779998 597499 341550 490786 779800 335220 431266 941988 747646 
199806 226203 104573 386013 961981 62618 951781 64088 225566 904814 ,226203 386013 62618 64088 225566 843509 988957 930075 659424 727110 
94823 10903 863450 505907 433723 442334 569234 503418 862165 590745 ,10903 569234 503418 294072 922056 94428 684135 502954 610454 302755 
20944 997881 901718 303860 833697 678976 517467 678497 912533 806190 ,20944 997881 901718 833697 678976 517467 678497 853098 440922 941882 
690225 256064 135792 882009 916136 867896 593315 323575 881401 786696 ,690225 256064 882009 916136 867896 881401 1941 970959 783656 933484 
43636 993620 823616 681581 37813 543203 546656 37825 571921 442688 ,640096 673154 546658 711243 692425 810691 615732 207206 685726 673368 
90117 729977 59588 11610 59579 738696 61324 788484 722147 30454 ,729977 59588 59579 738696 61324 788484 740530 742329 101391 356940 
992978 6405 782307 606380 52188 869634 576180 781821 569962 725944 ,251521 447150 304041 433057 976555 58374 51911 304536 621026 864361 
846258 592592 715326 564493 249779 59975 590114 542687 603974 574479 ,715326 249779 867086 796493 560931 983433 957569 236913 804237 997902 
5390 5669 686362 7346 376423 7758 53298 997979 5242 54581 ,876631 475902 411767 50703 711756 560572 571612 778857 801854 38995 
130469 810583 216833 207394 762920 615959 369904 129834 5528 419851 ,130469 810583 216833 207394 762920 615959 369904 922513 920589 186722 
38622 820581 167906 379907 751455 837974 37591 383254 782026 934185 ,167906 379907 751455 837974 383254 782026 934185 795592 710739 144206 
931772 931758 394441 474347 203355 695096 415744 130569 108663 662697 ,835064 662680 459163 242686 834112 452468 489652 364334 93880 821067 
932187 313867 679690 16958 989334 251597 311150 702909 928313 877626 ,703864 542183 878518 393036 392041 453441 433909 448360 181451 921518 
805178 816725 519438 717362 667399 446883 129122 39003 643141 112349 ,446883 112580 293284 655482 889803 814191 211410 984708 447090 817946 
50705 50700 30090 87395 419860 517912 23682 785420 566297 55856 ,50705 50700 30090 566297 55856 505023 509974 429880 639992 23762 
501264 100154 692431 84287 233903 922254 79204 693501 522257 99773 ,692431 233903 922254 584770 86391 898854 131016 955543 877750 193061 
390445 256698 390377 895104 931672 416152 112514 207092 554795 525797 ,390445 256698 895104 416152 112514 158344 99384 112201 895228 554884 
56431 768364 200111 57721 83520 735216 559201 537196 85469 696699 ,56431 735216 537196 56239 76084 978074 70310 85706 79531 393931 
589312 310778 589634 916786 471329 333269 91738 330101 193144 271960 ,310778 589634 471329 333269 91738 330101 193144 74778 508991 467413 
212565 769638 539504 212684 85143 212250 336623 87661 702962 85009 ,212565 769638 85143 212250 336623 82134 350392 84259 690283 152790 
853283 853564 259987 129223 579950 66869 298010 668657 327749 916923 ,579950 66869 298010 668657 916923 402966 255515 324306 334073 307404 
353962 617868 621816 515328 942068 432959 24864 734234 754269 529934 ,353962 621816 432959 734234 221287 90374 687895 406538 874721 541454 
706422 174185 709566 329141 175833 193096 271912 706195 226545 392028 ,709566 175833 226545 460651 696041 712629 572139 102781 702245 793219 
6124 6804 655162 768142 543487 768033 543444 768100 768076 567938 ,6124 655162 768142 543487 768033 543444 768100 768076 638187 862388 
395830 377399 485681 554412 162704 680055 143690 124123 400988 486198 ,485681 554412 162704 124123 400988 486198 551595 181067 688145 883941 
513182 513070 513826 89404 715949 157293 266230 202636 266914 834888 ,277021 874152 982840 833474 888384 724285 613214 184861 91525 201887 
44312 371785 735089 981769 304962 801994 290769 501354 415121 236142 ,415121 363113 469842 735218 858328 524072 190721 707241 879384 247266 
52854 606022 538546 386528 981851 56636 982068 378852 39438 207223 ,47908 378668 682792 443253 106080 165926 412555 129373 892324 572283 
6834 6316 6612 768167 672413 768289 672523 830147 673996 830132 ,6376 447421 447559 446962 446727 447770 768014 155568 673267 758954 
814012 562450 469261 411952 53961 21610 435131 509853 738260 240016 ,411952 509853 818336 817901 298638 223681 11802 240216 2966 390063 
284062 916117 285191 451679 94290 91441 102649 519379 498173 556210 ,284062 285191 248725 505135 124408 294909 485796 810568 413963 368398 
566055 391399 843555 829441 842086 100620 802110 642623 17134 60551 ,842086 802110 60551 842062 912767 987362 596715 885683 392041 880534 
765676 323551 473611 326964 377174 92467 43491 377175 933509 74184 ,377174 6549 433141 131805 255820 702995 647993 484071 473798 224543 
868266 636492 864860 301663 44591 855073 844326 480227 883364 839151 ,596680 706745 772055 930632 530008 833136 36118 791548 919418 399441 
510561 826056 791573 483847 14688 904229 830778 486411 499682 430295 ,510561 826056 397957 934144 563392 532792 17356 503291 465421 923017 
905944 71562 312964 309527 502591 699417 395804 766674 630308 279810 ,502591 221258 234304 96015 518581 85481 461186 354855 408023 847803 
46734 294028 325681 259629 305872 755526 95358 96693 114632 236889 ,294028 325681 607472 606876 487390 247489 1478 498922 227086 306447 
709898 332492 754965 775757 251103 774105 334945 931256 710778 990081 ,754965 251103 774105 710778 990081 888381 894238 990311 259345 339556 
359241 936757 514987 515724 694635 678893 695057 62400 250475 633979 ,695057 870265 679950 508764 782616 752480 535338 95564 782224 863316 
981064 303730 981078 986869 674424 849111 849317 764675 859453 674216 ,981078 849111 849317 674216 675897 9980 302280 457879 968789 618215 
822260 400677 799472 594327 146557 295838 149860 698157 67104 943203 ,698157 67104 225619 263494 812038 354285 926262 941852 205268 937410 
288699 99244 298589 299268 826945 499290 365983 193798 272614 239413 ,99244 299268 6131 293249 955812 296422 710632 249378 152503 249794 
367699 434665 339114 367703 815034 158710 356546 814924 324785 242060 ,367699 434665 339114 356546 814924 324785 242060 30587 356188 344794 
60421 880107 880049 879738 866568 880022 278309 57081 224284 711031 ,711031 430378 391278 12812 885921 943274 9542 541921 513813 915889 
246261 378013 527419 310748 317021 15606 593813 13572 704293 368741 ,378013 527419 13572 704293 368741 313477 528066 526956 401948 101969 
55079 511816 512170 148387 500560 55155 866450 348983 207933 850109 ,207933 63769 55485 378634 282987 486183 419048 39438 761830 379007 
540531 848186 782053 102951 824038 48318 423739 814699 800573 543862 ,540531 824038 543862 290647 409243 558716 648720 411890 774135 907648 
211260 262874 592519 579028 22610 870792 573610 838549 999889 5347 ,211260 262874 22610 573610 838549 999889 5347 241561 228715 674415 
620534 101183 468382 364995 835518 387260 983725 705048 435828 452522 ,620534 835518 705048 452522 706179 242879 687958 836102 498153 797727 
932473 932923 14485 14518 292948 265935 203434 267712 12618 294507 ,14485 14518 267712 12617 292585 360995 14491 460020 82332 158170 
620629 918237 978150 281379 619110 268251 665872 123430 267472 167536 ,620629 670143 404950 990319 535333 666062 887162 833050 990504 714796 
393922 684165 518503 261904 903389 308010 610719 307518 398831 974036 ,393922 518503 261904 308010 610719 398831 974036 126191 721741 111097 
652061 848929 558864 656688 655925 559692 221528 790433 417479 995026 ,652061 558864 656688 655925 559692 221528 790433 995026 5985 718736 
971751 971440 618000 656345 655556 639892 342169 781701 242272 161149 ,971751 971440 618000 656345 655556 639892 342169 781701 242272 161149 
509948 689910 356988 308015 523499 735207 803582 392304 154588 530629 ,689910 356988 308015 735207 392304 154588 690459 249297 550839 949917 
995079 994843 676916 994880 996246 676649 615911 39929 100515 646457 ,995079 994843 676649 39929 617542 427286 675128 230982 604360 778559 
463800 504212 680562 571635 795888 597164 335907 91227 919934 778921 ,628897 65122 587453 229455 926343 539033 843937 244743 72955 189474 
374360 375756 38486 191362 448151 424420 39199 43501 558900 7934 ,38486 448151 424420 39199 558900 424612 38204 349008 878007 39327 
563448 704153 348076 347386 349217 683077 795812 422416 737514 645045 ,704153 350126 986920 421581 101107 11959 106014 56363 795992 213365 
806204 465500 122228 280744 79954 105164 95836 415062 158963 1464 ,465500 122228 280744 105164 95836 158963 1464 806876 233428 682136 
200681 264959 159821 158876 481230 258306 507150 974963 501688 162945 ,481230 258306 806925 943589 807124 52595 778650 329246 231145 151650 
817028 586686 968686 587121 647750 788541 727222 650578 304650 234030 ,817028 586686 647750 788541 727222 650578 693477 355765 490252 354411 
338043 339555 681913 9838 118850 372834 867600 63632 240634 778192 ,338043 339555 681913 9838 778192 950088 795617 797307 259636 653900 
762869 736108 762675 20976 108754 374041 291395 21038 374331 843769 ,20976 142292 489625 133303 274498 661226 916722 848491 831132 942660 
473517 428608 698693 251155 30547 771199 691110 341131 245907 91331 ,473517 428608 698693 30547 341131 91331 336982 245490 176863 324524 
966065 338672 780403 263003 339289 791606 322640 728552 490623 513617 ,343694 285815 490113 187352 343836 322345 8831 780195 371347 757654 
451807 926329 698309 58132 697322 710230 225491 273902 63919 68724 ,63919 376106 853171 596696 599743 326811 592343 681372 70617 487681 
398527 403120 397905 671896 314453 116324 492623 941467 845400 560994 ,398527 397905 671896 941467 758745 489132 923229 557177 619442 123059 
953806 921363 310987 858707 737732 920814 326450 207949 295730 307950 ,858707 295730 307950 931617 254532 219975 940078 58619 57842 103718 
514856 516328 515458 65340 224312 508397 529372 152965 800839 58887 ,514856 516328 515458 224312 529372 800839 823007 712274 599660 531400 
133470 401627 368204 401310 397667 219702 257618 297661 113265 331854 ,863610 296221 145264 323564 713290 457033 231770 408032 691584 730119 
960157 970484 443053 710302 754647 823952 751474 952625 900975 415693 ,443053 823952 952625 900975 415693 246886 826910 638110 247044 541357 
253934 182487 460171 800994 488433 295176 414336 316455 875504 187298 ,253934 182487 460171 800994 414336 875504 32386 829554 404758 801710 
883560 883358 527290 883388 678697 526835 408192 679366 243166 499381 ,527980 713185 547889 943196 106051 90493 55976 87433 519199 866345 
883434 929638 490143 13486 72058 828426 459313 453675 513289 203177 ,13486 828426 453675 88803 505721 71036 519459 679836 596190 503123 
5023 5500 5177 6187 978240 137232 284610 160369 173565 132200 ,5023 160369 173565 222799 135445 742168 705929 446971 786653 832401 
946659 951505 952838 945710 944844 408595 597633 895295 406315 956122 ,946659 952838 945710 944844 408595 895295 406315 709109 112644 406405 
509153 505530 988575 90027 815718 645983 252173 815674 815705 707060 ,509153 934216 727084 740583 59223 750563 541196 504957 816000 224946 
961020 970602 984107 983582 223493 207834 956917 911038 868264 931910 ,931910 868880 905416 911590 875406 206963 630333 554830 933146 269981 
213377 453921 229940 272208 588041 238059 811087 196897 453109 164352 ,155811 228200 239290 523552 265995 459506 266928 928810 396482 296426 
961735 961726 6737 820494 970201 554573 7005 820466 141277 190699 ,190716 655154 762433 459174 449204 995133 715110 7001 929298 960376 
454599 455283 87249 462045 494439 390646 564502 757940 564215 588417 ,934177 284264 561493 191739 562681 703947 594334 728165 61730 120830 
298882 296654 295896 295047 441663 497365 586818 421979 708006 588253 ,298882 109104 301336 196211 252058 502092 233190 253244 139266 167711 
572427 647943 63993 577589 64652 642819 989809 518230 642703 913998 ,486999 72861 844328 443805 509557 765537 81452 837584 71577 92615 
553535 708504 329126 888508 584032 466308 112444 574846 154596 186040 ,553535 708504 888508 574846 361491 584895 65571 775754 95398 872979 
207888 339463 281043 826997 129191 151364 109170 42934 111640 412528 ,281043 50584 151466 253555 423904 855533 218706 412143 516511 502868 
550168 958051 397438 397206 613665 162312 613307 838473 146855 164011 ,550168 958051 397438 397206 613665 613307 164011 753083 794860 590327 
497055 122075 216223 306179 929287 279598 106629 556844 791153 562949 ,478535 122778 151503 525674 100762 600721 964601 522773 429455 282128 
618916 854115 228704 970071 565034 896455 266275 894974 854044 229703 ,618916 228704 970071 854044 191785 977250 620438 618331 231678 40643 
138063 415683 80997 710421 417096 407467 648579 408948 891435 417366 ,415683 366018 410236 964016 118021 728717 331914 381673 989285 303487 
719838 296142 983219 619058 294553 177055 32186 633415 178281 685747 ,296142 983219 294553 177055 685747 222193 836029 725026 107334 99159 
61688 599103 903876 498491 567744 911603 233208 220346 139879 698416 ,61688 498491 567744 233208 220346 698416 663476 312701 321695 708731 
738935 600088 96124 439637 249132 456168 353811 294736 533601 714295 ,353811 714295 596711 756465 492146 564828 631197 240558 783152 913115 
495082 968434 424848 586047 79269 424333 262138 602586 585970 321426 ,495082 968434 424848 79269 424333 262138 602586 585970 321426 315031 
117013 665487 394142 981724 920492 17043 17164 862362 178960 120200 ,117013 17164 120200 200837 265115 265078 429148 451555 235510 821240 
597058 144932 889375 207456 377962 145307 949238 196223 275039 124420 ,919196 15885 597550 643092 625275 921209 118834 381505 471515 678503 
696905 746958 987075 315149 211994 494469 880849 842769 880172 386860 ,439922 779615 668754 158576 975037 102546 158359 839912 1460 425684 
25333 627861 443690 815080 618832 825613 211751 770046 667293 141920 ,25333 627861 443690 755777 905805 336992 444584 667276 256836 185211 
773246 324144 325926 772907 826395 255422 596660 120026 811779 335183 ,773246 324144 325926 772907 335183 811876 670588 106865 946403 734092 
744964 739121 740941 547469 125 479856 920294 843385 842597 563265 ,60051 204685 191116 541800 879790 123321 60420 667887 947240 12981 
363954 493470 364389 448405 448391 426543 292146 279194 509580 501576 ,363954 493470 364389 448405 448391 426543 292146 279194 501576 426490 
506446 571339 725933 955729 956086 475870 744515 452883 744552 205482 ,725933 955729 956086 475870 205482 12151 453884 572023 999834 892912 
511047 364684 541536 561344 556705 402741 621915 782823 19605 573773 ,561344 556705 402741 621915 782823 19605 397357 395372 396510 565132 
178976 85987 712330 87038 371610 835788 679148 735344 792391 932498 ,178976 85987 87038 371610 735344 932498 972773 931956 726416 378350 
266554 589048 758066 340193 960251 602209 826968 235928 370548 202693 ,580107 582719 827933 539592 740104 979246 812472 579134 881389 824469 
647884 648074 646894 646831 647611 647384 648738 648367 649136 650561 ,648074 646831 647611 647384 648738 648367 649136 647840 647438 647208 
74150 931165 95365 602583 987069 757225 106843 992136 385871 212061 ,212061 294267 770310 91672 875865 993110 155816 171694 208679 653566 
948188 460081 495297 697796 326642 948092 435841 306386 942157 478482 ,326642 948092 435841 478482 745576 701182 464823 287660 122075 513937 
282075 159865 118668 258141 990370 265342 64087 569875 962728 255916 ,205061 959358 296247 225713 920765 623432 912896 142882 732456 626364 
540567 959062 540593 169370 223151 879884 514635 889255 600568 61921 ,540567 540593 169370 223151 879884 514635 600568 61921 880147 182574 
287068 942425 728969 939228 187396 956524 524507 516288 312736 729731 ,728969 939228 516288 312736 729731 79688 760026 938452 791303 660884 
788238 904402 904772 970178 723503 280701 970691 425274 904597 962833 ,788238 904772 723503 280701 970691 904597 229072 425754 963311 961087 
183007 14006 796582 200113 264391 687033 4136 686367 830771 299111 ,830771 299111 3761 691247 934049 934397 687204 691018 265699 439147 
675841 982165 378494 675962 482862 946027 811161 822952 397086 811148 ,987702 683710 14608 118914 224993 340516 821115 1301 14569 223636 
948153 550592 551089 941667 511250 224064 829923 792865 942240 956797 ,550592 511250 829923 956797 96392 552874 374781 956244 552801 765656 
723914 174389 835249 310852 719905 422172 978533 700818 92106 154757 ,835249 310852 422172 154757 175688 879368 176588 806144 452334 697405 
987511 987445 10097 741492 160106 138950 59382 9807 551552 391081 ,376629 783701 864169 192976 250853 274804 94499 490989 6514 914703 
514593 515494 94346 94408 332908 161613 262976 262316 514903 86184 ,515494 262976 630879 321577 322145 698604 379724 62861 128251 291957 
40784 40696 40575 253531 16769 15194 691638 40612 197061 988877 ,15194 16681 541825 753299 962140 265299 887391 376392 795647 765450 
917520 703277 33445 909280 238165 533001 932201 215347 575568 819681 ,223487 91630 874753 469366 124403 543490 833466 482449 629352 15851 
773194 133911 772326 434269 623286 811258 482825 382542 27468 381876 ,773194 772326 482825 382542 381876 146675 722588 483833 144457 143381 
63569 396199 383022 873799 694614 243668 695622 319573 516114 692305 ,694614 181777 365897 550785 245376 245145 500404 278267 958213 509103 
319619 866751 822146 286649 338577 498990 679029 454356 378956 597937 ,498990 679029 597937 138668 525027 124944 547215 526624 172682 458316 
519939 961931 44943 45501 482722 482683 492631 834130 62163 839150 ,519939 482722 482683 645935 884012 75043 837228 430024 999336 200117 
946970 940660 940596 941802 947230 946929 948057 950716 96607 20506 ,946970 946929 948057 950716 930519 275943 18803 864869 596252 557660 
903363 500655 402615 528248 807318 604028 672036 186011 506691 527211 ,186011 527211 361819 288256 462381 470577 89688 500794 95022 183834 
42305 708750 207085 123985 444859 959962 833105 42902 886001 124171 ,444859 833105 207147 886122 891907 946969 842014 929510 889048 708739 
461204 372100 751311 777674 888152 818006 151055 777813 667411 161745 ,461204 751311 151055 667411 893369 718294 164000 888323 331810 653605 
933372 697661 696946 927881 109292 12448 107294 170510 107504 107713 ,933372 697661 696946 12448 170510 119544 698296 338518 199987 823870 
166934 965166 263532 148483 41258 125381 149299 41209 485759 636163 ,166934 125381 149299 148726 300115 27403 498963 26323 122886 103019 
533979 785161 429364 507197 119627 166685 119181 583724 747592 168565 ,533979 785161 429364 166685 583724 747592 168565 305980 925128 126984 
950747 950124 943919 563897 586090 590694 804731 965830 563652 679295 ,943919 563652 377673 722507 683681 212255 615853 694971 707714 72282 
553300 533093 965674 947460 511329 807932 206843 271121 979738 532442 ,103344 870317 464624 878325 375379 513992 919355 661622 100900 852961 
534635 785018 678458 336826 831599 336675 708746 214612 536101 527687 ,534635 831599 336675 708746 536101 527687 831321 367778 439154 569809 
622256 415186 338898 380852 200346 264624 751167 282032 312825 612548 ,622256 380852 264624 200346 751167 624499 639738 621781 541906 195780 
460244 786018 785478 495680 583731 539847 325145 327817 22123 584050 ,460244 786018 327817 771472 90788 857773 583772 139891 285970 460741 
981427 334891 342087 534281 304835 29612 493513 531635 909164 910274 ,981427 334891 342087 304835 29612 493513 531635 909164 910274 850086 
84755 511439 489429 810894 55361 75793 353644 385068 51841 635970 ,84755 809668 917953 39681 534958 411705 951786 479957 922074 860493 
306334 401629 588066 826273 12768 799112 398097 306966 60959 390570 ,306334 484916 599786 397863 467024 12778 191744 8862 910261 581239 
76819 227674 932333 374600 435650 829619 153880 115246 374669 32738 ,227674 115246 32738 370173 239011 713092 634055 749717 514258 484995 
531487 663863 1191 532090 532298 209255 764229 879906 532567 777961 ,531487 663863 532090 532298 879906 532567 685 261337 531635 781489 
288102 561541 91869 99945 681278 298767 972472 45786 797964 284779 ,288102 561541 91869 681278 284779 795527 865011 523768 72492 294294 
310572 594513 603145 16080 251165 649984 722517 818529 740900 580267 ,310572 594513 603145 16080 251165 649984 740900 580267 731589 972703 
122704 782363 8849 564645 8479 226978 896623 932976 124927 564613 ,122704 782363 8849 564645 8479 226978 896623 564613 513876 970432 
796142 476991 672716 898891 863099 478075 710709 824288 888195 57335 ,476991 863099 39240 55543 57182 700396 901818 674426 890695 6432 
378222 567563 376184 487596 487622 278233 377937 659874 433645 387831 ,378222 377937 337972 78581 402503 392813 126435 88261 968280 246546 
621952 180505 873046 436288 4983 859780 86538 85181 673772 619124 ,180505 873046 859780 85181 673772 954783 99572 679246 399829 737377 
246492 431112 59974 866132 539952 112231 866185 877278 393549 211555 ,431112 59974 539952 877278 509791 729465 352399 131206 95036 989476 
238047 252434 234124 666417 965237 460117 81840 419238 894451 195557 ,238047 252434 460117 81840 354696 452374 117305 459896 269202 945131 
717412 514486 433399 717628 717559 47154 46572 11668 545970 567017 ,717559 47154 567017 791132 259903 352358 260330 249337 406361 793565 
696981 182569 149157 452755 458489 964301 791029 523890 154276 578008 ,467330 982692 452308 958522 82061 768420 775684 607950 949790 250447 
718282 568912 983376 397941 398122 662039 660650 222255 401712 717671 ,717671 393391 126361 167535 623848 465410 240127 323077 126483 149489 
73250 898220 71356 340263 84824 84156 695570 79114 380679 203710 ,73250 267988 514936 635388 795853 541138 901048 428977 8101 888438 
304988 151252 6490 29989 702967 363412 815460 29951 815393 526066 ,304988 29989 487435 426447 487378 815259 489510 815368 821919 815376 
799450 610418 610497 58877 58835 516113 526563 587000 527278 610433 ,799450 610418 610497 58877 516113 526563 587000 527278 610433 95895 
100336 101126 625938 554265 654883 624899 526545 742101 543830 565988 ,625938 624899 543830 597796 596980 394322 156639 127323 157457 151855 
829618 980639 830297 829147 839363 990073 980025 941101 974413 857602 ,830297 839363 941101 857602 103820 973801 851662 869914 997012 509039 
176157 242 237 401820 401853 433350 805619 736966 633 249608 ,176157 242 237 805619 633 298727 21724 165507 600197 185802 
339664 816171 816205 816230 834346 836365 815937 816203 835329 836470 ,836365 835329 836470 835440 835629 834152 834162 836230 829176 835295 
151250 487833 814664 815437 426597 29939 100182 526064 487401 815319 ,814664 815437 29939 487433 489513 815341 815401 815524 784793 815389 
814184 814198 446718 442330 603654 424075 397303 814194 603744 603634 ,814184 442330 373460 140651 899570 914849 913551 913928 603585 397099 
492790 919019 751494 508328 541874 87914 194905 273721 74591 646199 ,492790 919019 751494 194905 646199 277584 509755 13118 492197 895016 
94373 664115 708847 524809 262687 248694 470867 524784 708745 94491 ,94373 524809 470867 524784 94491 678008 93212 79496 106469 525376 
354517 59210 386114 573183 586989 382221 440091 59629 141255 690789 ,354517 59210 386114 573183 586989 382221 59629 141255 381852 60574 
890467 941078 804574 946977 805157 541662 804830 890879 768169 846777 ,890467 804574 805157 627808 627811 857276 627784 846409 890412 855023 
994573 994688 821664 994675 821515 778293 141278 652987 35076 953926 ,994573 994688 821664 994675 821515 778293 141278 652987 35076 953926 
617105 128206 693201 714565 137026 927258 154955 422395 848192 166448 ,128206 927258 154955 422395 331917 692842 167837 5184 2598 123739 
739019 318868 489625 762869 694299 27676 762675 376314 107424 740756 ,739019 318868 762869 694299 740756 311726 694623 633544 818228 742687 
15097 617985 913584 818721 535346 819012 618199 82963 292845 908516 ,254701 644939 965901 968291 641264 667987 644150 284676 286406 256663 
238927 516554 141065 121067 509772 99117 530282 281882 662763 307222 ,238927 516554 141065 121067 281882 662763 307222 305432 789480 120556 
811859 398564 94258 858026 123830 707219 543725 863814 595246 541956 ,398564 195654 382581 224712 247521 797107 979613 135370 71035 527662 
681831 681950 822746 740907 363106 222765 769009 977946 525199 413572 ,525199 681802 487805 733543 438344 603543 914276 745253 518618 60201 
847502 199584 632914 421375 185559 952612 203033 835902 610267 133553 ,199584 421375 185559 952612 203033 610267 610113 897685 167446 241980 
204021 268299 491989 486622 239460 486886 505029 664577 850075 490388 ,491989 486886 505029 490388 507602 338405 204593 268871 895200 895226 
970599 182162 850343 533561 76446 62597 526168 47526 603139 182261 ,234589 561963 727213 178165 799992 953415 261543 829267 584376 549261 
328551 384545 985044 157167 794309 521759 983868 281275 591973 531974 ,384545 521759 281275 591973 131601 131284 195428 393666 438842 128558 
251311 187700 187735 917369 851720 515343 48293 332012 125930 801994 ,251311 917369 515343 891478 373655 802061 563456 406174 571163 247266 
58293 632671 670312 398606 397703 401975 917287 67675 425546 884911 ,58293 670312 397703 643074 439252 58315 925030 99699 58449 378093 
844991 776246 21635 711630 128532 195010 98532 695399 484012 362065 ,128532 98532 484012 180939 888210 245948 381410 111842 865173 435781 
182827 10747 827581 978134 890304 884386 148224 226838 965521 784323 ,978134 965521 194174 827389 632307 220861 824076 251654 902820 804256 
53948 517773 475846 49992 708322 762764 422455 643189 545385 71120 ,53948 517773 475846 708322 422455 643189 379224 57782 379617 267203 
14989 880393 15325 670417 13292 58009 194911 622018 523690 58033 ,880393 194911 58033 342930 712707 841592 595911 451310 918999 13030 
890223 207765 41993 207807 210727 2896 259110 700312 529553 247991 ,210727 259110 700312 247991 600772 37271 792207 890057 308048 807755 
177029 227153 924966 2071 678764 421861 293202 263739 472889 42572 ,177029 227153 2071 263739 472889 42572 237036 804991 472891 1525 
658317 422834 445360 422713 910993 104714 305056 658934 215510 746026 ,658317 422834 422713 104714 658934 746026 785149 429283 429297 417128 
122415 409961 804404 754124 975690 458153 6857 490466 640924 405753 ,122415 409961 975690 6857 490466 640924 405753 410642 452320 59667 
594438 322965 968432 877828 597879 396684 235734 324562 404296 877586 ,322965 877828 396684 324562 404296 877586 140729 164178 987781 872752 
452605 452352 328 405820 679348 665160 563914 320181 136 729463 ,399783 783522 919855 473341 459856 223521 678444 201837 248093 376778 
219166 112847 219149 630175 219372 19397 972948 186039 169051 706227 ,219166 219149 630175 924969 562675 219141 175346 7641 412961 408819 
609026 991552 608792 618954 674131 773661 15120 568642 572312 799683 ,991552 15120 799683 911964 418870 680196 979390 992145 164996 459319 
923882 903103 298300 985319 306741 424447 903083 624275 431562 407372 ,923882 298300 306741 431562 230041 340470 924156 231259 337218 578371 
826004 987597 830944 104974 824176 672427 853978 615076 905347 380129 ,987597 830944 104974 824176 853978 905347 859311 790722 672407 550209 
221707 815537 346500 629760 481340 597579 754508 371635 815512 86862 ,221707 597579 371635 12745 363863 110357 92405 30077 214287 129641 
428086 500110 566231 293503 221328 498978 283766 284452 321992 425413 ,428086 500110 221328 498978 321992 425413 501135 239462 608716 502435 
485883 234376 551394 385023 229446 259389 863168 363891 138492 811802 ,350800 569597 692359 115676 690690 623888 256294 424587 194322 870998 
181097 439281 351762 719386 668804 955361 524280 821149 261727 497665 ,351762 955361 497665 99577 27896 448738 873791 3980 440640 96743 
511280 511165 951675 510885 754113 512244 737139 577365 510948 430335 ,511280 511165 951675 510885 512244 577365 510948 331023 425208 402690 
382917 45487 953954 46094 533392 927418 927488 927588 590739 649422 ,382917 45487 953954 46094 927418 927488 927588 649422 626649 136738 
646524 646664 771153 646814 7136 8030 648287 568091 449680 709527 ,955708 605926 766217 247867 767147 10577 606270 267889 541019 185210 
280235 109729 279403 157009 293535 292960 316664 156274 324984 154854 ,280235 279403 157009 292960 154854 118035 517091 815996 287943 740206 
412022 258767 396105 178654 608318 688433 175022 668593 457581 336379 ,412022 258767 178654 175022 411820 174815 937204 335814 593903 369686 
524991 524993 724156 305414 836192 525254 187647 175636 429655 79657 ,527611 298616 20764 105128 126391 358101 521566 366120 177590 713292 
756721 319699 257118 132200 319192 590775 674503 255809 134119 288830 ,134119 288830 978240 149286 428855 21417 488943 712042 618517 258173 
524872 235123 209978 529929 940946 777563 596395 554697 306054 941430 ,76349 808585 522118 292100 859478 530589 655451 458537 526124 804022 
290821 623837 923041 893019 501740 836337 277662 509623 260068 195682 ,623837 893019 501740 836337 195682 484250 893539 767151 893065 709680 
513166 506870 86442 808078 614516 225533 866996 405479 402895 852689 ,614516 523559 188458 597160 165372 127508 117649 156387 156764 752284 
105167 93315 547593 817457 321724 381919 547563 816662 69475 392344 ,70950 819261 167082 944706 566407 30152 83537 110631 148132 929534 
760515 835616 221970 850499 829526 759041 34078 762801 221000 757887 ,850499 191076 760806 124133 567601 759496 336465 995937 767094 190971 
830724 636648 417704 562766 381353 668298 364147 745867 224275 670886 ,562766 668298 224275 670886 212404 592474 563029 318431 668778 18571 
623876 240259 756882 670163 485805 978986 264462 196316 275132 878322 ,623876 240259 670163 485805 978986 264462 878322 942457 578369 404843 
485585 189454 31885 484112 519458 458920 518530 475471 567824 886408 ,189454 31885 484112 458920 518530 567824 511277 639750 324080 518932 
624324 624885 138331 834253 121039 844979 854527 854382 432507 22231 ,624324 624885 138331 834253 121039 854382 22231 121014 175833 139378 
480025 502851 479390 754929 545719 583577 887119 882706 411275 479639 ,502851 479390 754929 545719 411275 802707 476277 374574 6143 810710 
750376 150126 749492 746828 149589 166034 603950 727942 972522 996673 ,150126 149589 166034 996673 17581 714476 172119 323362 959941 590200 
780387 397498 480486 531322 961013 749019 636286 218185 633853 65044 ,780387 480486 531322 961013 749019 636286 218185 708361 961041 385435 
685411 13564 853171 797108 730985 550742 797840 59905 277351 26544 ,797108 730985 59905 731015 935978 505813 142306 959490 856606 547706 
909720 417696 211964 908447 910032 645946 908880 398325 378655 77187 ,909720 908447 910032 645946 398325 378655 77187 218282 421002 915135 
988732 978594 884344 210418 992263 588430 665953 666124 726471 210328 ,978594 884344 665953 285868 631895 402516 680462 959202 975408 944990 
283168 892912 942617 439553 949108 133262 892878 942228 630735 731293 ,892912 942617 949108 133262 892878 176295 198173 187795 472215 549942 
342087 714071 375001 967506 603841 343419 664917 319718 461357 661602 ,342087 967506 603841 343419 319718 461357 661602 319751 579044 390785 
728214 306367 729471 825961 726936 826228 89860 438006 527218 20038 ,729471 36858 904262 376216 551878 89423 429674 429455 713953 452670 
492790 871625 127024 12789 844647 169694 302 513537 921690 225074 ,492790 871625 12789 302 175142 270295 779768 12769 225948 224252 
448407 30084 637569 427310 227381 776981 352685 791033 745742 227313 ,30084 637569 427310 227381 776981 352685 426326 427556 80585 30215 
719260 427817 986957 956284 717441 180252 171816 504948 420473 419388 ,717441 180252 220063 508923 465513 67966 179256 323465 334022 37284 
618191 582499 964141 847917 995938 614570 650981 631913 401117 653591 ,618191 582499 964141 614570 401117 653591 653684 596779 444299 653402 
836559 918678 532411 575731 129950 451114 35791 736902 491261 513494 ,129950 451114 736902 407734 764064 961741 473066 296188 409007 973464 
510536 934485 551246 603528 668669 968757 958927 703334 573759 422045 ,573759 196778 275594 411450 421862 401649 797692 720880 331057 427775 
73136 773320 432811 547201 484024 448989 499375 904274 913509 168766 ,484024 913509 168766 4389 523067 839757 68789 519342 604055 886565 
93828 850453 120754 462428 574534 845168 564813 95535 451094 685531 ,845168 564813 685531 451766 306294 563400 157260 451713 805263 132986 
364128 101442 111187 554856 990416 308312 453043 954120 78085 116510 ,30554 261849 180650 219632 30429 160019 465018 465210 636028 306054 
188509 640986 567335 849135 187682 880982 446778 881576 643844 222986 ,188509 640986 567335 880982 446778 881576 222986 826052 885955 444949 
512754 814966 179758 969109 597919 129294 808598 393252 925453 188201 ,925453 188201 1525 338891 174929 242604 424680 839980 519596 974796 
682089 491967 124854 352919 368052 469452 907178 351593 246636 237736 ,682089 368052 469452 246636 237736 470826 246786 366392 340720 26537 
704367 484513 787584 618110 823939 703423 580430 70118 858783 705612 ,618110 100735 762012 160124 664980 253516 70572 253687 480385 977883 
672303 828830 785176 810662 985985 757754 647933 766036 796756 2253 ,672303 828830 785176 757754 647933 766036 2253 102208 3380 995773 
74173 69945 553261 129447 803875 554345 984690 565883 180687 454188 ,553261 554345 180687 454188 241381 918911 518241 197602 276418 843790 
8599 21110 909238 461960 20865 785419 169136 573019 697979 771291 ,8599 785419 169136 771291 8176 785441 261465 753982 635043 551081 
196147 274963 686671 731263 984112 473437 936583 2473 471922 468614 ,471922 468614 16854 67351 287491 466356 270750 237049 552616 727631 
181701 505859 990306 181871 420533 508755 841528 284241 941144 140277 ,181701 990306 181871 841528 140277 990016 284328 181647 668456 351918 
82779 88065 570953 548100 930257 679236 441674 88382 92538 89528 ,82779 88065 548100 930257 679236 441674 88382 92538 89528 556642 
446971 445140 175571 444199 21577 574618 284610 181284 341299 989064 ,446971 445140 444199 21577 574618 584456 583774 977420 116969 590055 
520753 709699 520735 795201 323879 341730 708805 240361 958928 379295 ,240361 151688 344794 785302 923324 307648 355329 64255 115606 341049 
922107 965360 965848 425566 810782 896355 896220 965336 972246 636110 ,810782 896220 769311 362525 116863 917951 965759 858702 832840 809297 
967069 681009 696197 182004 795819 792064 406241 229834 929492 878212 ,792064 513600 705436 950089 838556 927436 670406 481387 768361 405002 
764571 679025 622520 597564 30525 977048 31036 695277 678780 679291 ,764571 679025 622520 597564 31036 678780 679291 439376 328304 168963 
709311 251962 709215 215652 282253 131415 948714 977951 970076 234606 ,709311 709215 977951 970076 929517 953315 942049 280042 45367 441553 
833682 830505 792059 833433 786133 785911 830469 196109 274925 48286 ,833682 833433 786133 785911 917411 916750 471600 792566 174349 891112 
4579 412035 559138 988375 700679 950708 808258 990070 422401 469046 ,412035 559138 700679 422401 566702 442827 477971 546658 556982 442571 
202099 266377 720251 496356 489418 554901 201554 265832 597148 333982 ,266377 453706 152075 293441 449182 251554 19538 4681 487340 58967 
882201 631580 787304 965672 914797 731622 306491 491720 463955 514322 ,399968 32739 33171 725916 305634 481738 5292 456457 926078 393771 
369457 936172 256781 370685 5162 934502 662048 238697 59335 392974 ,936172 256781 5162 934502 59335 392974 224464 466632 63198 242473 
521980 861931 59826 414174 59081 184840 477636 156943 58838 827037 ,156943 421269 158620 477821 898166 678778 605364 271904 678909 578949 
561459 844587 796331 194584 273400 224234 863095 613764 201841 266119 ,992914 450075 518570 847659 899910 455776 739790 183932 12845 226238 
322647 432635 193690 272506 174657 484497 10021 861216 181613 809559 ,432635 717388 19702 242206 547934 196875 588574 903876 806112 31625 
278656 278719 494793 278696 338316 337799 494798 541285 278658 549422 ,278656 601416 43761 95479 168558 141987 241052 32256 497272 530484 
116311 323689 730679 694973 434845 63740 465579 732408 715458 434825 ,646139 64410 948697 548741 308122 276223 634376 179380 435396 948390 
902268 589737 845855 846231 401074 557911 109514 728013 746104 400277 ,401074 109514 634152 531533 403210 548377 721813 401065 400959 548132 
140396 223530 881365 14257 987360 416490 598613 113284 441474 481529 ,223530 416490 598613 113284 276389 197573 140644 872364 113833 89430 
512049 231240 632657 299638 325821 623261 69176 391064 553008 325197 ,231240 632657 391064 553008 754594 17909 353556 701228 156538 384946 
824070 98861 772211 757306 247103 607374 640271 98943 757430 757672 ,247103 772190 785355 269444 220322 762419 773042 772060 13595 950953 
148354 504340 323168 463331 699913 713165 101233 250006 250327 136115 ,323168 463331 713165 250006 136115 357524 391156 2020 738413 300965 
28662 540957 458483 541218 77991 280931 68609 78891 29121 16739 ,28662 458483 541218 78891 29121 106894 28691 67656 156982 799378 
873473 864932 871947 498149 863774 560787 427767 655983 849882 488412 ,873473 863774 497207 667170 569612 862525 569346 604869 447904 599462 
707488 706250 467597 693199 537832 398364 130470 197538 276354 981583 ,537832 197538 981583 600271 862591 194944 537665 806952 807119 147561 
965746 531717 402302 530657 965400 424910 533965 27005 58032 873763 ,965746 531717 530657 965400 424910 533965 27005 58032 532942 515583 
407602 705933 46722 91161 188602 171241 869481 807751 38039 46896 ,46722 38039 807792 39103 44375 152986 807500 572339 49129 163445 
437872 380070 548060 304208 146054 548435 550375 865959 28885 449672 ,146054 750899 686212 487530 493261 993285 252504 999696 4199 666463 
408815 54824 326317 898269 385768 130716 378829 538423 230160 554357 ,54824 130716 230160 302696 662074 552865 537239 72962 45220 538213 
904159 455983 59988 623356 402044 398639 796592 134588 844979 337676 ,455983 59988 402044 398639 134588 844979 730938 203270 842583 208388 
403621 944897 755979 470032 233621 705111 353530 318313 343545 470078 ,944897 318313 343545 470078 300843 792294 354613 560561 403341 282165 
705908 341075 629193 658142 441472 998027 595068 745861 22181 188756 ,341075 658142 441472 998027 22181 188756 4717 136960 254245 302282 
708056 785577 180983 528430 340167 519484 790838 488269 910877 560124 ,785577 180983 528430 519484 488269 229178 708401 279102 769286 91969 
398871 399064 402669 403181 402448 417898 189343 893116 655577 654762 ,398871 207963 655590 667650 667700 655278 656771 477233 960481 994778 
454275 391896 469838 518100 987125 330049 338020 518721 156483 121902 ,391896 518100 987125 338020 518721 156483 126942 93970 30158 566482 
706821 623765 661479 881135 800971 797248 632331 532418 499552 795887 ,623765 661479 800971 797248 795887 796171 796404 396295 635221 484634 
399219 403524 76084 474542 570915 85514 500435 678150 944472 156442 ,399219 403524 76084 944472 156442 82352 125430 682134 405775 788329 
559823 261072 886429 773449 947126 960281 12448 416977 259151 21295 ,261072 947126 12448 21295 942621 260889 923204 893835 235860 947202 
978477 921583 978402 189306 908877 63201 10980 908749 831397 218800 ,189306 49764 287074 413104 744578 896311 895513 583501 454279 875779 
426610 5909 531611 796230 6353 787259 364064 610061 145811 428420 ,426610 531611 6353 145811 429891 337272 159960 616717 175236 428469 
361910 166609 524283 584099 116996 21275 723592 388080 765081 873434 ,166609 368582 384329 334448 485185 86087 797797 192794 271610 482040 
536366 473930 472381 470881 422129 472467 474028 55821 472396 471397 ,536366 472381 470881 474028 55821 472396 408924 471429 729981 690992 
399156 71243 402405 802142 935238 955100 523689 34076 629159 496537 ,71243 935238 523689 34076 629159 937391 559129 120746 550821 784135 
510083 289153 247600 19402 843279 907107 906878 230252 948185 182316 ,247600 19402 329127 663491 681343 401309 145837 184609 317298 394110 
168946 199556 278372 100372 169492 169197 645432 100361 389996 922804 ,168946 199556 169492 731883 20216 579581 797449 466461 391274 86887 
190825 190840 732291 190779 190748 767637 190740 767387 766948 190698 ,190825 996692 976458 491046 796233 582718 248179 55308 256448 121566 
321709 321550 62861 719795 130069 420868 466576 825667 825958 638077 ,321709 62861 420868 825667 825958 638077 321577 815627 79978 546384 
715533 844271 927925 118988 520761 946344 118771 337799 338316 182160 ,844271 927925 118771 337799 435201 844635 79657 724672 698328 264174 
827332 952510 857686 827562 892292 827103 881029 880665 922953 881953 ,560395 882789 55689 674727 640864 373929 769874 641918 891492 763251 
517620 439121 637961 671641 432610 474634 511553 753345 124594 573549 ,474634 753345 124594 467414 497766 13120 228560 80078 429563 550358 
404100 649774 930025 696413 199780 278596 238956 941604 168296 275647 ,404100 199780 278596 238956 277136 298734 859705 807366 457771 752232 
708718 236962 472358 228813 96840 472261 304465 512417 104879 246776 ,708718 472358 228813 472261 246776 228381 607197 232971 467809 84040 
413322 395258 412802 185180 449988 301236 873866 517805 302782 412881 ,449988 302782 528939 25345 427617 522274 635043 247152 511695 246704 
457418 472040 99803 563019 472096 843682 652794 472057 472205 3692 ,457418 472040 99803 563019 472096 472057 472205 14119 273277 194461 
696601 330612 613176 519948 799223 612119 235571 613854 409946 789702 ,235571 732167 230133 874869 559983 712551 185068 190147 866997 896698 
835497 190689 566984 835148 759909 140495 190732 759550 158521 612644 ,971540 759005 835893 833647 817720 568483 954064 468763 212135 405690 
314814 689645 553851 238075 19990 367186 53996 293026 820963 671519 ,163017 21010 312464 488646 462215 309116 505165 652210 52663 706951 
974199 562875 802865 563664 799401 422259 99620 692638 451741 524270 ,563664 510477 799506 798008 409554 897822 409696 552767 11418 997629 
833440 584180 911030 911523 583736 535397 772503 911246 772317 540568 ,584180 911030 772418 881588 620903 942123 236965 62560 932431 868516 
402888 402617 841434 399149 732353 344302 106078 785780 143893 168932 ,732353 344302 785780 407583 807060 679168 353245 731393 286647 279208 
758005 705035 490613 638287 727565 845906 314514 638464 493148 703961 ,638287 727565 845906 703961 675317 674744 855683 766818 604373 606267 
456921 186141 513928 968580 184943 593801 598894 74093 748571 496358 ,748571 496358 467597 590108 605559 157329 598834 195238 63250 187798 
734903 996465 76453 37048 484511 488552 505931 469236 697514 817529 ,734903 996465 488552 817529 931391 543305 902984 542907 884661 707233 
673377 666818 824683 673873 673027 447161 539681 448085 448175 447484 ,824683 448175 685321 447615 768284 666792 190762 684779 666739 447424 
134891 457113 251139 921226 230548 921048 514550 52382 43286 514453 ,457113 251139 921226 921048 693655 44271 52327 864725 863273 748678 
209984 410147 198331 277147 669313 835018 491899 882369 960904 391431 ,491899 275426 196610 848344 735417 97627 196115 11155 399130 500972 
70296 72452 919805 658939 104476 957805 103218 985658 226257 504525 ,658939 957805 103218 69480 818885 498555 985895 853685 380449 842617 
762055 180757 762172 814164 978656 426663 791280 762485 983244 760410 ,762055 190854 2257 294547 850654 336942 591189 940634 545970 435036 
703522 993769 693339 225632 541824 964201 596695 13160 978337 21665 ,430543 376917 358922 276881 177871 200903 158181 201187 328827 838540 
456357 791377 456951 62547 19655 634888 546258 553635 878597 495900 ,553635 98315 878243 395550 542158 909652 376715 811031 284889 632041 
265534 244654 778847 463676 243923 460991 592462 60049 146705 363964 ,244654 243923 121754 539459 630378 92358 936048 506256 580956 96161 
159262 575481 664367 244838 309009 429265 576788 146585 96445 634133 ,156888 258867 723991 436114 179623 5570 179596 423946 548489 577062 
703851 483256 147085 62162 482030 14895 482923 678478 868950 70912 ,103628 637161 207663 842090 729265 987713 402371 707081 886173 166334 
968826 168760 704246 844032 171736 669708 881048 14053 16023 455955 ,168760 844032 881048 14053 16023 455955 600554 671842 991517 205210 
834176 834619 834329 834255 834023 836264 836496 832159 134809 834116 ,834176 834023 832159 134809 834116 836732 834806 567281 835533 835456 
703664 111077 263385 917335 732633 886290 901889 137698 794610 886133 ,111077 263385 917335 886290 794610 886133 462084 308946 16500 366767 
304710 783615 70663 65039 602821 75358 944988 760324 250123 302257 ,602821 75358 944988 237216 92310 657691 603249 922750 346684 471827 
744151 398678 11289 87467 209790 205897 270175 209530 738395 746815 ,270175 400032 888563 85682 930269 733428 577027 844008 391052 842689 
796392 499 302029 439629 432414 306 380329 808872 435453 624590 ,302029 432414 552339 522246 264911 98059 177677 905546 539523 1350 
461325 454957 378148 115999 378214 492829 819999 459525 598519 208582 ,461325 454957 378148 378214 492829 459525 598519 208582 224851 751640 
526447 526898 225214 607348 760727 18654 843567 787266 624013 137161 ,843567 137161 930184 628289 965625 699381 965428 316253 822941 203432 
577815 727121 746536 491252 936172 806329 158202 822920 713865 481063 ,746536 491252 822920 713865 528803 964822 214987 709950 548689 551806 
570250 96017 231831 429453 66023 872134 723411 530581 322229 96896 ,872134 795202 64270 222699 173507 965182 288567 408139 723628 401441 
992459 756747 311257 991287 992448 990166 973928 886507 999086 645665 ,992459 756747 991287 990166 886507 999086 645665 991721 991389 198038 
961153 961037 530238 530723 901247 917411 483421 438749 767230 483198 ,900194 764782 437752 804904 645742 184268 122605 856400 782222 183580 
367189 729276 694968 371796 694430 310901 146269 975044 391308 710598 ,779999 75283 681502 15455 332196 155467 41687 575044 971644 851044 
209916 510073 136091 261673 464196 200499 264777 210542 748689 412923 ,464171 436564 562622 124310 412790 570664 325347 318791 833207 274245 
767810 724948 72026 381464 720945 600252 334049 463119 506402 707602 ,381464 720945 707602 723703 163395 20407 383332 823397 613278 467767 
421996 979833 695568 809881 934699 641149 89911 641006 200471 264749 ,979833 89911 304614 409806 402749 640633 641840 642230 878095 683857 
49705 605418 871464 650623 894024 605011 53877 53784 650359 863100 ,49705 605418 871464 650623 894024 650359 863100 57665 601438 296344 
73731 467412 337875 337056 71551 180048 599091 64405 632604 516102 ,337875 337056 180048 315160 448827 536114 815253 519373 522935 599086 
545162 996908 855362 867688 849192 997059 848818 858945 853636 191394 ,846844 856383 849194 969105 846686 877017 443005 852975 756110 832993 
54436 778473 747119 694452 374312 374556 825129 929722 38042 779908 ,747119 374312 825129 929722 38042 248140 797751 899701 385118 750372 
542831 784564 485433 128032 489949 803120 751528 341089 390651 286133 ,784564 485433 128032 803120 390651 286133 618420 392372 325468 324964 
247857 305122 247414 659755 237249 305591 305223 351423 497245 236999 ,659755 237682 351667 279269 337657 227392 352343 639048 664168 280790 
681788 471721 671251 694817 392456 989072 392219 693094 695391 227328 ,471721 671251 392456 392219 693094 227328 940795 129329 479365 292879 
324825 731736 870937 197631 276447 940438 826581 391536 872122 536822 ,324825 731736 826581 536822 689533 323117 123624 622088 6796 77430 
923890 894124 943462 894481 332199 90474 783293 654173 947386 894492 ,604405 947181 393453 17806 941238 228691 144294 81673 440805 368011 
113865 281090 575118 977042 823331 790409 444494 749233 675012 443783 ,113865 790409 444494 749233 442712 575839 790282 817676 575936 762927 
845705 305851 496693 443718 233459 305310 496698 784991 958577 354054 ,845705 305851 443718 496698 784991 354054 566222 784975 321992 324486 
857622 997243 997105 418367 661275 575927 345440 577768 809220 575494 ,418367 345440 557743 633517 699862 429232 333187 783919 8091 771091 
779083 779019 778916 685140 556944 770184 685735 778858 799864 871146 ,688541 212601 521199 826227 921694 38759 38878 213246 147500 468862 
954577 702938 550066 107243 232025 527424 703098 181028 248643 296140 ,232025 703098 248643 219260 86119 720778 60065 137393 122409 68081 
690379 908121 844788 844314 867139 13585 517928 690516 749071 539695 ,844314 517928 539695 577096 170629 154917 630837 724196 405491 222713 
474924 421801 479124 881571 437773 374204 770132 222166 809970 534958 ,421801 124566 810417 250629 775361 218073 637891 411644 470510 553292 
325165 365217 393284 123157 658533 719648 281574 467604 497123 105176 ,365217 658533 719648 407177 432488 144406 628538 404991 151520 666444 
351783 214712 182138 809832 583754 729975 724884 423422 711109 30568 ,351783 214712 182138 583754 145650 97440 118249 363935 826276 972563 
498573 393208 508593 730880 950578 520003 749029 664089 152218 26096 ,664089 26096 628480 308222 808658 931017 762021 866599 973264 924024 
312277 873352 148343 181207 229442 494479 467749 633833 806701 194752 ,842377 65538 107592 172145 309494 694880 184457 393857 967409 388680 
92860 83509 89463 810238 725617 93606 322330 89717 158798 375947 ,83509 89463 725617 322330 89717 375947 519671 214993 547381 249545 
45641 156848 314328 189734 189623 428399 57214 238411 53983 456653 ,699610 505445 519428 298326 556453 449480 38992 521505 328682 183620 
708200 467671 13286 889886 91454 391537 512253 125528 809386 87253 ,708200 889886 87253 522562 90031 350666 2257 485796 350937 364242 
826828 827657 564553 298179 434895 141276 548558 158569 981821 841407 ,826828 564553 298179 434895 540753 788403 336286 297260 865007 368954 
61067 586110 196240 275056 18537 98534 926749 124017 846739 855901 ,61067 586110 196240 275056 18537 98534 926749 846739 572248 855778 
857327 985382 38379 672595 389548 826559 673401 39260 539921 39042 ,541541 825257 541532 699788 839347 831497 654226 541372 83285 829964 
662501 959418 291297 754361 503031 482912 871839 519011 564092 742744 ,662501 959418 291297 754361 503031 482912 519011 742744 871091 519008 
648065 614907 653269 651127 614944 814656 647085 851829 653003 821893 ,653468 237320 444123 877483 672589 799469 673111 235350 609747 443617 
525756 156534 983060 366822 93551 591268 976902 464651 400236 513082 ,366822 823678 803458 524683 976578 45752 378891 73047 477832 339166 
765988 766547 765849 731386 766391 761254 826805 510946 713298 402842 ,766547 765849 766391 761254 713298 510991 603017 587848 24003 772152 
840579 93760 841149 691638 686618 506875 15304 597916 432781 550366 ,432781 871813 197044 728757 488465 874353 393719 978617 988877 919461 
629827 238731 93721 116822 196090 274906 195055 918185 340869 94272 ,195055 372266 597865 500576 389861 293264 617894 253223 389406 455410 
975594 686538 621626 971270 719849 600165 218570 134515 172519 834548 ,975594 621626 971270 719849 600165 218570 834548 777164 837458 839984 
677864 242980 100192 197176 275992 983304 921603 12476 341991 596261 ,341991 85007 483795 100055 188107 738870 326450 250712 199396 485350 
366821 502023 368961 19340 103693 173244 531702 456856 856362 597394 ,366821 19340 103693 456856 149739 532154 234271 488598 9861 596436 
478758 616136 380833 943857 352721 880231 484190 856268 400828 173217 ,616136 352721 880231 173217 877606 409864 415958 862709 99446 158361 
855817 55771 378997 178375 52654 862897 468590 51836 57079 352365 ,855817 55771 378997 178375 862897 468590 51836 57079 352365 87331 
938897 628540 629515 989600 841563 781748 908348 201161 867635 913129 ,913129 828824 202183 266461 10399 15025 840629 541323 678512 223791 
480545 178282 672489 913827 322521 529263 723882 752901 682844 369852 ,480545 178282 672489 913827 322521 529263 184910 530874 258607 33525 
663045 172105 32190 134766 31509 256466 84582 134793 956073 587311 ,172105 32190 134766 84582 134793 956073 357512 159286 533699 401037 
768582 768552 768387 55018 476254 447751 976825 540489 51046 448122 ,768582 768552 55018 476254 447751 540489 51046 448016 901910 477129 
987270 913104 92970 907558 508486 497212 987488 503024 3200 168967 ,987270 913104 92970 907558 987488 503024 745142 457250 498344 550848 
787992 768135 788108 37759 38805 38797 793183 767910 767895 37669 ,768081 767861 787939 667462 37658 767946 207067 552799 37814 215792 
560525 431211 631363 784908 694647 78352 296237 426194 502508 784915 ,736271 458386 431905 80540 296013 578141 244261 200796 265074 784937 
187665 565895 187677 379602 503140 679457 187634 938771 937907 187737 ,187665 503140 679457 938771 937907 225656 905312 265791 187883 637535 
162637 531592 214871 452618 280018 415445 432432 204800 269078 139878 ,214871 280018 416664 495527 79700 214814 397731 408829 131179 44534 
406880 515743 678385 886135 12980 542075 376354 224165 955392 241950 ,955392 241950 885754 879793 939635 102131 879324 542028 705843 883849 
317309 319219 428084 225641 258610 267447 516426 202119 372269 515782 ,317309 319219 428084 267447 202119 723744 275659 198139 154130 116355 
763951 763880 965549 765063 176289 485627 974548 764697 941212 339911 ,817884 738869 234644 306833 998362 304409 988709 961709 930023 646394 
710466 631083 920986 923747 124535 940492 256597 839132 722846 793833 ,940492 812551 632060 483383 735678 724249 966336 271090 206812 960794 
336142 930876 365937 16352 517160 744298 75333 504462 998513 297572 ,336142 365937 16352 297572 410092 702808 497619 372469 16411 725284 
378850 404252 879607 917930 439074 515558 399017 402696 429066 557964 ,404252 917930 515558 399017 557964 400299 753468 961195 398150 458554 
815194 815241 398885 825339 815190 448958 397765 397375 666564 401482 ,889105 772922 219837 266356 880037 246506 781542 548463 904460 847065 
770017 767913 767873 767886 769964 475134 826580 837702 772059 887191 ,767873 769964 475134 826580 772059 678854 44296 474831 768310 396953 
515111 322174 94622 816533 391743 336965 931032 526618 931288 967754 ,515111 94622 816533 391743 336965 931032 931288 246658 336864 514306 
333651 490582 440516 286516 353006 21588 115182 181535 181499 268007 ,333651 183168 14486 651121 395095 402741 141978 179415 731169 393224 
757278 921271 995869 759586 675170 758354 758446 759343 760679 970113 ,921271 758446 760679 995879 776392 145951 758204 568737 758555 604217 
250591 776319 416575 145438 360869 405365 945961 774987 167898 621193 ,250591 776319 145438 405365 945961 774987 167898 621193 320234 676851 
771001 630265 973198 539362 296119 339657 469028 298320 795111 294953 ,469028 62319 510410 192477 271293 203500 12615 932468 487460 991167 
430819 2736 95640 614850 283232 61175 919823 71072 649327 612494 ,430819 61175 649327 612494 636695 501521 991394 416523 280509 679660 
15135 15388 13415 12990 517639 426218 249235 283200 398777 680820 ,320374 769655 209906 164339 319452 836627 144768 193422 966722 254990 
957621 991376 670695 9290 789149 828754 990060 758950 586255 989644 ,957621 789149 828754 990060 989644 606643 328758 968672 239378 433115 
577093 762074 823749 865410 565476 224462 483187 795317 574160 244804 ,565476 224462 244804 933668 594466 595060 908244 394269 679120 16102 
422265 422164 810167 901645 83875 57091 57276 901371 379049 490047 ,57276 994276 541568 207514 283083 773227 546746 440610 893002 893090 
770986 705028 705814 706341 331213 819774 844264 329593 705362 314466 ,770986 705028 706341 329593 314466 337699 770557 397559 979996 247751 
605500 370791 588560 366209 107522 730470 329366 141212 178747 39126 ,588560 366209 107522 329366 750166 493629 588464 121681 283435 283861 
955813 340372 351187 211305 304343 956080 467321 348253 777586 5737 ,955813 340372 351187 211305 956080 348253 777586 450648 350959 715434 
367087 246847 932380 551605 871192 473311 139557 982684 366815 729644 ,729644 325675 514286 575399 455230 31579 303861 837143 152759 271578 
246279 489026 539244 161179 917026 917308 174508 488877 196562 275378 ,161179 917026 724188 13657 488711 490845 863094 193303 480529 881650 
111710 955812 340371 953199 110427 528315 864425 865697 5736 871094 ,340371 110427 865697 304342 615377 387679 684819 99040 861821 416778 
381304 565807 209881 840175 679170 961207 861232 539 228187 212970 ,679170 539 212970 227633 564635 795438 266916 127175 237297 840091 
825881 23555 443727 824546 443772 651559 814655 555390 444122 443864 ,23555 443727 824546 443772 444122 443864 443656 444343 614906 816183 
423824 417502 423390 423377 787887 714964 24847 423761 981475 547642 ,423824 714964 24847 717896 41211 655673 761781 716461 911810 786413 
443340 979105 856620 997597 539803 442832 761785 125538 912645 514801 ,997597 539803 761785 858391 885659 46123 855336 833768 952648 191299 
548881 610187 313838 190933 624960 965504 688072 624213 601339 292147 ,610187 313838 190933 624960 624213 601339 292147 190786 278962 719924 
819892 628036 989879 783513 788796 108747 14710 534911 623973 184931 ,184931 433221 370851 144717 877508 27195 828152 646530 624972 677313 
73335 63275 66320 949819 941641 63868 763769 947258 841372 225812 ,66320 949819 941641 947258 225812 11541 19094 396095 314186 721089 
670455 749407 329955 245626 749305 828778 773808 310713 848721 785659 ,670455 749407 329955 245626 828778 310713 785659 344056 19079 672466 
776127 962517 829685 789535 186590 777829 802242 217642 429078 651005 ,962517 829685 789535 802242 217642 429078 651005 566947 41037 385816 
596708 976409 624504 454140 973006 857363 146711 688172 212706 972276 ,212706 393374 710650 319472 542808 594808 675401 839170 902094 484377 
193460 982246 48960 902987 76882 563303 57773 826416 935410 184923 ,982246 48960 687773 598282 979820 473552 57276 407408 994276 24643 
396377 395412 407662 142118 863321 842454 15830 34510 186076 396782 ,396782 851480 389062 331970 223783 463747 843904 343554 396512 550973 
797587 415575 39049 84217 615467 768622 411670 37990 800763 637513 ,770174 200641 754687 999311 735110 686802 576101 389493 379405 388421 
929681 930001 354714 460787 471969 362163 955902 335295 980692 753076 ,929681 354714 394193 211273 157763 804937 963732 320220 572161 628836 
946839 45182 999227 952911 188125 501562 109831 348003 990537 472993 ,946839 45182 952911 188125 552405 999569 410206 239727 533234 55497 
647071 422865 123010 809573 867689 759220 653076 600778 423162 426724 ,647071 422865 123010 809573 867689 653076 423162 654059 600950 905283 
197829 276645 118467 465303 943521 416143 964131 376707 508665 964661 ,895898 893254 254484 287560 454347 13967 597366 501625 551497 385749 
980112 985222 117366 802888 924960 914744 187963 549204 778716 414234 ,906361 453404 557555 181674 986435 810445 165194 913763 793761 33378 
952458 779102 391569 391291 924513 88370 391270 81889 195689 274505 ,952458 779102 391270 81889 274505 541041 477875 626775 485011 75587 
796007 925324 254320 574197 513329 926204 82076 510141 464613 878665 ,796007 925324 513329 510141 781006 59853 736992 83540 931017 131380 
663446 758896 749444 900469 836240 595624 595328 391110 16382 605530 ,595624 391110 677846 705066 256664 293138 13180 194371 877108 100481 
46486 229923 339409 238378 112648 229318 36991 354861 440858 788025 ,46486 229923 339409 112648 229318 36991 354861 566520 548088 458127 
72475 448468 437988 691644 638588 550049 727213 549563 874998 448471 ,448471 367055 448396 107383 806685 525833 708138 806653 245681 118838 
8733 713661 583754 910860 29091 346500 433026 527905 353389 551745 ,551745 713646 422558 274986 995235 525441 720995 307801 609363 249081 
293380 806652 785753 668837 227494 4820 527992 754365 599092 430677 ,599092 430677 30027 415432 451229 451827 788851 517753 599153 426975 
681305 984594 669413 460963 258032 411392 882697 902528 236063 917413 ,258032 411392 882697 902528 170646 937130 805988 212172 48599 670741 
112079 605186 9251 262732 415655 535250 309677 1791 705827 421978 ,262732 309677 1791 421978 506745 903 397248 535263 407960 823799 
391917 391779 391794 385108 632726 118119 380296 68722 173428 392012 ,391779 391794 379978 854932 358803 188768 288434 158933 524747 684236 
795457 467425 448903 800083 327222 419447 793270 476525 534957 479401 ,795457 467425 448903 800083 419447 793270 479401 991938 380664 419378 
848528 848272 849212 44589 44637 775749 673759 805533 814278 536330 ,374054 673651 443205 540084 825257 190830 587040 610946 759276 673130 
881606 775337 891451 606035 880328 878881 774694 815994 890436 310421 ,815994 797926 820146 793960 151610 341254 995941 318201 837185 250813 
504786 808954 809134 503612 506748 503220 830707 744392 249134 252057 ,808954 830707 249134 252057 25354 856032 825108 253438 922473 207999 
985510 986851 971698 995812 991700 674693 811158 762841 766321 556640 ,766321 876824 991610 561968 249691 996239 885942 199396 930515 766740 
41782 7647 689726 597062 810452 809594 810430 386479 385572 78332 ,582068 389195 290134 789673 475875 84598 39770 805699 195129 695256 
119657 895600 826028 963507 898460 417285 557063 964564 996082 471826 ,894696 46619 882236 917938 550628 606270 445450 247775 589757 656554 
424347 424048 785915 828356 829288 828779 644691 424595 425272 113865 ,424347 424048 644691 424595 536668 850632 26391 821192 916838 787383 
121910 104690 122073 278910 854857 215541 614870 102222 825170 614908 ,121910 104690 122073 278910 854857 614870 825170 614908 121908 69251 
134120 743974 634473 207570 965899 902860 384192 49859 298503 477037 ,743974 634473 965899 49859 298503 786060 351638 128342 418202 422085 
796300 583007 376234 296046 990064 645127 800078 645129 742164 421041 ,796300 583007 376234 296046 990064 645127 645129 742164 421041 173960 
861166 564803 970981 484193 920240 905620 426292 971782 440550 553302 ,861166 564803 484193 905620 971782 440550 553302 907757 227130 112190 
20800 522313 522773 941817 94484 522587 312992 534659 601077 953452 ,522313 94484 522587 534659 601077 953452 232016 365589 365483 600820 
614298 612241 646026 613389 557840 611453 558169 613032 192019 823650 ,612241 611453 192019 443988 373874 998109 558322 961098 650124 444287 
677074 677368 677350 617364 814484 470479 644103 557868 640039 640210 ,470479 605473 786645 555651 911939 217202 559025 847712 774948 769449 
929210 467004 338254 90932 328533 826882 804792 548331 478655 827586 ,929210 467004 338254 90932 328533 548331 812585 64489 961333 467157 
940933 22461 598044 610795 520216 664791 205370 269648 482238 69118 ,940933 520266 753232 172280 687261 961887 480707 696263 20597 436832 
424430 425263 809563 809521 519017 670237 696460 118563 123907 20279 ,696460 52015 99118 720049 145167 786808 518086 517243 5171 498206 
70848 935518 802572 285978 506694 111250 111394 70750 43125 93528 ,70848 43125 93528 197332 554427 586059 888919 50826 629873 69807 
364142 736210 600726 600667 719148 41762 638159 869215 600661 336715 ,736210 600667 719148 600661 336715 177038 861341 602415 824171 177667 
596039 197201 276017 840259 60532 868320 196576 275392 780531 376343 ,197201 806769 843404 16366 885832 855711 658923 703686 9648 658941 
480533 382423 480570 457751 911285 287865 178075 195348 274164 36314 ,457751 911285 178075 403152 289570 178620 398978 162979 165992 681245 
896281 180520 903643 962406 688803 202153 266431 650431 437793 230782 ,941364 481757 833474 471803 403050 843299 507730 17631 195697 181158 
289104 732774 963640 403469 180737 862676 187556 481543 678077 415890 ,732774 963640 862676 187556 376527 687075 862392 199573 886004 128481 
909799 908912 914357 644784 213954 424595 213643 828779 644691 910429 ,909799 908912 424595 644691 983852 787383 667493 899927 45804 89703 
425076 424571 76980 724522 942817 732534 322642 326436 724534 497681 ,424571 76980 942817 322642 724534 658591 498019 224672 416689 678232 
849719 954230 125712 953839 766405 879638 430560 879401 28110 27583 ,849719 954230 766405 879638 879401 28110 54696 611256 611906 48610 
694299 13598 160253 225602 10265 694623 645388 974417 934505 851385 ,645388 320527 762675 304880 221248 850687 228201 157418 141266 860666 
568939 816924 161646 714032 255601 255315 796514 392015 816542 801581 ,255315 392015 801581 191038 468829 624944 816149 710302 816066 636891 
476575 786952 117042 421777 566437 852473 954494 331543 457096 29137 ,476575 421777 852473 331543 29137 165330 177775 373145 749132 582171 
776995 323253 517197 331343 287301 772192 380296 780356 797323 98956 ,776995 323253 517197 287301 380296 780356 797323 698995 780308 957687 
963987 679222 810802 728853 794102 188725 273146 560968 551153 432355 ,794102 15183 400661 396988 400788 299790 462773 885649 721232 836973 
586049 681844 200934 265212 526723 924778 121794 426541 166782 300240 ,586049 681844 924778 121794 166782 924071 516725 198225 277041 902593 
997023 857280 855915 852055 846530 101871 102049 912359 104551 994236 ,852055 846530 102049 912359 103754 852120 857758 826285 846595 847589 
595343 919014 596261 669907 923961 880216 934242 249916 670325 934716 ,919014 669907 923961 45415 923449 541955 885696 640332 645252 997169 
215940 219332 131931 48265 139657 188553 999265 367089 42321 301867 ,219332 219546 958800 853369 239324 265580 201302 49384 858161 996431 
24183 757789 568828 830227 757801 24066 755508 373717 191004 569542 ,755508 569542 673405 613966 856427 759298 567978 760168 566911 762444 
50444 28428 429410 234228 339314 600101 704772 811893 814915 351935 ,50444 28428 429410 339314 351935 94479 475524 57269 22092 810747 
615735 224499 10068 559796 659488 224225 570190 923160 14302 837284 ,659488 15302 254888 596039 278556 336600 989052 224198 385266 544337 
860510 485209 9716 934089 827935 774684 334738 402835 556536 27186 ,860510 485209 9716 934089 827935 805512 307116 181605 366153 576884 
215654 641027 603689 717363 129121 215916 424336 754266 715810 714512 ,215654 717363 129121 754266 715810 714512 714245 278748 423125 219298 
254186 423565 246545 246565 423244 373581 567188 480151 423320 575072 ,373581 211528 516850 293834 351098 158471 246538 94683 698751 561833 
846942 611310 949274 327215 185979 488805 967734 844974 864369 548309 ,967734 934486 609050 745962 393984 276500 230770 630514 274266 723562 
480768 772686 158339 892779 832432 756694 564605 294458 706771 225376 ,480768 772686 892779 756694 564605 294458 706771 225376 892805 975632 
254264 589420 65786 965180 68055 94771 90636 104794 175168 300786 ,965180 94771 90636 104794 300786 197023 547067 104821 658193 83350 
292566 445360 158471 329834 215686 292135 158235 56121 414071 368974 ,246655 682433 246528 246556 248784 960659 237038 777159 469624 338438 
297974 72714 557734 975739 659036 339323 20521 550311 519265 906214 ,60375 337452 941249 437173 930976 367042 19679 703517 679929 936206 
455629 74598 73438 706393 681422 225483 63670 243306 798717 844596 ,681422 225483 63670 243306 62232 637284 277996 199180 13943 961107 
434665 955311 350478 702971 337179 661291 367031 326912 956763 502288 ,434665 955311 350478 702971 367031 326912 664594 547352 502264 662407 
391901 364424 958055 180052 502838 865999 364060 495476 862121 957696 ,364424 534800 503762 69419 892679 397125 391982 690059 55788 113816 
677319 190749 677160 677478 866841 677627 756991 756488 805012 676574 ,677319 190749 677478 866841 677627 756991 756488 676574 676992 673969 
794757 556471 946241 63376 729312 839182 186870 733802 64967 729135 ,729135 631312 85877 443292 743466 887710 779423 743136 208230 535887 
877820 878116 226216 381458 684895 735116 838923 574288 913939 126730 ,877820 381458 684895 838923 574288 126730 17117 561022 632727 561052 
568787 757630 970464 751268 855899 567201 757968 568486 963014 758385 ,568787 568486 758385 568320 758529 961602 568323 567260 758460 760067 
69657 663375 903117 637344 122060 105154 524437 702915 790967 278627 ,69657 663375 637344 105154 524437 790967 790904 26006 152574 68703 
823780 394124 971539 347280 811031 394171 508740 721512 64158 682766 ,394124 971539 347280 811031 349032 225903 376455 878243 812283 108916 
633042 463083 398488 716410 874707 85340 478573 431500 751666 206588 ,784713 536516 384108 194302 425737 417679 276045 197229 171098 790459 
995143 72054 379940 995192 435986 217131 288342 618563 862072 925542 ,995143 72054 379940 995192 435986 217131 197198 276014 239125 186277 
514702 742001 741612 529322 452534 533221 452334 262880 514193 14271 ,514702 742001 741612 262880 514193 15737 141856 693551 397297 799824 
735099 627735 37301 735175 53945 36368 877638 670717 545385 774327 ,36368 668300 921065 793156 519010 760350 773469 581152 213950 856615 
572667 785290 663664 788060 845919 250253 920251 788041 186212 788096 ,663664 788060 920251 788096 921062 653286 501595 726474 378444 24062 
483681 980180 459383 12331 395237 436968 867312 758642 747654 946163 ,12331 946163 505882 498802 152930 83957 188279 980715 243000 101479 
740528 740458 738835 718889 812102 746732 851138 827229 744427 42337 ,740528 738835 718889 746732 827229 744427 42337 39094 412280 744456 
230357 412835 417496 75628 116872 622706 98043 494305 495191 115209 ,413219 163501 298699 720210 341913 671792 729816 401472 958141 309777 
630678 14655 931141 70849 70069 505982 451903 165773 761268 942462 ,70849 451903 959941 694203 17494 508686 230167 35043 223157 437929 
788625 897150 569182 952021 952402 897572 770594 448630 896894 448877 ,788625 897150 569182 952021 952402 897572 770594 448630 896894 207762 
420598 420677 15657 420851 395042 761118 832507 947356 506652 852961 ,15657 420851 395042 832507 506652 852961 703034 205267 223896 886664 
126109 912991 56081 697393 472283 507567 329570 80212 476097 326795 ,912991 697393 507567 8960 537455 512534 935260 438079 442308 523841 
409976 496306 317099 479030 135541 500972 479114 391243 552513 96197 ,409976 317099 135541 500972 391243 552513 96197 546002 169886 84116 
735260 735325 961799 747489 961359 497544 735500 503325 925275 466024 ,747489 735500 466073 864686 289045 255495 489093 497467 71878 882016 
499156 804115 449052 233924 337341 864824 572963 515757 55032 351604 ,864824 515757 263185 280720 305914 691089 990496 337655 756332 517849 
751226 931932 930055 848542 332833 21757 703644 391099 710440 270568 ,751226 930055 332833 21757 703644 391099 710440 270568 875587 348132 
63546 515609 515453 564816 804825 62603 402724 196303 396802 166140 ,515609 515453 564816 804825 402724 396802 545599 999070 276029 278177 
70621 70555 745981 367212 569704 472412 279285 397830 481921 24393 ,810170 323673 305457 791740 238361 49810 324026 718283 192706 405695 
375435 261053 927501 543305 149889 309327 843327 952866 484511 540170 ,261053 927501 543305 149889 484511 540170 540384 992075 360095 358851 
496487 389393 431758 603410 170916 553157 431165 283868 990415 694335 ,496487 389393 603410 170916 553157 431165 283868 990415 130830 98664 
352261 81230 322907 392306 859963 392324 322463 322588 526815 153676 ,81230 392324 322463 322588 62960 242962 720410 392761 823278 393099 
931266 499953 11708 969057 498499 629695 471868 298700 586732 207741 ,499953 11708 629695 298700 207741 541914 969776 73751 377658 572745 
889123 889360 989579 515062 43006 729007 452834 250419 664890 201922 ,889123 749400 289875 802548 782162 691897 42859 738908 702949 342074 
420257 134880 983697 420533 146646 1570 163048 2956 47518 892729 ,163048 2956 242227 246333 235724 802548 301314 847296 767237 486082 
186458 968214 151050 5410 451270 981547 578241 980936 927197 549700 ,687823 644198 805986 547555 320099 725176 127852 219873 440620 843887 
957173 986751 168753 838513 797229 837029 683529 347185 512459 876577 ,291673 735794 838733 353264 585084 57208 462545 677057 909140 143054 
936244 401403 860735 861072 479094 536425 397960 807478 936538 478937 ,936244 918092 629820 734516 712321 903778 987588 536776 259200 256717 
825030 110980 903112 825253 204576 57557 43094 995683 636927 741551 ,825030 903112 825253 204576 57557 636927 741551 903108 41770 888265 
5930 445456 496494 893742 389751 882789 187751 445174 773371 996758 ,882789 773848 899633 812340 562547 55218 5764 753566 640864 541541 
736578 742613 742642 733365 158665 410074 321953 322274 845856 541012 ,736578 742613 742642 158665 410074 321953 322274 845856 541012 85509 
975035 975507 638229 942004 848893 45930 819416 554247 484214 403575 ,975035 975507 638229 45930 554247 819832 988882 943321 927728 899965 
93285 546442 372224 809508 336706 973019 87252 93905 336630 236398 ,87252 336630 236398 264714 321553 30203 525357 631077 83226 943749 
668465 866231 938463 541760 814000 746788 596141 99885 902711 397054 ,668465 938463 746788 397054 413512 562179 480977 701710 594631 385279 
808959 809412 558989 986475 674685 781257 666808 854180 985688 760569 ,803112 773291 655226 951712 773728 468763 948237 611147 772391 539657 
92863 739793 398367 417596 471104 521849 731484 504826 63103 97234 ,92863 739793 417596 731484 504826 391248 731680 552354 82201 472463 
690989 195806 274622 68590 54324 65983 464162 997861 394670 690938 ,690989 274622 195806 68590 54324 65983 997861 394670 228592 54222 
983290 808445 683794 453404 909838 878016 788796 810445 986435 673761 ,983290 808445 683794 453404 909838 878016 788796 810445 986435 673761 
754044 62122 758272 718858 423592 177513 7543 762251 44450 379138 ,754044 62122 758272 718858 177513 7543 379138 969037 894580 8122 
618373 773397 876552 793046 987682 986349 600059 580766 996667 44502 ,618373 773397 793046 987682 986349 600059 996667 44502 622152 618095 
16995 16576 929179 576496 419329 929907 393175 517326 504571 470030 ,16995 929179 419329 393175 517326 259489 988871 886904 158433 662865 
67688 436533 195054 273870 682285 544333 62636 137217 109555 912057 ,273870 670487 853495 64127 60314 687142 919927 634064 194711 273527 
855173 952232 657727 850903 389137 389200 475673 855552 376071 476020 ,657727 640085 389271 855635 996328 544770 657163 781019 787099 423500 
308002 436552 284691 481090 950535 435393 582411 33290 595487 324731 ,308002 436552 284691 435393 582411 324731 907041 817900 982634 645427 
432985 692171 436309 432160 129269 253890 809019 838975 243330 511691 ,692171 619570 972504 989186 25654 852525 315449 13962 574287 608842 
33548 518099 688148 430238 350902 430255 121963 458688 68737 816029 ,33548 688148 430238 121963 458688 68737 459411 563495 68609 73272 
789480 64132 423388 992381 510231 510845 530282 510577 58837 589348 ,789480 232983 662763 384652 832929 305432 103965 754974 174723 305023 
866641 419464 455936 55193 867526 557983 892970 676982 434260 716981 ,455936 434260 911982 42550 710493 470918 943843 868127 50650 686231 
748193 748397 392986 518803 679430 356202 171101 806382 155120 338686 ,748193 518803 806382 6865 384234 748799 835885 203735 549313 727763 
919467 509785 454764 145626 549082 947630 430144 595755 727183 308962 ,919467 454764 549082 947630 430144 308962 454338 62023 683179 95026 
469626 445359 910995 305442 452961 469666 453047 691349 247012 337674 ,691349 305865 292066 261514 106811 469672 54612 44585 514352 609240 
732561 731554 732625 731954 732835 777181 777190 605768 931411 427372 ,732625 731954 732835 777181 777190 777200 428716 458670 427392 937896 
522649 693571 823427 522879 162283 72162 808940 751955 809017 577504 ,522649 809017 508670 107269 217988 588783 500972 941223 172173 59840 
807743 807764 126880 807890 108030 409067 564508 931497 73053 550738 ,62247 978128 436803 814080 1195 421664 721030 421394 509932 569926 
225350 226937 437159 595378 101201 930007 224408 995349 704643 778619 ,225350 437159 595378 224408 995349 704643 145454 534198 436436 778551 
732900 151478 552361 160556 122321 685169 368949 780333 903090 753259 ,552361 685169 903090 753259 421133 139814 386703 782434 686041 769628 
251891 910803 224481 909822 970005 837703 978030 986688 970333 868187 ,837703 986688 868187 123548 986514 86254 482236 837649 511098 987249 
389199 807507 349508 3894 579470 750725 807501 658423 150639 82510 ,389199 807507 349508 579470 750725 150639 82510 807578 97432 83803 
810229 375886 472944 379159 51731 379294 6712 479687 39874 58374 ,810229 472944 379159 51731 379294 6712 479687 58476 379150 956948 
355218 363852 684221 924298 740510 781158 17104 382716 408331 90322 ,363852 684221 924298 740510 382716 272032 803958 514538 833523 740613 
593665 77368 888058 79164 135047 170975 3759 868285 242481 696375 ,170975 822462 400820 914561 64288 396649 868922 424982 845398 748369 
798175 798756 799153 411472 719846 664180 516438 86795 982227 127000 ,527447 510872 568467 519782 416180 226226 110657 471941 525988 517874 
844212 539737 209842 869713 725447 497472 391453 404132 628248 223928 ,844212 209842 725447 497472 628248 628584 274018 705503 224810 564191 
758824 766292 674978 719936 758230 757258 760305 757522 759111 404725 ,758824 766292 719936 758230 757258 760305 757522 759111 404725 677472 
758383 758937 758814 757952 757825 757932 596098 759566 758750 758010 ,758937 757932 758750 758566 834967 778109 374238 677646 7102 778122 
758175 758942 757659 989825 972829 131641 990100 999750 893509 893037 ,972829 131641 990100 893509 893037 649794 957634 776527 992017 374990 
759197 758456 217498 570201 946610 853846 207659 849383 853403 26696 ,217498 946610 207659 853403 26696 990289 772770 142179 824128 961087 
636404 866002 224909 633909 514814 755746 105225 104916 525189 68441 ,636404 563778 430527 353366 549303 339346 429404 454777 972947 413148 
950792 685451 611227 854157 977835 571552 354182 591697 969971 951278 ,685451 854157 977835 571552 354182 591697 951278 81236 232719 44165 
561777 317730 917344 418595 409156 971519 872272 834894 312382 72775 ,561777 317730 418595 409156 834894 241684 302016 345052 661887 561645 
111572 867975 13937 499492 782363 868472 515742 863674 15641 129234 ,435946 386588 868243 930433 895056 223790 955990 876510 723907 396812 
506662 103079 489357 874377 664484 859898 103058 812761 660670 708320 ,646485 13918 195998 81774 767245 512317 341292 688464 426366 493434 
16949 18182 313757 823936 901349 755401 37450 44889 343001 250823 ,16949 313757 823936 755401 44889 343001 250823 937900 965327 773459 
759176 760944 758684 756863 833863 835847 835257 834039 756878 835173 ,27397 772368 772281 996678 756607 833480 830180 837908 373732 847823 
33458 419879 177388 32873 33079 32566 839813 111170 433523 481006 ,33458 33079 32566 433523 481006 507733 24951 965475 523588 30985 
297974 235765 66125 978211 62749 521695 495232 806879 32706 796810 ,235765 495232 806879 873744 31573 467017 339373 81501 13149 548223 
760252 760604 567230 832459 759562 567084 568294 140476 568593 568469 ,760252 567084 140476 567211 759683 469406 830263 759333 759550 568685 
15900 15224 718886 554920 14932 718510 555028 667851 656422 13322 ,15900 554920 667851 41470 430036 842083 834728 719282 858077 484115 
13660 122277 313933 94066 488889 514196 550312 551683 269696 635558 ,122277 550312 305841 684417 427817 719407 174899 173397 364189 523134 
757998 760636 757824 329107 765873 884134 150339 887137 569905 148397 ,757998 760636 757824 59902 964906 530941 60401 921952 83924 147981 
183641 132422 468648 628660 433589 628261 628155 24168 433209 287515 ,433209 287515 283706 418969 204740 419356 754395 208710 62729 308004 
618439 83277 385727 295025 381410 381813 222829 203614 267892 222921 ,618439 385727 295025 381410 381813 222829 267892 285450 933949 112116 
306197 529229 493085 473899 130140 575902 421710 165703 421655 515186 ,575902 166791 261639 63985 570628 423988 719551 466852 684699 524100 
450504 857387 449772 783633 800763 86550 701021 848496 633767 84359 ,450504 449772 86550 84359 48230 119522 91146 285370 921283 188265 
694557 215553 525173 169091 525691 92877 529077 111720 279359 487395 ,694557 215553 525173 92877 487395 90930 130897 177410 603409 708801 
858513 858303 91994 172263 88259 517265 940380 741187 316535 366270 ,858513 858303 91994 172263 88259 517265 940380 741187 316535 858313 
854203 992161 992902 308200 747187 467063 689902 339874 306878 324977 ,308200 747187 467063 689902 306878 741312 141292 309892 67540 669562 
162323 20635 922230 542779 625915 740051 968332 301685 396526 761246 ,865609 411479 348475 963798 369595 186153 149493 625835 625759 138770 
695743 481219 306404 744102 351703 738502 480867 695048 740176 464788 ,695743 481219 744102 351703 480867 740176 409777 363473 262177 962803 
432266 700129 480742 491159 195023 273839 998428 261511 600763 305691 ,193725 216099 416344 379243 194494 263596 965845 251256 943263 587855 
298664 130341 486143 534363 514919 917912 467130 369824 514033 917926 ,176473 525282 364379 324742 700890 32159 518639 497856 127443 583553 
754251 753559 753586 754228 753571 638404 45943 947263 827320 677744 ,979509 734124 443157 646065 850720 803301 857012 878489 757215 638243 
772414 668075 772535 773126 929386 772662 669007 389303 773928 389470 ,772535 773126 669007 389303 373626 743158 373655 671792 509523 997170 
168518 615003 323197 23590 158206 990796 716527 388472 82854 265214 ,108247 29994 723495 859341 126645 380729 294141 567738 667897 614894 
915861 936742 122395 915875 539285 684889 277831 840608 105039 452431 ,915861 936742 105039 841676 663418 105352 273374 55736 100046 659319 
519719 656691 497208 628082 53616 820912 656268 107328 224012 708985 ,53616 820912 224012 516542 675743 7217 793355 129121 410085 745349 
983296 12966 416662 98801 967110 439050 840781 199069 134627 966746 ,888105 987743 277523 833208 390465 542148 407703 89487 546134 454581 
372426 309347 373141 434979 455 67313 133759 373115 674171 329345 ,372426 133759 674171 9319 330945 654013 327603 891596 802949 132402 
224726 1667 285795 853638 911787 930701 168510 206303 270581 224087 ,930701 594431 20475 207942 480750 507709 170882 610303 224864 312691 
755317 990616 105496 663903 613928 163498 769791 71194 856836 363 ,5797 90035 806433 969043 374331 612803 762675 621879 32069 570405 
384148 769140 796845 798457 375962 338630 261125 796218 302071 87684 ,798457 375962 115758 807025 16279 67628 663091 747259 860923 264780 
454213 229313 391243 428939 461194 999001 314679 231457 96636 468708 ,229313 391243 428939 461194 314679 231457 96636 912460 642064 602112 
942024 425040 594761 943387 668803 340093 944486 559053 197010 545559 ,425040 943387 668803 340093 559053 197010 425775 546620 859934 860254 
128452 185027 172728 58401 518144 155162 58469 31484 333409 886954 ,172728 333409 44798 386096 902920 36269 4781 58443 289526 378837 
91707 205497 269775 890377 883181 16979 955483 941816 947807 669023 ,205497 890377 883181 16979 955483 901633 830722 503108 617892 836813 
15836 215070 98058 65949 665489 136930 13791 68498 466628 106417 ,15836 215070 98058 65949 68498 466628 106417 451959 66772 397401 
640369 422228 44599 850304 641698 186495 826621 410346 988026 129601 ,486197 768864 58197 221785 39908 754416 63196 62169 979283 775603 
376844 440861 730528 449271 145903 407175 741081 120828 598875 964917 ,120828 617057 741453 726496 376873 944020 281842 271665 436287 372118 
430788 430872 912865 436320 76139 804176 322784 20627 912289 397078 ,583782 242401 312483 305982 635456 712184 710547 337463 832534 389800 
795107 437400 486384 279433 999782 14686 957958 665686 738281 680151 ,957958 737192 301855 12645 795215 630265 663943 450773 507376 185111 
5705 812313 223969 224135 118352 226295 302874 878769 16430 553913 ,223969 226295 16430 553913 226038 852052 522175 813342 797175 481033 
836204 396504 680317 457538 268289 480741 466230 50501 149287 255044 ,680317 466230 255678 400736 491702 164970 400688 518563 384855 245457 
757019 756977 732410 85192 503321 426570 54183 818877 523795 72392 ,732410 503321 818877 523795 758021 510375 84626 431412 82542 731699 
399160 537677 402690 454407 538328 255806 6637 609539 255430 536528 ,374763 857146 39357 638385 430335 667036 476715 566744 24425 411356 
798279 14060 84503 489969 49281 681866 957137 115774 925108 258459 ,798279 84503 489969 49281 957137 115774 258459 937113 924547 881690 
609702 614906 814655 614941 444269 446128 825547 646965 647569 648639 ,609702 614906 614941 444269 825547 646965 647569 648639 444006 647973 
608069 335193 712302 508106 174891 174715 438742 122092 89843 526229 ,608069 89843 526229 526535 713292 188767 250237 458462 152270 76172 
73406 627562 537732 75347 860517 37242 255831 860531 925440 985886 ,255831 860531 37356 834187 277468 771745 194203 345673 798354 734055 
643452 870679 870878 40254 643183 862417 642627 643191 10689 227412 ,643452 870878 643183 862417 642627 643191 227412 642387 101973 644486 
567731 72334 567733 567744 248293 188421 708731 708719 571704 114626 ,567744 248293 708731 708719 719337 135028 134358 199904 495674 336777 
667968 987828 195955 274771 670288 989325 987417 842641 667786 207560 ,667968 987828 195955 274771 989325 987417 667786 431108 130960 685873 
583240 727357 533495 171156 134955 767384 160969 767236 25550 134524 ,583240 727357 533495 171156 767384 134504 742421 520330 861149 368274 
322843 322539 89817 198496 277312 395270 90099 196619 275435 781037 ,322539 729802 820635 565581 217095 922738 322929 611671 75790 820574 
809045 186341 472543 642651 920566 472679 640335 880103 58098 920115 ,809045 186341 472543 642651 920566 472679 640335 880103 58098 920115 
207866 207892 186306 246946 998267 726348 915877 561557 450486 975858 ,207866 207892 186306 246946 998267 915877 450486 449115 186868 103902 
858945 996908 851564 997059 849192 848818 545162 996909 852239 190552 ,997056 823977 856383 855336 849194 867668 854794 853626 854854 855363 
229060 919384 920142 385153 696132 683772 694682 161624 969742 762714 ,920142 385153 161624 762714 155867 312841 748922 366762 850672 50319 
915713 724704 137433 724923 105661 215319 181469 205843 419667 547575 ,724704 137433 181469 205843 168045 136505 437419 264032 66046 389865 
647725 611701 824523 824746 824579 824435 959256 611812 611231 824459 ,611701 382938 650139 894471 614374 923935 538525 949291 963942 777704 
643932 6453 879155 881422 976705 644011 882176 643185 418821 643911 ,976705 882176 6269 603339 677574 789776 760630 794585 970267 655937 
653057 653287 649025 422770 800714 649250 386844 649442 646551 649744 ,653057 653287 649025 422770 800714 649250 386844 649442 649744 609702 
295131 498353 499429 621344 365094 693202 516552 485078 52901 516696 ,295131 499429 621344 365094 693202 52901 516696 202237 266515 59784 
467072 467151 845152 956747 700013 248830 311846 821946 484503 511604 ,467072 845152 700013 311846 821946 484503 512343 826350 485832 214583 
653530 653554 422895 653623 650865 982315 653215 889175 648063 647716 ,653530 653623 653215 889175 647716 654798 647010 453483 797871 647492 
807245 683647 497243 585024 711364 214185 88053 763 91553 647837 ,807245 683647 497243 585024 88053 763 91553 647837 456034 9942 
305419 616088 851850 615757 806875 549501 191966 135704 340848 696034 ,851850 806875 549501 340848 696141 221357 546370 512342 510734 267174 
868824 940594 181016 940740 482018 947135 481152 703000 542272 703042 ,947135 481152 854864 723791 607808 539016 391253 17137 84348 839694 
557530 750308 515557 132757 306297 519869 68792 161562 695189 312128 ,557530 750308 695189 133083 511527 313172 296422 628455 861655 231494 
533105 492958 63214 340943 312713 515385 689610 588335 965595 664986 ,312713 515385 235842 453362 475634 337604 363440 280034 429930 236552 
806445 909429 527373 238503 8987 705962 682422 10947 354526 555729 ,238503 423086 496763 746328 477607 870954 505220 497886 73529 232359 
764312 575110 662520 689927 51533 130472 605129 607115 306635 96925 ,689927 879583 164307 576895 576002 57639 431550 984656 898954 156554 
647238 646366 402243 579463 613127 180359 189445 613320 572982 621950 ,647238 180359 613320 621950 345587 189662 578589 163915 702599 979152 
614284 504255 972620 563402 898882 941925 10090 602892 483298 67620 ,614284 504255 972620 563402 898882 941925 10090 602892 483298 67620 
152804 616290 843965 667939 198913 277729 77848 154158 492490 301382 ,843965 154158 301382 419715 170180 401419 307988 779962 742523 480029 
526996 277713 87751 709767 89890 89670 422678 268626 189911 30833 ,189911 343134 481052 87316 68373 43843 822857 544227 84959 89974 
548355 86314 686581 791235 986932 564550 37514 21528 812051 564592 ,86314 791235 37514 564592 242395 71972 243180 99702 551816 92369 
970271 707978 76005 206209 303647 889996 380651 316803 337331 627831 ,970271 707978 206209 303647 627831 521146 560982 563014 521280 183168 
564170 115980 509849 209538 749260 509131 974774 24386 561525 598522 ,564170 509849 30968 329741 235454 357871 499813 697135 561770 456009 
51094 640310 230634 232096 769776 306286 429280 231160 351258 516049 ,351258 95326 659656 639811 51195 284225 806593 158326 51230 516463 
640015 640049 640332 639932 640005 640120 640503 639911 930113 640443 ,640015 640049 640332 639932 640005 640503 640443 929962 541955 541908 
151991 105494 170207 105409 304202 520415 528666 633207 365973 466211 ,170207 105409 528666 633207 466211 503830 295095 90680 80864 914629 
640750 52334 640717 216800 519759 456587 56044 217009 655987 52270 ,216800 519759 151721 856162 856223 39167 537614 519719 907241 825531 
889788 143030 162280 513647 483809 364161 755127 717916 284842 351155 ,483809 364161 404406 291198 837951 659184 738493 790989 889078 938753 
128619 701766 380693 148154 84666 918320 428919 176358 757675 43249 ,148154 380927 74613 150163 41922 380535 834437 43723 17608 504538 
641203 641725 640319 640760 640520 855451 640532 640638 560516 105430 ,855451 541894 152565 994174 863395 325216 543714 700790 903641 796142 
642832 640598 642689 642538 611133 640614 7374 640770 640261 640381 ,642832 640598 642689 642538 611133 640614 640770 640261 640381 635150 
424713 767796 580622 810028 619863 834986 31774 212968 250689 581137 ,424713 767796 810028 31774 881455 834454 885934 628897 424806 230925 
654190 649942 649125 986584 651262 714967 894767 652419 651588 894635 ,649942 651001 102693 98976 959345 647463 610962 995700 803312 609263 
621890 163688 389947 320396 85123 391274 432414 744781 85603 84169 ,621890 163688 320396 391274 371957 106944 112946 413664 176873 153259 
330154 399247 331125 376471 686418 432983 246377 230825 618790 251420 ,376471 432983 230825 660524 817629 144771 58847 932591 107218 491163 
663070 928942 875715 874775 669554 775586 919815 244565 662895 550200 ,663070 875715 874775 550200 519795 946288 93913 678300 664284 331167 
642722 640129 657055 640587 642103 616038 616856 994883 673367 215857 ,616038 211436 673768 676746 673563 257169 641324 640317 216470 675712 
313550 65460 123142 185024 124517 256108 352134 282089 662747 120684 ,313550 65460 124517 282089 662747 120684 94883 358617 658166 669978 
153612 539012 967054 154106 967389 978210 73033 83225 181390 531084 ,538983 749080 96195 726961 224718 687046 489393 727799 911351 523728 
389625 389567 389613 922996 911392 658672 89660 255800 911162 525398 ,389625 389567 389613 89660 255800 911162 23539 432699 161097 258800 
633090 633749 541996 199728 278544 972752 982295 280832 916700 137466 ,633090 633749 541996 199728 982295 280832 916700 632941 325869 134642 
283263 701878 20697 19514 161174 19676 528548 833272 806405 135332 ,19514 833272 833917 32994 185747 449896 833661 174613 725556 174428 
502127 496679 542250 496661 542392 522078 547403 542638 545320 121739 ,502127 542250 522078 596084 542272 36118 857411 930087 855526 516496 
263770 402960 543677 400033 76396 750699 97626 966593 951004 403831 ,400033 750699 951004 403831 386100 322539 472205 398678 15203 522620 
896689 718947 695892 793218 406861 666216 829489 324619 213913 696865 ,786439 897215 207055 786614 778762 281017 11669 715604 207418 58917 
105561 543166 105461 791363 122474 105502 122863 202354 266632 205021 ,105561 543166 105461 791363 122474 105502 122863 205021 872913 375623 
230190 657256 667678 656410 667394 657425 101576 39067 657215 656931 ,230190 101576 655649 447033 447289 215674 445715 655067 655894 446341 
760800 24514 461862 252911 917007 917740 445575 777929 455102 251463 ,760800 24514 461862 252911 917007 917740 445575 777929 251463 345621 
706660 682203 333195 232031 975803 93776 923627 198829 277645 50728 ,975803 277645 507896 325998 96773 660351 96084 156979 937023 875638 
547180 321506 658164 602356 350477 336642 602076 350493 660764 364425 ,336642 336702 953644 934423 279272 787547 560191 182551 321560 308864 
247546 84884 106065 688073 456004 728020 418550 543338 930338 214676 ,106065 728020 418550 930338 214676 705707 597837 285673 453230 741571 
585161 755698 869230 755953 20216 726009 645408 80579 820654 82601 ,585161 755953 645408 80579 820654 82601 820890 472603 216318 86587 
652246 652697 604942 865091 638600 137871 627332 961507 567124 468905 ,652697 604942 865091 638600 137871 468905 849834 811693 137626 567570 
117939 407833 440227 823474 748864 13229 173652 13284 603790 466194 ,383372 969286 551955 199744 884496 751081 419629 884535 151790 966500 
390625 390312 296646 238016 527884 509324 549264 615200 242572 339679 ,238016 615200 339679 197785 276601 467148 262789 130939 58783 615235 
226031 629346 917832 882805 594351 174786 399098 957602 975976 646062 ,396209 176307 864508 973672 526174 831868 786902 873244 842793 2183 
355197 350539 336730 321603 337042 321616 701212 351855 751965 700782 ,567790 516116 742317 550358 522929 716659 312992 600852 337368 466945 
192527 271343 47347 305393 449872 439809 739094 227488 111765 688232 ,271343 192527 439809 739094 227488 688232 123755 279173 306643 496692 
153533 428520 780190 602908 32204 717316 5666 366112 791202 965298 ,153533 780190 602908 717316 5666 366112 791202 965298 339513 137699 
813310 732842 157427 617985 42482 200225 264503 951338 618022 664383 ,200225 869041 849358 725494 674948 717898 618799 938696 349096 71578 
695379 895337 284791 779178 84539 232914 845277 286217 389408 59989 ,695379 232914 845277 389408 223481 679085 881845 895825 511290 678743 
403318 893015 398668 728793 398688 474100 211858 786645 423772 912313 ,403318 893015 728793 398688 474100 786645 418981 186659 900226 577849 
339850 354265 817001 45397 339998 5789 101773 186667 354126 675066 ,339850 817001 45397 339998 5789 186667 675066 403388 465802 402979 
390491 318014 222774 437521 598059 798813 834828 508308 713182 13502 ,13502 622892 397097 153435 802293 362748 658272 70825 484664 533494 
24235 526514 927472 786116 282814 672307 699649 73037 673488 23960 ,24235 927472 786116 73037 390431 60816 910103 62011 142137 973122 
470011 104786 4508 389073 722926 830122 693897 601259 426709 372371 ,4508 389073 371712 551699 548176 415438 227306 79495 426991 548276 
528519 237786 772193 929263 528439 822077 365308 833895 261441 87385 ,822077 84561 908939 528402 261482 700052 524910 616867 600803 804236 
642396 350103 307286 254247 307025 603907 280215 535827 641014 236975 ,535453 830609 308504 443331 534546 564178 41166 773291 541372 770116 
856731 64743 544537 725637 263778 965995 832801 722957 203839 268117 ,856731 832801 203839 268117 268968 204690 279138 280633 16684 739278 
708805 559701 699940 500443 785302 658351 560768 525854 632604 362589 ,507196 799156 468560 599099 264310 771688 603581 354686 742435 523714 
962131 709508 690704 620712 344097 188829 691974 310810 69486 627793 ,962131 344097 188829 627793 651578 281656 920708 523881 964789 22930 
91780 254152 254499 829404 368059 90974 246638 524933 305455 114564 ,254152 368059 90974 246638 114564 323035 105289 675699 466919 306340 
118541 254800 655549 71136 835606 766636 843768 834181 68858 183941 ,118541 254800 655549 71136 835606 766636 843768 834181 728458 678291 
861906 899109 807932 43447 923072 862836 542646 870025 11064 986888 ,861906 923072 870025 11064 198775 932351 801016 862980 836982 11589 
443514 855336 962508 443340 443809 679317 912146 911527 546498 190998 ,443514 807609 960708 900772 947601 190644 889048 546631 538680 253563 
761544 554216 555603 401498 823781 326278 398069 489665 555203 532004 ,398069 157124 275362 968308 798750 797038 844662 255092 798447 680791 
654040 648278 653588 653813 648650 647795 653450 906399 654111 646739 ,652841 825509 648499 654441 652825 998209 814732 775590 825559 672580 
241089 237739 799079 321740 179351 866635 535326 590783 179646 384270 ,511609 458803 251457 600099 692499 321819 100834 376228 130204 683972 
651292 648638 651001 716684 999937 444029 651438 647230 713701 473117 ,654142 443625 673328 799403 443681 799711 653270 763719 649243 638341 
405654 125561 380476 612333 964863 614060 117757 405254 346715 783371 ,380476 964863 117757 346715 752165 13719 420588 763499 616294 617358 
650635 963264 650630 25790 828981 759334 638389 114600 830244 801942 ,650635 25790 828981 759334 638389 114600 830244 29676 404796 751315 
698332 459770 596947 18648 397958 184488 599293 18768 881867 201150 ,459770 184488 599293 881867 201150 277890 199074 324971 71000 48775 
466654 118164 351254 684523 121372 312922 521539 983231 322404 728527 ,466654 118164 351254 684523 230484 79384 724639 705268 66119 449724 
687507 614705 771065 945295 235779 193185 272001 516537 692360 113005 ,516537 560308 698480 518409 769662 826243 631678 826223 174760 698374 
526292 59276 70755 88920 350423 800100 307801 905318 527584 822013 ,350423 307801 368253 309584 115611 29543 557767 285607 615804 790801 
651243 832021 812706 216507 44967 882197 618260 991755 632532 115783 ,651243 812706 895098 760265 755853 279315 610160 876812 584772 892985 
288760 73985 313998 126359 314787 514199 788705 408150 226894 93746 ,314787 226894 1770 93506 13924 981754 770637 894483 15197 901572 
938181 958487 915261 802531 813183 607444 277970 97572 608465 769710 ,915261 802531 813183 769710 912983 695968 165697 173245 506401 776774 
234135 855187 15022 234748 400004 621221 682380 624574 325514 682386 ,234135 234748 682380 624574 682386 357148 836435 941224 779758 639730 
133138 90778 533961 358793 804346 10995 54179 312911 62625 794591 ,133138 467527 10440 52262 740954 177037 341086 104988 135170 109571 
139277 919236 63126 990429 238050 61162 524861 68961 158135 658277 ,990429 238050 524861 158135 658277 301109 407178 355138 665088 499694 
807399 342118 365848 802166 355560 166219 818888 498581 609360 862520 ,807399 342118 802166 355560 166219 818888 862520 599752 519999 807409 
557641 383583 804993 910893 423086 497886 306953 406391 816435 308120 ,383583 306953 113805 81778 430838 255225 317973 575262 364461 637464 
617990 390946 397108 615205 257560 615031 400955 346995 665096 400214 ,257560 368878 71913 780700 70965 533563 14626 406587 262525 310718 
760046 676047 667181 762959 676857 606715 777564 611377 675917 906100 ,676047 667181 762959 676857 611377 675917 906305 373860 757022 757192 
505498 629711 2288 948325 780764 838368 147164 143491 803093 610500 ,326648 238181 366626 293162 289157 906410 297220 11917 88017 315293 
202637 266915 716372 154235 919122 207140 412185 226909 560532 51366 ,202637 716327 650270 69611 915736 19309 425727 785208 425493 897492 
153969 619359 507563 509179 520110 435441 222055 11107 868134 219544 ,619359 135045 723901 835554 577267 463863 362898 89959 22889 831711 
632993 336716 951859 63928 25358 799382 524715 850226 942682 510288 ,632993 63928 850226 942682 336630 635606 469275 469122 850253 212452 
792246 979560 873274 772555 642903 981506 980569 757843 595574 465585 ,792246 873274 981506 595574 264233 139575 792056 200228 596115 668427 
655318 810688 770866 652405 857394 140529 651433 770796 813043 23659 ,655318 810688 770866 857394 651433 813043 314201 647152 803592 160128 
438932 170584 91665 171141 634637 798578 89298 65382 927860 90520 ,438932 170584 91665 171141 798578 90520 806433 148252 439719 841244 
529072 520742 233799 240803 168418 21989 502223 79570 70283 542827 ,520742 233799 240803 168418 79570 70283 537628 520733 723567 30097 
606470 329779 837282 315949 926003 259442 183278 868342 438802 791651 ,926003 193839 836825 884097 511149 670177 357970 135488 861866 108024 
414105 875866 32755 248419 735948 32069 332146 245443 198263 277079 ,414105 248419 32069 332146 32711 753224 491506 693166 479186 311044 
629044 629312 368737 743725 282531 478955 139548 368467 186056 942051 ,418520 373247 285136 470153 875508 238996 680204 125802 202076 656770 
586610 629103 555160 865543 262216 332635 261907 555640 80727 141689 ,586610 555160 262216 332635 261907 555640 141689 112969 327745 555482 
719205 427984 661290 22429 660764 568625 784807 23876 48918 953032 ,427984 22429 546886 350426 855380 736903 787012 774377 421077 856127 
237822 677901 842082 842095 113139 374225 774085 858265 686015 64652 ,237822 677901 842082 113139 774085 858265 686015 857184 66195 842025 
947987 10332 701148 587864 125972 753923 786202 61857 407172 702317 ,753923 61857 124970 536694 726484 36944 214953 16878 576396 188768 
678335 118203 566791 467437 558977 679411 581124 23852 156890 413775 ,678335 118203 467437 679411 413775 29609 550439 622630 567113 822429 
843259 435103 153393 742092 662138 371884 513772 573418 573643 337726 ,843259 153393 742092 662138 371884 513772 261953 513168 431541 763266 
116618 114601 115211 115643 896238 237678 437161 515160 70831 297868 ,896238 163024 695484 859762 665882 711898 236642 541714 976942 518616 
438559 3817 773071 590745 173682 917919 228952 310253 78099 610454 ,3817 173682 917919 228952 310253 785197 82247 857028 356856 975478 
418759 418373 467652 397692 949779 397229 232563 602669 156682 872563 ,418759 949779 397229 602669 156682 467522 154369 520411 918 467548 
836993 834827 888158 933980 472771 834762 645300 390510 890545 933961 ,888158 472771 834762 390510 899767 655818 547944 899515 183444 808464 
385689 875318 384499 385694 383892 14982 13088 108593 197596 276412 ,110822 67679 967562 747829 172443 441252 456485 129464 883300 60362 
380509 881135 385662 632914 384870 385047 302098 962792 12564 634529 ,385662 384870 385047 962792 634529 380430 456780 691018 65819 732201 
845120 547308 503630 547209 504764 504185 547292 81921 596303 547468 ,547308 503630 504764 547292 547468 157224 225152 90794 739605 121276 
795854 474924 831398 193881 272697 831324 127158 571555 416014 479772 ,831324 416014 479772 796423 882125 711784 83049 537700 297841 853726 
734815 734821 542478 578771 242916 12537 633613 783894 338813 804581 ,804581 888342 542498 359514 812483 820971 579125 821566 855914 135101 
482276 481771 483703 862981 563127 926178 484479 870745 950566 523189 ,482276 481771 862981 563127 870745 523189 250243 306838 730303 268136 
427295 802293 629392 600259 629185 117385 431446 500402 975532 420952 ,117385 500402 817045 636517 381242 243948 524391 932471 313778 66408 
152759 635772 441376 153709 70386 875849 803012 70377 215070 598257 ,152759 153709 70386 875849 70377 598257 788347 792602 118758 634371 
629894 629633 26494 631048 724656 801173 629586 881291 193078 503459 ,844330 788427 541320 122384 561073 616189 574569 788887 478699 566006 
357657 360093 345975 348025 475673 863440 476020 324676 666131 379215 ,360093 345975 863440 476020 324676 379215 661123 906198 288550 631880 
807904 465073 811086 692042 806824 426941 190378 692191 32271 587379 ,806824 426941 692191 32271 571181 66522 231943 753724 83622 560659 
544174 377570 798671 823516 377582 177510 146843 242064 517174 524988 ,544174 377570 798671 377582 524988 351225 377768 863310 98916 517372 
533517 84462 567832 567866 916162 497308 601501 601463 607004 261847 ,533517 567832 567866 916162 497308 607004 261847 734330 520614 496854 
788959 307349 788955 328720 717692 815109 241657 253817 338801 356689 ,307349 328720 717692 815109 241657 253817 338801 356689 825326 684055 
430047 93490 423858 389613 22647 573389 699906 452500 18941 118134 ,93490 423858 389613 18941 118134 573625 529118 389625 184412 116007 
368144 164009 497693 481875 178989 522930 708767 366239 282127 192357 ,178989 192357 406355 52015 234544 483190 662138 372057 90930 513772 
88511 224409 348535 60844 377106 514801 695896 705497 876257 696495 ,88511 696190 679546 544061 695900 256856 516075 843577 239043 82024 
344888 343117 341490 368881 309629 845899 510723 939934 681270 611227 ,368881 309629 510723 681270 201664 265942 780800 315226 699842 116994 
260945 894247 127230 57266 127376 536526 743741 414729 537316 718445 ,260945 51353 713431 6337 986992 58069 872807 643627 362135 271439 
562945 871721 668641 475207 960053 453679 960441 868189 869099 563838 ,562945 871721 475207 453679 960441 563838 631407 229405 71095 393480 
237328 876830 529141 236807 703015 524704 424463 429542 658201 617941 ,876830 529141 703015 524704 424463 617941 347624 294403 177952 291663 
115752 116636 466940 795912 906689 797048 242604 242288 145134 438501 ,115752 116636 466940 795912 797048 242288 145134 25043 436346 416635 
233728 234054 354403 556684 613333 609668 403368 112069 757842 557129 ,233728 219192 669875 949378 379974 666643 668403 634951 668426 404275 
505185 559220 770613 407651 769161 302862 76131 476798 39380 73358 ,770613 769161 76131 73358 56282 769069 877309 57279 109115 416171 
377484 868334 496541 205851 921169 800715 943666 207552 158336 840713 ,921169 943666 145810 729270 203991 268269 565701 512282 124140 267676 
951389 895068 354083 645349 470316 547437 950135 942978 352747 37311 ,951389 354083 950135 942978 352747 197471 276287 943753 474008 351915 
240605 456637 217040 485201 991911 595089 484961 851705 177795 875192 ,456637 595089 177795 10543 886643 155868 14299 723240 750442 16449 
88615 86670 92530 80993 517520 516599 515539 90605 998079 155221 ,88615 90605 79112 104912 68291 44130 68769 368995 859478 451058 
476714 893433 217221 546792 939206 55879 693127 808196 424591 44083 ,698434 559768 650543 553136 55758 546924 45598 492788 979246 467404 
674188 168958 799421 587000 113659 547872 220827 233928 799617 296526 ,528272 544961 94075 98813 630639 21060 308398 832800 722197 107452 
689705 799578 84430 13699 282655 983257 325344 59706 331697 560392 ,170057 272782 63993 833350 969684 878813 604040 192269 378324 889512 
356638 355312 277522 776628 321060 5809 958156 339326 314247 577803 ,356638 355312 321060 958156 314247 577803 308481 315873 639619 314991 
628563 628108 290638 287617 286622 628079 394476 308770 627903 354206 ,287617 286622 628079 308770 627903 354206 698536 549685 770838 771091 
628151 432888 86021 466211 308121 493957 921861 899637 884026 553606 ,432888 86021 308121 493957 921861 899637 795302 406481 929261 685303 
572864 15411 618740 385900 565610 599919 122815 158852 682649 711365 ,393120 211970 868321 273971 152327 563016 455038 122657 154108 690476 
716123 63623 250975 253945 19275 229540 956038 37481 852715 853049 ,63623 250975 956038 853049 114839 767739 37203 239453 63845 583199 
475890 20389 407500 736188 83958 118604 139568 128656 138286 556304 ,736188 83958 118604 139568 138286 556304 462877 732544 523266 128439 
822037 258367 416926 600930 293730 191327 496769 457774 659821 121600 ,416926 659821 121600 822126 98253 251209 527211 587157 294444 628500 
768763 413638 643701 835702 829592 608738 807855 826820 555811 902337 ,768763 413638 643701 835702 829592 608738 807855 826820 555811 902337 
220667 325004 52136 678316 809284 385489 460277 23388 963460 396376 ,963460 1276 435713 230027 745915 116327 612351 322401 928652 171863 
272619 718815 715485 498229 438990 497935 770127 337458 242131 627670 ,340502 772415 234795 724711 96716 981522 100802 194239 465802 431761 
121411 121206 845188 391065 397802 398896 174454 730999 628027 385461 ,397802 398896 174454 730999 899123 629851 212533 810147 932180 705144 
956321 531345 956021 129314 711963 35019 576586 110762 110389 110975 ,110762 110389 298617 1237 899265 483969 382511 795736 851452 859750 
152323 151813 363864 502331 755601 503535 98903 525783 488438 488280 ,98903 488438 99206 502692 490257 784942 787640 100938 518404 508939 
895194 923780 606986 606949 895084 610060 923933 607040 804904 862445 ,895194 964229 904460 609959 969612 876826 576318 444367 892063 198671 
168146 687701 894014 627912 631685 463642 228289 993640 923984 924611 ,894014 631685 923984 659656 385781 522310 433105 687327 30370 687827 
637114 637390 637820 637241 562829 259375 186391 186514 637171 416487 ,921094 797423 223664 879916 670288 659889 768500 983198 225385 588650 
815555 815398 811220 818347 420877 815320 564887 982505 487398 814837 ,215636 520726 815474 636833 815387 815402 923213 40261 350378 995497 
498543 456765 412518 696692 204820 269098 799151 477923 327390 107785 ,410979 345099 228354 189388 35469 720496 449926 634086 277139 357793 
12886 696825 842397 842449 405971 55007 12321 59975 632828 481468 ,842397 12321 99172 193538 632623 207969 111036 495359 299904 397256 
445623 641498 809410 912536 446190 445253 800329 890848 444866 444907 ,446190 544527 445387 849353 102877 842194 642437 853712 570098 714051 
805288 697672 706486 94445 214354 639853 94489 753372 396953 94467 ,706486 94445 94489 61774 844592 894177 512790 206451 905224 959965 
224571 225080 102160 225111 867625 847535 842649 918816 504153 103141 ,102160 225111 867625 504153 861623 886541 883108 250157 15936 488908 
496937 496986 645019 501459 293128 279499 86126 487664 497217 339265 ,645019 490275 236924 227583 86789 337305 293276 94385 86710 497404 
321471 305117 366540 945858 333284 768834 728497 530660 429887 488339 ,945858 728497 429887 520187 661877 235492 379069 158173 492278 30142 
427354 650398 601746 615525 715392 102522 446976 602078 791867 656827 ,715392 477276 853907 447235 770383 656818 823980 656480 995199 477291 
487453 487486 487427 487880 502376 502306 868775 489118 499641 2494 ,487427 502306 937956 487999 634840 569909 206501 197429 504491 507473 
292287 514739 514839 480577 494573 278884 822005 279884 238074 515886 ,292287 514839 480577 494573 822005 279884 515886 515564 490423 227519 
498199 499057 75136 316339 500192 501046 190429 399109 315253 766866 ,498199 499057 316339 501046 399109 315253 903444 34381 66522 111048 
118409 470118 405096 405243 418407 45332 405056 345210 495670 263706 ,405056 355737 467535 136606 404833 330077 34822 479523 386261 852897 
913076 320461 290376 321274 651721 789967 301771 518250 586540 317000 ,320461 290376 321274 789967 518250 317000 63513 372046 299605 765889 
890720 891071 891280 892923 538667 892569 958130 60051 920294 931707 ,946961 16295 614024 599860 479577 541323 919004 891827 869690 601552 
194979 273795 818172 512314 140932 660751 699579 141797 950185 869082 ,194979 273795 660751 869082 887231 666607 236011 739728 212419 482893 
643979 7486 539963 6804 996577 207068 207063 521057 181186 712615 ,539963 6804 996577 181186 712615 716189 615971 411945 311669 768076 
998955 655590 721083 654754 654518 654419 656094 654334 654764 883460 ,653987 657533 911227 657167 655860 820792 655842 656545 644427 655649 
558134 655234 422942 37002 973887 831572 650916 831761 218854 217975 ,655234 973887 831572 831761 218854 654830 886397 768517 836602 781316 
639813 98970 517333 639785 54397 724538 724529 497765 305944 30150 ,639813 98970 517333 724538 30150 30080 363488 524934 99006 365370 
134221 716879 713854 989765 648730 673214 6648 667549 610011 760219 ,713854 648730 673214 6648 610011 760219 28194 827330 760002 649047 
115029 115939 468223 61545 239622 309937 136321 240835 468315 895906 ,115029 115939 468223 136321 468315 389661 850059 523242 106511 154866 
64397 317931 198383 277199 608115 780791 857306 480833 340292 481231 ,64397 277199 198383 608115 248091 965959 610708 265653 443068 360457 
769800 817677 607143 442144 445233 759221 846297 654060 911113 112967 ,769800 817677 607143 442144 445233 759221 654060 427095 905500 769395 
749812 750531 787828 402612 185789 867032 282344 774159 988437 145435 ,185789 867032 282344 109405 184919 578255 579527 942294 637011 523322 
894759 894906 143119 822995 652096 534366 198782 277598 830725 624958 ,894906 143119 822995 652096 534366 84337 56392 316452 88129 891040 
237825 292774 502812 664881 305434 322418 513361 83279 292823 351590 ,292823 107087 364201 271757 379243 609878 667496 735113 94508 530909 
357363 675238 672899 878201 673796 666107 675560 356382 322480 603563 ,357363 675238 672899 878201 675560 356382 603563 280605 713885 638699 
232261 232233 232363 96741 849669 834420 231643 888107 485996 224016 ,929749 909423 956688 807720 72760 997472 61054 60797 861996 377237 
8931 918586 260473 425577 426334 539903 910555 512857 319101 809331 ,39415 43247 755187 38530 115239 41166 956340 39236 829964 249575 
189489 159050 507321 441766 737866 753474 477898 905869 82061 424546 ,189489 159050 905869 994046 442472 809875 906480 888164 65051 797894 
353320 367254 525409 259921 607069 307275 742747 505371 306549 742879 ,367254 525409 742747 505371 306549 307372 188900 366543 603384 525375 
458804 305242 458058 306001 305447 692600 780162 305891 305120 458694 ,305891 295216 525404 899948 667400 953925 636784 66208 472156 242339 
411577 889425 869763 444598 880429 53293 411633 778710 880228 941440 ,411577 889425 444598 880429 53293 411633 880228 941440 640554 911236 
676916 281884 387643 320112 182180 262591 177680 666889 39915 39929 ,320112 39929 224218 40007 904418 905388 946540 15811 95661 752796 
503488 458004 336727 458020 279728 359850 594041 292797 292754 279648 ,503488 336727 458020 279728 359850 594041 292797 292754 279648 452992 
118531 119053 120229 120405 679663 344160 522828 680457 370057 679140 ,522828 416905 522760 517390 871163 340115 410122 296835 66960 220495 
655877 518175 42259 931153 8497 616134 207597 383702 959671 75612 ,655877 518175 42259 931153 8497 616134 383702 959671 913957 563174 
912625 343484 182285 631895 912538 342383 425622 11950 228983 992263 ,631895 992263 515465 13246 709694 481693 597366 336312 937861 18705 
874342 86654 95483 630472 526753 923422 229441 155645 254895 152540 ,874342 86654 630472 526753 229441 254895 312711 810359 523727 789210 
497633 5283 16845 433777 432598 413137 352601 488293 177014 520034 ,497633 5283 16845 433777 432598 352601 488293 520034 797658 492849 
89140 91969 469622 482505 280016 43944 298447 250203 370749 367891 ,91969 469622 482505 280016 43944 298447 250203 93824 541273 53621 
345807 357389 344768 357479 620411 245989 530992 140361 19531 345274 ,357389 620411 245989 19531 565087 538129 481416 845509 834431 14624 
127184 639578 44786 573690 128634 168016 869208 802613 522852 12667 ,44786 573690 128634 167241 467976 584834 636426 695125 422293 159405 
851560 185676 157882 73291 71709 74056 135488 922784 156282 346020 ,73291 71709 74056 135488 562099 361976 381550 604092 884097 968067 
447033 39067 448292 615550 906817 905876 615418 215889 446196 654959 ,447033 905876 215889 654959 446143 447493 447289 654664 38882 447787 
488772 561183 345670 359103 492235 958419 10759 741489 895353 110420 ,359103 492235 10759 741489 515380 3012 15443 3529 838986 16366 
901488 128561 894718 165264 15532 36306 551812 634507 904429 701967 ,15532 59752 136936 208765 822751 919526 404996 735363 485684 224621 
890871 406754 771593 133000 771406 491180 388985 699901 153883 515838 ,406754 771593 771406 699901 111775 595497 391406 441453 579728 54102 
412477 376202 122934 504244 541217 861022 234103 272209 518151 510646 ,412477 376202 541217 272209 410753 703438 264129 524827 412377 541214 
296847 13124 427439 548220 297382 95386 427448 840057 177264 427591 ,13124 297382 95386 840057 177264 427591 645100 802298 12596 530921 
37462 139332 4984 684943 407470 691214 855407 196845 275661 121127 ,139332 4984 407470 691214 196845 121127 495369 573554 120550 742169 
453190 499470 85264 89208 415716 963359 814706 814564 754917 172221 ,814706 962766 956695 927198 85342 393307 820054 791748 84383 100766 
839385 126735 129317 238782 472200 284459 839305 126892 440229 285998 ,129317 153681 622603 310718 218090 617862 382276 880207 62271 779141 
52138 406040 597556 290118 256671 103141 406257 563267 548970 78295 ,278203 740379 582197 947154 480662 706473 282416 751927 622982 870174 
696621 841352 183872 841970 869856 414269 437073 869742 704337 198488 ,414269 221248 618525 4532 195121 842907 273917 524429 989268 930378 
878499 393614 286787 395841 776772 347490 512242 470497 775554 346289 ,393614 286787 347490 512242 470497 346289 393696 837145 902993 704945 
527043 577166 458589 458499 542468 13196 467629 746001 245219 455586 ,458499 467629 746001 245219 395077 390530 338311 724712 343018 357673 
539476 771408 771683 453837 434299 941014 952850 433941 442209 513589 ,539476 771408 771683 453837 434299 941014 513589 811969 811309 473085 
423043 422671 876998 323106 352627 417069 298407 566383 159333 391896 ,566383 159333 955596 663375 784968 336814 68403 487422 339391 953667 
33867 525288 841031 31028 97061 526083 974394 273573 153386 694677 ,33867 525288 841031 31028 526083 974394 353152 324746 174242 63164 
13 521509 716072 519981 601876 126725 432611 819228 902997 974838 ,13 521509 601876 126725 819228 974838 267662 602095 813643 402481 
207681 515323 880269 60420 207635 884006 102132 668181 780038 479856 ,207681 880269 884006 668181 780038 940366 915736 23834 892923 667755 
533535 391470 961131 550539 725225 631232 399394 223277 527617 514299 ,961131 725225 631232 399394 223277 527617 514299 960952 678864 257633 
249051 525954 539371 956800 223941 224434 618197 842371 58141 416346 ,618197 842371 58141 207759 886541 199743 870099 863508 413881 194911 
311237 357211 346574 184175 805389 941045 788087 461629 273573 123715 ,311237 357211 346574 184175 461629 273573 123715 108441 128136 125732 
7491 844554 156627 515010 981510 206386 270664 515359 513537 202990 ,7491 156627 515010 206386 515359 271403 967889 259249 918795 918798 
629205 248048 512460 280629 430354 282260 629495 125085 285312 41903 ,629205 629495 125085 285312 514968 180865 42204 283588 61410 282992 
893344 893481 253132 571144 894489 940159 343181 972280 169989 987662 ,893344 893481 253132 940159 343181 972280 795391 577854 273540 286007 
679622 78718 117799 174993 722721 631140 235193 527637 185795 124247 ,679622 185795 183744 185413 98339 530534 516020 809786 725049 972761 
208242 105606 851470 724005 851597 914948 123154 845742 151680 630375 ,208242 851470 851597 914948 123154 151680 909423 275965 197149 276675 
682825 904890 853548 846889 637282 237254 419758 700864 378514 990723 ,846889 791567 861429 854180 674297 378888 545436 637595 36 674047 
353539 517705 325515 339252 470590 478189 480932 480937 524441 539310 ,517705 325515 339252 524441 539310 215855 464323 561203 564250 406343 
187754 951859 72333 780250 780242 635111 470730 401896 693961 689812 ,72333 780250 780242 693961 747009 569969 356868 469841 542895 525212 
398477 401823 403810 398369 422800 185209 466109 107376 10576 525807 ,398477 401823 422800 185209 466109 107376 10576 525807 653249 902056 
401614 401259 942963 235211 943547 561448 522815 235679 192587 271403 ,990683 223475 496463 283425 607933 517145 255247 781381 543630 607853 
684218 281448 526020 784812 491953 348398 302782 662494 531278 215248 ,684218 281448 784812 662494 531278 215248 91189 85391 423335 417922 
522160 501800 418210 520499 338662 63620 128103 5740 64066 678403 ,5740 367190 280548 305592 125590 294038 237609 525230 277183 321738 
82165 219750 627695 152376 484353 106038 238168 219421 962342 123568 ,627695 484353 106038 238168 219421 962342 123568 142731 962719 58871 
860011 182593 298364 793286 238116 252009 668405 172114 584650 668579 ,252009 706238 63502 975041 380413 674865 381987 575417 690226 685494 
849605 767573 845804 554185 626809 554150 405290 845537 565591 957634 ,985938 709506 756635 984757 854113 986307 836792 806196 854090 13692 
13166 395813 376908 990709 429832 706419 60912 869786 700702 12931 ,13166 376908 429832 706419 60912 869786 12931 485758 76051 377574 
716327 963780 78797 253422 972036 838104 972405 838080 555437 430244 ,716327 963780 78797 253422 972036 972405 430244 81672 103919 784283 
389673 748397 748193 836975 144213 942722 597677 835921 138493 748799 ,574284 60148 138687 781869 401200 744216 521544 377127 573505 781796 
395414 456797 584477 174579 678070 842858 861423 106938 870519 390217 ,266287 566054 928835 842678 597624 385875 376501 866568 930336 708288 
738548 953092 845464 68473 854005 422756 560500 257463 421105 905126 ,738548 953092 68473 854005 560500 257463 421105 905126 422798 422630 
391061 391252 504609 635651 543209 207587 846015 61758 862086 207612 ,686237 911175 885853 899252 601552 911590 904536 683276 278389 828171 
519693 520321 520664 724302 519798 427758 954382 744465 632982 339632 ,519693 520321 520664 724302 519798 954382 744465 632982 264917 200639 
402168 906502 424583 397798 214117 616114 401397 914540 766787 536779 ,402168 424583 397798 616114 766787 418894 677519 906076 211151 656449 
722594 919225 760144 777942 28740 9199 797467 374238 722159 796186 ,919225 777942 797467 374238 796186 548456 611515 797170 25655 995782 
54680 615135 365267 30718 920599 157716 528483 30089 190534 321583 ,157716 528483 30089 536135 121931 337119 306380 17690 301479 430593 
681829 735413 100037 196196 275012 475692 269167 780232 204490 235275 ,735413 275012 780232 204740 411003 208989 509397 267070 475396 176048 
692810 339952 973583 893956 580019 718719 165439 929467 973216 699806 ,580019 165439 929467 842285 533572 192433 683136 578814 439673 999451 
483536 411119 310231 356390 357793 929981 411309 494231 398853 697218 ,357793 805081 414606 252328 679666 156048 490274 881738 87456 414528 
415615 488610 700759 378624 867421 415703 489898 498069 57940 920039 ,700759 378624 415703 57940 204944 84464 649121 968275 253758 935749 
675301 174021 172270 312691 615849 402254 533625 169886 41717 575226 ,675301 174021 312691 615849 402254 169886 575226 406365 799151 15275 
82517 461523 82942 734998 61134 79609 107831 298301 462123 180946 ,82517 461523 734998 61134 79609 298301 462123 180946 990910 61203 
397246 400854 400810 821193 585273 571268 768797 910314 825771 211133 ,821193 571268 768797 910314 825771 211133 410015 788657 591460 84336 
230882 699800 753002 239895 971894 794007 971311 808909 99316 409106 ,230882 239895 971311 409106 410246 408352 134243 132671 960124 747143 
406015 843696 899252 842903 869999 223891 223985 604346 199778 278594 ,406015 868849 205261 899354 379607 191065 680246 867740 984218 922169 
831311 985067 103405 831073 996886 373809 103484 360751 101770 984515 ,103405 103484 211140 99476 986354 810705 449364 638982 885699 830223 
754764 51429 30149 151269 615563 30280 79494 389072 426861 662705 ,151269 615563 51345 957578 94341 80191 350503 315967 427556 350411 
983949 241533 196943 275759 274588 231875 284500 707566 148252 66969 ,983949 196943 275759 284500 707566 148252 66969 379391 9994 174163 
157735 638079 815404 815448 815352 95883 814713 815333 815305 525796 ,157735 815404 815448 95883 814713 815333 815305 525796 719189 815383 
672413 6834 910726 673312 996812 996596 672333 673996 835051 6376 ,6376 833445 610384 610125 835963 836407 447559 673105 755938 833129 
189874 190178 726114 876301 75316 73501 792266 244059 865199 157100 ,189874 190178 414026 176737 189560 548997 233083 497021 604740 237331 
613785 936930 300338 824398 956348 296787 437899 943982 756568 337782 ,613785 824398 756568 125778 737751 441655 266781 524506 162608 266659 
648953 385574 246940 113793 826957 311340 243817 99779 808894 196861 ,648953 113793 826957 243817 99779 808894 196861 808960 955320 921896 
472040 896945 543277 64260 418886 935763 561736 952671 797325 677196 ,952671 205798 362450 798243 42856 457418 75007 84144 636655 41059 
299174 257883 302461 491702 749644 433507 59619 631939 247065 245107 ,299174 59619 245107 97023 485050 865148 94707 60681 863907 548069 
824228 78764 872672 792366 786568 188181 792447 913106 810281 217167 ,788911 46752 98039 442719 631435 56686 864614 800888 213953 885480 
212416 465972 680849 651190 212640 517763 832156 51186 689416 66277 ,212416 465972 680849 651190 212640 517763 832156 689416 66277 409561 
866039 17183 933986 987381 987605 16923 69759 483629 79070 71907 ,866039 17183 987381 16923 69759 79070 71907 316204 864686 987493 
790633 156457 379612 352276 132108 730210 535012 450989 23684 776964 ,156457 352276 535012 23684 23764 350446 350503 426094 151153 524738 
601428 645912 536177 869245 724306 279952 601677 738848 518533 441525 ,869245 738848 186011 134134 249158 850671 559423 278810 53530 128246 
532071 83152 763877 513312 322095 15373 322434 283025 13350 340014 ,532071 83152 763877 513312 283025 13350 340014 295217 594468 234801 
693139 722594 995241 995207 165763 866841 131030 756488 995404 238752 ,542557 995835 368683 626293 962384 789315 673969 73078 336023 831132 
714839 755477 996545 714925 714993 774983 997267 718713 293274 292658 ,714839 275996 292922 774671 718675 718794 431183 633367 104918 355709 
946996 842132 684 627811 833768 867701 748721 947087 219145 223856 ,988482 858422 938897 879304 915617 931816 798498 957538 773712 725080 
930325 252947 310986 551787 230862 892064 893451 296415 772535 452372 ,308808 890185 503031 668824 485154 223806 11235 545004 932220 876610 
924298 320253 616545 106582 186683 429526 430257 255407 750394 323296 ,924298 106582 291925 836467 711092 70400 480685 278843 79648 761696 
923096 387143 386181 131890 977195 939031 425684 932518 661436 922240 ,923096 387143 425684 932518 661436 922240 879476 58528 416981 879629 
402682 398476 401735 401822 403809 684013 906131 806209 906840 22981 ,403809 176756 991693 670923 261740 705966 174634 780939 321791 64076 
398464 402284 949888 700325 679777 282981 59899 923774 678728 951777 ,100057 386178 315708 825968 678288 898692 806494 85949 314987 110412 
399744 403190 877567 399246 399857 797969 877213 961445 167212 247615 ,403190 678900 207443 144945 843058 247232 84291 293090 888562 457419 
476383 7736 399615 88533 88256 188680 793813 762892 912616 55075 ,476383 7736 88533 188680 793813 762892 912616 55075 7262 820800 
235643 601362 502218 698905 601798 231434 478684 806497 389905 501518 ,601798 806497 358435 68737 511990 428310 104847 359512 111279 239740 
398208 403300 398515 404248 819235 849909 697656 256532 398354 659943 ,849909 662184 231528 584560 362445 896227 860075 450719 253261 399162 
456880 463228 462764 463494 107157 634808 206146 270424 222235 109050 ,456880 463228 462764 463494 107157 634808 270424 206146 222235 601000 
159469 615228 464849 510763 464839 871098 464899 525224 363656 195620 ,615228 871098 464899 367191 515886 811130 176402 106082 800677 406419 
20875 20795 20778 577815 16541 26468 833529 242420 176472 174675 ,95222 113907 721861 42572 426925 210787 710220 512626 684297 95386 
526618 79638 824857 719508 406515 743837 169094 615739 615553 615503 ,79638 824857 719508 743837 151549 151377 521962 76792 495379 567738 
187985 317605 385095 189312 381496 674288 700925 406652 850355 521075 ,187985 674288 850355 521075 536830 539165 996322 541926 442689 756496 
389819 468638 322130 806222 389805 470013 468279 502153 591170 806141 ,389819 468638 591170 421657 719148 344535 516910 478912 188690 316727 
299321 73349 139548 334305 872805 368222 503028 873919 381490 345679 ,299321 73349 864973 155761 806353 277509 198693 109725 476884 6352 
86323 437633 985229 500488 467177 570478 968679 552427 65800 86475 ,86323 437633 500488 467177 570478 552427 86475 464095 451538 277616 
322843 551007 258159 413500 216986 88564 482184 225229 613214 106066 ,413500 73927 91680 513132 844700 669342 805528 461884 240720 460563 
112775 887903 723045 889391 330740 391903 15346 281373 825333 823718 ,112775 887903 330740 391903 823718 524367 397887 314973 315285 317879 
379907 33600 498554 259466 247924 360824 499627 220833 341 261005 ,259466 247924 499627 220833 261005 379891 220642 111951 984690 395804 
583702 188955 755454 990863 940724 953524 755380 13748 15752 609830 ,583702 188955 755454 990863 940724 953524 755380 609830 807927 188037 
831086 435417 132634 594900 391532 197926 276742 594553 947135 710260 ,594900 276742 594553 947135 710260 95873 1468 160834 352602 541616 
736042 248813 930518 280573 697157 930846 700869 592382 807028 736979 ,736042 930518 280573 736979 500785 511633 699223 950480 860000 280692 
438621 642323 615932 616410 36409 640632 38760 641744 415574 248867 ,438621 642323 615932 616410 36409 640632 38760 641744 415574 248867 
611956 516939 893005 25257 988966 387357 713007 52166 143370 928763 ,609031 925066 900786 456654 933193 455628 74329 336513 17670 470831 
525708 525957 228 288053 818442 133008 844051 635988 918051 596039 ,525957 228 133008 635988 918051 620664 132222 3136 779093 274061 
964818 291050 105753 191342 379124 964834 964773 525809 488722 727747 ,122818 438888 686470 518849 130054 516713 123682 708460 583864 380729 
516497 466860 42304 516654 931693 922415 564142 424220 929231 58981 ,931693 929231 58981 346501 184212 886252 254395 627887 125537 207082 
224977 224115 348133 659511 932655 87614 658644 741025 394512 281773 ,659511 741025 394512 658417 448598 941349 393684 858955 201482 347886 
632501 82467 83557 292318 925743 788899 83294 666142 234597 749869 ,632501 82467 292318 788899 83294 234597 63866 239234 63989 913574 
842548 842203 756342 871335 617958 406155 756090 851888 481830 842071 ,842548 406155 851888 481830 864109 856232 857276 863142 867625 791702 
21402 66521 524004 244646 20263 19826 799561 368250 366323 497847 ,21402 66521 368250 366323 497847 293183 846974 496716 117956 683849 
749682 136795 634110 515253 189908 465357 197112 275928 497570 725978 ,515253 465357 762417 985229 116582 161866 910173 596163 978061 889716 
544911 200656 385923 708219 328726 358671 693401 604602 704012 507371 ,544911 818334 328932 798880 764961 355960 284430 466390 77258 801045 
141978 77695 169659 107808 492489 510406 546425 3136 490751 206476 ,141978 546425 3136 124476 500730 181053 126172 233556 74355 525957 
764342 883356 33423 491364 350069 522299 522859 819596 231419 639721 ,764342 883356 33423 522299 522859 819596 231419 639721 575883 284502 
518131 490136 766611 513223 15622 619396 766495 932789 989860 788271 ,518131 766611 513223 619396 766495 932789 9980 915572 636651 989685 
482443 308373 802504 387817 30552 307474 221740 529699 68866 307769 ,802504 529699 68866 203844 501020 265218 305965 615522 658996 799436 
353286 894981 966901 526503 894977 932655 353727 20370 395075 753986 ,932655 492751 361440 743290 396415 428968 403950 754845 428576 738044 
209477 519596 788219 431743 112537 310466 858224 821926 337258 636343 ,788219 431743 337258 30866 309191 882489 250205 730864 221946 364642 
370891 517548 297678 402519 597333 668698 20252 518002 364347 194147 ,370891 364347 272963 236568 678819 170724 265407 650502 265398 93509 
876462 876442 777260 198388 277204 737733 876467 629494 565159 628987 ,629494 313120 285303 12853 12766 791521 887457 401722 517145 507602 
566915 910933 88190 567110 616341 239179 283734 404139 472403 822279 ,910933 567110 404139 88036 784938 936287 88956 508033 601582 826125 
661588 660743 664752 666353 741017 335061 226600 921287 738865 781881 ,664752 226600 921287 738865 486894 739092 658475 175760 787163 661993 
877096 867353 159025 901432 431612 4306 901972 564520 877467 941803 ,564520 620978 948058 950717 140002 685754 539820 382897 842557 62216 
878062 919792 854358 882636 641056 967287 852530 849456 374827 885917 ,905236 603936 640570 603887 961345 215537 854111 981505 549060 881746 
917238 916735 470599 107030 542483 217764 217291 964651 950354 943058 ,107030 217291 469570 87276 434276 946276 605142 996854 310082 666830 
487832 636836 123295 68394 487391 526063 487378 525504 111922 487379 ,636836 123295 68394 487391 526063 487378 111922 487379 815379 818476 
213512 762251 807317 721296 7648 740802 94684 414718 45167 103105 ,213512 54763 988875 734889 756395 822043 51299 333617 340524 735025 
827793 301999 44478 416183 44894 305490 910856 491378 35955 306194 ,44478 416183 44894 305490 306194 41190 322061 558474 322943 527539 
287276 939988 307925 464701 55552 573433 892156 464428 112830 547255 ,55552 891891 659900 694033 350885 720211 547145 211529 246787 655631 
37286 279431 372944 280236 19084 254091 279899 705409 977764 411427 ,19084 279899 279109 502736 801180 434359 350813 801915 296895 79860 
666900 666918 825272 893049 604579 423219 642283 893040 642977 825357 ,986325 893190 771060 643332 825539 446048 906899 639964 427134 446226 
205420 269698 589387 780794 739013 845189 226196 226162 224331 196169 ,780794 845189 870757 863238 277891 72609 277164 862981 845176 723793 
558235 53229 279939 856561 618394 691412 998846 197495 276311 429160 ,88120 686934 768986 170777 814430 203528 940216 438717 617130 468589 
319592 439978 116583 930469 514216 874105 514294 82916 491920 920442 ,919890 408023 374130 777691 630044 862698 56370 720299 253867 87364 
338121 366789 806682 397097 746301 740381 51029 397126 54642 65708 ,397097 746301 65708 599059 431983 426466 161052 719440 105018 719301 
23782 790937 206576 270854 888481 575326 888755 859487 859477 906745 ,206576 270854 888481 575326 888755 859477 906745 835841 862884 282971 
623128 133870 342676 344647 418564 343901 865608 698178 166168 317169 ,342676 182533 885096 119600 401021 923876 291395 304732 567115 759645 
392421 392568 303978 303254 521527 245241 521518 790981 306918 293381 ,392421 392568 303978 303254 521527 245241 521518 790981 354502 590256 
115721 133139 790655 133235 639757 394720 165155 849218 43486 847801 ,115721 849218 43444 203210 148673 849898 48834 114699 131096 9830 
606687 643383 357464 770116 666979 984542 128293 41166 959018 673462 ,770116 41166 443164 666827 239318 443331 674561 541532 831497 55689 
667502 760032 111870 567405 830686 667506 111858 830683 870576 567497 ,760032 567405 830686 667506 830683 870576 567497 831994 870687 996092 
79006 77117 468338 467900 634924 551777 632749 832449 178110 859692 ,713544 122642 83474 222927 223998 223672 308883 366964 299842 98409 
410455 534490 541394 410597 763709 247273 814278 862035 768059 113421 ,541394 768321 447793 666939 539657 699788 759976 113269 51045 447034 
843439 94987 895456 665684 899147 722182 849913 659341 60001 95720 ,843439 665684 659341 95720 664663 666562 899149 862871 923571 141173 
386878 325585 387658 169369 682080 879946 565834 721968 682071 430222 ,325585 387658 682080 277708 529979 844451 277278 246153 590384 514673 
392726 680820 778371 964829 855799 247054 542161 243174 966447 303386 ,542161 808922 542089 302151 402490 978205 710017 251326 216640 113838 
693836 245626 498621 208263 282227 48704 198081 276897 74014 695075 ,693836 498621 208263 282227 48704 276897 198081 962132 184826 69587 
395616 156092 40409 706827 580927 303526 697905 241911 173015 85638 ,156092 241911 85638 950767 91498 581507 85828 155453 948017 30123 
880078 879922 349884 833796 961965 899204 899457 70423 933255 932322 ,880078 879922 349884 961965 70423 933255 947378 561937 563055 825325 
343146 337388 348267 742453 453383 350489 336854 58645 454082 350638 ,348267 805755 411547 421103 512844 161301 211218 458729 158353 323377 
326406 341614 341427 310539 310664 309742 434175 72046 636866 296661 ,434175 105324 465985 659998 432661 450070 432815 932634 198891 660367 
880975 982672 937642 514953 622003 803866 619366 803217 982591 192795 ,982672 937642 514953 619366 803217 192795 271611 172541 625768 454730 
496690 100323 291923 77209 389875 291968 107243 724108 174419 58927 ,496690 77209 389875 633469 175346 804205 13806 904554 670363 514538 
81220 66124 974201 278951 450040 398087 956505 456692 345153 191333 ,974201 278951 450040 279152 320338 419939 870617 864401 801526 264666 
403320 373504 431431 442482 402951 715716 37076 40268 545758 656086 ,431431 402951 40268 775816 432074 763721 427977 483209 449156 534519 
471622 632433 518921 338606 792972 516952 790074 898908 703492 472808 ,518921 703492 406620 800216 516925 710501 467025 365712 889220 937830 
111691 835998 509783 263971 415351 503573 58096 682496 436202 356634 ,111691 263971 503573 682496 356634 158067 334201 875252 627611 923096 
766510 33353 403873 593477 680749 185972 111742 179823 498907 808571 ,766510 33353 680749 185972 111742 498907 808571 169472 800593 844930 
457335 889977 889768 640280 398215 668983 203820 828485 188793 204063 ,880815 704452 236394 451884 74031 268423 639895 546264 704775 515854 
12883 492632 868230 877440 198199 277015 162792 594645 73995 239335 ,12883 877440 162792 594645 855886 867999 865176 124483 198964 14953 
618645 618863 613166 233862 496570 618699 613698 367559 189353 263171 ,539473 773682 772315 689148 6004 564975 980435 891449 337587 116867 
800396 596815 800229 597164 598008 813855 329605 349639 489315 315182 ,597164 598008 813855 489315 315182 273261 194445 826403 488958 356516 
391866 161744 391740 391863 413003 493493 255403 161097 72491 15715 ,391866 161744 391863 255403 161097 72491 504387 511185 197023 527576 
77387 279448 163574 279278 215894 259965 658675 628514 257143 605611 ,163574 279278 215894 628514 787670 331197 482708 999489 408840 525535 
788440 993779 140760 656395 817437 761151 846247 517878 930362 855987 ,566533 380179 756352 713735 715645 97751 112100 546748 708876 36450 
665411 111416 665922 661366 110809 967506 110400 781997 110513 909570 ,665411 111416 665922 661366 110809 967506 110400 121530 141454 29181 
693452 697319 7633 696552 478410 476802 476424 478615 480164 478255 ,768516 555232 55237 521306 207910 673861 700268 546642 626155 638244 
173858 17433 17055 877778 877092 18113 2647 697744 86920 12862 ,17433 17055 877778 563231 863197 73209 388004 514763 730856 648343 
206988 633190 56220 917936 207009 905414 56241 955284 907025 563928 ,206988 56220 905414 56241 907025 975334 870335 933722 416413 543481 
920493 382883 86444 227427 83033 483087 724364 801134 82459 976842 ,86444 83033 973963 109599 59919 537964 585612 916826 589401 437376 
439257 440677 72271 152166 90799 410016 679988 435104 280640 506965 ,261838 701283 314958 82956 296989 363801 441293 172707 187177 931196 
526474 968352 320545 968222 822318 310005 138312 664423 6311 968623 ,968222 822318 138312 368895 693724 424663 382332 315514 551444 694502 
554795 883777 919251 920902 707518 89023 599292 842070 514591 895228 ,883777 919251 895228 873241 919136 43745 844332 393718 513851 874533 
63392 493923 65168 133319 189092 189165 223686 471287 835638 890726 ,493923 133319 189092 890726 107539 996158 468299 180806 741666 565634 
415215 608469 156062 249204 392594 325031 263347 123568 560948 142504 ,608469 156062 392594 325031 263347 394304 245447 397108 194398 626859 
651665 355424 377424 378100 773150 910536 16767 891725 861171 10139 ,651665 355424 377424 378100 773150 891725 10139 773610 158641 184522 
24424 611039 610589 611637 129199 130209 834270 128389 611995 207961 ,128389 207961 667023 207951 446813 874415 448087 544446 115239 51045 
853181 539037 854047 919780 706975 971115 405877 104612 541956 670899 ,539037 854047 971115 405877 104612 541956 490786 207099 843563 842837 
701096 289925 542222 343903 97727 117580 360928 891103 34343 147263 ,701096 891103 34343 342542 138899 288824 372970 910206 896172 955177 
853779 940618 933819 877047 540549 607921 41972 946969 43836 954444 ,946969 876982 554774 922587 863105 562248 443005 896616 19323 207577 
674913 860121 260445 516723 420310 859979 107685 697087 107643 395643 ,420310 107643 395643 214931 679453 727342 393839 922085 922288 901273 
959577 17969 3530 391439 3013 161416 869856 61066 916065 223918 ,916065 988225 347851 300831 696756 847636 389782 128539 90110 94499 
162930 583371 812117 188125 501562 594857 298540 115561 291705 286573 ,115561 291705 286573 262320 16379 73385 315974 465899 688492 442743 
364095 605612 341898 506570 330273 292374 350805 663782 230789 350950 ,341898 330273 663782 350950 90495 325080 306223 262464 511229 287175 
368319 881160 490650 985192 763125 995013 711061 647066 367764 792765 ,368319 490650 647066 367764 792765 424171 672501 646804 647067 91235 
850075 337836 338405 968980 517688 581446 67214 272230 844210 337587 ,67214 513970 558004 67939 895226 591319 405990 270081 206475 270753 
358401 355276 355446 344129 340363 311106 340119 310672 261692 854092 ,358401 355276 355446 344129 340363 311106 340119 310672 261692 395877 
259735 758544 667207 417132 255595 782282 417302 179722 607828 607498 ,259735 255595 417302 607828 827731 388721 255506 608048 971396 302045 
406390 659093 368634 81576 495709 583882 658509 301820 584343 499799 ,406390 659093 368634 81576 301820 160447 282991 280903 639374 281084 
297045 156520 614525 461510 205103 699721 883254 124056 80983 728967 ,156520 614525 461510 205103 699721 614516 462770 297261 809852 1383 
675507 860543 628305 393882 800530 868280 561025 393193 898645 352122 ,675507 860543 628305 393193 898645 278579 340766 800196 762665 40663 
405071 249186 956324 657790 585214 772289 712760 957495 563053 964888 ,405071 249186 956324 657790 585214 772289 712760 964888 562152 614621 
558528 423669 558443 38025 37772 37770 38960 38709 38875 905344 ,558528 38025 38847 38034 4850 105072 105311 37639 477328 171390 
958913 487530 615536 998448 874939 300480 497304 539056 584518 975088 ,958913 998448 874939 497304 539056 584518 300084 689006 487580 299808 
518463 434961 529929 515509 968004 416351 864435 3674 236911 506976 ,515509 804598 233463 503785 743754 520862 524231 151528 505195 459112 
397300 909010 983465 533177 17714 438695 394413 635336 620672 397801 ,397300 17714 438695 394413 680381 74624 483657 397853 483134 366369 
957004 826006 956966 293450 369973 293249 571553 576017 718873 140893 ,957004 826006 956966 369973 293249 571553 576017 140893 779774 368583 
475860 475555 476421 308030 328156 524367 223391 845476 923250 716575 ,716575 632117 14764 68364 102377 510901 535194 498214 764521 363418 
853319 852677 851755 857861 849508 824667 191389 856214 824267 854145 ,946977 191485 940606 854249 627811 947023 541483 905421 947240 957538 
673823 991461 675888 675607 763860 991041 822813 673376 763838 673026 ,825257 541532 666939 541394 699788 447034 654226 539657 950953 443331 
674974 673307 648465 999324 757520 815076 756379 189358 999980 760808 ,674974 999324 757520 815076 756379 189358 999980 760808 648466 647274 
385093 335309 288277 119074 534155 725543 295418 575004 749907 813974 ,119074 311015 325968 599871 693263 460753 45356 549328 995987 739725 
854705 202901 267179 85726 84238 30808 684732 501135 637040 974730 ,854705 202901 85726 501135 637040 31460 468885 578323 336866 911118 
143498 279486 376439 603357 534741 84626 420562 88154 809456 350673 ,603357 58725 348831 719150 638014 470730 151445 799307 388125 905680 
261517 30606 68703 639992 30052 429954 693963 719298 122060 522291 ,261517 30606 68703 639992 30052 429954 693963 719298 122060 55600 
501674 360052 628897 501331 511626 297805 752061 472987 502042 290332 ,501674 628897 752061 472987 290332 260456 230925 74133 156876 229455 
852428 938364 441733 443348 190998 633973 545162 940635 919491 855362 ,938364 940635 946984 956705 190729 856337 715463 960335 546485 903845 
489179 283691 520709 404155 318003 681166 85744 296162 504585 506008 ,283691 404155 318003 296162 200289 294815 95484 975433 171538 414300 
876847 32068 908755 876781 913742 597046 32543 231523 865577 873204 ,876847 32068 231523 873204 65873 326990 596865 733412 561012 840825 
632439 608293 374400 997403 295104 290338 663895 294084 849927 301868 ,301868 302145 585128 877621 945810 655541 504005 659559 108020 495269 
966191 261130 975124 402276 246025 965587 19955 351073 485857 394304 ,261130 832455 160884 164577 174336 63601 997006 880855 303143 707408 
581853 369430 503485 43856 397959 773920 43730 863336 807637 214151 ,503485 43856 397959 773920 43730 863336 506700 502814 504812 505985 
293733 254216 293291 738317 224780 280033 498622 283012 953063 887226 ,293291 738317 224780 280033 283012 284318 90767 92871 152964 688509 
664543 88704 129006 141385 664775 490068 486594 792055 53371 632568 ,664543 141385 664775 490068 792055 53371 632568 604541 427972 461976 
525983 526179 315433 769141 254160 744205 744354 101522 601037 389558 ,525983 526179 315433 744205 744354 101522 601037 686947 297631 254277 
306172 370774 942736 78543 110061 806818 548420 316450 305846 943382 ,78543 548420 316450 305846 516006 293671 492227 520415 514583 93161 
672204 672331 672220 672473 672160 672218 672266 672508 672250 672234 ,672331 672220 672473 672160 672218 672266 672508 672250 672234 191259 
500669 492554 239907 509594 141326 240959 737819 487303 14775 856606 ,500669 509594 487303 856606 743845 485047 969210 166765 662577 462222 
205058 269336 854340 723691 100330 205541 269825 100796 197862 370195 ,205058 197862 861054 265023 387471 659108 488305 708006 392378 224330 
672756 505309 171485 197644 276460 253746 115788 116795 262765 20447 ,672756 505309 171485 262765 433817 181874 721724 962803 238156 971062 
441124 493492 325650 321908 165480 497992 101382 441029 747319 139381 ,429449 440990 512866 69448 429539 433241 502260 131214 99577 232209 
169035 169314 798565 260010 168863 680182 396681 14409 393490 287390 ,369150 33879 374765 878332 841905 169683 267607 173519 128216 875435 
673700 673185 672676 610126 834746 610401 672414 836652 373722 833130 ,673700 672676 910727 573487 716878 994948 833245 673104 374234 837801 
672712 672938 673265 672644 673948 672952 895646 645886 646731 673064 ,659977 895172 749756 604867 570475 603725 986915 653580 994233 541653 
393594 393925 122310 173256 111020 684017 14074 958903 111052 112193 ,573008 60929 730441 373637 704575 110743 955744 690602 846284 981151 
396589 393971 386278 863579 393122 118628 396378 706604 844911 771822 ,863579 396378 871020 871420 863979 302803 864204 871791 549890 584750 
574419 526367 455903 573249 397648 161162 525674 841999 71583 160925 ,397648 701829 271602 59869 723981 305159 352350 381633 366071 934991 
838176 873152 898522 154391 873857 537337 866181 794284 10250 867326 ,154391 537337 10250 875373 963762 902756 943275 612144 120902 787193 
212733 428064 921152 921761 324645 949466 562672 582924 377173 999961 ,324645 582924 387636 903647 828288 754561 286579 482352 460550 683797 
393723 701992 885866 97070 806705 835437 352429 86520 169353 712827 ,86520 169353 710377 885987 628471 710039 632500 307176 628745 2987 
