GT,Result
53512 83164 867099 471024 471565 285070 93656 376488 433042 897155 ,53512 83164 867099 471024 471565 285070 93656 433042 897155 895922 
556029 556241 553055 556328 553076 552778 553377 555896 553467 552761 ,556241 556328 553076 552778 553377 555896 553467 552761 553366 553248 
205300 269578 81810 243293 92200 194428 273244 9176 318446 201867 ,205300 81810 273244 9176 87443 824305 458165 458194 948438 560966 
192197 982468 850414 756003 604979 604555 982919 990348 850692 858463 ,192197 982468 756003 604979 604555 982919 990348 850692 858463 857287 
705013 708616 706791 705123 195921 194281 273097 892569 863804 869529 ,705123 195921 194281 892569 869529 869937 439390 69691 473779 81672 
735593 452756 183251 128111 85900 193530 272346 459412 299375 465897 ,128111 85900 193530 299375 720833 698042 467692 97758 67078 61555 
613052 612587 612529 613296 613757 611536 612219 840516 257830 514898 ,613052 612587 612529 613296 613757 611536 612219 840516 612911 841029 
833988 926163 796174 544095 197564 127509 143370 937348 418976 543825 ,833988 926163 544095 127509 779638 822639 106193 688547 971763 56408 
434665 955311 350478 702971 337179 661291 367031 326912 956763 502288 ,434665 955311 350478 702971 661291 367031 326912 502288 645105 664594 
468226 391903 660483 470660 601308 601542 262118 6262 616065 110056 ,391903 470660 601308 262118 6262 616065 110056 637157 496710 151310 
689705 642732 799578 84430 269259 13699 282655 877267 983257 325344 ,269259 13699 282655 877267 560392 943036 867464 170057 105652 193966 
239135 725921 334073 778789 924974 156519 108557 325082 332876 493925 ,239135 725921 334073 778789 924974 156519 108557 325082 332876 493925 
982635 797056 795998 608836 688516 796383 52569 523266 305523 280084 ,795998 52569 224202 108493 777268 587733 608953 340395 158441 982486 
863048 473349 224828 24065 203441 267719 871592 911683 207593 667801 ,863048 473349 224828 24065 203441 267719 871592 911683 207593 667801 
658520 454166 761433 378038 511916 842884 512154 401617 425731 227858 ,658520 454166 761433 378038 511916 842884 512154 401617 227858 842890 
190708 853812 539729 190744 824326 403241 541687 666739 673095 539666 ,190708 853812 190744 824326 666739 673095 539666 971223 904392 903956 
555045 413980 68672 399471 412410 569212 545317 144996 616079 70135 ,555045 413980 399471 545317 850716 698165 624865 468997 414167 442971 
298964 299376 510663 300815 982691 362982 384733 63495 313319 997433 ,299376 510663 300815 982691 384733 313319 997433 341247 998018 613287 
305565 305192 774256 294170 306616 127711 774227 990281 108912 732399 ,305565 305192 774256 294170 306616 127711 990281 108912 732399 105027 
907672 259246 425300 74452 717656 108631 384188 311595 870973 904455 ,907672 259246 425300 74452 717656 108631 384188 311595 870973 904455 
647480 381233 385669 104269 427810 563786 885016 971970 646817 424210 ,381233 385669 104269 427810 646817 424210 891906 386733 214106 643371 
406475 794222 30500 829133 781148 976720 781434 742787 601792 742891 ,794222 545445 260649 892591 192432 271248 145751 713958 450217 958244 
12321 197171 275987 968326 219849 12509 661967 878475 520276 540730 ,12321 275987 197171 968326 12509 661967 520276 540800 441416 872230 
360905 362328 231637 723911 724463 566959 316378 287465 313549 783369 ,360905 566959 316378 313549 857077 522058 696421 516200 308155 313351 
527043 577166 458589 458499 395631 542468 13196 467629 746001 245219 ,527043 577166 458589 458499 13196 467629 746001 245219 455586 395077 
68951 682434 947841 206983 768176 528747 429729 600976 995072 905062 ,206983 528747 429729 530883 200924 505220 697169 444998 649856 872274 
794997 540924 571365 236982 237118 345381 322026 351091 337229 571760 ,540924 236982 237118 345381 322026 337229 61217 263074 822655 426661 
357203 159915 159116 132530 161273 952037 131207 49646 363074 869253 ,357203 159116 132530 161273 952037 49646 363074 869253 162021 861454 
318266 834026 70614 547618 57613 544345 589116 839757 687115 170700 ,834026 70614 547618 57613 544345 589116 839757 687115 170700 906731 
675678 219982 673644 817376 22953 757718 980805 181285 765749 113133 ,675678 219982 673644 817376 22953 757718 980805 181285 765749 113133 
375651 621438 60245 751338 145264 133622 242147 857024 141358 296109 ,621438 60245 751338 145264 133622 242147 857024 141358 516474 645488 
841827 392755 246094 59230 804628 668580 27250 610601 190124 69048 ,392755 246094 804628 190124 57832 49415 752427 419705 149592 693672 
467831 736251 478873 199826 264104 264070 791835 105016 839681 903193 ,199826 264104 105016 903193 104854 363691 151170 839523 504901 177013 
111243 535556 161691 217257 216739 351093 237825 822035 38253 254459 ,111243 535556 217257 351093 237825 822035 38253 254459 703807 733213 
853482 828933 912398 984256 73190 760170 915576 80047 123097 144442 ,853482 828933 912398 214428 568223 930249 841059 886320 800857 791989 
545204 993381 446390 545628 340885 674501 760148 194052 272868 757526 ,545204 993381 446390 340885 674501 760148 272868 194052 757526 672838 
649508 653903 653191 646965 647790 647173 672459 814799 650538 653160 ,649508 653903 653191 646965 647790 647173 672459 814799 650538 653160 
482544 752027 748953 314100 317000 295816 312557 844757 661013 824806 ,482544 752027 748953 314100 317000 295816 312557 844757 661013 824806 
8845 228124 459798 749630 228823 929294 87782 255992 237323 315138 ,8845 228124 459798 228823 929294 87782 255992 237323 96056 929453 
17587 140384 158324 59805 662686 464949 105609 464954 151570 68525 ,662686 464954 68525 658146 18093 183179 68444 663405 773735 17691 
839385 110690 126735 129317 238782 472200 284459 839305 126892 440229 ,839385 110690 126735 129317 126892 440229 624241 153681 73305 622603 
543710 526249 279350 543812 530165 489114 464109 795267 405161 279445 ,543812 530165 551846 498752 237033 77580 261498 272152 323113 80016 
640468 642722 640129 657055 640587 642103 616038 616856 994883 673367 ,640129 616038 994883 215857 640401 215888 994795 994879 674144 675957 
446363 446815 447067 446892 445567 446199 445671 446197 446509 447224 ,446363 446815 447224 446159 446248 445911 446307 446048 447118 446678 
963902 799366 799355 799345 792598 606705 804998 779967 805140 592937 ,963902 799366 799355 799345 792598 779967 805140 592937 804641 963826 
687335 682825 904890 853548 846889 637282 237254 419758 700864 378514 ,846889 791567 861429 861408 847001 854180 674297 378888 545436 761352 
603715 49579 568491 768423 631604 602555 737927 241982 49578 603716 ,603715 49579 568491 768423 631604 602555 737927 241982 49578 603716 
688911 688642 689464 566650 88995 832283 451936 859240 876777 610962 ,689464 566650 832283 451936 859240 876777 610962 518176 265870 201592 
983775 85425 83591 728993 343435 84640 984336 393645 821557 976451 ,85425 83591 728993 343435 84640 984336 393645 409880 728729 510467 
459390 44989 599209 599218 219524 453034 431050 459284 452659 232664 ,44989 599209 599218 219524 453034 431050 452659 311416 430840 408831 
929126 173645 432869 127395 805750 128864 172995 488826 105826 585197 ,127395 488826 123775 485417 129465 443252 596651 704418 110946 13704 
403706 967239 399987 573943 229701 742656 582773 931816 15867 228702 ,229701 15867 964189 894972 868320 411150 628528 888664 855335 14902 
226919 525559 333507 662049 527353 97076 661745 737868 294715 171665 ,97076 661745 294715 532433 345579 1681 111047 369982 284203 170185 
846215 621972 752435 727649 651042 910774 780722 512337 482334 933363 ,846215 621972 752435 727649 651042 910774 780722 93851 570095 508815 
398421 56864 185283 57944 813732 53579 828471 410468 882882 53608 ,398421 56864 185283 813732 410468 882882 53608 107544 820657 972453 
826828 827657 564553 298179 434895 141276 548558 158569 981821 841407 ,826828 827657 564553 298179 434895 141276 158569 841407 540753 896958 
606470 329779 837282 315949 926003 259442 183278 868342 438802 791651 ,315949 926003 852966 193839 836825 758303 193417 533013 137134 543087 
975674 724049 308634 889485 116467 761495 984123 159287 889337 725125 ,724049 308634 889485 116467 761495 984123 889337 847241 61718 449074 
356548 278608 95480 548661 338391 683770 473659 84209 336766 629603 ,356548 278608 95480 338391 683770 473659 336766 629603 95430 683825 
26716 128312 391739 391737 68486 87094 795343 321854 416111 104989 ,26716 128312 391737 68486 87094 321854 416111 104989 520804 520764 
765008 828125 550364 891398 549438 825443 766594 861540 777570 609144 ,765008 891398 825443 861540 609144 773407 921440 765483 765992 869835 
895242 292307 895262 601379 601109 429002 503569 292256 428716 953197 ,895242 503569 953197 787051 998435 539651 720212 599585 940709 359735 
447558 734109 345628 736687 312273 744896 3592 447536 396187 733583 ,447558 734109 312273 744896 3592 447536 396187 733583 618179 981841 
831832 835708 637653 757973 373903 757352 760068 144918 970465 567202 ,831832 835708 637653 757973 373903 757352 760068 144918 970465 567202 
652016 677434 643568 871604 934777 388628 767552 652188 41156 616354 ,934777 388628 767552 652188 863376 638663 992151 922315 51700 951406 
310222 457868 194626 273442 504268 937358 503855 137542 400361 577374 ,310222 273442 504268 937358 503855 82072 182422 456622 266179 201901 
179815 47551 928825 213635 314309 350010 81589 413034 321300 359841 ,179815 47551 928825 213635 314309 350010 81589 413034 359841 491058 
448751 935018 242163 337744 386255 93817 681077 978607 158788 892135 ,448751 935018 242163 337744 93817 681077 158788 892135 96852 713660 
793966 896565 748692 789329 833581 217169 792845 995660 710535 986619 ,793966 748692 789329 833581 217169 792845 986619 588777 589115 111495 
382917 45487 771844 953954 46094 533392 927418 927488 927588 590739 ,382917 45487 771844 953954 46094 533392 927418 927488 927588 590739 
905574 685908 620247 479290 9079 6245 555125 754261 475086 37811 ,479290 6245 988454 37829 250527 807793 37800 411584 807726 255326 
550991 558307 517541 646836 597776 526328 646059 627421 943782 682551 ,558307 597776 526328 646059 627421 682551 287739 730312 615115 615285 
557706 36448 903693 537915 807912 847124 556677 903403 546823 397754 ,36448 903693 537915 807912 397754 917775 949825 699638 309068 897110 
599724 656092 599944 656344 417910 418312 510121 33895 780505 905432 ,599724 656092 599944 656344 418312 510121 780505 905432 791675 343712 
6379 945260 815150 371510 806216 187549 781851 678015 389955 806326 ,945260 815150 389955 871087 482839 178440 600197 309404 678175 787817 
646198 649429 632952 897800 283955 10597 197054 275870 580539 401365 ,646198 649429 632952 897800 10597 275870 580539 649811 704693 706462 
210348 858043 533668 595128 412189 535976 48496 469089 544633 199728 ,210348 858043 533668 595128 412189 469089 544633 199728 278544 19836 
847052 582215 846423 116886 847066 810792 325284 354591 717248 847441 ,847052 582215 846423 116886 847066 354591 717248 847441 501229 353888 
637661 637569 559975 559918 637315 253863 780465 74707 498742 424452 ,637661 637569 559975 559918 637315 253863 780465 74707 498742 424452 
425609 84046 688324 42014 755064 668854 688282 57340 84503 580274 ,425609 84046 688324 42014 755064 668854 57340 84503 668794 580274 
522096 190550 131040 241718 305937 151845 131150 350624 306433 306194 ,190550 131040 241718 305937 151845 131150 350624 306433 306194 121535 
275914 946954 263258 403472 196264 275080 547249 311398 782560 307854 ,946954 263258 403472 196264 275080 311398 782560 505354 406536 403211 
544172 772186 757177 248546 247104 143641 535595 374814 795185 374058 ,772186 757177 247104 143641 374814 795185 374058 853812 833231 824071 
538087 879148 869763 829028 286297 978897 557583 637857 709195 537774 ,538087 879148 829028 286297 978897 557583 709195 880549 978283 410943 
496326 494853 506320 522302 739283 522744 789158 509530 492786 302437 ,496326 522302 739283 522744 789158 509530 492786 302437 502110 343506 
602017 150010 29824 597242 150390 511983 23422 635826 633948 211605 ,602017 150010 29824 597242 150390 511983 635826 633948 211605 27367 
835945 836852 454653 802134 462832 695879 454159 390756 381986 179797 ,835945 836852 454653 802134 695879 454159 381986 179797 795220 534274 
75856 424176 17030 17344 248054 461524 71298 831328 78600 308575 ,75856 424176 17030 248054 461524 71298 831328 322010 18507 740972 
784848 784819 658137 363403 79612 825635 528614 79509 982233 51541 ,784848 784819 363403 79612 825635 79509 982233 51541 364114 422873 
365053 351808 351139 312121 738947 740771 351177 197070 206481 270759 ,365053 351808 351139 738947 740771 270759 683112 919813 694646 744444 
728369 911254 699390 427860 154023 526511 687462 797710 428339 778028 ,728369 911254 699390 427860 526511 687462 797710 428339 778028 290669 
727185 928027 15011 663321 211917 212710 890408 720413 679875 169344 ,727185 15011 663321 211917 212710 890408 679875 169344 189556 118437 
596130 441349 371834 68976 125392 757872 454456 758494 30245 94831 ,596130 441349 68976 125392 454456 758494 387 180790 105335 370099 
625395 491077 626158 171646 859789 170489 300656 915121 285641 860074 ,491077 626158 171646 170489 300656 915121 250374 625813 98625 143597 
791173 326784 279913 807467 661676 477212 856134 374408 280462 196026 ,791173 326784 807467 477212 374408 280462 274842 196026 791407 814265 
390382 390295 60029 843224 748148 13308 15757 483505 489652 491389 ,390382 390295 843224 13308 15757 489652 491389 134358 122833 464965 
577428 849949 774393 891062 135856 940923 300433 594519 813272 985427 ,774393 891062 135856 940923 300433 813272 608330 477702 290872 891523 
101399 969162 423424 259977 163837 417123 529544 858697 295030 174868 ,101399 423424 259977 163837 417123 529544 858697 174868 293121 617500 
249671 61887 457878 840584 260698 560972 876466 398389 222996 68940 ,457878 560972 222996 68940 756496 482402 828304 828157 363114 540354 
845749 96832 984154 374514 983670 374117 166755 878326 876881 588230 ,845749 96832 984154 374514 983670 374117 166755 878326 588230 845425 
385176 670560 678098 972319 663573 904984 216622 52155 763192 641487 ,385176 663573 904984 52155 763192 641487 253798 885771 115235 569476 
246717 292379 294699 420906 305865 246670 294368 131432 717169 246653 ,246717 292379 420906 305865 294368 131432 717169 246653 143412 905505 
811558 719246 719163 826274 323417 749276 516540 86895 997965 454666 ,811558 749276 997965 304778 511522 303861 668949 70380 826831 319231 
385137 892592 130796 243932 819389 695348 608272 602023 248596 250267 ,892592 130796 243932 819389 695348 608272 602023 248596 250267 347909 
878736 376358 228653 604562 604805 899772 608530 376348 225755 605694 ,604562 604805 608530 139868 90469 228458 42403 227467 865654 899575 
321125 471753 94014 693723 598657 331517 354545 156037 636066 264014 ,321125 471753 94014 354545 156037 338009 290681 471743 662528 372284 
875732 383761 127737 875339 331722 908391 332702 331662 894365 380307 ,875732 383761 127737 875339 908391 332702 894365 380307 414729 931859 
940543 988293 698248 379483 627255 156711 671882 836395 22822 155590 ,940543 379483 836395 65745 941730 521387 860330 218897 508806 484644 
236426 950327 826881 698562 496105 259505 944228 66501 106337 524222 ,236426 698562 944228 524222 68738 889134 745753 323556 962088 903490 
432266 700129 480742 491159 195023 273839 998428 261511 487508 600763 ,432266 700129 480742 491159 273839 195023 998428 600763 193725 272541 
96396 175547 369846 817850 826378 392866 413929 827408 819300 439763 ,175547 369846 817850 392866 367580 818285 5903 115628 972802 223184 
432345 210071 876751 919075 436790 888064 198272 277088 18358 894829 ,432345 876751 198272 18358 207363 843310 595867 787413 438304 948592 
941654 950171 947848 941600 947729 947794 392256 614745 594038 594069 ,947848 941600 594038 594069 842300 293552 734994 151489 183256 799350 
963172 374495 374383 919688 791497 964571 139727 763882 51214 900823 ,374383 791497 964571 139727 763882 51214 900823 230948 642139 90037 
570493 422836 422879 426929 426998 323978 607107 570202 351096 292605 ,570493 422836 422879 426929 426998 323978 570202 351096 351098 248488 
288542 339908 567610 559016 612547 258839 108128 341357 696709 365254 ,339908 612547 618954 229282 91937 283548 185107 911964 540909 331841 
759504 207431 957322 207501 839987 833284 885632 468687 374906 104241 ,759504 207431 207501 839987 885632 374906 104241 752084 839815 611995 
438395 67839 670973 68288 643916 74242 248182 669194 224931 103853 ,67839 670973 68288 643916 74242 248182 669194 224931 103853 951159 
886680 886806 121787 310992 202674 847797 342577 835159 355448 347335 ,886680 886806 121787 310992 847797 342577 835159 355448 347335 356963 
466262 797172 530467 503657 529155 150416 954860 318101 712968 503240 ,466262 797172 530467 529155 954860 318101 699937 496196 797652 200289 
922047 709742 800237 437758 921114 105224 516756 723830 364859 301196 ,922047 709742 800237 437758 921114 105224 516756 723830 364859 301196 
633388 696189 223839 194710 273526 197977 276793 703497 17001 681806 ,633388 696189 194710 276793 703497 681806 400988 930707 635224 658519 
225194 659998 661155 921517 660367 659908 61761 561153 92579 60050 ,225194 659998 921517 660367 659908 61761 561153 92579 60050 226215 
584637 924592 702870 303340 35930 486817 358138 515413 610091 237952 ,924592 303340 35930 486817 237952 819705 348714 586854 280774 696590 
449903 529175 487984 687603 753142 649923 529665 432000 253314 532523 ,449903 529175 687603 16721 244407 26630 223131 24125 242115 397520 
748193 748397 392986 518803 679430 356202 457330 171101 806382 155120 ,748193 748397 518803 356202 171101 806382 6865 167164 262432 457373 
680002 125829 335119 27351 613246 659568 202639 87071 915599 172158 ,680002 125829 335119 27351 613246 659568 202639 172158 333807 289771 
352564 342467 339910 317212 345799 254980 150675 165467 310092 435770 ,352564 342467 345799 150675 165467 310092 435770 2973 619570 617301 
192640 271456 197284 276100 78319 697484 196673 482591 435799 157035 ,276100 197284 697484 196673 482591 435799 157035 497301 351184 436540 
454032 460820 454124 972039 971058 386143 846440 516002 562813 317505 ,454032 460820 972039 386143 516002 317505 455952 57976 165503 773853 
995104 185776 991237 828442 449031 828247 451423 449557 782288 409347 ,995104 185776 991237 828442 449031 828247 449557 782288 596720 779244 
797413 337534 516482 305042 29341 31497 808865 707136 121127 272209 ,337534 121127 272209 280066 198236 496213 494997 788575 108782 98697 
889802 814190 446933 424343 41383 375136 518583 445666 913214 814173 ,889802 814190 424343 41383 913214 445037 422973 642155 953334 41291 
338172 262456 289339 288739 341355 501039 235812 983243 525350 524940 ,262456 288739 341355 501039 658527 632905 252071 632726 520472 305631 
968442 193282 464164 304612 822724 9700 401388 975608 175172 188961 ,968442 193282 464164 304612 9700 188961 716730 819300 733453 172566 
55716 354790 712776 978129 72371 603053 481292 55696 711996 873545 ,354790 712776 978129 72371 481292 711996 873545 786634 355622 83422 
37543 632166 141221 831856 830154 181288 385266 867653 246386 854957 ,37543 141221 830154 181288 385266 867653 246386 854957 950886 634658 
92124 678766 82008 88580 299180 90092 88789 521871 94362 80133 ,92124 82008 88789 521871 170020 30267 637961 96229 124594 262227 
70214 69125 292204 294403 473079 134 684162 215078 729644 971301 ,69125 294403 134 684162 215078 971301 725545 95819 220566 152216 
665403 665336 72661 488543 597706 806727 806401 137302 994599 489633 ,665336 72661 488543 597706 806727 806401 137302 994599 489633 371683 
21749 563838 873757 246053 767382 579783 857701 332481 333824 565744 ,21749 563838 873757 246053 332481 333824 565744 874500 562945 84805 
616250 893872 647199 706738 637125 30185 882065 219404 68964 912801 ,616250 893872 647199 706738 637125 30185 882065 219404 912801 526964 
420964 420954 168118 511417 866658 872972 689369 318618 320652 124880 ,420964 420954 168118 511417 866658 872972 689369 318618 320652 124880 
472545 343932 550774 341711 108736 608693 615877 427801 810770 380497 ,472545 343932 550774 108736 608693 615877 427801 810770 284474 107025 
152035 501039 82942 281790 82517 291943 220432 282821 560278 503184 ,152035 501039 82942 281790 82517 220432 282821 560278 503184 429453 
519620 870286 319064 15567 619624 465269 200957 265235 862502 398910 ,519620 200957 265235 862502 199736 278552 269595 795683 198633 277449 
703986 831121 585240 848156 152589 349630 262442 490201 329078 908061 ,703986 831121 848156 152589 349630 490201 329078 908061 403627 691805 
136823 790603 370254 62019 663465 746328 955727 467857 127449 410504 ,136823 62019 663465 746328 955727 467857 127449 86020 139271 300543 
859192 142443 624743 141396 829976 829800 137011 181453 48004 815187 ,859192 142443 624743 141396 829976 829800 137011 181453 48004 815187 
742629 742337 894570 476844 242015 586974 416926 547400 780282 294048 ,742337 476844 477215 73501 476838 293598 306183 416266 435043 217485 
629289 627988 705736 677769 216550 207331 17019 17113 708625 250091 ,629289 627988 677769 216550 17019 981295 399300 421010 769887 842725 
949499 361113 501388 100058 426368 659362 193331 272147 52611 200234 ,949499 100058 426368 272147 193331 52611 200234 264512 412233 225501 
3406 613737 124760 180417 13470 558865 15533 707451 669559 749593 ,3406 124760 13470 558865 707451 749593 939849 461090 179541 134770 
927799 39544 39506 204253 268531 577322 130146 198435 860487 860243 ,39544 39506 204253 268531 860487 39511 944958 202846 267124 528149 
936109 402167 537911 881699 380787 412595 398594 331725 749811 468260 ,402167 537911 881699 380787 412595 398594 331725 749811 468260 883776 
175092 339512 823111 832424 910743 256151 98639 210691 521937 732333 ,175092 339512 823111 832424 210691 521937 732333 88959 547421 884426 
18841 793836 113303 971708 522349 983157 70196 983806 196809 275625 ,18841 113303 971708 983157 983806 196809 671669 376237 266690 202412 
929221 929405 929195 929916 523178 853052 965327 386383 916208 633247 ,929221 929405 929195 853052 916208 633247 121093 929346 529531 392160 
429034 469167 427801 609099 347998 501349 5813 40410 768886 40339 ,429034 469167 427801 609099 501349 5813 40410 768886 40339 93788 
643166 643694 735490 643350 754046 644338 638828 39226 37670 830380 ,643694 735490 643350 754046 39226 37670 735523 768101 643422 216520 
522740 693972 204869 411425 519051 91877 528408 238259 94229 659698 ,693972 411425 91877 528408 238259 659698 730946 563694 299843 454097 
419624 897692 899213 925351 737214 897683 461623 571831 942032 944910 ,899213 737214 571831 942032 936697 434105 212221 643878 733881 737477 
622972 625330 217562 766850 859266 764958 907300 891410 850122 765412 ,622972 625330 217562 859266 764958 907300 891410 765412 814397 995430 
917618 375010 11685 51172 11183 658066 424699 639030 543536 917313 ,917618 375010 11685 51172 11183 424699 543536 917313 257356 415297 
583554 863354 377822 517074 761407 759166 597214 633718 548243 429295 ,583554 377822 761407 759166 633718 429295 309717 236296 806631 516960 
337495 337998 339643 346782 337853 366322 488448 366239 67652 436346 ,337998 346782 337853 366322 366239 67652 436346 811253 106319 738466 
120045 655625 833209 163572 604838 334808 101930 838613 470144 354559 ,655625 833209 604838 334808 101930 838613 354559 234204 159787 873443 
401643 401770 398204 398458 366231 7099 6562 21515 690954 398211 ,401643 401770 398458 366231 7099 6562 21515 690954 398211 438006 
919350 734324 61883 260026 737245 416611 737412 311096 536119 262047 ,919350 734324 61883 260026 737245 737412 311096 536119 253457 74599 
908724 911774 837895 831760 912825 911489 969731 977113 850240 722499 ,908724 911774 837895 912825 911489 969731 977113 850240 722499 654319 
176844 23446 713612 819239 679886 101798 506666 442380 716927 237335 ,176844 23446 713612 679886 101798 506666 716927 237335 994478 648958 
653016 537970 988129 675073 798293 612672 674664 673633 673871 766886 ,675073 612672 673871 673518 628761 674118 674258 215365 674178 536525 
53370 849654 53312 629846 765438 927922 52824 700140 892324 50734 ,53370 849654 53312 629846 765438 927922 52824 700140 892324 50734 
393768 490989 392908 561219 560886 929760 122828 783362 560952 10097 ,122828 783362 560952 547301 957064 883241 973252 70094 123705 126150 
915744 579713 19144 614135 978414 257533 199461 278277 100005 482566 ,579713 19144 614135 978414 257533 278277 100005 482566 768899 488713 
202456 14264 105163 806330 183226 852939 681203 260750 469962 72720 ,14264 105163 806330 183226 852939 260750 105535 122666 106630 851506 
821805 666934 857239 551323 944768 851548 445961 915328 851503 756930 ,666934 857239 551323 944768 851548 445961 915328 851503 642185 641781 
978291 690270 181194 66030 681619 964284 968826 822909 907443 330248 ,181194 66030 681619 964284 822909 414270 513456 61674 875461 893231 
9089 247541 556110 761759 978634 872248 308614 760245 722382 308848 ,247541 556110 761759 872248 308614 760245 407866 133577 133302 371168 
945335 943706 950570 941775 942673 948454 810731 948171 949424 941999 ,945335 943706 950570 941775 942673 948454 948171 949424 400306 120695 
6553 874762 937405 106343 823106 7616 481177 335363 456105 812890 ,937405 106343 481177 335363 812890 112907 543058 917157 924024 107018 
952458 779102 391569 391291 81965 989437 924513 88370 391270 81889 ,952458 779102 391569 391291 989437 924513 88370 391270 81889 274505 
182217 26217 466706 917981 174413 129946 43455 282847 111708 705429 ,182217 26217 466706 917981 129946 43455 111708 311716 555967 499958 
754189 753567 754157 754201 753566 753610 477777 640375 447840 420995 ,753566 753610 477777 640375 447840 420995 555887 541325 5930 421294 
647171 647804 740630 820812 136505 129087 918783 740770 254402 532036 ,820812 129087 918783 740770 254402 532036 665566 822881 264815 364727 
923096 58528 922240 62080 425684 958095 160386 566590 701825 879629 ,923096 58528 922240 62080 425684 958095 566590 701825 879629 667787 
487661 848424 687335 683763 558989 807774 871109 469554 754031 292196 ,487661 807774 477019 890513 351631 380201 323801 710757 647897 289437 
97534 467435 691675 487855 63102 183738 390161 600836 942289 397893 ,97534 691675 63102 183738 390161 942289 397893 326423 32580 453075 
795654 842445 929536 843914 402730 198290 277106 219495 483089 493440 ,795654 842445 929536 843914 402730 198290 277106 219495 483089 493440 
987511 987445 930487 10097 741492 160106 138950 59382 59759 9807 ,987511 987445 930487 10097 861765 838001 549768 745402 560886 391654 
753519 152430 753585 846252 824255 766565 71561 709392 915454 555059 ,753519 152430 846252 709392 915454 14203 52954 709297 334624 960941 
815825 816656 833818 657372 812224 758193 811103 819537 878676 857701 ,815825 833818 657372 812224 819537 828410 962426 135724 663934 878175 
400549 387510 563035 484860 934284 399031 946254 385906 404086 155525 ,400549 563035 484860 934284 399031 385906 404086 931580 765393 509879 
503473 516736 869974 616080 235789 935863 626291 405805 571737 72605 ,503473 516736 869974 935863 72605 200470 998720 778848 405775 405785 
686950 688200 429694 308071 94981 154511 751111 186789 400075 726981 ,688200 429694 308071 751111 186789 400075 13736 781174 83332 68438 
576207 6760 952461 405084 8269 77123 7286 805562 302142 945939 ,405084 77123 7286 805562 890972 408680 386261 405094 46997 8420 
638482 838409 757985 757949 759149 638626 638336 956964 890692 638236 ,838409 757985 757949 759149 638626 638336 956964 890692 638236 890911 
383735 386886 383422 939022 884478 813719 883064 387280 157968 883286 ,383735 386886 383422 884478 883064 157968 883286 844014 930964 264772 
988575 637409 502968 502990 503978 40205 508589 502928 90027 154068 ,988575 502990 508589 502928 90027 760711 645983 40259 504731 864889 
970490 934288 971160 703117 201766 266044 495180 800665 571335 431233 ,970490 934288 971160 703117 201766 266044 431233 136730 975880 828510 
375651 621319 485606 960561 219501 627625 566168 960253 26868 368204 ,621319 485606 566168 960253 26868 368204 253099 146675 138371 132104 
562339 622199 621828 722699 762870 772262 900579 786265 517356 620387 ,621828 762870 772262 900579 191121 23796 132611 658864 491541 563666 
905642 905318 615171 29543 975229 548428 211772 568550 709735 685026 ,905642 905318 615171 29543 548428 211772 568550 709735 685026 304301 
633464 745692 635827 24648 263883 373434 263994 694912 264058 522519 ,633464 745692 24648 263883 373434 263994 694912 264058 522519 984870 
643515 423577 757176 643479 907239 643454 642499 850275 186614 641999 ,423577 757176 907239 850275 641999 422891 442332 775639 425379 756934 
560395 188551 36933 68032 36750 64728 830073 112811 48400 702348 ,560395 830073 112811 894367 537773 947953 212913 952500 272376 358780 
540496 910669 543637 875877 36806 327390 326616 284077 421746 282544 ,540496 910669 543637 875877 36806 327390 326616 421746 938742 312394 
197490 276306 380424 715844 520325 240412 563842 231191 507813 44755 ,276306 197490 520325 563842 231191 507813 506112 48772 239374 681603 
649852 48473 959838 654242 846145 644816 48338 995008 653678 644593 ,48473 644816 48338 995008 994928 644531 644356 414648 444093 148986 
900842 90604 454921 461509 459906 89697 617014 348043 455076 863507 ,900842 90604 454921 461509 459906 89697 617014 348043 863507 596070 
226013 554921 122385 919375 555029 619899 225827 919582 554917 868025 ,226013 554921 122385 919375 619899 919582 554917 378117 122058 14303 
15969 739317 741642 741897 941911 15370 974362 924583 669900 880323 ,15969 739317 741897 941911 974362 924583 669900 880323 931726 739248 
446579 446912 999452 992676 446344 614818 446477 846676 819864 648614 ,446579 446912 999452 992676 446344 614818 819864 648614 656699 757390 
365075 803382 390489 915519 992512 390728 620371 310013 36114 183599 ,365075 390489 992512 310013 36114 322836 336564 678752 307085 636030 
732406 77215 931292 931283 570005 95241 219021 507882 78721 570691 ,732406 570005 95241 570691 75695 947165 459489 755068 85841 105890 
916110 534672 244015 763780 910749 831364 85667 288434 122514 530415 ,534672 910749 831364 85667 288434 242774 83056 794302 265129 310626 
776330 319930 852147 532085 396076 441370 763766 675027 454752 918748 ,776330 532085 441370 763766 675027 851569 26618 441221 25778 478381 
723914 174389 68994 835249 310852 719905 422172 978533 700818 92106 ,835249 310852 422172 978533 154757 850345 175688 879368 728978 176588 
82156 82313 280040 280729 502816 337400 188521 83308 262271 68639 ,280040 280729 83308 68639 417866 524790 645825 863629 232651 351959 
352202 827153 930938 389446 96879 97149 353131 930538 325392 446664 ,352202 389446 96879 97149 930538 325392 446664 458659 843479 929293 
705594 706135 705816 706835 706087 521215 505702 706245 540607 16257 ,706087 521215 540607 16257 193449 506156 632951 454177 195337 165258 
481676 451329 532352 137888 451777 290369 391041 400426 867072 610801 ,481676 451329 532352 400426 867072 610801 955136 631504 15046 402877 
366209 874975 359819 920438 904919 124472 813502 291308 124697 575318 ,366209 874975 359819 124472 813502 291308 124697 575318 712967 746894 
225982 967074 164031 678815 626551 485927 402116 795271 486343 836835 ,225982 967074 678815 836835 630411 69161 282068 257785 908775 290489 
799767 28286 366128 637506 218061 9429 772847 629530 614656 747517 ,28286 637506 218061 9429 772847 614656 747517 42067 202959 267237 
60993 804514 62187 834800 60196 179611 469475 400237 877701 724963 ,804514 179611 469475 400237 877701 724963 522790 198638 200675 124044 
938090 938028 485304 837681 672820 939527 400009 760395 824387 508583 ,938090 938028 485304 837681 672820 939527 400009 760395 824387 508583 
421337 62024 292642 421409 279537 179777 232445 397166 82532 696532 ,62024 279537 232445 82532 61777 570164 520509 254951 232734 900382 
449735 365843 60537 264064 263976 765648 369102 696492 132781 809542 ,449735 365843 369102 132781 809542 322715 281605 225605 482561 521746 
379 532267 716939 724327 493199 81333 833355 69917 392441 720069 ,379 532267 716939 724327 493199 833355 69917 392441 720069 904580 
949595 844826 843695 209142 149323 284236 651060 763888 438547 488453 ,949595 844826 843695 284236 763888 438547 488453 598005 812626 145924 
20398 772881 803430 191974 432207 30656 510786 431591 202862 267140 ,20398 772881 803430 432207 510786 431591 177082 485446 176139 720104 
677267 676931 677128 646715 767070 556755 545582 567000 847255 556543 ,677267 676931 677128 646715 767070 545582 567000 556543 556374 345456 
459913 187512 586870 556620 584574 861635 292485 243512 687520 86792 ,459913 187512 586870 584574 861635 243512 687520 86792 637587 159025 
8083 194038 272854 643832 4803 4958 553096 249209 84583 893687 ,8083 194038 272854 643832 4803 4958 553096 249209 84583 637318 
7437 935787 8569 229821 113229 354589 886706 543701 633958 99249 ,7437 8569 113229 386156 947846 634094 579375 887331 377233 697496 
187627 569340 59272 291879 280788 742987 245720 305256 216030 554603 ,187627 569340 291879 280788 742987 245720 305256 216030 554603 632208 
669607 302248 75563 146857 145655 943060 711653 264198 711264 98831 ,943060 264198 711264 98831 260449 300623 93016 532530 199821 264099 
291401 51057 971606 441664 860735 486636 340722 866622 963446 861072 ,291401 441664 486636 340722 866622 963446 82355 346529 358258 741 
810458 718948 754645 855843 765572 770250 404430 827786 765411 478225 ,810458 718948 754645 765572 404430 827786 765411 478225 827552 903724 
628556 628407 1422 466807 716893 52136 628980 597854 368201 141005 ,628556 628407 1422 516682 244701 494639 160029 537533 708787 634813 
501593 495146 502112 327420 418219 475272 535458 844 880736 496644 ,327420 535458 844 880736 496644 327157 872629 267429 163329 341375 
607599 485326 484618 483970 607273 126917 726511 188861 724993 429845 ,485326 484618 483970 607273 726511 188861 724821 520055 107383 351724 
462600 974778 978169 306019 905821 975555 507493 743610 219583 658684 ,974778 905821 507493 219583 211213 471933 57065 535212 850600 699320 
922323 546289 127981 895941 545635 149461 899164 988047 225513 542414 ,127981 225513 542414 542358 6836 180840 889971 180935 493811 936354 
473107 632282 115876 110277 550409 496962 263120 511758 481617 664492 ,632282 496962 473048 98855 350537 122589 98829 84170 799810 382902 
906624 786794 601298 290248 787026 410651 807854 905815 414317 317273 ,906624 786794 601298 290248 787026 410651 807854 905815 414317 317273 
474111 457528 793867 508007 424278 136956 711997 693956 989183 929530 ,474111 508007 929530 838732 474074 474180 813961 838351 245433 549105 
850283 314764 331897 324398 850205 356068 850225 127454 414324 920675 ,850283 331897 324398 850205 356068 127454 414324 920675 55969 310186 
625567 875227 873771 21458 664512 918177 612525 233503 586905 948353 ,625567 875227 873771 21458 612525 233503 586905 686367 208357 873083 
25333 627861 443690 815080 618832 825613 211751 770046 667293 141920 ,25333 627861 443690 815080 618832 825613 211751 770046 667293 755823 
41308 892503 222458 711178 216292 222216 920017 442758 786094 995973 ,892503 222216 399822 994361 787789 588693 400729 921266 442671 796555 
829825 467373 723891 571242 470427 829984 128432 827830 628830 734503 ,470427 128432 470336 501215 743912 250261 708929 740984 787937 239064 
479152 243778 243675 977909 776536 243375 532414 618692 230906 273373 ,479152 243778 243675 977909 776536 243375 618692 230906 273373 341086 
708056 785577 519270 489229 180983 528430 340167 519484 790838 488269 ,708056 785577 519270 489229 180983 528430 340167 519484 790838 488269 
682290 519514 392097 780552 201011 265289 142726 515320 141341 140865 ,682290 519514 392097 265289 142726 515320 140865 201094 636501 811399 
752929 518787 795598 832318 292128 832081 292074 845478 307050 280243 ,795598 307050 784804 854950 473209 663238 511065 373162 527093 20904 
4457 440896 105025 30046 214475 234950 337194 566609 554601 497354 ,4457 105025 30046 234950 337194 566609 554601 497354 337027 306259 
79298 92350 387331 665513 920830 659318 647389 920204 708540 93933 ,79298 92350 387331 665513 659318 647389 920204 708540 93933 658821 
453808 295381 475696 181579 689565 751193 724663 31877 751748 301533 ,453808 295381 181579 689565 31877 281971 195364 70687 32701 426420 
211558 717412 695711 98815 514486 433399 717468 717628 717559 47154 ,514486 717559 47154 567017 791132 955077 259903 736272 352358 260330 
554051 676686 676830 553814 676046 676860 676412 539553 994376 676314 ,554051 676830 553814 676046 676860 676412 675819 677308 560233 937253 
717104 740716 992634 876855 733390 758592 827761 26187 993420 876899 ,717104 992634 876855 758592 827761 26187 999028 840592 998281 675772 
814483 963686 27542 996363 281508 996544 464216 972502 570141 771023 ,814483 963686 996363 281508 996544 464216 972502 570141 771023 983673 
319400 175499 67318 362697 176617 8338 225273 887179 469572 195694 ,319400 175499 362697 176617 225273 887179 469572 274510 278956 506165 
140476 567211 567282 190776 404735 568593 28076 568234 832459 567292 ,140476 567211 190776 404735 28076 568234 832459 567292 836497 190732 
306591 307785 248932 251064 989442 989040 248046 909844 988784 247913 ,307785 248932 989442 247913 919356 67180 894084 645952 46250 740561 
618645 853662 618863 613166 233862 332268 496570 618699 613698 367559 ,189353 263171 141642 83074 539473 487230 475098 612854 506993 831193 
170699 168445 603724 888000 370661 838766 647107 421648 423649 707225 ,170699 168445 603724 888000 370661 838766 647107 423649 707225 567927 
661807 660371 665607 147165 126057 797777 481955 336348 883250 150850 ,660371 665607 147165 126057 797777 336348 150850 108049 917052 947917 
519634 679323 250015 213452 679140 122449 980853 531692 122526 925829 ,679323 250015 213452 980853 531692 925829 429911 429702 519489 522774 
975068 975605 976113 47558 47564 541676 767221 798391 47568 884905 ,976113 47558 47564 541676 798391 47568 884905 908798 989368 667731 
901937 72848 70608 566007 905112 671160 681668 688771 394643 566069 ,681668 13836 523882 690465 667846 379563 381423 441339 843636 687978 
306595 306099 82677 869408 82102 880043 795241 450039 784845 910797 ,306099 82102 880043 450039 784845 95214 469622 382162 755228 513871 
421264 600679 232308 65884 504816 600804 449192 521881 772192 608213 ,421264 600679 232308 504816 600804 449192 521881 772192 608213 500537 
6046 656849 640111 446676 657016 447319 657925 447218 446176 640887 ,6046 656849 640111 446676 657016 447319 657925 447218 446176 640887 
294104 295786 354498 293605 353921 282565 354623 298850 487116 233440 ,294104 295786 354498 353921 233440 776280 306014 876681 921876 603809 
680377 304583 876709 621871 291290 257119 200799 265077 681252 21286 ,291290 257119 265077 200799 681252 273363 194547 680973 482328 962741 
526936 887599 18390 193664 78581 341388 998504 194679 273495 326551 ,526936 887599 18390 78581 998504 194679 273495 326551 514140 370312 
159904 521775 414463 949033 987742 123786 786582 521071 667781 830607 ,159904 414463 949033 786582 521071 667781 830607 917962 664346 142169 
322496 30109 426838 526373 153082 323015 30331 636833 111924 68449 ,322496 30109 426838 526373 153082 323015 30331 636833 111924 68449 
234460 828280 233973 255508 179814 532427 288777 646681 647127 646865 ,234460 828280 233973 532427 288777 646681 647127 646865 829085 737584 
427267 122915 429887 331345 122754 832908 123064 123683 683939 459623 ,427267 429887 331345 122754 832908 123064 123683 459623 433997 448944 
411577 889425 869763 444598 880429 53293 411633 778710 869671 880228 ,411577 889425 444598 880429 53293 411633 778710 880228 941440 640554 
583380 582168 882820 493122 206652 270930 882911 484058 82890 562278 ,583380 582168 882820 493122 206652 270930 882911 484058 82890 562278 
659157 310803 534079 395670 110032 332480 330692 153656 332455 708518 ,659157 395670 110032 332480 153656 708518 884384 439639 120669 65398 
145713 939352 215442 570858 627718 158040 143492 637001 46766 570902 ,145713 939352 215442 570858 627718 158040 143492 637001 342396 249130 
510751 949454 259505 485948 158848 908789 115527 722375 193188 272004 ,510751 485948 158848 115527 260979 808824 860593 40175 510770 338524 
158266 576547 126854 171347 615190 740703 71701 294404 615309 806376 ,158266 576547 171347 615190 740703 294404 615309 806376 547954 547562 
131319 995924 688333 805308 700819 521494 588304 445488 800176 799702 ,131319 995924 805308 700819 521494 799702 799940 705006 695848 108245 
842562 842411 908357 842754 474531 77383 179928 239919 474511 178644 ,77383 179928 355392 589437 765524 659345 97677 843239 574478 266497 
680227 678604 172543 123226 593304 374554 931754 791989 329428 909920 ,680227 678604 123226 374554 931754 791989 957751 730128 908594 171215 
211768 869829 913590 538626 130734 116474 869909 898703 952299 601708 ,211768 538626 898703 952299 414712 928582 581360 37220 130443 241715 
921228 456293 92422 928634 243545 549462 928739 864288 196123 274939 ,921228 456293 92422 549462 928739 864288 196123 489280 392305 376426 
906331 932476 891519 869050 561580 907026 862083 843596 782226 863049 ,907026 862083 843596 782226 885666 871593 885829 994257 42304 191001 
863645 554156 612749 441686 825976 869610 42579 190565 223784 987373 ,863645 554156 612749 441686 869610 42579 453655 421160 859587 863830 
788040 787949 825553 666861 447180 536252 447473 761537 905877 216240 ,769986 994223 905634 755813 800815 446142 654694 893374 447384 639840 
757619 567105 567346 757972 568389 568255 568300 545407 568363 870887 ,757619 567105 567346 757972 568389 568255 568300 545407 568363 870887 
961859 774775 985026 13443 838047 839346 646185 646755 374108 837886 ,774775 838047 839346 646185 646755 374108 837886 729791 831442 489896 
709694 361304 813180 690194 200014 264292 465249 151855 465688 656209 ,361304 813180 690194 200014 264292 465249 151855 465688 166493 519303 
452404 452289 701647 411586 458228 810582 306773 702272 770212 685795 ,458228 306773 702272 305551 810281 416654 307868 770131 216560 631052 
105799 107349 105911 634450 921206 72721 921494 749721 597830 62716 ,634450 921206 62716 711049 14409 701443 194399 130355 629341 224356 
57557 53358 693705 56427 489613 42450 6831 57592 637288 624805 ,57557 56427 489613 42450 57592 637288 51392 807489 701336 53472 
353488 69092 460426 301424 459123 453573 8338 292181 459249 453118 ,460426 301424 69372 749790 459446 467813 430618 188507 292469 888288 
244810 997060 254882 602702 601937 324861 484668 860977 460630 119636 ,244810 997060 254882 602702 484668 460630 119636 860883 510685 673106 
340605 344277 340778 341344 30153 307190 326069 307346 601931 248591 ,340605 344277 340778 341344 30153 307190 326069 307346 248591 217592 
539947 221165 220970 210470 934446 565219 934468 242974 918663 282770 ,221165 220970 210470 565219 934468 242974 282770 722018 844132 248683 
363802 385144 380724 223552 12652 680477 307997 863469 505490 871606 ,363802 385144 380724 223552 12652 680477 307997 863469 505490 457943 
941700 410066 947977 493208 226847 379628 362200 931900 749130 728684 ,941700 410066 947977 931900 749130 727848 389640 929182 890248 490309 
88511 224409 348535 60844 627488 377106 514801 695896 705497 876257 ,88511 627488 696190 129466 596527 805810 679546 544061 695900 256856 
491574 807927 808187 731395 92885 599342 847827 471850 182666 257179 ,807927 808187 731395 92885 599342 847827 471850 182666 257179 960803 
320967 198800 277616 199535 278351 494050 719063 951409 685879 371483 ,320967 198800 277616 278351 199535 494050 719063 685879 575547 241608 
194897 690061 269300 452099 989445 333322 741591 989255 314114 255091 ,194897 690061 989445 989255 314114 255091 194944 340563 315936 457879 
209373 195550 274366 14745 965790 330545 426206 210141 867881 182701 ,14745 965790 182701 870769 909691 684587 845048 529204 331653 122832 
903072 70474 903027 971448 70552 990215 798411 171819 821038 192727 ,70474 70552 798411 171819 821038 192727 271543 72122 821073 194481 
421778 663480 548596 297293 925349 28326 924095 356177 109050 301326 ,421778 663480 548596 297293 925349 28326 924095 356177 109050 846019 
951845 460244 786018 785478 750159 994433 495680 280156 583731 539847 ,951845 460244 786018 785478 994433 495680 583731 325145 327817 22123 
795988 477954 476944 693598 558542 411802 864576 295480 685361 475780 ,795988 476944 693598 558542 411802 864576 295480 685361 54639 153303 
262593 262085 233481 151596 451456 17575 439610 16735 476709 16871 ,262085 233481 451456 476709 16871 823751 426326 511603 760333 232856 
450214 156405 487735 514460 805524 61539 63158 62760 488630 494879 ,450214 487735 805524 61539 63158 62760 488630 494879 254373 514738 
293380 401583 697784 486592 261706 720590 754741 720609 151144 158401 ,401583 720590 720609 158401 485895 754549 964909 113907 748000 567760 
558134 655234 422942 37002 973887 831572 650916 831761 218854 217975 ,558134 655234 422942 37002 973887 831572 650916 831761 218854 654830 
986120 766832 594148 561868 225735 396931 877184 884435 396906 561928 ,986120 766832 561868 396931 877184 396906 561928 412665 182154 636451 
765483 765800 765992 374103 374123 374090 765982 833082 828125 765358 ,765992 374123 374090 375696 281498 869835 821750 374551 469091 374283 
207136 740649 558774 901497 50075 379086 996575 6823 920571 400763 ,207136 740649 50075 379086 996575 920571 400763 753643 996704 83383 
190811 190789 718257 190880 449277 544771 558600 447629 191007 558607 ,190811 190789 718257 449277 544771 558600 447629 191007 558607 190802 
464389 13250 784992 911958 932989 515885 435344 226586 823162 553675 ,464389 13250 784992 911958 515885 435344 226586 823162 553675 554111 
582909 614833 771746 374305 757689 116456 819 778048 996559 987881 ,582909 771746 374305 819 987881 993519 452021 987332 617471 188660 
361658 358160 721662 341469 307577 337257 308450 290780 286334 287801 ,361658 358160 721662 341469 307577 308450 286334 287801 988340 133349 
283168 892912 942617 439553 949108 948704 23270 133262 892878 942228 ,283168 892912 942617 949108 23270 133262 892878 731293 741108 166665 
450256 226931 650362 939036 939559 15815 332503 498118 542145 557275 ,450256 650362 498118 899503 408469 266537 15745 807359 777192 205288 
797048 795912 466940 512374 179126 600086 736379 706725 747161 1858 ,797048 795912 466940 179126 600086 736379 706725 1858 735842 747019 
556948 604048 284252 609785 663012 406297 147091 19047 106957 130596 ,147091 106957 145853 167703 17441 392825 752774 625004 864241 518047 
236745 236277 235660 146675 145264 574114 512998 986813 522744 620433 ,236277 146675 145264 512998 522744 620433 591062 841081 336450 142841 
544220 603419 389073 838694 525338 82953 522254 30010 71622 294929 ,544220 603419 389073 838694 525338 82953 30010 71622 294929 89797 
838176 873152 898522 154391 873857 537337 866181 794284 10250 867326 ,838176 154391 873857 537337 10250 875373 963762 715469 88578 902756 
876481 406879 929132 224710 564079 929470 930435 207750 920538 823156 ,224710 564079 930435 560907 563997 102130 741971 208242 385783 224939 
777051 113299 777054 238871 1222 239575 610924 727861 794370 228719 ,777051 113299 777054 238871 1222 239575 610924 727861 794370 228719 
84264 630040 522583 87019 503776 299130 972593 318710 596910 89774 ,84264 522583 87019 972593 318710 89774 44376 435524 961130 842823 
784380 521046 521051 60379 183024 928981 346822 496444 551860 59700 ,928981 494410 325404 841787 92813 65232 742411 495099 217210 742260 
895175 820234 131519 674795 966221 115378 674095 674543 972862 972453 ,820234 131519 966221 115378 674543 972862 972453 534461 463520 463619 
660400 408837 539469 561589 614693 208783 663888 895623 663583 876746 ,660400 208783 663583 876746 670446 838724 665505 658809 222709 961071 
424144 424345 377897 471708 438544 246368 639732 669318 642934 216496 ,424144 424345 377897 471708 438544 246368 639732 642934 216496 939962 
905414 824267 824208 542304 946968 15266 893087 13183 919042 542321 ,905414 824267 542304 946968 15266 893087 919042 542321 940606 207618 
899164 466954 562629 922150 899194 902472 562898 899315 901663 899840 ,562898 502789 63150 857481 573101 901841 227235 604275 934318 868167 
478104 478252 811014 478364 477375 54044 62664 476979 790632 823882 ,478104 478252 811014 478364 477375 54044 62664 476979 790632 823882 
916293 224648 915695 921716 916240 133154 440495 828845 216984 218019 ,916293 921716 133154 440495 216984 218019 704122 961796 606181 65821 
544763 727181 725285 506989 818237 722910 506451 228613 724988 247694 ,725285 228613 724988 247694 722916 18174 311287 620601 841542 233746 
951693 870582 473277 895599 895163 45893 672503 813797 895307 441273 ,951693 870582 473277 895599 895163 45893 672503 813797 441273 594531 
522229 20180 867907 14080 710638 908257 13630 110168 908744 913427 ,710638 690764 518767 886909 10804 930520 972739 865040 728245 977299 
993981 38685 412991 50650 640037 50659 558419 814426 895950 56234 ,412991 50650 640037 814426 895950 856161 686231 558410 850842 5172 
350008 328046 695733 969775 349466 877836 184032 877972 599993 324451 ,350008 695733 969775 349466 877836 184032 877972 599993 324451 37370 
645704 646149 645721 645877 646521 391322 753300 391593 9212 157794 ,645704 646149 645877 391322 753300 391593 9212 157794 921593 920363 
836023 337332 628647 834727 859626 835538 87682 247669 181622 681336 ,836023 337332 628647 859626 87682 247669 181622 681336 378741 251265 
914239 181013 462483 381358 281172 819849 796 324294 31727 449890 ,914239 462483 324294 45772 280311 132146 449879 610231 137220 119913 
926244 825248 802322 210694 602988 925848 791767 665910 899565 985557 ,926244 825248 802322 210694 602988 925848 791767 899565 577372 801849 
761546 315566 816077 815785 874256 71585 938133 937877 674028 815930 ,761546 315566 816077 815785 71585 938133 937877 674028 815930 548058 
197780 276596 195975 274791 924208 516971 196287 275103 455564 926570 ,276596 196287 926570 504133 240963 284266 276477 197661 17210 256305 
357855 300394 122897 174628 703725 558344 791144 248812 116987 599468 ,357855 300394 122897 174628 248812 83834 792131 161052 82292 531298 
399022 943375 613290 613859 612686 612178 612529 389225 460279 100650 ,399022 943375 613290 613859 612529 613286 109446 612219 147561 370211 
299777 60330 780856 578704 628521 668497 405978 998782 629161 317008 ,60330 780856 578704 628521 668497 405978 998782 317008 998368 669263 
227632 883479 228186 930573 899096 205936 270214 583878 703037 206317 ,227632 883479 930573 270214 205936 583878 270595 58901 535244 988903 
526745 524927 366981 571457 904256 662879 165438 452370 232270 260595 ,526745 524927 571457 904256 662879 452370 232270 662743 364058 685626 
554238 554055 520777 996839 925334 207532 334405 205026 269304 994291 ,554238 554055 520777 996839 925334 207532 334405 205026 994291 270136 
673377 666818 824683 673873 673027 447161 539681 448085 448175 539669 ,673377 666818 824683 673873 673027 447161 539681 448085 448175 447484 
157006 92598 792891 686593 129993 720259 69832 534839 717515 393582 ,92598 686593 129993 720259 69832 534839 717515 13214 91373 726893 
787992 768135 788108 37759 38805 38797 793183 767910 767895 37669 ,787992 788108 38797 767895 37669 558521 768081 767883 216519 797077 
833230 840245 986179 223910 800817 603552 888353 834026 365342 11237 ,833230 840245 986179 223910 800817 888353 834026 11237 830564 438877 
537652 346467 329393 437574 664379 936313 208715 860975 861324 632988 ,329393 437574 664379 936313 860975 861324 632988 680262 450900 337789 
936076 653223 565892 664797 653725 193458 272274 545503 862907 309955 ,936076 565892 664797 193458 272274 17225 967724 966208 757739 7008 
457542 457863 622069 808331 808227 808410 836571 808195 13679 473610 ,622069 808227 808410 836571 808195 13679 473610 663302 720375 499502 
365008 261621 246702 823278 787975 246906 557110 341164 573024 788038 ,365008 261621 246702 823278 787975 246906 557110 341164 788038 503335 
9292 761092 372135 269575 202792 267070 688011 372772 665961 399950 ,9292 372135 269575 688011 372772 665961 486538 579942 700984 360292 
390625 390312 296646 238016 527884 509324 548771 549264 615200 242572 ,390625 390312 296646 238016 527884 509324 548771 615200 339679 534677 
967215 220509 764551 78691 312040 363585 870471 682334 682347 175742 ,220509 78691 682334 175742 221500 337726 510761 513279 79079 74238 
177873 292977 391772 527843 174857 255783 449470 534067 351830 431187 ,177873 292977 391772 527843 174857 255783 449470 359354 540900 246551 
110978 961953 325355 633165 234835 78939 171423 802949 518247 355125 ,110978 961953 234835 78939 171423 802949 518247 355125 929949 458727 
187665 565895 187677 379602 503140 679457 187634 938771 937907 187737 ,187665 379602 503140 679457 187634 938771 937907 187737 225656 711939 
931761 936494 740488 693309 740912 738544 245813 904169 407848 393093 ,931761 693309 740912 738544 245813 904169 407848 393093 932517 699742 
923741 564925 228093 765891 974477 148371 120345 849781 873980 108153 ,923741 564925 765891 148371 849781 108153 404947 315083 993298 783573 
517299 514390 514256 575074 517300 587327 157829 867047 514511 542436 ,517299 514256 575074 517300 867047 514511 542436 517440 720299 411774 
563448 704153 361989 348076 222009 507726 347386 349217 683077 795812 ,704153 361989 683077 422416 645045 86668 350126 271598 412230 88285 
926039 708466 417299 998615 739372 417310 737112 489955 926258 997654 ,708466 998615 739372 417310 737112 489955 926258 997654 635615 737006 
369109 17187 416700 314277 416117 210408 210097 918172 242210 893664 ,17187 416700 416117 210408 918172 242210 851096 107183 480852 562768 
85443 60131 748373 90887 88738 26515 511357 469641 92026 748716 ,85443 748373 90887 26515 511357 469641 748716 821941 547230 815067 
862092 541740 870429 540452 713908 423658 38736 38034 191144 913866 ,38736 38034 191144 191062 423669 540462 191881 581279 755795 211622 
833526 512049 231240 632657 299638 225309 325821 623261 69176 391064 ,231240 632657 623261 69176 391064 553008 595371 483602 694258 151821 
480326 982648 43368 490842 282585 44719 608001 42890 621023 329461 ,43368 44719 42890 621023 17993 212193 92825 294172 25956 618668 
726777 180096 82129 664152 58984 518048 59053 516612 516795 516798 ,726777 82129 664152 58984 518048 59053 516612 516795 516798 549444 
452972 741074 738729 929535 845140 302172 811107 595157 209255 78947 ,452972 741074 738729 929535 302172 811107 595157 209255 13159 302733 
461099 814584 814811 814642 46476 828110 814670 814684 993147 616894 ,461099 814584 814811 814642 828110 814670 814684 993147 692916 864389 
193460 982246 982328 48960 902987 76882 563303 57773 826416 935410 ,982246 48960 902987 76882 57773 935410 67403 893033 192880 193979 
482842 633218 145703 595836 636667 221208 93879 380232 595071 748529 ,595836 636667 221208 380232 595071 440488 595515 747602 221941 679314 
725395 239535 480256 405333 468094 962142 786224 230157 931134 98407 ,725395 239535 480256 405333 468094 962142 786224 98407 75286 342808 
740528 740458 738835 718889 746952 812102 746732 851138 827229 744427 ,740528 740458 738835 718889 812102 746732 827229 744427 42337 106226 
2556 292287 292056 514739 514839 480577 118772 574621 494573 278884 ,292287 514739 514839 480577 494573 822005 279884 238074 515886 690915 
641753 640473 641169 640403 642692 642832 642689 640211 39737 640809 ,641753 640473 641169 640403 642692 642832 642689 640211 39737 640809 
436370 40207 488557 520590 471431 62819 175272 463353 250297 729278 ,436370 488557 62819 729278 803078 516939 731688 681359 679502 274565 
64694 711080 694612 154056 586268 204972 269250 541762 168581 182651 ,694612 154056 586268 204972 541762 41108 525238 70114 574648 192450 
893028 483500 483336 31523 766012 937391 396812 596141 667943 957750 ,766012 667943 957750 935900 957556 844725 260498 988976 864245 250397 
322411 23972 305104 94323 708748 297934 920599 451800 190534 524997 ,322411 23972 305104 94323 708748 920599 451800 190534 524997 83996 
228231 10414 10219 911360 959384 833349 237526 371849 833503 238168 ,10414 833349 237526 371849 833503 238168 16138 228057 631974 369223 
917764 538853 970394 258711 650758 665737 960534 837858 961862 354777 ,258711 960534 961862 837908 373931 758594 971124 104179 837763 759330 
326755 326835 257594 256233 290146 335978 330437 328664 303524 334110 ,326755 326835 257594 256233 328664 295069 231100 936175 370011 137660 
132086 427636 329718 68062 327945 580823 343675 154143 582083 415243 ,132086 427636 329718 68062 327945 343675 154143 582083 415243 152999 
511047 364684 541536 561344 556705 402741 621915 782823 19605 573773 ,541536 561344 556705 402741 621915 782823 19605 397357 613715 395372 
8825 807683 84825 84157 57297 381144 260607 397268 266655 770374 ,807683 84825 57297 260607 397268 266655 770374 384898 414932 514937 
76803 76915 384195 4199 285034 288954 450163 717504 717032 429032 ,76915 384195 4199 285034 288954 450163 717504 717032 429032 8686 
854371 992052 999427 552962 543329 777313 639941 905587 795101 799790 ,854371 552962 543329 777313 639941 905587 795101 607966 869371 655235 
100333 99735 23537 155285 256209 153378 157604 307835 515828 248870 ,100333 99735 23537 256209 153378 515828 248870 249756 601667 99675 
50632 54434 415648 8103 73069 535599 536956 379159 559023 911649 ,50632 54434 415648 8103 73069 535599 379159 559023 911649 375886 
816760 141878 710122 113875 68890 516016 99085 84055 114052 68908 ,816760 113875 68890 516016 99085 84055 114052 68908 51283 664959 
391939 840928 236938 397600 545320 236965 391907 168091 487129 58573 ,391939 840928 236938 397600 545320 236965 168091 58573 391061 143032 
57260 198723 277539 920760 966627 311093 422056 387455 89352 229816 ,57260 198723 277539 966627 311093 422056 387455 89352 229816 287013 
970271 707978 76005 206209 303647 889996 565361 380651 316803 337331 ,970271 707978 206209 303647 337331 627831 869023 521146 560982 935762 
298616 514541 514894 967774 941823 720113 294916 523312 384792 948799 ,298616 514894 720113 294916 523312 384792 948799 253166 361894 367156 
543192 855681 855932 645242 645133 361056 880039 378324 653697 541883 ,855681 880039 378324 653697 239092 603050 654492 247830 848774 543164 
201893 266171 367023 466134 338058 172201 721554 366949 376334 453198 ,201893 266171 367023 172201 376334 244442 587894 238183 708590 232300 
988129 760865 988618 972373 312031 777968 684063 715751 717810 789310 ,988129 972373 777968 789310 945807 615919 872249 390779 670066 751477 
762608 207672 213872 825329 789401 642480 642074 642099 605212 473797 ,207672 213872 825329 789401 642480 642074 642099 605212 478240 789070 
73731 467412 337875 180008 337056 71551 180048 470690 599091 64405 ,467412 337875 180008 337056 180048 470690 599091 64405 516102 859960 
180098 465402 114434 951449 228239 574936 179622 736473 301424 717305 ,180098 465402 114434 228239 736473 188780 238783 243897 733059 343447 
928047 1090 755681 638111 583762 207174 139426 80807 55312 249481 ,1090 207174 80807 819213 869294 238334 414761 414731 267480 957356 
722476 722070 681493 977659 917912 665367 773706 366369 308980 774080 ,681493 917912 665367 773706 774080 530688 30246 328528 533525 36818 
477574 474867 477653 477757 6569 475178 478973 474639 768851 379617 ,477574 474867 477653 477757 6569 475178 478973 474639 379617 678683 
342761 987146 987248 987276 91036 92631 257495 326964 258150 118421 ,342761 987146 987248 987276 91036 92631 257495 326964 258150 323551 
250986 730006 80594 161910 224086 843200 224725 435866 748719 250374 ,250986 730006 80594 161910 224086 843200 224725 435866 748719 250374 
370980 295801 967632 943357 776035 949345 949997 404750 943659 556972 ,370980 295801 967632 943357 949345 949997 404750 943659 556972 971489 
989525 776524 617517 775982 303926 115749 532737 694930 287270 868853 ,989525 776524 617517 775982 303926 115749 532737 287270 868853 189772 
224648 211726 705107 704122 211555 366282 550383 375364 746288 126202 ,705107 704122 746288 351978 550871 866132 416997 63138 703678 249851 
422188 121692 792020 608699 502567 204889 269167 439236 436368 608796 ,422188 792020 502567 269167 439236 130544 49346 519698 432643 289197 
464215 340703 123420 328207 734225 710833 328922 519490 523705 658855 ,464215 340703 123420 328207 734225 710833 328922 523705 230185 284499 
525828 95359 326467 493268 492510 661729 890057 44319 172556 321731 ,525828 95359 326467 493268 492510 890057 44319 172556 321731 734998 
171008 547772 708907 737334 741143 263005 709019 460607 866894 743207 ,171008 547772 737334 263005 709019 460607 743207 751828 321250 168878 
421480 430806 298141 337227 421106 910964 353057 566488 566520 446522 ,421480 430806 298141 337227 421106 910964 353057 566488 566520 446522 
828364 827244 576829 840814 828151 773753 951373 833932 952270 340097 ,828364 827244 576829 840814 828151 773753 951373 833932 952270 340097 
970743 614375 409125 105870 713188 109312 877873 777398 971878 962365 ,970743 614375 409125 105870 109312 877873 777398 962365 777402 223041 
625427 744889 856393 741286 335628 839133 546102 132469 317117 856626 ,625427 741286 317117 336455 519940 931713 289937 316484 593870 565866 
757873 82242 351480 248186 95525 63181 82047 515510 281025 89717 ,757873 82242 351480 248186 63181 82047 515510 281025 89717 92478 
573882 574410 337587 809411 560856 535759 906233 563963 660412 340275 ,535759 340275 560923 534489 534452 667028 674054 637862 973565 40780 
853752 302138 361196 853495 728236 359590 585018 319169 584368 259914 ,853752 302138 361196 853495 106910 400218 933331 527497 114958 300546 
373544 373536 373537 373610 373498 373635 373494 373565 965934 373578 ,373544 373536 373537 373498 373494 373565 965934 373578 39736 717377 
850922 340338 850977 355619 303636 914256 883262 883435 847945 82616 ,850922 340338 850977 355619 303636 914256 883262 883435 82616 698053 
814404 809990 476886 412533 467725 355151 280462 355543 57236 479199 ,814404 476886 412533 467725 355151 280462 355543 57236 479199 754865 
638206 829355 132473 916325 446715 643399 638367 848546 638025 216905 ,638025 24387 195754 274570 514691 219652 354207 718965 914654 428835 
822177 851000 795336 444935 641144 799599 799393 856412 444552 851586 ,444935 799599 856412 892493 880997 444646 444923 668446 443873 826021 
968620 575800 66038 303003 799904 329554 283246 290175 749830 876764 ,283246 749830 759652 331616 478942 139176 232119 236798 366039 137906 
696572 165045 965307 150517 697607 164963 166667 17615 118601 822418 ,696572 965307 150517 164963 166667 118601 986031 986073 431348 985984 
909225 891351 649565 192416 791815 648621 192363 983923 654719 650881 ,909225 891351 649565 791815 648621 192363 983923 650881 653953 616618 
401891 402322 865908 993102 777623 54065 777415 74942 70640 259446 ,401891 402322 865908 993102 777623 54065 777415 70640 259446 864198 
627489 332279 332833 183024 876071 624129 138121 691474 395572 624467 ,876071 624129 138121 395572 347781 751621 136578 169638 706632 556868 
93194 90573 995111 921210 979829 851888 985438 880669 443009 905414 ,93194 90573 995111 921210 979829 851888 880669 443009 905414 985376 
596232 779705 828809 828937 594894 828570 603051 538283 231552 976995 ,603051 538283 586671 206620 685679 991700 810837 103428 25920 167395 
928139 681636 783548 610032 609827 728569 516738 370105 71154 516195 ,681636 610032 609827 728569 516738 370105 71154 516195 713008 511755 
120477 117073 117495 519451 511414 602806 301653 88580 327114 352234 ,120477 117073 519451 511414 301653 88580 300551 170267 159752 4872 
98138 608086 264576 824820 608508 98473 813642 844731 824566 315554 ,98138 608086 264576 824820 608508 98473 813642 844731 824566 315554 
425106 208108 208194 91777 727072 525797 695729 726231 823228 425520 ,425106 208108 208194 525797 695729 726231 425520 65554 795647 707866 
754064 134251 999523 755040 189213 189177 423742 423701 753972 189179 ,134251 999523 755040 189213 189177 423742 423701 189179 298298 558387 
332553 331668 762379 548693 180412 371381 346379 661141 901641 388448 ,762379 548693 180412 371381 346379 901641 174256 578794 343354 762170 
376183 78620 349283 972136 178003 557917 25283 234594 711367 927715 ,376183 349283 972136 25283 234594 711367 927715 932741 240568 128288 
931420 392997 396946 396991 864461 431277 930503 799157 400629 376295 ,930503 799157 589388 286878 342577 347335 683019 830777 982883 683023 
683351 30940 967934 968036 365258 909952 505110 183187 750847 201348 ,30940 505110 183187 265626 506205 626456 578589 32271 534908 201905 
519719 488413 656691 497208 628082 53737 7462 743688 53616 820912 ,656691 497208 53616 820912 656268 107328 224012 708985 516542 675743 
899050 572875 899010 899027 16842 931087 879953 719281 669848 719152 ,879953 719152 879712 879961 719153 871687 837933 719280 572839 842293 
2322 793416 700373 226518 400771 378225 164061 403935 533785 525381 ,2322 793416 700373 226518 400771 378225 403935 533785 525381 792552 
737039 488705 237104 236915 733636 356323 629193 395320 184847 705679 ,488705 237104 236915 733636 356323 629193 184847 705679 744734 340610 
306621 254569 86471 511707 254252 304498 151488 324114 324609 94709 ,306621 254569 86471 511707 254252 304498 324609 94709 254819 547187 
492598 517248 123788 517060 871362 871419 522185 517552 329177 366790 ,123788 517060 871362 871419 517552 430435 332265 234727 182458 463831 
51852 414762 623568 666194 414732 601361 1091 136285 984919 743522 ,414762 601361 51930 266179 201901 415014 111444 347988 866364 297834 
833924 430187 834647 790375 503128 833381 897268 163683 297671 508568 ,833924 790375 508568 604219 961970 47035 786911 452390 164458 561524 
521160 809331 521099 808949 639431 812472 812532 779687 411013 59394 ,521160 808949 812472 411013 59394 639059 667147 50340 755242 753871 
223949 223904 598853 883157 198545 277361 956195 842014 986252 210615 ,598853 198545 277361 986252 210615 225300 996925 931606 840150 842132 
973436 808845 825856 973294 826204 671084 764928 541584 996649 26448 ,973436 808845 825856 826204 671084 541584 996649 26448 846577 443542 
798108 574365 457913 803579 418094 593063 692176 471093 507779 313737 ,798108 457913 593063 471093 507779 313737 22500 111647 729398 238227 
200731 265009 66733 107787 154735 494949 255487 366756 940764 943191 ,265009 200731 66733 107787 494949 255487 366756 943191 805413 287869 
887710 583039 887153 11601 918403 956895 83352 617443 207120 10832 ,887710 583039 887153 11601 918403 956895 83352 617443 207120 10832 
882147 667299 376985 467326 406067 449002 768134 795877 553860 383289 ,795877 553860 383289 761457 761239 468854 568988 221266 353580 655445 
797075 700998 385941 687613 940376 698153 693660 386321 693748 521795 ,797075 700998 385941 687613 940376 698153 693660 386321 521795 469340 
593665 77368 185302 888058 79164 887517 135047 170975 853676 77998 ,185302 79164 170975 853676 77998 74053 69983 225164 242481 696375 
935638 183899 181991 706397 958454 598192 958016 707260 498158 552148 ,935638 183899 181991 706397 958454 598192 958016 707260 498158 552148 
983491 584224 245332 139770 976760 87631 325241 88674 296168 933753 ,584224 245332 139770 325241 88674 296168 759281 333380 196582 309430 
343833 356322 358916 563188 339100 340837 497695 489386 315196 503200 ,343833 358916 563188 340837 497695 489386 702517 113453 353720 565491 
830724 636648 417704 562766 381353 668298 364147 745867 224275 670886 ,636648 562766 381353 668298 364147 745867 224275 670886 212404 592474 
423247 415447 215028 258070 214928 662704 336745 742228 208898 278740 ,423247 415447 215028 258070 214928 662704 208898 278740 379569 806147 
748640 583608 843752 69993 364230 485328 69568 502624 162363 12400 ,843752 502624 162363 12400 827775 460483 250567 697700 193772 246595 
675632 762643 905598 401961 674635 975269 911221 234186 764081 985701 ,675632 762643 905598 401961 234186 907946 829587 139230 985043 905363 
253934 182487 460171 800994 855079 488433 295176 414336 316455 875504 ,253934 182487 460171 800994 855079 488433 414336 316455 875504 187298 
196008 274824 394171 393738 185594 405766 872514 186006 195999 274815 ,196008 274824 195999 394124 590810 864871 75449 966574 798821 466030 
969567 829420 860812 825126 803349 793694 970166 860995 922230 763778 ,824969 556206 954064 27140 113903 191077 961611 247486 964190 498735 
944347 66636 92715 225325 68212 224604 226959 110188 225470 135737 ,66636 92715 225325 68212 224604 226959 110188 225470 135737 715405 
255414 868038 607098 600556 483159 11837 974799 12824 11331 255768 ,255414 868038 607098 600556 483159 11837 974799 12824 255768 607483 
483311 706653 943069 692359 177590 200046 264324 441576 513738 404782 ,706653 943069 177590 264324 200046 441576 513738 404782 86974 806470 
919342 480184 201637 265915 480099 227101 869999 181451 379417 253259 ,919342 480184 265915 480099 227101 869999 379417 253259 480293 864621 
204953 269231 203846 268124 236011 607867 525857 201847 266125 174295 ,204953 268124 203846 236011 607867 525857 266125 201847 174295 608148 
660305 744970 739310 315102 891911 85519 479030 454213 415314 469908 ,660305 744970 739310 315102 891911 479030 454213 415314 629283 807187 
34729 33486 859679 706494 123436 72752 939198 788064 20091 116484 ,33486 123436 788064 116484 706114 554733 172059 785339 294263 489706 
842758 705144 915417 902194 566367 741911 622897 689801 893610 842189 ,842758 705144 915417 566367 622897 893610 842189 916294 560793 964305 
384588 884302 791498 884333 854579 884341 920066 889649 941404 995505 ,384588 884302 791498 854579 920066 671003 601611 695137 257224 921295 
375435 261053 927501 312423 543305 149889 309327 843327 952866 484511 ,375435 261053 927501 543305 149889 309327 843327 484511 540170 540384 
154077 462416 617709 284004 51457 541360 560452 861010 40993 362554 ,154077 462416 541360 40993 384449 864176 707487 62459 19776 475043 
747906 695100 2903 406479 120067 232441 696425 3584 705639 580956 ,747906 695100 406479 232441 3584 580956 799869 981815 335179 683862 
554873 554722 554706 466607 213511 91479 606908 23725 549916 442370 ,554873 554722 554706 466607 91479 606908 23725 442370 287436 978526 
9929 113576 559529 627979 559501 755534 468826 847959 673836 468828 ,9929 113576 627979 559501 468826 847959 673836 468828 710759 823568 
86665 263709 232460 720042 263462 232587 503479 322096 280200 379434 ,86665 232460 263462 503479 280200 352455 236924 95047 281018 59580 
118551 840974 686651 17957 225484 130984 459132 804449 382341 119429 ,118551 840974 686651 225484 459132 382341 119429 580110 550700 214426 
484453 652167 856565 390155 881004 843213 601844 834252 385233 89484 ,652167 856565 390155 881004 843213 601844 834252 89484 626691 881327 
834807 58279 609593 291227 522518 670752 834187 861248 246105 229236 ,834807 246105 229236 678077 960281 996617 671620 837068 919927 235860 
940933 22461 598044 481026 610795 520216 664791 205370 269648 482238 ,940933 481026 520216 269648 520266 523706 828467 753232 94455 172280 
151176 490524 151187 79494 563904 90003 68575 157716 86177 554600 ,151176 490524 151187 79494 563904 90003 68575 157716 86177 210914 
647923 649613 648528 655159 650829 650031 655095 801708 653976 693712 ,649613 650829 650031 655095 653976 693712 647282 651922 769676 657634 
779309 342317 685279 781390 263573 504985 356923 781199 238542 354803 ,685279 263573 504985 781199 238542 314878 531262 355569 338708 746409 
178698 251264 252428 219647 167744 622307 140332 954910 346588 833620 ,219647 622307 140332 833620 219906 963585 834186 761318 487193 244887 
795754 512406 3756 132680 906130 192238 522141 511396 86613 192293 ,795754 512406 3756 132680 906130 192238 522141 86613 376787 3245 
412881 322024 367096 413322 412414 32594 394410 412802 850372 32157 ,412881 322024 413322 412414 32594 412802 32157 486691 351856 909863 
611791 233904 659276 252578 561846 659414 133074 953813 566808 233572 ,611791 233904 659276 252578 561846 659414 133074 233572 330458 621406 
929978 54932 719783 549586 448699 884304 701998 913026 884563 149551 ,54932 719783 549586 884304 701998 913026 884563 149551 732544 189379 
6665 6681 296214 412788 572226 100404 831737 472565 875921 471596 ,6665 6681 412788 572226 100404 831737 875921 471596 619355 889316 
806623 927 413843 801926 681504 435287 530327 461115 486492 182354 ,806623 927 413843 801926 435287 530327 461115 486492 904693 376248 
756721 319699 257118 132200 319192 590775 674503 486943 255809 134119 ,756721 319699 257118 590775 486943 134119 288830 676837 175576 855609 
962786 315169 258675 210208 970746 605810 335218 93964 462887 57829 ,962786 315169 258675 210208 57829 312426 91051 734558 298244 702135 
365129 633380 73181 503274 3919 549676 663188 94242 354590 79576 ,94242 200338 714490 376788 714113 455720 143447 140151 568242 499026 
416668 987828 540458 980132 930763 979259 68808 919646 634923 930580 ,987828 540458 930763 979259 919646 634923 930580 122235 51286 58979 
513503 85461 261730 664644 528614 719417 226292 503027 182541 314720 ,513503 261730 302118 281670 961876 86999 273656 962257 439665 197884 
709765 97361 561630 58187 96679 97174 709773 58256 664799 58197 ,97361 58187 96679 97174 709773 58256 664799 702863 190772 98188 
821979 821954 234038 234342 36751 233082 874494 115366 233323 803985 ,821954 234038 36751 233082 874494 115366 803985 875593 497698 555043 
198771 277587 198221 277037 367663 216946 943804 473512 831550 926551 ,198771 198221 367663 216946 943804 473512 926551 949961 616695 503625 
890467 941078 804574 946977 890861 805157 541662 546678 804830 890879 ,890467 941078 804574 946977 805157 541662 804830 768169 846777 627808 
937351 919297 181459 730709 506544 853651 662480 484984 180860 480489 ,937351 919297 181459 730709 506544 662480 180860 843532 842449 544920 
889887 43962 889415 999168 882758 671397 44075 47755 932741 670848 ,889887 43962 889415 999168 882758 671397 44075 47755 932741 670848 
230782 231330 439398 524350 514938 700770 921971 659578 241667 659770 ,524350 514938 700770 921971 659578 659770 608979 823113 164068 370475 
535432 981731 535441 889258 244135 440909 244564 12478 245484 708066 ,535432 981731 535441 244135 440909 245484 708066 536374 360550 837713 
790301 901096 86811 560689 897149 789923 417815 418096 849181 247237 ,790301 901096 86811 560689 789923 247237 839815 793399 747280 559243 
158813 730948 456492 867639 876976 885895 456115 560810 226179 877074 ,158813 730948 456492 867639 876976 885895 456115 560810 226179 877074 
850807 850954 120994 179694 625128 924689 345418 651486 702664 776600 ,850807 120994 179694 625128 702664 776600 748444 395669 906856 359466 
22842 481263 949291 911494 923707 571644 969156 255262 99149 854167 ,22842 949291 911494 923707 854167 608771 911593 117507 574631 663905 
826004 799389 987597 830944 104974 824176 672427 853978 615076 672658 ,826004 987597 830944 104974 824176 853978 615076 905347 380129 859311 
899488 358128 19271 877623 313757 473441 899895 877841 227024 408944 ,899488 19271 877623 313757 473441 227024 408944 473404 153343 307669 
544418 960240 500408 306971 689338 603395 517040 678432 544547 306524 ,500408 306971 689338 603395 678432 544547 960455 468729 684873 232699 
649606 545702 957536 647117 895084 545814 675214 650374 895194 895438 ,647117 650374 895194 895438 996834 923933 997886 923780 26448 853229 
899732 480127 905691 602317 899775 53755 957356 708998 261095 413005 ,905691 767980 476365 768024 54953 477408 191253 604032 672469 862019 
556089 555396 556201 555692 237406 555554 287727 519867 915782 556239 ,555396 556201 555692 237406 287727 915782 933666 225630 887361 590139 
75125 254943 58244 198638 472843 254605 832899 451066 356274 958031 ,75125 254943 198638 254605 832899 62980 506366 406604 397823 449967 
186698 724909 252422 615081 363685 614989 724682 694247 178817 949405 ,186698 252422 615081 363685 614989 694247 396963 806179 251993 430768 
439059 399262 633042 402906 463083 791384 398488 716410 874707 85340 ,402906 874707 270866 956444 784713 29066 536516 807681 222157 774895 
965059 684481 566983 811989 168623 414820 188820 168949 152830 155712 ,684481 566983 811989 168623 414820 188820 168949 152830 528152 347533 
546072 545950 69885 546260 386959 969008 966411 966916 478713 214355 ,546072 545950 386959 966411 966916 478713 65070 475097 809486 515004 
14999 15796 871792 290675 887050 628359 290029 707120 805753 520431 ,871792 896785 866567 805981 871421 887239 95668 874280 862322 783362 
688322 814861 872673 712589 808382 96666 698105 824195 96168 792367 ,688322 814861 96666 807563 410586 424915 46898 863669 540096 814844 
151991 105494 170207 105409 304202 520415 528666 633207 365973 466211 ,151991 105494 170207 105409 520415 528666 633207 466211 503830 71565 
785810 540938 429451 525314 48483 151165 175887 563425 563418 876627 ,785810 540938 429451 525314 48483 151165 175887 563425 563418 876627 
80309 80532 80135 80687 924462 303331 450971 80697 10894 752643 ,80309 80687 924462 159967 205297 337688 984840 437373 184272 449787 
12497 803167 987556 803760 987862 961804 498803 261934 495709 519407 ,803760 961804 261934 495709 609336 505361 173794 393612 227555 371867 
516454 869555 477004 587784 858728 471246 70009 476849 746493 476937 ,869555 477004 70009 720864 895664 365244 569372 339931 105015 502298 
747708 422259 62343 552555 552579 913834 63836 280661 536708 52640 ,422259 62343 552555 552579 63836 280661 536708 52640 872450 476019 
631874 751678 459903 803420 294238 521053 634372 706180 724327 388362 ,751678 521053 634372 724327 941203 611789 711187 356217 822207 728993 
870850 768460 686919 666955 544552 667020 673026 666895 692985 667220 ,410597 246706 442860 685320 541532 190763 247286 686012 667082 666817 
693160 496150 532753 24115 458866 787292 24589 24390 805955 388733 ,496150 532753 24115 24589 388733 934713 368217 431418 304369 682293 
246612 737334 743207 171020 246761 745440 532409 254199 995816 741664 ,246612 737334 743207 171020 246761 745440 532409 995816 741664 737817 
772414 668075 773160 772535 773126 929386 772662 669007 389303 773928 ,772535 773126 669007 389303 773928 373626 342420 355425 623429 743158 
7298 204997 269275 5191 188409 476373 575891 4696 188373 617047 ,204997 269275 5191 188409 575891 188373 617047 29147 617079 448725 
114958 113474 934058 725103 954432 591188 727056 367965 696158 645444 ,114958 934058 954432 696158 645444 752147 368017 858350 176721 522283 
796291 756339 813294 520898 755943 757000 796965 544699 191498 648833 ,796291 756339 796965 544699 707175 812733 636783 718471 655587 655168 
190998 191269 848818 191299 921402 190694 858945 889096 191113 996894 ,190998 191269 848818 191299 858945 889096 191113 854854 191159 545462 
318482 224176 84657 311150 310215 932328 365379 936469 695816 85200 ,318482 224176 84657 311150 310215 932328 365379 936469 695816 85200 
429420 429639 763526 292396 292081 292069 525760 57301 429471 57499 ,429420 429639 292396 292081 525760 57301 57499 296013 442544 808583 
424756 149322 546981 527449 384977 321192 893431 770435 54283 425384 ,424756 149322 546981 527449 384977 321192 893431 770435 54283 425384 
857352 881589 207613 867709 316204 867813 725593 855293 997360 856451 ,857352 207613 316204 867813 725593 855293 997360 856451 881052 857736 
568164 757621 758358 568027 568362 568053 568296 568097 757680 569071 ,757621 758358 568027 568362 568053 568296 568097 757680 758459 757971 
484075 159206 82921 329783 360324 159623 515524 283385 535913 486050 ,484075 159206 82921 329783 360324 159623 535913 486050 159388 111206 
400665 662619 662610 396952 5554 445488 5186 281124 535925 499274 ,400665 662610 396952 5554 535925 814664 810914 156095 508922 23469 
678603 678360 200476 264754 541804 509105 201369 265647 727508 2113 ,264754 200476 541804 201369 841400 201187 200173 299399 12789 80310 
380186 681970 153568 978389 283047 281898 828233 508065 528893 283557 ,380186 681970 153568 978389 283047 281898 828233 528893 283557 681983 
226525 842516 400347 878647 61100 397958 226590 791225 940811 914705 ,226525 842516 878647 397958 226590 791225 914705 881004 987582 989927 
245835 298472 833464 977332 16861 491987 748954 809844 982372 395209 ,245835 833464 977332 748954 809844 982372 395209 842033 835759 244902 
481583 565225 450969 309865 355099 949750 843748 190143 173854 553256 ,309865 403172 190235 561748 393694 137951 375226 973932 360786 326555 
375252 758408 756648 866841 799461 677627 992668 774979 181418 677319 ,375252 758408 756648 866841 799461 677627 992668 774979 677319 676368 
74490 62420 73645 75291 345035 222417 405437 405272 880179 421935 ,74490 62420 73645 345035 222417 405437 880179 421935 260787 417928 
112143 174829 850664 174681 255057 121588 256405 144410 94023 636808 ,174829 850664 121588 256405 94023 496963 452545 947220 792863 303110 
387647 781608 695867 637346 805847 927692 695916 245188 466030 634346 ,387647 637346 805847 927692 695916 245188 634346 339021 735691 453625 
180406 781481 523572 380198 881109 881143 741859 574854 597999 407230 ,180406 781481 380198 881109 881143 741859 574854 597999 783282 912963 
228199 973358 263927 314831 262479 189060 938086 321895 939514 322458 ,973358 263927 314831 189060 321895 939514 722089 457201 161720 742295 
173110 488061 262864 789067 525156 431196 420271 136554 391796 120007 ,488061 262864 420271 391796 912699 704685 353113 72000 523819 840243 
627911 976875 404139 628497 336748 553233 95241 214926 600808 320895 ,627911 976875 404139 628497 553233 600808 320895 474217 795063 208877 
525978 36284 617638 406577 600971 406380 525320 738661 662709 833401 ,525978 617638 406577 600971 406380 525320 738661 662709 652169 735171 
97156 296097 233785 481414 724673 502465 99049 450801 733508 358509 ,233785 724673 244374 467378 823512 157611 16752 724618 523385 161253 
397246 400854 400810 821193 585273 571268 768797 910314 825771 211133 ,400854 821193 585273 571268 768797 910314 825771 211133 410015 788657 
932830 159086 181953 158582 908356 605778 276878 703864 68867 896250 ,159086 158582 908356 276878 703864 68867 896250 121812 666204 805803 
626320 440188 893842 892408 492810 437805 125952 620940 223564 97007 ,626320 492810 437805 55799 112063 519887 728890 470779 39937 53616 
5919 917951 674787 162604 590374 300003 329297 831842 813154 346151 ,917951 674787 162604 590374 329297 346349 330149 564397 309317 171838 
648271 909923 609705 543177 26409 837326 213782 213350 247181 337632 ,609705 543177 837326 213782 247181 337632 970075 473613 615706 653102 
223926 223716 899112 839562 169114 224428 839735 168913 689790 895128 ,223716 839562 224428 839735 689790 895261 961789 844083 98770 223603 
11610 936361 977152 51491 115376 84895 613799 942086 895643 136267 ,11610 977152 51491 84895 942086 895643 136267 138614 799478 582045 
688282 688324 223047 894879 226670 335812 706242 252201 244052 965887 ,688324 223047 894879 706242 252201 965887 967547 633569 633027 841579 
393164 705321 308904 509406 725710 628902 831962 94573 468444 138332 ,705321 94573 468444 456018 178826 585412 495957 843908 307108 576018 
750947 198423 277239 132764 983461 541682 310003 91648 93804 541443 ,750947 198423 277239 132764 983461 91648 752268 340072 497941 204403 
280439 109944 526392 29047 680057 682155 28364 967773 662408 683464 ,680057 662408 683464 678746 210366 666567 408402 466767 742525 531943 
466792 528242 489717 781709 528018 488247 280795 235007 654201 467382 ,466792 528242 489717 528018 488247 280795 235007 654201 467382 415447 
847638 252595 763760 647993 232323 112386 253189 759455 847607 772449 ,847638 252595 763760 647993 112386 847607 772449 847522 764181 834730 
376601 378222 567563 376184 487596 487622 199417 278233 377937 659874 ,378222 487622 377937 659874 387831 724430 502917 337972 812346 522767 
361203 517416 720589 60001 629643 670842 948890 456819 932424 547534 ,517416 720589 244413 90352 211055 932390 547328 958078 707201 547705 
771225 293694 429733 733576 263523 116097 749610 280706 282913 608014 ,771225 429733 733576 263523 749610 280706 343783 22389 188600 336683 
666992 666973 536234 666952 542645 542812 763882 45832 541368 6676 ,666992 666973 536234 666952 763882 45832 541368 6676 666958 907226 
257067 17429 702825 433152 533829 209255 78588 302256 821526 493810 ,257067 17429 702825 821526 493810 718086 129314 376040 209407 718630 
494731 114846 310750 799648 359502 578885 354499 435541 741743 413076 ,494731 114846 310750 799648 359502 578885 435541 741743 413076 741517 
227265 956263 712480 84534 227351 512411 495449 565868 826142 174666 ,227265 712480 227351 495449 565868 181978 86795 433533 508376 530892 
945205 912577 291045 94640 394920 744655 478874 700414 517799 693728 ,945205 912577 291045 94640 394920 744655 478874 700414 517799 693728 
485773 486654 262922 605 150233 581992 262926 596775 543987 416649 ,485773 486654 262922 150233 581992 596775 543987 416649 528291 108069 
541869 956544 690998 182704 915670 249454 930075 71696 690540 833145 ,541869 956544 690998 182704 915670 249454 930075 71696 690540 833145 
6560 838412 838648 838480 655178 825006 449099 890256 654280 616027 ,6560 838412 838648 838480 655178 825006 449099 890256 654280 616027 
471546 571424 97267 287501 410417 735332 808642 200232 264510 471573 ,97267 410417 264510 212181 421062 473862 905540 949837 494143 264666 
694762 364200 581078 279124 736201 509935 499327 211820 24526 517757 ,694762 364200 581078 279124 736201 509935 499327 211820 24526 517757 
22186 842268 931774 528935 70343 207588 842320 940607 528761 906487 ,528935 70343 207588 940607 503384 880843 564080 318780 562248 223734 
947545 725645 948261 942513 751700 717900 424773 843827 951744 844118 ,725645 948261 942513 751700 717900 843827 951744 465706 734790 108333 
85865 155325 237911 90547 820317 866446 127903 155662 93813 820339 ,85865 155325 237911 90547 820317 127903 93813 45363 89683 89634 
725349 152027 301714 741860 95277 184024 584344 151743 183130 971267 ,152027 301714 741860 95277 151743 658918 181855 527774 673334 680903 
742330 839919 744149 738698 527640 740531 9537 742684 732765 977369 ,742330 744149 738698 740531 9537 742684 732765 977369 6864 877327 
105723 334790 593043 35020 657709 33720 166607 725935 34244 476146 ,334790 35020 657709 725935 326429 695998 109910 403530 505032 126826 
207062 38121 656993 207097 787939 656667 604870 654695 993819 446054 ,207062 656993 38121 787939 656667 993819 447155 605119 446592 654505 
64503 62 324988 518447 868776 516722 915524 518499 408887 599069 ,64503 324988 518447 868776 516722 518499 408887 599069 497760 600997 
869398 105538 61118 745820 831280 948000 225735 123170 105736 205339 ,869398 105538 61118 745820 831280 948000 225735 105736 269617 129694 
829762 88709 89459 345801 2810 785762 465183 136271 738027 320309 ,88709 89459 345801 2810 785762 465183 136271 738027 347837 801768 
893703 894031 35368 35504 91936 35623 7349 288668 461934 217312 ,893703 894031 35368 35623 288668 461934 217312 642561 643776 578541 
589761 982272 559325 130051 998192 7780 623501 321170 895745 582119 ,589761 559325 130051 998192 7780 321170 582119 372916 433253 951747 
303214 512372 450246 603188 168522 449789 280469 22036 730630 523565 ,303214 512372 603188 449789 280469 22036 609054 511364 19569 229895 
817327 957104 817835 956239 71464 360440 785174 584985 150523 998762 ,957104 150523 998762 266684 518943 392007 781705 61200 709128 171774 
670482 47397 577693 670677 895053 689706 987846 198553 277369 209084 ,47397 895053 198553 277369 209084 988477 333735 450414 743942 187729 
602290 740873 835071 351109 458072 294997 940715 947044 947366 906075 ,602290 740873 835071 351109 458072 294997 947044 947366 906075 720814 
739774 730781 308978 389877 41762 544494 822184 533444 378027 389845 ,739774 730781 308978 389877 41762 544494 822184 389845 467770 36836 
476704 479761 733743 699828 246597 223203 825798 948898 737171 307552 ,479761 223203 948898 956432 768476 497135 476655 242354 861652 718574 
827950 911061 6131 99244 502181 795703 296745 687700 864824 956079 ,911061 6131 99244 502181 795703 296745 864824 956079 299268 249794 
258297 305158 339749 337841 716896 865199 328386 247178 427529 241999 ,258297 305158 337841 716896 865199 247178 241999 685684 898723 352033 
353165 743537 800219 927715 133933 11250 520276 724326 621255 837576 ,353165 743537 927715 133933 520276 724326 621255 837576 619329 134943 
196544 275360 153041 865976 174939 749263 186168 817046 798148 399603 ,196544 865976 749263 817046 798148 399603 145306 865431 705683 64076 
780377 249772 948887 545554 167773 194487 273303 976571 742325 525512 ,780377 249772 948887 545554 525512 926285 620420 267337 525616 84943 
703664 111077 263385 519433 136025 917335 732633 886290 901889 137698 ,111077 263385 519433 136025 917335 886290 137698 794610 886133 462084 
524027 454060 727089 831495 524516 474039 807353 522864 797069 288843 ,524027 454060 831495 524516 474039 807353 522864 797069 225224 521717 
20840 940575 940567 352097 522419 946903 362228 474608 307 6314 ,940567 352097 946903 362228 474608 73020 390482 166887 113085 358849 
22072 348756 21991 671390 22187 482292 22007 514595 254811 648296 ,22072 671390 22007 648296 755142 882719 515289 250900 413729 650069 
189734 641340 189623 641153 560028 535371 142155 866057 576919 189530 ,189734 641340 189623 641153 560028 535371 142155 866057 576919 189530 
760590 961462 761256 824445 961399 824379 961595 576178 961204 619972 ,961462 761256 824445 961399 576178 961204 619972 790546 619290 574344 
749703 188521 68717 68639 188526 262271 49527 262175 458218 90128 ,749703 188521 68717 68639 188526 262271 49527 262175 458218 90128 
127066 932724 806826 126870 308909 634335 597537 109949 181989 412551 ,127066 806826 308909 109949 181989 412551 223639 455849 418289 183586 
417957 533810 917920 184065 435191 303772 804965 22434 533099 839463 ,417957 22434 283265 827456 635569 229849 21374 741421 533931 510967 
756642 829278 656664 918071 694142 619216 345437 830504 756748 618518 ,756642 656664 830504 618518 10754 799987 969301 344039 627368 916749 
946901 292182 940608 23850 254111 292470 811604 789239 23871 421411 ,946901 292182 940608 23850 254111 292470 811604 789239 23871 789102 
806753 806558 904844 430421 549172 648456 997758 805217 106684 587834 ,806753 806558 904844 997758 587834 396910 673042 910806 982703 30506 
453508 452736 839663 282981 965423 678850 215140 122591 243393 21602 ,453508 452736 282981 965423 678850 215140 243393 21602 726477 765183 
937450 326418 156001 176691 801009 63626 939890 26063 196726 275542 ,156001 176691 801009 275542 196383 275199 489095 682048 695617 795468 
462167 456871 457250 485189 456115 864912 929615 874022 284126 703616 ,462167 456871 485189 456115 874022 284126 703616 285217 156551 456586 
679936 100207 408248 223068 630267 631105 887810 706903 396450 200676 ,679936 100207 223068 631105 887810 706903 396450 200676 264954 18328 
112794 113250 446585 411892 870851 863411 951184 906435 952895 603713 ,112794 446585 411892 870851 906435 603713 667019 146500 446688 667418 
957055 630912 389733 620307 67771 165148 402317 401303 960253 688274 ,957055 620307 401303 726935 66832 396743 516118 401570 960561 657851 
581047 818301 579789 289601 117172 818497 288832 817323 78395 203680 ,581047 579789 289601 818497 288832 817323 78395 267958 203680 726528 
861092 538930 393883 561024 504000 503720 541911 782224 701568 632538 ,393883 561024 503720 541911 632538 632613 870265 843037 730302 110613 
176157 242 237 401820 401853 433350 805619 736966 633 249608 ,176157 242 237 401853 805619 736966 633 298727 21724 165507 
431346 111127 431834 392340 287301 256060 529698 520371 600679 600721 ,431346 431834 287301 256060 529698 520371 600721 100762 531983 600804 
782225 782617 781886 472206 420546 876545 182355 222642 678189 498467 ,782225 782617 781886 472206 420546 182355 222642 678189 420529 702953 
810447 805641 406079 811172 513639 496157 921863 94039 408368 155049 ,513639 921863 94039 408368 155049 386621 368611 64050 387128 75755 
400898 771167 95747 730500 522436 699310 12968 412240 842789 199961 ,771167 522436 699310 12968 273111 522281 156151 543279 964485 589486 
897172 954600 996268 654009 400920 998365 847918 102383 596838 924833 ,897172 954600 996268 654009 998365 847918 102383 924833 293886 146102 
790467 165416 775843 807148 536932 807245 805929 644171 865287 885334 ,790467 165416 775843 807148 536932 805929 644171 885334 648407 602252 
524880 130588 529158 111717 112081 242107 429809 99493 530168 62919 ,524880 130588 111717 242107 429809 99493 528940 528654 694086 106904 
343483 325310 495075 600902 174687 174718 174651 369740 601025 263917 ,343483 325310 495075 600902 174687 174718 174651 369740 601025 370336 
725792 614366 232137 924727 438859 426650 924359 798770 297364 152538 ,924727 438859 924359 798770 297364 152538 582520 232069 109472 392383 
190719 258005 264619 916579 881168 562795 595466 13971 96341 124883 ,190719 258005 264619 881168 562795 595466 13971 96341 124883 989233 
847502 199584 278400 632914 421375 185559 952612 203033 267311 835902 ,847502 199584 421375 185559 952612 203033 835902 610267 133553 610113 
305717 95907 684755 126253 500476 629603 546381 82596 88445 515211 ,305717 95907 684755 500476 546381 88445 515211 396857 68339 499801 
889788 143030 587731 162280 426567 513647 483809 364161 755127 717916 ,513647 483809 364161 68962 540924 892864 365961 673017 328386 364986 
71497 59949 754781 732534 61180 78784 173598 929934 335454 763858 ,71497 59949 732534 61180 78784 410029 286662 794173 408895 437259 
562945 871721 668641 475207 960053 938848 453679 960441 868189 869099 ,562945 871721 475207 938848 453679 960441 868189 869099 563838 965701 
657020 657229 614073 657046 760444 657090 656949 760684 613360 613693 ,657020 657229 614073 657046 760444 657090 656949 613360 613693 612196 
411402 16557 153935 337438 70239 522356 336721 745658 125207 416210 ,411402 16557 153935 337438 70239 522356 336721 745658 125207 416210 
263128 113237 415262 1534 113780 619411 512570 959236 113153 513309 ,263128 113237 415262 113780 959236 113153 484331 958894 867659 262068 
245317 390688 811808 361241 810855 791939 554419 873169 944544 548798 ,245317 390688 811808 361241 810855 791939 873169 944544 548798 285284 
659970 450199 450346 676318 594400 162021 162939 538288 663555 297324 ,659970 450346 594400 162021 538288 663555 297324 373911 138989 831163 
733442 419563 737146 116596 133584 130963 515086 710113 354024 744633 ,419563 133584 515086 710113 354024 744633 627983 261467 322466 394232 
379 692952 98232 152009 722967 175669 988722 547712 234125 461560 ,692952 98232 722967 988722 461560 722955 419966 26426 30648 772472 
346457 810676 765879 346153 543373 851270 800742 892652 349263 361363 ,543351 809469 25054 766224 666675 654815 614310 808575 895216 846719 
732208 426095 496657 703302 323634 496683 324739 474769 426387 401458 ,426095 496657 703302 323634 496683 324739 426387 804048 262326 824428 
20054 779911 11560 99854 195343 274159 295712 125422 524737 431226 ,20054 11560 274159 295712 125422 431226 66508 724837 352454 135903 
449831 535764 789228 808479 535414 642745 375714 905978 638823 567050 ,449831 535764 808479 535414 642745 375714 905978 638823 408715 216417 
961948 139967 139648 970623 962088 197533 276349 4133 20396 524222 ,139967 20396 524222 139210 862816 961826 274598 506591 234527 531975 
787645 905226 910855 685644 640173 30116 422583 685106 337011 422761 ,905226 337011 787749 537491 713654 771097 427119 232279 422550 422513 
154362 896974 785711 983602 990156 603931 389772 82792 289010 912316 ,154362 896974 785711 983602 990156 603931 389772 289010 912316 697517 
969237 726231 909868 969344 741159 969561 40666 13787 404570 783641 ,969237 909868 741159 40666 404570 722530 895181 181178 425520 845708 
40080 243366 753932 52349 82206 207792 51451 665900 81840 664800 ,40080 753932 52349 82206 207792 51451 665900 81840 825273 875042 
796788 468097 94537 582975 747265 206227 270505 832838 581028 659230 ,796788 468097 94537 582975 747265 206227 270505 832838 659230 699094 
942024 425040 594761 943387 669617 246367 668803 340093 944486 424192 ,425040 594761 943387 669617 246367 668803 340093 944486 424192 559053 
960225 378112 806573 296134 557739 377956 875846 806444 844436 93829 ,378112 806573 296134 557739 875846 844436 93829 362744 516347 748837 
722847 837554 919200 917584 490500 145586 919127 841591 597816 691752 ,722847 837554 919200 919127 671104 868690 113540 134329 874262 8954 
387574 548025 646457 673457 615911 653978 831630 471606 673631 781663 ,387574 646457 653978 471606 676916 674239 882699 906272 712915 652445 
524524 871462 957712 391315 863206 11424 914125 949541 626780 588022 ,524524 871462 957712 888022 32115 87816 697464 855737 263454 250397 
230262 224725 395343 993542 546059 998995 697463 812482 906497 803283 ,230262 224725 395343 993542 546059 998995 697463 812482 906497 803283 
225407 681604 11996 838038 735849 123775 224330 205962 270240 399672 ,225407 838038 735849 123775 224330 270240 205962 844991 129528 399576 
733261 931156 736471 660804 814060 180438 587422 432815 796564 797342 ,736471 660804 814060 432815 796564 797342 432661 678660 744242 943125 
421553 421262 421310 289442 387892 814488 421611 36876 370479 421353 ,421553 421310 289442 387892 421611 36876 904217 491706 20744 344285 
882271 43961 807927 897295 429232 243939 284834 288647 882657 548542 ,882271 43961 807927 897295 429232 284834 548542 930089 21734 339831 
874262 472212 153309 705591 66326 70778 704473 738969 487733 555114 ,874262 472212 153309 705591 66326 70778 738969 555114 152055 875586 
782884 301975 367007 572082 974429 70617 8748 587996 349330 234032 ,367007 572082 974429 70617 8748 587996 349330 234032 347162 727592 
647182 24139 101748 649050 755824 717524 910919 256835 825507 464288 ,647182 24139 649050 755824 717524 910919 256835 825507 464288 258447 
392826 393203 392665 393173 325994 72431 533931 306400 502085 844440 ,392826 393203 392665 393173 325994 72431 533931 306400 502085 350635 
207839 207081 207883 207151 627469 24523 513476 24016 838005 209611 ,207839 207081 207883 207151 627469 513476 24016 838005 209611 801150 
288102 561541 91869 99945 681278 268525 298767 972472 45786 797964 ,288102 561541 91869 681278 298767 45786 284779 795527 96081 865011 
832967 960708 960671 512216 442832 191065 546467 854792 546498 969193 ,832967 960708 960671 442832 546467 854792 546498 546485 190998 191299 
44256 221671 904944 528702 600997 675080 854007 929251 419744 197556 ,528702 600997 197556 523421 600687 884761 363452 673517 567766 567778 
94268 93180 902991 709667 650641 47228 777857 505310 119719 953546 ,650641 47228 777857 748771 813643 902214 822160 316251 173486 694775 
416286 631251 527213 849365 723078 855121 84027 627669 973154 987216 ,631251 527213 849365 855121 84027 627669 973154 627830 21826 503039 
955000 885973 838159 472478 965820 58057 971884 252350 449829 921581 ,955000 838159 472478 965820 58057 971884 252350 921581 634964 276890 
966065 338672 780403 263003 339289 791606 322640 728552 263067 490623 ,338672 322640 263067 343694 102377 630751 285815 246142 494016 491603 
867749 899479 997919 868290 899658 867722 682007 908562 679259 565621 ,867749 997919 867722 682007 679259 543380 226357 961457 903760 929471 
630381 845026 523817 591435 631168 523098 219959 737819 220426 348441 ,630381 845026 523817 591435 631168 523098 219959 737819 220426 348441 
553912 553720 413162 963000 963433 935899 954096 744347 773246 919463 ,553912 413162 963000 935899 954096 744347 773246 27846 954067 901138 
667030 895664 667073 837451 655379 768073 607311 667706 907168 569386 ,895664 667073 837451 817536 814413 657641 785754 427134 599754 850568 
146764 866158 528100 573456 241147 225312 231895 796197 526417 235340 ,866158 528100 573456 231895 235340 634372 460118 758800 225796 598113 
724407 259172 121865 119665 225883 753802 543497 845568 452972 598225 ,724407 259172 121865 543497 845568 598225 224860 557030 283910 598748 
856150 539284 539242 204188 268466 769140 265983 979943 437969 121894 ,539284 539242 204188 769140 265983 979943 437969 121894 513592 121714 
795622 949194 172741 117101 75449 403667 702538 713128 120446 206433 ,795622 949194 702538 120446 206433 270711 697540 439018 528362 703628 
483101 333528 698947 859871 484742 647865 843364 105765 315433 205848 ,483101 647865 270126 648180 11162 274324 440322 500811 531944 699132 
719083 87978 292469 814403 381318 514619 292181 814205 422089 530271 ,719083 87978 292469 381318 514619 292181 814205 422089 530271 467307 
415353 44348 44271 754328 260699 514453 44393 248224 44658 671292 ,44271 754328 260699 44393 248224 514550 640589 922866 921226 809741 
672258 672516 672281 672653 384660 672571 673183 672420 672174 672390 ,672281 672653 384660 673183 672390 606540 308526 351628 672214 859704 
597058 144932 124119 889375 207456 377962 145307 949238 196223 275039 ,144932 124119 145307 146198 421352 681976 58400 98554 774574 489957 
207758 547569 487712 670642 798593 555337 497034 554898 866568 502746 ,207758 547569 487712 670642 798593 555337 497034 554898 866568 502746 
522168 83939 337514 540615 522623 429785 730852 469484 524635 482242 ,522168 83939 540615 522623 429785 730852 469484 68753 218829 411068 
825937 946808 228050 853804 562786 297292 98063 239307 880232 924823 ,228050 853804 562786 297292 239307 880232 924823 968139 673181 635139 
448356 659291 158258 261823 199991 772250 286949 391998 359313 994207 ,659291 158258 261823 199991 286949 391998 359313 994207 284808 189272 
296589 396145 313235 295456 863040 671422 821226 327563 396834 286924 ,296589 396145 313235 295456 863040 671422 327563 396834 286924 871656 
69299 60184 918936 670208 668047 416419 519128 876179 519429 458863 ,69299 670208 668047 416419 519128 876179 519429 458863 535565 60415 
647074 647967 647954 649389 647152 645933 652912 772038 652957 646232 ,647967 647152 652912 772038 652989 808516 122377 652928 736299 122744 
452272 415822 442930 414657 958836 5823 423319 694033 796848 123970 ,452272 415822 442930 414657 958836 5823 423319 796848 306303 38634 
153087 237860 850075 204646 268924 152934 153622 922731 524545 663908 ,153087 237860 850075 268924 153622 663908 228206 663710 373655 519446 
384010 637321 377077 9219 538219 335265 940306 137639 379418 805715 ,384010 377077 9219 335265 940306 379418 805715 404358 87886 508286 
111572 867975 13937 499492 513422 782363 868472 515742 863674 15641 ,782363 868472 863674 15641 129234 842441 871177 400896 866416 401222 
780132 894941 780168 780138 23440 200018 264296 497335 122571 615683 ,780132 894941 780168 780138 23440 264296 200018 122571 615683 111898 
103428 503221 503076 102164 820056 606073 294427 809079 503613 511363 ,103428 503076 820056 294427 809079 293426 983643 553817 270195 809394 
595109 105185 433170 989694 989619 727643 552175 87657 461494 982901 ,595109 105185 433170 989694 552175 87657 461494 982901 122514 529510 
835961 985837 656365 113033 113383 41994 903860 111640 459407 607183 ,985837 113033 113383 41994 607183 723342 837058 39601 981695 836575 
885421 858390 856618 870340 376660 544242 59647 376326 969321 909077 ,870340 376660 544242 875868 406021 847579 867130 970369 885731 541523 
678407 550439 172684 791235 354014 994933 459593 367101 635472 566791 ,550439 172684 791235 354014 994933 388292 933552 836772 882581 932784 
824851 815104 789104 571617 814772 814727 559025 538370 808734 901885 ,824851 815104 789104 571617 814772 814727 559025 538370 808734 901885 
663085 992902 992161 283213 326736 906733 515591 515975 663238 496911 ,663085 992902 992161 283213 326736 906733 515591 663238 496911 464794 
745361 987974 501799 999481 930136 412551 283232 28292 597159 325420 ,745361 987974 501799 999481 930136 28292 597159 325420 754171 987818 
948472 949364 948125 379 582515 784582 947368 683879 138474 757227 ,949364 948125 379 582515 784582 947368 683879 908607 886504 909335 
136210 509406 510503 371525 209877 504861 123899 16895 159684 258827 ,136210 509406 209877 258827 493625 680722 480387 624432 694929 798221 
461096 246655 246528 293533 247396 292752 293525 247013 44148 292905 ,461096 246528 293533 292905 242260 910993 351104 321910 462009 292760 
296289 412058 67213 295730 237688 193541 272357 850019 24710 260298 ,296289 295730 597316 261098 541534 673821 256555 638807 633502 239272 
68546 86979 770720 713547 95027 363361 525722 363608 521867 151606 ,68546 86979 770720 713547 95027 363361 525722 363608 151606 521860 
182091 795130 152638 500603 123721 327380 184297 672254 196581 275397 ,795130 152638 123721 327380 184297 275397 196581 926130 473293 490409 
254303 932436 919017 933756 174278 91961 13549 848159 543830 348549 ,919017 933756 91961 13549 848159 543830 348549 970085 982466 932240 
852296 483161 853292 851527 851935 529204 868053 653047 511138 849759 ,852296 483161 529204 868053 849759 878132 121848 208108 843299 219674 
343325 359437 360716 326847 356488 778498 149606 134228 4420 7196 ,343325 359437 360716 326847 778498 149606 134228 4420 7196 303384 
214292 214302 927330 5207 208308 213808 959188 560009 499572 960521 ,214302 5207 208308 213808 959188 499572 397075 289829 741004 138330 
393610 281650 60945 525671 280995 724015 765277 106390 433831 309293 ,393610 60945 525671 280995 433831 688793 380969 584792 390099 63432 
140914 528630 291198 92650 86787 87218 87417 91392 194222 273038 ,140914 528630 291198 92650 87218 87417 91392 194222 30406 834572 
169195 130746 746410 749657 631325 750590 514689 377529 989248 746115 ,130746 750590 706237 528060 454341 506256 408564 429839 872860 782707 
650772 607668 222272 752790 885578 373508 186490 186435 758649 100100 ,607668 222272 752790 885578 373508 186490 186435 758649 885563 993957 
672556 856577 672817 672468 814231 649456 826804 805832 769866 51652 ,672817 649456 769866 446294 886036 827618 447422 538301 769877 536181 
973681 978910 973351 208865 945556 347379 978163 670084 330162 895212 ,208865 945010 974760 990326 671023 940593 867340 973021 130871 831696 
855136 467245 537121 914601 537543 54664 54501 415675 847043 763078 ,855136 467245 537121 914601 537543 54664 54501 415675 847043 763078 
350857 452381 307229 324918 364211 324055 452809 973093 238381 484520 ,350857 452381 307229 324918 364211 324055 452809 238381 484520 364455 
612553 612238 381501 400691 631379 696468 62340 550405 197006 275822 ,400691 631379 696468 62340 550405 197006 275822 273761 966042 931308 
279890 91870 658048 279227 593948 606871 254242 229066 119615 564469 ,279890 91870 279227 606871 254242 229066 119615 564469 197351 658538 
132729 973103 307259 487228 510391 255487 740018 296571 222213 429817 ,132729 973103 487228 255487 740018 296571 222213 429817 142966 292957 
651840 452808 486155 714065 453097 825891 781631 782222 611153 825747 ,452808 714065 453097 825891 782222 611153 825747 407689 404297 557545 
492160 317762 418050 417450 514860 188734 361821 203877 268155 545379 ,492160 418050 514860 188734 361821 203877 268155 545379 755096 755003 
36400 918827 36272 541956 918851 887327 69629 541909 36505 803632 ,918827 36272 918851 69629 803632 480662 569688 670899 868827 969157 
80272 79503 496744 79727 499851 429785 429345 486697 518996 79560 ,80272 79503 496744 79727 499851 429785 429345 486697 518996 79979 
612375 132306 177455 132447 610780 381697 611982 611223 611856 611215 ,612375 132306 132447 381697 611215 398366 353561 972109 972468 468765 
257571 73477 70852 156238 71161 633025 126179 442730 871229 76592 ,257571 73477 70852 156238 71161 633025 442730 871229 76592 750372 
833288 833505 834082 67546 911151 101758 910932 337638 102035 780162 ,833505 67546 101758 910932 102035 628498 635427 66208 453138 351819 
502935 372055 366008 2481 229113 95324 1890 663102 279261 3816 ,366008 356175 634967 420960 43944 82035 289339 125967 265550 96404 
77215 75695 78721 78470 125940 123746 566804 77188 105709 77250 ,75695 78470 125940 123746 566804 471306 450049 842615 655036 781475 
392009 13100 376156 921809 931907 131352 947373 922655 15697 226178 ,13100 921809 131352 922655 226178 270166 194647 273463 472274 880566 
175798 131162 68981 262380 67886 714390 215910 215562 416731 716700 ,262380 67886 714390 215562 114044 113442 177291 547087 436438 114407 
673700 673185 672676 610126 834746 610401 672414 836652 373722 833130 ,673700 672676 610401 833130 910727 672433 573487 716878 994948 830488 
610940 610781 611972 611882 612475 612376 611983 845509 611250 387685 ,610781 611972 612475 611216 343254 700150 610169 40084 779991 611224 
193303 272119 142933 296801 629092 319621 725566 196562 275378 19049 ,272119 629092 196562 489026 492160 523285 195160 273976 517567 971122 
822414 442681 442675 442708 442806 442684 887437 655133 215633 445981 ,822414 442675 442708 442806 887437 445981 953137 216367 656837 656299 
50842 50775 298968 494746 687375 10962 410247 207153 11416 54707 ,687375 410247 297648 46074 913795 195796 248521 754822 410241 754575 
826070 825656 825765 964882 466621 263523 723599 169911 831684 719907 ,826070 825765 964882 263523 169911 831684 719907 829047 600997 142098 
95586 95494 839636 939516 502763 687820 393745 839622 171642 61788 ,95586 95494 839636 939516 393745 61788 886628 461341 61639 60670 
366821 502023 368961 368228 19340 500894 103693 173244 531702 456856 ,366821 19340 500894 103693 456856 149739 532154 172586 439304 234271 
40284 410468 674731 640553 893765 912954 355753 674543 646348 340272 ,410468 674731 640553 893765 912954 355753 674543 646348 340272 907763 
240869 565496 245510 404465 717956 152850 65984 734591 614019 201123 ,240869 565496 404465 717956 152850 65984 734591 614019 201123 939407 
96934 735938 461751 527350 416290 514635 122775 59936 725932 495362 ,461751 527350 514635 122775 59936 725932 495362 488450 128352 60091 
735260 735440 735325 961799 747489 988947 773707 961359 497544 735500 ,735440 735325 961799 747489 773707 961359 735500 503325 925275 466024 
338612 339488 815050 663622 864394 367698 725151 662932 658477 975666 ,339488 815050 663622 367698 725151 662932 658477 975666 367702 233881 
881755 881568 250064 760869 499926 907122 359668 571827 700309 979857 ,881755 881568 250064 760869 499926 907122 359668 571827 700309 424208 
241961 946956 434942 948770 71509 98556 230946 895563 955377 460358 ,241961 946956 434942 948770 71509 98556 895563 955377 460358 432411 
206261 270539 845665 873160 912547 911589 916777 906338 906857 511158 ,206261 270539 911589 916777 906338 906857 511158 843403 87114 886476 
667302 883909 661073 589886 618256 837855 590658 612700 877949 815244 ,667302 883909 661073 589886 618256 590658 612700 877949 815244 612968 
401000 400900 577268 397137 238270 12737 238595 296712 171163 868117 ,401000 577268 238270 12737 296712 868894 395964 868374 151917 904204 
457418 594248 921999 301989 373648 488968 211970 398678 681773 472205 ,457418 594248 921999 301989 373648 488968 211970 398678 472205 15615 
761682 746271 547438 783440 547398 282873 857253 202756 764811 624824 ,746271 282873 764811 893934 52189 413777 79291 176359 841300 481878 
220738 279075 810401 739462 845973 59123 988868 225409 767322 503030 ,220738 279075 767322 503030 633405 725678 102505 98041 81343 62396 
49759 192640 271456 32000 521788 521826 792442 926851 534408 536834 ,49759 521788 521826 926851 534408 788031 159349 5354 168218 33068 
366904 228689 734825 678142 322061 238009 350507 97797 114927 336960 ,228689 678142 322061 238009 350507 114927 616689 745982 894630 616611 
707144 969157 674365 196205 275021 757441 371135 307903 831857 832027 ,707144 969157 674365 196205 275021 371135 832027 37105 882139 675470 
835567 835319 836600 407581 357440 406734 777013 929395 583731 523761 ,835567 836600 407581 357440 406734 583731 523761 512374 8898 550220 
530833 433279 292146 279194 530145 42047 91340 519517 88981 20891 ,433279 292146 279194 530145 42047 91340 519517 88981 20891 688749 
552733 347345 760008 616750 552998 94115 361996 510442 553256 360786 ,552733 347345 616750 361996 360786 461200 553078 455672 290507 483233 
56773 56821 52797 56737 706424 514962 514845 427292 562163 506532 ,56821 52797 706424 514845 562163 707000 87277 205072 915085 813956 
559823 261072 886429 773449 947126 893184 960281 12448 416977 842408 ,559823 261072 886429 947126 960281 12448 416977 842408 259151 21295 
610815 610836 610970 610667 39621 8347 610582 332213 943973 252026 ,610815 610836 610970 610667 39621 8347 610582 332213 943973 252026 
522865 522681 412763 431977 517186 138778 149132 514551 412643 465273 ,522865 522681 412763 138778 149132 514551 412643 465273 14118 504955 
880924 795101 148557 169564 55861 82788 846890 763121 503970 206785 ,880924 795101 148557 169564 55861 82788 846890 503970 206785 784323 
845851 845802 846544 199367 278183 251617 269774 748183 932417 748721 ,845851 845802 278183 199367 251617 269774 748183 932417 748721 197265 
337589 359652 945858 337847 159002 536462 547179 337319 105754 123064 ,337589 359652 945858 337847 159002 536462 105754 123064 356796 357067 
762055 180757 762172 814164 708839 978656 426663 791280 762485 98815 ,762055 180757 708839 978656 791280 762485 98815 983244 791132 24792 
631634 602830 167883 605210 133127 605579 639153 829467 794711 348913 ,631634 602830 167883 605210 133127 605579 829467 794711 348913 638758 
853779 940618 933819 877047 889590 252482 540549 607921 59426 41972 ,853779 877047 889590 252482 540549 59426 41972 946969 43836 56221 
390461 484139 970013 532659 657512 631251 574287 501087 921171 919459 ,390461 484139 970013 631251 921171 919459 562958 810366 252586 397108 
698427 43372 211324 734822 786493 786317 692475 489496 503794 312695 ,211324 786317 692475 291247 567682 210981 27519 775302 615063 272912 
390098 923920 652170 715761 23513 389974 23593 468279 892767 790839 ,390098 923920 652170 715761 23513 23593 468279 892767 790839 232782 
446509 446199 447118 446354 446815 446862 445911 446363 446892 446048 ,446509 447118 446354 446815 446862 445911 446363 446048 446678 446159 
920493 382883 86444 227427 83033 391568 483087 724364 801134 82459 ,920493 382883 86444 227427 83033 391568 483087 724364 82459 976842 
480617 854200 728652 847384 598041 136374 135620 672364 198916 277732 ,728652 847384 598041 136374 135620 277732 198916 234369 14700 237137 
368428 70974 434747 279100 886655 781845 658607 370070 826903 280695 ,368428 434747 279100 781845 658607 370070 826903 280695 533114 395187 
705262 422430 801862 198659 277475 124868 249034 594267 225929 520519 ,705262 422430 801862 198659 277475 124868 520519 823220 122490 277717 
398464 402284 949888 700325 679777 282981 30988 59899 923774 678728 ,700325 30988 135162 226297 788808 34251 398997 159585 30706 194351 
514765 515627 510519 881780 469489 198160 276976 351731 28618 390610 ,514765 515627 510519 881780 351731 390610 806435 276829 467830 974039 
45781 852872 1858 747161 850933 850630 735679 690803 735842 393219 ,1858 747161 850933 850630 735679 690803 735842 393219 521218 912632 
590145 826957 482056 843901 808894 844210 113163 99779 977382 618863 ,590145 826957 843901 808894 844210 99779 977382 113793 648953 216958 
622938 260958 982176 816190 139075 134723 137137 135623 758927 117511 ,622938 260958 816190 139075 134723 137137 135623 758927 936181 816798 
110060 82574 441765 595179 353077 352429 913478 354202 811685 441754 ,110060 82574 441765 595179 353077 352429 913478 354202 811685 441754 
235481 486867 887202 886783 234700 490677 489649 234620 32802 826538 ,235481 887202 886783 234700 490677 489649 826538 887020 757104 300842 
49788 861931 615939 72309 708066 242659 987679 668262 71197 479220 ,49788 861931 72309 708066 242659 987679 668262 71197 479220 905620 
248696 248013 496841 237331 292943 470868 74494 905086 665087 363425 ,248696 237331 292943 74494 905086 665087 363425 730048 338680 81380 
186714 186677 198466 178327 809567 197356 276172 177966 784593 393053 ,186714 186677 198466 178327 809567 197356 276172 177966 784593 393053 
304994 158173 420873 534010 77308 600748 771924 87451 279961 719538 ,158173 600748 771924 87451 279961 295095 719184 293357 125476 336634 
663070 81058 928942 876052 466424 875715 874775 669554 704495 775586 ,663070 928942 876052 466424 875715 874775 669554 704495 919815 244565 
539176 955000 800724 824757 713598 640616 716608 641302 640118 800989 ,539176 955000 800724 824757 713598 640616 716608 641302 640118 800989 
630678 14655 931141 70849 70069 451362 505982 451903 165773 761268 ,70849 505982 451903 942462 956263 959941 694203 17494 172503 508686 
827056 457650 118997 488155 464097 811814 849869 301353 847666 860595 ,118997 811814 849869 301353 847666 860595 767001 123282 149362 676114 
540713 19215 253524 970097 540869 506449 3652 65804 986555 677063 ,540713 253524 970097 540869 506449 3652 65804 986555 677063 371599 
16914 17311 17347 17087 593559 146223 146283 241834 226294 60811 ,16914 593559 241834 226294 60811 434712 430348 170195 917854 293666 
489402 82105 488680 284196 292376 97492 652965 655230 499458 720262 ,489402 82105 488680 292376 97492 655230 499458 720262 94091 917048 
97581 96166 203757 268035 75603 950623 307961 708701 508137 2765 ,97581 203757 75603 307961 508137 2765 4370 944454 93738 198088 
348616 358496 359977 199179 277995 904971 829849 275728 774029 774964 ,348616 358496 359977 199179 277995 904971 829849 275728 774029 774964 
678830 595677 839031 681153 671458 760810 21880 851216 173966 116445 ,678830 595677 760810 851216 173966 161365 737657 761147 625076 759270 
153931 931512 434519 433292 91735 216703 126385 65403 485897 108515 ,153931 434519 433292 91735 126385 65403 485897 108515 482730 947257 
469646 469500 970521 406055 24902 283792 183067 748754 24181 970240 ,469500 970521 406055 24902 748754 24181 970240 853871 705136 878373 
393427 108273 663416 577435 126136 553728 541495 226760 705474 786901 ,663416 577435 226760 705474 786901 553910 312004 553591 620856 543496 
306360 791206 305861 661119 305435 609439 247396 278811 227471 305235 ,306360 661119 609439 278811 305235 292380 666505 665636 122374 609004 
523027 986989 599726 110100 403049 619789 219681 514638 85502 397553 ,523027 599726 110100 403049 619789 219681 85502 397553 841267 180725 
44719 215832 427885 982587 994113 17993 982648 427567 518557 50992 ,215832 982587 17993 569659 104700 44148 246516 588180 518906 293134 
475454 380888 37950 479340 475755 769981 478225 159439 952114 478478 ,380888 37950 475755 769981 478225 952114 478478 45703 51649 743821 
559509 559399 559387 396978 518540 831154 329032 815139 964713 559569 ,559399 396978 518540 831154 329032 815139 615173 518688 534449 134688 
834820 906244 547075 547069 906444 834679 804376 835490 912649 102379 ,547069 906444 834679 804376 912649 458098 994895 825313 428407 853485 
996979 997024 686175 229868 787896 431325 168499 997067 814966 496437 ,996979 686175 787896 431325 168499 814966 97702 685455 272537 193721 
106803 372583 818254 108200 743095 23435 53644 294928 23465 107187 ,23435 53644 352507 187689 744809 98849 524717 522253 740349 352449 
195268 274084 441752 108334 194311 273127 287229 755575 441818 71846 ,274084 195268 441752 108334 194311 273127 287229 720807 637800 478570 
653885 636879 726475 653529 653553 889837 835586 654090 654313 944549 ,653885 636879 944549 654183 247495 338674 804142 910892 502215 649147 
58272 756114 198644 859732 708702 755724 3125 884379 501442 508138 ,58272 756114 708702 3125 501442 508138 562100 3356 804488 982034 
888469 327617 238505 419919 31546 195424 274240 938069 641455 32969 ,888469 327617 238505 419919 31546 274240 195424 938069 32969 372160 
421673 313592 137365 707858 952580 950234 416535 136932 963772 74745 ,313592 707858 952580 416535 136932 910498 382965 756711 387129 472500 
703539 465188 390238 73038 389926 781909 525223 517006 572365 422170 ,703539 465188 390238 73038 389926 781909 422170 255050 380800 389864 
832967 886174 546499 915912 842512 832981 546467 833104 223985 546468 ,832967 842512 546468 708784 546770 443808 930546 191299 960708 593943 
631436 968401 228115 66531 204740 269018 468403 519599 254830 125036 ,200005 184601 291806 291597 481466 279654 302247 280147 482037 311467 
635433 108571 256360 255497 126014 173506 156021 972947 748230 391862 ,108571 255497 126014 173506 972947 391862 154884 516567 469975 245618 
931551 928973 205883 270161 109212 416744 304311 416574 333601 867377 ,931551 205883 270161 304311 333601 867377 628517 127744 266792 202514 
166902 874720 861432 923756 30787 619681 762150 782766 493580 870666 ,166902 874720 861432 923756 30787 619681 762150 782766 493580 870666 
909938 183632 890126 189305 472269 67617 221350 910606 589090 385767 ,909938 183632 890126 189305 472269 67617 910606 589090 773058 546368 
197819 276635 297384 671373 296468 585101 619330 736248 610561 979995 ,197819 276635 296468 585101 736248 610561 979995 133585 116200 648623 
562778 393439 573818 868398 352311 295907 133034 250762 207731 576139 ,562778 573818 868398 352311 295907 133034 207731 214396 210148 158536 
815194 815241 541491 398885 542330 799288 825339 815190 448958 397765 ,815190 448958 397375 772106 815148 207744 889105 397546 772922 219837 
778319 778321 377837 385519 616533 984690 164861 616792 778583 958783 ,778319 778321 984690 616792 778583 11209 278315 864482 12852 143556 
334026 226109 64037 238463 860665 519560 309873 520022 335239 336289 ,334026 64037 860665 519560 309873 335239 336289 586070 71195 224442 
543358 81029 79317 24572 521122 944697 951326 645833 697686 900196 ,543358 24572 521122 944697 951326 697686 900196 285844 80984 896200 
479513 476911 448201 477313 559126 208011 657754 476587 785908 667651 ,479513 476911 477313 559126 208011 657754 476587 785908 667651 477277 
881367 882050 984981 997085 704471 661358 882730 562365 386051 853848 ,984981 997085 661358 882730 562365 386051 853848 873082 749601 832045 
619248 299614 190779 6196 775806 368158 367859 916606 121566 537348 ,299614 190779 6196 775806 368158 916606 121566 537348 138647 190748 
965051 900217 89733 459884 126958 483421 482622 944055 240237 363026 ,965051 89733 459884 240237 912184 846746 700494 86518 27206 212247 
836062 953903 170449 165895 835391 954333 573908 292921 546571 575935 ,836062 953903 835391 954333 573908 546571 575935 169291 371394 362824 
121864 394538 900721 722514 13074 15225 531608 360627 626466 543795 ,394538 13074 15225 531608 932760 696111 679408 265300 201022 390619 
822612 946609 253565 535005 882603 787998 714806 606033 732359 535438 ,822612 946609 253565 535005 882603 787998 714806 606033 732359 535438 
412317 192091 849695 477010 297832 192190 247906 797804 768523 248686 ,849695 477010 297832 192190 247906 768523 248686 861797 870607 475182 
197371 276187 802654 694256 683119 548336 688931 873673 406215 168642 ,197371 694256 548336 873673 406215 168642 548644 289252 537807 534440 
836355 776214 994418 798951 852564 595732 889217 134081 853195 852954 ,836355 776214 480351 282874 417315 989974 880365 417068 282716 989809 
386978 448228 448111 954612 953892 387419 449838 761960 953455 450068 ,953892 387419 449838 761960 761830 677701 276902 207546 559315 450643 
413461 412488 327417 412536 630709 680795 518945 622729 631448 941845 ,413461 327417 630709 680795 941845 948071 743700 435485 951825 404203 
52270 846663 559018 103474 211811 54566 453882 112368 37583 38767 ,846663 453882 572895 559078 558515 40213 373585 427687 537614 52446 
517479 518043 720012 365203 289101 524815 525125 350968 152094 89177 ,517479 518043 289101 525125 350968 152094 89177 152967 305388 152551 
721061 385888 170797 658868 765106 84146 193121 271937 658599 107860 ,385888 170797 765106 84146 658599 107860 108819 999176 346849 345499 
418892 776314 656845 882175 914541 775817 418857 881956 656450 373607 ,418892 776314 656845 882175 914541 775817 418857 881956 373607 187347 
96488 595950 224340 67308 861074 526811 474279 97665 183145 686609 ,96488 595950 224340 67308 97665 183145 184212 193227 195536 274352 
716824 434266 747437 930005 747605 342967 59167 316088 478503 843366 ,434266 747437 930005 342967 59167 316088 843366 843027 754416 962971 
655843 424069 654963 654592 465052 667679 655290 905634 770403 655533 ,424069 654963 654592 905634 655533 55380 53861 656716 654460 230189 
965326 997634 472057 964982 472085 869935 810686 997615 810460 870265 ,965326 997634 472085 997615 726348 997521 818721 543192 22007 965484 
393033 393155 204122 268400 392803 204629 268907 204270 268548 831664 ,393033 393155 204122 268400 392803 268907 204629 268548 831664 63195 
91766 194717 273533 632452 524694 82332 635070 129138 88839 193755 ,91766 273533 194717 632452 524694 82332 635070 129138 88839 272571 
798658 798345 948901 754691 823356 283795 360925 948607 459611 441755 ,798658 798345 948901 754691 459611 441755 381660 537798 53781 468053 
977876 977418 454319 724465 488869 977434 488352 223822 979285 947330 ,977876 977418 454319 488869 223822 979285 601690 731450 729274 861751 
454213 229313 391243 190180 428939 461194 999001 314679 475421 231457 ,229313 391243 190180 428939 461194 999001 314679 475421 231457 96636 
622962 516773 751271 635796 636280 751106 120318 550508 202873 298153 ,516773 751271 635796 636280 550508 202873 636070 367420 627610 182041 
113581 801888 597679 685871 506596 114954 520274 871647 699511 307163 ,113581 801888 597679 506596 871647 307163 550585 649084 744331 71718 
15904 416422 720952 564102 720081 548828 541882 193986 272802 678002 ,15904 416422 720952 720081 541882 193986 561095 804390 416348 485485 
717261 472295 957391 72032 898757 397593 642725 819295 634234 717250 ,717261 472295 72032 397593 642725 819295 472209 722354 18494 59801 
363905 454409 525190 323824 723116 510247 322681 717458 232307 193650 ,363905 454409 525190 323824 723116 510247 322681 717458 193650 438275 
753998 535032 477236 50631 54475 538171 476873 105782 122905 38676 ,753998 535032 54475 538171 476873 105782 122905 807519 54501 8597 
278747 30206 250716 182666 653128 653452 826300 821796 648804 40192 ,30206 250716 653452 826300 648804 40192 653372 431842 242732 972258 
362575 363245 350291 453859 207478 976517 976473 207320 976181 70090 ,350291 207478 207320 976181 70090 757158 196815 976486 756359 190471 
429708 296535 504293 397293 18499 431567 397185 179600 17504 877152 ,429708 397185 179600 305578 251890 356019 240871 525632 397301 663308 
5300 330332 69173 70085 497454 787559 684695 502522 724669 71999 ,5300 70085 787559 684695 871446 281121 567930 720672 68503 30326 
448956 842092 535850 879882 542949 674269 958809 989974 898061 709573 ,448956 842092 989974 709573 982936 990854 448578 969878 879812 541044 
931503 877155 508947 962359 571416 108024 954088 206151 270429 708284 ,931503 877155 108024 954088 206151 581789 948960 845323 14214 877720 
650650 649896 569552 568031 404964 673929 190756 567528 374287 568218 ,650650 568031 673929 567528 568218 649239 140525 568370 833121 190805 
538858 538921 963479 209668 710276 794091 748918 859985 481190 859685 ,538858 538921 963479 209668 794091 859985 894586 108991 125078 78106 
311119 630940 982201 38290 178992 485294 778477 317238 484364 77996 ,630940 982201 38290 178992 485294 317238 484364 77996 346378 301004 
902187 902045 898800 917382 947799 787150 955665 818095 35555 909837 ,902187 902045 898800 917382 947799 787150 955665 35555 909837 197823 
421579 421699 421866 421599 337971 876308 354409 497665 356971 276895 ,421866 421599 337971 354409 497665 356971 276895 442249 460106 599408 
283233 745840 306271 365625 389391 719791 151369 151255 366929 400622 ,745840 306271 365625 719791 151369 400622 89716 23904 188801 30142 
455322 306367 807607 934123 94313 728925 704778 964601 843315 153816 ,934123 964601 843315 807170 122364 934344 151239 339268 454337 863148 
245408 970743 349068 713188 590884 614375 48177 591326 820876 86395 ,245408 970743 349068 590884 614375 48177 591326 820876 86395 49768 
292427 600470 246060 283566 922427 95749 187162 81170 907426 351552 ,600470 922427 95749 187162 907426 351552 762214 762374 780409 412453 
814184 140834 814198 446718 442330 603654 804458 424075 397303 814194 ,814184 140834 446718 442330 603654 424075 397303 442401 373460 140651 
715894 909621 644568 216815 908624 795806 644908 644312 848890 214116 ,715894 909621 644568 908624 644908 644414 774694 644320 891451 218240 
650101 373847 819279 420426 674819 841595 755787 647776 398247 676104 ,819279 420426 841595 755787 398247 676104 542323 660384 839130 755936 
309539 246284 216677 315047 695364 118308 976161 336473 10761 752516 ,309539 246284 118308 976161 336473 10761 532221 432087 694765 689637 
358163 339594 354389 293890 305119 305209 453139 321779 742673 736767 ,358163 293890 305119 305209 321779 742673 736767 780181 819195 715836 
536065 23686 764179 649521 424120 536473 607192 649477 23675 647727 ,536065 23686 764179 536473 607192 649477 647434 869244 649283 647818 
529276 863750 599215 528801 322904 619019 289946 530610 696596 363717 ,529276 863750 528801 322904 289946 530610 696596 363717 547381 818970 
648783 831313 830797 686532 114125 647746 831081 756563 764279 849454 ,648783 831313 830797 686532 114125 831081 849454 760439 854677 646394 
701450 210452 725861 158404 619406 898363 863393 248356 896159 976764 ,701450 210452 725861 158404 619406 896159 976764 930814 870174 59633 
344888 343117 341490 368881 309629 845899 510723 939934 681270 611227 ,344888 368881 309629 510723 939934 681270 325262 739127 201664 265942 
342703 353827 354423 258179 314337 280750 613225 688681 298271 513585 ,342703 353827 258179 314337 280750 613225 688681 286953 310842 200752 
545668 545990 828639 656681 536368 519438 423448 536676 423542 249430 ,545990 828639 656681 519438 423448 536676 423542 249430 519033 644056 
90699 930645 92534 128543 927143 157091 29672 87286 22529 23091 ,90699 930645 927143 157091 29672 87286 22529 23091 490911 686662 
701096 289925 542222 343903 97727 117580 354190 255472 360928 891103 ,701096 255472 891103 34343 789731 326038 342542 138899 288824 952800 
336845 280739 351175 350668 799261 97357 336723 551877 732321 21106 ,351175 350668 799261 97357 551877 732321 493289 547651 492621 486956 
688258 476678 92062 479992 616887 417334 944370 46290 45715 124609 ,688258 476678 92062 479992 616887 417334 944370 46290 124609 480132 
660029 202852 267130 202758 39995 947403 982013 297475 226846 861635 ,660029 267130 202852 202758 39995 982013 297475 226846 861635 403158 
407252 516849 880520 666062 520659 128691 664186 613228 518807 961308 ,516849 880520 666062 128691 664186 518807 516933 27527 201678 991482 
917042 194844 918505 195447 274263 37259 194773 273589 184991 815132 ,918505 37259 194773 273589 815132 859521 130288 274695 682959 400738 
490985 707067 527851 91985 299007 930136 505153 612388 62728 490870 ,527851 91985 299007 612388 62728 490870 64172 492916 303813 909695 
304710 783615 70663 65039 602821 759424 65724 75358 944988 760324 ,304710 783615 70663 65039 602821 65724 75358 944988 760324 302257 
796021 141814 141761 796931 368917 865823 937357 701510 795719 694502 ,141814 865823 937357 701510 694502 382332 702178 933373 933141 469885 
352148 355212 337702 338700 351799 337723 306645 337528 353034 364259 ,352148 355212 337702 338700 351799 337723 337528 353034 811981 364091 
200563 264841 201236 265514 308517 200436 264714 30203 588793 246611 ,200563 200436 30203 246611 371208 306929 658995 497391 498959 523363 
509048 18524 633844 18038 509641 454385 660673 80660 453973 242019 ,18524 509641 80660 453973 130088 242040 308222 888187 130465 887796 
643696 643227 638142 638122 449492 36847 643103 457335 449799 188867 ,638142 449492 643103 188867 643277 640280 642888 670166 889454 188793 
981472 552445 722744 316043 969966 875483 961708 457175 969753 867222 ,981472 722744 316043 969966 875483 457175 460834 505475 952253 552709 
767810 724948 73793 72026 381464 720945 382655 600252 334049 463119 ,767810 73793 381464 720945 707602 533670 766729 185752 723703 163395 
636834 111921 280458 5131 558381 516840 68335 321510 151282 819605 ,636834 111921 280458 5131 558381 516840 321510 151282 819605 82811 
807882 807743 807764 126880 807890 108030 409067 564508 931497 377647 ,807764 126880 409067 564508 931497 73053 550738 561347 4225 738379 
158014 157050 983141 228860 11326 860303 603343 601755 497500 210392 ,983141 11326 860303 922273 238448 83124 365441 5557 956519 237740 
20160 376396 19957 284442 92941 490082 489589 780308 320954 534018 ,20160 376396 19957 284442 490082 489589 320954 531415 531441 233094 
156093 236591 597150 711381 728667 106433 177147 110756 208845 871661 ,156093 236591 597150 711381 106433 177147 871661 234333 423975 106783 
61848 321590 324163 305237 154896 246818 526930 768380 527477 62466 ,321590 324163 305237 154896 246818 768380 62466 524154 1820 69046 
105311 207804 644056 37898 384340 537483 817537 476990 479474 207734 ,105311 207804 37898 384340 817537 479474 656107 605444 656891 476871 
664933 534208 76518 506908 452353 498441 514262 746502 170434 308063 ,664933 534208 76518 506908 452353 498441 514262 746502 170434 502187 
898514 469564 470492 467493 12440 493085 523581 70889 898918 467240 ,898514 470492 70889 898918 467352 470150 322130 470013 539265 176198 
821265 821099 584219 813387 103620 305516 917597 170225 532248 680503 ,821099 584219 813387 103620 532248 680503 550196 813090 669270 771863 
461325 460387 454957 378148 115999 378214 492829 819999 459525 598519 ,461325 460387 454957 378148 115999 378214 492829 819999 459525 598519 
411349 797045 897961 592627 975294 187516 373339 99878 576765 373391 ,411349 797045 975294 187516 216575 215697 587051 914384 411401 605865 
560067 900128 386281 893015 746537 786645 559025 557868 628314 792831 ,560067 900128 386281 893015 746537 786645 559025 557868 628314 651992 
399744 403190 877567 399246 399857 797969 969443 877213 961445 351792 ,403190 877567 797969 969443 961445 167212 59859 400463 948871 451729 
808235 878585 554237 775551 735156 683154 813573 539608 770420 410533 ,808235 554237 775551 813573 539608 770420 410533 733651 775641 807582 
682544 788401 788504 234084 931701 192805 271621 169744 195961 274777 ,682544 788401 788504 234084 931701 271621 192805 169744 274777 195961 
119452 306279 334787 29495 29690 759793 323738 578953 893991 671541 ,306279 323738 116484 174073 331263 352165 179032 115669 578423 686732 
596782 596851 928757 748480 171641 627815 319652 466856 12175 98731 ,596851 928757 748480 171641 627815 319652 466856 12175 168440 227488 
650688 648045 650805 648046 793719 809031 651544 793163 554264 649131 ,650688 648046 793719 793163 649131 912155 553980 456248 987277 90231 
159798 692760 750286 131880 710906 432554 117585 132326 754287 519275 ,159798 692760 750286 131880 710906 432554 132326 754287 519275 437759 
991587 437379 338664 742678 742597 742556 311426 826938 963357 196106 ,991587 437379 338664 742678 742597 742556 963357 196106 274922 44017 
3740 732632 301203 96349 402224 474207 502804 921370 36189 978218 ,3740 402224 474207 502804 921370 730627 231088 684806 579785 17424 
747606 711131 356442 669518 640878 565431 934715 128180 671792 996136 ,356442 669518 565431 934715 671792 358605 345411 668705 252387 223707 
410432 479529 54434 38701 994291 287427 37748 476913 856695 410454 ,410432 479529 38701 287427 37748 476913 856695 410454 994362 477725 
976324 876033 810236 378082 522704 895287 507239 485157 856670 926163 ,976324 876033 378082 856670 926163 867593 727070 626380 744136 97463 
33719 35019 656009 436860 97226 797780 387013 15513 212618 91937 ,33719 35019 436860 97226 797780 387013 15513 91937 862750 20391 
828830 868398 117377 698425 990031 131658 698570 209972 990751 711007 ,868398 209972 990751 775624 862338 809547 560599 797301 648011 839344 
854496 498256 461174 35442 671651 770029 13423 663041 995881 83230 ,854496 498256 35442 770029 13423 83230 585179 476372 877165 83623 
890624 92219 862597 863365 917930 924723 947317 39841 918103 786298 ,890624 92219 862597 863365 917930 39841 918103 923517 864976 186673 
945340 945145 946071 326071 596937 731594 552588 88430 599022 586558 ,945340 945145 946071 326071 596937 731594 88430 17095 340903 330821 
720503 807242 237628 997385 720173 608894 470876 682545 571698 799436 ,720503 237628 997385 720173 608894 470876 571698 799436 526306 512445 
156334 122003 157182 122083 104858 389910 111801 544494 121995 780628 ,156334 122083 469275 336716 719429 228618 738781 544116 815300 478960 
964818 100043 291050 544078 105753 379068 224172 191342 379124 964834 ,100043 105753 379068 224172 379124 964834 122818 92126 438888 68045 
253419 983759 985296 984397 980477 227756 949521 566336 517196 227621 ,253419 983759 985296 227756 566336 227621 854826 984314 983934 856816 
842672 805709 930415 869715 867503 122820 725077 594500 13584 11167 ,869715 122820 725077 11167 870658 868105 118678 330730 899092 484812 
560257 794711 133081 847103 296294 12673 881347 634153 298199 406983 ,560257 794711 133081 881347 634153 406983 881631 102439 390758 859034 
775428 246997 194218 49157 258564 485648 978340 49504 200249 264527 ,194218 258564 247266 681500 81524 613938 837464 121606 493240 428109 
368875 955057 669249 956645 792872 307253 393219 636788 308200 823605 ,368875 669249 956645 307253 393219 636788 308200 823605 232859 262804 
900030 564728 876999 232636 900675 97186 806851 452502 553771 564173 ,900030 564728 232636 900675 97186 806851 452502 553771 564173 352628 
934112 937550 934019 935666 338073 597079 529376 522102 338609 103370 ,597079 103370 378226 623830 532580 801407 497916 992365 283628 801651 
368875 152567 956645 716543 823557 573145 215667 262759 79387 478749 ,368875 152567 956645 716543 823557 573145 262759 79387 478749 823605 
966916 556125 5211 966411 469634 214355 225733 916109 562323 863199 ,966916 469634 225733 863199 208338 917398 686203 607932 545950 195128 
372082 482633 165207 194546 273362 531021 531344 201879 266157 256504 ,531021 266157 201879 256504 272639 232227 267776 203498 165286 806686 
460912 463125 364364 23021 310515 246610 833385 168625 88784 91614 ,460912 463125 364364 23021 310515 246610 833385 91614 521996 284477 
855397 115414 629361 158354 718849 970674 587197 946742 847478 42548 ,855397 115414 629361 158354 718849 970674 587197 946742 847478 42548 
552523 671375 877374 640372 552382 834590 877792 117942 641132 641354 ,552523 640372 552382 117942 641354 791043 896089 116743 907864 807431 
529308 533822 529083 533143 16712 534095 429593 529030 529698 16748 ,529308 533822 529083 533143 534095 429593 529030 529698 16748 530719 
365898 777630 517484 574740 517811 358047 376435 56014 294589 575115 ,365898 517484 574740 517811 294589 575115 780758 809224 404519 289055 
82588 357235 12925 82525 300824 84257 482242 614988 636926 88219 ,357235 12925 82525 84257 482242 614988 88219 337530 638190 87152 
147770 131152 41221 131694 618545 684063 618986 666535 618354 995351 ,131152 618545 666535 618354 995351 148262 84985 587948 482524 981641 
666329 54123 51831 443270 608982 54046 283826 154781 57257 452105 ,54123 51831 443270 608982 54046 283826 154781 452105 154104 429889 
654744 767210 620087 622258 882898 403973 981416 373943 618467 622290 ,654744 620087 622258 882898 403973 981416 373943 618467 622290 618064 
377484 943051 868334 496541 205851 270129 921169 800715 943666 207552 ,377484 943051 496541 921169 800715 943666 207552 840713 459079 166755 
403318 893015 398668 728793 402949 398688 387648 474100 211858 786645 ,403318 893015 398668 728793 402949 398688 387648 474100 211858 786645 
113141 259422 561549 842055 842084 997406 842027 143350 429491 440179 ,259422 561549 842055 842084 997406 842027 143350 440179 4002 374224 
493645 493144 495334 835462 13278 802530 801256 834215 233799 833704 ,493645 493144 495334 13278 802530 801256 834215 233799 833704 834325 
629894 629633 26494 27046 631048 484194 724656 801173 629586 881291 ,629633 27046 678226 301309 806069 784451 210494 295719 291242 2391 
724863 393451 277050 203938 268216 798470 806245 708428 1469 355765 ,724863 277050 268216 798470 806245 1469 355765 19048 307536 273436 
112225 112560 470485 531007 652636 224501 219700 310048 956020 22514 ,112560 470485 531007 224501 219700 310048 956020 194127 839325 327615 
676496 612595 770596 610210 815154 826561 766685 767659 611196 576134 ,612595 610210 815154 826561 766685 767659 611196 576134 427797 611316 
570906 77430 585042 87059 477038 406137 685064 87777 498251 85542 ,570906 585042 87059 477038 406137 685064 498251 85542 479880 401167 
961735 961726 6737 820494 970201 554573 7005 820466 141277 190699 ,820544 187367 48731 189210 190716 399064 190810 189343 99604 654557 
213512 440358 250913 422749 381200 423132 502434 421049 338383 310258 ,213512 440358 250913 502434 338383 310258 153857 594109 107505 569328 
207970 639100 442493 789231 793129 619116 540192 207991 540157 442578 ,207970 789231 793129 619116 540192 207991 540157 442578 26891 918492 
391901 809181 364560 364424 958055 180052 502838 865999 534751 364060 ,391901 364424 180052 364060 534800 574705 488453 813763 391878 360594 
471828 863759 106966 911613 353766 514836 107276 966903 917226 917308 ,471828 863759 911613 353766 514836 107276 966903 917226 917308 917026 
107239 107746 310171 525646 188330 82621 686128 575182 602747 602905 ,107746 82621 686128 602905 378507 685592 10305 799639 522117 487094 
667082 667220 539699 768460 667020 768045 666895 666946 539680 190925 ,667082 768460 666895 448033 446586 603712 768034 768139 768145 191067 
716289 258945 720920 96773 46613 328020 165954 11283 96850 719955 ,258945 720920 96773 46613 11283 96850 829136 718875 853716 319593 
961354 225138 838422 223605 942962 523527 732638 449818 391116 554701 ,961354 225138 838422 223605 942962 523527 879864 13938 561274 948845 
929449 872933 865200 81674 417949 391780 655119 355338 150964 929834 ,929449 865200 81674 733357 512490 343911 834470 502734 66960 69707 
686649 631512 433393 512091 592169 539108 16544 298933 514878 363474 ,686649 631512 433393 298933 363474 520121 669964 508996 690024 686590 
433519 996184 422089 381318 303859 110164 569078 110278 525889 364422 ,433519 996184 381318 303859 569078 110278 525889 364422 514619 430817 
883724 91796 128524 783469 861261 23696 96290 916994 860057 811413 ,883724 91796 128524 861261 96290 916994 860057 811413 391657 438010 
940876 946970 940660 940596 941802 947230 946929 948057 950716 12969 ,940876 946970 940596 946929 948057 950716 12969 847243 20506 690755 
239126 356988 671174 835644 357662 158836 884280 689910 353117 339256 ,239126 671174 158836 884280 689910 339256 434553 267840 203562 263110 
972563 971585 526142 125060 508378 73179 124724 106725 105368 684169 ,972563 971585 526142 508378 124724 106725 105620 931288 931032 971790 
346010 339614 344912 771550 487722 763179 658189 421975 20413 426544 ,346010 339614 771550 487722 763179 658189 20413 426544 20080 702923 
864603 371548 352475 825210 732149 323364 348628 459197 286165 458955 ,371548 352475 825210 732149 348628 459197 458955 65240 683301 730704 
626307 988759 695597 175479 147458 670062 487514 148272 388083 551540 ,626307 988759 695597 670062 487514 148272 175630 169645 746610 999639 
105473 64946 971403 413521 965773 237403 592460 19016 663253 716413 ,105473 64946 413521 965773 237403 592460 925714 13932 26283 185459 
674877 990412 969967 952959 752168 843804 881684 159934 844414 810645 ,990412 843804 881684 159934 810645 610898 567951 567084 763218 158442 
608019 549077 364132 64522 801227 222770 363798 801693 181033 371421 ,64522 801227 222770 363798 181033 371421 283492 667797 912233 609458 
351987 233832 339510 8612 323246 745960 745993 101249 862947 367362 ,233832 339510 101249 242141 179420 433970 175395 233713 82784 263502 
482959 930503 943144 728994 843980 66543 529251 99630 121787 750238 ,930503 943144 843980 66543 529251 99630 121787 707962 186041 347397 
834181 685960 833334 845807 67744 398352 635122 569836 948041 570081 ,685960 845807 67744 569836 570081 884116 376392 200391 703042 67520 
140264 482790 420868 744809 483145 547031 83953 83997 522277 522291 ,140264 482790 420868 744809 483145 547031 83953 522291 744280 514109 
542954 541877 524046 542716 65988 755085 459416 508416 974743 541960 ,542954 541877 524046 65988 755085 459416 508416 541960 82369 971854 
527155 527653 784178 918720 211533 556648 273794 912665 344861 413626 ,527653 784178 556648 344861 413626 708219 689489 578792 367589 341690 
673408 673275 672888 672784 673109 674762 673437 672709 672850 673693 ,673275 672888 672784 673109 673437 672709 673693 672648 674223 674072 
227825 78848 663238 645105 350478 305372 336645 658685 978974 307845 ,227825 78848 663238 645105 350478 305372 336645 658685 575909 236950 
627993 628074 628332 521953 24043 24963 903690 528161 742172 23850 ,24043 23850 23871 30036 371462 916450 228840 20410 635123 171031 
969146 960784 969198 889096 545462 960690 960671 190998 855555 885551 ,969146 545462 960690 855555 969193 546631 850681 996894 191269 191001 
392726 680820 778371 964829 855799 247054 964820 542161 243174 966447 ,855799 542161 303386 60742 808922 297892 542151 852878 243095 844780 
939764 58118 68217 222713 650744 899198 930194 868731 680051 554809 ,939764 58118 68217 222713 650744 899198 930194 868731 680051 554809 
639846 852624 667246 643844 825311 759341 572457 455853 885911 639809 ,639846 852624 667246 643844 825311 759341 572457 455853 639809 853592 
540819 517291 249317 602087 527610 528249 488641 491423 504333 44437 ,491423 585834 68062 618188 529106 503787 851313 105975 82309 325785 
298124 532653 662922 43995 152088 609443 663103 608924 427066 236680 ,298124 532653 662922 43995 663103 608924 427066 279260 386577 710357 
326400 576085 577210 577359 335953 515189 886851 578938 75792 392547 ,326400 576085 577210 577359 335953 515189 886851 75792 392547 663928 
40328 636974 588520 650206 334120 585910 334825 457034 824905 642849 ,650206 334120 585910 334825 457034 824905 659429 56081 428371 701061 
639176 635642 228990 635447 516616 635688 789378 351210 305683 292106 ,639176 635642 228990 635447 516616 635688 789378 351210 292106 639163 
83382 307076 684350 18325 443912 832839 791556 780912 160791 831923 ,684350 18325 780912 831923 918214 684255 105024 503292 604180 292614 
143744 902961 902921 251317 706613 11644 902164 383226 11318 128640 ,143744 902921 251317 11644 902164 383226 128640 527849 471399 896157 
761421 834460 49739 535984 536243 569781 423486 423855 402910 31098 ,761421 834460 49739 535984 536243 423855 639767 680039 544233 835244 
91043 87999 651173 583522 648727 711412 229275 582994 649939 978376 ,91043 87999 583522 648727 711412 229275 649939 230518 703074 60191 
38388 552875 38442 38032 38124 207973 901261 553191 425198 39208 ,38388 552875 38442 38032 38124 207973 901261 425198 39208 39406 
861079 322857 749063 322871 700983 80693 668208 805786 466984 60454 ,861079 322857 749063 322871 700983 80693 668208 172308 156538 208483 
890993 569863 962613 962503 726899 358427 301048 303789 320628 671794 ,890993 569863 303789 320628 304127 911025 545137 856033 669324 671707 
397748 397206 639434 413060 794860 907637 628517 412764 333601 907337 ,397748 397206 639434 413060 794860 907637 628517 412764 333601 907337 
234844 844758 403367 301509 843432 587403 181067 236077 843947 575511 ,403367 301509 843432 587403 181067 575511 204529 268807 687389 236742 
689946 689895 603379 635298 301999 338688 845794 305490 22430 516528 ,689895 603379 635298 305490 22430 516528 25130 215585 422767 105947 
171680 171114 227294 391187 171595 322559 227213 973188 515919 874424 ,171114 171595 322559 227213 515919 874424 933835 110197 941950 306087 
609978 835656 917639 19133 618834 404665 264046 666062 404662 121850 ,609978 835656 917639 618834 404665 264046 666062 404662 666417 848417 
223623 223952 223542 841328 74421 508600 204412 268690 752251 93267 ,223623 223542 841328 74421 508600 204412 752251 93267 841558 121893 
39450 38552 512718 425578 38348 38544 512415 424420 38446 38548 ,39450 38552 512718 425578 38348 38544 512415 424420 38446 38548 
559556 558426 558605 559549 559599 546392 546425 558751 559562 546426 ,559556 558426 558605 559549 559599 546392 546425 559562 546426 636260 
326037 329429 497800 847622 333617 896705 929297 340254 453777 744298 ,329429 497800 847622 333617 929297 453777 744298 584424 20877 370737 
823300 578645 641935 695429 486052 887930 153034 578533 25534 52369 ,823300 578645 695429 486052 887930 153034 578533 25534 52369 577441 
664972 936584 240358 842521 712018 74430 16047 72857 216750 998664 ,664972 240358 842521 74430 16047 72857 998664 34479 961384 267416 
563119 922515 236590 452798 938982 481459 938658 743867 984122 983612 ,563119 922515 452798 938982 938658 984122 139374 683676 874808 282094 
917039 769805 869904 613928 957962 912926 918087 319452 368193 370313 ,957962 918087 319452 405544 990616 806577 979727 639567 916506 99028 
983523 263220 533007 262787 494914 263630 850086 779487 532493 532809 ,983523 263220 494914 263630 850086 779487 532493 787795 788011 433728 
455229 456132 454607 59407 225780 634657 69467 424885 526363 254402 ,455229 454607 59407 225780 634657 69467 424885 254402 884069 530304 
360985 348648 540398 132389 597947 807368 62975 362812 533183 533277 ,360985 348648 540398 132389 597947 807368 62975 362812 533183 64908 
665411 111416 665922 110833 661366 110809 967506 110400 781997 110513 ,665411 111416 665922 110833 661366 110809 967506 110400 781997 661497 
165923 251899 167051 738804 682519 796682 73230 381482 69315 873525 ,165923 167051 682519 796682 73230 381482 873525 966540 966695 437216 
428836 428214 661755 339932 428283 362311 660935 752447 667701 340791 ,428836 428214 661755 339932 428283 362311 660935 752447 667701 340791 
56585 823785 477438 448087 9471 768262 894841 768489 448063 448294 ,448087 9471 894841 752084 480276 54992 604420 448024 54953 389268 
915915 697322 237269 618574 697630 969257 389705 698309 543552 618355 ,915915 697322 697630 698309 543552 523797 114165 87782 88415 208265 
676362 674979 676071 676724 26616 557551 758232 946040 943864 610965 ,676362 674979 676071 26616 758232 943864 610965 763204 674920 763859 
42718 43058 42596 217881 43197 637697 43173 580196 95223 94884 ,42718 43058 42596 217881 43197 637697 43173 580196 95223 94884 
250559 522740 425076 61683 728480 194536 273352 249561 507302 307175 ,250559 425076 61683 273352 194536 507302 307175 285894 530651 521849 
423143 891520 422904 318460 320601 320369 457112 68256 890520 558221 ,423143 891520 422904 320601 320369 68256 890520 558221 768799 236062 
732892 979455 918378 62211 980654 429896 928731 320265 928115 846449 ,732892 979455 918378 62211 980654 429896 320265 846449 578006 320240 
910386 908200 913010 909501 909341 909784 908749 555827 979231 915104 ,910386 913010 909501 909341 909784 908749 555827 979231 82807 979215 
210748 833318 833499 249804 210687 354962 190398 327325 388701 290991 ,210748 833318 249804 210687 354962 327325 388701 419783 727571 864781 
855029 855504 854676 769160 958918 996965 103872 958118 104111 854731 ,855029 855504 854676 769160 103872 958118 854731 947674 768805 826038 
856863 856142 995664 544943 995330 963407 610275 374258 136157 650156 ,856863 544943 995330 374258 136157 544501 610057 962775 211891 673335 
654636 23260 874292 834710 832325 705074 614565 589631 439743 224255 ,23260 874292 832325 705074 589631 439743 224255 513352 988126 575309 
250968 256274 257675 242777 376916 793601 531575 690611 795379 15722 ,250968 257675 242777 376916 793601 531575 690611 795379 15722 284914 
189871 208710 208805 579225 773154 208673 284915 806755 806277 101887 ,189871 208710 208805 579225 773154 208673 806755 101887 34173 534408 
847534 972070 539706 916027 202905 267183 528701 260461 929975 93193 ,847534 972070 539706 916027 267183 202905 528701 929975 93193 227757 
975814 638096 975827 305654 254950 700115 255300 341318 699853 576916 ,975814 638096 975827 305654 254950 700115 255300 341318 453111 293239 
466952 586351 905056 575389 44147 365445 521366 905086 949764 112595 ,466952 586351 905056 44147 365445 521366 905086 949764 112595 686527 
106165 253933 565172 562187 283915 17855 421383 506212 499299 742940 ,106165 253933 565172 283915 17855 421383 506212 499299 742940 895818 
852622 655906 655030 858411 446975 650707 673022 895902 654952 853146 ,852622 655906 655030 858411 446975 650707 673022 895902 654952 853146 
223428 479220 339634 338518 556200 478698 636020 422397 604875 74090 ,223428 479220 339634 338518 556200 478698 636020 422397 604875 74090 
209451 620628 665491 686071 664808 839434 998806 209478 664614 839436 ,209451 620628 686071 664808 998806 209478 664614 971657 962624 281378 
925997 3802 921268 691909 540919 540855 258529 553651 691308 384193 ,258529 553651 691308 549260 313320 665919 450293 736117 958362 554822 
658585 840913 917126 72492 562882 381006 630481 993394 506783 694015 ,658585 840913 72492 630481 506783 694015 88497 366762 799310 631597 
733496 396633 572415 976519 739019 976037 742687 975747 975999 224150 ,733496 572415 976519 739019 976037 742687 975747 975999 224150 736953 
900869 630099 899524 919784 804899 453848 993826 326180 209426 937004 ,900869 630099 899524 919784 804899 453848 326180 209426 937004 830655 
112663 920819 113118 448 718639 749386 411794 715753 16000 829820 ,112663 920819 113118 448 718639 749386 16000 313119 887456 517423 
642396 350103 46841 307286 254247 307025 603907 280215 535827 641014 ,350103 307286 254247 280215 37023 536045 40646 852664 143833 247785 
24183 757789 568828 830227 757801 24066 755508 858628 373717 191004 ,24183 757789 568828 830227 757801 24066 755508 373717 191004 569542 
339415 108019 521864 613503 466577 515681 349665 363373 40560 865838 ,339415 521864 613503 466577 515681 349665 363373 40560 865838 362468 
545026 293281 115196 993879 145494 421320 293089 993837 993830 133376 ,545026 293281 115196 993879 145494 293089 993830 133376 46992 140910 
464070 253289 31441 115152 138251 728328 32856 196358 275174 708314 ,464070 31441 115152 138251 728328 708314 347113 697861 506475 598944 
14784 12878 520098 215121 520502 1990 845207 196546 275362 797148 ,14784 12878 520098 520502 1990 275362 797148 836532 519795 208680 
548650 431594 549097 58645 260769 189735 259506 131851 109017 416596 ,549097 431594 58645 260769 189735 259506 131851 109017 514772 458273 
322843 375128 322539 89817 198496 277312 395270 90099 835017 196619 ,322843 375128 322539 89817 395270 90099 275435 729802 587878 820635 
69575 75005 71693 60367 70446 63941 60656 106733 346247 680574 ,69575 75005 71693 70446 63941 60656 680574 344993 599776 82142 
889613 989931 990383 991563 969237 636063 243190 193943 272759 193591 ,889613 991563 969237 636063 243190 272759 193591 272407 831786 249203 
94735 94840 737999 94584 527845 94941 634321 57605 516601 287435 ,94840 737999 94584 527845 94941 634321 57605 287435 68717 686168 
120401 15116 403866 165589 15554 896526 297065 336009 165193 657634 ,120401 403866 165589 15554 896526 165193 657634 163544 974836 90510 
565415 565086 840430 327158 14101 629855 441998 232221 532792 563518 ,565086 840430 14101 441998 532792 751147 441825 989038 122665 538937 
652420 654191 649943 650263 651263 649126 995059 655100 651589 655423 ,652420 654191 649943 650263 651263 995059 655100 651589 655423 656065 
880550 881311 556511 880430 880895 541635 187981 769865 555406 541755 ,880550 881311 880430 880895 541635 769865 555406 541755 826803 8013 
833017 831060 830513 833118 833479 833592 830477 429523 429568 841315 ,833017 833592 429523 429568 991277 834476 305518 101283 430173 429962 
895423 111630 129463 957807 895700 895730 879822 619082 828762 628050 ,895423 111630 129463 895730 619082 628050 624692 481283 993535 3826 
197781 276597 536861 703026 679161 935637 537055 771537 979833 517850 ,276597 197781 536861 703026 537055 771537 979833 517850 60418 933621 
285015 644892 238838 804701 340899 229050 238700 325064 284280 38789 ,285015 644892 238838 340899 238700 325064 284280 38789 558967 558754 
411471 218643 287068 416266 941282 345576 348078 751977 599504 263752 ,416266 345576 348078 254141 947270 263599 461523 459459 247383 558681 
822228 822276 822474 822348 292676 292197 804832 814231 824640 825606 ,822276 822348 292676 292197 804832 814231 824640 825606 824904 649456 
18940 180587 18427 125713 911131 142150 550071 685513 720439 125736 ,18427 125713 125736 713066 625591 547554 528888 845326 799980 155443 
179855 235346 321836 821172 741003 179571 745112 692534 739161 735104 ,179855 235346 821172 741003 745112 692534 735104 235892 155598 31596 
794712 680992 794414 942826 439478 794107 622825 903303 470232 440233 ,794712 794414 942826 439478 622825 903303 470232 440233 671475 948518 
477569 666861 666867 667072 667011 568046 667063 667065 718923 222740 ,477569 666861 667072 667011 568046 667063 667065 718923 718398 477234 
514175 514370 949781 44926 547936 29679 516004 896776 124502 44473 ,514370 949781 44926 547936 29679 896776 124502 51076 880421 566456 
349514 811149 157013 163654 238956 120308 391617 119288 363215 349845 ,349514 157013 238956 120308 391617 349845 240127 328225 751209 113719 
323060 471816 54186 186930 468023 252024 354929 473074 419814 554410 ,471816 468023 252024 554410 482453 875210 110333 419883 488980 72415 
882972 117181 724211 803788 579505 865734 862392 862676 481816 601678 ,117181 865734 862676 481816 111360 227468 108814 394502 573566 628248 
41063 808567 555625 519043 390277 807663 2804 70630 262980 541364 ,41063 808567 555625 519043 390277 807663 2804 70630 262980 541364 
227941 901885 395806 51829 313576 914691 777514 620696 83107 543601 ,227941 901885 51829 313576 914691 777514 620696 83107 543601 387341 
455298 678944 412134 455990 350581 427563 472375 261937 713863 566545 ,455298 678944 412134 455990 350581 427563 472375 566545 566476 120865 
701760 702190 864182 363789 810467 526831 279471 795240 407570 730945 ,701760 702190 363789 810467 526831 279471 795240 407570 730945 636884 
88463 537292 818247 252635 683645 371922 706577 425866 809121 87775 ,88463 818247 683645 371922 706577 425866 809121 87775 153787 491776 
319959 944560 510526 770872 77526 764552 763717 407533 407268 461993 ,319959 944560 510526 770872 77526 764552 763717 407533 407268 461993 
99652 548530 390756 799186 959577 628161 741488 171579 99331 487021 ,548530 628161 171579 99331 132769 873915 17230 66425 549889 752570 
813886 235901 632366 843790 818041 634696 678188 812773 882719 482020 ,813886 235901 843790 818041 634696 678188 812773 482020 634538 649998 
649709 649309 955665 649619 557117 649708 909837 714298 557118 574696 ,649309 955665 649619 557117 649708 909837 714298 557118 574696 714370 
776656 336816 46614 519732 336865 519264 360008 519459 426588 54303 ,776656 336816 519732 336865 519264 426588 861032 432774 323297 519970 
954201 954052 460079 915915 65795 842152 626117 65427 888372 777395 ,954052 460079 915915 65795 626117 698309 805741 461160 328702 789705 
722012 728806 720714 721049 261949 107915 688046 783229 124067 111222 ,728806 107915 111222 130401 722781 293470 740834 522930 523990 413549 
525139 420777 559075 297934 433402 51163 738359 4622 754241 524776 ,525139 559075 297934 433402 51163 754241 524776 558707 426543 158006 
390744 259218 515892 588466 751325 258804 589362 975682 298902 519253 ,390744 588466 751325 258804 589362 975682 298902 296329 853106 576939 
293828 423162 750988 473408 473563 293922 982705 699950 807312 496411 ,293828 423162 750988 473408 473563 982705 807312 496411 823744 736430 
127508 16225 107954 523020 16257 379104 108236 127255 174162 414151 ,127508 16225 107954 523020 16257 379104 127255 174162 10269 173473 
470068 378862 385125 545399 385299 551987 609711 385860 24293 671641 ,470068 385125 545399 551987 609711 385860 24293 671641 164610 406901 
258347 196195 275011 533295 821770 327492 871120 463186 487973 147940 ,258347 196195 275011 533295 871120 487973 956479 945984 37032 977375 
17726 17178 416240 17748 64151 777967 17341 573218 622100 836712 ,17178 416240 17748 64151 777967 622100 836712 721369 540498 622843 
599690 19014 314171 503354 310654 550692 742287 506435 196914 275730 ,599690 314171 310654 550692 742287 506435 275730 196914 315456 702356 
17754 943559 949442 884286 178921 183608 653664 370234 261845 619980 ,17754 943559 949442 178921 653664 370234 261845 619980 393390 575296 
661651 732201 730534 311448 463919 514886 456780 838985 87424 312782 ,661651 732201 311448 463919 514886 456780 838985 312782 384870 895613 
513951 513024 512661 494574 694062 64896 694814 732171 136529 330816 ,513951 513024 512661 494574 694062 64896 694814 330816 301636 573485 
180822 989053 489467 735335 389685 972772 588746 841045 729029 225984 ,989053 489467 735335 389685 972772 588746 841045 729029 225984 134167 
643590 643823 643552 211634 862285 643589 911973 552809 102016 799717 ,643590 643823 643552 211634 862285 552809 102016 799717 862171 559981 
234935 234048 234519 318127 491516 345935 359571 298433 491801 807305 ,234935 234048 318127 359571 298433 491801 807305 323628 883885 97836 
283539 878561 353695 340315 778745 67428 579649 139461 130158 751730 ,283539 353695 340315 778745 67428 579649 130158 860846 368604 760172 
166934 965166 877175 263532 148483 41258 125381 765794 149299 796119 ,166934 877175 125381 765794 149299 41209 636163 991597 857235 148726 
352318 352906 458380 279740 352574 954248 634917 339410 499391 632553 ,352318 458380 279740 352574 954248 634917 339410 499391 632553 505365 
36073 403368 17744 307094 499061 966211 676199 498187 739174 978808 ,36073 403368 307094 499061 676199 498512 741449 705697 404275 966126 
734840 968941 734851 232269 379434 20687 515511 20410 389612 566957 ,968941 232269 379434 20687 20410 566957 876768 244166 800838 20588 
662407 635389 467603 548276 501565 4548 292327 548176 722926 372371 ,662407 467603 548276 501565 548176 722926 372371 79495 429275 571879 
957603 640670 958236 957759 641396 649798 640719 957728 640453 641599 ,957603 640670 958236 957759 641396 649798 640719 957728 640453 641599 
209021 91636 548663 193146 271962 549433 775331 61456 300514 481987 ,548663 193146 549433 775331 61456 300514 481987 351543 345521 306126 
363849 86762 350831 421864 293204 525130 351322 364539 237338 84122 ,363849 86762 350831 421864 293204 525130 351322 515011 524965 754242 
876815 554423 553443 851428 484938 810586 851841 934087 932536 966109 ,876815 554423 553443 851428 810586 851841 932536 966109 833157 895216 
555262 555767 543375 5158 556437 790576 632506 555280 768228 768071 ,555767 543375 5158 556437 555280 768228 768071 467289 675960 771207 
693235 935339 704134 866572 152296 170745 462389 358452 14815 935514 ,693235 935339 704134 866572 152296 170745 462389 71027 70029 170293 
546280 851392 852358 423931 52547 771389 849866 794215 823567 768937 ,546280 852358 52547 794215 823567 768937 41327 50914 424826 57740 
562281 561147 289812 45501 889666 561217 676884 564134 887718 561412 ,562281 561147 289812 889666 561217 564134 887718 561412 856575 267491 
946846 331137 234412 972138 466219 466255 362288 706457 355260 835832 ,946846 331137 972138 466219 466255 362288 706457 355260 835832 604533 
857566 762024 469440 852424 840266 876770 858086 762299 762105 762156 ,857566 762024 852424 858086 762156 259251 762136 762098 9822 326636 
457184 463930 26487 456992 127347 756465 88593 429704 841383 463480 ,457184 463930 26487 127347 756465 841383 463480 596398 723649 209575 
598900 883490 619512 863666 930037 988450 333801 65175 883203 831879 ,883490 619512 863666 883203 965408 921040 563265 958905 751900 426145 
410455 534490 541394 410597 763709 247273 814278 862035 768059 769317 ,534490 541394 768059 191208 541403 409965 610411 666926 666961 824784 
138454 550966 166757 687878 927489 201921 266199 160882 459473 356259 ,550966 166757 201921 266199 160882 459473 507990 412742 796008 710224 
627450 254744 84843 254593 255353 74926 149875 87496 770625 167894 ,627450 254744 254593 74926 149875 883295 256533 387013 436860 4243 
913807 544225 158898 634292 743124 925261 170913 800169 169112 296045 ,913807 634292 925261 170913 800169 169112 296045 426937 618362 313838 
937210 939393 940530 349971 214463 253052 431235 131072 507316 720425 ,939393 940530 349971 253052 431235 131072 507316 720425 631311 390530 
473499 906736 304245 5823 467511 468661 482210 606103 984412 776136 ,304245 467511 468661 984412 776136 571381 440478 782529 11574 771653 
890437 816495 763115 829002 766054 765687 332602 816216 819217 468868 ,890437 829002 766054 954614 829391 650872 332058 604691 999764 642966 
142420 131861 725972 726613 47879 132892 765104 133240 48003 214053 ,142420 725972 726613 47879 132892 765104 133240 214053 29810 783454 
425789 184930 471633 652517 27993 892347 184964 27645 471719 254015 ,425789 184930 652517 184964 471719 461062 172207 794715 202037 266315 
904735 119396 925305 581032 575588 903320 369850 698293 643056 500119 ,904735 581032 575588 903320 369850 698293 643056 642345 546093 79320 
685866 906671 558921 769296 477196 476080 906699 112766 994026 684727 ,685866 906671 558921 769296 477196 476080 906699 112766 994026 684727 
882637 757531 758307 885827 811838 876808 911495 570270 878061 766480 ,882637 757531 758307 885827 811838 876808 911495 878061 374913 962401 
226694 252678 914117 523163 842327 70095 885490 879740 683018 208240 ,842327 70095 481718 265107 200829 203002 512119 248257 931655 855500 
516870 517077 795080 656142 654262 569685 655799 656718 654791 442331 ,516870 517077 795080 656142 654262 569685 655799 656718 654791 442331 
961455 769769 786123 433317 977860 433460 838240 722545 283345 355962 ,961455 769769 786123 433317 977860 433460 838240 722545 355962 728072 
15097 617985 913584 818721 535346 819012 618199 82963 292845 908516 ,818721 535346 82963 643737 254701 698435 515008 873600 644939 515840 
908553 782025 410099 847715 670812 735661 670559 800990 397349 837293 ,908553 410099 847715 670812 735661 670559 800990 397349 837293 51323 
76750 407411 746539 86273 90926 75705 78722 770552 572392 335477 ,746539 86273 75705 770552 572392 409095 184479 935172 743040 209423 
307620 615739 761263 339970 788897 89448 30626 603944 771383 523851 ,307620 615739 339970 89448 30626 771383 523851 306116 296877 338255 
912669 430788 430872 912865 436320 76139 804176 322784 20627 912289 ,430788 912865 436320 397078 724357 225813 474885 795366 524214 615445 
980436 986454 981499 986728 986487 594703 849320 986406 746006 47384 ,980436 981499 986728 986487 849320 47384 986537 772046 852382 986063 
77686 74808 75387 76523 67122 259380 718475 311557 480895 65468 ,77686 74808 67122 259380 311557 65468 92425 907533 486716 718234 
452059 699905 841900 298825 280402 966990 451703 912391 403645 450836 ,452059 841900 298825 280402 966990 451703 912391 450836 177072 183982 
77907 78177 609213 636642 841329 473725 475913 203952 268230 207182 ,77907 609213 636642 841329 473725 475913 268230 203952 207182 472172 
316210 320547 992617 297239 753170 806980 432201 988918 807092 180642 ,432201 180642 703494 289370 288718 98601 794244 180396 794096 298307 
433975 129 436403 507424 169 345267 43447 799386 430917 411289 ,433975 129 436403 507424 169 345267 43447 799386 430917 535484 
572427 647943 332177 63993 474437 577589 64652 642819 416791 989809 ,332177 474437 921273 282655 827086 867464 451244 764405 873208 486999 
63569 452212 720758 906110 458151 458256 893477 970181 966120 221976 ,452212 720758 906110 458151 893477 970181 966120 221976 458118 227472 
865142 854944 873870 864437 754737 381543 949224 640836 951571 901101 ,865142 854944 864437 754737 381543 949224 951571 901101 552685 949348 
642577 642981 642596 643562 641860 642816 642467 643392 636854 40363 ,642577 642981 642596 643562 641860 642816 643392 636854 40363 649149 
522078 134090 596084 795468 565610 988161 868867 522080 861121 990875 ,134090 596084 988161 861121 990875 844432 542941 932152 274940 904713 
348952 437662 934215 31410 436573 31075 504186 619029 135056 395055 ,348952 437662 934215 31410 436573 31075 504186 619029 256552 798393 
15768 85460 780809 285719 312945 111934 20467 670310 129522 127462 ,15768 780809 285719 312945 670310 20467 127462 109628 298559 232515 
471808 695541 527839 437070 729275 527734 460089 222428 87230 471563 ,437070 729275 471563 707542 971194 185239 92246 500952 68064 680773 
14629 306334 401629 588066 826273 459331 933522 970324 929395 12768 ,306334 401629 398097 306966 484916 650778 599786 397863 467024 12778 
640965 120954 615920 211560 641100 642066 907604 641679 907961 641095 ,211560 907961 212824 791906 187416 675128 674239 213075 333304 39915 
179962 493300 203988 254624 92594 365659 152538 808490 42837 458852 ,179962 493300 203988 152538 808490 42837 458852 45359 95436 2853 
639972 641533 639958 640306 640809 640523 640131 640128 640473 640806 ,639958 640306 640809 640523 640128 640473 641990 642350 640667 640087 
416583 660640 696396 725169 415988 505209 122528 701789 353645 692943 ,416583 660640 696396 725169 415988 505209 122528 353645 692943 323006 
477694 479596 476903 476921 477245 477689 475271 475447 998462 57078 ,477694 479596 476903 476921 477689 475271 475447 998462 57078 475224 
720864 572638 572765 736302 363958 736276 160274 863129 736271 241991 ,720864 572765 736302 363958 736276 160274 863129 736271 241991 569758 
967020 993323 628016 992161 992902 845962 847076 575834 10730 434753 ,967020 993323 992161 992902 847076 575834 967921 600302 559890 510936 
22889 23300 900950 897535 838005 714591 886401 242463 694975 91429 ,22889 23300 900950 714591 242463 91429 715287 234732 633622 680307 
935058 936196 821999 822105 936543 95573 351269 821935 698695 299997 ,822105 95573 821935 714214 368247 789815 969971 238829 715203 379601 
673700 673185 834746 568096 24003 672573 673463 830488 835052 755939 ,673700 834746 568096 673463 835052 660369 610385 716878 833245 610126 
830964 378319 417065 69409 377954 338116 830802 932901 209785 868898 ,417065 830802 209785 346157 503481 565711 519865 921563 61769 352400 
919187 260025 922379 187692 253456 825175 922918 827474 807809 825358 ,922379 187692 827474 825358 531237 132112 623070 595354 440996 637550 
620534 101183 886967 333483 468382 64170 381801 364995 835518 387260 ,620534 886967 64170 835518 705048 435828 452522 695095 706179 242879 
895372 837220 994292 375414 852405 862281 593495 998048 837212 800002 ,895372 837220 994292 852405 862281 593495 837212 800002 375673 880685 
262674 262987 262584 959837 186760 250278 703615 703194 293782 980546 ,262674 262987 959837 186760 703615 980546 186928 10470 114975 823730 
471096 68905 179496 128271 659014 659357 66626 469171 415294 83228 ,179496 659014 659357 66626 83228 472670 86421 108773 414033 68028 
116843 116085 115543 611183 610030 712565 609920 830682 567406 851449 ,116843 115543 611183 830682 567406 354035 782877 874095 830464 648589 
899093 235838 235336 877823 933590 802780 899058 802078 665715 847063 ,933590 641042 650495 445694 104126 556736 448889 881671 101938 844995 
859106 847094 597223 670622 390211 846757 55974 993046 670293 670642 ,859106 390211 993046 670293 670642 857323 759490 888484 757450 762533 
866018 865372 543830 543656 377854 543814 865470 655044 945132 999486 ,866018 865372 543830 543656 377854 543814 865470 945132 999486 127406 
903047 603662 630226 720852 371868 89782 258230 271947 769281 859590 ,603662 371868 714062 669859 20106 522782 194610 273426 705828 331299 
421554 971646 615683 949211 943197 944059 107552 46498 899398 841565 ,421554 615683 943197 944059 107552 46498 899398 297233 56040 616088 
75551 463575 84504 399275 470035 884962 85256 399478 399688 809556 ,75551 399275 470035 884962 399688 809556 509406 224290 693241 729481 
610594 191127 791174 886239 30515 766153 30664 766228 717341 192210 ,610594 191127 791174 886239 30515 766153 30664 766228 717341 192210 
423375 469672 329054 317075 422994 423168 460450 227573 319313 422819 ,423375 469672 329054 422994 460450 227573 319313 422819 141854 913380 
997176 121723 740354 598870 77156 37344 984060 20868 656500 853867 ,121723 984060 20868 656500 541863 541888 697119 565818 541843 780498 
566407 80102 66108 567771 567823 80753 469546 419633 469676 86938 ,566407 66108 567771 567823 80753 469546 469557 68623 68499 129087 
119224 118800 608307 14786 395944 393653 121834 15112 509968 47535 ,118800 14786 395944 393653 121834 15112 509968 47535 449434 394807 
254186 422944 423565 246545 246565 423244 373581 567188 480151 423320 ,422944 423565 373581 423320 373483 480213 121597 920072 113157 480153 
422677 694896 442265 559966 694798 455874 101877 442120 956205 212095 ,694896 442265 559966 694798 455874 101877 212095 662291 620958 321506 
448954 757949 825005 890255 380349 893190 757985 890692 449098 643069 ,757949 380349 893190 890692 643191 892966 616262 757863 890911 893031 
94861 26172 703420 989990 95712 834154 469121 421004 86787 364570 ,26172 703420 989990 95712 834154 469121 364570 391826 511485 990065 
626606 627119 957801 649232 849845 841161 824466 824381 672902 835981 ,626606 627119 849845 841161 835981 960144 837655 824806 567601 672979 
117460 812689 70442 662948 811871 89573 361119 167109 874775 147693 ,117460 812689 662948 811871 89573 90622 793145 622611 451660 283019 
502271 446883 427944 447904 566269 643141 827721 447892 131034 423214 ,446883 447904 643141 827721 131034 423214 913703 427767 447057 476662 
444802 853422 837995 838320 853559 443535 444921 757622 851154 443651 ,444802 838320 853559 443535 444921 757622 851154 443651 847270 876827 
116467 115963 525856 621878 256723 660716 551118 192459 271275 191458 ,116467 115963 525856 621878 256723 191458 964248 525479 549397 628169 
654804 423694 423570 655716 667189 721248 827862 427670 478175 905326 ,423694 423570 721248 827862 905633 445341 445757 837262 446194 760752 
44903 325652 515412 574918 193572 272388 323455 75032 514977 731200 ,44903 325652 515412 272388 323455 75032 731200 322737 422396 8883 
424321 35171 774687 26594 189734 298326 382832 422214 651784 206804 ,424321 26594 189734 298326 382832 422214 651784 206804 271082 775895 
799436 719345 62863 799601 719261 808428 438010 739491 719794 228639 ,719345 719261 808428 664226 916476 665982 724635 379422 139877 24106 
62462 528348 67678 64534 867814 63292 181991 395004 807369 185979 ,62462 528348 67678 64534 867814 63292 395004 185979 528113 903688 
672663 950473 995354 543266 304642 807850 832734 924202 877285 707109 ,672663 995354 543266 304642 807850 877285 707109 825284 825337 673987 
813829 870522 829838 996221 813220 100517 402599 675644 204576 268854 ,813829 870522 829838 996221 813220 100517 675644 204576 268854 53086 
401199 593744 254428 400966 555681 859440 556128 555836 615222 531150 ,401199 593744 400966 555681 556128 555836 615222 555670 18999 785424 
38169 714416 717984 795623 102622 569386 869562 861664 911677 516532 ,717984 869562 861664 423612 715432 861569 717722 56225 955403 717717 
402035 398001 638439 638170 638200 412180 38303 218721 644599 568208 ,402035 398001 638439 638170 38303 644599 568208 38181 412006 820565 
37790 38036 213670 335382 543283 538358 994346 38802 520776 612244 ,37790 213670 335382 543283 538358 994346 38802 520776 476957 479037 
406016 538711 895274 157129 723577 920183 881463 441720 919449 630694 ,895274 157129 723577 881463 919449 504882 847143 913887 504491 522482 
868433 663057 703142 663291 576616 15434 955683 695603 943549 928317 ,868433 703142 576616 955683 928317 703338 249905 747595 966768 115805 
961474 963990 411481 411483 67573 411485 962965 805712 560459 969185 ,963990 411481 411485 560459 66134 476518 694640 478853 122984 694555 
169724 929192 929677 705486 684264 73438 752721 74598 750389 484453 ,169724 929192 929677 684264 750389 13674 63656 949498 929340 843636 
222535 193620 272436 258797 921304 868610 905999 226575 885665 840629 ,193620 921304 868610 905999 226575 12648 14576 842163 206975 153107 
961343 969833 961020 970602 984107 983582 947506 223493 207834 956917 ,961020 223493 207834 911038 868264 931910 910069 868880 873193 671530 
296587 255167 244613 627193 600137 943123 373314 440822 946765 254673 ,296587 255167 244613 627193 600137 943123 440822 946765 130855 440128 
644207 644276 642022 644300 643459 643144 607199 642415 643321 643328 ,644207 644300 643459 607199 642415 607022 642469 644412 643361 643852 
822462 842919 842408 665716 842089 665222 99045 332457 371074 877862 ,842919 842408 113061 915817 876745 372415 915694 1981 551197 575873 
628755 629308 397681 91548 903997 784517 163199 307222 397956 297677 ,628755 91548 163199 307222 397956 297677 305432 597645 556277 555626 
947441 368099 453227 354188 338509 193117 271933 32421 337468 460762 ,947441 368099 354188 338509 271933 337468 829357 377517 37112 927581 
112305 414009 255914 54330 747876 153933 413993 317364 770599 788857 ,112305 255914 54330 153933 413993 317364 112287 135660 364681 606998 
970400 969911 970564 953483 996606 473525 641903 642037 898618 759846 ,970400 969911 970564 953483 996606 473525 641903 642037 898618 759846 
511552 83727 972634 512456 81913 719338 280811 355465 280810 694693 ,511552 972634 512456 719338 355465 280810 694693 397007 567815 114627 
434018 210582 441743 428469 175401 108908 526314 292273 313101 828994 ,210582 441743 428469 175401 526314 292273 313101 828994 663233 321484 
425442 250138 426422 468177 39445 578989 39319 424762 512770 250201 ,425442 250138 468177 39445 578989 39319 424762 512770 250201 617169 
699824 685409 6144 478468 478419 644374 479861 54579 793358 560398 ,699824 685409 6144 478468 478419 644374 479861 54579 793358 560398 
479834 239429 244604 634568 180812 419750 287831 776264 304595 559612 ,479834 244604 634568 180812 419750 287831 776264 304595 559612 634677 
671144 50432 441063 131574 411514 239018 453779 358097 411493 777061 ,671144 50432 441063 239018 453779 411493 777061 569993 658142 570527 
923346 68381 634620 706377 85828 87417 188427 804452 953534 905714 ,923346 68381 634620 85828 87417 188427 953534 905714 32437 33257 
83627 482029 725333 468614 513427 528870 844208 529246 468513 454707 ,83627 725333 468614 513427 844208 529246 468513 252344 468485 988995 
357055 501955 789699 36882 344883 641256 605291 640933 638008 759697 ,36882 641256 605291 759697 654119 637955 496342 937485 891541 758722 
392316 162860 283263 701878 20697 19514 161174 19676 420244 528548 ,19514 528548 833272 833917 32994 504903 202778 133393 185747 438230 
421038 421120 907640 58158 809370 634779 922197 313639 808971 166264 ,58158 313639 907587 871583 869626 823824 314927 819932 634766 294046 
13826 685940 153107 286372 617988 515084 543833 58871 121752 577461 ,13826 153107 617988 543833 58871 985750 659715 372770 15961 660163 
132031 627302 702292 573354 117361 543053 254768 260629 959798 917012 ,132031 702292 117361 543053 260629 331767 533553 145708 593869 132331 
88944 852825 399485 195202 274018 880300 480765 617904 977462 325031 ,88944 274018 195202 880300 480765 617904 977462 325031 375247 15512 
936944 73319 935044 552748 178576 437423 936146 877241 965852 332537 ,73319 935044 552748 178576 936146 877241 965852 332537 461210 178043 
59218 342994 989652 565365 339988 67325 916763 886812 886235 666885 ,59218 342994 989652 339988 916763 886812 971777 379991 758308 842525 
596467 726102 856744 646569 255335 726542 647128 916922 542878 143799 ,596467 726102 856744 646569 255335 726542 542878 143799 744135 462055 
236405 614799 236010 637530 424657 741401 741154 809285 451235 649903 ,236405 614799 637530 741401 809285 451235 649903 651688 927412 256702 
478758 616136 380833 369874 943857 352721 880231 484190 856268 400828 ,616136 352721 880231 856268 400828 173217 595450 481200 111384 805778 
852106 11278 546153 546062 543357 405271 217955 212574 796630 546283 ,852106 212574 405206 952049 865904 860246 800094 473387 925589 190695 
662924 506186 468901 720011 236830 79555 478958 719206 663294 658347 ,506186 468901 720011 236830 478958 719206 663294 602414 524717 151284 
788932 801333 50071 112941 378333 614082 614012 179058 637246 777497 ,788932 801333 50071 112941 378333 614082 614012 179058 637246 777497 
222214 137216 135473 133606 235757 146158 735397 543195 414536 222445 ,222214 137216 135473 133606 235757 146158 735397 543195 414536 222445 
851475 852061 853305 69446 61372 449606 223876 554525 840267 60070 ,852061 853305 449606 223876 554525 840267 303023 304880 839923 462195 
734397 908654 204246 268524 165199 908742 107773 860598 293083 743505 ,734397 908654 268524 204246 165199 908742 107773 860598 743505 461190 
232890 551391 550449 1408 435302 27990 1979 947220 46572 760108 ,232890 435302 1979 947220 46572 760108 18341 550236 433317 557618 
374823 375370 878248 808646 666934 966026 666849 948437 833536 550817 ,374823 808646 666934 948437 833536 551165 258807 260045 217218 941899 
978603 395843 460376 978144 932460 963829 704348 461765 216503 692436 ,978144 216503 692436 875157 204844 963046 371910 498261 287878 863490 
993123 253419 993035 221330 973225 992981 993116 765871 764430 676459 ,993123 253419 993035 973225 992981 765871 764430 676459 984625 256311 
401503 401812 678429 897491 484786 474236 312208 483282 309063 921717 ,897491 474236 312208 309063 924608 671753 899315 841932 745964 316810 
962535 634874 214580 961365 208310 640007 102169 208681 839820 961786 ,634874 214580 102169 208681 839820 208258 634951 985694 448402 921021 
444705 886320 997818 885786 547024 864205 191089 852569 545788 769521 ,444705 886320 885786 547024 864205 852569 545643 808285 955920 786240 
861196 987310 184424 453847 663768 673333 64 687797 441076 393780 ,861196 987310 184424 453847 663768 673333 441076 169048 618993 786440 
950769 444894 401150 768415 923912 985676 703217 503870 229354 886476 ,950769 923912 985676 703217 943208 401146 858117 923142 847776 838923 
981160 542985 618141 13598 337995 240780 594821 877181 876955 991976 ,542985 618141 337995 240780 594821 877181 876955 991976 762655 985700 
836796 835242 302626 593083 590147 87604 533928 187170 446995 809505 ,836796 302626 593083 590147 87604 533928 187170 809505 967658 896725 
610287 648574 614190 825627 148688 830485 864766 9836 825670 610762 ,610287 648574 614190 825627 148688 830485 864766 9836 825670 649967 
707488 706250 692694 704677 467597 693199 537832 398364 870179 130470 ,692694 537832 197538 479136 981583 600271 862591 491239 194944 537665 
582495 581920 233188 603823 400658 130080 351837 995004 327196 391586 ,582495 603823 400658 130080 351837 365956 371541 301442 533512 610437 
302028 90827 385686 485567 892646 74788 120408 519905 724801 531853 ,302028 90827 485567 120408 531853 722974 529549 92060 398194 339165 
576352 967535 240935 511957 449471 509128 575393 407967 853088 501931 ,967535 240935 509128 407967 947340 947310 370993 977058 977489 505593 
488401 900806 50631 777662 693418 685861 538217 694949 820523 552403 ,488401 693418 685861 552403 639983 173410 497457 616069 895450 399471 
854279 590310 719571 748228 724893 840885 627421 76095 748615 108052 ,854279 590310 719571 748228 724893 627421 76095 108052 280490 157756 
574481 825111 175441 473450 387260 575093 219372 923586 219166 650874 ,387260 219372 923586 219166 650874 841917 472440 991621 386804 535501 
737768 256976 734354 200216 264494 508918 916965 734078 117298 317353 ,256976 734354 200216 264494 508918 916965 734078 117298 317353 361338 
85195 321709 816532 350758 321577 96959 363593 96150 279038 321550 ,321709 816532 350758 321577 96959 363593 96150 279038 321550 459595 
987952 949386 59754 59264 467818 61461 802937 843116 317958 419440 ,987952 949386 59754 59264 467818 61461 843116 467595 12509 328979 
670056 886398 869884 886879 746920 732670 781360 879325 489011 904664 ,886398 16397 197856 276672 183845 880260 985632 930507 840260 381414 
374085 853147 762983 853606 852773 373852 996747 666953 652821 824899 ,374085 853147 373852 666953 652821 829184 190707 373915 766904 446754 
525092 525050 525251 468617 386169 77095 386818 361912 752605 355747 ,525092 525050 525251 468617 77095 752605 340712 502928 462903 341187 
255107 977169 254647 254074 707628 797897 140636 977408 505367 253761 ,977169 254647 254074 797897 140636 505367 870523 911434 798789 158730 
13 521509 521552 716072 519981 601876 126725 310290 432611 60151 ,13 521509 601876 126725 432611 819228 902997 974838 267662 602095 
850385 429121 46341 421129 643499 216529 45985 643312 774966 428666 ,46341 216529 45985 774966 428666 912596 643978 207671 907475 642304 
685697 776220 738688 40246 40513 92174 332426 106140 67436 161118 ,40246 106140 161118 593140 550361 927640 402360 495551 985142 648948 
553796 52639 412275 52731 388037 65808 421783 52211 439059 413656 ,553796 52639 412275 52731 388037 65808 421783 52211 439059 413656 
769051 687214 863479 475220 755418 410602 36021 709293 239403 50436 ,687214 863479 475220 755418 410602 36021 709293 239403 872117 345707 
525612 831162 442262 504762 379043 512984 703817 831413 519879 866572 ,525612 831162 504762 831413 866572 866881 381998 598866 513015 525548 
887039 361141 598856 843162 313426 619895 790270 886577 488329 598814 ,887039 598856 843162 313426 790270 488329 598814 919196 488111 989500 
905203 163672 674498 429286 45569 999096 998883 510861 925550 910915 ,163672 510861 925550 64862 144964 145922 187623 104700 256000 427080 
681603 82973 860863 320063 419526 527592 507248 154829 865178 296702 ,82973 860863 320063 507248 865178 296702 490627 494185 900154 754381 
583910 56988 432359 53247 598462 511507 56159 52150 857477 418012 ,583910 56988 432359 53247 598462 511507 56159 857477 237221 52144 
523490 482649 933974 933380 868561 97484 749941 221167 86793 391263 ,523490 933974 933380 868561 97484 749941 354666 524022 800672 869077 
927535 313743 412988 302663 150252 413093 292278 840729 200857 719463 ,150252 413093 200221 264499 783229 451583 292969 724093 697249 195679 
913398 449517 838966 721121 739432 768659 638739 740998 646268 449312 ,913398 449517 838966 721121 739432 638739 646268 449312 641345 737110 
838839 803632 831645 311250 751909 562080 880156 971706 159820 841596 ,838839 803632 831645 311250 562080 880156 841596 348825 773966 179959 
438954 825289 481907 681623 387496 532300 976639 593732 11252 726531 ,438954 825289 481907 681623 387496 532300 976639 593732 11252 726531 
353539 517705 325515 339252 470590 478189 480932 480937 524441 539310 ,353539 517705 325515 339252 470590 478189 524441 539310 556126 215855 
480450 169714 762905 481122 701063 480656 666057 783575 701469 985125 ,762905 481122 701063 480656 666057 706638 793266 843273 386878 587663 
755908 507858 116604 827744 606745 998404 833783 834133 755557 529516 ,507858 116604 998404 833783 834133 529516 755601 528428 991872 321542 
199488 278304 704136 629429 378435 453464 681524 887286 197852 276668 ,278304 199488 704136 629429 453464 887286 276668 197852 455762 681604 
139695 94701 139201 296406 124559 62332 324234 860807 94914 975917 ,139695 94701 139201 296406 124559 62332 324234 860807 94914 754114 
724171 694912 175645 697165 596608 723867 744637 628249 676510 369308 ,724171 369308 596934 912409 723876 192315 997700 48333 50120 294631 
310572 594513 603145 312429 15609 16080 866367 251165 649984 722517 ,310572 594513 603145 312429 15609 16080 251165 649984 722517 594726 
76721 88247 153610 860881 601584 363224 86085 219462 358969 875756 ,76721 88247 153610 860881 601584 363224 86085 358969 875756 894733 
524310 109731 527457 2790 632213 10021 781372 534672 925610 770224 ,109731 527457 781372 534672 925821 214509 693965 923751 262453 335970 
448296 948252 922847 941592 38404 386813 861712 27274 861559 38096 ,448296 948252 922847 941592 38404 386813 861712 27274 861559 38096 
349036 59223 360310 59823 936695 91708 224604 711469 390671 992229 ,349036 59823 936695 224604 992229 302595 90555 222656 359057 418237 
675965 48247 817071 996492 816459 192414 817429 192141 817219 894488 ,675965 48247 817071 996492 816459 192414 817429 192141 817219 894488 
103817 877883 474462 986529 600063 384625 781420 104485 781606 817436 ,877883 781420 781606 788439 655793 654059 79743 582575 583848 879169 
704003 87926 89340 829734 635979 261198 576 798340 291023 923832 ,704003 87926 89340 829734 576 155516 205617 550746 287738 282226 
783924 780782 193468 615812 529580 227861 530730 528468 690203 780029 ,780782 193468 529580 227861 528468 690203 780029 528643 123231 31227 
824140 769522 807808 858872 808073 855551 799879 102606 998186 853917 ,824140 807808 858872 808073 855551 799879 102606 998186 853917 907179 
607923 227125 858343 563983 914886 191298 191113 547403 571308 842007 ,227125 563983 191298 191113 547403 571308 842132 547301 512690 746202 
783652 559483 32952 865660 783144 783958 139722 65745 630096 849829 ,32952 865660 783958 65745 829322 946771 64746 416360 49721 652218 
166308 577499 578321 382817 387792 627385 256594 624793 214234 920403 ,166308 577499 578321 387792 256594 214234 920403 478747 298198 578047 
576069 575084 575245 586468 737541 586188 450780 369451 217255 743337 ,217255 743337 290722 360432 741775 351241 129408 585360 369157 623857 
133470 401627 368204 401310 397667 219702 112232 257618 297661 113265 ,133470 401627 368204 401310 397667 219702 257618 297661 113265 567075 
917238 916735 470599 618807 107030 216075 469566 542483 217764 217291 ,107030 469566 217291 469570 87276 434276 946276 55509 605142 996854 
549749 25888 652333 548812 651906 549278 902273 519280 639778 417751 ,549749 25888 652333 548812 651906 902273 519280 639778 417751 954641 
240419 554224 297997 819577 803876 629169 836858 836534 257816 239491 ,240419 554224 297997 819577 803876 836858 257816 239491 473961 744274 
207866 207892 22708 186306 246946 998267 726348 186513 22381 915877 ,207866 207892 22708 186306 246946 998267 726348 915877 450486 428928 
353227 386337 991895 366192 187020 697511 353353 476652 897209 861895 ,353227 386337 991895 366192 187020 697511 353353 476652 897209 861895 
997306 840776 873101 872597 907458 931594 387883 864015 866315 679145 ,997306 840776 873101 872597 907458 931594 387883 679145 880124 974950 
713957 814777 40235 293986 678209 422615 340500 754355 47148 690645 ,713957 814777 40235 678209 422615 340500 754355 47148 690645 614956 
762430 755207 833202 762235 762127 955413 368522 762064 123444 141046 ,755207 762235 762127 368522 123444 30541 153328 969218 42087 942271 
699283 329061 10057 504568 495640 617491 188617 337925 288937 11889 ,10057 504568 11889 493369 410290 188644 967763 712875 505049 215401 
725866 822928 134541 549329 182113 823308 549784 808151 46416 414970 ,725866 822928 549329 823308 549784 808151 414970 109096 198331 665963 
978707 964120 603512 814969 534527 233799 235039 705048 262305 233366 ,603512 814969 534527 233799 235039 705048 262305 525648 302713 24298 
241407 222033 240262 976995 152509 603263 164158 852399 14901 69377 ,222033 240262 152509 603263 852399 590087 361191 25708 852293 837984 
167904 775161 954089 167531 166567 521798 169132 514483 43782 202442 ,167531 166567 514483 236359 700246 237840 13682 239557 306675 298284 
536744 676078 50273 673879 674971 537080 674556 543216 823572 740891 ,674556 823572 740891 83737 745026 536897 676418 477146 896931 442611 
498806 866701 510657 309281 520266 294774 266227 735493 735277 438614 ,866701 309281 520266 294774 735277 438614 226555 628871 510626 77689 
948898 413913 80561 441548 461523 94508 980544 227634 210879 246625 ,948898 413913 80561 461523 94508 980544 227634 210879 246625 778500 
358401 355276 355446 344129 340363 311106 340119 310672 261692 854092 ,358401 355276 355446 344129 340363 311106 340119 310672 261692 365228 
336738 81708 518134 82302 526508 659149 523208 365722 518292 663208 ,336738 81708 518292 350391 87328 94325 305226 84642 305717 310316 
622657 613597 146969 164085 613307 636670 794860 613175 745770 126504 ,622657 613597 146969 164085 613307 636670 794860 745770 126504 572011 
996479 996412 996438 996549 996784 546621 996376 996749 996674 640804 ,996412 996549 996376 996749 801189 995942 692672 895882 994333 778365 
876441 82455 664242 387808 536630 201555 265833 285900 631963 200799 ,876441 82455 664242 536630 201555 285900 631963 265077 200799 794043 
456633 509121 472172 473725 897420 861218 555166 464382 916202 879508 ,456633 509121 472172 473725 897420 555166 464382 916202 879508 81425 
359151 334140 127982 900872 832629 670639 400808 375690 668705 70408 ,334140 127982 900872 832629 670639 400808 375690 668705 70408 832756 
31222 178415 16649 630477 476357 90139 610311 610982 129395 800820 ,31222 178415 16649 630477 476357 90139 610311 610982 129395 800820 
513483 616564 157679 351312 105699 122957 246805 659416 658795 170518 ,513483 157679 351312 105699 122957 246805 659416 658795 431001 208838 
6566 223450 677745 425875 420678 320467 957142 260825 920351 513547 ,920351 513547 559515 822209 821106 946574 43719 631948 41652 658881 
765971 537680 400742 781705 400757 397067 765509 910151 631869 909776 ,537680 781705 400757 397067 765509 910151 631869 909776 104513 835757 
477196 680752 824280 718781 512168 410742 285466 906671 680437 996099 ,477196 824280 718781 512168 410742 680437 309611 255640 996424 54404 
438287 826189 600757 698863 698707 772096 906773 192436 271252 401804 ,698707 772096 906773 271252 401804 323943 815064 30408 408764 339446 
230025 238439 577119 126929 840992 841363 704693 51338 877085 104809 ,238439 126929 840992 841363 877085 104809 576507 152032 435653 581782 
303812 827952 947087 947408 868476 812981 357797 345143 749038 856108 ,947087 345143 749038 856108 887168 752335 940820 935511 907082 748604 
2584 593863 2694 294576 522282 932670 774920 574131 439587 372722 ,2584 522282 932670 574131 439587 782663 520621 818989 932291 591149 
84500 487961 458800 83838 319515 123200 346559 237344 635891 663096 ,84500 487961 458800 83838 319515 123200 346559 237344 51402 510484 
9748 125432 125238 474387 471027 9892 805706 659708 312634 806851 ,9748 125238 474387 471027 659708 312634 806851 313571 771118 516487 
945657 845179 359543 357493 596912 880969 338226 924176 865372 350309 ,845179 359543 357493 596912 880969 338226 865372 152794 234583 574991 
74306 76830 564972 133371 974341 850446 293273 348635 484106 438056 ,76830 293273 348635 484106 438056 767550 435704 82946 955248 480861 
719838 296142 983219 619058 294553 177055 32186 633415 170421 178281 ,296142 983219 619058 294553 177055 170421 178281 685747 352439 255543 
215529 958047 51422 215514 426534 229916 822173 239704 574337 964724 ,215529 958047 215514 229916 822173 239704 964724 685025 69918 465859 
175066 77532 593009 283231 394258 592261 697314 697461 46281 508601 ,593009 283231 697461 46281 519892 695146 265292 574911 862456 71923 
795048 122869 168401 723222 281388 305369 723134 60664 278730 526660 ,795048 723222 723134 278730 466672 480401 171771 300824 170000 338126 
838086 844324 929814 201457 265735 997706 227756 838383 922752 126527 ,929814 265735 997706 227756 838383 126527 4095 883135 709823 899479 
720908 33157 361255 381674 631610 927916 93190 311298 593081 495343 ,33157 361255 381674 927916 93190 593081 495343 176428 596003 751636 
528287 728142 332544 531007 204728 269006 628330 4130 951462 291093 ,528287 332544 628330 291093 97373 464491 491465 209087 627120 921531 
158881 638586 217046 589189 122646 638817 638288 674755 43069 831208 ,158881 217046 984136 850739 955451 216846 936687 716088 200317 377794 
43818 968775 542436 774205 547009 462315 118681 553739 878547 695948 ,542436 774205 462315 118681 553739 878547 153870 541986 508061 879285 
396836 679586 172595 396478 106681 159929 800765 166316 483462 61031 ,679586 172595 106681 800765 483462 92386 123145 204954 269232 165242 
795915 502262 242746 940880 9552 489251 416401 181593 358376 214332 ,502262 242746 489251 358376 214332 62366 502622 533078 71877 71051 
349816 226756 598960 206263 270541 832451 832094 405912 319610 564390 ,349816 226756 598960 270541 206263 832094 405912 77999 222086 863728 
929190 804696 137480 889878 864725 193278 272094 287768 390721 199664 ,804696 889878 864725 193278 272094 865560 2212 137802 659804 932905 
817864 177668 817727 816327 289751 342610 243526 817568 980724 950009 ,817864 177668 817727 816327 980724 950009 594511 21695 949996 935530 
9270 6956 525941 196674 275490 697485 889967 6979 692011 726421 ,6956 525941 275490 697485 6979 726421 943104 956274 935184 509247 
595960 840109 680743 596106 730257 668456 466652 924141 310652 730169 ,595960 596106 730257 668456 466652 924141 489391 507170 280281 923744 
997891 83398 998040 497514 498452 101366 313244 486797 220519 835572 ,997891 998040 497514 498452 486797 220519 835572 503881 368768 592453 
508916 797720 13322 931989 14970 13073 932276 508979 920392 842274 ,13073 932276 23320 66686 939341 389894 399484 392519 550335 795647 
599279 529950 530767 965422 524917 529620 531114 530310 693993 350816 ,529950 530767 965422 524917 529620 531114 530310 693993 350816 529274 
703973 756368 160546 906417 173350 595876 548834 731618 431755 70615 ,703973 160546 173350 595876 548834 731618 431755 70615 998108 168414 
479391 476441 545286 411137 820729 820761 419780 994030 39006 411197 ,479391 476441 545286 411137 820729 820761 419780 994030 39006 411197 
348030 319456 350377 319202 357718 312192 360810 315031 363342 579177 ,348030 319456 350377 319202 357718 312192 360810 315031 363342 579177 
122505 396308 524446 208680 895502 181091 195645 274461 322905 181566 ,122505 524446 208680 895502 181091 274461 195645 322905 181566 693187 
193524 272340 690484 174614 85685 174609 723992 396975 667873 30440 ,272340 690484 174614 174609 396975 667873 30440 521188 168521 466671 
647537 565105 375343 43969 404662 539676 969825 19133 977507 145765 ,565105 404662 969825 19133 977507 145765 131757 647995 638065 969592 
762860 870795 353310 258647 584868 474571 688198 422492 339373 414380 ,353310 584868 474571 339373 414380 804046 670445 241 705048 723623 
407297 418490 613351 347551 610745 664684 626235 746484 186777 553883 ,407297 418490 613351 347551 610745 664684 626235 186777 553883 294489 
378180 283461 691959 377272 664484 697231 238472 78882 823029 832796 ,378180 691959 664484 238472 823029 571958 589339 984288 395062 72646 
896137 409349 386882 383703 907785 793357 85278 442724 656169 922441 ,896137 409349 386882 383703 907785 793357 85278 656169 922441 763483 
816110 619196 974992 101773 381449 775336 228324 775081 774693 653786 ,816110 619196 974992 101773 381449 775336 228324 775081 774693 653786 
778485 779257 778172 990618 552858 552641 484643 494225 617609 571427 ,778485 779257 990618 494225 571427 991021 778390 686938 566511 209900 
828836 829696 175996 871179 175424 2176 871386 989936 900279 284516 ,828836 829696 871179 2176 989936 900279 325345 732630 863673 178408 
524087 523705 524271 524069 523746 5342 663405 736076 340703 658605 ,524087 523705 524271 524069 523746 5342 663405 340703 658605 567810 
30205 248694 659091 686638 678008 151196 853988 51327 525084 524849 ,30205 686638 678008 151196 853988 51327 525084 524849 663226 281262 
513626 86740 435560 752754 753176 719164 755748 588522 322515 690772 ,513626 435560 752754 753176 719164 588522 322515 690772 429301 533648 
615659 740643 409820 997700 666560 723877 883987 179712 286825 733816 ,740643 997700 666560 723877 179712 428913 662087 737569 788890 48309 
933112 474459 543332 935938 704452 705956 541921 489167 884198 996937 ,933112 474459 543332 935938 705956 541921 868264 896616 929710 738612 
537099 122155 51289 79384 151753 537470 151358 537606 158216 177288 ,122155 51289 79384 151753 537470 151358 158216 51293 101167 234456 
770990 511356 601043 451868 547052 731039 932798 279215 53060 520728 ,511356 547052 731039 932798 279215 53060 658180 567753 806079 567814 
819204 817805 818355 240128 536814 819129 536645 819984 818248 819818 ,819204 817805 240128 819818 819181 757835 26616 819206 816648 819317 
420672 401710 20887 399992 297315 298398 390803 726249 21507 629632 ,420672 401710 20887 297315 298398 390803 726249 64501 535159 577430 
756219 662356 529599 755915 954908 808957 394768 957412 663814 661560 ,756219 662356 529599 954908 808957 394768 957412 663814 661560 267783 
550375 613556 64742 505149 739406 630198 588835 629092 97677 65111 ,550375 64742 739406 630198 588835 629092 728932 968949 485771 596083 
926451 595795 356350 665791 348621 526555 961003 528277 151770 355891 ,926451 595795 356350 665791 348621 526555 961003 528277 151770 671733 
460509 525358 547067 525109 350852 338534 364102 236399 278877 431207 ,525358 547067 350852 364102 236399 431207 275839 197023 500415 307453 
526447 526898 976948 225214 209209 607348 760727 18654 843567 787266 ,526898 976948 209209 760727 843567 137161 930184 628289 843275 965625 
842349 90506 412054 112138 784317 943005 508901 376237 943274 95905 ,412054 112138 784317 943005 943274 9900 376963 695518 694456 956920 
334412 984987 98276 969821 806429 16619 485661 688429 439347 936014 ,334412 984987 98276 969821 806429 439347 391495 388630 505251 75609 
818886 610051 824005 646233 781367 652988 645934 610881 122742 647381 ,646233 756353 534681 785573 799487 887771 610392 652962 610474 581297 
610853 611041 282396 611070 863217 604238 560270 604198 944757 756326 ,610853 611041 282396 611070 604238 560270 604198 944757 756326 943972 
507620 486605 754947 883118 811858 508658 36753 468720 883235 61585 ,486605 754947 883118 811858 508658 36753 883235 264880 200602 522541 
487837 496821 929760 496767 123544 207575 905791 546472 546769 207435 ,487837 496821 496767 123544 207575 905791 546472 546769 868427 546485 
888204 117680 588740 589899 857907 183121 429153 543825 87124 231339 ,117680 429153 543825 381841 851319 88748 365395 849994 851073 265475 
236995 528844 927604 475860 61800 747453 98461 852973 262488 700382 ,236995 475860 61800 747453 98461 852973 752354 227487 476421 944348 
718188 449237 718220 448955 714965 715069 428988 786934 786702 717252 ,718188 449237 718220 448955 714965 715069 428988 786702 717252 786414 
75105 429838 109944 575601 66120 117053 510763 320713 574819 8897 ,75105 429838 117053 510763 574819 8897 242565 827518 828028 104846 
923055 55098 387717 754653 754668 402871 460597 621086 753833 382634 ,923055 387717 754653 754668 753833 382634 290619 770300 460904 42715 
631384 66297 373905 645696 626739 568638 27018 784524 567181 811030 ,631384 66297 373905 645696 626739 568638 27018 784524 567181 811030 
999032 216746 213051 652442 821620 851590 768693 538593 7199 56978 ,999032 216746 213051 652442 768693 538593 908800 56204 887285 217020 
112952 839182 886742 361539 819078 583280 360501 418452 902860 408704 ,112952 886742 361539 583280 360501 902860 29288 902580 837173 578556 
998894 112804 722936 617926 662942 892980 440807 617934 171664 376040 ,112804 722936 892980 617934 171664 376040 514092 679409 929454 392815 
24885 942208 24229 604170 566862 959704 190639 606042 603878 113003 ,24885 24229 604170 959704 190639 606042 603878 113003 566788 219079 
628627 628269 948074 924150 941437 246347 752410 200965 265243 958484 ,628269 948074 924150 941437 246347 752410 200965 958484 193319 272135 
851889 858173 867782 443373 193819 272635 856180 443311 879931 852659 ,867782 856180 852659 919422 191299 905416 880671 911712 191905 430606 
805693 411409 768730 409549 643539 418889 536147 929371 718479 718735 ,805693 411409 409549 643539 929371 718479 411236 617752 715198 441297 
62474 64158 394124 155529 728701 920697 52340 394602 934077 12578 ,62474 64158 394124 155529 728701 920697 52340 394602 12578 168511 
935830 703123 572130 232050 62423 498100 630895 302350 398068 826082 ,935830 703123 572130 232050 498100 302350 398068 590814 416823 938163 
656924 694669 321961 213955 453139 481866 213644 441553 227801 932599 ,656924 321961 213955 453139 481866 213644 441553 227801 932599 327933 
546452 559164 103531 534835 559129 546433 103363 435730 884962 34543 ,546452 559164 103531 534835 559129 103363 884962 34543 557894 546414 
581185 956733 956844 63349 193285 272101 628092 223645 842296 846738 ,956844 63349 223645 962498 183727 929241 220692 58086 441339 862380 
612727 517334 458425 197461 276277 198380 277196 274392 196708 275524 ,612727 276277 198380 277196 274392 275524 196708 748723 53407 554751 
75390 912927 692713 949699 181533 661650 512726 543678 68051 162584 ,75390 912927 949699 181533 661650 162584 490434 462166 64465 947654 
224571 225080 102160 225111 102176 930725 867625 847535 842649 918816 ,224571 102160 225111 102176 867625 842649 504153 103141 861623 871246 
79178 77543 305825 305700 351084 338375 844556 235049 170884 305558 ,305700 235049 170884 305558 171536 237340 849464 231387 303152 338378 
620366 741023 620702 845770 795777 217914 804110 408090 391453 628248 ,620366 620702 845770 795777 217914 804110 408090 391453 628248 407245 
250842 950562 62584 316407 319784 978873 690302 944021 295709 324107 ,250842 950562 62584 316407 319784 690302 944021 295709 324107 332575 
559398 424756 124558 559487 527449 901379 773896 774220 442948 773294 ,559398 424756 124558 559487 527449 901379 773896 774220 442948 773294 
198302 277118 79108 138153 432319 695685 695708 368064 418557 90893 ,277118 198302 138153 432319 695685 90893 283482 244345 456731 710624 
443514 855336 962508 191024 443340 443809 679317 960690 912146 911527 ,443514 855336 962508 911527 191299 191269 960671 832967 855555 960784 
397469 401266 385396 789674 967231 395629 789126 34826 148546 691684 ,401266 385396 395629 789126 34826 691684 410970 934733 113753 235984 
808959 809412 809193 558989 986475 674685 781257 666808 854180 985688 ,809412 781257 854180 760569 800903 559186 132615 747608 803112 674641 
650817 42205 95791 95172 95362 728415 454978 968888 807928 278746 ,95791 95362 454978 807928 443944 444457 341063 112288 547228 6368 
389353 389268 851711 344875 207113 812127 324122 54699 247043 858925 ,389268 54699 247043 693819 673138 871084 825388 306227 52419 429441 
408037 154277 864006 164443 407686 909780 421381 608556 154666 338825 ,164443 421381 635546 537986 89072 820304 442677 91585 920624 808097 
597138 205978 270256 980923 33408 342303 598729 184603 75723 76957 ,597138 270256 980923 598729 184603 75723 874258 897312 33081 878869 
188154 863682 451656 38907 381739 382734 402972 442723 39117 478971 ,381739 402972 863999 379082 154587 800760 381164 776860 442667 36268 
8323 409211 410526 641815 560581 85554 411931 323059 510955 695751 ,8323 409211 410526 560581 85554 411931 323059 510955 695751 50095 
368656 372226 831954 365158 875013 879384 335062 364478 95908 95276 ,368656 879384 288837 379388 917830 925334 290013 288793 320395 155362 
872264 103076 233460 40177 233556 929324 24456 260623 572415 171649 ,872264 103076 233460 40177 233556 929324 24456 572415 171649 395375 
63702 351469 61169 899184 437983 87635 503256 937665 503572 291985 ,63702 351469 899184 87635 503256 291985 66016 261560 252540 250979 
406200 555043 193193 272009 891754 825929 6523 131211 228712 24491 ,406200 555043 193193 891754 825929 131211 228712 452484 472568 472745 
609925 609825 609799 610075 578225 1906 2295 35039 34591 576717 ,609925 609825 609799 610075 1906 2295 35039 34591 576717 636294 
472745 336968 336917 237032 319515 336818 254132 322405 458072 246555 ,472745 336917 319515 322405 458072 246555 471045 740793 247934 525230 
521937 96917 281601 982842 68349 363370 188824 336833 155259 708799 ,521937 281601 982842 68349 363370 188824 336833 155259 708799 94374 
795293 69273 454007 611633 169656 249589 694055 795310 19810 915263 ,69273 19810 915263 454682 611246 873434 454964 137279 455276 944045 
706120 200535 264813 248235 235193 687339 223845 929396 185588 176499 ,706120 200535 235193 223845 929396 176499 22487 510749 485977 825597 
169662 408461 578455 436219 771796 940750 338967 929396 940864 785837 ,578455 436219 771796 940750 338967 929396 785837 726889 515809 185708 
485040 859806 483470 121563 577330 151056 121355 683229 235089 994332 ,485040 859806 483470 121563 151056 121355 683229 235089 994332 859203 
94260 529418 291911 566303 55713 42148 566318 98949 278626 233799 ,94260 529418 291911 42148 98949 278626 233799 43887 969310 422512 
480131 307652 797679 217299 374776 152565 294866 428156 367865 419781 ,307652 152565 294866 419781 826518 682804 476805 473104 44435 791479 
656288 653439 654030 819179 554631 422853 615223 855231 718318 648066 ,656288 653439 819179 422853 615223 855231 648066 637145 554655 653104 
257196 289734 457376 235623 984837 256884 456179 387382 603043 42065 ,289734 457376 235623 256884 456179 387382 603043 42065 485582 275968 
392272 392053 391941 236025 718897 181070 216111 787697 715413 68914 ,392272 391941 718897 68914 180987 501363 204520 392302 495531 135731 
707754 603264 603013 415781 846161 203126 267404 153174 582012 49107 ,707754 603013 415781 203126 153174 582012 49107 856039 579000 700548 
5192 507807 32877 97776 691804 494450 198027 276843 421073 692155 ,5192 32877 97776 691804 494450 276843 421073 692155 97922 333916 
914751 235929 235444 880845 495225 916791 6281 216317 236023 948538 ,914751 235929 235444 880845 495225 916791 6281 216317 236023 49876 
721114 878728 163593 613906 781827 966429 143816 440046 291837 442283 ,878728 781827 303213 88223 651779 680442 91477 502256 671722 781558 
125169 36725 879461 933189 652136 385601 381046 551313 9975 450111 ,125169 933189 652136 702841 392230 789833 392045 240063 130658 809010 
832083 467964 166675 345662 701081 631859 713191 712792 120153 482936 ,467964 166675 712792 482936 169816 476837 73038 965117 398545 338703 
64434 71626 950971 60700 86996 393439 90231 326078 70152 180212 ,64434 60700 86996 90231 326078 70152 180212 376690 750208 15718 
788428 15138 840372 862836 788888 812557 60977 527497 868141 181165 ,788428 15138 788888 181165 137828 988339 200450 264728 270532 206254 
610012 651069 672573 134150 651153 105902 951770 767359 374145 767775 ,610012 651069 672573 134150 651153 105902 951770 767359 374145 841218 
925188 304862 280276 303882 17187 416700 416117 933389 933527 925019 ,925188 304862 303882 17187 416700 416117 925019 660471 739978 18062 
639183 286926 639049 646406 156428 434519 495928 433292 449720 428732 ,639183 286926 156428 434519 495928 433292 449720 428732 918841 541253 
845673 949120 856518 785061 856805 943080 953263 249057 22840 910632 ,845673 856518 785061 856805 943080 953263 249057 22840 910632 914195 
94666 551625 94965 790737 815326 501910 614965 814657 389345 261504 ,94666 551625 790737 815326 501910 614965 814657 261504 815297 569279 
7627 754531 7118 823542 825274 386717 521135 825058 857119 476974 ,825058 870522 475515 825030 389418 707844 707159 41745 11422 440973 
281631 600721 366071 496964 305159 282128 292223 525674 526367 600688 ,281631 600721 366071 305159 282128 525674 526367 227487 337007 600679 
262181 243719 211631 585108 495082 236734 749583 256965 680549 584220 ,585108 495082 236734 749583 256965 680549 584220 262138 748209 586225 
303033 126166 634112 634284 301450 163630 154601 926009 190416 141927 ,303033 126166 634112 634284 163630 154601 926009 190416 266119 201841 
890720 891071 639843 891280 892923 538667 653035 892569 958130 957624 ,890720 891071 639843 892569 958130 957624 60051 931707 843361 987190 
291380 291686 383262 320224 320756 317374 90664 642553 304349 499317 ,291380 291686 383262 320224 320756 90664 642553 304349 521265 811658 
518232 436182 384028 961109 656081 106051 940608 107551 564233 961144 ,518232 436182 384028 961109 106051 940608 107551 564233 961144 821064 
176808 587214 176133 169355 709000 864887 176659 706510 175886 581916 ,176133 176659 706510 805382 705174 690740 860142 832074 371843 754512 
381364 623805 478233 99477 626893 589409 554251 875088 478240 971931 ,381364 623805 478233 99477 626893 589409 875088 478240 971931 838570 
123320 923791 13727 217812 624876 422536 226390 623034 145 69073 ,123320 923791 13727 624876 422536 226390 623034 145 69073 918834 
88883 431280 601024 407407 261973 691974 89423 860492 267450 531399 ,88883 431280 601024 261973 691974 89423 860492 267450 531399 263872 
760667 848739 870686 870575 646662 374780 862256 870880 603960 796447 ,760667 848739 870575 646662 374780 862256 603960 796447 862364 612760 
190700 190664 190717 447774 447726 539563 717815 190789 558600 191052 ,190700 190664 190717 447774 447726 539563 717815 190789 558600 191052 
30163 384775 967667 968321 698499 324978 698609 521861 748060 558869 ,30163 324978 698609 748060 558869 967997 148496 551987 237787 449051 
512101 271983 511964 912052 718207 130357 512331 130070 340794 306840 ,512101 271983 511964 912052 718207 130357 512331 130070 340794 306840 
768376 980927 67014 793884 768492 593566 349758 327855 860848 860498 ,768376 980927 67014 793884 768492 349758 327855 860848 860498 819293 
327076 899927 884296 673952 780148 487536 899872 910991 325419 953599 ,899927 884296 673952 899872 325419 953599 458051 351665 703808 535557 
43311 439780 251375 928831 156396 387392 472197 399588 956166 887955 ,439780 156396 387392 472197 956166 887955 494242 647663 878765 922514 
578131 334267 678121 901538 868164 55650 205734 270012 563732 740039 ,578131 334267 678121 901538 868164 55650 270012 205734 563732 740039 
242227 144004 529342 86613 365774 106287 62888 615794 385894 301314 ,242227 144004 529342 86613 365774 62888 615794 301314 21191 850664 
320771 298946 281225 348555 324940 97628 570844 582099 331877 457233 ,320771 298946 281225 348555 324940 97628 570844 331877 457233 803680 
227797 225849 975879 432965 87216 105047 227472 255580 680172 255924 ,227797 225849 975879 432965 105047 227472 255580 680172 255924 923871 
617554 644104 793126 786971 798433 889834 893710 801620 797521 644250 ,617554 644104 889834 801620 644250 644708 768686 797926 993958 793743 
758175 758942 757659 989825 628761 972829 131641 990100 999750 893509 ,758175 758942 757659 989825 628761 972829 131641 990100 999750 893509 
44787 723507 616096 832722 44583 111703 682827 170563 822046 262751 ,44787 723507 616096 111703 822046 262751 363540 529295 284917 987291 
351844 795789 86348 498944 351351 171756 726186 985093 32975 353415 ,351844 86348 498944 351351 171756 726186 985093 353415 921098 987664 
927845 945703 401668 904888 513457 87959 952450 347099 518198 452554 ,927845 952450 372047 847667 299903 197287 875424 482956 921857 335327 
398901 528495 719651 377309 278962 528979 292147 340430 554704 377286 ,528495 719651 377309 278962 292147 340430 554704 377286 528628 262753 
248392 211517 618823 146177 211589 32117 212011 249309 862569 545508 ,248392 146177 211589 212011 862569 545508 880276 845599 620275 312549 
907101 317604 318593 417469 381654 668129 417444 415372 615930 55759 ,317604 318593 417469 381654 668129 417444 415372 615930 55759 911666 
75615 72270 288440 331730 969709 389771 883281 564001 285012 573320 ,72270 288440 331730 969709 389771 883281 564001 285012 573320 598518 
155943 844589 177844 630166 691115 203403 267681 947960 533625 459499 ,155943 844589 177844 630166 691115 267681 203403 947960 533625 659454 
750014 906195 610531 577133 807200 610338 480494 912529 292721 549818 ,610531 480494 292721 549818 945257 807927 664462 66330 292607 263907 
62087 452536 679976 505729 90970 383714 832096 89551 830909 392546 ,62087 452536 679976 505729 383714 832096 89551 830909 131202 524505 
782263 576208 341866 65052 801400 967121 1985 350303 533622 985621 ,782263 65052 801400 967121 1985 533622 334127 289387 286094 127917 
29618 29056 29291 623586 191121 23868 653040 609818 402204 621105 ,29618 29291 623586 191121 23868 653040 609818 402204 621105 653276 
742668 565876 778639 563556 413321 563408 749122 578028 787686 794568 ,742668 565876 778639 413321 749122 787686 801415 919563 787756 164409 
290821 623837 923041 893019 501740 836337 198846 277662 509623 260068 ,623837 923041 893019 501740 836337 277662 260068 195682 894084 484250 
686808 363583 452484 931784 452900 526788 219735 176512 290169 122772 ,931784 452900 526788 176512 290169 447612 902789 352576 90432 607007 
221975 221772 824594 537017 248499 246604 112519 246518 363607 187047 ,824594 537017 248499 112519 363607 381101 223303 112872 307435 196659 
795475 6543 72058 50715 87931 822794 84727 538080 422332 869974 ,795475 72058 87931 84727 538080 308894 87590 467425 327222 991938 
423737 371683 450895 870857 101595 450541 870206 450983 768504 305144 ,423737 450895 870857 450541 870206 450983 768504 305144 355601 358161 
941173 293094 293699 362613 732573 458008 458029 341738 631744 832934 ,941173 293094 293699 362613 732573 458008 458029 631744 832934 380666 
800861 73660 966952 197628 276444 903644 594302 72055 346404 550161 ,197628 903644 594302 72055 505734 207865 563399 761992 549384 88512 
338624 338831 338844 333060 307876 309007 313741 585394 139192 333213 ,338624 493248 356051 356152 332935 513278 240285 452815 977389 453109 
960740 100533 960865 403174 982834 876899 402709 619340 585636 876821 ,960740 100533 403174 982834 876899 402709 102163 837770 893242 876937 
573727 574285 130290 61712 104958 184045 764500 14893 62114 784879 ,573727 574285 130290 61712 104958 184045 784879 336767 484582 61267 
971130 971098 959139 801195 167532 962651 109600 859639 779128 706323 ,959139 801195 962651 109600 859639 706323 736958 930493 738475 747074 
298664 130341 486143 534363 514919 917912 467130 369824 514033 917926 ,486143 917912 467130 369824 261827 680151 528861 743420 315858 729454 
363921 115632 126243 809187 280768 401950 112852 963760 183525 364024 ,115632 126243 809187 280768 401950 112852 183525 364024 118873 14835 
642287 656600 827632 604639 656696 827861 536923 604897 643893 906877 ,827632 656696 536923 604897 643893 911078 906662 423458 568006 905634 
903931 424556 904276 995494 903860 565940 424609 717392 860908 56254 ,904276 565940 717392 44574 442337 834865 340212 400839 720212 424403 
351449 132561 143990 377619 245123 973404 781145 236993 236928 246080 ,351449 132561 143990 377619 245123 236993 246080 227474 353621 991310 
184876 488474 427365 910223 362878 427891 191073 478022 190502 490253 ,488474 427365 910223 362878 427891 191073 478022 190502 35077 878306 
622080 510833 311998 706262 274960 296184 838981 749193 434847 470322 ,510833 311998 706262 274960 296184 838981 749193 434847 470322 470369 
294098 337381 49066 781059 366777 719747 551957 252445 929893 742621 ,337381 49066 366777 719747 551957 742621 417635 54483 740814 709053 
913229 160115 160447 805682 39624 516460 160784 280751 845896 711041 ,913229 160115 160447 516460 160784 280751 659304 160225 804185 599777 
112044 34872 747225 126780 97789 124456 796243 725143 721504 887566 ,112044 34872 747225 97789 725143 721504 171667 110822 113018 220862 
584321 584435 873006 586627 721780 721502 864143 347086 843135 634168 ,584321 584435 873006 586627 721780 721502 864143 347086 843135 634168 
906030 768759 768920 794388 605445 776824 913707 826284 570056 41070 ,906030 768759 768920 794388 776824 913707 826284 570056 41070 819746 
606687 667243 536173 643383 357464 536361 770116 666979 952279 674061 ,606687 536173 770116 952279 674061 128293 41166 959018 443086 37940 
781734 354265 145945 956072 79199 803581 200878 265156 774202 339850 ,781734 354265 145945 803581 265156 200878 774202 339850 17856 925211 
627015 563067 703431 490904 64604 133561 565889 394629 420510 171090 ,627015 703431 490904 64604 133561 565889 394629 171090 138828 686016 
923258 93818 923662 279854 502143 593927 923319 600782 850457 867790 ,93818 923662 279854 502143 850457 180777 502164 502008 610138 809568 
691241 58797 348157 501914 658536 518727 658438 699582 459053 79909 ,348157 658536 658438 79909 124723 929264 522119 80865 19104 600947 
362693 349691 171886 738987 874207 316587 55350 150663 360475 55333 ,362693 349691 171886 738987 316587 55350 150663 360475 55333 130332 
507464 487139 316373 706795 331812 74890 500551 86663 750137 308151 ,507464 487139 316373 706795 86663 718436 73839 437534 806526 334678 
106120 528031 428707 823566 823617 856120 511628 628212 858716 52546 ,106120 823566 216583 915168 53611 442356 52574 217695 50943 476735 
74847 74248 930226 77499 111952 169885 137874 65872 77668 628690 ,74847 74248 111952 137874 77668 930166 573398 199525 278341 686056 
642126 906665 423175 642164 641801 911819 969912 653682 642214 424205 ,423175 642164 911819 969912 912701 643172 656321 40496 666974 906790 
237743 79438 376951 494219 573544 458821 237382 682531 603548 524223 ,79438 376951 296553 301061 458387 227328 280575 337103 948595 294963 
532071 83152 763877 513312 322095 15373 322434 283025 13350 340014 ,532071 83152 763877 513312 283025 13350 340014 295217 594468 394442 
747870 896310 667057 44030 560460 980093 55323 693233 682804 55364 ,896310 44030 980093 693233 682804 55364 56423 673194 374701 44083 
776127 962517 829685 789535 829957 186590 777829 802242 217642 429078 ,962517 829685 789535 829957 186590 802242 217642 429078 651005 566947 
754244 740214 477919 754136 379564 477668 669498 994393 746174 734963 ,740214 477919 754136 477668 669498 994393 746174 905952 400851 402180 
703768 426130 528332 986967 168691 64984 110547 168519 426102 525427 ,426130 528332 986967 168691 64984 110547 168519 426102 525427 106855 
189169 63392 493923 65168 133319 189092 189165 285162 223686 471287 ,63392 493923 65168 133319 189092 189165 223686 471287 835638 890726 
72812 66400 560239 130362 506973 15382 773358 502771 510170 225600 ,72812 66400 560239 130362 15382 773358 502771 510170 225600 13340 
375414 852641 375673 852422 646472 949332 852494 520574 851428 902290 ,852422 520574 969359 877090 671721 641819 585396 646933 643972 824959 
930599 381135 242727 16785 882994 883011 869483 997900 960872 595711 ,930599 381135 242727 882994 883011 997900 960872 595711 933089 227466 
706756 707804 704144 705627 342088 392253 392160 343420 258987 780907 ,705627 258987 780907 775968 977758 743364 381595 653827 734055 17127 
932595 202816 267094 684462 535871 684661 958490 175168 724708 355775 ,932595 267094 684462 535871 684661 175168 724708 355775 685531 862990 
108031 38579 280625 103130 662457 105408 406348 342118 37727 896057 ,108031 38579 280625 103130 662457 105408 406348 342118 37727 896057 
505794 504345 933986 932644 434999 932617 48035 434327 604273 215053 ,505794 504345 933986 434999 932617 48035 434327 215053 932737 540468 
430217 631462 754021 641798 957108 108396 45687 124354 155664 515251 ,631462 641798 155664 53737 129418 153659 154780 130245 142669 152969 
676558 758509 756998 677626 761877 676520 675862 756649 758338 758486 ,676558 758509 756998 677626 761877 676520 675862 756649 758338 758486 
302366 302695 452099 201479 265757 741641 261089 312878 201823 266101 ,302695 201479 741641 261089 312878 266101 201823 745269 972850 260725 
491875 93595 388510 747672 746994 383750 339701 598712 325610 466294 ,491875 93595 747672 339701 325610 693985 140743 300075 863011 251884 
840139 839723 40671 260271 513577 810461 40842 810687 621089 839490 ,840139 839723 40671 810687 621089 839490 853909 535759 154518 371582 
912601 769442 694197 215204 429771 552550 868486 279689 484691 719548 ,769442 694197 215204 429771 552550 279689 719548 473947 79893 81660 
765284 765507 767016 997680 826418 646331 990250 557279 825752 763469 ,765284 765507 767016 997680 826418 646331 990250 825752 763469 104000 
40776 539797 880587 40772 603683 880280 40922 880354 808943 809624 ,40776 539797 880587 603683 880280 40922 880354 808943 809624 191069 
463513 457897 464531 4401 154466 509710 508253 510639 262593 528723 ,463513 4401 154466 510639 528723 496919 472864 250210 703437 262085 
389673 748397 748193 573812 836975 144213 113306 942722 597677 835921 ,389673 748193 942722 138493 748799 724095 574284 60148 138687 394883 
648987 647196 646787 891482 647514 648672 803312 58499 824035 647215 ,647514 648672 647215 647550 650596 650614 646894 672709 648115 961139 
626505 920492 178008 401674 404054 461597 533554 404238 622209 479377 ,626505 920492 178008 401674 461597 533554 404238 622209 314982 617471 
663590 594469 663448 594694 562721 617515 960716 758887 757266 527624 ,594469 663448 617515 960716 758887 565555 960758 947342 677789 792807 
610240 611862 138771 829731 469128 320234 651615 776946 676072 612601 ,611862 138771 829731 469128 320234 758603 676978 260630 610399 612185 
366433 367441 366335 484343 748649 663552 391749 121913 278698 181012 ,366433 484343 748649 663552 391749 732378 663419 430167 683410 955255 
885221 485928 486344 361456 282628 362886 249482 248795 869656 105779 ,885221 485928 486344 248795 869656 257891 285472 415690 199144 563510 
546489 870659 376661 873000 843034 678418 868336 727509 197429 276245 ,376661 678418 868336 727509 276245 864452 539551 889114 466759 170042 
624923 169153 15836 215070 98058 65949 665489 136930 587584 549521 ,169153 15836 215070 98058 65949 665489 136930 549521 721997 68498 
523793 429611 84650 77233 429979 987789 337120 645158 366719 86130 ,523793 84650 77233 429979 987789 645158 366719 86130 826811 826441 
181363 255135 623699 543436 918233 793760 490288 948030 625987 97310 ,181363 255135 623699 543436 793760 948030 625987 97310 455405 848556 
133187 9620 983003 611204 133304 782586 775298 402708 573800 419277 ,133187 9620 983003 611204 573800 295485 977983 121139 772228 145468 
945454 910516 916131 908330 572648 335631 574747 980525 642344 642561 ,945454 916131 572648 335631 574747 980525 642344 21884 840640 643836 
536555 651491 695258 644834 414119 409454 612574 410970 381832 109215 ,651491 695258 644834 414119 409454 612574 410970 381832 109215 732167 
555767 157769 331614 835620 96914 90550 128881 596230 157537 323669 ,157769 331614 835620 96914 90550 128881 596230 323669 331015 467745 
560264 324884 729502 440093 871615 227690 169486 873793 305624 594065 ,560264 324884 729502 440093 871615 227690 169486 873793 305624 594065 
169281 983007 193669 272485 320491 253601 248209 33815 825597 418195 ,983007 272485 193669 320491 253601 248209 33815 825597 854269 369257 
377635 771207 43026 437719 667546 699726 57622 410552 823485 914255 ,771207 43026 437719 667546 699726 57622 914255 41942 50943 106120 
129935 124139 127090 205296 269574 535637 89957 127729 392116 744170 ,129935 124139 127090 269574 205296 535637 574799 926375 486625 80132 
359542 818681 295314 383674 307953 705558 843215 929 801662 252144 ,359542 295314 383674 307953 705558 843215 929 252144 251773 661801 
136455 647370 31450 612736 583951 437075 924657 136635 445099 115494 ,136455 31450 612736 583951 924657 136635 115494 412756 923629 583964 
771203 709157 50015 409961 34679 441089 255765 451871 599326 942857 ,771203 709157 50015 409961 34679 441089 255765 451871 599326 942857 
114000 484856 115715 527078 761735 135776 619125 949828 595086 943033 ,114000 484856 115715 135776 619125 595086 414611 453403 675401 893660 
630891 893027 199778 278594 174852 746362 197859 276675 13216 379555 ,893027 199778 276675 13216 379555 591212 275965 197149 594291 888564 
91496 98191 696500 102837 570298 328155 342881 433620 719955 460823 ,91496 98191 696500 102837 328155 719955 460823 827324 519436 253885 
90076 34516 410242 35138 471779 735719 499336 660351 809242 47477 ,90076 34516 410242 35138 471779 499336 660351 809242 47477 728518 
250841 931357 18605 196545 730346 981178 931230 182272 598122 310097 ,250841 931357 18605 196545 730346 981178 931230 182272 598122 316397 
885862 446860 447696 445770 993849 890958 39165 833750 732187 996758 ,885862 446860 447696 445770 993849 890958 833750 732187 996758 885792 
558506 674556 847894 674571 823568 676418 741849 901369 83326 676379 ,558506 847894 823568 741849 673155 735411 823572 673836 823615 51005 
944604 558428 689141 39789 850819 811454 891742 518566 216367 216482 ,944604 558428 39789 850819 891742 216367 216482 643731 642814 891609 
4544 890860 890281 854435 543409 4493 892691 842072 745458 950753 ,4544 890860 890281 854435 543409 892691 842072 745458 950753 541441 
62349 375081 419861 419557 741879 291182 93955 72117 92051 789712 ,375081 419861 419557 741879 291182 72117 92051 789712 71001 202712 
504539 884672 744381 186979 187468 505244 922110 580258 420136 900620 ,504539 884672 744381 186979 187468 505244 922110 580258 420136 900620 
480025 502851 479390 754929 479888 545719 411194 814620 583577 887119 ,502851 479390 754929 545719 411194 814620 583577 887119 882706 411275 
120703 110296 396275 882132 668841 797434 10155 129225 681283 497522 ,110296 10155 952054 989774 497300 736644 812254 515763 536090 836252 
1244 910164 555422 116057 362465 363046 577957 150956 403816 348913 ,910164 555422 116057 362465 363046 577957 348913 399163 401717 835340 
389922 389959 653343 787913 570255 415478 235420 789271 444460 227693 ,389922 389959 653343 787913 570255 415478 235420 789271 227693 654616 
456022 129721 877553 456257 762794 683966 907786 895993 456337 640224 ,129721 877553 456257 762794 683966 907786 895993 456337 640224 926364 
964655 75125 198638 254943 472843 108739 832899 451905 386489 463596 ,75125 198638 254943 832899 254605 506366 892128 781673 107353 708199 
364901 769372 364653 324052 605536 544755 356529 605457 837689 86535 ,364901 364653 324052 605536 544755 605457 86535 326705 351014 286400 
730006 991996 565745 751465 247203 197546 276362 248146 813019 902242 ,730006 751465 247203 276362 197546 248146 813019 902242 169534 515993 
230357 412835 417496 671310 774149 118646 75628 116872 622706 98043 ,230357 774149 75628 116872 622706 495191 413219 163501 298699 661897 
561804 561728 564782 562061 147717 780455 128449 564813 144389 412088 ,561804 561728 562061 147717 564813 365706 479021 39877 593730 120010 
28952 419537 993680 703185 144727 419670 555565 9150 962584 577992 ,28952 419537 993680 962584 577992 84969 754759 695334 618632 524366 
913972 294458 665930 772686 565104 707219 554529 564454 892805 535107 ,913972 294458 665930 772686 554529 564454 892805 666564 772457 957709 
693964 573360 606753 391784 422872 566936 104720 59857 189094 241430 ,693964 573360 606753 391784 104720 59857 241430 551984 430811 607266 
223530 732345 637906 690201 879703 879698 598613 441677 970602 441474 ,223530 637906 690201 879703 879698 598613 441677 970602 441474 541814 
831354 784755 352762 563578 973884 562952 707673 91383 767015 102683 ,831354 352762 973884 562952 707673 91383 102683 320922 366333 278321 
536116 423817 52535 115624 91813 756459 770663 52505 424152 53591 ,536116 423817 52535 115624 91813 756459 770663 52505 781192 922204 
681193 432907 234727 668464 517487 811016 957242 13653 925615 390227 ,681193 432907 234727 668464 517487 811016 925615 990483 933577 14586 
523895 95745 118855 553156 95991 694656 432919 414971 872576 105588 ,523895 95745 118855 694656 432919 414971 872576 105588 695914 871479 
554795 895409 883777 919251 920902 707518 89023 599292 842070 514591 ,554795 895409 883777 919251 920902 89023 842070 514591 895228 707205 
884362 837536 837950 200060 264338 815083 112357 58549 899397 637145 ,837536 837950 200060 264338 815083 112357 58549 637145 355296 964761 
826883 644082 643662 765733 886390 827161 793659 68066 807515 205686 ,826883 644082 643662 886390 827161 793659 68066 807515 269964 205686 
393477 395964 398447 842733 843586 399213 209530 560903 618974 739273 ,395964 398447 842733 399213 209530 560903 618974 739273 209790 731429 
729700 934223 650730 859274 977163 835758 191356 811549 993352 853836 ,729700 934223 650730 859274 977163 835758 191356 811549 993352 877540 
698292 751544 121588 301733 455217 503860 664264 362589 455319 788401 ,698292 751544 121588 301733 455217 503860 664264 362589 455319 788401 
192533 271349 925978 43787 993737 192240 98520 679779 994141 530886 ,925978 993737 98520 192310 869372 993810 550400 515564 260915 875296 
775921 149030 981785 109941 778920 776668 29487 752854 537768 572815 ,149030 778920 776668 29487 752854 537768 786540 136026 774644 537686 
340707 325896 312320 312446 353153 352784 122850 854232 856799 587351 ,325896 312320 312446 353153 122850 854232 587351 51989 753698 37320 
96777 708715 945333 768433 937150 801877 952851 943330 409608 786565 ,96777 708715 768433 937150 801877 952851 409608 695466 553766 500935 
804146 461664 352194 598002 462964 225139 273794 721501 908217 508487 ,461664 352194 598002 462964 225139 721501 908217 386073 591387 503642 
904857 478875 912576 846890 637283 411898 637459 81930 82132 479018 ,478875 912576 637283 637459 479018 59517 889708 264622 517800 800816 
467617 364395 364240 367729 978054 365840 915699 83607 220942 833258 ,364395 364240 367729 833258 678001 306487 179303 999039 998042 385048 
619341 831721 374050 825083 113154 583953 374396 983156 373767 646031 ,619341 831721 374050 825083 113154 583953 374396 983156 809079 758363 
285001 693160 576683 459540 459956 937938 904600 608184 460874 380773 ,285001 693160 576683 459956 904600 316833 645717 718246 85947 187938 
36395 986045 537916 553723 411197 441194 986620 382750 539279 617385 ,986045 537916 553723 411197 382750 617385 382916 387222 36367 986055 
635618 596104 467856 801318 865065 105081 420923 348871 863255 294826 ,635618 596104 467856 801318 105081 420923 348871 294826 152312 88719 
810229 375886 472944 379159 51731 379294 546950 6712 479687 477324 ,810229 472944 379159 51731 379294 546950 6712 479687 39874 58374 
658144 64279 723608 121950 658134 616709 72000 662796 68487 351354 ,658144 64279 723608 121950 658134 616709 72000 662796 68487 351354 
652253 650868 651075 652101 858221 848340 848569 858767 656808 770651 ,848340 848569 858767 856758 980263 857567 856246 21745 826156 654942 
342926 306767 341346 90471 107075 296536 948799 306266 279363 125715 ,342926 306767 341346 90471 948799 279363 13350 460210 282971 280607 
339336 934749 658934 847806 578478 684735 828875 602567 909957 279733 ,934749 658934 847806 578478 684735 602567 909957 279733 341234 658197 
682090 163091 735870 735706 289003 108156 735669 185002 387156 575211 ,682090 735706 289003 108156 185002 387156 575211 202037 266315 913729 
833725 663020 90186 452712 323082 353513 46684 79635 214551 573888 ,833725 663020 90186 452712 323082 79635 214551 573888 641606 790786 
869333 861396 64410 861365 869250 261146 795444 869853 560078 741710 ,869333 861365 869250 261146 795444 560078 741710 308902 593182 607384 
720134 720880 720324 967308 967840 719266 248222 516103 807188 788791 ,720134 720880 967308 967840 719266 516103 807188 788791 719504 472377 
211495 792034 220401 489221 892935 497112 323739 380536 901462 567323 ,211495 792034 489221 892935 497112 323739 380536 901462 567323 588601 
887739 11616 189647 11733 372692 595414 537532 461337 211958 54974 ,887739 11616 189647 11733 372692 595414 537532 817889 211813 523870 
195503 274319 467863 861104 90504 706944 829029 152713 784635 681770 ,195503 467863 681770 706917 696110 540576 46250 486467 932191 224860 
233673 356395 233410 849248 712467 344722 838764 817714 345445 136439 ,233673 356395 233410 712467 344722 838764 817714 345445 136439 712437 
22152 820302 991740 120353 991017 859711 989557 588169 243516 377732 ,22152 820302 991740 991017 859711 588169 243516 377732 233232 989562 
654036 854101 212482 821796 103373 609779 914389 821892 103316 609790 ,654036 212482 609779 914389 609790 443258 646741 677408 615820 189397 
383847 428836 563794 761590 784332 384480 797492 841928 851362 601727 ,428836 563794 761590 784332 384480 797492 841928 851362 601727 428523 
673981 149891 36765 150756 76355 550057 674793 674788 786571 150815 ,673981 150756 76355 550057 674793 786571 150815 820949 757377 161374 
81874 955533 851919 757177 962305 825440 542176 772186 760280 961773 ,81874 955533 825440 772186 961773 969986 885851 857655 772717 969765 
518606 502169 389122 397297 389095 419761 518655 422983 470775 772549 ,518606 502169 389122 397297 419761 422983 772549 297309 419514 80630 
219879 587409 111878 576077 120982 110664 121801 168041 947109 502943 ,219879 111878 576077 120982 121801 168041 947109 20040 588171 849785 
184675 595373 183977 92293 745101 467909 370264 932451 461282 89431 ,184675 595373 183977 92293 745101 467909 370264 932451 461282 89431 
96478 83512 516994 488130 126043 453888 843294 31560 530022 575409 ,96478 83512 516994 488130 126043 575409 330898 791133 192937 271753 
169966 140857 300269 338129 376386 385913 140984 352347 526579 295212 ,169966 300269 338129 385913 140984 373665 373702 294118 22176 855352 
38575 477514 477193 666864 37980 540200 38114 539693 39202 218485 ,38575 477514 477193 37980 539693 39202 218485 39502 38588 768185 
473818 994886 199291 278107 227754 670739 197595 276411 13949 867883 ,473818 994886 199291 278107 670739 197595 109558 690696 538947 202114 
234086 290769 57902 536934 536310 231528 612149 737769 236733 98114 ,234086 290769 57902 536934 536310 231528 236733 98114 235343 179056 
313675 100694 732711 681692 443230 681658 553621 722697 443277 602918 ,313675 100694 732711 681692 602918 672597 443176 100180 102305 829722 
889006 180860 181459 834120 967991 834280 807204 63348 873837 842561 ,889006 180860 181459 834120 967991 807204 873837 842561 274837 196021 
500132 440796 499307 99411 797181 97918 874526 168482 943398 796700 ,440796 499307 97918 874526 15607 262107 226981 277443 387970 503980 
18577 139608 702754 139096 71909 66573 433863 704662 229361 95398 ,18577 139608 702754 139096 66573 229361 95398 610752 112444 725937 
761275 760642 170828 186190 411973 360585 239312 315896 172077 290783 ,411973 239312 315896 252025 65802 942783 634330 255339 697245 711631 
789126 696601 188162 330612 613176 519948 799223 612119 235571 613854 ,613176 235571 613854 409946 789702 732167 66558 874482 20582 894335 
328551 384545 395963 985044 157167 794309 521759 983868 281275 591973 ,384545 395963 521759 281275 591973 531974 505226 73431 131601 131284 
917564 917135 743572 996 743620 729552 877738 728359 887933 535999 ,729552 877738 728359 887933 535999 915747 977642 347650 870174 207680 
920699 833195 664285 576593 626809 405290 839228 794922 554824 554902 ,920699 833195 664285 576593 405290 839228 554824 140980 767573 794650 
677947 677992 541964 677981 300725 207207 678121 732722 226829 592437 ,541964 300725 207207 732722 226829 760900 404085 658789 208501 349197 
770018 50497 645188 141815 791690 534503 456934 614906 869283 23810 ,770018 50497 645188 141815 791690 534503 456934 614906 869283 23810 
172364 53144 876253 52905 686931 449733 603087 54062 457866 328218 ,53144 52905 686931 449733 54062 457866 768639 120468 54004 449315 
449698 778642 168461 341446 800009 168471 180651 228303 806179 569325 ,778642 168461 800009 168471 228303 806179 238745 512775 595945 698239 
739265 435503 104646 485200 738716 206472 270750 460260 432885 515318 ,739265 738716 270750 460260 515318 365757 204911 197131 213536 890570 
749900 879739 224181 887623 750327 887685 628234 628541 64710 394025 ,879739 887623 750327 887685 64710 394025 726639 124776 858420 629516 
852093 170359 323655 331408 345750 489959 516157 397163 170795 292025 ,852093 170359 292025 972634 498438 544455 852104 291496 458177 293880 
579727 584996 478034 314100 598288 141101 548705 283090 5636 343277 ,579727 478034 314100 5636 360912 488935 669760 185984 219959 287635 
257326 454604 224481 255087 597311 995847 441769 947932 469896 931350 ,257326 441769 329060 931523 869869 538213 553483 778615 252213 257652 
730531 405627 405616 793247 38206 38346 39154 419898 754121 689434 ,730531 405627 405616 793247 38206 38346 39154 419898 754121 689434 
841298 20204 746659 987794 333852 176288 882179 491513 199332 765831 ,746659 987794 333852 176288 491513 199332 765831 403918 81343 755271 
71077 738206 453257 398753 41337 609010 157019 734714 609513 69786 ,398753 609513 69786 402272 864019 380490 65780 69266 899900 468618 
74150 396407 514343 931165 18090 95365 602583 987069 64932 739696 ,74150 396407 514343 931165 18090 95365 634346 757225 106843 992136 
19011 595161 75300 46138 263860 545337 210930 46718 976736 440618 ,19011 75300 545337 976736 335835 452716 630578 192660 4234 620062 
941864 947716 943767 933463 225973 723481 247625 797417 226073 526221 ,941864 943767 225973 723481 247625 797417 226073 247440 630796 161186 
4041 934189 267945 682993 94293 745876 346850 603432 408800 890356 ,4041 934189 682993 94293 745876 346850 603432 408800 890356 341204 
418759 418373 467652 397692 467448 949779 340674 397229 232563 602669 ,418759 949779 397229 602669 156682 872563 467522 177794 409566 154369 
86279 927617 707101 696822 961382 289326 680018 584762 239809 246386 ,86279 927617 696822 961382 289326 680018 584762 239809 417320 506071 
124724 430109 9214 106725 280865 106553 684472 708809 421387 933438 ,124724 430109 9214 106725 280865 106553 684472 708809 225345 801888 
449049 449005 556740 908483 909414 557861 76475 557358 782832 913980 ,556740 557861 76475 913980 783498 471866 914504 101164 915081 714415 
180971 180737 70466 416133 416110 71600 503998 632578 166335 632781 ,70466 503998 632578 166335 632781 519865 944414 416400 272654 165443 
499156 804115 449052 639174 233924 351211 337341 864824 572963 364429 ,499156 449052 639174 233924 337341 864824 572963 515757 55032 351604 
406630 413340 419725 616926 990420 414957 419728 318020 315476 810724 ,406630 419725 990420 318020 315476 810724 316836 693729 209894 700259 
60917 864444 514762 170263 916815 720982 393453 74719 332152 786738 ,170263 720982 393453 74719 332152 703383 774382 516356 416497 531207 
239309 979370 562181 179173 527615 909141 468800 178484 199372 278188 ,239309 562181 909141 468800 199372 506341 300369 584398 179678 416778 
62721 124983 399481 106226 144777 463956 860476 629724 942458 740528 ,124983 399481 106226 144777 463956 860476 629724 942458 740528 174396 
597309 811859 857880 398564 94258 179967 858026 123830 707219 543725 ,398564 858026 123830 419277 9712 195654 274470 436967 247687 382581 
701578 293700 430047 93490 423858 389613 573445 22647 573389 610930 ,701578 430047 93490 423858 389613 573445 22647 573389 610930 699906 
420598 420664 420677 499555 15657 506879 420851 395042 761118 777580 ,420664 499555 15657 420851 395042 777580 832507 947356 506652 852961 
952420 951344 801456 192884 271700 956034 290000 643159 565975 223099 ,801456 271700 956034 643159 565975 950487 473478 738916 288957 56275 
958347 90102 324654 597793 584392 921855 569106 131838 233914 976124 ,324654 597793 569106 131838 976124 370456 1694 555396 535509 474603 
454220 601274 368880 563664 482225 562464 562875 433429 409216 409300 ,454220 368880 563664 482225 562875 433429 409216 975701 860352 805801 
458990 841174 346125 15054 179156 399442 315315 203343 267621 280635 ,458990 841174 179156 315315 203343 280635 285258 880942 42612 453149 
772644 324366 96834 722857 397018 83779 496582 852243 95058 994103 ,324366 722857 397018 83779 496582 95058 994103 247057 496866 430954 
754044 62122 236624 758272 306442 718858 423592 177513 7543 762251 ,754044 62122 236624 758272 718858 423592 177513 7543 44450 379138 
934354 685308 723441 685821 299265 777752 11665 723655 609281 557000 ,934354 685308 723441 685821 299265 777752 723655 557000 795997 476843 
200913 265191 493452 803121 497599 379213 426899 260286 426782 279674 ,803121 426899 260286 426782 279674 168276 661629 379395 441547 945913 
330309 609478 204920 269198 168085 993996 546674 120596 994075 697991 ,330309 609478 204920 269198 168085 993996 546674 120596 994075 697991 
408764 408462 408855 551661 406273 406324 551743 861530 402106 239766 ,408764 408855 406273 406324 402106 239766 900097 431595 527380 104247 
170873 170347 843418 484259 69628 877460 14411 371586 803610 233927 ,843418 69628 14411 371586 803610 233927 404070 572142 877828 9902 
851047 851385 483010 851192 940833 12629 947548 195717 274533 940927 ,851047 851385 851192 940833 12629 947548 195717 274533 195148 273964 
21569 21660 285761 809187 21505 285013 509797 962578 497928 615839 ,21569 809187 21505 285013 509797 497928 615839 859451 531921 806986 
507272 504612 508732 504503 344920 527381 263468 945052 509548 833944 ,507272 504612 508732 344920 527381 263468 945052 833944 588969 709178 
922827 805603 422423 85054 187467 950226 582547 944973 558891 537309 ,85054 582547 290274 900210 378191 204847 943258 805758 377991 900801 
804246 331853 145836 250206 715350 659530 715315 838753 247678 392490 ,804246 659530 715315 247678 567053 329876 153828 227374 228269 834409 
66776 824739 667906 685857 70797 859979 537007 688413 717319 860121 ,824739 667906 685857 70797 859979 537007 688413 717319 860121 982582 
931680 92751 916894 741755 31601 931796 486564 75285 309838 514463 ,92751 916894 31601 931796 486564 75285 514463 114885 158853 941625 
469811 37462 139332 4984 684943 407470 691214 855407 196845 275661 ,469811 37462 139332 4984 407470 691214 275661 196845 845171 121127 
948544 722369 999944 781403 161639 403260 681487 437293 712063 579634 ,948544 722369 161639 403260 681487 437293 712063 579634 59588 136725 
628791 169956 294532 468011 739383 170113 169962 170511 628134 368345 ,169956 294532 468011 169962 170511 329843 170743 197703 276519 393760 
424747 657086 426914 855237 785584 654982 427425 788100 786046 423582 ,424747 427425 788100 656453 442759 446250 106035 38894 814189 655012 
161818 310773 310612 313344 819279 855358 295315 618113 588751 856132 ,161818 310612 313344 819279 295315 618113 588751 856132 308956 267215 
592649 927263 302652 198559 277375 187785 927436 294241 100573 473271 ,592649 927263 302652 198559 277375 187785 100573 473271 20287 277809 
992783 613088 612468 992238 997088 132347 997345 612439 666720 373858 ,992783 613088 612468 992238 997088 132347 997345 612439 666720 373858 
294306 234336 233253 481167 481875 497693 522667 742343 464869 522930 ,234336 233253 481167 522667 742343 464869 522930 376657 27898 523556 
835945 506564 454653 462146 179797 454615 179431 462832 376572 74703 ,835945 506564 454653 179797 454615 179431 462832 376572 74703 386829 
292892 293902 386554 386015 381911 386514 507352 385836 387748 382169 ,292892 293902 386015 507352 385836 114414 756982 726333 286663 113205 
845874 853231 557188 76174 557104 35364 678038 982149 651751 749241 ,853231 557188 678038 651751 820274 650178 21769 832076 765014 557451 
730346 822977 730341 21077 21010 929942 84050 337971 725541 972139 ,730346 730341 21010 84050 337971 725541 972139 585751 458049 75550 
614225 510859 708859 127883 710100 152673 475262 106635 569233 839882 ,614225 510859 708859 152673 106635 569233 839882 132457 653324 26114 
694291 436362 649502 15681 583983 752551 128533 594146 171119 563437 ,694291 436362 583983 752551 594146 171119 563437 252925 13460 226009 
858073 857472 805812 597362 61959 245022 688825 62608 64792 688814 ,858073 857472 805812 61959 245022 688825 62608 64792 739765 244822 
972661 964556 963941 972195 963616 971947 963421 46215 41256 565620 ,972661 963941 972195 963616 971947 963421 46215 565620 884362 951754 
870658 199147 277963 931712 872999 111332 948443 434322 391204 866413 ,870658 277963 872999 111332 948443 434322 866413 838485 129119 129645 
485021 874454 111437 483702 822638 28952 695334 201346 265624 136110 ,485021 874454 483702 822638 28952 695334 265624 136110 190049 560030 
692766 457435 453724 735660 42324 990420 42052 693377 683953 646535 ,457435 453724 735660 42324 990420 42052 683953 646535 479845 630032 
149787 647462 734358 646917 810430 935767 901244 921657 455300 936928 ,149787 647462 734358 646917 935767 901244 921657 455300 936928 157154 
37017 912743 882956 259077 524928 279109 89176 365351 726289 489493 ,37017 882956 524928 279109 89176 365351 726289 489493 266528 202250 
533809 240138 133138 90778 533961 358793 804346 10995 816239 54179 ,133138 90778 816239 312911 62625 794591 432309 645718 305090 467527 
395414 456797 152616 584477 107291 174579 655313 678070 842858 3327 ,395414 584477 678070 577892 861423 870519 739249 390217 225448 369925 
961409 961138 969799 970414 962064 961295 969945 607326 971482 986429 ,961409 969799 962064 961295 607326 971482 986429 186340 24261 112283 
922725 922470 623821 328046 908552 382610 320699 184032 378060 904390 ,922725 922470 623821 328046 908552 382610 184032 378060 904390 386010 
642932 642273 641454 640518 930516 644125 640350 569574 880021 802078 ,642273 640518 930516 644125 640350 569574 880021 802078 644090 802780 
957538 957502 742657 880090 868301 886540 872283 867740 104175 405922 ,957538 742657 405922 205261 885709 732841 121901 690193 885740 123544 
22371 805547 22654 65281 699370 390689 138857 765902 573150 942496 ,22371 805547 22654 65281 699370 390689 138857 765902 573150 181869 
221982 631552 770716 340070 632697 397397 357752 597510 822561 726667 ,631552 770716 340070 632697 397397 357752 597510 726667 437535 183754 
664454 594359 82793 615067 155395 106075 83684 92824 497446 350602 ,664454 594359 82793 615067 155395 83684 92824 497446 350602 400621 
947302 841749 171152 462291 840962 934003 842927 941278 462844 122640 ,947302 171152 934003 842927 941278 462844 122640 925125 112138 68555 
422999 567395 422926 667182 236945 300819 981024 419368 604679 54213 ,422999 667182 236945 300819 981024 54213 106156 990083 667378 232691 
768582 768552 768387 55018 476254 51059 447751 976825 540489 51046 ,768582 768552 768387 55018 476254 51059 447751 976825 540489 51046 
295216 296341 283024 279483 678959 573093 306289 105641 292766 787543 ,295216 296341 283024 279483 678959 573093 306289 105641 292766 675698 
550157 66869 235146 550650 680730 159837 298010 629496 87420 15260 ,550157 66869 550650 680730 159837 298010 629496 87420 15260 106946 
498543 456765 127206 412518 696692 204820 269098 799151 477923 327390 ,498543 412518 696692 269098 477923 107785 164662 163514 78159 66122 
27846 828747 789881 890777 102329 954096 477420 476000 890806 852754 ,27846 828747 789881 890777 102329 954096 477420 476000 890806 852754 
661899 133258 842004 981883 578484 873881 558767 670477 878475 872527 ,661899 981883 578484 873881 558767 872527 561334 711318 564277 433286 
115682 113454 705614 832461 597223 59319 70238 757450 824317 396062 ,115682 113454 705614 832461 59319 757450 824317 396062 182827 896005 
189127 955595 288540 194324 273140 313349 123716 106933 392304 187422 ,189127 955595 273140 313349 123716 106933 392304 306012 574553 979042 
65571 173865 61218 227033 844963 657180 465273 77201 661790 384005 ,65571 173865 61218 227033 844963 465273 77201 661790 59695 693575 
790282 837975 207102 207048 447882 424247 604870 423726 217178 447155 ,207102 207048 447882 424247 447155 447179 994279 654505 423149 447427 
326070 114288 936280 727157 615049 935384 759043 576506 442454 474550 ,114288 936280 727157 759043 576506 442454 474550 611466 709235 131114 
389199 807507 750391 349508 3894 579470 750725 807501 658423 150639 ,389199 807507 349508 3894 579470 750725 658423 150639 851281 82510 
194123 272939 752972 952632 298600 944792 3331 293342 703751 294258 ,752972 298600 3331 293342 703751 294258 264772 322699 183014 464314 
631088 631685 906445 678242 47262 678352 907157 986357 453114 911944 ,631685 906445 678242 678352 911944 937524 106539 883568 452982 599396 
14601 683683 13018 23836 989004 182491 989209 830744 597403 481658 ,14601 23836 989004 182491 830744 597403 912767 668005 860744 375464 
287350 619122 482813 239832 285475 284459 838540 389918 186002 839168 ,287350 285475 838540 186002 839168 389878 299882 285998 863359 248740 
983164 247829 452963 680006 887430 73725 247369 889346 628579 895875 ,247829 452963 887430 247369 889346 628579 895875 957333 449457 1403 
995484 932910 999060 871145 858391 990875 931816 855963 889827 947626 ,932910 999060 858391 855963 103819 855592 954729 854135 833768 998339 
590335 575049 119755 335756 573496 242472 368501 307364 307041 331550 ,590335 119755 335756 242472 368501 307364 307041 580075 466644 489634 
887635 635461 188640 875673 746562 888190 127577 633260 360986 262561 ,887635 635461 188640 875673 746562 888190 127577 633260 360986 262561 
636151 633946 205027 269305 633703 12979 491934 736840 202691 266969 ,636151 205027 633703 12979 491934 736840 202691 266969 204781 72549 
433390 55966 466064 430169 601024 547817 809575 431141 532198 602520 ,433390 55966 466064 547817 809575 431141 532198 602520 549044 60222 
909440 475026 411350 409836 678688 657549 50016 648657 104119 929970 ,909440 411350 409836 678688 657549 648657 104119 559230 237771 614891 
754597 754558 795285 252820 922061 754757 605611 472028 386577 727754 ,754597 795285 922061 386577 514353 247297 940968 163574 661123 305914 
758647 759364 786884 366529 514044 53865 564835 353740 461691 141998 ,758647 514044 53865 564835 353740 461691 141998 872894 917805 141514 
758588 757483 603741 772369 757177 853812 539799 666739 541628 772170 ,758588 603741 772369 757177 853812 539799 541628 772170 853826 772186 
157553 149844 141533 320710 228319 872091 347832 922478 922877 240315 ,141533 922478 240315 621167 624484 229114 495586 594633 967208 481966 
719702 286792 169180 325402 280212 84876 426546 531106 803953 157735 ,719702 286792 325402 280212 803953 157735 804005 279304 724728 279049 
985129 483681 980180 459383 12331 507688 224557 395237 686306 436968 ,985129 483681 980180 12331 507688 436968 758642 747654 946163 394957 
994765 958807 958940 795804 995170 908316 655522 655935 615710 887143 ,994765 958807 958940 795804 995170 655522 887143 907334 534519 418721 
265983 894524 202461 266739 15432 204188 268466 850496 765936 780750 ,265983 266739 202461 15432 204188 765936 780750 840149 660633 991465 
76395 553851 90691 531860 671519 399028 820963 576154 19770 154981 ,76395 90691 531860 671519 399028 820963 576154 19770 820837 484815 
758443 158380 568369 673928 568240 969967 140524 568189 758328 567258 ,758443 758328 567258 610898 567084 568229 962752 810645 158442 468916 
513537 318792 752937 424766 210178 940813 233603 886794 997228 888664 ,513537 752937 424766 233603 886794 997228 888664 966068 683871 760371 
914875 892353 442400 57719 733309 50972 849725 722084 705435 11419 ,914875 892353 442400 57719 733309 50972 849725 722084 705435 11419 
85142 524444 256005 603511 86665 346679 336697 111127 249499 336984 ,85142 256005 603511 86665 346679 336697 336984 499792 529127 87088 
581726 370669 367966 482759 451725 173785 841262 451208 570254 141669 ,581726 370669 367966 451725 173785 841262 570254 141669 132392 660650 
643482 216275 911726 642296 642757 186819 827205 959580 827620 911719 ,643482 216275 911726 642757 186819 827205 827620 911719 837303 791324 
414597 194426 273242 262500 8202 429199 697823 8434 231361 724307 ,414597 273242 262500 8202 697823 8434 231361 724307 183461 183426 
444934 923035 910985 838321 443649 853881 846311 444551 881746 808877 ,444934 443649 846311 444551 881746 853713 837332 905090 443907 888852 
354372 357430 353201 353859 870145 317145 337426 691547 210284 865599 ,354372 357430 353201 353859 317145 210284 856491 352381 361159 949260 
394494 766 950884 199963 264241 135810 945215 462266 462564 796474 ,394494 766 135810 945215 462266 462564 200040 936171 145866 732531 
393201 395544 845143 845350 844845 89021 489047 509323 255877 707094 ,393201 395544 845350 844845 89021 489047 509323 255877 707094 223419 
941543 947274 962202 905267 940907 940659 947024 207834 68423 912661 ,941543 947274 962202 905267 940907 940659 947024 207834 68423 912661 
618439 83277 385727 295025 381410 381813 222829 203614 267892 222921 ,618439 385727 295025 381410 381813 222829 267892 203614 222921 867905 
937345 519527 262088 530369 900923 195820 274636 965998 189647 817889 ,519527 262088 530369 274636 195820 965998 189647 901069 870866 741857 
884655 400370 510467 390795 390656 366580 336982 33372 500117 201210 ,510467 366580 336982 500117 214470 265488 93049 621745 365816 279043 
691608 308680 3224 691995 46291 708012 347953 374763 324716 241092 ,691608 308680 3224 46291 347953 376508 351892 61929 359481 896530 
449747 581446 132844 367195 132133 340404 594401 639608 354810 603213 ,449747 340404 594401 339772 672450 837764 636861 793523 755368 755406 
514333 396402 75954 741661 690373 392483 841484 73681 584265 976279 ,396402 741661 73681 976279 161458 777581 861173 744261 733042 97 
930200 346353 361426 506234 507509 984320 10438 868430 348208 347907 ,930200 361426 506234 507509 10438 347907 984375 822545 937893 235806 
867662 728222 595592 19023 594756 594919 517036 263107 18426 10627 ,867662 19023 594756 594919 517036 263107 10627 36861 170056 18555 
695429 616756 696478 872311 678149 326616 769066 805851 793919 640944 ,695429 616756 696478 678149 326616 769066 793919 302497 929018 468676 
65439 605127 567912 458391 923510 929736 679130 669818 835518 458303 ,65439 605127 567912 458391 923510 679130 669818 835518 458303 982258 
944724 978341 121604 793706 893413 980630 238140 920940 340661 34517 ,944724 893413 980630 238140 340661 34517 432200 772701 944007 772755 
62204 746183 999911 999475 511999 681762 919310 494395 191803 263387 ,999475 191803 263387 919312 997671 253420 961147 273394 19120 545550 
370956 368955 285560 346664 45731 101043 100971 327554 283532 316579 ,368955 285560 45731 101043 100971 327554 315371 348022 394969 974234 
233421 501575 525674 522122 525175 408891 263731 525923 255849 912224 ,233421 525674 522122 525175 408891 263731 525923 255849 494270 783872 
588302 129868 223327 386783 797557 864084 871794 879975 617278 614287 ,129868 386783 797557 864084 871794 879975 614287 859739 871694 26846 
624274 370478 936718 183206 753722 101414 121390 556807 586040 506177 ,624274 370478 936718 183206 101414 121390 556807 586040 506177 863970 
791383 447529 427938 615525 650398 827312 112881 982565 894138 655931 ,615525 112881 982565 655931 445750 637654 423223 31376 963677 446864 
833005 833089 996469 27526 134419 833002 646371 27154 95063 132910 ,833089 27526 134419 833002 27154 132910 851774 29667 666175 661850 
894010 556326 899681 556342 975138 704600 800267 412532 768590 863743 ,894010 899681 800267 556584 52580 577006 536604 602365 735016 207735 
694304 619103 772174 212068 75259 694395 368406 48535 212556 819907 ,694304 619103 772174 212068 694395 368406 48535 212556 819907 115578 
4697 762035 824256 672308 689860 824098 609725 609704 910776 923610 ,4697 762035 824256 672308 689860 824098 609725 910776 923610 923824 
339517 351700 340586 286245 338669 644987 780988 979153 359243 836951 ,338669 644987 780988 979153 359243 836951 346740 585990 743975 570767 
993434 218664 376359 877392 484942 495214 597315 21780 260498 302172 ,993434 877392 484942 495214 597315 21780 302172 777368 407716 507580 
700325 923774 493060 782101 705100 430328 699635 525049 189579 30801 ,923774 493060 705100 430328 699635 525049 189579 30801 18336 521868 
852584 914525 902304 378921 41828 540138 928588 467402 447821 650512 ,852584 914525 902304 378921 41828 540138 928588 447821 650512 800621 
529270 17346 464650 19084 663873 366609 436514 663734 615856 835604 ,529270 17346 464650 19084 663873 366609 436514 663734 916070 522153 
590609 7759 389466 494466 12252 550847 138351 127809 139790 769361 ,590609 7759 389466 12252 138351 127809 769361 412586 7036 848943 
653057 648767 649032 653287 649025 422770 800714 649250 651439 386844 ,653057 648767 649032 653287 649025 422770 800714 649250 386844 649442 
965118 729039 630571 918196 799154 66771 144865 527448 736901 306188 ,965118 729039 630571 918196 66771 144865 527448 306188 69194 917872 
346184 78377 117699 89196 490299 85556 459397 107230 637428 125636 ,346184 78377 117699 89196 490299 85556 107230 637428 125636 493408 
667381 424061 667677 656658 207059 667342 190229 667360 656508 656873 ,667677 656658 656873 655434 768005 824610 788251 953216 103476 657845 
459113 453143 84576 471910 459289 95706 803954 231048 524817 524718 ,471910 95706 803954 231048 524817 524718 53644 81026 430110 804006 
934623 84544 887934 254494 867099 223303 908902 549793 804724 269326 ,934623 84544 887934 254494 867099 223303 804724 269326 940934 556632 
707187 325306 777231 704921 98000 486956 615412 453201 337966 496929 ,707187 325306 777231 486956 615412 453201 337966 496929 22213 338327 
453711 459258 458877 452776 460895 88434 518949 465428 326851 433494 ,453711 459258 458877 452776 460895 88434 518949 465428 433494 585816 
918105 540133 430396 635754 635583 430585 540161 849054 62929 632973 ,918105 540133 635754 430585 632973 918458 848874 51016 540431 410663 
8731 932317 8390 73051 597389 396381 707457 680256 987926 749901 ,8390 597389 396381 707457 66613 172465 843922 861161 598924 933046 
68937 69049 372423 123056 515651 922813 106312 103231 502522 549436 ,372423 515651 502522 68789 60735 807027 59917 510638 122585 73136 
208984 132353 122936 132022 326229 143201 106077 160689 793718 279747 ,132353 122936 132022 326229 143201 106077 160689 793718 279747 547576 
23403 888296 169995 404200 628569 691981 185979 505090 912250 926918 ,628569 912250 706311 503507 912840 708019 844117 753626 565078 586367 
692199 421930 924681 775079 805081 925088 140023 470052 31255 31483 ,421930 925088 140023 31255 72265 127563 590523 977837 660879 691990 
525708 525957 228 288053 818442 328536 133008 844051 635988 918051 ,525708 525957 228 818442 328536 133008 844051 635988 918051 596039 
689837 20060 438947 502975 122274 313306 689815 839538 658631 187351 ,689837 20060 438947 122274 313306 689815 839538 658631 187351 525619 
307749 434638 453144 107487 312852 434066 502832 483558 251010 842482 ,307749 434638 312852 434066 502832 483558 842482 206369 270647 951565 
580577 252719 417055 417092 91517 633768 396618 293372 123823 166581 ,580577 252719 91517 293372 123823 166581 553050 254236 167451 517276 
122527 790387 518473 483937 774572 43848 773725 122434 216282 956154 ,790387 483937 774572 43848 773725 216282 956154 484853 609261 364810 
260102 683049 961955 251356 361600 683100 776794 683045 652010 948020 ,260102 683049 361600 776794 683045 948020 996487 134420 338345 251172 
426841 426738 496220 804000 495892 497866 496357 305116 105024 780661 ,426841 426738 496220 804000 495892 496357 305116 105024 427066 599108 
703981 541423 280811 704665 601975 662651 480474 662630 172134 405266 ,703981 704665 601975 662651 662630 172134 405266 397007 510451 500305 
206988 633190 56220 917936 207009 905414 56241 955284 907025 563928 ,206988 633190 56220 917936 905414 56241 907025 563928 975334 870335 
368319 880717 881160 805396 490650 648211 73617 985192 763125 995013 ,368319 880717 490650 985192 763125 995013 711061 647066 367764 792765 
156874 388645 473511 432457 619020 837328 525538 727317 587064 727784 ,156874 432457 619020 837328 525538 727317 727784 769568 892971 967664 
926909 292131 926943 926663 509876 110370 524757 685281 82971 368541 ,926909 926943 926663 509876 110370 524757 685281 82971 368541 105423 
847155 699933 143291 781725 846540 848656 560144 971211 567613 669504 ,699933 143291 781725 848656 560144 669504 346430 846434 892633 369308 
895259 842697 703276 930126 256194 895274 896233 504491 746020 36210 ,895259 930126 256194 895274 896233 504491 746020 36210 749261 387365 
543986 681914 628289 416294 454014 199549 278365 630070 597861 681992 ,628289 454014 199549 630070 73904 705144 17428 74277 965113 897180 
9691 700628 562410 805548 10788 891013 892354 972276 228454 724164 ,9691 805548 892354 972276 724164 564986 73078 195674 863742 65531 
886045 848382 861945 668454 846585 856508 986528 566385 668155 102295 ,861945 986528 566385 102295 758476 857758 986080 846530 826285 561089 
248785 248603 249002 227151 249661 458078 246498 363760 458035 351735 ,246498 363760 458035 351735 94508 638962 68476 305327 235842 363698 
892970 308584 299148 415177 298149 212431 300512 414512 469183 378779 ,415177 414512 378779 90713 52726 317405 807876 415008 53910 543601 
807422 641018 536374 444380 671009 670990 889258 536245 671141 669315 ,536374 444380 671009 536245 671141 606558 544399 668810 43693 824719 
584712 618526 376086 526173 598762 253540 253668 561220 863143 335528 ,618526 376086 526173 561220 863143 335528 256957 14648 698800 224853 
583428 700826 118740 56783 661238 534160 650728 78573 652126 770006 ,583428 118740 56783 661238 650728 78573 770006 810229 479145 56877 
547901 655118 700906 47499 432169 700677 699176 952778 465366 694884 ,655118 47499 432169 699176 952778 694884 745116 358069 183798 436119 
546387 279889 152796 304999 363477 152521 637099 295632 280458 806082 ,546387 279889 152796 304999 363477 637099 295632 806082 305080 152795 
606753 104720 211157 422872 693964 567843 573360 391784 94325 469481 ,606753 211157 422872 693964 567843 573360 391784 94325 469481 241430 
150558 57019 471578 57023 82609 769242 657624 792830 798013 483727 ,57019 471578 57023 769242 657624 798013 483727 555216 798208 480909 
485066 398915 13160 398351 685017 398433 248155 402305 13097 320180 ,485066 398915 13160 398351 685017 398433 248155 13097 432383 14388 
918893 736400 416032 918965 256705 416132 596001 682322 596063 750032 ,416032 918965 256705 416132 682322 919255 509196 194017 272833 597200 
421664 421912 830032 904517 710572 715435 331551 795302 859663 294697 ,421664 421912 904517 795302 331551 859663 294697 409067 576486 777735 
325765 354660 247610 859758 305522 983384 775589 239988 341874 983151 ,325765 859758 305522 775589 341874 983151 638603 176861 377997 325672 
598341 329170 741712 670766 739730 739428 868003 539092 765269 885981 ,329170 741712 739730 739428 539092 885981 14130 2312 77432 886016 
839910 251682 253798 668040 112069 801304 249909 953944 616264 656791 ,251682 253798 668040 801304 249909 616264 656791 358943 15409 828647 
233077 851269 764299 6789 232323 246887 12998 361137 24180 40848 ,233077 851269 764299 12998 40848 448577 602687 488940 618105 546021 
646546 646925 423083 653527 653208 647226 649462 653165 648104 653624 ,646546 646925 653527 653208 649462 648104 653624 646710 648129 649396 
321777 321607 615202 662724 615237 100398 82273 130870 336864 528659 ,321777 615202 662724 615237 100398 82273 130870 336864 528659 663325 
200562 202078 266356 506376 815148 482553 815082 200144 264422 923962 ,200562 202078 266356 506376 815148 482553 815082 264422 200144 923962 
356113 344281 32807 33568 132382 550799 133298 132070 420800 13497 ,133298 329146 273251 142263 238969 513184 816068 964185 682578 973161 
723046 17784 1361 959 887902 691237 536481 993646 994764 721205 ,17784 1361 691237 536481 994764 994630 510592 189647 330739 17150 
306197 857189 262070 529229 19387 493085 473899 130140 575902 421710 ,306197 529229 493085 473899 130140 575902 421710 165703 421655 515186 
761627 130407 44355 423418 231624 594475 555957 326302 920039 518471 ,761627 130407 44355 423418 231624 594475 555957 326302 920039 518471 
466794 481174 845221 324324 319130 188748 489343 411499 481143 570487 ,319130 188748 489343 481143 323367 431947 453565 416354 441780 827605 
535511 474898 451967 402135 142110 251880 950641 82219 526027 949749 ,535511 451967 402135 142110 251880 82219 526027 949749 450528 155468 
819892 628036 989879 649258 783513 574662 788796 108747 826421 878441 ,819892 628036 989879 783513 574662 788796 108747 534911 184931 433221 
651891 653530 651575 653554 422895 653623 650865 654314 982315 653215 ,651891 653530 422895 653623 654314 982315 653215 649148 889175 648063 
594451 207613 18170 683034 708752 479477 703408 503384 658444 60697 ,683034 708752 479477 503384 60697 934040 930642 708784 931774 921850 
871468 859952 209119 871336 958132 593160 640486 872549 126011 195798 ,871468 859952 209119 871336 958132 593160 872549 126011 274614 929155 
463667 592936 642506 590021 645067 591205 713896 423781 643956 717083 ,463667 642506 590021 591205 423781 101875 820497 787907 428997 716856 
30997 30699 502386 966396 525265 801165 60857 963884 85603 622407 ,502386 966396 801165 60857 963884 85603 622407 33941 484011 525768 
515537 235055 429308 615343 559558 44398 68737 429306 429417 340573 ,515537 235055 429308 615343 559558 68737 429306 340573 98787 44534 
351049 689652 350611 514854 707073 336906 321939 832599 321837 278864 ,351049 689652 350611 514854 707073 336906 321939 249855 279113 518405 
417736 657184 765991 957123 642618 617496 220841 710484 617754 103871 ,417736 657184 765991 957123 642618 617496 220841 710484 617754 103871 
174633 232666 5540 795032 690452 297340 560397 232782 535751 233482 ,174633 232666 5540 297340 560397 232782 480685 481355 559865 480726 
151432 748333 43898 338524 322366 627796 570260 390202 389352 43879 ,151432 748333 43898 338524 322366 627796 390202 389352 43879 617074 
905258 539523 646050 672528 72484 769732 30204 672173 350504 672175 ,905258 539523 646050 672528 769732 30204 672173 350504 672175 672235 
127302 986215 693070 718835 937831 334469 333560 624115 726850 110913 ,693070 937831 624115 526666 845675 765049 250884 896324 550607 795683 
880018 879942 880273 540575 540504 818416 123386 818035 122487 122247 ,879942 540504 123386 122487 122247 702165 542386 524335 541924 857481 
711671 860900 611535 653605 720081 618860 703541 157375 596892 754383 ,611535 653605 720081 703541 596892 754383 775733 169392 485485 263081 
972626 859144 467065 850100 962680 858972 975067 9391 964368 288014 ,972626 859144 850100 962680 975067 9391 964368 193355 272171 134154 
610452 44966 88675 196959 275775 807016 784177 678661 426058 87632 ,88675 196959 807016 678661 426058 87632 944321 631636 283925 135877 
546067 516645 42865 422932 516642 815431 79449 152521 53060 521377 ,546067 516645 42865 422932 516642 79449 53060 521377 152796 158696 
556601 652533 774162 790037 643763 41171 41037 963507 83516 962745 ,556601 774162 790037 41171 41037 83516 962745 644185 790046 775597 
189874 190178 70256 726114 725318 97896 876301 75316 73501 792266 ,189874 190178 70256 725318 876301 865199 414026 176737 761896 651109 
177993 214698 360445 836526 138371 757888 852692 486155 439114 649648 ,177993 214698 360445 836526 138371 757888 852692 486155 439114 649648 
543993 943620 348496 236103 153515 518144 955643 465952 949705 683542 ,543993 943620 348496 236103 153515 518144 955643 465952 949705 683542 
53561 106507 90269 29957 152157 130677 82543 818601 662709 519085 ,90269 29957 82543 818601 662709 519066 42713 481557 121926 107466 
432901 357833 79629 890029 683122 438387 169891 623905 625781 737214 ,432901 357833 79629 890029 683122 438387 169891 623905 625781 737214 
22843 420736 923708 22469 259423 254510 99255 210931 902654 309317 ,22843 923708 22469 259423 254510 99255 210931 309317 128465 251662 
324376 170445 323406 398467 670032 513335 326024 599762 324211 295111 ,324376 170445 323406 398467 513335 326024 599762 324211 295111 898044 
447657 814457 758176 536329 952858 758832 798065 448218 447926 448075 ,447657 758176 952858 798065 448218 448075 824785 190629 673412 190636 
853325 241525 853266 383446 781246 390992 561170 283309 140920 660866 ,241525 390992 283309 140920 748332 682621 360982 855518 432909 390553 
957503 36147 846227 538670 895036 899199 855443 36154 191405 899274 ,957503 36147 846227 538670 895036 899199 855443 36154 899274 870843 
890544 921614 922042 664128 290525 411542 709482 664903 606572 42092 ,921614 922042 664128 290525 709482 664903 606572 42092 663895 486280 
677413 840842 840526 740361 524584 951523 487468 634521 632104 521992 ,840842 840526 740361 524584 634521 632104 418037 412626 969851 112623 
700249 699860 702252 701132 63434 599341 338201 60412 92884 59795 ,700249 699860 702252 701132 63434 599341 338201 92884 59795 225736 
770896 440997 659975 481012 364899 213397 487425 944081 741980 771184 ,770896 659975 481012 364899 213397 944081 741980 771184 974585 663237 
666472 864054 477069 298858 572748 629233 572753 411037 410861 348213 ,666472 864054 477069 298858 572748 629233 411037 410861 348213 629100 
588751 242148 833817 647995 654744 373812 852527 564877 797166 994894 ,588751 242148 833817 647995 654744 373812 564877 797166 994894 917765 
584760 293981 754956 776832 282178 149323 283077 99107 182313 553887 ,584760 293981 776832 282178 149323 283077 99107 182313 553887 98973 
649642 380975 645551 645643 219632 454951 471967 735044 486728 955684 ,380975 645643 219632 454951 573073 195887 274703 673963 964438 991483 
86593 89338 448645 448436 358956 86727 31468 61342 358018 163472 ,86593 89338 448436 86727 31468 61342 163472 414977 449710 77513 
310001 608094 310554 80498 308553 570368 711375 607409 243153 341535 ,310001 310554 607409 518392 352496 90199 711109 420558 175861 94757 
513005 512635 859666 798732 98406 528109 200305 919045 194743 273559 ,513005 798732 98406 528109 200305 273559 194743 831198 651231 260640 
568875 995737 568351 758199 759496 758212 568819 567663 568714 568569 ,568875 995737 568351 758199 759496 758212 568819 567663 568714 568569 
750707 904538 93073 727051 362652 135198 777664 136582 731124 367511 ,750707 904538 93073 727051 362652 135198 136582 731124 367511 268803 
877349 142823 232526 15626 747854 168660 172474 669830 13542 542138 ,232526 168660 172474 669830 13542 542138 60204 91426 508784 987913 
932186 932162 989333 919469 910450 931676 702086 256225 694982 482545 ,932186 932162 989333 919469 910450 931676 694982 899344 702445 877736 
386439 287614 283336 284857 859646 230943 283443 570475 595696 346467 ,386439 287614 283336 284857 859646 230943 283443 570475 595696 259063 
751292 117086 116022 975093 259250 751555 930528 151135 202508 266786 ,751292 116022 975093 259250 751555 930528 151135 202508 757412 203115 
833558 389653 99307 934357 903046 58640 12628 630017 385638 992881 ,934357 58640 12628 385638 992881 682374 248409 200635 264913 210483 
761048 761767 971792 29645 405803 713203 588553 952597 756916 238233 ,761767 971792 588553 756916 238233 470745 503114 952730 830168 852040 
543844 405625 852528 831142 500851 535947 251234 878475 715326 225732 ,405625 852528 500851 251234 715326 225732 896342 510041 997846 99214 
834079 497505 314681 352652 850588 192291 515185 16627 403122 21275 ,352652 515185 403122 21275 425615 19468 174489 687594 713608 550104 
181049 216505 449418 48081 845609 210676 632691 131350 777252 648905 ,216505 449418 48081 845609 210676 777252 648905 219681 973380 67450 
554768 610055 342169 448991 609829 948618 555490 282632 237647 554975 ,554768 342169 948618 282632 554975 539237 795998 979496 823721 158331 
108557 110330 121170 715987 614526 310026 356231 817516 26217 149785 ,108557 110330 121170 715987 614526 310026 356231 817516 26217 149785 
825167 846723 846826 857502 761109 766857 822493 766357 538911 972301 ,825167 846723 846826 857502 761109 766857 822493 766357 538911 972301 
761282 760024 759702 760614 974976 914535 525830 730727 30342 179129 ,761282 760024 759702 760614 974976 525830 730727 179129 877234 173961 
73753 528134 394883 152047 549819 723027 386386 506797 513324 68822 ,73753 528134 549819 723027 386386 506797 513324 68822 276256 119079 
848683 851688 123448 7567 971206 628749 780879 479568 173276 699933 ,851688 123448 628749 479568 173276 699933 102003 617422 49008 308155 
951007 587071 661362 944070 532532 836519 899178 533217 660313 372510 ,951007 661362 944070 532532 533217 660313 372510 300518 551435 393247 
890313 889792 649457 890404 831889 446569 672843 447719 447666 446087 ,890313 889792 649457 890404 831889 447666 446087 672725 672618 653935 
487453 487486 487427 487880 502376 502306 868775 489118 499641 2494 ,487453 487427 487880 502376 502306 868775 72462 500002 627807 937956 
809232 30916 521584 428917 24901 532502 968350 97784 966956 30722 ,809232 30916 521584 428917 24901 532502 968350 97784 966956 30722 
559196 559084 163092 559118 908555 702125 519251 621112 621041 209835 ,559196 559084 163092 559118 908555 702125 519251 621112 209835 82905 
894979 924886 432324 458687 364372 685311 385532 876399 385512 452569 ,924886 432324 458687 364372 685311 876399 948777 635588 762271 735906 
956433 212859 413908 911996 43526 895383 384243 897541 760966 89326 ,956433 212859 413908 911996 43526 895383 384243 897541 760966 89326 
911640 640650 546950 640470 190819 639925 447044 885297 911747 640224 ,911640 640650 546950 640470 190819 639925 447044 640224 639941 683759 
408634 792184 792314 766062 792403 567495 971225 649557 163134 893535 ,408634 792314 766062 567495 649557 163134 789380 889675 408851 962839 
648140 651338 25556 92368 707544 655465 951751 232800 766761 960898 ,92368 707544 232800 766761 819167 699980 988902 346475 264665 63573 
306831 406768 80990 306923 283967 326647 406410 513152 882650 461269 ,306831 306923 283967 513152 308446 988740 154202 512393 551158 198700 
126880 127715 481847 409067 732739 409390 78732 742366 409009 110859 ,126880 127715 481847 732739 78732 409009 717673 527737 87358 421912 
857326 958174 813965 257975 813733 552557 570090 539922 952511 825290 ,857326 958174 257975 552557 570090 539922 952511 825290 258559 960354 
938903 627129 936761 46098 46509 938674 813305 206684 270962 125130 ,938903 936761 206684 270962 125130 685428 936735 83483 95565 407217 
57212 476399 912900 257577 221104 428859 901146 327091 874479 398605 ,57212 912900 257577 428859 901146 327091 398605 63542 165024 229930 
406334 572744 529990 20588 690569 554607 246391 259902 20410 549096 ,406334 572744 529990 20588 246391 259902 20410 549096 61332 690143 
200560 264838 635428 100160 970843 307853 768592 970093 520885 599430 ,100160 307853 768592 970093 599430 205827 389966 867929 599596 442232 
16344 3136 1322 177752 881265 107808 351980 338314 255052 46652 ,16344 3136 1322 881265 107808 351980 338314 255052 46652 527262 
525936 389361 104902 720350 485445 539306 822183 183657 182661 703065 ,389361 104902 485445 183657 182661 517136 470501 504952 314956 529292 
806341 806823 806224 806230 421079 806175 516031 314657 987558 787574 ,806823 806224 806230 421079 806175 516031 314657 987558 258059 296665 
660680 659588 413094 237828 148709 408731 2141 413296 302960 609261 ,660680 659588 148709 408731 2141 302960 609261 512210 301195 397328 
584772 199824 264102 231057 353411 633305 619640 603923 529597 760372 ,584772 199824 619640 603923 529597 760372 333437 459503 633186 32718 
524051 467753 534552 110134 108393 958578 303818 30265 887032 789116 ,524051 467753 108393 958578 303818 30265 887032 789116 831041 105946 
456746 294809 35975 510004 30966 418921 96487 96604 294533 399432 ,456746 294809 35975 510004 30966 418921 96487 96604 294533 399432 
630540 82861 147155 690648 853013 127836 358905 52098 488532 930080 ,147155 690648 358905 488532 488642 200983 265261 64610 171964 126101 
563510 566906 886956 354950 133751 417510 159117 319605 283271 673198 ,563510 886956 354950 159117 283271 248795 666483 297451 755939 753127 
434136 85308 136833 702317 435508 410289 282625 481081 465200 255346 ,435508 410289 282625 481081 465200 255346 182553 434058 416992 636490 
703918 529556 262939 181843 408532 262733 704302 529638 525151 517517 ,703918 529556 262939 408532 262733 704302 529638 525151 151455 743068 
853559 853942 824592 535850 53464 757552 642792 837420 846486 824472 ,853559 824592 642792 837420 824472 758071 837331 824717 141440 995112 
802275 422891 768517 713780 900816 777908 643515 442345 802028 40746 ,802275 422891 768517 900816 777908 643515 442345 802028 40746 756934 
766517 270347 545654 206878 271156 240955 486877 205867 270145 691803 ,766517 270347 545654 206878 271156 240955 486877 270145 691803 855291 
637587 637825 31950 141566 828504 575853 459913 352619 393726 142160 ,637587 637825 31950 141566 828504 575853 459913 352619 393726 142160 
302887 44967 961158 261045 405111 651243 760130 621054 148731 760565 ,302887 44967 961158 261045 405111 651243 760130 621054 148731 760565 
902337 311199 539631 301789 289644 718521 572303 330384 39825 438116 ,902337 311199 539631 301789 718521 572303 330384 438116 907687 478222 
112277 99436 986980 440368 600076 576205 472205 391366 472057 599720 ,112277 986980 391366 472057 472085 678474 160936 781583 497896 430743 
523720 129789 279066 151160 280711 785719 111844 17587 518325 450944 ,523720 129789 279066 151160 280711 785719 111844 17587 518325 450944 
725259 938181 958487 915261 802531 813183 607444 199154 277970 504278 ,725259 938181 958487 915261 802531 813183 607444 199154 277970 504278 
